segundo;landmark_10_x;landmark_10_y;landmark_10_z;landmark_11_x;landmark_11_y;landmark_11_z;landmark_12_x;landmark_12_y;landmark_12_z;landmark_13_x;landmark_13_y;landmark_13_z;landmark_14_x;landmark_14_y;landmark_14_z;landmark_23_x;landmark_23_y;landmark_23_z;landmark_24_x;landmark_24_y;landmark_24_z;landmark_25_x;landmark_25_y;landmark_25_z;landmark_26_x;landmark_26_y;landmark_26_z;cara_prom_x;cara_prom_y;cara_prom_z;mano_izquierda_prom_x;mano_izquierda_prom_y;mano_izquierda_prom_z;mano_derecha_prom_x;mano_derecha_prom_y;mano_derecha_prom_z;pie_izquierdo_prom_x;pie_izquierdo_prom_y;pie_izquierdo_prom_z;pie_derecho_prom_x;pie_derecho_prom_y;pie_derecho_prom_z;;Etiqueta
0.03;0.5110650658607483;0.20187537372112274;-0.15881063044071198;0.5393122434616089;0.2537608742713928;-0.06528439372777939;0.4829677939414978;0.2512185573577881;-0.06546827405691147;0.5474498271942139;0.3359944522380829;-0.03716914728283882;0.473265677690506;0.3329681158065796;-0.043854307383298874;0.528369665145874;0.411420077085495;-0.005401443224400282;0.4959667921066284;0.4119723439216614;0.005366488825529814;0.5250625610351562;0.5163151025772095;0.020071744918823242;0.4953842759132385;0.512851357460022;0.051708489656448364;0.5143916785717011;0.18342972695827484;-0.1594218224287033;0.5467932671308517;0.42557403445243835;-0.11387368105351925;0.4745287224650383;0.42351336777210236;-0.11186687462031841;0.5212340156237284;0.6276986797650655;0.1089846466978391;0.4975808958212535;0.6137861212094625;0.1752390811840693;;acercandose
0.07;0.5097938179969788;0.20068807899951935;-0.130120187997818;0.5389276742935181;0.25345760583877563;-0.03959986940026283;0.4828273057937622;0.2510503828525543;-0.040030255913734436;0.547271192073822;0.33343684673309326;-0.01565530337393284;0.47325292229652405;0.33278006315231323;-0.021605491638183594;0.5282390713691711;0.410788357257843;-0.004616983700543642;0.4959666132926941;0.4110828638076782;0.004608978517353535;0.5251694917678833;0.5171533823013306;-0.0047981468960642815;0.4954553544521332;0.5138886570930481;0.029068732634186745;0.5135322093963623;0.1825983554124832;-0.12970026433467866;0.5467725694179535;0.4236296936869621;-0.0947744119912386;0.475287564098835;0.4221204072237015;-0.09058123826980591;0.522536059220632;0.6290128231048584;0.06325677471856277;0.4980150858561198;0.6167501409848531;0.1289182553688685;;acercandose
0.1;0.5087032914161682;0.19965486228466034;-0.12772735953330994;0.5385721921920776;0.2531138062477112;-0.03717925399541855;0.48273399472236633;0.25078096985816956;-0.037243716418743134;0.5470305681228638;0.3327007591724396;-0.011572646908462048;0.47315776348114014;0.3322281837463379;-0.017799168825149536;0.5281248092651367;0.4099346995353699;-0.004125769250094891;0.49595072865486145;0.409963458776474;0.004129896871745586;0.5252379775047302;0.5174962282180786;-0.009879013523459435;0.49559855461120605;0.5146507024765015;0.023600570857524872;0.512889152765274;0.18174756616353988;-0.1275032453238964;0.5467926263809204;0.4230140894651413;-0.08955302648246288;0.4752683490514755;0.42042605578899384;-0.08740868978202343;0.5228417714436849;0.6297966440518697;0.05502220227693518;0.49818824728329975;0.6184526284535726;0.12002607434988022;;acercandose
0.13;0.5083637833595276;0.19925197958946228;-0.13385885953903198;0.5381956100463867;0.2530873715877533;-0.04098469391465187;0.4822625517845154;0.2507813572883606;-0.04418492317199707;0.5465201735496521;0.33259615302085876;-0.013658197596669197;0.4727272391319275;0.3322620689868927;-0.024630017578601837;0.5279585123062134;0.409268856048584;-0.0032066386193037033;0.4958735704421997;0.409488707780838;0.003219455014914274;0.5252658724784851;0.5175289511680603;-0.009805560111999512;0.4956566393375397;0.5150786638259888;0.02464287541806698;0.5125611960887909;0.18139991015195847;-0.13360338732600213;0.546771764755249;0.4230467230081558;-0.09012655727565289;0.47523321956396103;0.4204462394118309;-0.09265750832855701;0.5230122804641724;0.6301537156105042;0.050932214847610645;0.4983017643292745;0.6187788049379984;0.1226232498884201;;acercandose
0.17;0.5076493620872498;0.199431911110878;-0.13495688140392303;0.5377406477928162;0.2531287670135498;-0.04142066836357117;0.4814905822277069;0.25089743733406067;-0.043040040880441666;0.5460515022277832;0.3326207399368286;-0.013657181523740292;0.4722040593624115;0.33286115527153015;-0.023079058155417442;0.5276716351509094;0.4089950919151306;-0.0033729823771864176;0.49573656916618347;0.40946096181869507;0.00339684309437871;0.5252178907394409;0.5178253650665283;-0.016666259616613388;0.495656818151474;0.5162484645843506;0.02952800691127777;0.5119725406169892;0.18145787417888642;-0.1348453588783741;0.5467693358659744;0.42298460006713867;-0.0928866732865572;0.47496695071458817;0.420541450381279;-0.09349839948117733;0.5231281518936157;0.630761981010437;0.046012450475245714;0.4984963039557139;0.6187048355738322;0.1350084568063418;;acercandose
0.2;0.507067084312439;0.19954578578472137;-0.1272502988576889;0.5370012521743774;0.2531535029411316;-0.031556833535432816;0.48061421513557434;0.2509515583515167;-0.0379442498087883;0.5454981923103333;0.332584947347641;-0.004434002563357353;0.4713597893714905;0.33302637934684753;-0.020020578056573868;0.527018666267395;0.4089587330818176;-0.0030244707595556974;0.49523717164993286;0.40942591428756714;0.0030497282277792692;0.5248739719390869;0.5189794301986694;-0.016081590205430984;0.4956167936325073;0.5177692770957947;0.025126919150352478;0.5113440036773682;0.18149622827768325;-0.12675409018993378;0.5467314124107361;0.42240747809410095;-0.08697707019746304;0.47451068460941315;0.4206436946988106;-0.0909796766936779;0.5230708122253418;0.6310319503148397;0.05400138907134533;0.498503973086675;0.6186796625455221;0.13082868854204813;;acercandose
0.23;0.5060691237449646;0.19954587519168854;-0.12648332118988037;0.5360260605812073;0.2531642019748688;-0.03240443393588066;0.4797962009906769;0.25100579857826233;-0.03506017103791237;0.545055627822876;0.33251953125;-0.007071568630635738;0.4706478416919708;0.3329697549343109;-0.016088107600808144;0.5262423753738403;0.40898290276527405;-0.0032981266267597675;0.4946300685405731;0.40944230556488037;0.003332344349473715;0.5243769884109497;0.5196375250816345;-0.021694235503673553;0.49547243118286133;0.519323468208313;0.027773914858698845;0.510278394818306;0.18128754049539567;-0.12601496428251266;0.5466560870409012;0.4221075624227524;-0.09069115482270718;0.4740644246339798;0.42068014293909073;-0.08776918984949589;0.5229832927385966;0.6315467953681946;0.04878863482736051;0.4986347556114197;0.6186672250429789;0.13511250168085098;;acercandose
0.27;0.5050218105316162;0.1993507742881775;-0.1236676424741745;0.534892201423645;0.25301507115364075;-0.03270470350980759;0.47896140813827515;0.2510024607181549;-0.031409572809934616;0.5444232225418091;0.3324429392814636;-0.00869742687791586;0.46987271308898926;0.33277830481529236;-0.011644209735095501;0.5255728363990784;0.40899235010147095;-0.003967482130974531;0.4938654899597168;0.40947845578193665;0.004006699658930302;0.523872435092926;0.5202070474624634;-0.023329097777605057;0.4953802525997162;0.5202525854110718;0.027689509093761444;0.5090289354324341;0.18104812353849412;-0.12350710481405258;0.5464822798967361;0.42190398275852203;-0.09172927774488926;0.4732084721326828;0.42073845863342285;-0.0820262711495161;0.5229690074920654;0.6317795713742574;0.05023732705740258;0.4985942840576172;0.6189561088879904;0.13883118331432343;;acercandose
0.3;0.504080593585968;0.1993274986743927;-0.12222486734390259;0.5337827801704407;0.25284916162490845;-0.032516468316316605;0.47819486260414124;0.2509844899177551;-0.02819718047976494;0.5436152219772339;0.33242252469062805;-0.008849851787090302;0.46911701560020447;0.33185020089149475;-0.007602105848491192;0.5249592065811157;0.4088868796825409;-0.005346896126866341;0.49321264028549194;0.40948930382728577;0.005387194454669952;0.5232720971107483;0.5201819539070129;-0.02689754031598568;0.4952137768268585;0.5204903483390808;0.025000011548399925;0.5078865379095078;0.18101700842380525;-0.12233381867408752;0.5463835150003433;0.4214666858315468;-0.09161034598946571;0.47238465398550034;0.42076513916254044;-0.07908020541071892;0.522907574971517;0.631702204545339;0.050614314541841544;0.4986969729264577;0.6189882556597391;0.14029028018315634;;acercandose
0.33;0.5035532116889954;0.1993732750415802;-0.12031784653663635;0.5326783061027527;0.252685010433197;-0.030871616676449776;0.4768458604812622;0.251033753156662;-0.027582773938775063;0.5429026484489441;0.3323874771595001;-0.007090736646205187;0.46835532784461975;0.3318573832511902;-0.007135515566915274;0.5243876576423645;0.40887659788131714;-0.0054792738519608974;0.4925442039966583;0.4096376597881317;0.005515708588063717;0.5227522850036621;0.5203002691268921;-0.02116096019744873;0.4950278699398041;0.5213754773139954;0.020552484318614006;0.5070899665355683;0.1810354396700859;-0.12031392008066177;0.546099379658699;0.42058706283569336;-0.08958524279296398;0.4716135263442993;0.42081788927316666;-0.07759065553545952;0.5229142308235168;0.631283680597941;0.059257962430516876;0.4986690878868103;0.6195272405942281;0.12838803480068842;;acercandose
0.37;0.5027745366096497;0.19938597083091736;-0.12012728303670883;0.5317789912223816;0.2525057792663574;-0.031423620879650116;0.4757307171821594;0.2510583698749542;-0.02745656669139862;0.5422839522361755;0.3323916792869568;-0.00804687850177288;0.4676067531108856;0.33177921175956726;-0.007161841262131929;0.523734450340271;0.4088100790977478;-0.005694091320037842;0.49192875623703003;0.40965938568115234;0.005729537922888994;0.5221816301345825;0.5202503204345703;-0.021054940298199654;0.494497150182724;0.521681547164917;0.021861350163817406;0.5060556143522262;0.18102220445871353;-0.12027860209345817;0.5456023812294006;0.41962185502052307;-0.0907299779355526;0.471054844558239;0.4208364188671112;-0.07834761776030064;0.5228262543678284;0.630537728468577;0.06098494865000248;0.4986313283443451;0.6195327242215475;0.13148697714010874;;acercandose
0.4;0.5012213587760925;0.19931837916374207;-0.12265750765800476;0.5307947993278503;0.2523680329322815;-0.03271036595106125;0.4748365581035614;0.25108879804611206;-0.029569659382104874;0.5410847067832947;0.33235761523246765;-0.008979259990155697;0.4668755531311035;0.3317672908306122;-0.00856776349246502;0.5231665372848511;0.4082967936992645;-0.0056539918296039104;0.491322785615921;0.40963980555534363;0.0056892274878919125;0.5215312838554382;0.5196444392204285;-0.024652672931551933;0.49416494369506836;0.5216585397720337;0.019937971606850624;0.5046108514070511;0.18100366592407227;-0.12275883108377457;0.545304924249649;0.4185756593942642;-0.09145999513566494;0.4705022796988487;0.4207432419061661;-0.07958446815609932;0.5226485331853231;0.6298977335294088;0.06126842927187681;0.49859480063120526;0.6194278399149576;0.1345163658261299;;acercandose
0.43;0.4995875060558319;0.199310764670372;-0.12001839280128479;0.5299067497253418;0.2522273659706116;-0.029397133737802505;0.473933607339859;0.2510817050933838;-0.028196780011057854;0.5398985743522644;0.33213889598846436;-0.007582133635878563;0.46594274044036865;0.33176958560943604;-0.008291231468319893;0.5221931338310242;0.4078703224658966;-0.005422887392342091;0.49018150568008423;0.4096492528915405;0.005459972657263279;0.5209576487541199;0.5193806290626526;-0.031178126111626625;0.49350547790527344;0.521714985370636;0.016677014529705048;0.5030642300844193;0.18100315630435942;-0.12022916004061698;0.5451990514993668;0.4175216406583786;-0.09188668429851532;0.47006963938474655;0.420706570148468;-0.07914204709231853;0.5220112601915995;0.6301458875338236;0.046797970620294414;0.4985909064610799;0.6185041268666586;0.14615573982397714;;acercandose
0.47;0.49824607372283936;0.19928202033042908;-0.1319611817598343;0.5290001630783081;0.2521990239620209;-0.030091289430856705;0.4728243052959442;0.2511640191078186;-0.03748202696442604;0.5387631058692932;0.33193519711494446;-0.008233160711824894;0.46498140692710876;0.33211666345596313;-0.01627190224826336;0.520821750164032;0.4055885672569275;-0.0040972912684082985;0.488925963640213;0.4089021682739258;0.004115622490644455;0.5207381248474121;0.5190144181251526;-0.02926575392484665;0.4928319454193115;0.5221216678619385;0.0123238330706954;0.5018179953098297;0.1810010328888893;-0.13212620541453363;0.5450426489114761;0.416906975209713;-0.09458432719111443;0.4697955995798111;0.42081575095653534;-0.08846037089824677;0.5217928489049276;0.6301976839701334;0.04679259875168403;0.4985675315062205;0.6169828375180563;0.15217615912357965;;acercandose
0.5;0.49746692180633545;0.19923074543476105;-0.14432206749916077;0.5280672311782837;0.2521912157535553;-0.037928350269794464;0.4715246260166168;0.25138118863105774;-0.04863995313644409;0.5377772450447083;0.33153554797172546;-0.010789653286337852;0.46409815549850464;0.3330267667770386;-0.027293259277939796;0.5194451212882996;0.4044114947319031;-0.003063070820644498;0.4878680408000946;0.40867045521736145;0.003066177247092128;0.5203429460525513;0.5183775424957275;-0.03165574371814728;0.49215954542160034;0.5228661298751831;0.011267793364822865;0.5010594099760055;0.1809919536113739;-0.1444862611591816;0.544717475771904;0.41532599180936813;-0.09767263755202293;0.4694870486855507;0.42121898382902145;-0.09943213500082493;0.5189149777094523;0.6300370891888937;0.04426725270847479;0.49829867482185364;0.6153455972671509;0.16092119117577872;;acercandose
0.53;0.49712857604026794;0.1992318034172058;-0.14303408563137054;0.5271034836769104;0.2521282732486725;-0.032425545156002045;0.47058385610580444;0.2517293095588684;-0.05326491594314575;0.5371817946434021;0.3304878771305084;-0.0015270434087142348;0.4634069502353668;0.3342195451259613;-0.03443525731563568;0.5187675952911377;0.40411999821662903;0.0010679451515898108;0.4874110817909241;0.4086228311061859;-0.0010667219758033752;0.5198027491569519;0.5181916356086731;-0.03563404828310013;0.4920373558998108;0.5230495929718018;0.0056848847307264805;0.5005381971597671;0.18097973614931107;-0.1427208013832569;0.5445140302181244;0.4139213114976883;-0.08689881674945354;0.46938658505678177;0.4220345467329025;-0.10405846498906612;0.5157020688056946;0.6305675506591797;0.040257188491523266;0.4982674221197764;0.6105167071024576;0.18072411914666495;;acercandose
0.57;0.4965305030345917;0.19935186207294464;-0.15541154146194458;0.5265455842018127;0.2521439492702484;-0.03757968172430992;0.4697999656200409;0.25205644965171814;-0.06216021254658699;0.53556889295578;0.3304958641529083;-0.0037936256267130375;0.4628773331642151;0.3356555700302124;-0.04252719506621361;0.5182546377182007;0.40371400117874146;0.0019287331961095333;0.48709359765052795;0.4083349406719208;-0.0019507448887452483;0.5185570120811462;0.5183159112930298;-0.03298122435808182;0.4919719696044922;0.5232885479927063;-0.006689131259918213;0.4998214304447174;0.18098619133234023;-0.15547279939055442;0.5429079532623291;0.414542093873024;-0.08834296092391014;0.4692755416035652;0.42335598915815353;-0.11573703400790691;0.5135908524195353;0.6314145723978678;0.06267626769840717;0.4974132180213928;0.6112304329872131;0.1701638549566269;;acercandose
0.6;0.49632367491722107;0.19934192299842834;-0.15241029858589172;0.5265076756477356;0.25216084718704224;-0.0391789972782135;0.4690922200679779;0.2523018419742584;-0.06153013929724693;0.5345282554626465;0.3301778733730316;-0.004461854696273804;0.46249130368232727;0.33668753504753113;-0.04343649744987488;0.5175920128822327;0.4038437306880951;0.0018335765926167369;0.48642560839653015;0.4083462655544281;-0.001850556000135839;0.5170083045959473;0.5191454887390137;-0.03325361758470535;0.49156618118286133;0.5234610438346863;-0.005660379305481911;0.49933694303035736;0.180826835334301;-0.1524654358625412;0.5404948741197586;0.41446683555841446;-0.08924728073179722;0.46917836368083954;0.4256022125482559;-0.11613795533776283;0.5121008555094401;0.6336660186449686;0.061544694006443024;0.4965866804122925;0.6117585698763529;0.16538606584072113;;acercandose
0.63;0.4958837330341339;0.19887493550777435;-0.16159364581108093;0.5261023044586182;0.25216493010520935;-0.04286849871277809;0.46861475706100464;0.2524164021015167;-0.07482920587062836;0.5340487957000732;0.33006420731544495;-0.005337274167686701;0.4619922935962677;0.33703815937042236;-0.05736570060253143;0.5167286992073059;0.4037989377975464;0.004347835201770067;0.48574501276016235;0.40790876746177673;-0.004387398716062307;0.5152387619018555;0.5191532969474792;-0.03160793334245682;0.49111562967300415;0.5225409865379333;-0.016361912712454796;0.49898117780685425;0.18047524392604827;-0.16107439771294593;0.5400284677743912;0.41453561186790466;-0.08830373920500278;0.4688587710261345;0.42681019753217697;-0.12816364131867886;0.5096561710039774;0.6366683642069498;0.06526680663228035;0.4957074423631032;0.6146997213363647;0.13741283863782883;;acercandose
0.67;0.49572286009788513;0.19886569678783417;-0.17498812079429626;0.5261134505271912;0.2524004876613617;-0.04974235221743584;0.46822577714920044;0.2528125047683716;-0.0898359939455986;0.5334478616714478;0.3300722539424896;-0.009158363565802574;0.461482971906662;0.33785417675971985;-0.07164381444454193;0.5159091353416443;0.403827041387558;0.007649455219507217;0.4851609766483307;0.4075516164302826;-0.007693152874708176;0.5142847299575806;0.5190871953964233;-0.03134056180715561;0.49097126722335815;0.5218763947486877;-0.015904977917671204;0.49890004098415375;0.1804153800010681;-0.17452800944447516;0.5393290966749191;0.4137410372495651;-0.08907600678503513;0.46865084022283554;0.42807016521692276;-0.13947133719921112;0.5078181823094686;0.6381837924321493;0.06373518550147612;0.49565258622169495;0.6153363982836405;0.1419412394364675;;acercandose
0.7;0.4956754148006439;0.1990727037191391;-0.18014290928840637;0.5262026786804199;0.2528139054775238;-0.054792940616607666;0.4681273400783539;0.2531506419181824;-0.09479952603578568;0.53325355052948;0.32991331815719604;-0.015462907962501049;0.4611116945743561;0.3381030261516571;-0.0785934180021286;0.5153138041496277;0.4036225378513336;0.00731058232486248;0.48474761843681335;0.4072164297103882;-0.007345361635088921;0.5134621262550354;0.517845869064331;-0.03362562134861946;0.49095696210861206;0.5207234025001526;-0.00945251528173685;0.4989513099193573;0.18051414787769318;-0.17967966124415397;0.5392125844955444;0.41206587105989456;-0.09251913242042065;0.4682958498597145;0.4288919195532799;-0.1471664309501648;0.5065497557322184;0.6378836830457052;0.05202487840627631;0.49563007553418476;0.6138905882835388;0.16256730258464813;;acercandose
0.73;0.4958929121494293;0.20013748109340668;-0.18816827237606049;0.5263519287109375;0.2534847557544708;-0.06517414003610611;0.46810975670814514;0.2534850239753723;-0.09842381626367569;0.5334803462028503;0.3304339349269867;-0.029336679726839066;0.4609396159648895;0.33861932158470154;-0.08244520425796509;0.5148281455039978;0.4036623537540436;0.007138385903090239;0.48417678475379944;0.4070654511451721;-0.007169576361775398;0.5128228068351746;0.5169030427932739;-0.04208066314458847;0.4906480312347412;0.5194857120513916;0.0002830543671734631;0.4991562694311142;0.18136343210935593;-0.18815943598747253;0.5394592136144638;0.41247759759426117;-0.10825883969664574;0.4679265543818474;0.43013644963502884;-0.1540202870965004;0.5052163600921631;0.6376292506853739;0.023741628974676132;0.49554839730262756;0.6099011898040771;0.18090608219305673;;acercandose
0.77;0.4960399568080902;0.2010243535041809;-0.1832968294620514;0.5264614224433899;0.2542305886745453;-0.06381362676620483;0.46817272901535034;0.2539054751396179;-0.0924503281712532;0.53370201587677;0.33084553480148315;-0.030522968620061874;0.4608147442340851;0.3390483856201172;-0.0773138627409935;0.5147777199745178;0.40454530715942383;0.004024601075798273;0.48372989892959595;0.4078124761581421;-0.004034852143377066;0.5125792622566223;0.5168742537498474;-0.05735151097178459;0.4905434250831604;0.5195124745368958;0.011742944829165936;0.499298757314682;0.18227798044681548;-0.1831341229379177;0.5395951718091965;0.41270142048597336;-0.1118890568614006;0.46741437911987305;0.43041856586933136;-0.14789211750030518;0.503977914651235;0.6395108699798584;0.00215389517446359;0.49611198902130127;0.6096904079119364;0.18157672882080078;;acercandose
0.8;0.4962734282016754;0.20237059891223907;-0.1833888739347458;0.5264763832092285;0.2553252577781677;-0.06366386264562607;0.46829330921173096;0.2544884979724884;-0.09411024302244186;0.5338771939277649;0.3323325216770172;-0.03053281083703041;0.46071866154670715;0.3390999138355255;-0.07759476453065872;0.5147201418876648;0.40572208166122437;0.003826978150755167;0.483506977558136;0.408767968416214;-0.0038392802234739065;0.5123012661933899;0.5171102285385132;-0.052495263516902924;0.49013155698776245;0.5195597410202026;0.013920789584517479;0.49942847192287443;0.18362108319997789;-0.18322730660438538;0.5396476835012436;0.41294804215431213;-0.11381955072283745;0.4669050872325897;0.4307071790099144;-0.1450730450451374;0.5035193959871928;0.6410754323005676;0.011350589493910471;0.4962524076302846;0.6100349624951681;0.18192343413829803;;acercandose
0.83;0.497392863035202;0.20399655401706696;-0.17756403982639313;0.5265061855316162;0.25701820850372314;-0.060597676783800125;0.46839648485183716;0.2551855742931366;-0.08795629441738129;0.5339741110801697;0.3347609341144562;-0.027796868234872818;0.46072426438331604;0.3396492004394531;-0.0722256600856781;0.5146758556365967;0.40704265236854553;0.002425985876470804;0.48322793841362;0.4105803668498993;-0.0024095792323350906;0.5120903849601746;0.5171016454696655;-0.09712570160627365;0.48993316292762756;0.5203130841255188;0.011267248541116714;0.500146621465683;0.18533001989126205;-0.17786556854844093;0.539701372385025;0.4133168086409569;-0.11171801388263702;0.4659281224012375;0.43176236003637314;-0.14100176095962524;0.5042833487192789;0.6433408061663309;-0.04131129259864489;0.49568626284599304;0.6130085786183676;0.17699752748012543;;acercandose
0.87;0.49886101484298706;0.20521511137485504;-0.18003132939338684;0.5265734195709229;0.25846123695373535;-0.06048420071601868;0.46841245889663696;0.2554795444011688;-0.08832592517137527;0.5340458750724792;0.33680546283721924;-0.03166519105434418;0.46070027351379395;0.3401471972465515;-0.07259291410446167;0.5146493911743164;0.4089548885822296;0.00241701933555305;0.4830986559391022;0.4121846556663513;-0.0023992464412003756;0.5112082362174988;0.5196141600608826;-0.07371755689382553;0.4895605742931366;0.5221956968307495;0.01204599253833294;0.5014198452234269;0.18670326024293898;-0.17962232008576393;0.5398144423961639;0.4170319586992264;-0.12113509699702263;0.46480534970760345;0.43393274396657944;-0.14543378353118896;0.504568080107371;0.6495688756306967;-0.00045843546589215595;0.4953409632047017;0.6129395763079325;0.18873369693756104;;acercandose
0.9;0.5016245245933533;0.20658297836780548;-0.17792554199695587;0.5266106724739075;0.25927644968032837;-0.05581836402416229;0.468509316444397;0.2555575668811798;-0.08626598864793777;0.5341379642486572;0.33850058913230896;-0.02945563569664955;0.46070313453674316;0.34102746844291687;-0.07002116739749908;0.5145514607429504;0.41130444407463074;0.0023901439271867275;0.4829156696796417;0.41419517993927;-0.0023741519544273615;0.5110670924186707;0.5247249007225037;-0.06581886857748032;0.4892348647117615;0.5249515771865845;0.01296366285532713;0.5034324854612351;0.18799400329589844;-0.17717195749282838;0.5399278551340103;0.4231308847665787;-0.11625569500029087;0.46420515328645706;0.4352420046925545;-0.14193667098879814;0.5047336419423422;0.6567137638727824;-0.017069933625559013;0.4951966007550557;0.6135449012120565;0.1865650067726771;;acercandose
0.93;0.5045341849327087;0.20719033479690552;-0.18529976904392242;0.526789665222168;0.2596818804740906;-0.0672471895813942;0.46896547079086304;0.25554245710372925;-0.09871435910463333;0.534482479095459;0.3406584858894348;-0.03573957458138466;0.4607445001602173;0.3409949243068695;-0.07950634509325027;0.5145864486694336;0.4121227562427521;0.0025338581763207912;0.4829255938529968;0.41463467478752136;-0.0025191379245370626;0.511208176612854;0.5264283418655396;-0.053938522934913635;0.4892657697200775;0.5277001857757568;0.0079768355935812;0.5054956018924713;0.188948455452919;-0.18497447296977043;0.5399833917617798;0.43072304874658585;-0.11986632458865643;0.46371277421712875;0.43622396141290665;-0.1465671844780445;0.5045381983121237;0.6578320264816284;-0.005140035102764766;0.4950254758199056;0.6177064180374146;0.17498177786668143;;acercandose
0.97;0.5071133375167847;0.20709848403930664;-0.18114803731441498;0.5272368788719177;0.2600046992301941;-0.06479132175445557;0.4694143831729889;0.2551673948764801;-0.09871450811624527;0.5346905589103699;0.34168094396591187;-0.02534404583275318;0.4607628285884857;0.3405948579311371;-0.07900823652744293;0.514633059501648;0.4121704399585724;0.005195126868784428;0.48299628496170044;0.4144298732280731;-0.0051845102570950985;0.5113717913627625;0.5276334285736084;-0.03751049563288689;0.4891950786113739;0.5294985771179199;-0.001927500474266708;0.5075076907873154;0.18883032649755477;-0.18241693526506425;0.539973795413971;0.4342740550637245;-0.10817896947264671;0.4635193943977356;0.43614818155765533;-0.14426934346556664;0.5046890179316202;0.6574381192525228;0.02922868976990382;0.49388813972473145;0.6176944772402445;0.1679982990026474;;acercandose
1.0;0.5077733993530273;0.20694895088672638;-0.180691659450531;0.5276970267295837;0.2600614130496979;-0.0629231184720993;0.47004398703575134;0.25434747338294983;-0.09553384780883789;0.5348637700080872;0.3439127504825592;-0.027572890743613243;0.4610247015953064;0.33939534425735474;-0.07611121237277985;0.5146790146827698;0.41245585680007935;0.0049140965566039085;0.48298874497413635;0.4142718017101288;-0.004904966335743666;0.5113731026649475;0.5282202363014221;-0.031464532017707825;0.4885527193546295;0.5304715633392334;-0.0011115536326542497;0.5081593781709671;0.18864963203668594;-0.18063727021217346;0.5398979336023331;0.4380757063627243;-0.112810168415308;0.4632446691393852;0.4361887201666832;-0.14349164813756943;0.5048152009646097;0.6585479378700256;0.030761246879895527;0.49348123868306476;0.615945835908254;0.18024159967899323;;acercandose
1.03;0.5081364512443542;0.20645281672477722;-0.17980948090553284;0.5293573141098022;0.2599453628063202;-0.062060948461294174;0.47091907262802124;0.25290772318840027;-0.09366573393344879;0.5351713299751282;0.34463757276535034;-0.028139851987361908;0.4618389308452606;0.3375440537929535;-0.07402452826499939;0.514761209487915;0.4130440950393677;0.004638956859707832;0.48294031620025635;0.41415178775787354;-0.0046235546469688416;0.5113978385925293;0.5322020053863525;-0.027424205094575882;0.4875517785549164;0.5324320793151855;0.002239905297756195;0.5086595565080643;0.18802136778831482;-0.17974327355623246;0.5393384695053101;0.43918368220329285;-0.1149638220667839;0.46300654858350754;0.4359489306807518;-0.1432119533419609;0.5050122737884521;0.6599170366923014;0.04906870254004995;0.4932320912679036;0.6096906264623007;0.19814091424147287;;acercandose
1.07;0.5093989372253418;0.20547980070114136;-0.17907091975212097;0.53128582239151;0.2596045732498169;-0.06124325469136238;0.47153037786483765;0.2513914704322815;-0.09250018000602722;0.5356104373931885;0.3460501432418823;-0.0280409324914217;0.46240055561065674;0.3360229730606079;-0.06975027173757553;0.5149970054626465;0.4140034317970276;0.004669114015996456;0.4827653765678406;0.4140613377094269;-0.004654467571526766;0.5114474296569824;0.5347517728805542;-0.025795236229896545;0.4860645532608032;0.5346903204917908;0.0015544722555205226;0.5098359704017639;0.18647816330194472;-0.17892547324299812;0.5393579453229904;0.44115275144577026;-0.11444277316331863;0.46249907463788986;0.43518030643463135;-0.13857365772128105;0.5051213900248209;0.6598232587178549;0.061670444905757904;0.4921979010105133;0.6114035844802856;0.19035989046096802;;acercandose
1.1;0.5106374025344849;0.20473501086235046;-0.18497243523597717;0.5329024195671082;0.25945499539375305;-0.06526447832584381;0.47202959656715393;0.25067076086997986;-0.09909268468618393;0.5366124510765076;0.3478865325450897;-0.029138552024960518;0.46285754442214966;0.33553120493888855;-0.07433751225471497;0.5150930285453796;0.41594651341438293;0.00606349715963006;0.4825388789176941;0.41489923000335693;-0.006053783465176821;0.51146000623703;0.5358365774154663;-0.022564833983778954;0.4837225675582886;0.5357019305229187;0.002087200991809368;0.5109205722808838;0.1853032663464546;-0.185268085449934;0.5394733101129532;0.4421108663082123;-0.11441147327423096;0.46246811002492905;0.4351809620857239;-0.14017790369689465;0.5052172541618347;0.6593994696935018;0.07234216419359048;0.49178903301556903;0.6121236880620321;0.19425192972024283;;acercandose
1.13;0.511088490486145;0.20416685938835144;-0.17861230671405792;0.5336478352546692;0.25861939787864685;-0.06433556973934174;0.47233426570892334;0.25061339139938354;-0.09655169397592545;0.5378640294075012;0.34706544876098633;-0.026971936225891113;0.46291717886924744;0.33555662631988525;-0.07053443789482117;0.5151416659355164;0.4177241921424866;0.007135349791496992;0.4824736714363098;0.41612687706947327;-0.007131012622267008;0.511529803276062;0.5385706424713135;-0.022738488391041756;0.4827972948551178;0.5373652577400208;-0.0063621229492127895;0.5113515019416809;0.18440303355455398;-0.17885093837976457;0.5395733714103699;0.4414815604686737;-0.11401699669659138;0.4625101685523987;0.43666552752256393;-0.13212355598807335;0.5052214662233988;0.6595665812492371;0.08066495383779208;0.4910430610179901;0.6124568978945414;0.19081356128056845;;acercandose
1.17;0.511772096157074;0.20328208804130554;-0.165683314204216;0.5338842272758484;0.25792011618614197;-0.052382051944732666;0.47250834107398987;0.2504943609237671;-0.08431168645620346;0.5388046503067017;0.34650030732154846;-0.016705725342035294;0.462908536195755;0.33581194281578064;-0.057891376316547394;0.5153235197067261;0.41883304715156555;0.00681578041985631;0.48244616389274597;0.41743311285972595;-0.006810925900936127;0.5115854144096375;0.5401192903518677;-0.026492614299058914;0.48210999369621277;0.5395706295967102;-0.013400138355791569;0.5120675146579743;0.1835325092077255;-0.16546312645077704;0.5397728085517883;0.44063662737607956;-0.10663442313671112;0.46257103234529495;0.4373615235090256;-0.12430602125823498;0.5051913261413574;0.6573305527369181;0.09434396401047707;0.4903140763441722;0.6141864458719889;0.17624162634213766;;acercandose
1.2;0.5124776363372803;0.2027745246887207;-0.16749946773052216;0.5341753959655762;0.2567897439002991;-0.05276431143283844;0.4726075828075409;0.2502617835998535;-0.0844789370894432;0.5394983887672424;0.3458417057991028;-0.017893699929118156;0.46290522813796997;0.33626189827919006;-0.058711837977170944;0.5157535672187805;0.41935932636260986;0.0066817933693528175;0.48245683312416077;0.41794174909591675;-0.006671039387583733;0.5116230845451355;0.5417045950889587;-0.0265385489910841;0.4819461405277252;0.5415144562721252;-0.01168194878846407;0.5128011643886566;0.1829472526907921;-0.16710046380758287;0.5400240570306778;0.4400550499558449;-0.10876549780368805;0.46268266439437866;0.4375532492995262;-0.12603403814136982;0.5051136414210001;0.6566207607587179;0.10535091410080592;0.4891064564387004;0.6199933886528015;0.16948464016119638;;acercandose
1.23;0.5124795436859131;0.20115022361278534;-0.17607082426548004;0.5346670150756836;0.2561478614807129;-0.0598299466073513;0.4726869463920593;0.2501489818096161;-0.08849743753671646;0.5403164029121399;0.34405139088630676;-0.021427253261208534;0.4628988802433014;0.33745092153549194;-0.06077313423156738;0.5164427757263184;0.4189855456352234;0.006650583352893591;0.48256444931030273;0.4178449809551239;-0.006622006185352802;0.5116707682609558;0.5406892895698547;-0.016882838681340218;0.4823465049266815;0.5405030846595764;-0.008975724689662457;0.5128499269485474;0.18165937960147857;-0.17585965916514396;0.5407377034425735;0.4370691552758217;-0.11141365952789783;0.46344389021396637;0.4378259479999542;-0.1272411346435547;0.5049697558085123;0.654689351717631;0.12552947054306665;0.488725225130717;0.6327656110127767;0.1431445131699244;;acercandose
1.27;0.5129221677780151;0.20058384537696838;-0.17761142551898956;0.5351778864860535;0.25547000765800476;-0.05541536957025528;0.47277697920799255;0.24985520541667938;-0.09672556817531586;0.5412520170211792;0.34346988797187805;-0.012650768272578716;0.46288156509399414;0.33859071135520935;-0.06986767798662186;0.5169681906700134;0.4187542796134949;0.010061489418148994;0.48265624046325684;0.41745296120643616;-0.010081080719828606;0.5117778778076172;0.5412761569023132;-0.010971487499773502;0.48307231068611145;0.5402378439903259;-0.02029038965702057;0.5132496774196624;0.1810859814286232;-0.17713629007339476;0.5416152477264404;0.4363972991704941;-0.10293306037783623;0.4637676030397415;0.4381667971611023;-0.13181444257497787;0.5045097470283508;0.6560485363006592;0.11767318348089854;0.48782708247502643;0.6463003357251486;0.10823294272025426;;acercandose
1.3;0.5133340358734131;0.20000697672367096;-0.1847027987241745;0.5355114340782166;0.25506898760795593;-0.05530219152569771;0.4727689325809479;0.24982768297195435;-0.10517080873250961;0.5418553948402405;0.3424583971500397;-0.012989111244678497;0.4627453088760376;0.33969658613204956;-0.08001595735549927;0.5173805356025696;0.41857317090034485;0.01316288486123085;0.4828006327152252;0.4170730412006378;-0.013183005154132843;0.5121892690658569;0.5411587953567505;-0.0033354226034134626;0.4846234917640686;0.5399667024612427;-0.021667703986167908;0.513606721162796;0.18047075867652893;-0.18365161195397378;0.5422129780054092;0.4344765245914459;-0.10426477901637554;0.4637964889407158;0.4388081207871437;-0.14373043924570084;0.5044824083646139;0.6590192715326945;0.11479993412892024;0.487699160973231;0.6610134641329447;0.09027501816550891;;acercandose
1.33;0.5132103562355042;0.19981208443641663;-0.18450869619846344;0.5356375575065613;0.25473761558532715;-0.04706832766532898;0.47276875376701355;0.24978122115135193;-0.10155080258846283;0.5423838496208191;0.3408876359462738;-0.0074310763739049435;0.46242719888687134;0.34002429246902466;-0.07736886292695999;0.5175613164901733;0.41874563694000244;0.016044775024056435;0.4828782379627228;0.41697415709495544;-0.016048241406679153;0.5125911831855774;0.5416231155395508;-0.0019178194925189018;0.4860040247440338;0.5422369241714478;-0.02940317802131176;0.5135876297950744;0.18011565655469894;-0.1816391833126545;0.5428913533687592;0.4315803721547127;-0.10426194965839386;0.4636588394641876;0.43955475091934204;-0.1418884228914976;0.5043686429659525;0.6616524457931519;0.10993010923266411;0.48768935600916546;0.6687883933385214;0.07075437810271978;;acercandose
1.37;0.5130810737609863;0.19985122978687286;-0.1727808266878128;0.5357896089553833;0.2545347809791565;-0.040717169642448425;0.4727188050746918;0.2497912347316742;-0.08979888260364532;0.5426235795021057;0.3403501510620117;-0.0035044399555772543;0.46205171942710876;0.34084364771842957;-0.06486979871988297;0.5178408622741699;0.4199952781200409;0.017004942521452904;0.48290926218032837;0.4176093339920044;-0.016998767852783203;0.5131921768188477;0.5435047149658203;-0.0013778579887002707;0.48669686913490295;0.5449704527854919;-0.03276422247290611;0.5135107815265656;0.17992979735136033;-0.17148582711815835;0.5430925190448761;0.4298674240708351;-0.10106756165623665;0.4636416882276535;0.44133616238832474;-0.13095163740217686;0.5033653179804484;0.6699012120564779;0.10497235630949338;0.4877203702926636;0.6758032242457072;0.05191967419038216;;acercandose
1.4;0.512942910194397;0.19999639689922333;-0.16708961129188538;0.5358327627182007;0.25454574823379517;-0.04324665293097496;0.4725305736064911;0.2499445080757141;-0.0765589252114296;0.5425094962120056;0.34034454822540283;-0.00577187305316329;0.46140170097351074;0.34139204025268555;-0.05193231627345085;0.5179135799407959;0.4231177270412445;0.015776777639985085;0.48284581303596497;0.42109647393226624;-0.015703579410910606;0.5136524438858032;0.5457186102867126;-0.0056620375253260136;0.48762044310569763;0.5496971607208252;-0.03031007945537567;0.5133877217769622;0.17999647557735443;-0.166524750739336;0.5430791676044464;0.42968232184648514;-0.10426919907331467;0.4635133817791939;0.44393397122621536;-0.11780482530593872;0.5029358267784119;0.6763797402381897;0.05477921946051841;0.4881197412808736;0.6794469157854716;0.026475875327984493;;acercandose
1.43;0.5123111605644226;0.20010052621364594;-0.16795124113559723;0.5358653664588928;0.25462839007377625;-0.0452420674264431;0.47221770882606506;0.2505074739456177;-0.0801764503121376;0.5425745248794556;0.3414424955844879;-0.006890307646244764;0.4609213173389435;0.3426559269428253;-0.05594619736075401;0.5180909037590027;0.42624160647392273;0.015426813624799252;0.4828167259693146;0.42511698603630066;-0.015383502468466759;0.5142674446105957;0.5464735627174377;0.003839070675894618;0.4884450435638428;0.5527108311653137;-0.028698470443487167;0.5126100301742553;0.18005510568618774;-0.16846097335219384;0.5430518984794617;0.43118568509817123;-0.1050296351313591;0.4632437825202942;0.4475852996110916;-0.12217445485293865;0.5025888482729594;0.6752879619598389;0.08352472260594368;0.48833512266476947;0.6787728468577067;0.04989816093196472;;acercandose
1.47;0.5106645822525024;0.20013172924518585;-0.16749459505081177;0.5357993245124817;0.25529590249061584;-0.04297338053584099;0.47178226709365845;0.2518273591995239;-0.07951273769140244;0.5425881147384644;0.3423090875148773;-0.008475406095385551;0.460320383310318;0.3453999161720276;-0.056902676820755005;0.5181326866149902;0.4286797344684601;0.01631147228181362;0.4828210771083832;0.42831480503082275;-0.016286002472043037;0.5145313739776611;0.5477083325386047;0.011567182838916779;0.48947614431381226;0.5542560815811157;-0.026945291087031364;0.5112736225128174;0.18008553981781006;-0.16728388741612435;0.5430259555578232;0.43290356546640396;-0.10451865009963512;0.46275442093610764;0.4506309777498245;-0.12298409268260002;0.5021560192108154;0.676615039507548;0.09202865635355313;0.48833537101745605;0.6812016367912292;0.050500951086481415;;acercandose
1.5;0.5077671408653259;0.20012110471725464;-0.16855034232139587;0.5357709527015686;0.25763750076293945;-0.04421892762184143;0.47078466415405273;0.25481507182121277;-0.08059290051460266;0.542576253414154;0.3462996482849121;-0.009570717811584473;0.45964086055755615;0.3509201109409332;-0.05742102116346359;0.5183762311935425;0.431744247674942;0.01669926568865776;0.4830286502838135;0.43155062198638916;-0.016687296330928802;0.5150041580200195;0.551266610622406;0.008532442152500153;0.49102190136909485;0.5581172704696655;-0.029320470988750458;0.5093331694602966;0.18005772978067397;-0.16797432228922843;0.5429740697145462;0.4393307864665985;-0.1046966128051281;0.46096114069223404;0.45375142246484756;-0.12391113862395287;0.5015733341375986;0.682808518409729;0.09282788137594859;0.4893396596113841;0.6862737735112509;0.04889650270342827;;acercandose
1.53;0.5035861730575562;0.19955889880657196;-0.19101783633232117;0.5353806614875793;0.2600911855697632;-0.06649234145879745;0.46953731775283813;0.25810033082962036;-0.0900738537311554;0.5427422523498535;0.34983745217323303;-0.03062654286623001;0.45889127254486084;0.35645735263824463;-0.06641978025436401;0.5188953280448914;0.43390312790870667;0.015554986894130707;0.483252614736557;0.4335775077342987;-0.015575992874801159;0.5151193737983704;0.553661584854126;0.006975438445806503;0.4916094243526459;0.5597562193870544;-0.02864127606153488;0.5064893752336502;0.1795659750699997;-0.18978255465626717;0.5429649651050568;0.447232186794281;-0.11962821520864964;0.4599103406071663;0.45790183544158936;-0.1430042590945959;0.5015955368677775;0.6875843207041422;0.09263313561677933;0.4909341633319855;0.6905518174171448;0.06030513082320491;;acercandose
1.57;0.5023908615112305;0.1995707005262375;-0.189554363489151;0.5343140959739685;0.2616576850414276;-0.06323004513978958;0.46783411502838135;0.2598389983177185;-0.09252315014600754;0.5427246689796448;0.3525598645210266;-0.026372918859124184;0.45804911851882935;0.358627051115036;-0.0691424012184143;0.5189616680145264;0.43622711300849915;0.015291823074221611;0.4832687973976135;0.43594837188720703;-0.015306181274354458;0.5151669383049011;0.5580321550369263;0.0033589915838092566;0.4916583299636841;0.5638636946678162;-0.028219949454069138;0.5052007645368576;0.17958577275276183;-0.18805166259407996;0.5429628044366837;0.4504294618964195;-0.11677055433392525;0.45928187668323517;0.46018432080745697;-0.14605940505862236;0.5017522275447845;0.6916687885920206;0.09999824439485867;0.49354780713717145;0.6933214068412781;0.06478971941396594;;acercandose
1.6;0.4998667240142822;0.19953490793704987;-0.19099199771881104;0.5337997078895569;0.2635340690612793;-0.06497987359762192;0.4662611484527588;0.2605118155479431;-0.09180227667093277;0.5426485538482666;0.35652005672454834;-0.027013802900910378;0.45704248547554016;0.3584817051887512;-0.0671452134847641;0.5189459323883057;0.4400714337825775;0.011843998916447163;0.48320475220680237;0.4393322169780731;-0.011882462538778782;0.5151380300521851;0.5678566098213196;-0.0048114159144461155;0.4915139973163605;0.5711620450019836;-0.027809252962470055;0.5033838123083114;0.17936068028211594;-0.18970779925584794;0.542932853102684;0.45638109743595123;-0.1190599724650383;0.45809852331876755;0.460987389087677;-0.14313874207437038;0.5013956328233083;0.7015591263771057;0.10813099394241969;0.494443545738856;0.6975271304448446;0.09147809445858002;;acercandose
1.63;0.4988992512226105;0.1996331363916397;-0.19193331897258759;0.5329763889312744;0.26359012722969055;-0.06219996139407158;0.4644835591316223;0.26102814078330994;-0.09062701463699341;0.5416603684425354;0.3576720058917999;-0.026656821370124817;0.4561680257320404;0.3589043915271759;-0.06403544545173645;0.5189156532287598;0.4416245222091675;0.011842804960906506;0.4830440282821655;0.4411284029483795;-0.011878905817866325;0.5152458548545837;0.570812463760376;-0.00525455130264163;0.4913499653339386;0.5742405652999878;-0.03049536421895027;0.5025680720806122;0.17931886315345763;-0.1911976769566536;0.5430727899074554;0.4612805023789406;-0.11750601977109909;0.45717524737119675;0.4634663090109825;-0.1420352254062891;0.5008197029431661;0.7057837645212809;0.10823271796107292;0.4953413208325704;0.7017710010210673;0.07873765627543132;;acercandose
1.67;0.4981793463230133;0.19915252923965454;-0.20369139313697815;0.5321273803710938;0.2633107006549835;-0.07220827043056488;0.463483989238739;0.26060476899147034;-0.09315097332000732;0.5407170057296753;0.3574763834476471;-0.03150669112801552;0.455798864364624;0.35803523659706116;-0.06725072115659714;0.5186998248100281;0.4397330582141876;0.008783181197941303;0.4823065400123596;0.43947920203208923;-0.008808479644358158;0.5160388946533203;0.5668720602989197;-0.09674887359142303;0.49116259813308716;0.5716926455497742;-0.03283659368753433;0.5020986020565033;0.1783600702881813;-0.20395718663930892;0.5431579202413559;0.4618278071284294;-0.12087338604032993;0.45653724670410156;0.46424923837184906;-0.1432690992951393;0.50053271651268;0.7043543855349222;-0.0059495723495880766;0.4960837463537852;0.6989036202430725;0.07889404023687045;;acercandose
1.7;0.4977783262729645;0.19762389361858368;-0.2100566178560257;0.5311863422393799;0.2618168592453003;-0.07835402339696884;0.46203115582466125;0.26012593507766724;-0.09678749740123749;0.5400208234786987;0.3578415811061859;-0.036631014198064804;0.45503461360931396;0.35795214772224426;-0.06822600215673447;0.5186157822608948;0.43888288736343384;0.006368550471961498;0.481546550989151;0.43977463245391846;-0.006396400276571512;0.5170812606811523;0.5658504366874695;-0.06407129764556885;0.48977071046829224;0.5735073685646057;-0.0323636420071125;0.501688101887703;0.17618563324213027;-0.21039115339517594;0.5432634651660919;0.46195468306541443;-0.13014664314687252;0.4560408964753151;0.46474386006593704;-0.14699067175388336;0.5004930595556895;0.7012359301249186;0.045740111730992794;0.4963592092196147;0.6997239589691162;0.11318077892065048;;acercandose
1.73;0.4970078766345978;0.1945275366306305;-0.20685438811779022;0.5306858420372009;0.25926023721694946;-0.07245060056447983;0.46071144938468933;0.2585582435131073;-0.0957835242152214;0.5395030379295349;0.35708630084991455;-0.03625135496258736;0.4540879726409912;0.357675701379776;-0.06811140477657318;0.5184004306793213;0.4386337697505951;0.0069311028346419334;0.48049163818359375;0.4406663477420807;-0.006951161194592714;0.5172394514083862;0.5711297392845154;-0.04366324096918106;0.4882853925228119;0.5756451487541199;-0.038102418184280396;0.5007443964481354;0.17264609783887863;-0.20691266804933547;0.5433389842510223;0.46066785603761673;-0.12714378722012043;0.45562469959259033;0.4653189107775688;-0.15218929573893547;0.5004590551058451;0.7001245617866516;0.14246945828199387;0.49619237581888836;0.7032371163368225;0.11775726949175198;;acercandose
1.77;0.4956272542476654;0.19257456064224243;-0.20389440655708313;0.5301099419593811;0.2570677399635315;-0.07118304073810577;0.4597797691822052;0.25682297348976135;-0.09436021745204926;0.5390830039978027;0.3567810356616974;-0.028684495016932487;0.45357146859169006;0.35742881894111633;-0.06624409556388855;0.5183370113372803;0.4382352828979492;0.007072325795888901;0.48007580637931824;0.4408333897590637;-0.007094597909599543;0.5172528028488159;0.5734034776687622;-0.03758145868778229;0.48613983392715454;0.5763962864875793;-0.03866636008024216;0.4995260685682297;0.17044632285833358;-0.20402561724185944;0.5434057414531708;0.45922473073005676;-0.12545407935976982;0.4552558958530426;0.4657997786998749;-0.15181215852499008;0.5011925796667734;0.6974469025929769;0.14827229579289755;0.49669787287712097;0.7027158737182617;0.12241999059915543;;acercandose
1.8;0.49486786127090454;0.18958917260169983;-0.21218973398208618;0.5296893119812012;0.2551805078983307;-0.07644792646169662;0.4590548276901245;0.25552427768707275;-0.09479739516973495;0.5388402342796326;0.3563307523727417;-0.030426206067204475;0.4528181254863739;0.35737448930740356;-0.06666846573352814;0.5183314681053162;0.4379463195800781;0.004695151466876268;0.4799138903617859;0.44084033370018005;-0.004726114217191935;0.5171983242034912;0.5732395052909851;-0.047293875366449356;0.48439332842826843;0.5766105055809021;-0.026628028601408005;0.4987038761377335;0.1680842474102974;-0.21261878311634064;0.5435284078121185;0.4586637020111084;-0.12613927759230137;0.45502783358097076;0.4661056324839592;-0.1532238833606243;0.504244327545166;0.6790390213330587;0.17914049327373505;0.4969242811203003;0.703485389550527;0.1361838827530543;;acercandose
1.83;0.4945923388004303;0.18815875053405762;-0.20714785158634186;0.5293104648590088;0.25308671593666077;-0.06888225674629211;0.4584525227546692;0.25435689091682434;-0.09519290924072266;0.5386378169059753;0.35337743163108826;-0.01619083434343338;0.45210808515548706;0.357237845659256;-0.06842664629220963;0.5183728933334351;0.43780526518821716;0.00523618096485734;0.4799555242061615;0.4413343369960785;-0.005258385092020035;0.5171886086463928;0.5748457312583923;-0.04125424474477768;0.48372238874435425;0.5782829523086548;-0.026847025379538536;0.49830812513828276;0.16670290976762772;-0.2074558451771736;0.5438532382249832;0.45533816516399384;-0.11371061950922012;0.4547223672270775;0.4671570956707001;-0.15379248932003975;0.50616055727005;0.680461565653483;0.19110999504725137;0.4968550105889638;0.7034217715263367;0.16202240188916525;;acercandose
1.87;0.49421384930610657;0.18626998364925385;-0.21534287929534912;0.5289517045021057;0.25175338983535767;-0.06855455785989761;0.4580337703227997;0.25350937247276306;-0.10405731201171875;0.5384312272071838;0.35077401995658875;-0.017247453331947327;0.45142310857772827;0.35717692971229553;-0.0805111899971962;0.5183295607566833;0.4363706707954407;0.006833537016063929;0.47990307211875916;0.44098860025405884;-0.006878736894577742;0.5171452164649963;0.5734221339225769;-0.01981343887746334;0.48381978273391724;0.5775735378265381;-0.015455586835741997;0.497748202085495;0.1647435888648033;-0.21507326811552047;0.5440932810306549;0.452504463493824;-0.11501245014369488;0.4543609395623207;0.4671742394566536;-0.16809877753257751;0.5086291829744974;0.6819116274515787;0.1859649419784546;0.4969901243845622;0.7039663592974345;0.1536182388663292;;acercandose
1.9;0.4935561418533325;0.18534468114376068;-0.22731301188468933;0.5288982391357422;0.2509668469429016;-0.08564361184835434;0.45764437317848206;0.2533372640609741;-0.1072453036904335;0.5383842587471008;0.35000333189964294;-0.03642717003822327;0.45117637515068054;0.3570728302001953;-0.08160368353128433;0.5182273983955383;0.4356083869934082;0.0025737485848367214;0.4795496165752411;0.4407431185245514;-0.002638452686369419;0.5166911482810974;0.572875440120697;-0.01780194230377674;0.48360565304756165;0.5781036615371704;0.0008818390779197216;0.4973415195941925;0.16381662338972092;-0.22789420336484909;0.5442973226308823;0.4515918120741844;-0.13236811012029648;0.45422615110874176;0.46751902997493744;-0.17293301224708557;0.510977546374003;0.6877838571866354;0.17527086536089578;0.49719129999478656;0.7046536207199097;0.17509212344884872;;acercandose
1.93;0.4929939806461334;0.18446892499923706;-0.22687390446662903;0.5289619565010071;0.25100013613700867;-0.08491997420787811;0.4576227068901062;0.25298401713371277;-0.10924903303384781;0.5384084582328796;0.3498106300830841;-0.03631044924259186;0.45076021552085876;0.3570556640625;-0.08225047588348389;0.5178462862968445;0.4355688691139221;0.002727497834712267;0.4787445366382599;0.4407363533973694;-0.002812557155266404;0.5153682231903076;0.5763493776321411;-0.008909372612833977;0.48350346088409424;0.5799872279167175;-0.0027779615484178066;0.49701242446899413;0.16278708428144456;-0.2271237015724182;0.5444803386926651;0.45104092359542847;-0.1328999474644661;0.4541305974125862;0.467387430369854;-0.17186029627919197;0.513597826162974;0.7048057317733765;0.16599403818448386;0.4980380634466807;0.7027187744776408;0.18185572822888693;;acercandose
1.97;0.492532879114151;0.18394380807876587;-0.22043940424919128;0.5290178060531616;0.2509531080722809;-0.08094269037246704;0.4575979709625244;0.25279444456100464;-0.10359618067741394;0.5385202765464783;0.34977588057518005;-0.03469836339354515;0.4504877030849457;0.3569866716861725;-0.07527877390384674;0.5173364281654358;0.4362201392650604;0.001983251888304949;0.4778886139392853;0.44077110290527344;-0.00209029670804739;0.5142113566398621;0.58290034532547;-0.013408239930868149;0.48292413353919983;0.5818008184432983;-0.00819922611117363;0.49674275517463684;0.16234734803438186;-0.22085634768009185;0.5445252358913422;0.4510394334793091;-0.13336195051670074;0.4539676830172539;0.46754657477140427;-0.1686771884560585;0.5143431027730306;0.7221077084541321;0.12570835401614508;0.4977857867876689;0.7043304840723673;0.1627103090286255;;acercandose
2.0;0.49265074729919434;0.1844094693660736;-0.22011308372020721;0.5290353894233704;0.2509972155094147;-0.07972646504640579;0.4571957588195801;0.2528170049190521;-0.10344619303941727;0.5385727286338806;0.3501227796077728;-0.034959495067596436;0.45021069049835205;0.35768163204193115;-0.07560238987207413;0.5168764591217041;0.4385024905204773;0.0021289000287652016;0.47727370262145996;0.443057119846344;-0.002230864018201828;0.5131818056106567;0.5872962474822998;-0.015689944848418236;0.482676237821579;0.5848439931869507;-0.007683688774704933;0.4968694359064102;0.16254494339227676;-0.22028415650129318;0.5445275455713272;0.4513034075498581;-0.13894387893378735;0.45376666635274887;0.4681515246629715;-0.16804903745651245;0.5135080814361572;0.7344501614570618;0.11440998936692874;0.4977621833483378;0.7067509492238363;0.18741740783055624;;acercandose
2.03;0.4929080605506897;0.18561924993991852;-0.21955296397209167;0.5291768312454224;0.2518240213394165;-0.07975037395954132;0.4572486877441406;0.25292903184890747;-0.10288926959037781;0.5387978553771973;0.3520151674747467;-0.038249269127845764;0.4498606324195862;0.3583426773548126;-0.07367638498544693;0.5163572430610657;0.44194063544273376;0.0011676063295453787;0.47664618492126465;0.44576624035835266;-0.0012484882026910782;0.5119080543518066;0.5909044742584229;-0.02138330787420273;0.482387512922287;0.5878919363021851;0.004676244221627712;0.4970440179109573;0.16293831020593644;-0.2200193449854851;0.5446601361036301;0.4569905921816826;-0.14577761106193066;0.4529481828212738;0.4686693251132965;-0.16594291850924492;0.5128302971522013;0.7468674381573995;0.06890288111753762;0.49759767452875775;0.7085582812627157;0.20482951402664185;;acercandose
2.07;0.4928854703903198;0.18643680214881897;-0.19113242626190186;0.5292216539382935;0.25302445888519287;-0.06209627166390419;0.4573042094707489;0.2532201409339905;-0.07465170323848724;0.5389748811721802;0.35363706946372986;-0.034474391490221024;0.4493962526321411;0.3596401810646057;-0.04931003972887993;0.5157021284103394;0.44603949785232544;-0.0006735977367497981;0.4758574366569519;0.44947993755340576;0.0006373067735694349;0.5107287168502808;0.593551754951477;-0.034287162125110626;0.48208102583885193;0.5909408926963806;0.010058068670332432;0.49706940948963163;0.16324039697647094;-0.19061562046408653;0.5446876883506775;0.4609358385205269;-0.1422804370522499;0.4524371922016144;0.4702587276697159;-0.14155559055507183;0.5102521777153015;0.7489973902702332;0.0457791251440843;0.49775110681851703;0.7102592388788859;0.20945470531781515;;acercandose
2.1;0.49290913343429565;0.18768011033535004;-0.19763801991939545;0.5294367074966431;0.2547000050544739;-0.06327737867832184;0.45725011825561523;0.2542981803417206;-0.08059907704591751;0.5392017364501953;0.35577595233917236;-0.03931540995836258;0.44917160272598267;0.363817036151886;-0.055082324892282486;0.5156023502349854;0.45036232471466064;-0.001642013667151332;0.47567662596702576;0.45317551493644714;0.0016204064013436437;0.5109491348266602;0.5935570001602173;-0.02928689680993557;0.48202499747276306;0.5923789143562317;0.01717955991625786;0.4971691697835922;0.16370835155248642;-0.19728143736720086;0.5446520298719406;0.46595586091279984;-0.14863888919353485;0.451943539083004;0.47401250898838043;-0.14636803418397903;0.5072470307350159;0.7467169165611267;0.07181042246520519;0.49850759903589886;0.7148686448733012;0.1883205125729243;;acercandose
2.13;0.4929477870464325;0.1904304176568985;-0.20367367565631866;0.5298574566841125;0.257624089717865;-0.08198127895593643;0.4572839140892029;0.255959689617157;-0.08339634537696838;0.5397136211395264;0.3605915307998657;-0.06238965690135956;0.44880005717277527;0.36727020144462585;-0.0576857291162014;0.5150550007820129;0.45475274324417114;-0.006538847927004099;0.47506383061408997;0.4574184715747833;0.006547158118337393;0.5107249617576599;0.5933569073677063;-0.0692230761051178;0.4820418357849121;0.5942162275314331;0.018510783091187477;0.4973303496837616;0.1657371699810028;-0.20396174490451813;0.5447272956371307;0.4724666550755501;-0.17436138913035393;0.45138225704431534;0.47776345908641815;-0.15435955300927162;0.5051836967468262;0.7515213290850321;-0.014191962157686552;0.4990624686082204;0.7273592948913574;0.1376576448480288;;acercandose
2.17;0.4929601848125458;0.19232553243637085;-0.21715673804283142;0.530383288860321;0.26082924008369446;-0.08421287685632706;0.4573216438293457;0.25817641615867615;-0.09205559641122818;0.5400943756103516;0.3667570948600769;-0.0536196231842041;0.4485282301902771;0.3706316351890564;-0.06274162232875824;0.5148625373840332;0.45976516604423523;-0.005152097437530756;0.47468018531799316;0.46245086193084717;0.005152380559593439;0.5099899768829346;0.601722776889801;-0.03465484082698822;0.481954425573349;0.6016176342964172;0.015057754702866077;0.49769663214683535;0.1676790252327919;-0.21654656380414963;0.5448066592216492;0.48278186470270157;-0.16190488636493683;0.45076386630535126;0.4824678376317024;-0.1598871797323227;0.5041578809420267;0.7660995324452718;0.048798137033979096;0.49957703550656635;0.7432761987050375;0.13946274916330972;;acercandose
2.2;0.49317848682403564;0.1944764405488968;-0.21841572225093842;0.5314906239509583;0.2648381292819977;-0.08249788731336594;0.4573517441749573;0.260947048664093;-0.09211455285549164;0.5405111312866211;0.37289857864379883;-0.05008227005600929;0.44838735461235046;0.3733687698841095;-0.06268236041069031;0.5148914456367493;0.46691402792930603;-0.004526904318481684;0.47464245557785034;0.46912556886672974;0.0045329672284424305;0.5086906552314758;0.6116542220115662;-0.018645688891410828;0.48211994767189026;0.6131038665771484;0.008946365676820278;0.4982889950275421;0.16976164430379867;-0.21762571036815642;0.5449025481939316;0.4904196858406067;-0.15619833022356033;0.4503481760621071;0.4865835979580879;-0.16013769060373306;0.5021806955337524;0.7730137904485067;0.0897240365544955;0.5006976326306661;0.7565030654271444;0.14519593864679337;;acercandose
2.23;0.4935782551765442;0.19513550400733948;-0.22050602734088898;0.5327187776565552;0.2659948468208313;-0.07938271015882492;0.4578389823436737;0.2615346312522888;-0.09513971209526062;0.5411956310272217;0.37284690141677856;-0.049892354756593704;0.4481508135795593;0.37321045994758606;-0.06852821260690689;0.5149100422859192;0.46738573908805847;-0.0009074582485482097;0.47447189688682556;0.4699130356311798;0.000884999695699662;0.5087460279464722;0.6159578561782837;-0.020992331206798553;0.48214268684387207;0.6200665831565857;-0.0008389995200559497;0.4990832507610321;0.1704557865858078;-0.21997155696153642;0.5449442863464355;0.48934847861528397;-0.15793254598975182;0.44995272159576416;0.4898000508546829;-0.1712261326611042;0.5012635191281637;0.7766950130462646;0.09446454793214798;0.5014370779196421;0.7521655559539795;0.1704993098974228;;acercandose
2.27;0.4947357773780823;0.1952309012413025;-0.23041777312755585;0.5347791910171509;0.26768413186073303;-0.08202174305915833;0.45838117599487305;0.26208415627479553;-0.10669180750846863;0.541742205619812;0.37571150064468384;-0.04742884635925293;0.4482131898403168;0.37418845295906067;-0.0775102972984314;0.5149361491203308;0.4687991440296173;0.002005572197958827;0.47442924976348877;0.4707523584365845;-0.002067438093945384;0.5087001919746399;0.6203272342681885;-0.016222316771745682;0.482334703207016;0.6237955093383789;-0.003494979115203023;0.5002423167228699;0.17055049538612366;-0.23047891706228257;0.5450296700000763;0.4905296489596367;-0.16079753637313843;0.4487220495939255;0.49284688383340836;-0.17756175994873047;0.5010674099127451;0.7805737853050232;0.10459377989172935;0.5018391410509745;0.7519305547078451;0.185629536708196;;acercandose
2.3;0.49580875039100647;0.19513337314128876;-0.23967108130455017;0.5368308424949646;0.2676318287849426;-0.09755780547857285;0.4592888057231903;0.26183998584747314;-0.1112133115530014;0.5427260994911194;0.3779987096786499;-0.06430394947528839;0.44824185967445374;0.3737189471721649;-0.0809151902794838;0.5150899291038513;0.46936559677124023;0.001174770761281252;0.4743350148200989;0.47036212682724;-0.001259146723896265;0.5087137222290039;0.6249219179153442;-0.014596019871532917;0.48183301091194153;0.6253785490989685;0.0027902021538466215;0.5014268010854721;0.17045342475175856;-0.24080347567796706;0.5453091561794281;0.4940640702843666;-0.1811818927526474;0.4479534700512886;0.49469784647226334;-0.18281736224889755;0.5008951723575592;0.7837058107058207;0.10126354917883873;0.5014257431030273;0.7476796309153239;0.2218053787946701;;acercandose
2.33;0.49696075916290283;0.19504284858703613;-0.24181459844112396;0.5387468338012695;0.26740115880966187;-0.10123096406459808;0.4604590833187103;0.26009491086006165;-0.11111357808113098;0.5431092381477356;0.3815120756626129;-0.06826653331518173;0.448266863822937;0.3733803331851959;-0.08109725266695023;0.5153034329414368;0.4703230857849121;0.0004578611988108605;0.47415053844451904;0.47046491503715515;-0.0005442561814561486;0.5091907382011414;0.6267834305763245;-0.01665092445909977;0.48085886240005493;0.6270449757575989;0.006237709429115057;0.5026309788227081;0.1701315626502037;-0.24416764229536056;0.5452795028686523;0.4985235631465912;-0.18447447195649147;0.44754114001989365;0.4943947419524193;-0.18378246575593948;0.5006485978762308;0.7872427503267924;0.09887295961380005;0.5006762742996216;0.7458645900090536;0.23224136730035147;;acercandose
2.37;0.49773111939430237;0.1945839524269104;-0.23756521940231323;0.5406456589698792;0.2674417495727539;-0.10205373913049698;0.46125972270965576;0.25857090950012207;-0.10876929014921188;0.5435883402824402;0.3850334584712982;-0.06853195279836655;0.4483068287372589;0.37267419695854187;-0.07596945017576218;0.5157232880592346;0.4722728133201599;0.0006714019691571593;0.47386640310287476;0.4710495173931122;-0.0007594392518512905;0.5095141530036926;0.6287303566932678;-0.013381103985011578;0.47933366894721985;0.6291152238845825;0.002170104067772627;0.5036318719387054;0.16926515549421312;-0.23965598344802858;0.5453269630670547;0.5040348023176193;-0.186219971626997;0.4471859559416771;0.49369773268699646;-0.17700830101966858;0.5004593729972839;0.7889270385106405;0.11285504698753357;0.4947664837042491;0.7302739222844442;0.2512338658173879;;acercandose
2.4;0.4981969892978668;0.1944100707769394;-0.23513947427272797;0.5418388843536377;0.26731210947036743;-0.09768660366535187;0.4619341492652893;0.25703200697898865;-0.10472744703292847;0.5443281531333923;0.38610246777534485;-0.06359752267599106;0.448343962430954;0.3709200322628021;-0.06477784365415573;0.51608806848526;0.4737469553947449;0.0011793546145781875;0.47345981001853943;0.4714369773864746;-0.0012678020866587758;0.5096262693405151;0.6317650675773621;-0.014031535014510155;0.4777691662311554;0.6312134265899658;-0.008012673817574978;0.5042714834213257;0.1684110090136528;-0.2358800619840622;0.545474573969841;0.5073610171675682;-0.18120088055729866;0.44692137837409973;0.4932309091091156;-0.16330892592668533;0.5002704958120981;0.7899836301803589;0.11280425389607747;0.49253400166829425;0.7290650804837545;0.24148538211981455;;acercandose
2.43;0.498786062002182;0.1937827467918396;-0.2423541396856308;0.5426729321479797;0.26737329363822937;-0.10570620000362396;0.46214941143989563;0.2563396692276001;-0.10937966406345367;0.5449923276901245;0.3854888081550598;-0.06936126947402954;0.4480644166469574;0.3698163330554962;-0.06655421108007431;0.5167396068572998;0.47417396306991577;0.0016959805507212877;0.4734516143798828;0.47104471921920776;-0.0017840766813606024;0.5106313824653625;0.633240282535553;-0.014623867347836494;0.47623854875564575;0.6308790445327759;-0.010675393044948578;0.5048154115676879;0.1673433855175972;-0.24512296319007873;0.5455559492111206;0.5069999918341637;-0.18796909600496292;0.4464753270149231;0.49311255663633347;-0.16507889702916145;0.4998043974240621;0.7918614347775778;0.11503252138694127;0.4911949435869853;0.7287906408309937;0.24045058091481528;;acercandose
2.47;0.4995311200618744;0.1931287795305252;-0.24342535436153412;0.5428423881530762;0.2671298384666443;-0.10482682287693024;0.46210241317749023;0.25584039092063904;-0.11242707073688507;0.5462633371353149;0.3840036988258362;-0.06741442531347275;0.44762974977493286;0.3692919611930847;-0.07318021357059479;0.5178083181381226;0.4743134379386902;0.0023160576820373535;0.4734748899936676;0.47123289108276367;-0.002395589603111148;0.5118268728256226;0.632660448551178;-0.018404489383101463;0.4752967357635498;0.6303991079330444;-0.01241296622902155;0.5053761243820191;0.16630983203649521;-0.24611818194389343;0.5458801090717316;0.5043227002024651;-0.18837300688028336;0.4463667646050453;0.4933488294482231;-0.1722419112920761;0.4998592833677928;0.7911788026491801;0.12016715730230014;0.48756319284439087;0.7191830476125082;0.25324813028176624;;acercandose
2.5;0.5003250241279602;0.1924431025981903;-0.2469455450773239;0.5429728627204895;0.2658390402793884;-0.1028657853603363;0.4620518982410431;0.25524985790252686;-0.11365696787834167;0.5474100708961487;0.38351231813430786;-0.06531582027673721;0.44714462757110596;0.3690726161003113;-0.07668793201446533;0.5189861059188843;0.4746074378490448;0.0029373245779424906;0.4735851287841797;0.47110217809677124;-0.003012587781995535;0.5123551487922668;0.6344903111457825;-0.022537289187312126;0.4744381010532379;0.6308594942092896;-0.01411602646112442;0.5059177160263062;0.16529425233602524;-0.2498114138841629;0.5465249419212341;0.5025889873504639;-0.19193647056818008;0.44631461054086685;0.49379970133304596;-0.17863206565380096;0.4991888602574666;0.7902061343193054;0.13650296131769815;0.4836810727914174;0.7208765943845113;0.25440317392349243;;acercandose
2.53;0.5004292130470276;0.19199198484420776;-0.2582967281341553;0.5432676076889038;0.2649727165699005;-0.10590872913599014;0.46202921867370605;0.25488173961639404;-0.11985243856906891;0.548516035079956;0.3831008970737457;-0.06578540056943893;0.44673362374305725;0.36900594830513;-0.08598948270082474;0.5196975469589233;0.4754147231578827;0.0030289585702121258;0.4737876355648041;0.4712168276309967;-0.0031092397402971983;0.5124726891517639;0.6364166140556335;-0.014749972149729729;0.47420868277549744;0.6317365765571594;-0.010967882350087166;0.5060245066881179;0.16466540843248367;-0.26124616265296935;0.547375962138176;0.5017980188131332;-0.1960318498313427;0.4462464600801468;0.49498677998781204;-0.19183310121297836;0.49877140919367474;0.787369946638743;0.18933029969533285;0.48207658529281616;0.7317751049995422;0.2549346884091695;;acercandose
2.57;0.5004205703735352;0.19194619357585907;-0.25461500883102417;0.5433177947998047;0.2643457353115082;-0.09674076735973358;0.4619583487510681;0.25487738847732544;-0.10542237758636475;0.5492861270904541;0.38041388988494873;-0.04919053986668587;0.446469783782959;0.3692406117916107;-0.06794053316116333;0.5200740694999695;0.47562453150749207;0.0030017253011465073;0.4739898443222046;0.47141197323799133;-0.003084707073867321;0.5128802061080933;0.637398362159729;-0.01604340597987175;0.4743604362010956;0.6339837312698364;-0.010292354971170425;0.5059816926717758;0.16448751986026763;-0.2571088433265686;0.5485210567712784;0.499723918735981;-0.17211855575442314;0.44592295587062836;0.4962841868400574;-0.1695159263908863;0.49885911742846173;0.7888276179631551;0.16747734944025675;0.48087599873542786;0.76252148548762;0.1921506474415461;;acercandose
2.6;0.5003640651702881;0.19212646782398224;-0.2383810430765152;0.543267011642456;0.26395097374916077;-0.08050166070461273;0.4618667960166931;0.2549601197242737;-0.09185859560966492;0.5497929453849792;0.3778618574142456;-0.03468523919582367;0.4463132917881012;0.3701654374599457;-0.05425537750124931;0.5202544927597046;0.4753227233886719;0.003567073494195938;0.4740447700023651;0.471773624420166;-0.0036376432981342077;0.5130687355995178;0.6393309235572815;-0.02073085680603981;0.47554636001586914;0.6362343430519104;-0.020578239113092422;0.5058771163225174;0.1645478680729866;-0.24271125793457032;0.5499113947153091;0.4958360120654106;-0.16112574934959412;0.44558562338352203;0.49924999475479126;-0.15753810480237007;0.49891449014345807;0.7982005675633749;0.13218117877840996;0.4793584644794464;0.7926557858784994;0.11833894501129787;;acercandose
2.63;0.5003165602684021;0.19287341833114624;-0.23257194459438324;0.5431516170501709;0.26389220356941223;-0.0755862146615982;0.4613926112651825;0.25538474321365356;-0.08990582078695297;0.5504198670387268;0.37698283791542053;-0.03111247718334198;0.445713609457016;0.37405577301979065;-0.05337265133857727;0.520405650138855;0.4771963059902191;0.005095494911074638;0.47405558824539185;0.4749685823917389;-0.0051461150869727135;0.5134267807006836;0.6424137949943542;-0.01924704574048519;0.476897269487381;0.6434428095817566;-0.021652301773428917;0.5057851761579514;0.16488752514123917;-0.23660551011562347;0.5509366095066071;0.4934190362691879;-0.1589803583920002;0.445373997092247;0.5044415146112442;-0.15601244196295738;0.4990726411342621;0.8036508162816366;0.13090867921710014;0.4779145419597626;0.8087528149286906;0.10640269828339417;;acercandose
2.67;0.4999977648258209;0.19303791224956512;-0.21247465908527374;0.543035626411438;0.2637827396392822;-0.05523926764726639;0.4601891040802002;0.2562788426876068;-0.07797173410654068;0.5509556531906128;0.37695029377937317;-0.011113027110695839;0.44519197940826416;0.37873390316963196;-0.04409184679389;0.520666241645813;0.47955337166786194;0.008048021234571934;0.47402423620224;0.4777984917163849;-0.008063278160989285;0.5136936902999878;0.6438010931015015;-0.01375935785472393;0.47760334610939026;0.6479166746139526;-0.027258578687906265;0.50544413626194;0.16493536829948424;-0.21482597589492797;0.5520978569984436;0.4924478530883789;-0.13726327195763588;0.4453655108809471;0.5085152313113213;-0.14569114707410336;0.4990040063858032;0.8072526852289835;0.12260061254103978;0.4766920308272044;0.819986363252004;0.08544342406094074;;acercandose
2.7;0.4997223913669586;0.19345945119857788;-0.21164384484291077;0.5429512858390808;0.2637414038181305;-0.05510234460234642;0.4587640166282654;0.2577105164527893;-0.08069875836372375;0.5516110062599182;0.37745097279548645;-0.011125407181680202;0.44491127133369446;0.3823557496070862;-0.04787115380167961;0.520969808101654;0.4818732440471649;0.010237845592200756;0.4739689826965332;0.48119795322418213;-0.010214930400252342;0.5140148997306824;0.6436029076576233;0.008172618225216866;0.47804757952690125;0.650759756565094;-0.029826421290636063;0.5052100539207458;0.1653331398963928;-0.2136761263012886;0.5532481819391251;0.492845855653286;-0.1317074242979288;0.4453761354088783;0.5115963816642761;-0.14809104800224304;0.4990035394827525;0.8101970752080282;0.11422966917355855;0.47591591874758404;0.8287785251935323;0.05281061368683974;;acercandose
2.73;0.49962490797042847;0.19380122423171997;-0.20735479891300201;0.5428376197814941;0.2639618217945099;-0.05004061385989189;0.4566454589366913;0.2600421905517578;-0.07851123064756393;0.5517020225524902;0.3787514269351959;-0.009767092764377594;0.4444122612476349;0.3856624662876129;-0.04585703834891319;0.5210952162742615;0.48612383008003235;0.011530330404639244;0.47379007935523987;0.48605674505233765;-0.011484265327453613;0.5142521858215332;0.6460467576980591;0.030660156160593033;0.4781741797924042;0.6551811099052429;-0.05101795867085457;0.5049857705831527;0.16575472801923752;-0.20831467732787132;0.5541146993637085;0.49507687985897064;-0.13150532357394695;0.4445878639817238;0.5170655250549316;-0.1445477120578289;0.4989980161190033;0.8129235108693441;0.1271469679971536;0.47461727261543274;0.8381683627764384;0.00045964618523915607;;acercandose
2.77;0.4993632733821869;0.19522938132286072;-0.2415514886379242;0.5423122048377991;0.2652203440666199;-0.05100677162408829;0.4542687237262726;0.26321470737457275;-0.09782839566469193;0.5515658855438232;0.38163793087005615;-0.016479525715112686;0.44368720054626465;0.39141935110092163;-0.056457456201314926;0.5213763117790222;0.4903174042701721;0.01250489242374897;0.4736899733543396;0.4919479787349701;-0.012432286515831947;0.5142537355422974;0.6476332545280457;0.026209618896245956;0.4781076908111572;0.6598348021507263;-0.09385167062282562;0.5045003473758698;0.1673597127199173;-0.24217720180749894;0.5541669428348541;0.5016047656536102;-0.13418712839484215;0.44428131729364395;0.5221208184957504;-0.15584629029035568;0.4990737239519755;0.8115246693293253;0.13335970044136047;0.4728825589021047;0.8442328373591105;-0.07731467361251514;;acercandose
2.8;0.49845588207244873;0.19678816199302673;-0.2682749629020691;0.5416876673698425;0.2683267891407013;-0.0824660211801529;0.45204615592956543;0.26549971103668213;-0.106390081346035;0.5514915585517883;0.3860552906990051;-0.05017228424549103;0.44234952330589294;0.3933383822441101;-0.06455658376216888;0.5214923620223999;0.49444645643234253;0.00943997222930193;0.47342613339424133;0.49756842851638794;-0.00928218849003315;0.5142415761947632;0.6515907049179077;-0.034846603870391846;0.4780977964401245;0.6662129759788513;-0.10554222017526627;0.5035831272602082;0.16898904442787172;-0.269707989692688;0.5539031624794006;0.5069862529635429;-0.188659455627203;0.44379575550556183;0.5251922905445099;-0.17115332186222076;0.500137080748876;0.8167208234469095;0.02926232914129893;0.4720892111460368;0.852142850557963;-0.1427468533317248;;acercandose
2.83;0.4971770942211151;0.19797508418560028;-0.27548325061798096;0.5410618185997009;0.2712641954421997;-0.0986638069152832;0.450334757566452;0.26717644929885864;-0.11642174422740936;0.5506610870361328;0.3913426995277405;-0.059722766280174255;0.44101482629776;0.3944871723651886;-0.0750778317451477;0.5215120315551758;0.498573362827301;0.006149671971797943;0.4732931852340698;0.50174480676651;-0.005972582846879959;0.5146032571792603;0.6561998128890991;-0.024478791281580925;0.4782482981681824;0.6735087037086487;-0.07627877593040466;0.5024421036243438;0.169927416741848;-0.2778319850564003;0.5537522584199905;0.5156465694308281;-0.1918850652873516;0.4426305443048477;0.529173880815506;-0.18270433321595192;0.4997543891270955;0.827511727809906;0.06280413269996643;0.4731197953224182;0.8596558570861816;-0.05114006406317154;;acercandose
2.87;0.49591588973999023;0.1990065574645996;-0.26658642292022705;0.5399168729782104;0.27249807119369507;-0.09693840146064758;0.4483819603919983;0.2697599530220032;-0.11418872326612473;0.5494852662086487;0.3944963216781616;-0.05285024270415306;0.43973544239997864;0.3991234004497528;-0.07284611463546753;0.5215011835098267;0.5011026859283447;0.003727532224729657;0.4731891453266144;0.5049614310264587;-0.003585285972803831;0.5146937966346741;0.6613243818283081;-0.009412744082510471;0.4784027934074402;0.680549681186676;-0.07378633320331573;0.5009823441505432;0.1707997128367424;-0.26868350356817244;0.5536485612392426;0.521876759827137;-0.18304267525672913;0.44131729006767273;0.532538965344429;-0.17924431338906288;0.4995306332906087;0.8313693006833395;0.14032683024803796;0.47340914607048035;0.8656924168268839;0.00015488763650258383;;acercandose
2.9;0.4950063228607178;0.19955886900424957;-0.28247058391571045;0.5381722450256348;0.273388534784317;-0.10798021405935287;0.4466802179813385;0.2712614834308624;-0.12399310618638992;0.5481842756271362;0.4010270833969116;-0.05922902747988701;0.4383835792541504;0.4030638635158539;-0.0842859074473381;0.5213156342506409;0.5056840181350708;0.0034985062666237354;0.47290682792663574;0.5102162957191467;-0.003382493043318391;0.5146840810775757;0.665084958076477;-0.006935487501323223;0.4784379303455353;0.6880565285682678;-0.06486722826957703;0.49944245517253877;0.17098614275455476;-0.2850503668189049;0.5535615980625153;0.534452810883522;-0.19106649979948997;0.440240278840065;0.5381664335727692;-0.19727237150073051;0.4996568163235982;0.8286311229070028;0.20321143170197806;0.4742651383082072;0.8772381742795309;0.008126289894183477;;acercandose
2.93;0.4935550093650818;0.19973842799663544;-0.2883475422859192;0.5367618799209595;0.274542897939682;-0.11146949976682663;0.4446891248226166;0.2723849415779114;-0.12830348312854767;0.5472663044929504;0.4079744517803192;-0.059929996728897095;0.43656712770462036;0.4039231538772583;-0.08908400684595108;0.5207980275154114;0.5100782513618469;0.0036406125873327255;0.47231772541999817;0.5148597955703735;-0.003534352406859398;0.5149453282356262;0.6678287982940674;-0.0121292220428586;0.47843995690345764;0.6966148018836975;-0.06303738802671432;0.4973461300134659;0.17096695005893708;-0.2905943214893341;0.5534917712211609;0.5437491089105606;-0.19248127564787865;0.43839189410209656;0.5402262806892395;-0.20296500250697136;0.4990184009075165;0.8272708257039388;0.2385589430729548;0.47452133893966675;0.8843487501144409;0.014314645280440649;;acercandose
2.97;0.4916920065879822;0.199660986661911;-0.27812066674232483;0.5346716046333313;0.2741592228412628;-0.10432741791009903;0.4431653618812561;0.27228879928588867;-0.12189757078886032;0.5456454157829285;0.406375527381897;-0.05756029114127159;0.43498826026916504;0.4041370749473572;-0.08435089141130447;0.5203167200088501;0.5102261900901794;0.003722706576809287;0.4713917076587677;0.5158305168151855;-0.0036265687085688114;0.5149502754211426;0.6744104623794556;-0.08922477066516876;0.4784599840641022;0.7001873254776001;-0.06100314110517502;0.49545210003852846;0.16989933401346208;-0.28061267286539077;0.5535902827978134;0.5424659550189972;-0.1881168968975544;0.43736056983470917;0.5448087304830551;-0.19996916130185127;0.497324138879776;0.8266767064730326;0.2002239873011907;0.47467121481895447;0.8931214014689127;0.02842668940623601;;acercandose
3.0;0.49082043766975403;0.1977614462375641;-0.29595619440078735;0.5327754616737366;0.273712158203125;-0.11485351622104645;0.4414403438568115;0.2719833552837372;-0.13367412984371185;0.5449903011322021;0.40541964769363403;-0.05991923063993454;0.4330885112285614;0.40402713418006897;-0.09937576204538345;0.5200802683830261;0.508395791053772;0.0030179249588400126;0.4704078137874603;0.5143865942955017;-0.0029481537640094757;0.5153764486312866;0.6729390621185303;-0.13524028658866882;0.47784945368766785;0.6976305246353149;-0.04682733863592148;0.4941214740276337;0.1673153057694435;-0.2981465294957161;0.5534274876117706;0.5418171882629395;-0.19335124641656876;0.43560440093278885;0.5462321788072586;-0.21733148396015167;0.49700645605723065;0.8241997361183167;0.12121339639027913;0.4751217265923818;0.8931490977605184;0.07697091872493426;;acercandose
3.03;0.48672938346862793;0.19348052144050598;-0.29734477400779724;0.5315190553665161;0.2720763087272644;-0.12042824178934097;0.43863311409950256;0.2718242108821869;-0.13108402490615845;0.5440152287483215;0.4037898778915405;-0.06776941567659378;0.43109840154647827;0.4056006073951721;-0.09662614017724991;0.5200814604759216;0.5074577927589417;-0.0010555342305451632;0.4694589078426361;0.5144438147544861;0.0010825095232576132;0.5162539482116699;0.6751238703727722;-0.1226491630077362;0.4759596586227417;0.7011407613754272;-0.03350834548473358;0.4915434241294861;0.16242078989744185;-0.29930478185415266;0.5527627021074295;0.5374928265810013;-0.2065422609448433;0.43509531766176224;0.547517865896225;-0.2192184031009674;0.49742403626441956;0.827920138835907;0.13492887218793234;0.4753485818703969;0.8928394118944804;0.11847202728192012;;acercandose
3.07;0.48439446091651917;0.1894475519657135;-0.291748583316803;0.530497670173645;0.26865509152412415;-0.11504410952329636;0.4371304512023926;0.27172619104385376;-0.1288546323776245;0.5431045889854431;0.4017825126647949;-0.06373166292905807;0.42970988154411316;0.40637892484664917;-0.0910036489367485;0.5199978351593018;0.5079675316810608;-0.003247609129175544;0.4684735834598541;0.5156804919242859;0.0032676132395863533;0.5173207521438599;0.6808215975761414;-0.08878655731678009;0.47392502427101135;0.7045201063156128;-0.022328156977891922;0.489608833193779;0.1583729326725006;-0.2940993532538414;0.5507070124149323;0.5365839302539825;-0.19842296466231346;0.4343818426132202;0.5487419366836548;-0.20931555703282356;0.4993735949198405;0.8258978724479675;0.22613977392514548;0.4754514694213867;0.8940712809562683;0.14322318012515703;;acercandose
3.1;0.4839645326137543;0.18462137877941132;-0.3017802834510803;0.5296077728271484;0.2661709487438202;-0.11741574853658676;0.435493528842926;0.2716819643974304;-0.13570988178253174;0.5425770878791809;0.4011360704898834;-0.06322915852069855;0.4279007315635681;0.4072526693344116;-0.09945221990346909;0.5197531580924988;0.5090420246124268;-0.002849394455552101;0.46743035316467285;0.516793966293335;0.0028436165302991867;0.5184683799743652;0.6873670220375061;-0.0767064243555069;0.472588449716568;0.7074042558670044;-0.022738026455044746;0.4889949381351471;0.15406073331832887;-0.3025977224111557;0.5500005036592484;0.5345745384693146;-0.18763785064220428;0.433364562690258;0.550598531961441;-0.21845044195652008;0.5026863614718119;0.8169018228848776;0.3017772634824117;0.4755988319714864;0.8961709141731262;0.1465546414256096;;acercandose
3.13;0.48329755663871765;0.18101638555526733;-0.3137316107749939;0.529007077217102;0.2641419470310211;-0.1267944872379303;0.43402597308158875;0.27123773097991943;-0.14462117850780487;0.5424156785011292;0.4006612002849579;-0.0633050724864006;0.42604589462280273;0.40924206376075745;-0.10956622660160065;0.5197045207023621;0.510979950428009;-0.0021489434875547886;0.4669620096683502;0.518846869468689;0.002150537446141243;0.5187811851501465;0.688390851020813;-0.07225313782691956;0.47131845355033875;0.7111161351203918;-0.015058190561830997;0.48822726905345915;0.15051434338092803;-0.3145243629813194;0.5500020682811737;0.5337358564138412;-0.18783774599432945;0.4326495826244354;0.5544344931840897;-0.2287912480533123;0.5054426590601603;0.8136445681254069;0.32070285081863403;0.475523442029953;0.900905172030131;0.16551803052425385;;acercandose
3.17;0.4831560552120209;0.1766403615474701;-0.3037090003490448;0.5284872055053711;0.26185867190361023;-0.11906862258911133;0.4333985447883606;0.27019375562667847;-0.14151695370674133;0.541986882686615;0.3979516923427582;-0.03820067644119263;0.4251614212989807;0.4085468053817749;-0.1064036563038826;0.5197016596794128;0.510839581489563;0.001794249634258449;0.4667341411113739;0.5196162462234497;-0.0018095175037160516;0.5195903778076172;0.6897675395011902;-0.055671367794275284;0.4709218442440033;0.7163772583007812;-0.01902519352734089;0.4878969430923462;0.14654617309570311;-0.30469529777765275;0.5500400811433792;0.5317613929510117;-0.15987824648618698;0.4317987412214279;0.5540870279073715;-0.22378963604569435;0.5081471602121989;0.8140436013539633;0.3127444287141164;0.4755817949771881;0.9036863446235657;0.16389107952515283;;acercandose
3.2;0.4816994071006775;0.1727890521287918;-0.30263766646385193;0.5281766653060913;0.2596362829208374;-0.11588083952665329;0.4330524504184723;0.26744312047958374;-0.14319287240505219;0.5413241982460022;0.3950442671775818;-0.04032880440354347;0.4243212044239044;0.40824735164642334;-0.11046526581048965;0.5195928812026978;0.5103556513786316;0.007350974716246128;0.4660540819168091;0.5191074013710022;-0.007379438728094101;0.5198965072631836;0.6876922249794006;-0.023797152563929558;0.47087252140045166;0.7143699526786804;-0.023276299238204956;0.48666982650756835;0.1426974877715111;-0.30324450731277464;0.5499366372823715;0.5310347527265549;-0.16555948182940483;0.43109484761953354;0.5538492500782013;-0.225452721118927;0.5101203322410583;0.829669713973999;0.27830272416273755;0.47547344366709393;0.9013054768244425;0.14875038464864096;;acercandose
3.23;0.4815402925014496;0.1693580448627472;-0.28612563014030457;0.5280978679656982;0.2574944794178009;-0.08819141238927841;0.4323648512363434;0.2640801668167114;-0.14054559171199799;0.5411106944084167;0.39262261986732483;-0.02102775312960148;0.4235047996044159;0.4065738320350647;-0.11151841282844543;0.5195753574371338;0.5099931955337524;0.015792952850461006;0.46586042642593384;0.518837034702301;-0.015812471508979797;0.520455539226532;0.6873775124549866;0.013209393247961998;0.47083789110183716;0.7116962671279907;-0.024252405390143394;0.48647893965244293;0.13930460959672927;-0.2849189803004265;0.5499310791492462;0.5297795683145523;-0.1473866943269968;0.4303036704659462;0.5532093495130539;-0.22327136248350143;0.5115420420964559;0.8554502924283346;0.24868587156136832;0.4754886031150818;0.8998045325279236;0.1425052508711815;;acercandose
3.27;0.4812280237674713;0.16594965755939484;-0.2699037492275238;0.5279819369316101;0.2566898465156555;-0.0744268149137497;0.43153461813926697;0.2608620822429657;-0.13183632493019104;0.5403488874435425;0.3917534053325653;-0.0077232359908521175;0.4232676923274994;0.40418052673339844;-0.10378012806177139;0.5195529460906982;0.50970858335495;0.0161708053201437;0.4657701849937439;0.5187872648239136;-0.016206543892621994;0.5204220414161682;0.694927990436554;-0.0019759659189730883;0.47064608335494995;0.7109453082084656;-0.02468274161219597;0.486300191283226;0.13635536581277846;-0.2679861202836037;0.5495700687170029;0.5295780450105667;-0.13223393075168133;0.43028751760721207;0.5529626905918121;-0.20964427292346954;0.512691338857015;0.8794940511385599;0.2015400951107343;0.4755587875843048;0.9008073806762695;0.1435892495016257;;acercandose
3.3;0.4811551570892334;0.16382241249084473;-0.2624910771846771;0.5279207825660706;0.2558286488056183;-0.0751931220293045;0.43112748861312866;0.25892630219459534;-0.11864836513996124;0.5396800637245178;0.39165055751800537;-0.007634422741830349;0.4227869510650635;0.40200936794281006;-0.08442142605781555;0.5194540619850159;0.5103961825370789;0.015407205559313297;0.46533724665641785;0.5195603370666504;-0.015391241759061813;0.5203081965446472;0.7032598257064819;-0.015967007726430893;0.47021499276161194;0.7141848802566528;-0.02086482010781765;0.48643084764480593;0.1347728490829468;-0.2605336934328079;0.5491297245025635;0.5302033722400665;-0.1298048198223114;0.4303901642560959;0.5529618263244629;-0.19168942049145699;0.513817548751831;0.8961115678151449;0.16427167256673178;0.4757416248321533;0.9029819567998251;0.1442615663011869;;acercandose
3.33;0.48142120242118835;0.16271699965000153;-0.26298680901527405;0.5280091762542725;0.2562168538570404;-0.08993595093488693;0.43118834495544434;0.2572973072528839;-0.1189277321100235;0.5395881533622742;0.39347517490386963;-0.011216928251087666;0.4220651090145111;0.40059566497802734;-0.08641041815280914;0.5194236636161804;0.5122789740562439;0.01043914444744587;0.4648600220680237;0.5205476880073547;-0.010508140549063683;0.5200164318084717;0.7101709246635437;-0.01977148838341236;0.4700687825679779;0.7177137732505798;-0.011174582876265049;0.4866699308156967;0.13379044681787491;-0.2634462177753448;0.5486837774515152;0.5371192544698715;-0.1419442594051361;0.43013154715299606;0.5526703596115112;-0.1946362368762493;0.5149828195571899;0.9027718901634216;0.16536621501048407;0.47633714477221173;0.9019584258397421;0.16658073912064233;;acercandose
3.37;0.48148709535598755;0.16250601410865784;-0.2688143849372864;0.5284411907196045;0.2564297914505005;-0.09103171527385712;0.43135541677474976;0.25663983821868896;-0.11935271322727203;0.5396897196769714;0.3959141969680786;-0.018697526305913925;0.4219394326210022;0.40060192346572876;-0.08533772081136703;0.5193480253219604;0.5154768228530884;0.008620035834610462;0.4643443822860718;0.5226251482963562;-0.00872853398323059;0.5197149515151978;0.7145692706108093;-0.020569171756505966;0.47010162472724915;0.7202498316764832;-0.0072989193722605705;0.48680236339569094;0.13317879736423494;-0.26867035776376724;0.5484282821416855;0.5427667498588562;-0.1464554090052843;0.4302389994263649;0.5534058958292007;-0.19663335382938385;0.5157760779062907;0.9081896940867106;0.17676910012960434;0.47668351729710895;0.9032943844795227;0.1751957262555758;;acercandose
3.4;0.48132139444351196;0.16249798238277435;-0.26994815468788147;0.529197633266449;0.25657564401626587;-0.1036975234746933;0.43159496784210205;0.2564391493797302;-0.12040197849273682;0.5399923324584961;0.4008684456348419;-0.03896560147404671;0.42170605063438416;0.4025570750236511;-0.08570543676614761;0.5193027853965759;0.5193476676940918;0.0032751085236668587;0.46397942304611206;0.5255942940711975;-0.003392499638721347;0.5195479393005371;0.7194974422454834;-0.022072749212384224;0.470034122467041;0.7237555980682373;-0.00018446875037625432;0.4868564546108246;0.13272908478975295;-0.27083167135715486;0.5477495491504669;0.5489923655986786;-0.15246906504034996;0.43076305091381073;0.5546970814466476;-0.19767942652106285;0.5162193775177002;0.909513254960378;0.17869417369365692;0.476878027121226;0.9045448501904806;0.18137715756893158;;acercandose
3.43;0.48129066824913025;0.1618061661720276;-0.27048003673553467;0.5299250483512878;0.25669556856155396;-0.1083352342247963;0.4316249489784241;0.2556510269641876;-0.12055181711912155;0.5410412549972534;0.4028467535972595;-0.044657520949840546;0.4217093586921692;0.40244752168655396;-0.0861443504691124;0.5189933180809021;0.5205162763595581;0.0023756311275064945;0.46340471506118774;0.5256660580635071;-0.0025016043800860643;0.5194954872131348;0.7185032367706299;-0.01918819546699524;0.4697295129299164;0.722240149974823;0.00017639754514675587;0.48698524832725526;0.13215492144227028;-0.2722339317202568;0.5477780550718307;0.5532729029655457;-0.15446286275982857;0.4308987557888031;0.5547617673873901;-0.19848287478089333;0.5166731874148051;0.9098031520843506;0.18083752443393072;0.477484126885732;0.9038371841112772;0.18032216280698776;;acercandose
3.47;0.4813695251941681;0.16060377657413483;-0.27251148223876953;0.530817985534668;0.25673097372055054;-0.10825170576572418;0.43193522095680237;0.25543391704559326;-0.1211794763803482;0.5428478121757507;0.4047975242137909;-0.04318100959062576;0.42189234495162964;0.4024665653705597;-0.08631494641304016;0.5189819931983948;0.5217338800430298;0.0021319689694792032;0.4631810188293457;0.5258594155311584;-0.002251452999189496;0.5194804072380066;0.7206904292106628;-0.020156709477305412;0.46958330273628235;0.722828209400177;-0.0012426370522007346;0.4872230052947998;0.13131295517086983;-0.2733717694878578;0.5482449382543564;0.5559198558330536;-0.15060093626379967;0.4320160374045372;0.5569586902856827;-0.19159740582108498;0.5166617830594381;0.9103260238965353;0.18046367168426514;0.4780433177947998;0.9048522114753723;0.17524366080760956;;acercandose
3.5;0.4814167618751526;0.16015024483203888;-0.27290746569633484;0.5318833589553833;0.2567640542984009;-0.11111615598201752;0.43318817019462585;0.2549045979976654;-0.12159169465303421;0.5443187952041626;0.405252069234848;-0.04636248201131821;0.4220048189163208;0.40279003977775574;-0.08674927800893784;0.5189571976661682;0.521813690662384;-0.00016347547352779657;0.46313488483428955;0.5259177684783936;4,31E+10;0.5192214846611023;0.7204442620277405;-0.020583314821124077;0.46939775347709656;0.7239246964454651;-0.0016471940325573087;0.4875357925891876;0.131074271351099;-0.2743177801370621;0.5483594387769699;0.5545994192361832;-0.15242942795157433;0.4329221621155739;0.5580922216176987;-0.19338201731443405;0.5165098706881205;0.9130777716636658;0.16666062672932944;0.4790155788262685;0.9045082330703735;0.17786696056524912;;acercandose
3.53;0.48198646306991577;0.15985769033432007;-0.27392905950546265;0.5340107083320618;0.2571716904640198;-0.11370614916086197;0.4349861443042755;0.25463545322418213;-0.12198034673929214;0.5459522604942322;0.4092951714992523;-0.05025733262300491;0.42221325635910034;0.40277713537216187;-0.0870012640953064;0.51889967918396;0.5230882167816162;-0.0012962538748979568;0.4631377160549164;0.5262139439582825;0.0011725376825779676;0.5186502933502197;0.7214305400848389;-0.017839482054114342;0.46933501958847046;0.7237990498542786;0.008253532461822033;0.488229900598526;0.13077593669295312;-0.27464198172092436;0.549651563167572;0.5569840520620346;-0.15561259910464287;0.4334799572825432;0.558406725525856;-0.19427083432674408;0.5164188941319784;0.9152137041091919;0.1633159543077151;0.479798545440038;0.9043267766634623;0.18114026884237924;;acercandose
3.57;0.4830491542816162;0.16015495359897614;-0.27214622497558594;0.5360976457595825;0.25720295310020447;-0.11227034032344818;0.4371979236602783;0.2541501820087433;-0.11834017187356949;0.5472745299339294;0.4095681607723236;-0.0495963916182518;0.4229906499385834;0.4027378261089325;-0.08421343564987183;0.5189315676689148;0.523704469203949;-0.0016172898467630148;0.46316593885421753;0.5264526605606079;0.0014919762033969164;0.5177803635597229;0.7230989933013916;-0.018007563427090645;0.46927741169929504;0.7252303957939148;0.004044316243380308;0.48912280797958374;0.13095376938581466;-0.2726137712597847;0.5509311258792877;0.5585879683494568;-0.15772008523344994;0.4345416873693466;0.5587194710969925;-0.19477315247058868;0.5160251458485922;0.9131514628728231;0.16996876150369644;0.47988361120224;0.9019362131754557;0.19340568035840988;;acercandose
3.6;0.48388588428497314;0.16041286289691925;-0.27256855368614197;0.5380064845085144;0.25723880529403687;-0.11231729388237;0.4389447569847107;0.25380101799964905;-0.11720941960811615;0.5497658848762512;0.40973418951034546;-0.050904057919979095;0.42390361428260803;0.40272557735443115;-0.08391791582107544;0.5189528465270996;0.5245546698570251;-0.0018135524587705731;0.46322184801101685;0.5270785689353943;0.001693432917818427;0.5177278518676758;0.7222941517829895;-0.018647123128175735;0.4692722260951996;0.7246969938278198;0.009128928184509277;0.4901761204004288;0.1311108060181141;-0.27284892052412035;0.5525073856115341;0.5593105852603912;-0.1616886667907238;0.435104064643383;0.5590429604053497;-0.19566452503204346;0.5159142017364502;0.9110565185546875;0.1730127582947413;0.4810964862505595;0.8982327381769816;0.2122559646765391;;acercandose
3.63;0.48475801944732666;0.16060273349285126;-0.2508983314037323;0.5393465161323547;0.2573493421077728;-0.09760067611932755;0.4402887225151062;0.2532699406147003;-0.09845452010631561;0.5514296889305115;0.4094143509864807;-0.04036153852939606;0.4254426658153534;0.4026223123073578;-0.06506742537021637;0.5191212892532349;0.5256154537200928;-0.0020133412908762693;0.463294118642807;0.5274140238761902;0.001900572911836207;0.5177872776985168;0.7243780493736267;-0.029453983530402184;0.46925878524780273;0.725027859210968;0.006621242500841618;0.4913649678230286;0.13128100112080573;-0.25138670653104783;0.5543193966150284;0.558873638510704;-0.1561911143362522;0.4356776475906372;0.5589408576488495;-0.18274657055735588;0.5160131653149923;0.9108755985895792;0.17270183314879736;0.4810797671477;0.895183801651001;0.2182446469863256;;acercandose
3.67;0.48538845777511597;0.16075445711612701;-0.25183916091918945;0.5405359268188477;0.25742408633232117;-0.09635734558105469;0.4411259889602661;0.2530011534690857;-0.10189958661794662;0.5522392988204956;0.40893325209617615;-0.03887317329645157;0.4272887408733368;0.40335947275161743;-0.06958428025245667;0.5197524428367615;0.5257030129432678;-0.0018400378758087754;0.46356701850891113;0.5273768901824951;0.001729925163090229;0.5185003280639648;0.7234257459640503;-0.025739511474967003;0.469368040561676;0.7242627739906311;0.014683806337416172;0.49229403734207156;0.13133252710103988;-0.25186069309711456;0.5555728077888489;0.5580984652042389;-0.15544384717941284;0.4373081400990486;0.5596095323562622;-0.18439048156142235;0.5164938370386759;0.9120668967564901;0.1686174695690473;0.4810391664505005;0.893621583779653;0.20585806667804718;;acercandose
3.7;0.48601993918418884;0.16077546775341034;-0.24972085654735565;0.542056143283844;0.2581058442592621;-0.096766896545887;0.44171959161758423;0.253003865480423;-0.1017427146434784;0.5530453324317932;0.40869012475013733;-0.038994211703538895;0.4280272126197815;0.40372151136398315;-0.07079518586397171;0.5202627182006836;0.5264803767204285;-0.0018972515827044845;0.4638409912586212;0.5277875065803528;0.0017892068717628717;0.519231915473938;0.7228847146034241;-0.013530119322240353;0.470110684633255;0.7232143878936768;0.02074088156223297;0.4932578384876251;0.1312125839293003;-0.24934426993131636;0.5565551668405533;0.5577305406332016;-0.15528733283281326;0.43778394907712936;0.5595173388719559;-0.18351883813738823;0.5169474085172018;0.9130741953849792;0.16847600042819977;0.4809786180655162;0.8934796452522278;0.2005891054868698;;acercandose
3.73;0.48675066232681274;0.16085082292556763;-0.2342686802148819;0.5427982807159424;0.25842443108558655;-0.08441933989524841;0.44204413890838623;0.2530185580253601;-0.0910593643784523;0.5540074110031128;0.4084082245826721;-0.029763614758849144;0.42824220657348633;0.404258668422699;-0.06388483941555023;0.5208783149719238;0.5275883674621582;-0.0017950732726603746;0.46447598934173584;0.5288254618644714;0.0016887004021555185;0.5198417901992798;0.7225087285041809;-0.012528161518275738;0.470806360244751;0.723072350025177;0.01947619765996933;0.4942742556333542;0.13114714175462722;-0.2332171082496643;0.5570018440485001;0.5560544580221176;-0.15091423317790031;0.43812792748212814;0.558944046497345;-0.17901291325688362;0.5169768532117208;0.9132784008979797;0.168824831644694;0.4810810685157776;0.8943915963172913;0.1978644753495852;;acercandose
3.77;0.48734593391418457;0.1608739197254181;-0.22743111848831177;0.543241560459137;0.258465439081192;-0.07589361071586609;0.4424150586128235;0.2531246542930603;-0.08750685304403305;0.554145872592926;0.40714362263679504;-0.024815982207655907;0.42851653695106506;0.4048100709915161;-0.06342512369155884;0.5213564038276672;0.5280546545982361;-0.0012586347293108702;0.4650462567806244;0.5297421813011169;0.0011619601864367723;0.5205937027931213;0.7221279740333557;-0.0065202307887375355;0.47140225768089294;0.7230234146118164;0.018815165385603905;0.4951240956783295;0.13106636255979537;-0.22573750019073485;0.5578990876674652;0.5550937950611115;-0.15036142617464066;0.4387712776660919;0.5589240938425064;-0.17795651033520699;0.5172086556752523;0.9127569794654846;0.16956786314646402;0.4812362293402354;0.8954340616861979;0.19697616497675577;;acercandose
3.8;0.48779258131980896;0.16083000600337982;-0.23339435458183289;0.5438374280929565;0.2588140070438385;-0.08155756443738937;0.44287368655204773;0.2531712055206299;-0.0917285904288292;0.5544093251228333;0.40704038739204407;-0.027579287067055702;0.4289696216583252;0.40487730503082275;-0.06600978225469589;0.5215941667556763;0.5288492441177368;-0.0012180586345493793;0.4653203785419464;0.5302549004554749;0.0011218673316761851;0.5208778977394104;0.7217661142349243;-0.002116070594638586;0.4715508818626404;0.7229261994361877;0.021867133677005768;0.4957141786813736;0.13098341897130011;-0.23196684569120407;0.5588298141956329;0.5549147576093674;-0.15064200945198536;0.4391816332936287;0.5593724250793457;-0.17999736964702606;0.5174810489018759;0.9123256007830302;0.17033595343430838;0.4813903073469798;0.8966719508171082;0.19577406098445257;;acercandose
3.83;0.48837658762931824;0.16079239547252655;-0.23854708671569824;0.5446888208389282;0.25936049222946167;-0.08426088094711304;0.44317057728767395;0.2533397972583771;-0.0945090502500534;0.5547342300415039;0.4074820280075073;-0.02905154414474964;0.4294964373111725;0.4052453935146332;-0.06723574548959732;0.5218945145606995;0.5297163128852844;-0.0005083742435090244;0.46551433205604553;0.5308194160461426;0.00041037340997718275;0.5210421085357666;0.721844494342804;-0.00510043278336525;0.47193512320518494;0.7232740521430969;0.02028927020728588;0.49628757536411283;0.13094196766614913;-0.23738431185483932;0.5593101382255554;0.5550530403852463;-0.1509090419858694;0.43945828825235367;0.5598252862691879;-0.18124136701226234;0.5174275437990824;0.9120400547981262;0.17601530253887177;0.4814965824286143;0.8966073592503866;0.20175406336784363;;acercandose
3.87;0.48925936222076416;0.16081461310386658;-0.24083955585956573;0.5455522537231445;0.25989699363708496;-0.08547881990671158;0.44345608353614807;0.2535616159439087;-0.09603776782751083;0.5551781058311462;0.40757426619529724;-0.029496636241674423;0.43012118339538574;0.4053594470024109;-0.06819065660238266;0.5222827196121216;0.5298979878425598;0.00011042951518902555;0.4657132923603058;0.5309768319129944;-0.00021176968584768474;0.5210807919502258;0.7225055694580078;-0.0053211902268230915;0.47245529294013977;0.7238834500312805;0.01894525997340679;0.4970322012901306;0.13094113990664483;-0.2397253081202507;0.5598762035369873;0.5554309189319611;-0.15122483298182487;0.43985025584697723;0.5604048073291779;-0.18138287588953972;0.5174268484115601;0.9118990302085876;0.17738611002763113;0.4815179109573364;0.8948124051094055;0.20696386198202768;;acercandose
3.9;0.4895099401473999;0.16086357831954956;-0.2419515699148178;0.5460977554321289;0.26008251309394836;-0.08574599772691727;0.44382667541503906;0.25375640392303467;-0.09696025401353836;0.5554143786430359;0.40771612524986267;-0.029112407937645912;0.4308967590332031;0.4054381251335144;-0.0685492530465126;0.5227089524269104;0.5298845171928406;0.000877966929692775;0.46602094173431396;0.5311239361763;-0.0009859045967459679;0.5212485194206238;0.722710907459259;-0.006884000729769468;0.47318583726882935;0.724531352519989;0.018214425072073936;0.49730032980442046;0.13093745037913324;-0.24093867540359498;0.5603122115135193;0.5562689453363419;-0.15104314871132374;0.44026710093021393;0.5613118708133698;-0.18049531802535057;0.5179282824198405;0.9121093352635702;0.18510831147432327;0.4817356467247009;0.8943369587262472;0.20598853131135306;;acercandose
3.93;0.4896516501903534;0.16087517142295837;-0.24245283007621765;0.5463967323303223;0.2601051330566406;-0.08530890941619873;0.4440017342567444;0.25393933057785034;-0.09664704650640488;0.5555769205093384;0.40772563219070435;-0.02840120531618595;0.43172788619995117;0.40535491704940796;-0.06618127971887589;0.5230087637901306;0.5298070311546326;0.0013914123410359025;0.4665435254573822;0.5311022996902466;-0.0015012921066954732;0.5213942527770996;0.7227240204811096;-0.00835668295621872;0.4737324118614197;0.7248451113700867;0.012654682621359825;0.4975209146738052;0.13087893202900885;-0.2414850115776062;0.5605641305446625;0.5566199123859406;-0.15118712931871414;0.44051335752010345;0.5614338219165802;-0.17870473489165306;0.5181890527407328;0.9117776155471802;0.196564090748628;0.4818519155184428;0.8932080070177714;0.20821350316206613;;acercandose
3.97;0.4898843467235565;0.1608462631702423;-0.23763759434223175;0.5467158555984497;0.26012122631073;-0.08143192529678345;0.44414427876472473;0.25421974062919617;-0.09436458349227905;0.555610179901123;0.4079112410545349;-0.025873364880681038;0.4323865473270416;0.4053769111633301;-0.06370552629232407;0.5232676267623901;0.5297465920448303;0.0027177860029041767;0.46695810556411743;0.5311158299446106;-0.002829526085406542;0.521562933921814;0.722734808921814;-0.008861509151756763;0.4744345247745514;0.7250476479530334;0.007607020903378725;0.4976816147565842;0.13062173053622245;-0.23659177422523497;0.5606041699647903;0.5572624355554581;-0.1511929389089346;0.44057655334472656;0.561486080288887;-0.1755855232477188;0.5184330145517985;0.9115145405133566;0.20403104027112326;0.48223044474919635;0.8931090633074442;0.2068514625231425;;acercandose
4.0;0.490091472864151;0.16067670285701752;-0.23653392493724823;0.5469600558280945;0.26011353731155396;-0.08087163418531418;0.44426602125167847;0.2544538974761963;-0.09393929690122604;0.5556595921516418;0.40790918469429016;-0.026181722059845924;0.4327113628387451;0.4054117500782013;-0.06388203054666519;0.5236048698425293;0.5297132730484009;0.003136569866910577;0.4674980342388153;0.531106173992157;-0.0032445082906633615;0.5217053294181824;0.7226979732513428;-0.007991455495357513;0.47490862011909485;0.7250629663467407;0.006913620512932539;0.4978132456541061;0.1302381530404091;-0.23549090772867204;0.5605926662683487;0.5574468076229095;-0.1524571217596531;0.44071493297815323;0.5619761049747467;-0.17570509761571884;0.5187664230664571;0.9099816282590231;0.2085489829381307;0.48292604088783264;0.8931941787401835;0.20593823492527008;;acercandose
4.03;0.49029067158699036;0.16029535233974457;-0.24022987484931946;0.5471774339675903;0.26008379459381104;-0.08369719982147217;0.44441917538642883;0.2546146810054779;-0.09798497706651688;0.5557562112808228;0.4079989194869995;-0.026443997398018837;0.4331134855747223;0.40551698207855225;-0.0658259317278862;0.5241595506668091;0.5296127796173096;0.003642165334895253;0.468074232339859;0.5310936570167542;-0.003748272079974413;0.5217384099960327;0.722859263420105;-0.008315220475196838;0.47574296593666077;0.7252859473228455;0.0022145884577184916;0.498069030046463;0.12971566691994668;-0.2389888882637024;0.5606239140033722;0.5577007234096527;-0.15307149663567543;0.440786212682724;0.5627541989088058;-0.17703602463006973;0.5187748869260153;0.9099322358767191;0.20602513353029886;0.4835875431696574;0.8945204019546509;0.19611461212237677;;acercandose
4.07;0.4904641807079315;0.1601695567369461;-0.24183860421180725;0.5473799705505371;0.2600902020931244;-0.08446848392486572;0.4445655643939972;0.2546658217906952;-0.09915976971387863;0.5559190511703491;0.4080195724964142;-0.02673654444515705;0.43341827392578125;0.40552762150764465;-0.06616048514842987;0.5244471430778503;0.5295572280883789;0.0037796972319483757;0.4684200584888458;0.5310925841331482;-0.0038857755716890097;0.5217374563217163;0.7230722308158875;-0.008893352933228016;0.4761003851890564;0.7256425619125366;0.00046303687850013375;0.49829072058200835;0.12945145219564438;-0.24051751643419267;0.5607206523418427;0.5581352710723877;-0.1534021608531475;0.4408998489379883;0.5632570683956146;-0.17745502293109894;0.5186870892842611;0.9099264144897461;0.20511520902315775;0.4837569495042165;0.8951763312021891;0.1945654700199763;;acercandose
4.1;0.4906102418899536;0.1601528823375702;-0.24195596575737;0.5476607084274292;0.26010042428970337;-0.0856345072388649;0.4447181522846222;0.2546900808811188;-0.09940709173679352;0.5561050176620483;0.4084264039993286;-0.02896915376186371;0.43361610174179077;0.4055418372154236;-0.06728781759738922;0.5246762633323669;0.5295122861862183;0.003750051837414503;0.4686840772628784;0.5311267971992493;-0.003856074996292591;0.5217350125312805;0.7233180403709412;-0.008330779150128365;0.4762498140335083;0.7256437540054321;0.001373065053485334;0.49848454296588895;0.12937963083386422;-0.24069507271051407;0.5610702335834503;0.5597411841154099;-0.15518475323915482;0.4409943148493767;0.5636610388755798;-0.1785244159400463;0.5184657176335653;0.9099329113960266;0.2027391940355301;0.4836723307768504;0.8952028155326843;0.1942100003361702;;acercandose
4.13;0.4907979369163513;0.16008998453617096;-0.2458478957414627;0.5478950142860413;0.2601481080055237;-0.08966615796089172;0.4449431002140045;0.25470882654190063;-0.10271021723747253;0.5564604997634888;0.409779816865921;-0.03259110823273659;0.43378517031669617;0.405542254447937;-0.07196705043315887;0.5248279571533203;0.5295130610466003;0.003726218594238162;0.46885332465171814;0.5312699675559998;-0.003832219634205103;0.5217287540435791;0.7236042618751526;-0.005401100963354111;0.47631940245628357;0.7257512211799622;0.0029842988587915897;0.49867579340934753;0.12926123440265655;-0.24457280784845353;0.5623140037059784;0.5621281266212463;-0.15764834359288216;0.44110822677612305;0.5639939308166504;-0.18345072120428085;0.5182998379071554;0.9099407394727071;0.20317480464776358;0.4836163818836212;0.8953431844711304;0.19428729514280954;;acercandose
4.17;0.4910833239555359;0.16007494926452637;-0.26699456572532654;0.5481926798820496;0.260555624961853;-0.1070820614695549;0.44515058398246765;0.254721075296402;-0.11931856721639633;0.5567032694816589;0.4132014811038971;-0.04445702210068703;0.4338850975036621;0.4055299758911133;-0.0860481709241867;0.5249044895172119;0.5295260548591614;0.0035604832228273153;0.46893468499183655;0.5313801169395447;-0.003670962993055582;0.521716833114624;0.7237939834594727;-0.004813923500478268;0.476354718208313;0.726009726524353;0.006490334402769804;0.49894671738147733;0.1291892111301422;-0.26656309366226194;0.5633556097745895;0.5669676661491394;-0.16395388543605804;0.44111453741788864;0.5642881542444229;-0.19610916823148727;0.518220067024231;0.9097346067428589;0.21017155547936758;0.48352886239687604;0.8956032991409302;0.2009995530049006;;acercandose
4.2;0.49144065380096436;0.1600715070962906;-0.26137274503707886;0.5482704639434814;0.2605670392513275;-0.10275398194789886;0.4453338384628296;0.25475195050239563;-0.11499833315610886;0.5568044185638428;0.4130508601665497;-0.04215986281633377;0.433980792760849;0.40552711486816406;-0.08283473551273346;0.5249287486076355;0.5295143127441406;0.003543883329257369;0.4690091013908386;0.5313789248466492;-0.003654242493212223;0.5217140316963196;0.7237637639045715;-0.004141929093748331;0.47653886675834656;0.7260046601295471;0.006887136958539486;0.4991626352071762;0.12912459522485734;-0.26067705601453783;0.5636122077703476;0.5666340589523315;-0.16281315684318542;0.4411853849887848;0.5642979443073273;-0.1939535178244114;0.5184353987375895;0.9089804490407308;0.20928659538427988;0.4834703008333842;0.8955233891805013;0.20068609962860742;;acercandose
4.23;0.4916640520095825;0.16007347404956818;-0.2605932652950287;0.5482804775238037;0.2605726420879364;-0.10135988146066666;0.4454581141471863;0.25481921434402466;-0.11438684910535812;0.5568316578865051;0.41205039620399475;-0.04139837995171547;0.43403682112693787;0.4055435061454773;-0.08307646960020065;0.5249491333961487;0.5293106436729431;0.003414345206692815;0.4690750539302826;0.5313518643379211;-0.003525618463754654;0.5217156410217285;0.7234095335006714;-0.0034276358783245087;0.47674113512039185;0.7259981632232666;0.007350268308073282;0.4992727518081665;0.12905873581767083;-0.2596280872821808;0.5638325065374374;0.5664113909006119;-0.1623203419148922;0.44129299372434616;0.5643540620803833;-0.1946818120777607;0.5188008149464926;0.9087613224983215;0.20850860079129538;0.4834648370742798;0.8960174719492594;0.19844595342874527;;acercandose
4.27;0.491826593875885;0.16005517542362213;-0.2597261071205139;0.548263669013977;0.26053565740585327;-0.10016949474811554;0.44556599855422974;0.25485673546791077;-0.11360995471477509;0.5568562746047974;0.4099847674369812;-0.04065791517496109;0.4340830445289612;0.40551868081092834;-0.08212730288505554;0.5249680280685425;0.5287295579910278;0.0031502710189670324;0.46910959482192993;0.5311634540557861;-0.003259877907112241;0.5217700600624084;0.7220284342765808;-0.0037288458552211523;0.476918488740921;0.725943386554718;0.007485241163522005;0.49935961961746217;0.12895091697573663;-0.25871189683675766;0.5641489177942276;0.5645528137683868;-0.16069169342517853;0.4413644149899483;0.5643231123685837;-0.19366399571299553;0.5192775130271912;0.9084798892339071;0.20345458885033926;0.48349454005559284;0.8965219259262085;0.19508834183216095;;acercandose
4.3;0.49194228649139404;0.16000594198703766;-0.2644922137260437;0.5482429265975952;0.26051580905914307;-0.10288989543914795;0.44568467140197754;0.25486668944358826;-0.11622873693704605;0.5569360256195068;0.4096558690071106;-0.041850797832012177;0.43411552906036377;0.4054468274116516;-0.08381885290145874;0.5249764323234558;0.5281097888946533;0.0026092168409377337;0.46917155385017395;0.5308371186256409;-0.0027193573769181967;0.5217719674110413;0.7207528948783875;-0.00354555482044816;0.4769565761089325;0.7258517146110535;0.009022748097777367;0.4994241863489151;0.1287951163947582;-0.26359413266181947;0.5647964626550674;0.5642569810152054;-0.16142965853214264;0.44140782952308655;0.5642586648464203;-0.19634715095162392;0.5196521679560343;0.9081295927365621;0.2027713507413864;0.4836099147796631;0.8975862264633179;0.19508236149946848;;acercandose
4.33;0.4920564293861389;0.15998515486717224;-0.2700778841972351;0.5482320785522461;0.26049214601516724;-0.1073041707277298;0.44575342535972595;0.2548791766166687;-0.12063822895288467;0.5569605827331543;0.4091758728027344;-0.044717565178871155;0.4341319799423218;0.4053994417190552;-0.08681374788284302;0.5249869227409363;0.5277225971221924;0.0021909798961132765;0.46922045946121216;0.5306086540222168;-0.002302185632288456;0.5217509865760803;0.7194988131523132;-0.003748098621144891;0.4769561290740967;0.7257629036903381;0.010065224952995777;0.49948990643024443;0.1286678709089756;-0.26942550390958786;0.5651105046272278;0.5634910315275192;-0.16269844770431519;0.44144850224256516;0.5642303973436356;-0.19836298003792763;0.5199651519457499;0.9070197939872742;0.20261930922667185;0.4837457438309987;0.8982173601786295;0.19572879870732626;;acercandose
4.37;0.49211692810058594;0.15998320281505585;-0.27923813462257385;0.5482245087623596;0.2604532241821289;-0.11514154821634293;0.4458371698856354;0.2548951208591461;-0.12662068009376526;0.5570622086524963;0.4090527296066284;-0.05123868212103844;0.4341265857219696;0.40539875626564026;-0.09110512584447861;0.5249911546707153;0.5274957418441772;0.001705731963738799;0.46927428245544434;0.5305123925209045;-0.001820174977183342;0.5217458009719849;0.718964695930481;-0.0046181888319551945;0.4769502580165863;0.7257452011108398;0.011253353208303452;0.4995288819074631;0.12857918962836265;-0.2791164517402649;0.5655350387096405;0.5629003196954727;-0.16852720454335213;0.44149021804332733;0.5642243176698685;-0.20266514644026756;0.5202352603276571;0.9059624075889587;0.2058865875005722;0.4839177926381429;0.8983033696810404;0.20194062838951746;;acercandose
4.4;0.4922131299972534;0.1599477380514145;-0.2805286645889282;0.5482132434844971;0.2603599429130554;-0.11716806888580322;0.4458768963813782;0.2549418807029724;-0.1282636821269989;0.5571439266204834;0.4089374244213104;-0.05338079854846001;0.43412190675735474;0.4054908752441406;-0.09281052649021149;0.5250087380409241;0.52745121717453;0.0015151420375332236;0.46936464309692383;0.5305082201957703;-0.0016317893750965595;0.5217255353927612;0.7187601923942566;-0.004765682853758335;0.4769405424594879;0.7257447838783264;0.01168448943644762;0.4995847105979919;0.12847302854061127;-0.2803219839930534;0.5658427327871323;0.5628074407577515;-0.16971108689904213;0.4416731148958206;0.5642435848712921;-0.2033429816365242;0.5203883051872253;0.9052641789118449;0.20846959948539734;0.4839758078257243;0.8984332283337911;0.20403499901294708;;acercandose
4.43;0.4922974407672882;0.1598959118127823;-0.27703678607940674;0.5480701327323914;0.2601873278617859;-0.11541049182415009;0.4459134638309479;0.2549929618835449;-0.12585259974002838;0.5571722388267517;0.40871602296829224;-0.052710969001054764;0.43410128355026245;0.40557101368904114;-0.09106484055519104;0.5250489711761475;0.5273078083992004;0.0011368055129423738;0.4694497883319855;0.5304614305496216;-0.0012554674176499248;0.5217294096946716;0.7183542251586914;-0.00479885283857584;0.4769325256347656;0.7255598306655884;0.012100636959075928;0.49962912797927855;0.128390870988369;-0.27656216770410535;0.5657870173454285;0.5617167800664902;-0.16925658285617828;0.4417790398001671;0.564239576458931;-0.2018568404018879;0.5204720695813497;0.9048795501391093;0.2082545061906179;0.48400692145029706;0.8984867731730143;0.2034043769041697;;acercandose
4.47;0.4924151301383972;0.1598757952451706;-0.2751983404159546;0.547965943813324;0.2600895166397095;-0.11360113322734833;0.4459444582462311;0.2550116777420044;-0.12360205501317978;0.5571808218955994;0.40873271226882935;-0.05149748548865318;0.43410009145736694;0.4056051969528198;-0.0869128406047821;0.5251156687736511;0.5272891521453857;0.0007176959188655019;0.4695737361907959;0.5304562449455261;-0.0008349443087354302;0.5217395424842834;0.7183087468147278;-0.005213433410972357;0.47692233324050903;0.7255282998085022;0.012446746230125427;0.49971590042114256;0.12835970148444176;-0.27471649199724196;0.5657578408718109;0.5616618096828461;-0.16872858628630638;0.4419168382883072;0.5642336457967758;-0.1987166367471218;0.5204883019129435;0.9043793479601542;0.20814679066340128;0.4839642246564229;0.8985447287559509;0.20382348696390787;;acercandose
4.5;0.4925152659416199;0.15981478989124298;-0.27335137128829956;0.5479468107223511;0.2600244879722595;-0.11140134185552597;0.44598260521888733;0.2550264894962311;-0.11978035420179367;0.5572583675384521;0.40875253081321716;-0.04861556738615036;0.43410152196884155;0.4056398570537567;-0.0833866074681282;0.5251462459564209;0.5273476243019104;0.0006840114365331829;0.4696585237979889;0.5304586291313171;-0.0008009386365301907;0.5217519402503967;0.718317449092865;-0.005246604327112436;0.47691860795021057;0.7255210280418396;0.012444176711142063;0.499768328666687;0.12829101830720901;-0.2727379187941551;0.5656969547271729;0.561740443110466;-0.16692118719220161;0.44203174114227295;0.5642617791891098;-0.19682860746979713;0.5204977989196777;0.9043572743733724;0.21005072196324667;0.48393216729164124;0.8985459605852762;0.2049461156129837;;acercandose
4.53;0.49254491925239563;0.15975342690944672;-0.2576982080936432;0.5479359030723572;0.2597481608390808;-0.09834104776382446;0.44601452350616455;0.25502094626426697;-0.1068161204457283;0.5573301315307617;0.408409059047699;-0.03864368796348572;0.43412330746650696;0.4056514501571655;-0.07345201075077057;0.5251709222793579;0.5275706052780151;0.00067049270728603;0.4697110652923584;0.5305408239364624;-0.0007858185563236475;0.5217795372009277;0.7184292674064636;-0.005294797942042351;0.4769139885902405;0.7255140542984009;0.012408186681568623;0.4997833877801895;0.1282252475619316;-0.25678396672010423;0.5652755349874496;0.5614007413387299;-0.16079429537057877;0.4421757236123085;0.5642746239900589;-0.18848947435617447;0.520527164141337;0.9043627580006918;0.20944802463054657;0.4839372436205546;0.8985702395439148;0.20481671392917633;;acercandose
4.57;0.4926169514656067;0.1597040742635727;-0.24596057832241058;0.5479026436805725;0.25922414660453796;-0.08840490132570267;0.4460529088973999;0.2550021708011627;-0.09881830960512161;0.5573384761810303;0.40759944915771484;-0.031158747151494026;0.4342062473297119;0.40568363666534424;-0.06774751096963882;0.5252515077590942;0.5276421308517456;0.0006355751538649201;0.4698023498058319;0.5305759906768799;-0.0007473124423995614;0.52192223072052;0.7186048030853271;-0.005369517486542463;0.4769095778465271;0.7252790927886963;0.012306036427617073;0.4998043566942215;0.12815929800271988;-0.2447456508874893;0.5644844323396683;0.5601080358028412;-0.1569339670240879;0.4423019587993622;0.5642907023429871;-0.18363942205905914;0.5205360651016235;0.9045580426851908;0.20282109578450522;0.4839376409848531;0.8987012505531311;0.19954926520586014;;acercandose
4.6;0.4927178919315338;0.1595751792192459;-0.23951661586761475;0.5477898716926575;0.2585034966468811;-0.08120302110910416;0.4460679888725281;0.25484782457351685;-0.09672055393457413;0.5573282241821289;0.4059985280036926;-0.023861614987254143;0.43423399329185486;0.4055470824241638;-0.06689189374446869;0.5253587961196899;0.52754807472229;0.0009625073871575296;0.46987268328666687;0.5305373072624207;-0.0010634971549734473;0.522165060043335;0.7186925411224365;-0.005401734262704849;0.47691625356674194;0.724774181842804;0.010013402439653873;0.4998335987329483;0.12804359346628189;-0.2380318522453308;0.5634784996509552;0.558244600892067;-0.150092838332057;0.4425111711025238;0.5642554759979248;-0.1809929572045803;0.5205492774645487;0.9049144188563029;0.1946710149447123;0.48392410079638165;0.8987010518709818;0.18990319222211838;;acercandose
4.63;0.4927697479724884;0.15951384603977203;-0.23074238002300262;0.5476793646812439;0.2579922378063202;-0.07357297837734222;0.4460741877555847;0.2546934485435486;-0.09020913392305374;0.5573167204856873;0.4045535624027252;-0.018202781677246094;0.43425512313842773;0.4053138792514801;-0.06216961145401001;0.5253818035125732;0.5274205803871155;0.0012054754188284278;0.46991342306137085;0.5304104685783386;-0.0012987434165552258;0.5223420262336731;0.7188250422477722;-0.005786614026874304;0.4769725203514099;0.7240740656852722;0.008694539777934551;0.499837788939476;0.12797484025359154;-0.2291708767414093;0.5626839101314545;0.556985467672348;-0.144974235445261;0.44263386726379395;0.5639217495918274;-0.17575743794441223;0.5205756624539694;0.9050130049387614;0.18957587331533432;0.48391945163408917;0.8986312945683798;0.18618382016817728;;acercandose
4.67;0.4928472936153412;0.15948109328746796;-0.22810819745063782;0.5476241707801819;0.2577286958694458;-0.07204468548297882;0.446088969707489;0.2545548975467682;-0.08712682873010635;0.5572910308837891;0.403900682926178;-0.01752961054444313;0.434259295463562;0.4050057828426361;-0.059754081070423126;0.5253870487213135;0.5273949503898621;0.0012086034985259175;0.4699457287788391;0.5303500890731812;-0.0013012099079787731;0.5224813222885132;0.7191804051399231;-0.006249026395380497;0.4770197868347168;0.7235653400421143;0.008744485676288605;0.49987068474292756;0.12792535051703452;-0.2266020357608795;0.5620802342891693;0.5567333251237869;-0.14318010583519936;0.44285712391138077;0.5632349103689194;-0.1730382815003395;0.5205853780110677;0.905126710732778;0.18676579495271048;0.4839068353176117;0.8985607425371805;0.18644805500904718;;acercandose
4.7;0.4930759370326996;0.1594068706035614;-0.2323462814092636;0.5475722551345825;0.25754353404045105;-0.07484161853790283;0.4460912048816681;0.2544817328453064;-0.0905081257224083;0.5572425723075867;0.4037381708621979;-0.018534623086452484;0.43428054451942444;0.4049959182739258;-0.06198930740356445;0.525390088558197;0.5271527767181396;0.0012904568575322628;0.4699639678001404;0.5301830172538757;-0.0013818112201988697;0.5225161910057068;0.7194022536277771;-0.006263226270675659;0.47702789306640625;0.7233899235725403;0.008736721239984035;0.49996686577796934;0.1278377465903759;-0.23087185472249985;0.5618005245923996;0.5563721507787704;-0.1428474299609661;0.44292977452278137;0.5630605667829514;-0.17486007139086723;0.5205552180608114;0.9053577979405721;0.18658325572808585;0.48384471734364826;0.8985298275947571;0.18643940736850104;;acercandose
4.73;0.4931548535823822;0.15930192172527313;-0.23196080327033997;0.5474448800086975;0.2573307752609253;-0.07388617098331451;0.44611334800720215;0.2543952763080597;-0.09127626568078995;0.557201087474823;0.4029711186885834;-0.016702264547348022;0.4343028664588928;0.40483248233795166;-0.0626169741153717;0.525398313999176;0.5267134308815002;0.0015362828271463513;0.4699825644493103;0.5298780798912048;-0.0016253164503723383;0.5225403308868408;0.7193942666053772;-0.0065214987844228745;0.4770435690879822;0.7231309413909912;0.008111661300063133;0.5000216424465179;0.12777497470378876;-0.2303161844611168;0.5613992661237717;0.5550541430711746;-0.13959804363548756;0.4430216774344444;0.5624949783086777;-0.1748456098139286;0.5205508669217428;0.905839999516805;0.182147150238355;0.48382145166397095;0.8985069990158081;0.18339277803897858;;acercandose
4.77;0.49322590231895447;0.15919609367847443;-0.23543210327625275;0.5473456978797913;0.2573135495185852;-0.07460197061300278;0.44612306356430054;0.25433576107025146;-0.0972711518406868;0.557131826877594;0.40308135747909546;-0.018898822367191315;0.4343004524707794;0.404453843832016;-0.06892860680818558;0.5253965854644775;0.5263381600379944;0.0022345446050167084;0.4699878394603729;0.5295661091804504;-0.0023196188267320395;0.5225520133972168;0.7193330526351929;-0.005190948490053415;0.4770675301551819;0.7229039072990417;0.008140753023326397;0.5000777125358582;0.1277041383087635;-0.23321690708398818;0.5608988255262375;0.555097758769989;-0.14147118665277958;0.44307370483875275;0.5619747489690781;-0.17834921181201935;0.5205580194791158;0.905942698319753;0.18344746778408685;0.4836205144723256;0.8979024092356364;0.18391132851441702;;acercandose
4.8;0.4932921826839447;0.15888360142707825;-0.24835702776908875;0.5472941994667053;0.25731149315834045;-0.08470143377780914;0.446122944355011;0.2542480230331421;-0.1062459796667099;0.5570713877677917;0.4035996198654175;-0.02419108711183071;0.4342712461948395;0.404272198677063;-0.0763077586889267;0.5254009366035461;0.5261414051055908;0.0025305715389549732;0.46999889612197876;0.5293814539909363;-0.0026153235230594873;0.5225591659545898;0.7192630171775818;-0.004338373895734549;0.4770843982696533;0.7227447032928467;0.008375420235097408;0.5001303255558014;0.12748616337776184;-0.24646870493888856;0.5605319142341614;0.5559757351875305;-0.14346646517515182;0.4431142583489418;0.5616915971040726;-0.18526367098093033;0.5205602645874023;0.9060238401095072;0.18444609145323435;0.4835066894690196;0.8973147471745809;0.18522396435340246;;acercandose
4.83;0.4933928847312927;0.15873628854751587;-0.25008663535118103;0.5472562313079834;0.2572912275791168;-0.08598233014345169;0.44612517952919006;0.25413259863853455;-0.10717973113059998;0.5570648312568665;0.40361884236335754;-0.024405892938375473;0.4342536926269531;0.40405112504959106;-0.07700765132904053;0.5254343748092651;0.5258762240409851;0.0026494613848626614;0.4700433313846588;0.5291076898574829;-0.002731701359152794;0.5225608348846436;0.718924343585968;-0.004191291984170675;0.47708481550216675;0.7226027250289917;0.008583445101976395;0.5002166390419006;0.1273601919412613;-0.2482193574309349;0.5603021532297134;0.5560174733400345;-0.14415141940116882;0.4431721046566963;0.5613209903240204;-0.1864973083138466;0.520543118317922;0.9059834281603495;0.1856257220109304;0.48340989152590436;0.8969504435857137;0.18546185394128165;;acercandose
4.87;0.4934690594673157;0.1585429459810257;-0.24909046292304993;0.5472190380096436;0.2572089731693268;-0.084605872631073;0.4461236298084259;0.2538861930370331;-0.10668529570102692;0.5570772886276245;0.4034980833530426;-0.023422719910740852;0.4342261850833893;0.4037180542945862;-0.0764167383313179;0.5254614353179932;0.5256337523460388;0.002864343347027898;0.47011375427246094;0.528857409954071;-0.0029427942354232073;0.5225614309310913;0.7186325192451477;-0.001834785332903266;0.47708097100257874;0.7222922444343567;0.008707094937562943;0.5002775818109513;0.12716647684574128;-0.2469981223344803;0.5602356195449829;0.5560153126716614;-0.1443524919450283;0.4431796297430992;0.5608992874622345;-0.18644562363624573;0.5205105940500895;0.9056548078854879;0.18724773824214935;0.48320648074150085;0.8965352972348531;0.18589547028144202;;acercandose
4.9;0.49359437823295593;0.15828180313110352;-0.23302534222602844;0.5471835136413574;0.25703009963035583;-0.07278900593519211;0.4461159110069275;0.2537093162536621;-0.09819931536912918;0.5571268796920776;0.40259096026420593;-0.01515848096460104;0.43420013785362244;0.40346676111221313;-0.07176674902439117;0.5255016088485718;0.5255181193351746;0.003460610518231988;0.4702257513999939;0.528754472732544;-0.0035318799782544374;0.5225734114646912;0.7184001803398132;0.0021439369302242994;0.4770808219909668;0.7219409346580505;0.008696088567376137;0.5003378391265869;0.12696023806929588;-0.23056660890579223;0.5602572560310364;0.5555955618619919;-0.13821110501885414;0.443194143474102;0.560527041554451;-0.18034493550658226;0.5204959114392599;0.9054228266080221;0.18669476608435312;0.48297979434331256;0.8963499665260315;0.18020623177289963;;acercandose
4.93;0.49384555220603943;0.15823015570640564;-0.22250688076019287;0.5471692681312561;0.2569095492362976;-0.06409841030836105;0.4461019039154053;0.25357091426849365;-0.09145797044038773;0.557226300239563;0.40174180269241333;-0.008907679468393326;0.43419498205184937;0.4032978415489197;-0.06743758916854858;0.5255748629570007;0.5254711508750916;0.004155762493610382;0.4703477919101715;0.5286977887153625;-0.004218691494315863;0.5226072669029236;0.7182058691978455;0.004560213536024094;0.4770849347114563;0.721573531627655;0.008584116585552692;0.5004902869462967;0.12686956524848939;-0.21977612525224685;0.560285821557045;0.554941937327385;-0.13393273949623108;0.44320476055145264;0.5603104531764984;-0.17580361291766167;0.5205427805582682;0.9051863352457682;0.1863811140259107;0.4828597505887349;0.8963107268015543;0.17696132759253183;;acercandose
4.97;0.4939044415950775;0.15801435708999634;-0.22393500804901123;0.5471393465995789;0.25678887963294983;-0.06484953314065933;0.4460998475551605;0.2534131407737732;-0.09118276089429855;0.5573304891586304;0.401286780834198;-0.008682794868946075;0.4341794550418854;0.40308889746665955;-0.06675007939338684;0.5256229043006897;0.5254009366035461;0.004442545119673014;0.4703979790210724;0.5285792946815491;-0.004503332544118166;0.5226457118988037;0.7179469466209412;0.0051083797588944435;0.47708961367607117;0.7211881875991821;0.008594755083322525;0.5005642026662827;0.12673087939620017;-0.22134044170379638;0.5603325068950653;0.5546481013298035;-0.13298525474965572;0.44322195649147034;0.5599068701267242;-0.17536741122603416;0.5205598870913187;0.9048876365025839;0.1854980488618215;0.482770174741745;0.8961621721585592;0.1766438881556193;;acercandose
