segundo;landmark_10_x;landmark_10_y;landmark_10_z;landmark_11_x;landmark_11_y;landmark_11_z;landmark_12_x;landmark_12_y;landmark_12_z;landmark_13_x;landmark_13_y;landmark_13_z;landmark_14_x;landmark_14_y;landmark_14_z;landmark_23_x;landmark_23_y;landmark_23_z;landmark_24_x;landmark_24_y;landmark_24_z;landmark_25_x;landmark_25_y;landmark_25_z;landmark_26_x;landmark_26_y;landmark_26_z;cara_prom_x;cara_prom_y;cara_prom_z;mano_izquierda_prom_x;mano_izquierda_prom_y;mano_izquierda_prom_z;mano_derecha_prom_x;mano_derecha_prom_y;mano_derecha_prom_z;pie_izquierdo_prom_x;pie_izquierdo_prom_y;pie_izquierdo_prom_z;pie_derecho_prom_x;pie_derecho_prom_y;pie_derecho_prom_z;;Etiqueta
0.17;0.45105060935020447;0.4230704605579376;0.15756076574325562;0.4432189464569092;0.42379024624824524;0.09873037785291672;0.467234343290329;0.42138728499412537;0.13515575230121613;0.4386710524559021;0.41265419125556946;0.029989320784807205;0.46142247319221497;0.3803656995296478;0.10875194519758224;0.44541066884994507;0.3224254548549652;-0.007935341447591782;0.468278169631958;0.3264005780220032;0.007786691654473543;0.4344063401222229;0.2941145896911621;-0.09115011245012283;0.46374064683914185;0.2926803529262543;-0.18200255930423737;0.4497021287679672;0.42725724875926974;0.1587282732129097;0.4505678862333298;0.42774563282728195;-0.02661343803629279;0.46914584934711456;0.3645670935511589;0.09773120656609535;0.44703595836957294;0.3011249502499898;-0.1867968887090683;0.4588553011417389;0.21837730209032694;-0.415674090385437;;acercandose
0.2;0.4537750780582428;0.4019443392753601;0.13306911289691925;0.43722695112228394;0.4010590612888336;0.10758895426988602;0.47183504700660706;0.4108355939388275;0.14839154481887817;0.42775484919548035;0.35733741521835327;0.04442683234810829;0.47009360790252686;0.37726715207099915;0.0956316739320755;0.4448689818382263;0.32819125056266785;-0.007944692857563496;0.4686199724674225;0.3254643678665161;0.007790443953126669;0.4313535988330841;0.40928176045417786;-0.1279679834842682;0.4674293100833893;0.30946084856987;-0.18924938142299652;0.45094958543777464;0.4049619436264038;0.13401933908462524;0.43224018067121506;0.3158044368028641;-0.035999417304992676;0.4692210629582405;0.35230036079883575;0.035860381089150906;0.45728640755017597;0.537315309047699;-0.19284230967362723;0.46126651763916016;0.21758542954921722;-0.30709042151769;;acercandose
0.23;0.45406174659729004;0.39941105246543884;0.10664275288581848;0.4368551969528198;0.39989009499549866;0.0931471586227417;0.47309109568595886;0.408603310585022;0.12712955474853516;0.42501339316368103;0.3602004945278168;0.0422123521566391;0.46942242980003357;0.3754097521305084;0.08675093203783035;0.4447441101074219;0.3296735882759094;-0.007517599500715733;0.4687184691429138;0.32534101605415344;0.007371513172984123;0.43050625920295715;0.40032535791397095;-0.14620757102966309;0.4695347547531128;0.3105466961860657;-0.1833871454000473;0.4508698731660843;0.4023528456687927;0.10702685192227364;0.4319916144013405;0.32626335322856903;-0.03443756001070142;0.4672774076461792;0.34873979538679123;0.05249578878283501;0.4592018226782481;0.5441053509712219;-0.2005953143040339;0.46146970987319946;0.21536986033121744;-0.26363307734330493;;acercandose
0.27;0.4554023742675781;0.3974754512310028;0.12667438387870789;0.4354068338871002;0.4040363132953644;0.09325123578310013;0.4750114679336548;0.39764082431793213;0.15050847828388214;0.42261338233947754;0.42348429560661316;0.020285150036215782;0.4692426025867462;0.36835452914237976;0.12318265438079834;0.4433351457118988;0.331606388092041;-0.010636155493557453;0.4688633382320404;0.32520419359207153;0.010475489310920238;0.4302385747432709;0.39064204692840576;-0.15998482704162598;0.4708046019077301;0.3112495541572571;-0.17538949847221375;0.45121033787727355;0.4003851473331451;0.12697018384933473;0.43322090059518814;0.4694790318608284;-0.03542174492031336;0.4648667424917221;0.3413418158888817;0.11292174644768238;0.45822007457415265;0.5180710852146149;-0.20144689083099365;0.4622558255990346;0.22175795336564383;-0.22985679904619852;;acercandose
0.43;0.45479753613471985;0.4082498550415039;0.2204129546880722;0.4338497519493103;0.406387060880661;0.11206687241792679;0.47613224387168884;0.397100031375885;0.17629125714302063;0.4176061153411865;0.3957865536212921;0.0125505942851305;0.4795820116996765;0.37374237179756165;0.11302907764911652;0.4456784129142761;0.3410736620426178;-0.00486571853980422;0.47184279561042786;0.35064369440078735;0.004821939393877983;0.426486074924469;0.3213517367839813;-0.13505835831165314;0.46988263726234436;0.37783804535865784;-0.16055114567279816;0.4498448699712753;0.404781699180603;0.2221142381429672;0.43909089267253876;0.40779193490743637;-0.07886427082121372;0.4701390638947487;0.36255764961242676;0.05549155827611685;0.4446450074513753;0.3173278073469798;-0.17137331267197928;0.45581309000651044;0.4606003661950429;-0.2518712679545085;;acercandose
0.47;0.45626211166381836;0.4010307192802429;0.2273257076740265;0.43467628955841064;0.3924005329608917;0.17077748477458954;0.4744341969490051;0.3970670700073242;0.20475180447101593;0.4237460792064667;0.3479194939136505;0.10326238721609116;0.47443923354148865;0.35243210196495056;0.13447125256061554;0.44513264298439026;0.32323819398880005;0.0018369347089901567;0.4718632102012634;0.3313813805580139;-0.002037083962932229;0.42784616351127625;0.32439061999320984;-0.12449051439762115;0.4690968990325928;0.3829931318759918;-0.14565448462963104;0.4521565169095993;0.4000575989484787;0.23158279806375504;0.4314584955573082;0.3081108257174492;0.03515369677916169;0.46804599463939667;0.32203470915555954;0.09518999047577381;0.44820666313171387;0.38229958216349286;-0.18354960779349008;0.4550122916698456;0.45581533511479694;-0.26523470381895703;;acercandose
0.5;0.45937812328338623;0.4053444266319275;0.20589813590049744;0.4354686439037323;0.39492490887641907;0.18059207499027252;0.4743305444717407;0.400955468416214;0.20964443683624268;0.42592447996139526;0.3497810959815979;0.12138283252716064;0.4703405201435089;0.3523326814174652;0.13389551639556885;0.4441058337688446;0.3244973421096802;-0.0018780642421916127;0.4717732071876526;0.3258216679096222;0.0015114785637706518;0.4360676109790802;0.34938323497772217;-0.102228544652462;0.46869993209838867;0.3825768232345581;-0.15795837342739105;0.45543288588523867;0.4091298580169678;0.21094573587179183;0.43065617978572845;0.3064800053834915;0.07704576104879379;0.46244969218969345;0.31710922718048096;0.059540148824453354;0.45239971081415814;0.4207781255245209;-0.2517128636439641;0.4576043983300527;0.44345436493555707;-0.34105443954467773;;acercandose
0.53;0.4589311480522156;0.4009039103984833;0.24765145778656006;0.43542566895484924;0.3934103548526764;0.18297132849693298;0.47446998953819275;0.3999495506286621;0.20699910819530487;0.42496323585510254;0.36264699697494507;0.09408470243215561;0.4742463529109955;0.35586947202682495;0.12783755362033844;0.4435308575630188;0.3217777609825134;0.007971384562551975;0.47189608216285706;0.3269972503185272;-0.0082181291654706;0.43461742997169495;0.3423722982406616;-0.10151974856853485;0.46737155318260193;0.3948594331741333;-0.1358601301908493;0.4548446714878082;0.4019050419330597;0.25381926000118255;0.42780129611492157;0.3311174660921097;0.013762249960564077;0.4663069471716881;0.3295760080218315;0.06180609669536352;0.45041513442993164;0.37823055187861127;-0.2091302623351415;0.45468343297640484;0.4930123488108317;-0.28453672925631207;;acercandose
0.57;0.4586581885814667;0.39894527196884155;0.2516198754310608;0.4351022243499756;0.3937518894672394;0.1898919939994812;0.4743395149707794;0.4002698063850403;0.2234274446964264;0.42356979846954346;0.3718124330043793;0.09800256043672562;0.47632914781570435;0.35501429438591003;0.1475805938243866;0.4434954524040222;0.3181163966655731;0.009147710166871548;0.4722232222557068;0.3251451253890991;-0.009318158961832523;0.434569776058197;0.34045642614364624;-0.10984262079000473;0.46678468585014343;0.4115205705165863;-0.11671014875173569;0.45457996129989625;0.39996013045310974;0.25849715173244475;0.4284692630171776;0.37815215438604355;0.025011120829731226;0.4689720571041107;0.329587884247303;0.09513572417199612;0.4479450484116872;0.3421082894007365;-0.19644130766391754;0.4543004830678304;0.5561374624570211;-0.23689085245132446;;acercandose
0.6;0.4586045742034912;0.39416176080703735;0.23454231023788452;0.4349009692668915;0.39411577582359314;0.16598105430603027;0.4751455783843994;0.38998517394065857;0.20998011529445648;0.422441691160202;0.38739150762557983;0.05136557295918465;0.48012635111808777;0.3529151678085327;0.13690820336341858;0.44221749901771545;0.3194493353366852;-0.0012236781185492873;0.472734659910202;0.3213488459587097;0.0011579124256968498;0.4359928369522095;0.3636992573738098;-0.11436925083398819;0.47025933861732483;0.40338924527168274;-0.12228696048259735;0.4534812420606613;0.3939059406518936;0.24090853333473206;0.4292364567518234;0.406263068318367;-0.03191599063575268;0.4699793681502342;0.3243933916091919;0.08204621262848377;0.4491163194179535;0.39752188324928284;-0.20814903577168783;0.45598816871643066;0.5319117307662964;-0.24263526995976767;;acercandose
0.63;0.4580574333667755;0.37090253829956055;0.22944554686546326;0.4350716471672058;0.3861459493637085;0.13525250554084778;0.47768014669418335;0.3673073351383209;0.20351828634738922;0.41969460248947144;0.4088291525840759;0.030391670763492584;0.48376360535621643;0.3490777015686035;0.16232211887836456;0.4405699074268341;0.32618120312690735;-0.0077544935047626495;0.4730713963508606;0.3192954957485199;0.00773098086938262;0.43531352281570435;0.3946774899959564;-0.11001543700695038;0.47481635212898254;0.3845916986465454;-0.1317090094089508;0.4518615424633026;0.36667884290218355;0.23364524990320207;0.42930737137794495;0.46364086866378784;-0.04120989330112934;0.4703562706708908;0.32866236567497253;0.1727251410484314;0.44915932416915894;0.4553743104139964;-0.20086143414179483;0.4575308362642924;0.41840938727060956;-0.24538451929887137;;acercandose
0.67;0.45794209837913513;0.3772258162498474;0.24655449390411377;0.4350603222846985;0.38798409700393677;0.13683919608592987;0.48048192262649536;0.36824849247932434;0.20068983733654022;0.4182506799697876;0.4091516435146332;0.034863196313381195;0.48772281408309937;0.3447653353214264;0.11960653960704803;0.43971773982048035;0.3281417787075043;-0.007201906759291887;0.47422119975090027;0.31854191422462463;0.007169586140662432;0.43470850586891174;0.3914760649204254;-0.10144560039043427;0.4765505790710449;0.3854972720146179;-0.11794884502887726;0.4518495798110962;0.37291050255298613;0.25280214101076126;0.4296628534793854;0.46056272834539413;-0.03889539744704962;0.4715445935726166;0.3296053037047386;0.06485984101891518;0.4490451117356618;0.4442098339398702;-0.19695391257603964;0.4577368199825287;0.44121165076891583;-0.24231977760791779;;acercandose
0.7;0.4588910639286041;0.3820111155509949;0.20569635927677155;0.43505385518074036;0.3891089856624603;0.14401082694530487;0.48078465461730957;0.37138065695762634;0.20344212651252747;0.4182596802711487;0.40663817524909973;0.037817128002643585;0.4864635467529297;0.33585500717163086;0.15626046061515808;0.43964284658432007;0.3303034007549286;-0.013395060785114765;0.47431161999702454;0.31809505820274353;0.01332587469369173;0.4328775107860565;0.4270409643650055;-0.10251007229089737;0.48724180459976196;0.35480591654777527;-0.136028453707695;0.4525007426738739;0.3757063776254654;0.2106576144695282;0.43060145527124405;0.467864453792572;-0.03596422914415598;0.475607305765152;0.31908056139945984;0.13792117685079575;0.4605323374271393;0.556072731812795;-0.2223342110713323;0.46034019192059833;0.3319981296857198;-0.2775048613548279;;acercandose
0.73;0.46191197633743286;0.3813565969467163;0.19450336694717407;0.4359401762485504;0.38792848587036133;0.1372157782316208;0.4826986491680145;0.37409770488739014;0.19246992468833923;0.42482519149780273;0.3332656919956207;0.05479325354099274;0.4880002439022064;0.335347056388855;0.11939677596092224;0.44051679968833923;0.33038821816444397;-0.016200464218854904;0.47656410932540894;0.31977272033691406;0.01605003885924816;0.4325285851955414;0.4275776147842407;-0.11215461790561676;0.4878765046596527;0.34857243299484253;-0.16098281741142273;0.4546807765960693;0.3788913667201996;0.19620131999254226;0.43398574739694595;0.3158899322152138;-0.01733526960015297;0.4814535528421402;0.3041905462741852;0.05202576704323292;0.46357953548431396;0.5656203230222067;-0.2678172787030538;0.4645090003808339;0.313847154378891;-0.35312262177467346;;acercandose
0.77;0.4633556306362152;0.3795965611934662;0.23151005804538727;0.43668419122695923;0.38277822732925415;0.153190016746521;0.4824047088623047;0.38154667615890503;0.19889841973781586;0.4250687062740326;0.3174385726451874;0.08678405731916428;0.49159038066864014;0.33753442764282227;0.13236646354198456;0.44057345390319824;0.33144906163215637;-0.015149575658142567;0.47822123765945435;0.32076841592788696;0.014996136538684368;0.43054407835006714;0.42874738574028015;-0.10891417413949966;0.48698219656944275;0.3536098599433899;-0.15375718474388123;0.4560857504606247;0.37788010835647584;0.2350744530558586;0.4345729202032089;0.30268556624650955;0.024106782395392656;0.48344965279102325;0.30947551876306534;0.08032139763236046;0.46417619784673053;0.5516842802365621;-0.2613712251186371;0.46732189257939655;0.32660843928654987;-0.35802097121874493;;acercandose
0.8;0.4648109972476959;0.38258495926856995;0.207224503159523;0.43771061301231384;0.3828633725643158;0.15632370114326477;0.4820593297481537;0.38387757539749146;0.19811251759529114;0.42795705795288086;0.31652769446372986;0.07909303158521652;0.49304771423339844;0.3344331979751587;0.11857486516237259;0.4417741596698761;0.33068418502807617;-0.01455617044121027;0.4804782569408417;0.32089558243751526;0.01437790971249342;0.4305873513221741;0.4309650957584381;-0.10612773150205612;0.4878699779510498;0.3537697494029999;-0.1541668027639389;0.45837299823760985;0.3863056808710098;0.21198730021715165;0.43526192754507065;0.29574599117040634;0.002154276124201715;0.4861053377389908;0.30627018958330154;0.03489611390978098;0.46378275752067566;0.5598921775817871;-0.2789882818857829;0.46783637007077533;0.3280797004699707;-0.3901469012101491;;acercandose
0.83;0.4648789167404175;0.37644779682159424;0.23906627297401428;0.43881213665008545;0.37721168994903564;0.1546521633863449;0.48250091075897217;0.3826123774051666;0.1873205155134201;0.42780014872550964;0.3163394331932068;0.07968929409980774;0.4950091242790222;0.33609360456466675;0.11141443997621536;0.44253483414649963;0.3313761055469513;-0.01352546364068985;0.47971391677856445;0.3213708698749542;0.013382187113165855;0.4302181005477905;0.4248819649219513;-0.10399328172206879;0.4901876151561737;0.35519593954086304;-0.13535237312316895;0.45889687836170195;0.3761961877346039;0.24478835016489028;0.43612515926361084;0.2969983294606209;-0.0021286226619849913;0.48707927763462067;0.3227822482585907;0.04552692361176014;0.4621854325135549;0.5456131895383199;-0.25886183977127075;0.4674251973628998;0.35627556840578717;-0.34161951144536334;;acercandose
0.87;0.46595197916030884;0.38848876953125;0.24991071224212646;0.4389342665672302;0.3725469410419464;0.1832084059715271;0.4829678535461426;0.3851880431175232;0.2121918499469757;0.427411824464798;0.3105955123901367;0.09809443354606628;0.4970496594905853;0.3386511504650116;0.11742657423019409;0.44246190786361694;0.32966816425323486;-0.013210656121373177;0.4792833626270294;0.31776583194732666;0.01303767692297697;0.43070292472839355;0.4332764744758606;-0.10449417680501938;0.49054867029190063;0.3584994375705719;-0.13743337988853455;0.4605790555477142;0.3916666954755783;0.2588131606578827;0.43630942702293396;0.30236421525478363;0.020581190707162023;0.4900267496705055;0.3402559533715248;0.049065995030105114;0.4638470510641734;0.5475731690724691;-0.2855881253878276;0.46745361884435016;0.3281700015068054;-0.3713732957839966;;acercandose
0.9;0.46567702293395996;0.37421995401382446;0.24134264886379242;0.4399365186691284;0.37328222393989563;0.1686757653951645;0.4832538068294525;0.387694776058197;0.20354107022285461;0.42916104197502136;0.312722384929657;0.08423386514186859;0.4955594539642334;0.3389909565448761;0.11292348057031631;0.4431045353412628;0.32982137799263;-0.013396997936069965;0.48131421208381653;0.31851527094841003;0.013197368010878563;0.42998775839805603;0.42691072821617126;-0.10551339387893677;0.4890087842941284;0.3502768874168396;-0.14895834028720856;0.4599349319934845;0.37360252141952516;0.2482428252696991;0.4363095611333847;0.2985588610172272;0.015268289018422365;0.48817839473485947;0.33689139038324356;0.03531472198665142;0.4633697768052419;0.5380759239196777;-0.2592124144236247;0.4691627522309621;0.30875198046366376;-0.34631062547365826;;acercandose
0.93;0.4659230709075928;0.3700474798679352;0.2081897258758545;0.4407542645931244;0.38118743896484375;0.14047320187091827;0.4837866425514221;0.3827533423900604;0.19432111084461212;0.4287170469760895;0.3614496886730194;0.02310464158654213;0.49459004402160645;0.33363378047943115;0.09248519688844681;0.4434104561805725;0.3337370455265045;-0.014404905028641224;0.48245176672935486;0.3190644383430481;0.014201267622411251;0.42965269088745117;0.42386290431022644;-0.10799147188663483;0.4890003204345703;0.33269980549812317;-0.1586717963218689;0.4601421743631363;0.37010141611099245;0.21055714040994644;0.4363970309495926;0.40591053664684296;-0.09243788197636604;0.48735154420137405;0.32585764676332474;-0.014844321180135012;0.463349183400472;0.5443166494369507;-0.2665283779303233;0.46903743346532184;0.28786025444666546;-0.37448325753211975;;acercandose
0.97;0.4661249816417694;0.36517855525016785;0.21389803290367126;0.44087421894073486;0.3835406005382538;0.13922110199928284;0.4842773377895355;0.37402597069740295;0.1945127695798874;0.42835620045661926;0.3978051245212555;0.03184177726507187;0.49537137150764465;0.32337266206741333;0.09419725835323334;0.4440474510192871;0.34110209345817566;-0.014268999919295311;0.4829200208187103;0.32076364755630493;0.014072727411985397;0.42609548568725586;0.42198997735977173;-0.12488395720720291;0.48845651745796204;0.30865785479545593;-0.16852323710918427;0.4602561086416245;0.36501464545726775;0.2170744776725769;0.43655914068222046;0.47428927570581436;-0.0662413239479065;0.4873095825314522;0.3174512982368469;0.015749115264043212;0.4621873398621877;0.5349936783313751;-0.28315772612889606;0.46927034854888916;0.26008087893327075;-0.3959689239660899;;acercandose
1.0;0.46652111411094666;0.3676314651966095;0.19207817316055298;0.4426612854003906;0.3843739330768585;0.14618894457817078;0.4844615161418915;0.3769192397594452;0.2031213641166687;0.43190401792526245;0.38177764415740967;0.05911705642938614;0.4921228885650635;0.32777222990989685;0.10219784826040268;0.4480012357234955;0.3393140435218811;-0.015536054037511349;0.48265624046325684;0.3200622498989105;0.01532996166497469;0.429736852645874;0.41621148586273193;-0.13797186315059662;0.48289787769317627;0.3069668412208557;-0.20778557658195496;0.4606488078832626;0.3696639001369476;0.19520817399024964;0.435542069375515;0.4435691237449646;-0.029606528114527464;0.48897596448659897;0.29915694892406464;0.019659777637571096;0.4631296892960866;0.530003160238266;-0.28677281737327576;0.47343965371449787;0.23444974919160208;-0.42061654726664227;;acercandose
1.03;0.4663243293762207;0.3704858124256134;0.20341449975967407;0.4443778991699219;0.38859933614730835;0.1464453935623169;0.48436760902404785;0.3722988963127136;0.22672052681446075;0.43404728174209595;0.37372949719429016;0.055328305810689926;0.48890262842178345;0.3241192102432251;0.14438045024871826;0.44934535026550293;0.33904942870140076;-0.023527666926383972;0.48230239748954773;0.31776347756385803;0.023358428850769997;0.4349157214164734;0.40824300050735474;-0.142540842294693;0.4829961061477661;0.3101058006286621;-0.1811782568693161;0.4610802590847015;0.37118991911411287;0.20600966960191727;0.4352247938513756;0.4065663293004036;-0.02890653256326914;0.4901641756296158;0.2892141789197922;0.05406666174530983;0.46414174636205036;0.5448705554008484;-0.2974851131439209;0.47420554359753925;0.28042320410410565;-0.3572099606196086;;acercandose
1.07;0.46617040038108826;0.3833841383457184;0.2135128229856491;0.4452732801437378;0.4044502377510071;0.15024498105049133;0.4827548563480377;0.37096163630485535;0.24454434216022491;0.4348054826259613;0.43049946427345276;0.06056459993124008;0.48209404945373535;0.32276999950408936;0.19503167271614075;0.4495079815387726;0.33842864632606506;-0.024401992559432983;0.48207172751426697;0.31579405069351196;0.02434922382235527;0.44119343161582947;0.3839501440525055;-0.13383013010025024;0.4814525246620178;0.3166443705558777;-0.1368030309677124;0.4611487627029419;0.38730757832527163;0.21335511952638625;0.4372776076197624;0.4867495447397232;0.0099483972589951;0.48959171772003174;0.29204167425632477;0.1461590714752674;0.46310773491859436;0.5366082390149435;-0.2676132768392563;0.4734174907207489;0.3282892207304637;-0.2936299641927083;;acercandose
1.1;0.4659891426563263;0.36625686287879944;0.20228706300258636;0.44517016410827637;0.3997904658317566;0.14788669347763062;0.4829999506473541;0.36339494585990906;0.2091909795999527;0.4343109428882599;0.39930397272109985;0.051484137773513794;0.48352158069610596;0.3192359209060669;0.12399667501449585;0.44933703541755676;0.339449405670166;-0.02226334623992443;0.48214566707611084;0.31597957015037537;0.022060777992010117;0.4370361864566803;0.3853994309902191;-0.13080443441867828;0.4832402765750885;0.31468668580055237;-0.15567311644554138;0.46088334619998933;0.3694004684686661;0.20474186390638352;0.4361417666077614;0.43940088897943497;-0.04298769682645798;0.4902966544032097;0.290287047624588;0.025182049721479416;0.4626397490501404;0.5333674351374308;-0.26071027914683026;0.47247111797332764;0.3018024265766144;-0.3146762549877167;;acercandose
1.13;0.4649496376514435;0.3646791875362396;0.2556656002998352;0.44498246908187866;0.3982678949832916;0.18878601491451263;0.4822862148284912;0.3644019365310669;0.2695019245147705;0.43356403708457947;0.4435410797595978;0.09112697839736938;0.4820003807544708;0.3199222683906555;0.1933899074792862;0.4491788446903229;0.33973342180252075;-0.021896641701459885;0.477986216545105;0.31647592782974243;0.02178962528705597;0.4333060383796692;0.38971996307373047;-0.17741531133651733;0.48354974389076233;0.3077457547187805;-0.19986820220947266;0.45904642045497895;0.36843785345554353;0.25965128988027575;0.4412630945444107;0.529538705945015;0.04127331357449293;0.4898383095860481;0.29327720403671265;0.10752548649907112;0.46201881766319275;0.5286885698636373;-0.3433773914972941;0.4725138247013092;0.2504410445690155;-0.41132761041323346;;acercandose
1.17;0.46436581015586853;0.37113192677497864;0.23899191617965698;0.4446483552455902;0.4027010202407837;0.17308327555656433;0.4805523157119751;0.36521974205970764;0.2551375925540924;0.4343793988227844;0.4612940847873688;0.09352585673332214;0.4772345721721649;0.32121407985687256;0.22163254022598267;0.4488700032234192;0.33955907821655273;-0.021728668361902237;0.47584405541419983;0.3168432414531708;0.0216313898563385;0.4331708252429962;0.39256495237350464;-0.1586562842130661;0.4828649163246155;0.3077333867549896;-0.18870742619037628;0.45860753655433656;0.3778920918703079;0.24322312623262404;0.4477281868457794;0.5506464391946793;0.07214391324669123;0.4763081297278404;0.2991857975721359;0.20155109837651253;0.4613773127396901;0.5256630380948385;-0.3185837467511495;0.47365731994311017;0.2402221361796061;-0.3890943129857381;;acercandose
1.2;0.4639093577861786;0.3823833465576172;0.24446766078472137;0.444469690322876;0.406943678855896;0.17078353464603424;0.4778350293636322;0.36622393131256104;0.26741310954093933;0.4491059184074402;0.487588107585907;0.08755376935005188;0.4748394787311554;0.3219618797302246;0.2614964246749878;0.44868311285972595;0.34177643060684204;-0.023785125464200974;0.47474104166030884;0.31744685769081116;0.02373722568154335;0.4349709749221802;0.4030488431453705;-0.1627093106508255;0.48290592432022095;0.31147152185440063;-0.1846849024295807;0.45843981206417084;0.388506019115448;0.24973196685314178;0.4490217790007591;0.5633386671543121;0.06523749511688948;0.4719798192381859;0.30297132581472397;0.2827986627817154;0.46103041370709735;0.5327018896738688;-0.30306654175122577;0.4731416404247284;0.26294267177581787;-0.3159244656562805;;acercandose
1.23;0.46399781107902527;0.3916087746620178;0.2391538769006729;0.44545209407806396;0.4117540419101715;0.1633470356464386;0.47637006640434265;0.3665204644203186;0.2578018009662628;0.44777628779411316;0.47437265515327454;0.08140101283788681;0.47299468517303467;0.3223392367362976;0.23967161774635315;0.4485660195350647;0.3413671553134918;-0.025810938328504562;0.47344350814819336;0.31766462326049805;0.025762654840946198;0.4365862309932709;0.40029001235961914;-0.15848679840564728;0.478632390499115;0.3093794584274292;-0.15121904015541077;0.4586887419223785;0.39855782985687255;0.24356021732091904;0.4527382329106331;0.5667482316493988;0.059607320465147495;0.47099419683218;0.3032813295722008;0.24594372510910034;0.4599200487136841;0.5408001144727071;-0.28036370873451233;0.47233643134435016;0.2692704846461614;-0.2590247889359792;;acercandose
1.27;0.4638179540634155;0.39704278111457825;0.24042674899101257;0.44521746039390564;0.42257797718048096;0.1450154334306717;0.4750644266605377;0.36767902970314026;0.2736734449863434;0.44091591238975525;0.49763521552085876;0.05548720806837082;0.4739495515823364;0.3176243007183075;0.3015293478965759;0.4477521479129791;0.3423252999782562;-0.031249497085809708;0.4726312458515167;0.3171262741088867;0.03128336742520332;0.44851574301719666;0.3750474750995636;-0.15365399420261383;0.47302383184432983;0.3384621739387512;-0.0962352603673935;0.45874967277050016;0.4021149784326553;0.24469380378723143;0.4534761756658554;0.5780890434980392;0.042136252857744694;0.4774681329727173;0.299811989068985;0.371003121137619;0.45801552136739093;0.4844563702742259;-0.26780683795611065;0.4719614287217458;0.37065940101941425;-0.19900277256965637;;acercandose
1.3;0.4630810618400574;0.398907870054245;0.2536582350730896;0.4447154700756073;0.4250677525997162;0.16186806559562683;0.4747868776321411;0.36937016248703003;0.2882343828678131;0.43398770689964294;0.4890654385089874;0.0844612643122673;0.47514623403549194;0.31859254837036133;0.306246280670166;0.4475957453250885;0.34538301825523376;-0.03279360756278038;0.4710690975189209;0.3166143000125885;0.03281556814908981;0.44451117515563965;0.3774857521057129;-0.16443046927452087;0.46956029534339905;0.3057323098182678;-0.08573727309703827;0.4580085605382919;0.40122446715831755;0.257828526198864;0.4528772011399269;0.573531448841095;0.08933662064373493;0.48447590321302414;0.30052297562360764;0.3604806214570999;0.4570847153663635;0.5206229984760284;-0.30558361609776813;0.4691748817761739;0.3081662754217784;-0.18764951328436533;;acercandose
1.33;0.4622122645378113;0.4075848162174225;0.24723686277866364;0.44741809368133545;0.4448283910751343;0.1542423516511917;0.46911174058914185;0.3927740752696991;0.28111037611961365;0.43831363320350647;0.5145278573036194;0.08447495102882385;0.467442125082016;0.33498749136924744;0.3073105812072754;0.45024582743644714;0.3468131721019745;-0.036489393562078476;0.46674469113349915;0.31758466362953186;0.036557357758283615;0.4427257180213928;0.37529629468917847;-0.18067507445812225;0.466825008392334;0.27006134390830994;-0.08339409530162811;0.4567772656679153;0.4139096051454544;0.25009668320417405;0.45345229655504227;0.5872082859277725;0.0923622939735651;0.46730007231235504;0.30320242047309875;0.36555425077676773;0.45766082406044006;0.530537744363149;-0.2968107561270396;0.4675390024979909;0.22303142150243124;-0.17090698579947153;;acercandose
1.4;0.46048879623413086;0.42470017075538635;0.22395813465118408;0.44583359360694885;0.43691402673721313;0.1777798980474472;0.4749102294445038;0.42872384190559387;0.22083799540996552;0.4344242811203003;0.5166432857513428;0.10960272699594498;0.46787816286087036;0.39230260252952576;0.25784167647361755;0.44804900884628296;0.3276852071285248;-0.011286554858088493;0.4719806909561157;0.323698490858078;0.011180808767676353;0.4380418360233307;0.35425907373428345;-0.19400689005851746;0.4709961712360382;0.285138875246048;-0.2156522572040558;0.4556952714920044;0.4317562639713287;0.23149846345186234;0.4449484720826149;0.5946681946516037;0.10571262426674366;0.4671773985028267;0.3714404031634331;0.37382499128580093;0.45042896270751953;0.4442649980386098;-0.34773390491803485;0.46074453989664715;0.1953323781490326;-0.39582861463228863;;acercandose
1.43;0.46084609627723694;0.47165247797966003;0.0657992959022522;0.4402209222316742;0.4777809679508209;0.04815806448459625;0.47632986307144165;0.4484317898750305;0.12756945192813873;0.4346063435077667;0.5216251015663147;-0.045513179153203964;0.4679313600063324;0.3864313066005707;0.17358843982219696;0.44655725359916687;0.33198943734169006;-0.015040901489555836;0.4730454087257385;0.3271375000476837;0.014985750429332256;0.43617644906044006;0.2932190001010895;-0.14900393784046173;0.46584150195121765;0.28195029497146606;-0.22339697182178497;0.4566526055335999;0.4835191786289215;0.0635452102869749;0.45007938891649246;0.5957215875387192;-0.09834147244691849;0.4657268226146698;0.3192666992545128;0.22830473631620407;0.4472194015979767;0.2745857238769531;-0.29240016142527264;0.461101233959198;0.21293330192565918;-0.5469614863395691;;acercandose
1.47;0.46299663186073303;0.49103203415870667;0.00637063616886735;0.438702791929245;0.48712486028671265;-0.015036556869745255;0.477703332901001;0.460652619600296;0.08975060284137726;0.4353002905845642;0.5247548818588257;-0.12565495073795319;0.4690728485584259;0.39008161425590515;0.14436963200569153;0.44603607058525085;0.33289214968681335;-0.019211305305361748;0.4733266532421112;0.3285442590713501;0.01911330409348011;0.43284478783607483;0.2905076742172241;-0.12558527290821075;0.46413832902908325;0.2775762975215912;-0.23387417197227478;0.4590978533029556;0.5038900136947632;0.0002459702780470252;0.453882098197937;0.5991775095462799;-0.19980715960264206;0.4657308980822563;0.32591401040554047;0.1795445866882801;0.4470460017522176;0.2732972204685211;-0.23755445082982382;0.46162548661231995;0.21071536342302957;-0.5532719492912292;;acercandose
1.5;0.46068960428237915;0.4682091474533081;0.12152836471796036;0.4377813935279846;0.4727691411972046;0.08434850722551346;0.4769977629184723;0.4573502838611603;0.15371201932430267;0.4331759810447693;0.5246381163597107;0.0036347985733300447;0.46868324279785156;0.3896637260913849;0.19791802763938904;0.4438614845275879;0.3352389633655548;-0.02194838412106037;0.4705379009246826;0.3283025026321411;0.02189555950462818;0.4260842800140381;0.348298043012619;-0.15456423163414001;0.46491339802742004;0.2748910188674927;-0.18783439695835114;0.4556686729192734;0.47842869758605955;0.12357865199446678;0.450431264936924;0.5949892699718475;-0.02474653860554099;0.46358873695135117;0.3368130549788475;0.2748555913567543;0.4481158455212911;0.5073532064755758;-0.24821574985980988;0.46290744344393414;0.20934301614761353;-0.306458701690038;;acercandose
1.53;0.4604778587818146;0.41160574555397034;0.18719378113746643;0.43582966923713684;0.41051867604255676;0.15466898679733276;0.47743621468544006;0.4194193482398987;0.21229864656925201;0.42028099298477173;0.3755224049091339;0.057624101638793945;0.47138988971710205;0.38240954279899597;0.15032227337360382;0.44152188301086426;0.33502817153930664;-0.021138593554496765;0.4688161313533783;0.3286606967449188;0.020991405472159386;0.42467764019966125;0.4287647306919098;-0.13908644020557404;0.4710041880607605;0.32267963886260986;-0.2273496836423874;0.4551695317029953;0.4156854450702667;0.19146212488412856;0.43313512951135635;0.388545498251915;-0.015173268038779497;0.4690055474638939;0.3489311560988426;0.0883120521903038;0.45872413118680316;0.5886443456013998;-0.2694738606611888;0.4655994673569997;0.26196839412053424;-0.3816889524459839;;acercandose
1.6;0.45130690932273865;0.20249079167842865;-0.17489789426326752;0.48380163311958313;0.24793140590190887;-0.06323166936635971;0.4294411540031433;0.2524520754814148;-0.06906141340732574;0.4942295551300049;0.32149794697761536;-0.02753598429262638;0.42191603779792786;0.3313155770301819;-0.046745382249355316;0.47427091002464294;0.3961181342601776;-0.0017871923046186566;0.4441233277320862;0.39775076508522034;0.0017423756653442979;0.4744814336299896;0.5118757486343384;-0.007106476463377476;0.44750484824180603;0.5170698761940002;0.004828275181353092;0.4559146076440811;0.18530476540327073;-0.17551877424120904;0.4951040968298912;0.4017457440495491;-0.10114424116909504;0.4309639036655426;0.41661545634269714;-0.12242100574076176;0.47401393453280133;0.6189554333686829;0.0965851570169131;0.456200232108434;0.6218030055363973;0.10045279438296954;;acercandose
1.63;0.4512491524219513;0.20263290405273438;-0.15407632291316986;0.48375317454338074;0.2479730248451233;-0.04911630600690842;0.4291839003562927;0.2529427111148834;-0.0535290464758873;0.4941224455833435;0.3227863013744354;-0.01311685610562563;0.4218253791332245;0.3332170248031616;-0.03149203956127167;0.47407880425453186;0.3964601159095764;-0.0019391600508242846;0.4441201090812683;0.39831826090812683;0.0018980788299813867;0.47403278946876526;0.5128180980682373;-0.005067356396466494;0.4476233422756195;0.5170186758041382;0.00622943602502346;0.45587352216243743;0.18565959632396697;-0.1547454223036766;0.495002917945385;0.40257468819618225;-0.08590843342244625;0.43090301752090454;0.4187901169061661;-0.1045183315873146;0.4747905631860097;0.6273965239524841;0.05725020651395122;0.45628251632054645;0.6226296027501425;0.08351545160015424;;acercandose
1.67;0.451079398393631;0.20287829637527466;-0.14582279324531555;0.4837470054626465;0.2482638657093048;-0.04472469910979271;0.42879921197891235;0.253960520029068;-0.04587110877037048;0.4940955936908722;0.32496270537376404;-0.011975503526628017;0.4215772747993469;0.3354696035385132;-0.025750506669282913;0.47405678033828735;0.3976916968822479;-0.003168218769133091;0.4441169202327728;0.4001765549182892;0.003141688881441951;0.47380539774894714;0.5152852535247803;-0.006029543932527304;0.4477154314517975;0.517595648765564;0.014954129233956337;0.45572090446949004;0.18622468858957292;-0.14641857594251634;0.4948846697807312;0.40435877442359924;-0.08700394071638584;0.4307721480727196;0.4202645495533943;-0.10091559030115604;0.47570672631263733;0.6346607009569804;0.042498478665947914;0.4563681185245514;0.6235628525416056;0.08915986369053523;;acercandose
1.7;0.4509815573692322;0.2034526914358139;-0.14677022397518158;0.48379412293434143;0.24924947321414948;-0.04539760574698448;0.42830976843833923;0.25504252314567566;-0.049550388008356094;0.4940755367279053;0.3267960250377655;-0.011837644502520561;0.4212290644645691;0.3380967080593109;-0.029869338497519493;0.4740382730960846;0.3994470238685608;-0.003159893909469247;0.44409793615341187;0.4023858308792114;0.0031347679905593395;0.4738059937953949;0.5172181129455566;-0.003965281415730715;0.44781064987182617;0.5186440348625183;0.015170805156230927;0.45561515986919404;0.1870531141757965;-0.14718987196683883;0.4947946220636368;0.40491971373558044;-0.08411039412021637;0.4305582642555237;0.4225272536277771;-0.10319129005074501;0.475932111342748;0.637498160203298;0.03879623177150885;0.45641939838727313;0.624778946240743;0.0864207074046135;;acercandose
1.73;0.4509083330631256;0.20439264178276062;-0.14888803660869598;0.4838739335536957;0.25056058168411255;-0.04767846316099167;0.428088515996933;0.25648796558380127;-0.05024125799536705;0.4940420985221863;0.32887059450149536;-0.014524710364639759;0.42115259170532227;0.34118160605430603;-0.0312967374920845;0.47406303882598877;0.4026816487312317;-0.003969266079366207;0.4441134035587311;0.40591827034950256;0.003950479906052351;0.47380903363227844;0.5201104879379272;-0.006623666267842054;0.44789424538612366;0.5208095908164978;0.021873975172638893;0.45552743375301363;0.1881075993180275;-0.149311613291502;0.49473369866609573;0.40768542885780334;-0.0859004333615303;0.4305281266570091;0.42546748369932175;-0.10602714493870735;0.47564374407132465;0.6392953197161356;0.047637419464687504;0.4565122326215108;0.6248397429784139;0.10898025085528691;;acercandose
1.77;0.4509090185165405;0.20557835698127747;-0.15297909080982208;0.4842744469642639;0.2531212270259857;-0.05417592450976372;0.4281008839607239;0.2578171193599701;-0.05050741508603096;0.49404165148735046;0.3332001268863678;-0.02799680456519127;0.42094752192497253;0.3429740071296692;-0.035556044429540634;0.47423720359802246;0.40542522072792053;-0.004069634713232517;0.44414031505584717;0.4078703224658966;0.004052266012877226;0.4738120436668396;0.5231660604476929;-0.0069804079830646515;0.44794762134552;0.5221264362335205;0.026693904772400856;0.4555221974849701;0.1893095150589943;-0.15324179381132125;0.494563952088356;0.41309288889169693;-0.1091877706348896;0.4305107817053795;0.4284910708665848;-0.11061304435133934;0.4750148554642995;0.6412204106648763;0.04296758289759358;0.45644821723302204;0.6250747839609782;0.11508396516243617;;acercandose
1.8;0.4510282874107361;0.20640042424201965;-0.16809825599193573;0.4849817156791687;0.25552448630332947;-0.06638097018003464;0.428187757730484;0.2590446174144745;-0.06940869241952896;0.4940078556537628;0.33706092834472656;-0.03863999992609024;0.4208230674266815;0.3450150489807129;-0.05252249911427498;0.4744126796722412;0.40768036246299744;-0.003949275705963373;0.44410768151283264;0.4101276695728302;0.003927538171410561;0.4738556146621704;0.5256505012512207;-0.010537102818489075;0.4481319487094879;0.5244429707527161;0.03390027955174446;0.45567868947982787;0.19013595432043076;-0.1687489815056324;0.4945792555809021;0.4198802262544632;-0.12016218714416027;0.43051420897245407;0.4314926788210869;-0.12656482122838497;0.4746505816777547;0.6450101534525553;0.041657740250229836;0.45633842547734577;0.6251121362050375;0.15717989951372147;;acercandose
1.83;0.4516456425189972;0.20761041343212128;-0.17306676506996155;0.4859236478805542;0.25670549273490906;-0.06830043345689774;0.4284995496273041;0.2604035437107086;-0.07161414623260498;0.49405378103256226;0.3390226364135742;-0.043165840208530426;0.4208260774612427;0.3476729691028595;-0.05310273543000221;0.47449153661727905;0.4102362096309662;-0.003865008009597659;0.44410616159439087;0.41286271810531616;0.003838634118437767;0.47370949387550354;0.5290288925170898;-0.022376397624611855;0.4485539197921753;0.530541718006134;0.02931399643421173;0.4562333881855011;0.1910427764058113;-0.17385628893971444;0.49474944174289703;0.42296065390110016;-0.13592862337827682;0.43049103021621704;0.4352618679404259;-0.1326120886951685;0.47276708483695984;0.6475644707679749;0.04915161836349095;0.4563148419062297;0.6215265591939291;0.19630821545918783;;acercandose
1.87;0.4527703523635864;0.20804454386234283;-0.17976194620132446;0.48689234256744385;0.25726887583732605;-0.07207983732223511;0.4290062189102173;0.2617162764072418;-0.07631276547908783;0.49407756328582764;0.34020766615867615;-0.04580410569906235;0.42127785086631775;0.3489232361316681;-0.05751683935523033;0.4748767018318176;0.41272926330566406;-0.003602210897952318;0.4442610442638397;0.41509994864463806;0.0035667303018271923;0.47348177433013916;0.5328069925308228;-0.029739996418356895;0.4485621154308319;0.5323683023452759;0.027373183518648148;0.45718327462673186;0.19138630032539367;-0.1808677114546299;0.4950955882668495;0.4260944426059723;-0.13817888125777245;0.43049825727939606;0.4390488713979721;-0.13842029683291912;0.471358189980189;0.6534550388654073;0.0518700312046955;0.4565175473690033;0.6179437041282654;0.21279865503311157;;acercandose
1.9;0.4540768265724182;0.2081872671842575;-0.17944033443927765;0.48794347047805786;0.2573074698448181;-0.06856412440538406;0.42972999811172485;0.2621651887893677;-0.07787027955055237;0.4944697320461273;0.34067538380622864;-0.04057767242193222;0.4220499098300934;0.3505175709724426;-0.05874057486653328;0.47590070962905884;0.41559961438179016;-0.0012856288813054562;0.4446447491645813;0.41763409972190857;0.0012401159619912505;0.47343480587005615;0.5360650420188904;-0.053706854581832886;0.44856491684913635;0.5360971093177795;0.02563326060771942;0.4585549980401993;0.19138450026512147;-0.18055580481886863;0.4957841485738754;0.42930882424116135;-0.1325511336326599;0.4305403232574463;0.4412234202027321;-0.13924605026841164;0.4713398814201355;0.6634803811709086;0.022844279805819195;0.456231822570165;0.618394653002421;0.22059265772501627;;acercandose
1.93;0.45498624444007874;0.20812365412712097;-0.1760159134864807;0.4894340932369232;0.25713974237442017;-0.05782196670770645;0.4307876527309418;0.26206812262535095;-0.07486072927713394;0.495778352022171;0.34161773324012756;-0.03061837889254093;0.42326080799102783;0.35082972049713135;-0.05540737509727478;0.47699645161628723;0.41720646619796753;0.003059917129576206;0.4451044797897339;0.419060081243515;-0.0031094925943762064;0.473405122756958;0.5403295755386353;-0.048920344561338425;0.44843679666519165;0.5414260625839233;0.010159306228160858;0.4597719252109528;0.1913042187690735;-0.17726224884390832;0.4966418594121933;0.42979760468006134;-0.12596149370074272;0.43057943880558014;0.4421078935265541;-0.13672143034636974;0.4712613821029663;0.6690494616826376;0.03206221635142962;0.4553649127483368;0.6174476742744446;0.2139137089252472;;acercandose
1.97;0.45638221502304077;0.2078825980424881;-0.18193580210208893;0.49120134115219116;0.25725114345550537;-0.0580933503806591;0.4319226145744324;0.26182618737220764;-0.07791762799024582;0.4964882433414459;0.34648409485816956;-0.03116788901388645;0.42446160316467285;0.35051819682121277;-0.05942758545279503;0.4782087802886963;0.4194470942020416;0.004792402032762766;0.44543495774269104;0.42064419388771057;-0.004851760342717171;0.4734981060028076;0.5445082783699036;-0.06966892629861832;0.4480533003807068;0.5467653274536133;0.0016536355251446366;0.46137615442276003;0.19061323553323745;-0.18356700018048286;0.49782853573560715;0.43331900238990784;-0.1356162652373314;0.4306067079305649;0.4414762035012245;-0.14684610441327095;0.4711769123872121;0.6717967987060547;0.027958125496904056;0.45403628547986347;0.6138339837392172;0.2355968952178955;;acercandose
2.0;0.4571632146835327;0.20630274713039398;-0.18085546791553497;0.4932820796966553;0.2570802569389343;-0.04966668412089348;0.4329162836074829;0.26173436641693115;-0.07570333033800125;0.49816828966140747;0.3457757532596588;-0.024480784311890602;0.4252510666847229;0.3506316542625427;-0.05753525346517563;0.47943633794784546;0.4207601547241211;0.008462201803922653;0.4456669092178345;0.4211999475955963;-0.008523312397301197;0.47382548451423645;0.5459851026535034;-0.05907129868865013;0.44774413108825684;0.5496271848678589;-0.010792923159897327;0.4622857630252838;0.18821147829294205;-0.17979497760534285;0.49942445755004883;0.43296150118112564;-0.13205942511558533;0.4306250885128975;0.44122420996427536;-0.14049584791064262;0.4709174633026123;0.6738250851631165;0.03360652426878611;0.4528556267420451;0.612550695737203;0.22977003951867422;;acercandose
2.03;0.4576335549354553;0.20435044169425964;-0.17971330881118774;0.49397897720336914;0.2570566236972809;-0.05208493769168854;0.43372398614883423;0.2611813545227051;-0.07612825185060501;0.4994637966156006;0.34804829955101013;-0.02491019107401371;0.426104873418808;0.35023194551467896;-0.05603126436471939;0.4799835979938507;0.4214736819267273;0.007978837937116623;0.44602862000465393;0.4209269881248474;-0.008043954148888588;0.47398465871810913;0.5493994355201721;-0.04908091574907303;0.447239488363266;0.5492507219314575;-0.014743478037416935;0.4629946619272232;0.18592260032892227;-0.18002009838819505;0.501132920384407;0.43754298985004425;-0.12880747579038143;0.43067561089992523;0.4414876103401184;-0.13854819349944592;0.47062843044598895;0.6741100152333578;0.07488949845234553;0.4512364864349365;0.6134824951489767;0.23446188867092133;;acercandose
2.07;0.45802560448646545;0.20222441852092743;-0.17802484333515167;0.4943322539329529;0.2566774785518646;-0.04974503442645073;0.4339960515499115;0.2599530518054962;-0.07519272714853287;0.5009549260139465;0.34670746326446533;-0.017024267464876175;0.4260914921760559;0.3499734103679657;-0.05297398194670677;0.4807497560977936;0.42143306136131287;0.008207552134990692;0.44660598039627075;0.42031511664390564;-0.008269226178526878;0.47426533699035645;0.5499218702316284;-0.0453476719558239;0.4471857249736786;0.5477675795555115;-0.012694654986262321;0.4636059820652008;0.18375771045684813;-0.17837513089179993;0.5028100609779358;0.43785733729600906;-0.11843668855726719;0.43070462346076965;0.4413853585720062;-0.13744713366031647;0.4704744617144267;0.6733656724294027;0.07997160653273265;0.44935619831085205;0.614266832669576;0.22284348805745444;;acercandose
2.1;0.45851683616638184;0.20033511519432068;-0.1775341033935547;0.4949344992637634;0.25604674220085144;-0.04796106368303299;0.4342443346977234;0.25862330198287964;-0.07482756674289703;0.502303421497345;0.34625810384750366;-0.013218868523836136;0.42620664834976196;0.34986305236816406;-0.051173582673072815;0.48113131523132324;0.421957790851593;0.009762260131537914;0.44697484374046326;0.4199042320251465;-0.009831969626247883;0.47453945875167847;0.5511541366577148;-0.04475393518805504;0.4471435844898224;0.5467025637626648;-0.018763719126582146;0.46415949463844297;0.18183196038007737;-0.17818178832530976;0.5047987103462219;0.43855120241642;-0.11631257459521294;0.4307353347539902;0.4413851872086525;-0.13668866455554962;0.4702639977137248;0.6734411319096884;0.09147288898626964;0.4482613702615102;0.618776281674703;0.21747594078381857;;acercandose
2.13;0.4590569734573364;0.19904254376888275;-0.18980355560779572;0.4955070912837982;0.25517070293426514;-0.05603891611099243;0.43446657061576843;0.25736096501350403;-0.08159394562244415;0.5033997297286987;0.3458488881587982;-0.016495322808623314;0.42624491453170776;0.34912821650505066;-0.051604270935058594;0.48140791058540344;0.42177698016166687;0.00953376479446888;0.44721096754074097;0.4195672571659088;-0.00961743202060461;0.47508764266967773;0.5533745288848877;-0.030638162046670914;0.4469487965106964;0.5466364026069641;-0.019465025514364243;0.4646859854459763;0.18044115900993346;-0.19123422130942344;0.5068451762199402;0.43978260457515717;-0.11550384573638439;0.4306853264570236;0.44147925823926926;-0.13626259937882423;0.4700310428937276;0.6739768981933594;0.11122172822554906;0.4470159411430359;0.635222335656484;0.19228691359361014;;acercandose
2.17;0.45919591188430786;0.19824917614459991;-0.19149965047836304;0.4958423972129822;0.2547251284122467;-0.06268757581710815;0.43478721380233765;0.25611576437950134;-0.07963922619819641;0.5043199062347412;0.34563979506492615;-0.018181584775447845;0.4264519512653351;0.34736165404319763;-0.044200316071510315;0.4813712537288666;0.42177078127861023;0.008778982795774937;0.4472218155860901;0.4193122088909149;-0.008893056772649288;0.47525960206985474;0.5543973445892334;-0.016288932412862778;0.4464053809642792;0.547371506690979;-0.018929949030280113;0.4649572014808655;0.17962484210729598;-0.19330548346042634;0.508420467376709;0.4393879398703575;-0.11069559305906296;0.43038615584373474;0.44163357466459274;-0.1266469545662403;0.46968455115954083;0.6755387187004089;0.11698394765456517;0.4462715685367584;0.6571968595186869;0.12662011881669363;;acercandose
2.2;0.4592263102531433;0.19787929952144623;-0.1887640357017517;0.4962470233440399;0.2546992599964142;-0.06223265454173088;0.43493083119392395;0.25564223527908325;-0.07843603193759918;0.5048396587371826;0.3470933139324188;-0.018283748999238014;0.4266479015350342;0.34733858704566956;-0.04107556864619255;0.48137417435646057;0.42318007349967957;0.008574985899031162;0.447216659784317;0.4199822247028351;-0.00868901889771223;0.47546687722206116;0.557236909866333;-0.005500372964888811;0.4464080035686493;0.5515354871749878;-0.016144663095474243;0.46512270271778106;0.17926897555589677;-0.1905328780412674;0.5090763419866562;0.43966706097126007;-0.10680381581187248;0.43007776886224747;0.44182252883911133;-0.12402189895510674;0.4693883458773295;0.6797171433766683;0.1096074382464091;0.44626731673876446;0.6758961280186971;0.09755062436064084;;acercandose
2.23;0.459619402885437;0.19807015359401703;-0.18604280054569244;0.49657735228538513;0.2547243535518646;-0.047019172459840775;0.43499141931533813;0.25568610429763794;-0.07080882787704468;0.5050919651985168;0.3472699522972107;-4,09E+11;0.4265826940536499;0.3478946089744568;-0.03621331602334976;0.4815901219844818;0.42571014165878296;0.0094266626983881;0.4472024738788605;0.4222673773765564;-0.009502614848315716;0.4754442870616913;0.561194121837616;-0.005242628511041403;0.4464206397533417;0.5582551956176758;-0.020396510139107704;0.465461990237236;0.1792485609650612;-0.1876764677464962;0.5091124176979065;0.44047363102436066;-0.09191195480525494;0.4293366000056267;0.443477101624012;-0.121957803145051;0.4685075581073761;0.6835359930992126;0.10787040740251541;0.4464095135529836;0.6915505528450012;0.07569625570128362;;acercandose
2.27;0.45971250534057617;0.19862310588359833;-0.19533173739910126;0.49681025743484497;0.25598305463790894;-0.053869109600782394;0.4349120259284973;0.25593701004981995;-0.07985050976276398;0.5047574043273926;0.35024839639663696;-0.011889477260410786;0.42652809619903564;0.34973809123039246;-0.046512067317962646;0.4816772937774658;0.4289715886116028;0.01147275511175394;0.4471927583217621;0.42575258016586304;-0.011504579335451126;0.47552016377449036;0.5641332268714905;0.03623799607157707;0.4464772641658783;0.5647239089012146;-0.03672458231449127;0.46558280289173126;0.1795039877295494;-0.1970254212617874;0.5083363950252533;0.44287168979644775;-0.11263087764382362;0.4285264164209366;0.4463060572743416;-0.1368398331105709;0.46861029664675397;0.6873806317647299;0.14283382395903269;0.4455175002415975;0.7078590393066406;0.010133787989616394;;acercandose
2.3;0.45973607897758484;0.19953323900699615;-0.19217334687709808;0.4972520172595978;0.25732937455177307;-0.04616035521030426;0.43489497900009155;0.2566384971141815;-0.07474564760923386;0.5046932101249695;0.3519308865070343;-0.009332802146673203;0.4264906048774719;0.3511520326137543;-0.04423971474170685;0.48163655400276184;0.43194666504859924;0.013834547251462936;0.44711390137672424;0.429232656955719;-0.01384403370320797;0.4758356809616089;0.5651730895042419;0.04599211737513542;0.44649314880371094;0.569281816482544;-0.045701172202825546;0.4656562626361847;0.180075740814209;-0.1945984482765198;0.507957249879837;0.44339094310998917;-0.11270735785365105;0.42831290513277054;0.44760507345199585;-0.13498891331255436;0.46878330906232196;0.6852258245150248;0.18151668210824332;0.44391541679700214;0.7116764982541403;-0.005290911843379338;;acercandose
2.33;0.45965614914894104;0.20126479864120483;-0.17913533747196198;0.49749723076820374;0.2583298087120056;-0.04756222292780876;0.4346556067466736;0.259129136800766;-0.06649316847324371;0.5051025748252869;0.3518941104412079;-0.013681666925549507;0.425702840089798;0.35548311471939087;-0.039156634360551834;0.4817640781402588;0.4354702830314636;0.012824365869164467;0.4469618797302246;0.4335121214389801;-0.012861844152212143;0.4761067032814026;0.5674111843109131;0.047793786972761154;0.44642722606658936;0.5721852779388428;-0.04832112416625023;0.4656043916940689;0.18174638599157333;-0.18064237087965013;0.5076061934232712;0.4445403814315796;-0.11724092438817024;0.4278230518102646;0.452852763235569;-0.1280383002012968;0.4688460131486257;0.6846246719360352;0.1647396758198738;0.44379674394925434;0.7100024620691935;-0.014410549774765968;;acercandose
2.37;0.4595486521720886;0.203545942902565;-0.18326956033706665;0.49762776494026184;0.2607404589653015;-0.051221661269664764;0.43398386240005493;0.2620948851108551;-0.0708107203245163;0.5052998661994934;0.35499101877212524;-0.028575148433446884;0.4246966540813446;0.3593544363975525;-0.047505803406238556;0.48179903626441956;0.43903249502182007;0.015642883256077766;0.4468042254447937;0.43770280480384827;-0.01567135937511921;0.47655683755874634;0.5687578320503235;0.08480214327573776;0.44644370675086975;0.5747967958450317;-0.07956834137439728;0.4654622882604599;0.18399821370840072;-0.18451434671878814;0.5074429959058762;0.4483523592352867;-0.13425563648343086;0.42700985819101334;0.4590820372104645;-0.13753280229866505;0.46884722510973614;0.6835631728172302;0.21008209387461343;0.44410563508669537;0.7146224578221639;-0.07743498310446739;;acercandose
2.4;0.45936059951782227;0.20528371632099152;-0.19367165863513947;0.49755996465682983;0.26307204365730286;-0.06312939524650574;0.43299368023872375;0.26448825001716614;-0.07362214475870132;0.5051610469818115;0.3596651256084442;-0.03703377768397331;0.4233478307723999;0.3628363013267517;-0.04934961348772049;0.48176753520965576;0.44326266646385193;0.013955832459032536;0.44623494148254395;0.44199955463409424;-0.013946165330708027;0.4765535295009613;0.5746108889579773;0.06596365571022034;0.4464370012283325;0.5809078812599182;-0.06373906880617142;0.46529697477817533;0.18559937328100204;-0.19521626383066176;0.5073559433221817;0.45494072139263153;-0.14118228666484356;0.42596113681793213;0.4629589840769768;-0.14190092124044895;0.46886882185935974;0.6836645007133484;0.22768719494342804;0.44483111302057904;0.722279409567515;-0.03842973134790858;;acercandose
2.43;0.45877179503440857;0.20699550211429596;-0.1925947070121765;0.4974519610404968;0.26611727476119995;-0.06099017709493637;0.4317038655281067;0.2675468325614929;-0.0758807361125946;0.504555881023407;0.36447593569755554;-0.03344546630978584;0.42147788405418396;0.36664965748786926;-0.057041019201278687;0.48171496391296387;0.44648346304893494;0.015330997295677662;0.44532713294029236;0.4465337097644806;-0.015325046144425869;0.47656166553497314;0.5771133303642273;0.052453260868787766;0.44678035378456116;0.5866977572441101;-0.0730031356215477;0.4648703634738922;0.18729224503040315;-0.1939339056611061;0.5069696456193924;0.46071505546569824;-0.13457859680056572;0.4238376095890999;0.46976324170827866;-0.15078162774443626;0.46890369057655334;0.6856604019800822;0.23911902805169424;0.44854193925857544;0.7285996675491333;-0.04367643470565478;;acercandose
2.47;0.4578888714313507;0.20803889632225037;-0.19521395862102509;0.4974285960197449;0.267817884683609;-0.05993706360459328;0.4302043616771698;0.26955458521842957;-0.07702896744012833;0.503420889377594;0.3688293397426605;-0.030323604121804237;0.42032894492149353;0.3694281280040741;-0.05713503807783127;0.4812188446521759;0.4500909149646759;0.015383700840175152;0.443926066160202;0.45019155740737915;-0.015384425409138203;0.47644877433776855;0.578569233417511;0.060844458639621735;0.4468761682510376;0.5907318592071533;-0.0851258859038353;0.4642410337924957;0.18816104978322984;-0.1961456522345543;0.5059261322021484;0.46674682199954987;-0.13368692435324192;0.420995369553566;0.4725300967693329;-0.15114588290452957;0.46919795870780945;0.6855200330416361;0.2771272559960683;0.45048293471336365;0.7379432320594788;-0.06180970432857672;;acercandose
2.5;0.4575122594833374;0.20825719833374023;-0.22736719250679016;0.497358113527298;0.27040183544158936;-0.08161110430955887;0.42869216203689575;0.2713452875614166;-0.10158547013998032;0.5030423402786255;0.3762783408164978;-0.04582595080137253;0.41865935921669006;0.3725613057613373;-0.07529404014348984;0.4804361164569855;0.4514242708683014;0.014913070946931839;0.4421907961368561;0.4525068402290344;-0.014933241531252861;0.47633278369903564;0.5803505778312683;0.07939650863409042;0.4468773901462555;0.593761146068573;-0.0828179121017456;0.4639067709445953;0.18807387799024583;-0.22839493453502654;0.5058798342943192;0.4736733138561249;-0.14994338154792786;0.418695792555809;0.4773113951086998;-0.16693146154284477;0.4705025355021159;0.6843498150507609;0.31731512149175006;0.4516469935576121;0.7452748616536459;-0.05590932567914327;;acercandose
2.53;0.45710107684135437;0.20806442201137543;-0.22699692845344543;0.49722641706466675;0.26975804567337036;-0.0806993618607521;0.42715927958488464;0.27062076330184937;-0.10148487240076065;0.5028067827224731;0.37613508105278015;-0.03967176377773285;0.4169946014881134;0.3718031048774719;-0.07316479831933975;0.47956764698028564;0.45208337903022766;0.0146710816770792;0.44112053513526917;0.45367857813835144;-0.014691327698528767;0.47633498907089233;0.5849708914756775;0.0622166246175766;0.44693708419799805;0.600128710269928;-0.04628966376185417;0.46342405676841736;0.18715676069259643;-0.2283638149499893;0.5058166980743408;0.47585243731737137;-0.14469436928629875;0.416435644030571;0.4764709770679474;-0.16541343927383423;0.4703666965166728;0.6808282335599264;0.3036176860332489;0.45255937178929645;0.7475452025731405;0.02746266374985377;;acercandose
2.57;0.45616716146469116;0.2066330760717392;-0.23584936559200287;0.49690139293670654;0.26915833353996277;-0.09230075031518936;0.42571812868118286;0.2702149748802185;-0.10371827334165573;0.5027030110359192;0.37526461482048035;-0.04779326543211937;0.4163825213909149;0.3712203800678253;-0.07473123073577881;0.47878625988960266;0.4523387849330902;0.010140680707991123;0.4399336576461792;0.45373570919036865;-0.010176949203014374;0.4767778217792511;0.5889410376548767;-0.0025554876774549484;0.4469872713088989;0.6026310324668884;-0.025987330824136734;0.46243240833282473;0.18468328267335893;-0.2376376822590828;0.5056901574134827;0.47684305161237717;-0.15109410509467125;0.41486430913209915;0.4779750108718872;-0.1688527949154377;0.4701811174551646;0.6745697458585104;0.29148074984550476;0.45315967003504437;0.7491731842358907;0.08466392196714878;;acercandose
2.6;0.4554944336414337;0.20359578728675842;-0.2565842866897583;0.49638864398002625;0.26870599389076233;-0.10738527774810791;0.4246426820755005;0.2699098289012909;-0.12228088825941086;0.5025182366371155;0.3743935823440552;-0.060108669102191925;0.41570189595222473;0.37148481607437134;-0.09336000680923462;0.4784758985042572;0.452182412147522;0.01014678180217743;0.4396818280220032;0.4535309970378876;-0.010190208442509174;0.47748440504074097;0.5885922312736511;0.007316925562918186;0.4470033347606659;0.6017245650291443;-0.02178676798939705;0.46160181760787966;0.18183833956718445;-0.25849062353372576;0.5055850446224213;0.47698183357715607;-0.16062001138925552;0.41359278559684753;0.48004182428121567;-0.18529321253299713;0.4704047938187917;0.6701148351033529;0.31365182995796204;0.4532305697600047;0.7502817114194235;0.09189354255795479;;acercandose
2.63;0.4548773169517517;0.2007582038640976;-0.24568143486976624;0.4960266053676605;0.2677983045578003;-0.09467561542987823;0.42411255836486816;0.26968154311180115;-0.11535981297492981;0.5025404691696167;0.37348705530166626;-0.055404916405677795;0.4150075316429138;0.37144479155540466;-0.08650314807891846;0.478393018245697;0.4524845480918884;0.010722859762609005;0.43972402811050415;0.4540059268474579;-0.01078268513083458;0.4776264429092407;0.5904781222343445;0.015554930083453655;0.4469422996044159;0.6014973521232605;-0.021291416138410568;0.46092323660850526;0.17925578802824021;-0.2473201796412468;0.5057786554098129;0.474009707570076;-0.15502941235899925;0.4131379723548889;0.4795556589961052;-0.17603816837072372;0.4713127613067627;0.6709065039952596;0.31900447607040405;0.4534103075663249;0.7484855055809021;0.08741293040414651;;acercandose
2.67;0.4541608989238739;0.1971600204706192;-0.24081110954284668;0.49576032161712646;0.26576176285743713;-0.09012355655431747;0.4236951172351837;0.2683647871017456;-0.11034474521875381;0.50267493724823;0.3714149296283722;-0.04713520407676697;0.4142192006111145;0.3710029721260071;-0.08060784637928009;0.478182315826416;0.45196446776390076;0.010893880389630795;0.43892160058021545;0.4534331262111664;-0.010958472266793251;0.4780499339103699;0.5941124558448792;-0.0022518883924931288;0.4465062618255615;0.6058654189109802;-0.01578524336218834;0.4604824870824814;0.1762046441435814;-0.24259477555751802;0.506091296672821;0.47236354649066925;-0.1448628343641758;0.41251981258392334;0.47930808365345;-0.17046625912189484;0.471294363339742;0.6773529251416525;0.2906288802623749;0.4534476598103841;0.7467148303985596;0.10784168044726054;;acercandose
2.7;0.4538743495941162;0.19483938813209534;-0.23535683751106262;0.49547484517097473;0.26348769664764404;-0.08413182199001312;0.42347168922424316;0.2654082179069519;-0.10746155679225922;0.5027751326560974;0.36764389276504517;-0.029223034158349037;0.4134942293167114;0.370635449886322;-0.07820361852645874;0.4781474769115448;0.45150190591812134;0.011947453022003174;0.4384271800518036;0.453116774559021;-0.012011172249913216;0.4785242974758148;0.5947876572608948;0.0017318548634648323;0.4462337791919708;0.6085541844367981;-0.0180816613137722;0.4601948410272598;0.17401099801063538;-0.23723704665899276;0.5067862123250961;0.4715755879878998;-0.13459585048258305;0.4116833806037903;0.4806359186768532;-0.16939789056777954;0.47199370463689166;0.6995720863342285;0.25041084984938305;0.4535238444805145;0.7484276294708252;0.10907714068889618;;acercandose
2.73;0.4538295567035675;0.19308874011039734;-0.21982993185520172;0.4952099025249481;0.261464923620224;-0.06798427551984787;0.42308321595191956;0.26391562819480896;-0.09846993535757065;0.5030738711357117;0.3661815822124481;-0.016678469255566597;0.4129484295845032;0.370323121547699;-0.0670512467622757;0.47824719548225403;0.4517574906349182;0.012020771391689777;0.43847033381462097;0.45365291833877563;-0.012085221707820892;0.4788852334022522;0.5976192355155945;0.007247247267514467;0.44600850343704224;0.6094218492507935;-0.007959021255373955;0.46013740003108977;0.17214656323194505;-0.22098605185747147;0.5072000920772552;0.4709871858358383;-0.12232357449829578;0.411903940141201;0.4804241359233856;-0.15794667229056358;0.4742102026939392;0.7271146575609843;0.18709447979927063;0.4534408251444499;0.7499212622642517;0.1269708809753259;;acercandose
2.77;0.45386847853660583;0.19245180487632751;-0.21767304837703705;0.49520254135131836;0.26064005494117737;-0.07018623501062393;0.4226212501525879;0.2636166512966156;-0.09443696588277817;0.5037570595741272;0.36574581265449524;-0.019429031759500504;0.41225311160087585;0.3701872229576111;-0.058667708188295364;0.47852277755737305;0.4520399868488312;0.008089304901659489;0.4385177195072174;0.45424678921699524;-0.008172747679054737;0.47902071475982666;0.601470947265625;0.004571075085550547;0.44582852721214294;0.6099850535392761;-0.0006248620338737965;0.46009659171104433;0.1710272863507271;-0.21886468976736068;0.5080321729183197;0.47061918675899506;-0.11813025735318661;0.4121030122041702;0.4806821420788765;-0.14573193155229092;0.47688578565915424;0.7464757363001505;0.1274265137811502;0.45315756400426227;0.7521770000457764;0.12467595065633456;;acercandose
2.8;0.4539148211479187;0.19225624203681946;-0.21822486817836761;0.4952106475830078;0.26046377420425415;-0.07061655819416046;0.4223887324333191;0.2634597420692444;-0.09465119242668152;0.5042911171913147;0.3656409680843353;-0.018567170947790146;0.41197046637535095;0.37028899788856506;-0.06008723005652428;0.47867417335510254;0.45402711629867554;0.0068404898047447205;0.4384205639362335;0.45629674196243286;-0.006925906985998154;0.47913238406181335;0.6081510782241821;-0.0037259631790220737;0.44575583934783936;0.6139068007469177;0.0036231179255992174;0.46011386513710023;0.170115365087986;-0.21932827085256576;0.5085133761167526;0.47103700041770935;-0.11709578894078732;0.41245391964912415;0.4814254865050316;-0.14814642816781998;0.4799027939637502;0.7681584556897482;0.0890496838837862;0.4527176320552826;0.7544242938359579;0.14042426645755768;;acercandose
2.83;0.45395004749298096;0.1925920844078064;-0.2117791622877121;0.4953364133834839;0.26051339507102966;-0.06567312031984329;0.4221917986869812;0.2636059522628784;-0.08943722397089005;0.5049357414245605;0.3656059801578522;-0.013350616209208965;0.4114771783351898;0.37121161818504333;-0.058017607778310776;0.4789615273475647;0.45719772577285767;0.004454925190657377;0.43836483359336853;0.46084752678871155;-0.004521387629210949;0.47915321588516235;0.6126974821090698;-0.0024771292228251696;0.4457605183124542;0.6182523369789124;0.022663520649075508;0.46018938422203065;0.16990772932767867;-0.21223503351211548;0.5097065567970276;0.4713409021496773;-0.11080800369381905;0.4126557484269142;0.48346348106861115;-0.14757484942674637;0.4816419184207916;0.7828890085220337;0.061046979700525604;0.4524926245212555;0.7580395539601644;0.148246002693971;;acercandose
2.87;0.4540349245071411;0.19313403964042664;-0.21233585476875305;0.495664119720459;0.26077157258987427;-0.06565975397825241;0.4222072660923004;0.263936847448349;-0.09036273509263992;0.5054136514663696;0.36576664447784424;-0.015138613060116768;0.4111258387565613;0.37298646569252014;-0.05814323201775551;0.4791439473628998;0.46060866117477417;0.0013495385646820068;0.4383072853088379;0.46402284502983093;-0.0013751789228990674;0.4791446924209595;0.6161705851554871;-0.01914050802588463;0.4457775056362152;0.6204412579536438;0.044664300978183746;0.4603813886642456;0.17038764506578447;-0.21304125636816024;0.5108104199171066;0.47257187962532043;-0.1120107639580965;0.4129551574587822;0.48619621992111206;-0.14907582104206085;0.48291513323783875;0.7928679386774699;0.005472730845212936;0.4526718258857727;0.7583111921946207;0.18917614221572876;;acercandose
2.9;0.4542921781539917;0.19485731422901154;-0.2196599841117859;0.49646684527397156;0.2618808150291443;-0.07493089139461517;0.42230531573295593;0.26486679911613464;-0.09474225342273712;0.5057200789451599;0.371719628572464;-0.03147004544734955;0.41093218326568604;0.3757454752922058;-0.06559060513973236;0.47970008850097656;0.4650611877441406;-0.0011200470617040992;0.43834373354911804;0.46847084164619446;0.0011070182081311941;0.4790782332420349;0.6199296712875366;-0.026164118200540543;0.4458037316799164;0.6231517195701599;0.05915600061416626;0.46085603833198546;0.17078418731689454;-0.2206467479467392;0.5117540210485458;0.4805591031908989;-0.13294672407209873;0.4131957143545151;0.491469606757164;-0.15709447488188744;0.4829407234986623;0.7915114959081014;0.015040736645460129;0.4533216158548991;0.7565568685531616;0.24408422907193503;;acercandose
2.93;0.4546772837638855;0.1961907297372818;-0.24235279858112335;0.49824684858322144;0.26464420557022095;-0.1013001799583435;0.42238494753837585;0.26677829027175903;-0.112547867000103;0.5063371658325195;0.37984734773635864;-0.057810258120298386;0.41103899478912354;0.38097670674324036;-0.07958773523569107;0.4807610511779785;0.4689725637435913;-0.004017455503344536;0.43865475058555603;0.4712675213813782;0.003980692010372877;0.47903791069984436;0.6238999962806702;-0.027492064982652664;0.4458891451358795;0.6260501146316528;0.05617058649659157;0.46146726608276367;0.17129300981760026;-0.24352785497903823;0.5118649005889893;0.490894578397274;-0.14796238392591476;0.41417165100574493;0.49897903949022293;-0.1631278060376644;0.4821898341178894;0.7917757232983907;0.03682188813885053;0.4534290631612142;0.7562504410743713;0.2496488392353058;;acercandose
2.97;0.45540496706962585;0.1970219612121582;-0.2568444013595581;0.5000771880149841;0.26658064126968384;-0.10538294911384583;0.42256322503089905;0.2684873640537262;-0.12418923527002335;0.5082359910011292;0.3839288651943207;-0.06055905297398567;0.411139577627182;0.3848695456981659;-0.09317345917224884;0.4815489947795868;0.4724208414554596;-0.002421179786324501;0.43895214796066284;0.47446203231811523;0.0023668345529586077;0.47902509570121765;0.6291094422340393;-0.03265918046236038;0.4463033974170685;0.6299484968185425;0.05002059042453766;0.462486532330513;0.17182000875473022;-0.2582110002636909;0.5139128863811493;0.4969223812222481;-0.16489727422595024;0.4155127853155136;0.5029362961649895;-0.18551712483167648;0.4816085298856099;0.7994822462399801;0.05700498384733995;0.4537205795447032;0.7570687532424927;0.28020966549714404;;acercandose
3.0;0.45690256357192993;0.19800403714179993;-0.25226131081581116;0.501307487487793;0.26732614636421204;-0.0961393266916275;0.4229433238506317;0.27021706104278564;-0.12048652023077011;0.5092663764953613;0.3832148015499115;-0.05024959519505501;0.41157034039497375;0.38840267062187195;-0.0877334475517273;0.4826643466949463;0.4767274856567383;-0.0023362035863101482;0.4395834505558014;0.47779223322868347;0.0023040573578327894;0.47900933027267456;0.6371206641197205;-0.0452299639582634;0.4469444751739502;0.6341534852981567;0.044361356645822525;0.463872429728508;0.17300713062286377;-0.2538913279771805;0.5138880759477615;0.4989728555083275;-0.1544734202325344;0.41635460406541824;0.5081009343266487;-0.18058263882994652;0.4814484318097432;0.8109617630640665;0.040457515666882195;0.4536657929420471;0.754740834236145;0.3066920340061188;;acercandose
3.03;0.45892369747161865;0.1986638456583023;-0.2575296461582184;0.5029769539833069;0.2679671347141266;-0.09544524550437927;0.4235667884349823;0.2715274691581726;-0.11822882294654846;0.5101265907287598;0.38489076495170593;-0.05731573700904846;0.412492960691452;0.3894400894641876;-0.0874602198600769;0.48472151160240173;0.47985920310020447;-0.0015469251666218042;0.4407876431941986;0.4802546501159668;0.001507684588432312;0.47949138283729553;0.6370307803153992;-0.09060429781675339;0.448550820350647;0.6335632801055908;0.06285565346479416;0.4656956553459167;0.17371537685394287;-0.25948236733675;0.5141310840845108;0.499941810965538;-0.18507427722215652;0.41698403656482697;0.50997643917799;-0.18941158056259155;0.48171982169151306;0.8231659531593323;-0.030314842549463112;0.4540588955084483;0.7532925208409628;0.34512072801589966;;acercandose
3.07;0.46046096086502075;0.19870644807815552;-0.25276318192481995;0.5045822858810425;0.2680054306983948;-0.09476226568222046;0.42466428875923157;0.2723800241947174;-0.11616373807191849;0.5113609433174133;0.3846861720085144;-0.052217964082956314;0.41316893696784973;0.3906424641609192;-0.0862942561507225;0.4871692359447479;0.4832479655742645;-0.0009273277828469872;0.4422993063926697;0.48366859555244446;0.0008850592421367764;0.4803139567375183;0.6419827342033386;-0.10528110712766647;0.4492000937461853;0.6410021185874939;0.05084443464875221;0.4673984110355377;0.17380159795284272;-0.2544983699917793;0.5147867500782013;0.5020057931542397;-0.18123834207654;0.4173867255449295;0.512015588581562;-0.1840001866221428;0.48127679030100506;0.827760636806488;-0.027927884832024574;0.4537724455197652;0.7529537081718445;0.3459919293721517;;acercandose
3.1;0.46216586232185364;0.1986807882785797;-0.25258496403694153;0.5062220692634583;0.26814886927604675;-0.09069417417049408;0.4262533485889435;0.27227717638015747;-0.11420407146215439;0.5130916833877563;0.38605841994285583;-0.05004550889134407;0.41423308849334717;0.39005762338638306;-0.08566714078187943;0.4895625114440918;0.4848228394985199;4,82E+11;0.4437904357910156;0.4840974807739258;-0.00010853785352082923;0.48205438256263733;0.6468106508255005;-0.09386352449655533;0.44953447580337524;0.6474397778511047;0.048864997923374176;0.46910159587860106;0.17380184233188628;-0.25452770441770556;0.5166014730930328;0.5056745558977127;-0.17559051513671875;0.4178730994462967;0.5136179700493813;-0.18269986286759377;0.48118653893470764;0.8335459431012472;-0.006292459865411122;0.4537284771601359;0.7517410715421041;0.34780406951904297;;acercandose
3.13;0.4632721245288849;0.19809165596961975;-0.26550599932670593;0.508362889289856;0.2684656083583832;-0.09547905623912811;0.4275094270706177;0.2722330689430237;-0.12448824942111969;0.5153483152389526;0.3895736336708069;-0.055302269756793976;0.4151363968849182;0.3903970718383789;-0.09282811731100082;0.49121543765068054;0.4856179654598236;0.0025294339284300804;0.44424059987068176;0.4842683970928192;-0.002618218306452036;0.4836779534816742;0.647503674030304;-0.08484915643930435;0.4496610164642334;0.646843671798706;0.036721646785736084;0.4703196793794632;0.17268375009298326;-0.26737012565135954;0.5190782248973846;0.5111226961016655;-0.1836695522069931;0.41802358627319336;0.5158053264021873;-0.19230518117547035;0.4807328482468923;0.8300342758496603;0.01910215492049853;0.4529910484949748;0.7501766681671143;0.34396179517110187;;acercandose
3.17;0.4641853868961334;0.1966065615415573;-0.2594909071922302;0.509905219078064;0.2684132754802704;-0.0786074623465538;0.4283236265182495;0.27218422293663025;-0.12132669240236282;0.517196536064148;0.38892072439193726;-0.034729860723018646;0.41621971130371094;0.39124682545661926;-0.09007548540830612;0.4918572008609772;0.4872378706932068;0.01263190433382988;0.4448223412036896;0.4853469729423523;-0.012725413776934147;0.484822154045105;0.6565786004066467;-0.054851990193128586;0.45033785700798035;0.6524497866630554;0.004495690576732159;0.47135675847530367;0.17122548222541809;-0.2608281061053276;0.5216823369264603;0.5098767280578613;-0.17528855800628662;0.4184556156396866;0.5184574723243713;-0.1900864765048027;0.48066335916519165;0.8323188622792562;0.08410821451495092;0.45175320903460187;0.7498859564463297;0.3139680524667104;;acercandose
3.2;0.46474993228912354;0.19496192038059235;-0.25549933314323425;0.5107693076133728;0.2679286599159241;-0.07276611775159836;0.4288412630558014;0.271771639585495;-0.1194075345993042;0.5196095705032349;0.38803520798683167;-0.029346410185098648;0.4166084825992584;0.39116278290748596;-0.08845748007297516;0.4926346242427826;0.4879950284957886;0.016557132825255394;0.44561201333999634;0.4864036738872528;-0.01664416491985321;0.4858911335468292;0.6575208306312561;-0.04724838212132454;0.4516148567199707;0.6538419723510742;-0.0011067567393183708;0.471930068731308;0.16973761171102525;-0.2568298071622849;0.5255279392004013;0.509610690176487;-0.17080167680978775;0.4185553565621376;0.5182917639613152;-0.18769916519522667;0.48058420419692993;0.8337524930636088;0.08686056577910979;0.4510594109694163;0.7516621748606364;0.3165290753046672;;acercandose
3.23;0.4651903510093689;0.19306783378124237;-0.2561730742454529;0.5113362669944763;0.26735395193099976;-0.07281278073787689;0.4290098547935486;0.271695613861084;-0.1222396194934845;0.522214949131012;0.3874732553958893;-0.026165161281824112;0.416623592376709;0.39162662625312805;-0.0898512527346611;0.4933825731277466;0.48838791251182556;0.019084744155406952;0.44641008973121643;0.487054705619812;-0.019191903993487358;0.48726823925971985;0.6597009301185608;-0.03844795748591423;0.453165203332901;0.6534287333488464;0.0014494447968900204;0.4724618405103683;0.16792669147253036;-0.2566415578126907;0.5283450782299042;0.5087506622076035;-0.1672009900212288;0.4186592474579811;0.5190259590744972;-0.18909016996622086;0.4804746111234029;0.8305897911389669;0.10591497085988522;0.4499656558036804;0.7653291424115499;0.3045673966407776;;acercandose
3.27;0.4657129943370819;0.19203783571720123;-0.25648069381713867;0.5117213129997253;0.266815721988678;-0.07357284426689148;0.4289392828941345;0.2716172933578491;-0.12136267125606537;0.5240620374679565;0.3871338963508606;-0.020019151270389557;0.4165753722190857;0.3926292657852173;-0.08946055918931961;0.4940806031227112;0.48850134015083313;0.01905995048582554;0.44697391986846924;0.4871007204055786;-0.01917923614382744;0.48793336749076843;0.6608451008796692;-0.02005953900516033;0.4535949230194092;0.6547752022743225;-0.017026284709572792;0.4731984525918961;0.16682422012090684;-0.25636803507804873;0.5307643413543701;0.5089046210050583;-0.14987392723560333;0.41872405260801315;0.520159162580967;-0.18785519525408745;0.48042023181915283;0.8290237784385681;0.14386621614297232;0.4491971929868062;0.786846379439036;0.22970397770404816;;acercandose
3.3;0.4659026861190796;0.19084982573986053;-0.2589623034000397;0.5124480128288269;0.26604366302490234;-0.08025472611188889;0.4289349913597107;0.27155959606170654;-0.11994309723377228;0.525342583656311;0.38682159781455994;-0.024273047223687172;0.4165807366371155;0.3936580419540405;-0.07911998778581619;0.4948005676269531;0.4886925518512726;0.01851677894592285;0.4473663568496704;0.487411767244339;-0.01860957033932209;0.4884515404701233;0.6623641848564148;-0.0018280708463862538;0.45337092876434326;0.6569401621818542;-0.016154754906892776;0.4735794126987457;0.16555417329072952;-0.25929460525512693;0.5320416837930679;0.50929194688797;-0.14640392921864986;0.4189189448952675;0.5218045860528946;-0.17991086468100548;0.48008055488268536;0.8316417733828226;0.14111007501681647;0.4486478567123413;0.8168790737787882;0.13244164859255156;;acercandose
3.33;0.46591997146606445;0.1895011067390442;-0.25857681035995483;0.5129855871200562;0.26571571826934814;-0.07702915370464325;0.4289569854736328;0.27150648832321167;-0.10944287478923798;0.5262259244918823;0.38649988174438477;-0.01601836457848549;0.4166640639305115;0.39407041668891907;-0.06680015474557877;0.4952697157859802;0.4901229441165924;0.01759696938097477;0.44766440987586975;0.48916563391685486;-0.017698664218187332;0.48875200748443604;0.6651517152786255;-0.004042045213282108;0.45320838689804077;0.661601185798645;-0.022126195952296257;0.47362820208072665;0.1641636908054352;-0.2583475634455681;0.5325578153133392;0.5117664188146591;-0.13292747177183628;0.41915063560009;0.5241718888282776;-0.171846903860569;0.4789421359697978;0.8387191295623779;0.12935549765825272;0.44853461782137555;0.842080314954122;0.10229320451617241;;acercandose
3.37;0.4661669135093689;0.18924853205680847;-0.24567750096321106;0.5134795308113098;0.265606164932251;-0.0656920075416565;0.42898470163345337;0.27149343490600586;-0.0967954620718956;0.5269866585731506;0.3863309919834137;-0.009657126851379871;0.4167580008506775;0.39424243569374084;-0.057232532650232315;0.4957372546195984;0.4924372136592865;0.016429750248789787;0.44795411825180054;0.4920926094055176;-0.016521524637937546;0.48858028650283813;0.6673400402069092;0.008718770928680897;0.45313921570777893;0.6728821396827698;-0.02714621089398861;0.47382113337516785;0.1636763721704483;-0.24568642377853395;0.5322014391422272;0.5137015804648399;-0.13435976207256317;0.419221930205822;0.5253243893384933;-0.1680765487253666;0.47882816195487976;0.8397162556648254;0.14027256270249686;0.44867463906606037;0.8618123730023702;0.07994693672905366;;acercandose
3.4;0.4662390649318695;0.1892295628786087;-0.22516578435897827;0.5138623714447021;0.26556238532066345;-0.04818432778120041;0.42899319529533386;0.2714513838291168;-0.08138876408338547;0.5273746252059937;0.38617032766342163;0.0011909138411283493;0.41681838035583496;0.3948113024234772;-0.046716056764125824;0.49597543478012085;0.4958847463130951;0.016986967995762825;0.4482097923755646;0.496865451335907;-0.0170446690171957;0.4887719750404358;0.669494092464447;0.024106061086058617;0.45322731137275696;0.6785542368888855;-0.03747222572565079;0.47395444810390475;0.16337693631649017;-0.224915511906147;0.531875342130661;0.5149333402514458;-0.1320116873830557;0.419285848736763;0.5279233306646347;-0.16016457974910736;0.4786662459373474;0.8395395080248514;0.17719250172376633;0.44966352979342145;0.8700846433639526;0.058629151433706284;;acercandose
3.43;0.46627530455589294;0.18938328325748444;-0.23737752437591553;0.5148056149482727;0.26646098494529724;-0.054032739251852036;0.42897292971611023;0.2716657519340515;-0.08934231847524643;0.5279726386070251;0.3899173438549042;-0.005348896607756615;0.4168165326118469;0.39783620834350586;-0.053381673991680145;0.49617424607276917;0.49887576699256897;0.017368176952004433;0.4481825530529022;0.5007451772689819;-0.017402738332748413;0.48921486735343933;0.6689430475234985;0.05057969316840172;0.4533880949020386;0.6842542290687561;-0.06265176832675934;0.4740187406539917;0.1634920969605446;-0.23694826960563659;0.5319736152887344;0.5214490965008736;-0.13456211425364017;0.4193161502480507;0.5325604826211929;-0.17366798967123032;0.4785754481951396;0.8380988041559855;0.22606297334035239;0.45212577780087787;0.8754655321439108;-0.000443467249472936;;acercandose
3.47;0.466191828250885;0.1898721605539322;-0.26026037335395813;0.5149991512298584;0.26792001724243164;-0.07039500772953033;0.4287160038948059;0.27242836356163025;-0.10752440989017487;0.5277801156044006;0.39373406767845154;-0.022751040756702423;0.41678720712661743;0.40288692712783813;-0.07416659593582153;0.49616849422454834;0.5008856654167175;0.01875106617808342;0.4481048882007599;0.5036461353302002;-0.018771659582853317;0.4891587793827057;0.670315146446228;0.06852611154317856;0.4536040425300598;0.6900079846382141;-0.08665928989648819;0.4739488780498505;0.16369371563196183;-0.26024060547351835;0.5315200537443161;0.5233308225870132;-0.15568502247333527;0.4193602353334427;0.5382256656885147;-0.1952827274799347;0.47914286454518634;0.8391098976135254;0.24666894475618997;0.454149067401886;0.8825128475824991;-0.04057402163743973;;acercandose
3.5;0.4660293161869049;0.1917325109243393;-0.2693023383617401;0.5151469707489014;0.26954445242881775;-0.07634904980659485;0.42835259437561035;0.2741139531135559;-0.1150018647313118;0.5273376703262329;0.39734217524528503;-0.0285479836165905;0.4166089594364166;0.40725234150886536;-0.08265994489192963;0.4960370361804962;0.5038638114929199;0.02022254653275013;0.4480474591255188;0.5078386068344116;-0.020247820764780045;0.4892328977584839;0.6733381748199463;0.08020536601543427;0.4539831876754761;0.6943177580833435;-0.07541201263666153;0.4737749844789505;0.1650499641895294;-0.2702395677566528;0.5312830805778503;0.5252596884965897;-0.16816546767950058;0.41943277418613434;0.5411770194768906;-0.20786507427692413;0.47906672954559326;0.8412792285283407;0.2680654078722;0.456024706363678;0.8845016360282898;-0.019601192325353622;;acercandose
3.53;0.46554726362228394;0.19280430674552917;-0.28316012024879456;0.5152252912521362;0.27143391966819763;-0.0884600430727005;0.4276227056980133;0.27557072043418884;-0.1238967627286911;0.5269955992698669;0.39980676770210266;-0.04007785767316818;0.41619089245796204;0.408645898103714;-0.09099630266427994;0.49594515562057495;0.5067639946937561;0.02012750878930092;0.4479561448097229;0.5104196667671204;-0.020154407247900963;0.4891790747642517;0.6779348254203796;0.07897454500198364;0.4542367458343506;0.7001916766166687;-0.07766100764274597;0.4734013736248016;0.16566894501447677;-0.28437951654195787;0.5309243649244308;0.5269143432378769;-0.18375730141997337;0.4193200170993805;0.5434530377388;-0.2172563336789608;0.47850340604782104;0.8434218366940817;0.30240213374296826;0.45707066853841144;0.8897213339805603;-0.023490764821569126;;acercandose
3.57;0.4650413691997528;0.19329038262367249;-0.2768225073814392;0.515059769153595;0.2719743847846985;-0.08647579699754715;0.4269852638244629;0.2762831747531891;-0.12216246873140335;0.526789128780365;0.40049728751182556;-0.0372406542301178;0.4155174791812897;0.4093734920024872;-0.0899699330329895;0.4958990812301636;0.5074449181556702;0.01592056266963482;0.44734320044517517;0.5114538669586182;-0.015917427837848663;0.4889821410179138;0.6793782711029053;0.05576218664646149;0.454150915145874;0.6996974945068359;-0.064168281853199;0.47301979660987853;0.16582627445459366;-0.27800703793764114;0.5301656723022461;0.526830643415451;-0.18039879202842712;0.41898105293512344;0.5429136604070663;-0.20976322516798973;0.47887874643007916;0.8434852560361227;0.2780979722738266;0.45767263571421307;0.8911933700243632;0.01943030705054601;;acercandose
3.6;0.4645030200481415;0.19357848167419434;-0.25788840651512146;0.5148912668228149;0.2718909680843353;-0.07426600903272629;0.4264344573020935;0.2766517996788025;-0.0940166562795639;0.5263941287994385;0.39999136328697205;-0.026008240878582;0.4143163859844208;0.4101923108100891;-0.06247862055897713;0.4954696297645569;0.5082669854164124;0.011623759754002094;0.4460620880126953;0.5123990178108215;-0.01162682007998228;0.48896563053131104;0.6839631199836731;0.039663612842559814;0.4537787139415741;0.7025386095046997;-0.04133830964565277;0.47238241136074066;0.16585319191217424;-0.2590662971138954;0.5291128903627396;0.5280991494655609;-0.17656300589442253;0.4179212898015976;0.5448990166187286;-0.19193439185619354;0.47921550273895264;0.844562828540802;0.2567863365014394;0.45779310663541156;0.8937467734018961;0.045433985690275826;;acercandose
3.63;0.46385541558265686;0.19356152415275574;-0.2504061460494995;0.514151930809021;0.27179136872291565;-0.06257893145084381;0.42575374245643616;0.27686718106269836;-0.09309113770723343;0.5262632966041565;0.39963895082473755;-0.011342218145728111;0.413071870803833;0.4105633497238159;-0.06273678690195084;0.4947558045387268;0.5096169710159302;0.013322972692549229;0.44493329524993896;0.5129973888397217;-0.013323618099093437;0.489224910736084;0.6918599605560303;0.031056668609380722;0.45347872376441956;0.7048195004463196;-0.03950978070497513;0.47170196771621703;0.16553848832845688;-0.2509793698787689;0.5279467403888702;0.5290357917547226;-0.15903611853718758;0.41716838628053665;0.547802522778511;-0.18812022358179092;0.4800419906775157;0.8445102771123251;0.2671709756056468;0.4578855137030284;0.8953365286191305;0.0654131459693114;;acercandose
3.67;0.46312347054481506;0.1931312382221222;-0.25156503915786743;0.5131776332855225;0.27087920904159546;-0.0602528415620327;0.42489418387413025;0.2767885625362396;-0.09639988094568253;0.5260816216468811;0.39790743589401245;-0.003455548547208309;0.41186296939849854;0.41082558035850525;-0.06532919406890869;0.4941314458847046;0.510342001914978;0.016037873923778534;0.4443508982658386;0.5134932398796082;-0.016042472794651985;0.4902573823928833;0.694115400314331;0.02566908299922943;0.4531491696834564;0.7065911889076233;-0.034874480217695236;0.4710514098405838;0.16467538774013518;-0.2516581580042839;0.5268682092428207;0.5293577909469604;-0.1441441848874092;0.41644465178251266;0.5486912131309509;-0.19192274287343025;0.4812050660451253;0.8417023420333862;0.2934173991282781;0.4582195580005646;0.8958152333895365;0.0921467097165684;;acercandose
3.7;0.4624567925930023;0.1916079819202423;-0.2514258921146393;0.5126962661743164;0.27012741565704346;-0.05891489237546921;0.42404013872146606;0.2767293155193329;-0.09811144322156906;0.5259411931037903;0.3970594108104706;-0.0024192375130951405;0.41065800189971924;0.41096100211143494;-0.06607881188392639;0.4939255714416504;0.510752260684967;0.019657762721180916;0.44400453567504883;0.5139833688735962;-0.019687438383698463;0.4914935827255249;0.6959851384162903;0.038159217685461044;0.45300230383872986;0.7084328532218933;-0.02728286385536194;0.4703628271818161;0.16317784935235977;-0.25124290585517883;0.5260916501283646;0.5302091687917709;-0.13975764252245426;0.41610269248485565;0.5502878427505493;-0.19168126210570335;0.48296409845352173;0.84373805920283;0.28376423319180805;0.4583755632241567;0.8953771789868673;0.10958741915722688;;acercandose
3.73;0.46219491958618164;0.19034719467163086;-0.2641638517379761;0.5123765468597412;0.2696725130081177;-0.06138552352786064;0.4234646260738373;0.2764921188354492;-0.11053667217493057;0.5258415341377258;0.39680859446525574;-0.006861317902803421;0.40987563133239746;0.410765141248703;-0.0792062059044838;0.49383777379989624;0.5107227563858032;0.022331910207867622;0.4437747001647949;0.5139826536178589;-0.022376002743840218;0.4927373230457306;0.6979992985725403;0.0532841831445694;0.45296379923820496;0.7089611887931824;-0.028022129088640213;0.46999718248844147;0.16180054247379302;-0.2642775014042854;0.5258560627698898;0.5319648683071136;-0.14358435198664665;0.41548173874616623;0.5528860837221146;-0.200832799077034;0.48489053050676983;0.851421058177948;0.2761517862478892;0.4584304889043172;0.8978154261906942;0.0971614367639025;;acercandose
3.77;0.46210822463035583;0.1889324188232422;-0.2681584358215332;0.5122556686401367;0.2686770558357239;-0.07004307955503464;0.4231249988079071;0.2757006287574768;-0.11323804408311844;0.5257654786109924;0.3966025412082672;-0.008669829927384853;0.4092448651790619;0.4108504056930542;-0.07900620251893997;0.4938383996486664;0.5104122161865234;0.02173265814781189;0.44376716017723083;0.5136030316352844;-0.021773269400000572;0.493008017539978;0.6992619633674622;0.03877958282828331;0.4529542326927185;0.708380401134491;-0.018651602789759636;0.46984306573867796;0.1601855605840683;-0.2687652289867401;0.5257098078727722;0.5331439077854156;-0.14522063173353672;0.4152757078409195;0.5541171133518219;-0.19935055822134018;0.48629477620124817;0.865694006284078;0.19939210762580237;0.45867621898651123;0.8984467585881551;0.11915211255351703;;acercandose
3.8;0.4620594382286072;0.18780399858951569;-0.2585292458534241;0.5122522115707397;0.2681960165500641;-0.06986819952726364;0.42291176319122314;0.2743702530860901;-0.09794403612613678;0.5257078409194946;0.39660653471946716;-0.008624562993645668;0.40896984934806824;0.4108082950115204;-0.05644800886511803;0.4938340485095978;0.5102364420890808;0.013094577006995678;0.4436933100223541;0.5132734179496765;-0.013179289177060127;0.492889404296875;0.7028423547744751;0.00792755838483572;0.4529474973678589;0.7079532742500305;-0.009274233132600784;0.46976306438446047;0.15874668955802917;-0.25961084067821505;0.5257320255041122;0.5340839177370071;-0.14080253057181835;0.41529179364442825;0.5529079586267471;-0.17476240918040276;0.48828814427057904;0.8868274490038554;0.13428354387482008;0.458966722091039;0.899544338385264;0.1228678288559119;;acercandose
3.83;0.4619976282119751;0.18707095086574554;-0.25404152274131775;0.5123762488365173;0.26812440156936646;-0.07259465754032135;0.4227783679962158;0.273955374956131;-0.09555090963840485;0.5258100032806396;0.3980347216129303;-0.008965965360403061;0.40881282091140747;0.41061416268348694;-0.05461879074573517;0.4939458966255188;0.5106210112571716;0.006969197653234005;0.4437077045440674;0.5135071873664856;-0.00706261582672596;0.4927768111228943;0.7056630253791809;0.005650503560900688;0.452937513589859;0.7088724970817566;-0.0012566718505695462;0.46970697939395906;0.1577721506357193;-0.2550786793231964;0.5260621309280396;0.5361150801181793;-0.13825684040784836;0.41529811173677444;0.5525317192077637;-0.17083479836583138;0.4902672866980235;0.9004208246866862;0.11310728328923385;0.45933828751246136;0.8998399376869202;0.12087336927652359;;acercandose
3.87;0.4620232880115509;0.18637092411518097;-0.2578966021537781;0.5127183198928833;0.2675708830356598;-0.08072632551193237;0.42276766896247864;0.273954302072525;-0.09572263062000275;0.5260581374168396;0.39802393317222595;-0.014387443661689758;0.40888869762420654;0.411610871553421;-0.058342549949884415;0.49466007947921753;0.5115979909896851;0.004139856901019812;0.44390222430229187;0.5146546959877014;-0.004239128436893225;0.49274998903274536;0.7108975648880005;0.005915855057537556;0.45292818546295166;0.713517963886261;0.004526419099420309;0.4697333574295044;0.1568263441324234;-0.2586371719837189;0.5270975679159164;0.5370034873485565;-0.14057428762316704;0.41544076800346375;0.5538874417543411;-0.1753832884132862;0.49101256330808;0.9055483738581339;0.1243324801325798;0.45969465374946594;0.9000881910324097;0.1331631988286972;;acercandose
3.9;0.4620974063873291;0.18599717319011688;-0.26679280400276184;0.5135070085525513;0.26644572615623474;-0.09008469432592392;0.4227772057056427;0.27399635314941406;-0.1027613952755928;0.5267114043235779;0.3976750075817108;-0.022635413333773613;0.40894630551338196;0.41292130947113037;-0.05946449190378189;0.49550867080688477;0.5118395090103149;0.0018248294945806265;0.444115549325943;0.5148833990097046;-0.0019357223063707352;0.49276822805404663;0.7110797762870789;0.00683311652392149;0.45292073488235474;0.7149987816810608;0.010364341549575329;0.4697480767965317;0.15612419098615646;-0.2678949609398842;0.5284883677959442;0.5368571728467941;-0.14242888428270817;0.4154931977391243;0.5556267946958542;-0.17693383246660233;0.4916955629984538;0.9067496657371521;0.12444531669219334;0.45986679196357727;0.8994898597399393;0.14151227722565332;;acercandose
3.93;0.46238306164741516;0.18530389666557312;-0.26762086153030396;0.5148236751556396;0.2658335268497467;-0.09043322503566742;0.4228938817977905;0.2737402319908142;-0.10508207231760025;0.5274544358253479;0.3989284634590149;-0.02416095696389675;0.4096936881542206;0.41307124495506287;-0.0608920194208622;0.49628618359565735;0.5128287076950073;0.001602256204932928;0.44449126720428467;0.5157040953636169;-0.0017094268696382642;0.493073433637619;0.7132379412651062;0.005587582942098379;0.45294374227523804;0.7168384790420532;0.010847632773220539;0.4698311984539032;0.15518537908792496;-0.2687685787677765;0.5300038903951645;0.5379146635532379;-0.1434891950339079;0.41585473716259;0.5556837320327759;-0.1815520040690899;0.49210310975710553;0.9081698258717855;0.1302899792790413;0.4599444270133972;0.9000272552172343;0.14625662316878638;;acercandose
3.97;0.4624631702899933;0.18411089479923248;-0.26848769187927246;0.5160845518112183;0.2652474343776703;-0.0903427004814148;0.42307162284851074;0.27336055040359497;-0.10530994832515717;0.5289295315742493;0.39931756258010864;-0.023825816810131073;0.4113274812698364;0.4130135476589203;-0.06161825731396675;0.4971870481967926;0.5132023692131042;0.0011973722139373422;0.4451160728931427;0.5159958600997925;-0.0013027808163315058;0.4934339225292206;0.7147708535194397;-0.003463412867859006;0.4532686173915863;0.7180271148681641;0.005631577223539352;0.4698757827281952;0.1541494756937027;-0.26980178356170653;0.5311475694179535;0.5388339161872864;-0.14391355589032173;0.41625864803791046;0.5561311542987823;-0.18199177086353302;0.4923504690329234;0.9065529902776083;0.13772908598184586;0.45996716618537903;0.9003581206003824;0.15126361201206842;;acercandose
4.0;0.46293193101882935;0.18340833485126495;-0.2664110064506531;0.5170130133628845;0.26418477296829224;-0.0874939039349556;0.4235491156578064;0.27163922786712646;-0.10225433856248856;0.5302396416664124;0.3992173969745636;-0.016064587980508804;0.41193562746047974;0.4125846326351166;-0.05870085209608078;0.49775490164756775;0.5131940841674805;0.001774289645254612;0.4457346796989441;0.5158766508102417;-0.0018684056121855974;0.4938945472240448;0.7143895626068115;-0.00656644394621253;0.45380592346191406;0.7172815203666687;0.002312075812369585;0.47025829553604126;0.15348543524742125;-0.2682474344968796;0.5321857631206512;0.5387097597122192;-0.13806693628430367;0.4170970767736435;0.5559276342391968;-0.17998047918081284;0.4924884041150411;0.9056581258773804;0.13434085622429848;0.45992998282114667;0.9009323914845785;0.14224656919638315;;acercandose
4.03;0.46382245421409607;0.1824083924293518;-0.26987892389297485;0.5180883407592773;0.26304903626441956;-0.08830548077821732;0.42421481013298035;0.2700721323490143;-0.10719171911478043;0.5311741232872009;0.39927056431770325;-0.017191434279084206;0.4126211106777191;0.41204044222831726;-0.06275623291730881;0.4984532594680786;0.5133538842201233;0.00204198295250535;0.44663476943969727;0.5157826542854309;-0.0021383091807365417;0.4945371747016907;0.7132062911987305;-0.00234748306684196;0.4538930058479309;0.7166293263435364;0.003874387126415968;0.4710662990808487;0.15246620029211044;-0.27164268493652344;0.5337386727333069;0.5391841977834702;-0.13906518183648586;0.41839560866355896;0.5557144731283188;-0.18120109289884567;0.4923251171906789;0.9059571623802185;0.13118280842900276;0.45994968215624493;0.9016778270403544;0.1402079090476036;;acercandose
4.07;0.4643825888633728;0.18182870745658875;-0.27055850625038147;0.5190101861953735;0.26213404536247253;-0.0877741128206253;0.42457523941993713;0.26932966709136963;-0.10821811109781265;0.5321410298347473;0.39912939071655273;-0.017016414552927017;0.4129648804664612;0.41167551279067993;-0.0630769431591034;0.49929875135421753;0.5133213400840759;0.0019193358020856977;0.4474712908267975;0.5157150030136108;-0.0020144591107964516;0.49518901109695435;0.7128245234489441;-0.00034462366602383554;0.4538857042789459;0.7161735892295837;0.005037481430917978;0.47173517048358915;0.1517356127500534;-0.27227864861488343;0.5344965308904648;0.5392901748418808;-0.13662722520530224;0.41944393515586853;0.5555626749992371;-0.18144743889570236;0.49242377281188965;0.9081062277158102;0.1232691618303458;0.4601691762606303;0.9025378425916036;0.13722780471046767;;acercandose
4.1;0.46477919816970825;0.1817673295736313;-0.2723938226699829;0.5199618339538574;0.26166415214538574;-0.08797415345907211;0.42472580075263977;0.26913824677467346;-0.10848373174667358;0.5327953696250916;0.3988022804260254;-0.0169903002679348;0.4132978618144989;0.411627858877182;-0.06328161060810089;0.49995365738868713;0.5132772326469421;0.001828130567446351;0.4477701783180237;0.5157873630523682;-0.0019223251147195697;0.4958120286464691;0.7123903632164001;-0.00013696086534764618;0.4539097547531128;0.7158568501472473;0.004622700158506632;0.47221964597702026;0.15152819603681564;-0.2742998316884041;0.5352450013160706;0.5392196178436279;-0.13736937381327152;0.42015834152698517;0.555417850613594;-0.18157832697033882;0.49271345138549805;0.9078679084777832;0.12397318705916405;0.46055249373118085;0.9029648502667745;0.135824266821146;;acercandose
4.13;0.4650612473487854;0.18183240294456482;-0.2762358486652374;0.5207242965698242;0.2616827189922333;-0.0914398655295372;0.4248553514480591;0.2691733241081238;-0.10980735719203949;0.5334813594818115;0.3987554609775543;-0.01993468962609768;0.4136125445365906;0.41161903738975525;-0.06342792510986328;0.5003719925880432;0.5132997035980225;0.0017207692144438624;0.44790026545524597;0.5158689022064209;-0.0018120564054697752;0.4964325726032257;0.7120313048362732;-0.0056336410343647;0.4539024829864502;0.7156676054000854;0.004382144194096327;0.4726365089416504;0.15160637050867082;-0.2783174946904182;0.536248043179512;0.5394078344106674;-0.1384480968117714;0.42061979323625565;0.5554113686084747;-0.1816675402224064;0.4927394688129425;0.9066039125124613;0.1278407871723175;0.4606290360291799;0.9027459025382996;0.13490485275785127;;acercandose
4.17;0.46578270196914673;0.18215641379356384;-0.28463494777679443;0.52150559425354;0.2617080807685852;-0.09986785054206848;0.4251323640346527;0.2696975767612457;-0.11719262599945068;0.5340750813484192;0.39871805906295776;-0.0286710262298584;0.4140274226665497;0.4118531346321106;-0.06949244439601898;0.5006893277168274;0.5133576393127441;0.001127239316701889;0.4480496644973755;0.515920877456665;-0.0012133882846683264;0.49714359641075134;0.7118220925331116;-0.004886808805167675;0.4537959098815918;0.715505838394165;0.0036929454654455185;0.47330041229724884;0.1519419103860855;-0.28698601126670836;0.5369219481945038;0.5394033491611481;-0.14589188434183598;0.4207880049943924;0.5560340583324432;-0.18616114929318428;0.4927445451418559;0.9056222041447958;0.12933319310347238;0.46065165599187213;0.9025385777155558;0.13478947058320045;;acercandose
4.2;0.46640944480895996;0.18226909637451172;-0.28812065720558167;0.5220479965209961;0.2616201341152191;-0.10301971435546875;0.42538225650787354;0.2701255679130554;-0.12091200053691864;0.5345284938812256;0.3986813426017761;-0.03162277489900589;0.41437897086143494;0.4119495153427124;-0.07301841676235199;0.5009819865226746;0.5134185552597046;0.0010032050777226686;0.44817054271698;0.5160800218582153;-0.0010844735661521554;0.49770721793174744;0.7116997241973877;-0.003592719789594412;0.45374733209609985;0.7154979705810547;0.0038050797302275896;0.47386099100112916;0.15205127745866776;-0.29062247425317767;0.5373234450817108;0.5394443720579147;-0.14842036738991737;0.4208372011780739;0.5564585477113724;-0.18882125243544579;0.4927789072195689;0.9050536155700684;0.13010958582162857;0.46065594752629596;0.9024271567662557;0.13497856010993323;;acercandose
4.23;0.466972678899765;0.18235081434249878;-0.28883272409439087;0.5225026607513428;0.26144805550575256;-0.10334131866693497;0.4259156584739685;0.27018705010414124;-0.12145143747329712;0.5350898504257202;0.39864644408226013;-0.03210125491023064;0.41493281722068787;0.4118445813655853;-0.07328114658594131;0.5011481642723083;0.513408899307251;0.0011412182357162237;0.448391854763031;0.5160684585571289;-0.0012220860226079822;0.49815961718559265;0.7112753987312317;-0.002908160677179694;0.4537450075149536;0.7154188752174377;0.003395962296053767;0.4743626594543457;0.15214912444353104;-0.29154950231313703;0.5378168523311615;0.5394826233386993;-0.14932953007519245;0.420828253030777;0.5568808168172836;-0.1890825666487217;0.4927964707215627;0.9047248164812723;0.12856204435229301;0.46064917246500653;0.9023803273836771;0.13461260745922723;;acercandose
4.27;0.4674805700778961;0.18252594769001007;-0.2918775975704193;0.5232234001159668;0.26124393939971924;-0.1063723936676979;0.4266890287399292;0.26987436413764954;-0.12502235174179077;0.5357781648635864;0.39859098196029663;-0.03456020727753639;0.41554951667785645;0.41099438071250916;-0.07570428401231766;0.5013988614082336;0.5133853554725647;0.0011913736816495657;0.44859135150909424;0.5158107280731201;-0.0012721011880785227;0.4985218644142151;0.7103384137153625;-0.0024930660147219896;0.4537409245967865;0.7146543264389038;0.0030993183609098196;0.47477122843265535;0.15228145122528075;-0.2952522560954094;0.5381921231746674;0.5395233333110809;-0.1515895053744316;0.4207773655653;0.5574360340833664;-0.19030212238430977;0.4927816887696584;0.9044533570607504;0.12774567306041718;0.460643212000529;0.9023161927858988;0.1332217479745547;;acercandose
4.3;0.4678575396537781;0.18256883323192596;-0.29014497995376587;0.523798406124115;0.26091644167900085;-0.10473679006099701;0.42730289697647095;0.26960521936416626;-0.12392660230398178;0.5361542105674744;0.39835163950920105;-0.03331920504570007;0.41615644097328186;0.4101150333881378;-0.0748700499534607;0.5016931891441345;0.5134003162384033;0.0013024313375353813;0.4488132894039154;0.5156668424606323;-0.0013859730679541826;0.49877500534057617;0.7097233533859253;-0.0021026863250881433;0.45373693108558655;0.7140882611274719;0.0028824876062572002;0.4751438707113266;0.1523291602730751;-0.2933474168181419;0.5380594879388809;0.5397890955209732;-0.15115956403315067;0.4206399619579315;0.5576412975788116;-0.19006139039993286;0.4927939971288045;0.904359499613444;0.12779285510381064;0.4606478313604991;0.9022346337636312;0.13271787017583847;;acercandose
4.33;0.4682188332080841;0.18261829018592834;-0.2885582447052002;0.5241757035255432;0.26059243083000183;-0.10342484712600708;0.4277906119823456;0.2694677710533142;-0.12270636856555939;0.5364293456077576;0.39808109402656555;-0.03243934363126755;0.4165346026420593;0.4096774458885193;-0.07434723526239395;0.5019502639770508;0.5133952498435974;0.001369795179925859;0.4491121172904968;0.5154662728309631;-0.001452850759960711;0.4990076720714569;0.7094178795814514;-0.001642270595766604;0.45374596118927;0.7134992480278015;0.002752087777480483;0.4755390554666519;0.15238948911428452;-0.2915114864706993;0.5379326492547989;0.5396934747695923;-0.1507598962634802;0.4204733520746231;0.557803213596344;-0.18979738652706146;0.4927766025066376;0.9043424129486084;0.12720286597808203;0.4606379270553589;0.9021957914034525;0.13090680663784346;;acercandose
4.37;0.46843183040618896;0.18265610933303833;-0.2892049252986908;0.5246170163154602;0.260537326335907;-0.10408094525337219;0.4281255900859833;0.2694573998451233;-0.12247201800346375;0.536749005317688;0.398027628660202;-0.03372891992330551;0.41679084300994873;0.4096281826496124;-0.07416250556707382;0.50216144323349;0.5133947134017944;0.0013931673020124435;0.4492899477481842;0.515287458896637;-0.001476758043281734;0.49922874569892883;0.709392249584198;-0.0013523253146559;0.45378410816192627;0.7131725549697876;0.002358484547585249;0.47585730254650116;0.15240814983844758;-0.29222653061151505;0.5377906113862991;0.5393922179937363;-0.15278130397200584;0.42044664919376373;0.5581417083740234;-0.19026420637965202;0.49277445673942566;0.9043110013008118;0.12795376032590866;0.4606243173281352;0.9021460811297098;0.13080890104174614;;acercandose
4.4;0.46844756603240967;0.18268968164920807;-0.28823304176330566;0.5249993801116943;0.26058974862098694;-0.1034056544303894;0.42841199040412903;0.2694522440433502;-0.12148550152778625;0.5368591547012329;0.3980036973953247;-0.03476468101143837;0.4168674945831299;0.4095701575279236;-0.07383926212787628;0.5023308396339417;0.5134701132774353;0.0014532619388774037;0.44945991039276123;0.5152845978736877;-0.0015370415057986975;0.49935513734817505;0.7093229293823242;-0.0013166862772777677;0.45382097363471985;0.7129520177841187;0.0022529081907123327;0.4760229170322418;0.15244998633861542;-0.2911978453397751;0.5373134166002274;0.5387725085020065;-0.15412937104701996;0.42043112218379974;0.5582040697336197;-0.19014982879161835;0.49275152881940204;0.9042300780614217;0.12688361977537474;0.46060191591580707;0.9020774563153585;0.12971115484833717;;acercandose
4.43;0.46843281388282776;0.18278302252292633;-0.28294655680656433;0.5253173112869263;0.2606273591518402;-0.10234814137220383;0.42855745553970337;0.26950597763061523;-0.1173548698425293;0.5370373129844666;0.3979491591453552;-0.03415732830762863;0.4169394373893738;0.40954697132110596;-0.07070126384496689;0.5024547576904297;0.5134825110435486;0.0015055822441354394;0.4495750069618225;0.5152781009674072;-0.001588973798789084;0.4994531571865082;0.7092682719230652;-0.0012575231958180666;0.4538421630859375;0.7129056453704834;0.0021004322916269302;0.4760857939720154;0.15262537747621535;-0.28613622337579725;0.5369977653026581;0.5372829884290695;-0.15377828106284142;0.420414574444294;0.5581769496202469;-0.18865671381354332;0.4927620490392049;0.9041475653648376;0.1250760667026043;0.4605717658996582;0.9019979238510132;0.12682651604215303;;acercandose
4.47;0.46841469407081604;0.1828887164592743;-0.28203272819519043;0.5255930423736572;0.26067593693733215;-0.10234798491001129;0.42882490158081055;0.2695118486881256;-0.11647848039865494;0.5371063351631165;0.39803969860076904;-0.03480392321944237;0.4170553386211395;0.4093729555606842;-0.06980708241462708;0.5025531649589539;0.513562023639679;0.001464937231503427;0.4496747851371765;0.5152644515037537;-0.0015483038732782006;0.4995432496070862;0.7092272043228149;-0.0017803647788241506;0.4538678824901581;0.7128708362579346;0.001968859462067485;0.4761456310749054;0.1528916299343109;-0.28543144911527635;0.5360127687454224;0.5372236669063568;-0.15363406017422676;0.42038264125585556;0.5581526458263397;-0.18805881217122078;0.4927737812201182;0.9040961066881815;0.12299564108252525;0.46053048968315125;0.9019839366277059;0.1252126321196556;;acercandose
