segundo;landmark_10_x;landmark_10_y;landmark_10_z;landmark_11_x;landmark_11_y;landmark_11_z;landmark_12_x;landmark_12_y;landmark_12_z;landmark_13_x;landmark_13_y;landmark_13_z;landmark_14_x;landmark_14_y;landmark_14_z;landmark_23_x;landmark_23_y;landmark_23_z;landmark_24_x;landmark_24_y;landmark_24_z;landmark_25_x;landmark_25_y;landmark_25_z;landmark_26_x;landmark_26_y;landmark_26_z;cara_prom_x;cara_prom_y;cara_prom_z;mano_izquierda_prom_x;mano_izquierda_prom_y;mano_izquierda_prom_z;mano_derecha_prom_x;mano_derecha_prom_y;mano_derecha_prom_z;pie_izquierdo_prom_x;pie_izquierdo_prom_y;pie_izquierdo_prom_z;pie_derecho_prom_x;pie_derecho_prom_y;pie_derecho_prom_z;;Etiqueta
0.03;0.5560949444770813;0.19770288467407227;-0.1773305982351303;0.5822681784629822;0.2489093840122223;-0.06055377423763275;0.5262179374694824;0.24687403440475464;-0.08557900041341782;0.5930628180503845;0.3322727084159851;-0.012169899418950081;0.5187017917633057;0.33082473278045654;-0.05666134133934975;0.5723602175712585;0.4041423201560974;0.0049415226094424725;0.541050910949707;0.40698763728141785;-0.0049720266833901405;0.56870037317276;0.5148817896842957;0.012572971172630787;0.5427138209342957;0.5143204927444458;0.0010378006845712662;0.5594900727272034;0.17942595481872559;-0.1777897797524929;0.5929295420646667;0.4228265583515167;-0.08686360716819763;0.5211893767118454;0.4241430386900902;-0.12181441485881805;0.562363882859548;0.630109945933024;0.11299463609854381;0.5425140261650085;0.6265107790629069;0.1028365430732568;;acercandose
0.07;0.5550509691238403;0.19571001827716827;-0.15278349816799164;0.5825834274291992;0.24904723465442657;-0.04934459924697876;0.5260375738143921;0.24669498205184937;-0.060065921396017075;0.5924850106239319;0.3322088122367859;-0.012528111226856709;0.5177608728408813;0.3312228322029114;-0.04239140450954437;0.5723946690559387;0.4050169289112091;0.0026112471241503954;0.5407360196113586;0.4070141017436981;-0.0026491391472518444;0.5685654282569885;0.5151139497756958;0.005017989315092564;0.5426348447799683;0.515631377696991;0.00893584918230772;0.5585780262947082;0.1782185345888138;-0.1513803146779537;0.593026652932167;0.42259660363197327;-0.08983185701072216;0.5209091305732727;0.4239926040172577;-0.11184119805693626;0.5621501803398132;0.6299161712328593;0.1117717723051707;0.5432003736495972;0.6261103351910909;0.11450017988681793;;acercandose
0.1;0.555016279220581;0.19493697583675385;-0.1464671790599823;0.5825873017311096;0.24917882680892944;-0.042063888162374496;0.5258564352989197;0.2466956079006195;-0.059950873255729675;0.5922297239303589;0.3315677344799042;-0.00849637296050787;0.5172404646873474;0.33256131410598755;-0.04342189431190491;0.5723593831062317;0.4052748680114746;0.0027099160943180323;0.5403929948806763;0.4069890081882477;-0.0027496139518916607;0.5685126185417175;0.515114426612854;0.004788164980709553;0.5425877571105957;0.5158858895301819;0.008187663741409779;0.5583679556846619;0.17782584130764006;-0.14436387419700622;0.5933794975280762;0.42240460216999054;-0.08372833393514156;0.5209444463253021;0.42381154000759125;-0.10901296325027943;0.5620811780293783;0.6297956903775533;0.0998696672419707;0.5432605544726054;0.6258800427118937;0.10204766069849332;;acercandose
0.13;0.5550305843353271;0.19446763396263123;-0.14364761114120483;0.5825859308242798;0.24950748682022095;-0.033343322575092316;0.5255776643753052;0.2468786984682083;-0.06204520910978317;0.5921040177345276;0.33158060908317566;0.0010417609009891748;0.5168733596801758;0.33325016498565674;-0.04573795571923256;0.5723044276237488;0.4057322144508362;0.00600570160895586;0.5401106476783752;0.40704312920570374;-0.006033387500792742;0.5685007572174072;0.5151224732398987;0.004756035283207893;0.5425606369972229;0.5168658494949341;-0.002245949348434806;0.5583533048629761;0.17742289155721663;-0.1406964361667633;0.5938943028450012;0.42241670936346054;-0.07737858686596155;0.5209993720054626;0.4236411154270172;-0.11014612577855587;0.5621304313341776;0.6298744877179464;0.10225054621696472;0.5433626572291056;0.6256107886632284;0.09956691041588783;;acercandose
0.17;0.5549858808517456;0.1945386826992035;-0.14480766654014587;0.58258455991745;0.2504325211048126;-0.034194983541965485;0.5254557728767395;0.24729539453983307;-0.06237134337425232;0.5917941331863403;0.3324377238750458;0.0018127866787835956;0.5165982246398926;0.33400583267211914;-0.04649810120463371;0.5720993876457214;0.4068249464035034;0.007285879924893379;0.5399314761161804;0.407482773065567;-0.007318819407373667;0.5684664845466614;0.5152684450149536;0.005108003970235586;0.5425313115119934;0.5181988477706909;-0.003874686546623707;0.5582371532917023;0.1773923397064209;-0.14231779128313066;0.5941008776426315;0.4224517345428467;-0.07669573370367289;0.5210179090499878;0.4236404523253441;-0.11075686104595661;0.5619500279426575;0.6294636726379395;0.11163640270630519;0.5433370073636373;0.6256493330001831;0.10065521548191707;;acercandose
0.2;0.554265558719635;0.19455167651176453;-0.14536155760288239;0.582525372505188;0.2507766783237457;-0.03594084084033966;0.5253516435623169;0.24763067066669464;-0.06177692487835884;0.5913265347480774;0.3328407406806946;0.0022333443630486727;0.5165291428565979;0.33441033959388733;-0.0452386848628521;0.5719782710075378;0.40683355927467346;0.007119505666196346;0.5397834181785583;0.40747642517089844;-0.007152602542191744;0.5684667229652405;0.5152716636657715;0.0010398807935416698;0.542530357837677;0.518821120262146;-0.0030753922183066607;0.5576585471630097;0.1773390367627144;-0.1434618279337883;0.5941668301820755;0.4224860966205597;-0.07340702321380377;0.5209555625915527;0.42370910942554474;-0.10903863422572613;0.5618274013201395;0.6288715799649557;0.10388630752762158;0.5432648460070292;0.6254816850026449;0.10124885415037473;;acercandose
0.23;0.5536274313926697;0.1946408450603485;-0.14654213190078735;0.5823729634284973;0.25100675225257874;-0.03654741495847702;0.5252158045768738;0.24795235693454742;-0.06254981458187103;0.5909979939460754;0.33353421092033386;0.0015511246165260673;0.5163365602493286;0.3348574638366699;-0.045638952404260635;0.5717629194259644;0.40689289569854736;0.007140162866562605;0.5395257472991943;0.4074704349040985;-0.007171581033617258;0.5683354139328003;0.5154343247413635;-0.0029037639033049345;0.5425068140029907;0.519578218460083;-0.005666831042617559;0.5572055578231812;0.17734362185001373;-0.14476146623492242;0.5942089408636093;0.4226062372326851;-0.07505705114454031;0.5208475291728973;0.42385372519493103;-0.10993166267871857;0.561720073223114;0.6287914117177328;0.09873657673597336;0.543233335018158;0.6245419780413309;0.10168774425983429;;acercandose
0.27;0.5533955097198486;0.194798082113266;-0.14705345034599304;0.5820338129997253;0.25112709403038025;-0.03573691472411156;0.52500319480896;0.24823661148548126;-0.06343401223421097;0.5906302332878113;0.3337900936603546;0.002029233146458864;0.5159610509872437;0.33514103293418884;-0.04590979591012001;0.5714816451072693;0.4068741798400879;0.007458487059921026;0.5393723845481873;0.40745100378990173;-0.00748842116445303;0.568239688873291;0.5154373049736023;-0.0020642844028770924;0.5424944162368774;0.5196586847305298;-0.007335273548960686;0.5569845259189605;0.1773903951048851;-0.1451696887612343;0.5942076593637466;0.4226653501391411;-0.07556274626404047;0.5208121240139008;0.42411142587661743;-0.11017476581037045;0.5616356730461121;0.6286622881889343;0.09887787575523059;0.5432537794113159;0.6242257356643677;0.09867525473237038;;acercandose
0.3;0.5529503226280212;0.19482530653476715;-0.1446804255247116;0.581615686416626;0.2512039542198181;-0.03577018156647682;0.5247132182121277;0.24855606257915497;-0.06196277588605881;0.5903638005256653;0.334011435508728;0.001238828175701201;0.5156705379486084;0.3351996839046478;-0.04569573327898979;0.571215033531189;0.4068601429462433;0.007404612377285957;0.5392169952392578;0.40744954347610474;-0.007433931343257427;0.5681176781654358;0.5154381990432739;-0.0007324019679799676;0.5424885749816895;0.5195711851119995;-0.006317109800875187;0.5565748453140259;0.17740434855222703;-0.14273269698023797;0.5941973328590393;0.42265602946281433;-0.07618487812578678;0.5206912606954575;0.4244306907057762;-0.10986374691128731;0.561642070611318;0.6287748416264852;0.0930628130833308;0.5432378451029459;0.6243092020352682;0.09014654283722241;;acercandose
0.33;0.5525293350219727;0.19485387206077576;-0.14520469307899475;0.5810966491699219;0.2512003183364868;-0.03670012578368187;0.5241917967796326;0.24891218543052673;-0.06229173019528389;0.5898974537849426;0.3338939845561981;0.0006224389071576297;0.5152943730354309;0.3351837396621704;-0.045961443334817886;0.5709685683250427;0.406758189201355;0.007387610152363777;0.5389953255653381;0.407446950674057;-0.007415119558572769;0.5680143237113953;0.5153181552886963;1,38E+11;0.5424717664718628;0.5194355845451355;-0.005589304491877556;0.5560396492481232;0.17738593518733978;-0.1432957425713539;0.5941438972949982;0.4222194701433182;-0.07661854103207588;0.5204362720251083;0.4245306923985481;-0.1099830474704504;0.5616588195164999;0.6288190682729086;0.0852113092939059;0.5432489911715189;0.624225894610087;0.08845920612414677;;acercandose
0.37;0.5521804094314575;0.19489984214305878;-0.14533542096614838;0.5805487036705017;0.25112876296043396;-0.03733310103416443;0.5237139463424683;0.2491682469844818;-0.0627816766500473;0.5890666246414185;0.33307284116744995;-0.0003607433754950762;0.5148427486419678;0.33518466353416443;-0.04604260250926018;0.5707160830497742;0.40629130601882935;0.007357359863817692;0.5387985706329346;0.40733546018600464;-0.007386848796159029;0.5679051280021667;0.5149917602539062;0.0002885145368054509;0.5423445701599121;0.519041895866394;-0.005011265631765127;0.555518901348114;0.17738642394542695;-0.14363484904170037;0.5937830805778503;0.42124949395656586;-0.07835050113499165;0.5202881246805191;0.42462729662656784;-0.11022246815264225;0.5616731842358907;0.6286416053771973;0.08061162009835243;0.5432517528533936;0.624018649260203;0.08685065433382988;;acercandose
0.4;0.55153888463974;0.19505244493484497;-0.14409339427947998;0.5799356698989868;0.25108370184898376;-0.03636055439710617;0.5231403708457947;0.24931636452674866;-0.06274396181106567;0.5880090594291687;0.33243557810783386;-0.0012080613523721695;0.5142318606376648;0.33517059683799744;-0.04621748998761177;0.5703127384185791;0.4057791531085968;0.007711221929639578;0.5384605526924133;0.4071357846260071;-0.007731277961283922;0.5678055882453918;0.5144350528717041;-0.0012176164891570807;0.5422103404998779;0.5188860893249512;-0.004693384747952223;0.5548584818840027;0.1774277612566948;-0.1425442062318325;0.5928422212600708;0.4205410107970238;-0.08347366563975811;0.5200452655553818;0.42457742989063263;-0.10975228995084763;0.5616129040718079;0.6284397641817728;0.07657649430135886;0.5432501435279846;0.623522679011027;0.08936614294846852;;acercandose
0.43;0.5504077076911926;0.19517366588115692;-0.14076660573482513;0.5792741775512695;0.25101378560066223;-0.033876676112413406;0.522590696811676;0.2493351250886917;-0.05995974317193031;0.5870447158813477;0.3317437767982483;-0.0012767696753144264;0.5137272477149963;0.3351176083087921;-0.04429622367024422;0.5697648525238037;0.4054134488105774;0.007987694814801216;0.537848949432373;0.4069098234176636;-0.007996742613613605;0.5676049590110779;0.5142123103141785;-0.0060227313078939915;0.5417479276657104;0.5188490748405457;-0.005178243387490511;0.5538588464260101;0.17751418501138688;-0.13958703950047494;0.5916964709758759;0.41992536932229996;-0.0858639907091856;0.5198803395032883;0.424459807574749;-0.10703394934535027;0.5616035660107931;0.6286091407140096;0.07100524318714936;0.5432816942532858;0.622724711894989;0.09694831942518552;;acercandose
0.47;0.5495268702507019;0.1952029913663864;-0.13958297669887543;0.5786560773849487;0.25097110867500305;-0.033568959683179855;0.5218003988265991;0.24936474859714508;-0.05906645208597183;0.5861595273017883;0.33140629529953003;-0.001389078563079238;0.5134811401367188;0.33510878682136536;-0.04284006357192993;0.569499671459198;0.40516000986099243;0.007951692678034306;0.5375528335571289;0.4068642854690552;-0.007955295033752918;0.5674418807029724;0.5142759680747986;-0.011884628795087337;0.5411268472671509;0.5188938975334167;-0.004995944909751415;0.5530220210552216;0.17756346017122268;-0.13840899839997292;0.591105043888092;0.4194439947605133;-0.08522198162972927;0.5198501497507095;0.42446788400411606;-0.10467713698744774;0.5615266760190328;0.6290415724118551;0.06500083456436793;0.5433082183202108;0.6221365332603455;0.10444243624806404;;acercandose
0.5;0.5487531423568726;0.19523169100284576;-0.14895321428775787;0.5781811475753784;0.25100645422935486;-0.04083637148141861;0.5208931565284729;0.24952563643455505;-0.06506486237049103;0.5851012468338013;0.3316522240638733;-0.009282623417675495;0.5131864547729492;0.3352278470993042;-0.047197844833135605;0.5690817832946777;0.40483763813972473;0.00737293716520071;0.5372672080993652;0.40685585141181946;-0.00737666804343462;0.5671314001083374;0.5142830014228821;-0.011041760444641113;0.5405223965644836;0.5189326405525208;-0.0007572914473712444;0.5522449672222137;0.17756836861371994;-0.14789452254772187;0.5905178487300873;0.4193094000220299;-0.09217945858836174;0.5198606997728348;0.4245725944638252;-0.10874074324965477;0.5613933801651001;0.629733145236969;0.06844320769111316;0.5432725151379904;0.622017482916514;0.11451743543148041;;acercandose
0.53;0.5486883521080017;0.19571566581726074;-0.1633109301328659;0.5777572989463806;0.2510368525981903;-0.05006866157054901;0.519773006439209;0.249786838889122;-0.07412081211805344;0.5842236280441284;0.3317651152610779;-0.013924562372267246;0.512760579586029;0.33573246002197266;-0.05287821963429451;0.5689291954040527;0.4047744572162628;0.005720409099012613;0.5369948148727417;0.40703296661376953;-0.0057328748516738415;0.5670004487037659;0.5155491232872009;-0.015257403254508972;0.5398091077804565;0.5215969085693359;-0.0011206120252609253;0.5519850552082062;0.17786445766687392;-0.16277732104063034;0.5893277227878571;0.41932594776153564;-0.09376227669417858;0.5200728625059128;0.4252406060695648;-0.1161756943911314;0.5611293315887451;0.6301886240641276;0.07286511920392513;0.5433191061019897;0.621728261311849;0.12403502315282822;;acercandose
0.57;0.548027515411377;0.19607645273208618;-0.17233701050281525;0.5772444605827332;0.251059889793396;-0.05738070234656334;0.5190128087997437;0.25017625093460083;-0.08030172437429428;0.5830902457237244;0.3317720592021942;-0.02230890281498432;0.5124159455299377;0.33620843291282654;-0.059636566787958145;0.5688267350196838;0.40464964509010315;0.00467204162850976;0.536853551864624;0.4072727859020233;-0.004686879459768534;0.5670121312141418;0.5157715082168579;-0.021537330001592636;0.5392216444015503;0.5236005187034607;-0.0033108212519437075;0.551371556520462;0.17810811549425126;-0.17184047922492027;0.5879329890012741;0.4195100888609886;-0.10223495401442051;0.5202820152044296;0.42586755007505417;-0.12549218721687794;0.561120887597402;0.6305578152338663;0.07090045449634393;0.5434278051058451;0.6214660803476969;0.12687155107657114;;acercandose
0.6;0.5477701425552368;0.19645476341247559;-0.16857518255710602;0.5764324069023132;0.25104230642318726;-0.05276508256793022;0.5185930132865906;0.25032392144203186;-0.07883131504058838;0.5823216438293457;0.3316897749900818;-0.018957670778036118;0.5123018622398376;0.3364124000072479;-0.06004006788134575;0.5687116980552673;0.40445464849472046;0.0046500856988132;0.5367819666862488;0.40736690163612366;-0.004661608021706343;0.5670843124389648;0.5159121751785278;-0.03380652144551277;0.5385318994522095;0.5242795348167419;-0.008829919621348381;0.5510457873344421;0.178452168405056;-0.1676825426518917;0.5869722813367844;0.4196215495467186;-0.10394015349447727;0.5206588506698608;0.42620499432086945;-0.12859344482421875;0.5610852638880411;0.6313923001289368;0.06102488065759341;0.5435189008712769;0.6207029223442078;0.13674493382374445;;acercandose
0.63;0.5474502444267273;0.19691824913024902;-0.16611960530281067;0.5757446885108948;0.25091981887817383;-0.050690021365880966;0.518304705619812;0.250532865524292;-0.07669007778167725;0.5815563797950745;0.33128657937049866;-0.016476891934871674;0.5122600197792053;0.33688434958457947;-0.05796991288661957;0.5685805082321167;0.4044065475463867;0.004661391489207745;0.5366836190223694;0.4075241684913635;-0.004674022551625967;0.5671564340591431;0.51712566614151;-0.02658451907336712;0.5380540490150452;0.5245276689529419;-0.013760705478489399;0.5506785750389099;0.17900299429893493;-0.1652876168489456;0.5863666087388992;0.4195893928408623;-0.10033863969147205;0.520913302898407;0.42654257267713547;-0.12475709803402424;0.5608235001564026;0.6326626539230347;0.07555625215172768;0.543350875377655;0.6209139029184977;0.12681128829717636;;acercandose
0.67;0.5475433468818665;0.19782811403274536;-0.1638236790895462;0.5753524899482727;0.25092560052871704;-0.04640798270702362;0.518150269985199;0.25094830989837646;-0.07639867067337036;0.581165075302124;0.33129313588142395;-0.011752980761229992;0.5122858285903931;0.33728209137916565;-0.05750970169901848;0.568259060382843;0.4044274091720581;0.004464584868401289;0.5365171432495117;0.40807801485061646;-0.004475622903555632;0.5671537518501282;0.5186313986778259;-0.031091105192899704;0.5381020903587341;0.5252345204353333;-0.014421972446143627;0.550713986158371;0.17994842529296876;-0.1629111111164093;0.5859836488962173;0.42001981288194656;-0.09934277273714542;0.5209606438875198;0.4267546087503433;-0.12393361143767834;0.5608546733856201;0.6380798816680908;0.06427610634515683;0.5432946483294169;0.6212591926256815;0.13096218556165695;;acercandose
0.7;0.5479317903518677;0.1996237188577652;-0.16271823644638062;0.5753334760665894;0.2509664297103882;-0.04194657877087593;0.5179809927940369;0.25157517194747925;-0.07686851918697357;0.5811296105384827;0.33128219842910767;-0.010749111883342266;0.5122087001800537;0.3379385769367218;-0.06135769933462143;0.5678775906562805;0.40453216433525085;0.004690156318247318;0.5362427830696106;0.4087875187397003;-0.004684984218329191;0.5671555995941162;0.5191614627838135;-0.04383652284741402;0.5381439328193665;0.5259557366371155;-0.013100109063088894;0.5508444905281067;0.18144865185022355;-0.1619079142808914;0.5858944952487946;0.42096780240535736;-0.09915264323353767;0.5209735929965973;0.4277876541018486;-0.13173716142773628;0.5613637566566467;0.6435748338699341;0.031995185961325966;0.5433080593744913;0.6208903590838114;0.14811754475037256;;acercandose
0.73;0.5485320687294006;0.20069800317287445;-0.17371107637882233;0.5754468441009521;0.25169268250465393;-0.054289497435092926;0.5179876089096069;0.2522183358669281;-0.08744797855615616;0.5813785195350647;0.33245131373405457;-0.023833027109503746;0.5120921730995178;0.33835935592651367;-0.0747445747256279;0.5673607587814331;0.404602587223053;0.003913904540240765;0.5358436703681946;0.40904080867767334;-0.003906586207449436;0.5671301484107971;0.5190739035606384;-0.07210493087768555;0.538203775882721;0.5268479585647583;-0.004755707457661629;0.551021009683609;0.18243413120508195;-0.17238480672240258;0.5855575948953629;0.42253074049949646;-0.1104996558278799;0.5209701210260391;0.4285047650337219;-0.14499342814087868;0.5617647568384806;0.6441660523414612;-0.007905357827742895;0.5433350404103597;0.6210949619611105;0.15402315805355707;;acercandose
0.77;0.5486274361610413;0.2013006955385208;-0.17647844552993774;0.5755360722541809;0.25298312306404114;-0.06092539802193642;0.5180224180221558;0.2529357969760895;-0.0905870795249939;0.5814868807792664;0.33492985367774963;-0.026689205318689346;0.5119215250015259;0.33926185965538025;-0.07713238894939423;0.5670936703681946;0.40482744574546814;0.0037228248547762632;0.5356734395027161;0.40918830037117004;-0.003724662819877267;0.5671139359474182;0.518697202205658;-0.05686427652835846;0.5383665561676025;0.5266551375389099;-0.002292914316058159;0.551063084602356;0.18321863561868668;-0.17504624426364898;0.5856934487819672;0.4236876517534256;-0.10589762032032013;0.5208388268947601;0.4292448088526726;-0.14181097969412804;0.5620358188947042;0.6436417897542318;0.0032547625402609506;0.5433047413825989;0.6247096260388693;0.11282949149608612;;acercandose
0.8;0.5486531257629395;0.201882466673851;-0.17219485342502594;0.5756373405456543;0.25446873903274536;-0.05708147585391998;0.5180900692939758;0.2537768483161926;-0.08724632859230042;0.5816187262535095;0.33610251545906067;-0.023414025083184242;0.5118350982666016;0.34066349267959595;-0.07406963407993317;0.5668549537658691;0.40562698245048523;0.0035768328234553337;0.5355258584022522;0.4098910391330719;-0.0035739054437726736;0.567109227180481;0.5186915397644043;-0.0669206976890564;0.5385321378707886;0.5265650153160095;0.00981088075786829;0.5511438846588135;0.18405355215072633;-0.17092151716351509;0.5858145505189896;0.42429518699645996;-0.09877501986920834;0.5205909609794617;0.4306928887963295;-0.13700511865317822;0.5621940096219381;0.6479976177215576;-0.05008327029645443;0.5434232751528422;0.6287558476130167;0.09797754014531772;;acercandose
0.83;0.5496931076049805;0.20226465165615082;-0.17451424896717072;0.5759580135345459;0.25562751293182373;-0.05906247720122337;0.5181394219398499;0.2543592154979706;-0.09219234436750412;0.5818789601325989;0.33778059482574463;-0.0240818839520216;0.5117083191871643;0.3422394096851349;-0.07779117673635483;0.5668219923973083;0.40746545791625977;0.0035913854371756315;0.5353516340255737;0.4115317761898041;-0.0035902655217796564;0.5672942996025085;0.520293653011322;-0.03331643342971802;0.5387282371520996;0.5264517068862915;0.017524566501379013;0.5522993803024292;0.18474967330694197;-0.17292482107877732;0.5861814022064209;0.42503902316093445;-0.0984850712120533;0.5202243775129318;0.4328864887356758;-0.13930820487439632;0.5633076230684916;0.6490031083424886;-0.0023997599879900613;0.5434672633806864;0.628301203250885;0.11867115398248036;;acercandose
0.87;0.5504528284072876;0.20272687077522278;-0.1789862960577011;0.5765613913536072;0.256625771522522;-0.06441720575094223;0.5183746218681335;0.25472208857536316;-0.09618931263685226;0.5827857851982117;0.33921322226524353;-0.028159545734524727;0.5116392970085144;0.3429320752620697;-0.08177687227725983;0.566838264465332;0.408500075340271;0.0030547797214239836;0.5352851152420044;0.4124661087989807;-0.0030503394082188606;0.5676893591880798;0.5206959247589111;-0.04054541513323784;0.5394081473350525;0.5263695120811462;0.01756325736641884;0.5532437980175018;0.18565072417259215;-0.1777597427368164;0.5876273959875107;0.42604272812604904;-0.098279794678092;0.5198474824428558;0.43452905863523483;-0.141706433147192;0.5642332235972086;0.6510854562123617;-0.010595625887314478;0.543964703877767;0.6284634669621786;0.11742408821980159;;acercandose
0.9;0.5510623455047607;0.20312629640102386;-0.18615907430648804;0.5773752331733704;0.25747039914131165;-0.0684872418642044;0.5188955068588257;0.2551252543926239;-0.10185693204402924;0.583855152130127;0.33998653292655945;-0.030302835628390312;0.5116181373596191;0.34383705258369446;-0.08440515398979187;0.566848635673523;0.41012293100357056;0.0031711740884929895;0.535258948802948;0.413958877325058;-0.00317173614166677;0.5678384900093079;0.5224156379699707;-0.024826815351843834;0.5394471287727356;0.5263087749481201;0.021831003949046135;0.554013067483902;0.18611908257007598;-0.18533658012747764;0.5889333337545395;0.4270499050617218;-0.09940090402960777;0.5192077308893204;0.4361307844519615;-0.14450278505682945;0.5648407340049744;0.653530478477478;0.0006814027825991312;0.5440256794293722;0.62833571434021;0.13743110249439874;;acercandose
0.93;0.5525820851325989;0.20309942960739136;-0.18214718997478485;0.5782278180122375;0.2577519714832306;-0.06302516162395477;0.5200793743133545;0.2553447484970093;-0.10083552449941635;0.5849152207374573;0.34119272232055664;-0.01970464549958706;0.511638343334198;0.34409457445144653;-0.08159993588924408;0.5668900609016418;0.41089609265327454;0.009275001473724842;0.5353763699531555;0.41473063826560974;-0.00928505603224039;0.5679093599319458;0.5257531404495239;-0.02202904038131237;0.5399130582809448;0.526802659034729;0.015981003642082214;0.5553436398506164;0.186039899289608;-0.1807817153632641;0.5898285657167435;0.4285227730870247;-0.09287638776004314;0.5184569507837296;0.4369153827428818;-0.1416567824780941;0.5656668146451315;0.6582481463750204;0.01175622766216596;0.5444128115971884;0.6287571589152018;0.143823504447937;;acercandose
0.97;0.5546654462814331;0.20558616518974304;-0.19355647265911102;0.5795988440513611;0.25915536284446716;-0.061959587037563324;0.5209385752677917;0.25616654753685;-0.11096853762865067;0.5857346653938293;0.3429173231124878;-0.019234497100114822;0.5117274522781372;0.3447088599205017;-0.09101013839244843;0.5669915080070496;0.4126138389110565;0.011976896785199642;0.5355080366134644;0.4160557985305786;-0.011991173960268497;0.5679696202278137;0.5296394228935242;-0.01884261704981327;0.5403772592544556;0.5270698070526123;0.01507638394832611;0.5572058022022247;0.1878882572054863;-0.19262476563453673;0.590268924832344;0.43033646792173386;-0.09332347102463245;0.5178904980421066;0.4383068382740021;-0.1526586189866066;0.5657655994097391;0.6630038619041443;0.03105680209894975;0.5446823835372925;0.6290722886721293;0.16293729841709137;;acercandose
1.0;0.5564241409301758;0.20628079771995544;-0.20482425391674042;0.5815092921257019;0.26090726256370544;-0.07715637981891632;0.5218821167945862;0.2567344903945923;-0.11528577655553818;0.5866799354553223;0.34628719091415405;-0.03528435900807381;0.5120006203651428;0.34520474076271057;-0.09441696107387543;0.5673828721046448;0.41495445370674133;0.011332955211400986;0.5356706380844116;0.4178707003593445;-0.01131981797516346;0.5681244730949402;0.5321370363235474;-0.016798827797174454;0.5405728816986084;0.5274065136909485;0.022012269124388695;0.5589258730411529;0.1883539989590645;-0.20441133975982667;0.591013491153717;0.4336486905813217;-0.11001290380954742;0.5176361203193665;0.43931587040424347;-0.15737175941467285;0.5663180152575175;0.6652141412099203;0.04733993113040924;0.5448625882466634;0.6288164456685384;0.17403444647789001;;acercandose
1.03;0.5579283833503723;0.2064976543188095;-0.2097281813621521;0.5832829475402832;0.26144152879714966;-0.08574646711349487;0.523193359375;0.2569155991077423;-0.11268741637468338;0.5879784226417542;0.3457551896572113;-0.04633256047964096;0.5125371217727661;0.34518444538116455;-0.09027796983718872;0.5684428215026855;0.41680195927619934;0.006614049430936575;0.5362544059753418;0.41934627294540405;-0.006640668958425522;0.5685829520225525;0.5358000993728638;-0.01972825825214386;0.5405943989753723;0.5306094884872437;0.020389068871736526;0.5605506896972656;0.18861911445856094;-0.20994964241981506;0.59220290184021;0.4340362399816513;-0.12411663681268692;0.5174066573381424;0.4400346726179123;-0.15761329233646393;0.5673108696937561;0.665260394414266;0.06089449053009351;0.5453444917996725;0.6278253595034281;0.19004512826601663;;acercandose
1.07;0.558646023273468;0.20563383400440216;-0.20355847477912903;0.5854867696762085;0.26144856214523315;-0.07865707576274872;0.5243656635284424;0.2569374144077301;-0.1080116331577301;0.5903260707855225;0.3462652266025543;-0.03886227682232857;0.513506293296814;0.3454369008541107;-0.08521866053342819;0.5703520178794861;0.4175233840942383;0.006345623172819614;0.5374891757965088;0.41954851150512695;-0.006380232982337475;0.5700096487998962;0.5374864935874939;-0.021653832867741585;0.5409054756164551;0.5340226292610168;0.01831239089369774;0.5614699482917785;0.18753469586372376;-0.20311604887247087;0.595323383808136;0.43575674295425415;-0.11833965219557285;0.5171573758125305;0.44047852605581284;-0.1550392098724842;0.5675730109214783;0.6653972665468851;0.05861212204520901;0.5451493461926779;0.6283694903055826;0.1849463184674581;;acercandose
1.1;0.5597620010375977;0.2043079435825348;-0.2098245769739151;0.5876123309135437;0.26125892996788025;-0.08381501585245132;0.5253233909606934;0.25691211223602295;-0.10983649641275406;0.5923436880111694;0.3458605706691742;-0.04547290503978729;0.5144456624984741;0.34562626481056213;-0.08591122180223465;0.5716338753700256;0.417462021112442;0.005866572726517916;0.5379693508148193;0.41940417885780334;-0.005909807980060577;0.5710983276367188;0.5371968150138855;-0.03144294396042824;0.5413068532943726;0.5336511731147766;0.024001870304346085;0.5627969980239869;0.1858143389225006;-0.20995941013097763;0.5966823250055313;0.43697597086429596;-0.1290460266172886;0.5170058757066727;0.4404046982526779;-0.15520082786679268;0.5681968927383423;0.6665788690249125;0.05127855203075645;0.5450740059216818;0.6277425289154053;0.20828539629777273;;acercandose
1.13;0.5608581900596619;0.2037593275308609;-0.22410541772842407;0.5896661281585693;0.26069268584251404;-0.09577665477991104;0.5260899662971497;0.2565593421459198;-0.11708074808120728;0.5941137075424194;0.3456740975379944;-0.0551183857023716;0.5154828429222107;0.34565266966819763;-0.09013678878545761;0.5730206966400146;0.4176531136035919;0.004006973933428526;0.5385342836380005;0.4195540249347687;-0.004069291986525059;0.5714768171310425;0.5379309058189392;-0.03548337519168854;0.5412920713424683;0.5342262387275696;0.021410439163446426;0.5640370130538941;0.18470081984996795;-0.22529075145721436;0.5972130596637726;0.43775711953639984;-0.14097167737782001;0.517115131020546;0.44040150940418243;-0.16361624002456665;0.5685184001922607;0.666632870833079;0.06520280397186677;0.545110821723938;0.6272112925847372;0.22416888177394867;;acercandose
1.17;0.5620884895324707;0.20370323956012726;-0.22588858008384705;0.5921170711517334;0.2606133222579956;-0.09453095495700836;0.5266520380973816;0.25630828738212585;-0.11897261440753937;0.596003532409668;0.3495081961154938;-0.0503762923181057;0.5165234804153442;0.345777690410614;-0.0901208445429802;0.5742283463478088;0.4197731018066406;0.0040469300001859665;0.5390703082084656;0.4205873906612396;-0.004098320379853249;0.5716884136199951;0.5437382459640503;-0.031516335904598236;0.5412747263908386;0.5375052094459534;0.007838908582925797;0.5653501391410828;0.18420130014419556;-0.2272600159049034;0.5987825989723206;0.44531603157520294;-0.1347620040178299;0.5172228813171387;0.44076407700777054;-0.16386179253458977;0.5684371789296468;0.6678076585133871;0.10378142942984898;0.5453898111979166;0.6273126403490702;0.221687912940979;;acercandose
1.2;0.5631687641143799;0.20345237851142883;-0.21566349267959595;0.5938738584518433;0.26047569513320923;-0.0922398567199707;0.5277180671691895;0.2555367052555084;-0.11866358667612076;0.5975714921951294;0.3515237867832184;-0.0388297513127327;0.5178013443946838;0.34564080834388733;-0.08212129026651382;0.5752179622650146;0.4217831492424011;0.006441351491957903;0.539717972278595;0.42137855291366577;-0.006517069414258003;0.571989893913269;0.54820716381073;-0.026391897350549698;0.5411121845245361;0.5390447974205017;-0.00559657346457243;0.5665930986404419;0.18348323404788972;-0.21646733283996583;0.5998252928256989;0.4464070275425911;-0.12846682220697403;0.5179575085639954;0.4406346082687378;-0.16153178364038467;0.5682648420333862;0.6691775520642599;0.1110973780353864;0.5451956987380981;0.6266802350680033;0.20761628448963165;;acercandose
1.23;0.5635973215103149;0.2028922140598297;-0.21084187924861908;0.594317615032196;0.26043930649757385;-0.07801569998264313;0.5285769701004028;0.2550458014011383;-0.10632225126028061;0.5986868739128113;0.3514660894870758;-0.028891798108816147;0.5185180306434631;0.3456033170223236;-0.07273055613040924;0.5763642191886902;0.4222865104675293;0.00815857108682394;0.5406694412231445;0.4214935004711151;-0.008235244080424309;0.5725731253623962;0.5500956773757935;-0.025277171283960342;0.5411058068275452;0.5422916412353516;-0.016330184414982796;0.56715527176857;0.18254731893539428;-0.21220850348472595;0.600195124745369;0.4467172846198082;-0.12527237087488174;0.519045889377594;0.44052980840206146;-0.15005602315068245;0.5683298707008362;0.6695998907089233;0.11049527550737064;0.5446537931760153;0.6255890925725301;0.1990647961695989;;acercandose
1.27;0.5639960169792175;0.20221157371997833;-0.18799130618572235;0.5949915051460266;0.25989577174186707;-0.058013565838336945;0.5294246077537537;0.25491172075271606;-0.08842374384403229;0.6000760793685913;0.3509446382522583;-0.016254451125860214;0.5191984176635742;0.345682829618454;-0.058609407395124435;0.5769501328468323;0.4235324263572693;0.010485006496310234;0.5411432981491089;0.4223283529281616;-0.010554807260632515;0.5733218193054199;0.5517512559890747;-0.02107228897511959;0.5412724614143372;0.5466622710227966;-0.027579613029956818;0.5676081776618958;0.18152201175689697;-0.1881082162261009;0.6013257503509521;0.4453585520386696;-0.11439443193376064;0.5196583420038223;0.4409102126955986;-0.13125000521540642;0.5685169895490011;0.6691218614578247;0.12509297082821527;0.5449948112169901;0.6271426876386007;0.1726780186096827;;acercandose
1.3;0.5646332502365112;0.2015838772058487;-0.19053915143013;0.5961336493492126;0.25937432050704956;-0.06333933025598526;0.5300692915916443;0.25475138425827026;-0.09347452223300934;0.6011581420898438;0.35084283351898193;-0.021967368200421333;0.5196490287780762;0.34643760323524475;-0.06477475166320801;0.5778238773345947;0.42374715209007263;0.010319385677576065;0.5417121052742004;0.4223867654800415;-0.01038989145308733;0.5742944478988647;0.550724446773529;-0.013651291839778423;0.5422064661979675;0.5467063784599304;-0.021729953587055206;0.5684332430362702;0.1806440532207489;-0.19023608043789864;0.6024783551692963;0.4431362748146057;-0.11694397777318954;0.5206469297409058;0.44223324209451675;-0.13622277416288853;0.5685087641080221;0.6672956744829813;0.138778954744339;0.5454109311103821;0.6348967353502909;0.1633685678243637;;acercandose
1.33;0.5660504102706909;0.20119209587574005;-0.20017875730991364;0.5972050428390503;0.25880223512649536;-0.06498109549283981;0.5306980013847351;0.25449270009994507;-0.0983307883143425;0.6022717356681824;0.3498614430427551;-0.023317847400903702;0.5199530124664307;0.3466392755508423;-0.06539063900709152;0.57828688621521;0.42361313104629517;0.01115735899657011;0.542116105556488;0.4222725033760071;-0.011238991282880306;0.5750728845596313;0.5501651763916016;-0.0008544805459678173;0.544236958026886;0.5457345843315125;-0.0173519067466259;0.5696682453155517;0.179961596429348;-0.19988034218549727;0.6042647957801819;0.4399325102567673;-0.11494666337966919;0.5217470824718475;0.443052239716053;-0.13801619410514832;0.5684748888015747;0.6671971082687378;0.14111476888259253;0.5464165012041727;0.6471142768859863;0.1346781849861145;;acercandose
1.37;0.5679320096969604;0.20107847452163696;-0.20513570308685303;0.5978491306304932;0.25818222761154175;-0.06606507301330566;0.531365692615509;0.2542242705821991;-0.10336597263813019;0.6032142043113708;0.34716373682022095;-0.019599104300141335;0.520237386226654;0.34694015979766846;-0.06913058459758759;0.5787845253944397;0.4235539436340332;0.013748866505920887;0.5426763892173767;0.42218855023384094;-0.013827797025442123;0.5755885243415833;0.5517145991325378;2,78E+10;0.545693576335907;0.5460318326950073;-0.021562868729233742;0.5711302161216736;0.17968181669712066;-0.2049102157354355;0.6055451929569244;0.4355613440275192;-0.11328062228858471;0.5222895592451096;0.44381118565797806;-0.1388069912791252;0.5679235855738322;0.6713270743687948;0.13172223418951035;0.5470039447148641;0.6605982979138693;0.11057734116911888;;acercandose
1.4;0.5697782039642334;0.20104162395000458;-0.19131749868392944;0.5981782674789429;0.2575117349624634;-0.0502021349966526;0.5318017601966858;0.25375786423683167;-0.09708637744188309;0.6042084097862244;0.344862163066864;-0.0012466738699004054;0.5201724171638489;0.3473064601421356;-0.06842007488012314;0.5791822671890259;0.42453545331954956;0.015888648107647896;0.543160617351532;0.4226935803890228;-0.015935078263282776;0.5759291648864746;0.5545089244842529;-0.0016955090686678886;0.5468000173568726;0.5504946112632751;-0.02575979381799698;0.5724850773811341;0.17951710671186447;-0.19022223725914955;0.6068465858697891;0.4327404722571373;-0.09492308460175991;0.5225387960672379;0.4449518471956253;-0.1390532162040472;0.5673702756563822;0.6748993396759033;0.12363289296627045;0.5478600064913431;0.6703157623608907;0.0867177980641524;;acercandose
1.43;0.5710532665252686;0.20059458911418915;-0.1763283759355545;0.5983754396438599;0.25679320096969604;-0.03991143777966499;0.5322277545928955;0.25353217124938965;-0.08465031534433365;0.6047118306159973;0.34257224202156067;0.004538747947663069;0.5203291177749634;0.3473396897315979;-0.0593997985124588;0.5794184803962708;0.42490044236183167;0.015711355954408646;0.5436139106750488;0.4232270121574402;-0.01574888452887535;0.5763397812843323;0.5558240413665771;-0.005893127527087927;0.5475998520851135;0.5550670623779297;-0.03335229307413101;0.5733301937580109;0.1790272817015648;-0.17493021562695504;0.6081294268369675;0.4312051013112068;-0.08880116231739521;0.5227573364973068;0.4458548575639725;-0.13087707571685314;0.5670082370440165;0.6818632880846659;0.10331038261453311;0.54884405930837;0.6830280423164368;0.06029695369458447;;acercandose
1.47;0.5726425051689148;0.20046238601207733;-0.1746404618024826;0.5986467003822327;0.25601285696029663;-0.03908499330282211;0.5323556661605835;0.25352713465690613;-0.08449910581111908;0.60563725233078;0.34175747632980347;0.0060339379124343395;0.5204802751541138;0.3485904335975647;-0.05831614509224892;0.5798607468605042;0.42543739080429077;0.015618432313203812;0.543947160243988;0.4243404269218445;-0.015645340085029602;0.5766825675964355;0.5568298697471619;-0.005926966201514006;0.5487322211265564;0.5558770298957825;-0.034040920436382294;0.5742929637432098;0.17869893014431;-0.17322123050689697;0.6094366759061813;0.4306305944919586;-0.08495201729238033;0.5230671614408493;0.44808416068553925;-0.127013286575675;0.5666632453600565;0.6875460346539816;0.09126657123366992;0.5500051379203796;0.6879546443621317;0.05054625868797302;;acercandose
1.5;0.5740404725074768;0.20012341439723969;-0.1801827847957611;0.5988272428512573;0.25534242391586304;-0.04654935002326965;0.5323002338409424;0.2536780536174774;-0.0880039781332016;0.6066082119941711;0.3417298197746277;-0.0019335347460582852;0.5205329060554504;0.35124602913856506;-0.06147703155875206;0.5806556344032288;0.4268605411052704;0.014774094335734844;0.5442293882369995;0.4263363182544708;-0.014740651473402977;0.5770710706710815;0.5571082234382629;0.01574651151895523;0.5492762327194214;0.558998703956604;-0.032853852957487106;0.5753583431243896;0.17850248217582704;-0.17873671129345894;0.6108233630657196;0.430956594645977;-0.09073066711425781;0.5231520086526871;0.4526010528206825;-0.1297946684062481;0.5661402543385824;0.6926022171974182;0.07944808527827263;0.5521776676177979;0.6970804929733276;0.01255502924323082;;acercandose
1.53;0.5761130452156067;0.20031070709228516;-0.18140189349651337;0.5988525748252869;0.2551758587360382;-0.04851442947983742;0.5321892499923706;0.25433066487312317;-0.09661578387022018;0.6071818470954895;0.3418281376361847;-0.004262211732566357;0.5206061005592346;0.3543263375759125;-0.06972302496433258;0.5813125967979431;0.4288421869277954;0.015158860944211483;0.5444945096969604;0.42949017882347107;-0.015131599269807339;0.5775046944618225;0.5587587952613831;0.011580153368413448;0.5502350330352783;0.5611080527305603;-0.03100646287202835;0.5766410827636719;0.17867475599050522;-0.17935184761881828;0.611580953001976;0.4311094656586647;-0.0948612168431282;0.5231168121099472;0.45684507489204407;-0.13131612725555897;0.5663645466168722;0.6937173008918762;0.08375991756717364;0.5529111822446188;0.6953829129536947;0.04260192501048247;;acercandose
1.57;0.576976478099823;0.20154622197151184;-0.17267340421676636;0.5986472368240356;0.2553240656852722;-0.04257423058152199;0.5321035385131836;0.256086140871048;-0.10388097167015076;0.6079620718955994;0.3431107699871063;0.0031820412259548903;0.5206641554832458;0.35720810294151306;-0.07909208536148071;0.5817307233810425;0.4321786165237427;0.018273640424013138;0.5448634028434753;0.4335886836051941;-0.018254851922392845;0.5775892734527588;0.5612016916275024;0.019175788387656212;0.5512750744819641;0.5634542107582092;-0.03309374302625656;0.5772286236286164;0.1800732731819153;-0.16912169978022576;0.6122234761714935;0.43362095952033997;-0.08808055706322193;0.5227474719285965;0.4620165228843689;-0.13251577131450176;0.56608513991038;0.6921223402023315;0.13126301020383835;0.5535000761349996;0.6943367123603821;0.05363375600427389;;acercandose
1.6;0.5770228505134583;0.20289404690265656;-0.17724260687828064;0.5985938906669617;0.25673648715019226;-0.04559871926903725;0.5320461392402649;0.2585548162460327;-0.10898260027170181;0.6082863807678223;0.3471220135688782;2,71E+11;0.5206316113471985;0.359535813331604;-0.0841883048415184;0.5822739005088806;0.4360101521015167;0.019356561824679375;0.5454555153846741;0.4370938241481781;-0.01933566853404045;0.5776914358139038;0.5650237202644348;0.025899728760123253;0.552154004573822;0.5673242807388306;-0.03744275122880936;0.5770964980125427;0.18138424009084703;-0.17525030747056008;0.6132229268550873;0.4407849758863449;-0.09068808890879154;0.5216407775878906;0.46684380620718;-0.13921580277383327;0.5656773249308268;0.6954054832458496;0.12120026350021362;0.5543744564056396;0.7026801904042562;0.028270669281482697;;acercandose
1.63;0.5770232081413269;0.20399947464466095;-0.17855028808116913;0.5984718799591064;0.2583318054676056;-0.042891163378953934;0.5320166945457458;0.2603451609611511;-0.11257103085517883;0.6084063053131104;0.3503960072994232;0.006054529454559088;0.5206111073493958;0.36135873198509216;-0.08816581964492798;0.5821519494056702;0.4398948848247528;0.02037847228348255;0.5456652045249939;0.44040027260780334;-0.020366277545690536;0.5777848362922668;0.572041928768158;0.018982943147420883;0.5529022812843323;0.5718647837638855;-0.03515755012631416;0.5768746316432953;0.18274714052677155;-0.17602231875061988;0.6139106005430222;0.4487275555729866;-0.08403225429356098;0.521298348903656;0.4701400697231293;-0.14588948339223862;0.5661062598228455;0.7049469947814941;0.1160597229997317;0.5563530127207438;0.7067280014355978;0.04264790378510952;;acercandose
1.67;0.5768875479698181;0.20512183010578156;-0.18306054174900055;0.5983826518058777;0.25953513383865356;-0.04492776468396187;0.531001091003418;0.2621515393257141;-0.11880094558000565;0.6083196401596069;0.35508662462234497;0.00417260080575943;0.5205938816070557;0.3640468716621399;-0.09341851621866226;0.5822107791900635;0.4436718821525574;0.019575776532292366;0.545684814453125;0.44391852617263794;-0.0195693988353014;0.5780768394470215;0.579741358757019;0.01505749486386776;0.5535169839859009;0.5795918703079224;-0.031622711569070816;0.5766205847263336;0.1839648187160492;-0.17862720936536788;0.6144814938306808;0.4545237347483635;-0.08397467993199825;0.5209799706935883;0.4737040549516678;-0.1528864949941635;0.5659357309341431;0.7127167582511902;0.11545980473359425;0.5583885510762533;0.7131071289380392;0.05507248546928167;;acercandose
1.7;0.576522171497345;0.20513717830181122;-0.19654569029808044;0.598358154296875;0.2598525881767273;-0.050217919051647186;0.5294644832611084;0.2631567120552063;-0.12905548512935638;0.6080718040466309;0.35831135511398315;0.0026005238760262728;0.5205640196800232;0.3651760518550873;-0.10215204209089279;0.5822538733482361;0.44576162099838257;0.019847890362143517;0.5456768870353699;0.445966899394989;-0.019840771332383156;0.5781100392341614;0.5834363102912903;0.013668608851730824;0.553628146648407;0.5832118988037109;-0.03094537928700447;0.5762933909893035;0.1840720847249031;-0.19349146708846093;0.6144895702600479;0.4604683890938759;-0.08681134320795536;0.520438551902771;0.4752778485417366;-0.16126728057861328;0.5650494893391927;0.7193293571472168;0.12397559235493343;0.5598939061164856;0.7177580793698629;0.060720549624723695;;acercandose
1.73;0.5763286352157593;0.20502343773841858;-0.2106582671403885;0.598331868648529;0.25977665185928345;-0.06049659475684166;0.5286017060279846;0.2637700140476227;-0.13892224431037903;0.6079638600349426;0.35815876722335815;-0.008680017665028572;0.5204607248306274;0.36626893281936646;-0.11220647394657135;0.5823065638542175;0.44544169306755066;0.021038400009274483;0.54567950963974;0.44538646936416626;-0.021021557971835136;0.5788719654083252;0.5795835256576538;0.023814890533685684;0.5539467334747314;0.5805025696754456;-0.075650654733181;0.5760693848133087;0.18391419500112532;-0.2081697702407837;0.6147782802581787;0.46250224113464355;-0.09481014497578144;0.519999235868454;0.477393314242363;-0.16875994205474854;0.5675358573595682;0.714215099811554;0.15167654057343802;0.5601108074188232;0.7195014357566833;-0.02010490621129672;;acercandose
1.77;0.5761420130729675;0.20359762012958527;-0.22361518442630768;0.598290741443634;0.2597236931324005;-0.07382847368717194;0.5277053713798523;0.263414591550827;-0.1434057503938675;0.6075370907783508;0.36035820841789246;-0.019695255905389786;0.5201613306999207;0.36659127473831177;-0.1168883815407753;0.5824248194694519;0.4443678557872772;0.020903173834085464;0.5456591844558716;0.44529855251312256;-0.0208846777677536;0.5798074007034302;0.5772119164466858;-0.006813563406467438;0.5537525415420532;0.5833694934844971;-0.05788956210017204;0.5759175479412079;0.18228561282157899;-0.22189492583274842;0.6143926680088043;0.46474555134773254;-0.11055168695747852;0.5200096219778061;0.4781240001320839;-0.1776273101568222;0.5698490540186564;0.7038107514381409;0.18191547195116678;0.560275653998057;0.7219386498133341;0.023255810141563416;;acercandose
1.8;0.5759995579719543;0.2012472003698349;-0.23145364224910736;0.5982744693756104;0.2593122124671936;-0.07604172825813293;0.5270583033561707;0.2630757689476013;-0.154161274433136;0.6068235635757446;0.3625379204750061;-0.020283445715904236;0.5196839570999146;0.36625936627388;-0.1289781928062439;0.5826308131217957;0.4436893165111542;0.020889153704047203;0.5456327795982361;0.44531700015068054;-0.02088155597448349;0.5814435482025146;0.5763078927993774;-0.00652357330545783;0.5537987351417542;0.5828150510787964;-0.04607735574245453;0.5758021175861359;0.17985765635967255;-0.22950154095888137;0.6141694486141205;0.46715234965085983;-0.11276936158537865;0.5199894160032272;0.47755591571331024;-0.19127719476819038;0.5703376134236654;0.7039985060691833;0.17143544306357703;0.5608157912890116;0.7205774784088135;0.08175120999415715;;acercandose
1.83;0.5759415626525879;0.19891783595085144;-0.21899648010730743;0.5981705784797668;0.2582276463508606;-0.06917747110128403;0.5267073512077332;0.26150211691856384;-0.14572153985500336;0.6055951118469238;0.36142265796661377;-0.0068231001496315;0.5191739797592163;0.3658657371997833;-0.12306728959083557;0.5833498239517212;0.4438256621360779;0.02097952365875244;0.5457245111465454;0.4451136291027069;-0.020979663357138634;0.5826489329338074;0.5775839686393738;-0.013983216136693954;0.5536540150642395;0.583397626876831;-0.0379558689892292;0.5756890594959259;0.17719224840402603;-0.21709467470645905;0.6128144860267639;0.4644182473421097;-0.10062035731971264;0.519920602440834;0.4761100560426712;-0.18791646510362625;0.5699906150499979;0.7039700547854105;0.1880598415931066;0.5619449615478516;0.7190757989883423;0.12355788797140121;;acercandose
1.87;0.575864315032959;0.1979362815618515;-0.22656533122062683;0.5980542302131653;0.2576546370983124;-0.07472044974565506;0.5263803005218506;0.2602090537548065;-0.1461675465106964;0.6050557494163513;0.3621487617492676;-0.018000349402427673;0.5184966325759888;0.3653853237628937;-0.12395092099905014;0.583976149559021;0.44487902522087097;0.017732039093971252;0.5457102656364441;0.44588980078697205;-0.01772230863571167;0.583765983581543;0.5806351900100708;-0.04600651189684868;0.5535610318183899;0.5880550146102905;-0.03732941299676895;0.5756214261054993;0.17572710812091827;-0.22394210249185562;0.6125412881374359;0.46611254662275314;-0.11371691897511482;0.5202000439167023;0.47576089203357697;-0.19163111597299576;0.5716556310653687;0.6896886428197225;0.20377829670906067;0.5615105628967285;0.7216159105300903;0.11542150750756264;;acercandose
1.9;0.5757859349250793;0.1973543018102646;-0.2255166620016098;0.5980419516563416;0.2564403712749481;-0.07301875203847885;0.526056170463562;0.25958412885665894;-0.1411326378583908;0.6049058437347412;0.3615405857563019;-0.01702483370900154;0.5179247856140137;0.36506956815719604;-0.11758916079998016;0.5849095582962036;0.4452142119407654;0.013922994956374168;0.5458888411521912;0.4468476474285126;-0.013919715769588947;0.5856703519821167;0.5808289051055908;-0.05016682296991348;0.552952229976654;0.5932416319847107;-0.028055464848876;0.5754522204399108;0.17438627928495407;-0.22279660403728485;0.61134472489357;0.46449872851371765;-0.11518312245607376;0.5202488154172897;0.47522518038749695;-0.18887219578027725;0.5721000830332438;0.6788356900215149;0.24151853223641714;0.5612991054852804;0.7221911152203878;0.15482884148756662;;acercandose
1.93;0.575322151184082;0.19551420211791992;-0.22085407376289368;0.5980044603347778;0.2549509108066559;-0.06364604085683823;0.5259875059127808;0.2587396204471588;-0.12384183704853058;0.6044116616249084;0.36020538210868835;-0.006166721228510141;0.5175321102142334;0.36484262347221375;-0.09725712239742279;0.5852199792861938;0.44530078768730164;0.013040494173765182;0.5458884239196777;0.44854748249053955;-0.013037512078881264;0.5869265198707581;0.5813390612602234;-0.051420968025922775;0.5524686574935913;0.5976622104644775;-0.026237111538648605;0.5750456809997558;0.17206037193536758;-0.21743310391902923;0.6097650229930878;0.46059492230415344;-0.1125522032380104;0.5205884426832199;0.47486987709999084;-0.18359318003058434;0.5731611649195353;0.6806338032086691;0.23286276559034982;0.5612254738807678;0.7218691905339559;0.17062298208475113;;acercandose
1.97;0.574638843536377;0.1933591514825821;-0.22750748693943024;0.5980728268623352;0.2534361481666565;-0.06269581615924835;0.5259670615196228;0.257703959941864;-0.13608884811401367;0.6042417287826538;0.3584025502204895;-0.0006606652168557048;0.5170273780822754;0.36470577120780945;-0.10746779292821884;0.5854071974754333;0.44518008828163147;0.01825781539082527;0.5458806157112122;0.4484708607196808;-0.018283357843756676;0.5875740647315979;0.5817888975143433;-0.008974982425570488;0.5523337721824646;0.596380889415741;-0.01637708954513073;0.5746572971343994;0.1696244791150093;-0.2246303752064705;0.6092727184295654;0.4587292969226837;-0.10769148357212543;0.5205626040697098;0.4750160127878189;-0.18279150128364563;0.5748536586761475;0.6854794422785441;0.2466150869925817;0.560783326625824;0.7205408016840616;0.17872468878825506;;acercandose
2.0;0.5742116570472717;0.19224897027015686;-0.2387031763792038;0.5983599424362183;0.2525140643119812;-0.06572440266609192;0.5259759426116943;0.25666987895965576;-0.14217963814735413;0.6042227149009705;0.35834282636642456;-0.0022829524241387844;0.5166699886322021;0.36466825008392334;-0.11239951848983765;0.5856193900108337;0.4449872672557831;0.01880239136517048;0.5458754897117615;0.4481460750102997;-0.01883365772664547;0.5880311727523804;0.5867735743522644;-0.006149054039269686;0.5523255467414856;0.5952946543693542;-0.013419215567409992;0.5744402587413788;0.16845049560070038;-0.23676382303237914;0.6086234301328659;0.45860743522644043;-0.10734529793262482;0.5205191373825073;0.4751785844564438;-0.18957513570785522;0.578390896320343;0.706382671991984;0.2246758391459783;0.5606523553530375;0.7200229366620382;0.17558303475379944;;acercandose
2.03;0.5739330649375916;0.19208787381649017;-0.23222239315509796;0.5990495681762695;0.25183990597724915;-0.05556409806013107;0.5259906649589539;0.25503313541412354;-0.13911977410316467;0.6040279269218445;0.3571309745311737;0.011449391022324562;0.5163549780845642;0.36391979455947876;-0.10609746724367142;0.5861504673957825;0.44491496682167053;0.020922251045703888;0.5459418892860413;0.44809645414352417;-0.020945312455296516;0.588866651058197;0.5911877751350403;-0.005976696964353323;0.5524996519088745;0.5958607792854309;-0.024348663166165352;0.574432247877121;0.16809240430593492;-0.23108792454004287;0.6086276173591614;0.4585886150598526;-0.0926723014563322;0.5205157250165939;0.4750322550535202;-0.18714971467852592;0.5822080175081888;0.7270392775535583;0.16839601596196493;0.5607878764470419;0.7207690676053365;0.15031225482622781;;acercandose
2.07;0.5737143754959106;0.1920912116765976;-0.22827012836933136;0.5999113321304321;0.2517375648021698;-0.05346815660595894;0.5260668396949768;0.25435131788253784;-0.12655776739120483;0.6040798425674438;0.3571123480796814;0.008918527513742447;0.516307532787323;0.3625781834125519;-0.09516925364732742;0.5866448283195496;0.4453461468219757;0.0199895016849041;0.5460023880004883;0.4496908485889435;-0.020005064085125923;0.5894899964332581;0.5955400466918945;-0.02235746756196022;0.5527086853981018;0.5982287526130676;-0.016732892021536827;0.5744315445423126;0.16775960624217987;-0.22740319222211838;0.6086732000112534;0.45903874933719635;-0.0950084701180458;0.5208329856395721;0.47493719309568405;-0.1743583008646965;0.5859036246935526;0.748275617758433;0.0949014990280072;0.560939371585846;0.7236214876174927;0.16225220759709677;;acercandose
2.1;0.57368004322052;0.1923169046640396;-0.22874920070171356;0.6013706922531128;0.2517586052417755;-0.05990755185484886;0.5263384580612183;0.25421348214149475;-0.12354742735624313;0.6046530604362488;0.3574036657810211;-0.0010435932781547308;0.5163366794586182;0.3621051609516144;-0.09271198511123657;0.5870077013969421;0.4475952088832855;0.015187503769993782;0.5460523366928101;0.4524795114994049;-0.015178387053310871;0.589677631855011;0.5995091795921326;-0.040832821279764175;0.5529899597167969;0.602009654045105;0.009313656017184258;0.5746846616268158;0.16809312999248505;-0.22908422350883484;0.6087276488542557;0.4612923115491867;-0.1072209645062685;0.5216482281684875;0.47484705597162247;-0.1724986508488655;0.589872399965922;0.7596737543741862;0.04601382277905941;0.5615307291348776;0.7250651518503824;0.21163994570573172;;acercandose
2.13;0.5737096071243286;0.19247473776340485;-0.24373246729373932;0.6030071973800659;0.2526039481163025;-0.07738333940505981;0.526595950126648;0.25427868962287903;-0.12788832187652588;0.6060211658477783;0.3600579798221588;-0.023802300915122032;0.5163556337356567;0.36363449692726135;-0.09660208225250244;0.587487518787384;0.4513483941555023;0.010312085039913654;0.5462454557418823;0.45651334524154663;-0.010291451588273048;0.5893265604972839;0.6026124954223633;-0.04482978209853172;0.5529775619506836;0.6039436459541321;0.0318886861205101;0.5752133190631866;0.1682302325963974;-0.24471281170845033;0.6093439161777496;0.4655168205499649;-0.1328065451234579;0.5224818736314774;0.47676795721054077;-0.18567678332328796;0.5910122394561768;0.7674379944801331;0.027278102934360504;0.5617007811864217;0.7249725461006165;0.25293287138144177;;acercandose
2.17;0.573906421661377;0.1933111697435379;-0.23718753457069397;0.6051705479621887;0.25553208589553833;-0.07542518526315689;0.5272608399391174;0.25517144799232483;-0.12078852951526642;0.6079080700874329;0.3628322184085846;-0.02292899787425995;0.5163728594779968;0.3663806915283203;-0.09127044677734375;0.5876497030258179;0.4572007358074188;0.008883153088390827;0.5462894439697266;0.46027567982673645;-0.008862555958330631;0.5890846252441406;0.6054664254188538;-0.038535330444574356;0.5528987050056458;0.6049469709396362;0.04437243193387985;0.5758926153182984;0.16858044564723967;-0.23695617765188218;0.6100728362798691;0.47176138311624527;-0.12545704282820225;0.5229756832122803;0.479420967400074;-0.17493487522006035;0.5927786827087402;0.7700977126757304;0.020362113912900288;0.5616212089856466;0.724740743637085;0.2458275854587555;;acercandose
2.2;0.5741518139839172;0.19578342139720917;-0.25561556220054626;0.606895387172699;0.2591566741466522;-0.10022861510515213;0.5277514457702637;0.2577728033065796;-0.1260797530412674;0.610621452331543;0.3653654158115387;-0.05197463557124138;0.516467809677124;0.3720413148403168;-0.09206279367208481;0.5886405110359192;0.46215835213661194;-0.0002560469729360193;0.54649418592453;0.4645167887210846;0.0002919496037065983;0.5890654921531677;0.6099546551704407;-0.06419339030981064;0.55283522605896;0.6061365008354187;0.08738214522600174;0.5767777264118195;0.17104644626379012;-0.258109387755394;0.6109404414892197;0.48018932342529297;-0.14516916871070862;0.5237189829349518;0.4868127852678299;-0.176567193120718;0.5957826773325602;0.7806309660275778;-0.06559412367641926;0.5619204044342041;0.7271609902381897;0.2887877772251765;;acercandose
2.23;0.5742367506027222;0.19704417884349823;-0.2647821605205536;0.6085652112960815;0.2624291181564331;-0.11423373967409134;0.5285285115242004;0.2610377073287964;-0.128317192196846;0.6134013533592224;0.37078535556793213;-0.07200868427753448;0.5170899033546448;0.37670189142227173;-0.09366480261087418;0.5902571082115173;0.46738579869270325;-0.006384813226759434;0.54691481590271;0.46954289078712463;0.006437089294195175;0.5893035531044006;0.6142189502716064;-0.09151780605316162;0.553157389163971;0.6095348596572876;0.10437425225973129;0.5775266587734222;0.172311832010746;-0.2676395773887634;0.6138524115085602;0.4882350489497185;-0.16761300712823868;0.52461376786232;0.49250706285238266;-0.17969198897480965;0.596378763516744;0.7876279552777609;-0.103251863270998;0.5619077881177267;0.7281752824783325;0.31861966848373413;;acercandose
2.27;0.5749698877334595;0.1987316906452179;-0.2636384665966034;0.6102721691131592;0.26568543910980225;-0.11313260346651077;0.5302911400794983;0.26326659321784973;-0.12930898368358612;0.6146957278251648;0.3786490559577942;-0.070057712495327;0.5188043117523193;0.3786482810974121;-0.09391649067401886;0.5910753011703491;0.4708247184753418;-0.007128953002393246;0.5475099682807922;0.47284170985221863;0.007163481321185827;0.5894870758056641;0.6174545288085938;-0.07671837508678436;0.5535346269607544;0.6136440634727478;0.09957925230264664;0.5789089143276215;0.17416346669197083;-0.2662417694926262;0.6165133863687515;0.4961854889988899;-0.16508863121271133;0.52500319480896;0.49661756306886673;-0.1827864944934845;0.5962582031885783;0.7914720177650452;-0.08140987530350685;0.5621736248334249;0.7308942874272665;0.3151871959368388;;acercandose
2.3;0.576166033744812;0.19866612553596497;-0.2632535398006439;0.6129445433616638;0.26918432116508484;-0.10807371884584427;0.5319414138793945;0.26482531428337097;-0.13082316517829895;0.6155215501785278;0.3815261721611023;-0.06477463990449905;0.5211620330810547;0.3797016739845276;-0.09546886384487152;0.5917317271232605;0.4739353358745575;-0.004806116688996553;0.5482128858566284;0.4753439724445343;0.004823926370590925;0.5902395248413086;0.6231679916381836;-0.07557730376720428;0.554538905620575;0.617386519908905;0.09270636737346649;0.5808787941932678;0.1741456314921379;-0.2649792209267616;0.6177899837493896;0.49847567081451416;-0.16535671427845955;0.5254828184843063;0.49930743128061295;-0.1866513192653656;0.5968242287635803;0.8025586406389872;-0.05336816298464934;0.5623037219047546;0.7316363056500753;0.35608527064323425;;acercandose
2.33;0.577495276927948;0.19852608442306519;-0.262004554271698;0.6148470640182495;0.2704657018184662;-0.1066102385520935;0.5337966084480286;0.26508936285972595;-0.13270604610443115;0.6176353096961975;0.38509151339530945;-0.059512652456760406;0.5227068662643433;0.37940067052841187;-0.09617342054843903;0.5931652784347534;0.47720450162887573;-0.0028006124775856733;0.5489464998245239;0.477605402469635;0.0028344211168587208;0.5913985967636108;0.629058301448822;-0.06268317997455597;0.5551123023033142;0.6219414472579956;0.06993109732866287;0.5828667044639587;0.17388246357440948;-0.26371916979551313;0.6205426454544067;0.5090561434626579;-0.15740249305963516;0.5255326926708221;0.5025011673569679;-0.18673907220363617;0.5966239968935648;0.8057126005490621;-0.02893789205700159;0.5623321731885275;0.732137660185496;0.3273296058177948;;acercandose
2.37;0.5801060795783997;0.197856143116951;-0.2699035704135895;0.6176014542579651;0.27033600211143494;-0.10675026476383209;0.5353677272796631;0.2648029625415802;-0.1443912386894226;0.6203529834747314;0.38639572262763977;-0.05595020204782486;0.524792492389679;0.3800376355648041;-0.11020739376544952;0.5952057838439941;0.4782732129096985;0.002587032038718462;0.55033278465271;0.47811347246170044;-0.0026220479048788548;0.5936625003814697;0.6358738541603088;-0.03332699462771416;0.5558033585548401;0.6246986389160156;0.03934834897518158;0.5856198072433472;0.17293127328157426;-0.27136931121349334;0.6231074780225754;0.5101340338587761;-0.15808217227458954;0.5257511287927628;0.504784107208252;-0.20262261107563972;0.5965466499328613;0.8085035681724548;0.06179436451445023;0.5629666845003763;0.7309678792953491;0.3063903748989105;;acercandose
2.4;0.5815481543540955;0.19591021537780762;-0.26184165477752686;0.6197648644447327;0.2695876657962799;-0.0996696725487709;0.5372335910797119;0.2647481858730316;-0.12388953566551208;0.6236229538917542;0.3851024806499481;-0.05448659509420395;0.5263923406600952;0.3802156150341034;-0.08819808065891266;0.5978097319602966;0.48066985607147217;0.0027592533733695745;0.552146852016449;0.4804662764072418;-0.00278808013536036;0.5956852436065674;0.6454299092292786;-0.03446582704782486;0.5562479496002197;0.6308058500289917;0.031825099140405655;0.5871651887893676;0.17094732969999313;-0.264753645658493;0.6275347471237183;0.507956326007843;-0.1588752083480358;0.5258837789297104;0.5048543438315392;-0.1963399462401867;0.5964754223823547;0.8162198265393575;0.059092543398340545;0.5634263952573141;0.7293398380279541;0.31438304980595905;;acercandose
2.43;0.5827562212944031;0.19156737625598907;-0.23953597247600555;0.6210894584655762;0.26918402314186096;-0.07750498503446579;0.5385664105415344;0.26319676637649536;-0.11055184155702591;0.6262031197547913;0.3837549090385437;-0.03462837263941765;0.5272654294967651;0.37971529364585876;-0.07829799503087997;0.6005820035934448;0.480058878660202;0.006235837936401367;0.5544388294219971;0.48053863644599915;-0.0062718684785068035;0.5976842045783997;0.6447926759719849;-0.03291188180446625;0.5564354062080383;0.6350691318511963;0.008938954211771488;0.5883225202560425;0.16669423282146453;-0.23951790630817413;0.6311604678630829;0.506348006427288;-0.1557360365986824;0.5262715518474579;0.5050419270992279;-0.18359308689832687;0.596433182557424;0.8117703596750895;0.08918866390983264;0.563796857992808;0.7287682294845581;0.29888097445170086;;acercandose
2.47;0.583711564540863;0.18911319971084595;-0.2416670024394989;0.6241097450256348;0.2690059244632721;-0.08098237961530685;0.5396826863288879;0.26174262166023254;-0.11270226538181305;0.6302669644355774;0.3827466368675232;-0.035501718521118164;0.5284349918365479;0.3793294131755829;-0.07766594737768173;0.6029291749000549;0.48026973009109497;0.007584774866700172;0.5560100674629211;0.48031941056251526;-0.007626781705766916;0.5988562703132629;0.6430374979972839;-0.03589736670255661;0.5571644902229309;0.6352939605712891;0.00916516873985529;0.5891052603721618;0.16376862674951553;-0.24166384488344192;0.6340484470129013;0.5050598010420799;-0.16423317417502403;0.5266156792640686;0.504051186144352;-0.18156037852168083;0.5964954892794291;0.8126880129178365;0.09041192941367626;0.5643203457196554;0.7252351641654968;0.31991928815841675;;acercandose
2.5;0.5840657949447632;0.18613392114639282;-0.2392624318599701;0.6259536743164062;0.2676263153553009;-0.08084756135940552;0.5407649874687195;0.26027506589889526;-0.10818536579608917;0.6329859495162964;0.38210055232048035;-0.036108534783124924;0.5290230512619019;0.3793501555919647;-0.0742897167801857;0.6052239537239075;0.48145630955696106;0.007587761152535677;0.5571418404579163;0.48196345567703247;-0.007627151906490326;0.6008623242378235;0.6489213109016418;-0.03742087632417679;0.5575816631317139;0.6425797343254089;0.006300935056060553;0.5896036624908447;0.16104516237974167;-0.2393781617283821;0.6371035873889923;0.5045158341526985;-0.16160747408866882;0.5280230194330215;0.5061087533831596;-0.17584337294101715;0.5966524481773376;0.8118969996770223;0.10138648996750514;0.5647396047910055;0.7239574988683065;0.3125243882338206;;acercandose
2.53;0.5847743153572083;0.18352776765823364;-0.23405596613883972;0.6276081204414368;0.26560285687446594;-0.07722868770360947;0.5418588519096375;0.2592525780200958;-0.10737274587154388;0.6349227428436279;0.3818185031414032;-0.03121999278664589;0.5299624800682068;0.37915876507759094;-0.07377757132053375;0.6067196726799011;0.4811643958091736;0.008283709175884724;0.5585667490959167;0.48200711607933044;-0.00832363311201334;0.6017441749572754;0.6481005549430847;-0.03505169227719307;0.5585012435913086;0.642922580242157;0.01016894169151783;0.5902392506599426;0.15839442610740662;-0.2340173155069351;0.6391958445310593;0.5037151873111725;-0.1585685908794403;0.5287771821022034;0.506019189953804;-0.17168451473116875;0.5967394709587097;0.8122394680976868;0.09557243312398593;0.5649177233378092;0.7314284245173136;0.30344950159390766;;acercandose
2.57;0.5857470631599426;0.18076810240745544;-0.2270868420600891;0.6286739706993103;0.263293594121933;-0.06907578557729721;0.5430565476417542;0.25784629583358765;-0.10150600969791412;0.635807454586029;0.3804725110530853;-0.02261037938296795;0.5303459763526917;0.37928712368011475;-0.06328489631414413;0.6084390878677368;0.48088234663009644;0.010870484635233879;0.5599322319030762;0.48195749521255493;-0.010922112502157688;0.6031582951545715;0.6464998126029968;-0.03395097702741623;0.5610171556472778;0.6462324857711792;-0.011405267752707005;0.5909641146659851;0.15597131997346877;-0.2269771069288254;0.6416633427143097;0.5018678680062294;-0.15496113151311874;0.5294895619153976;0.5065636932849884;-0.15651683881878853;0.5966658393541971;0.8119524121284485;0.12352789441744487;0.5660665035247803;0.7470678091049194;0.26287410656611127;;acercandose
2.6;0.5875294804573059;0.1767653524875641;-0.24737799167633057;0.6293525099754333;0.2608374059200287;-0.07567911595106125;0.5436919927597046;0.25685712695121765;-0.12032536417245865;0.6374049186706543;0.37908583879470825;-0.025730252265930176;0.530518114566803;0.3796987235546112;-0.082234226167202;0.6093187928199768;0.4805571138858795;0.013802946545183659;0.5605955123901367;0.4815676808357239;-0.013874108903110027;0.6045569777488708;0.6461614370346069;-0.017369380220770836;0.5642664432525635;0.6454222798347473;-0.00967358611524105;0.5923785924911499;0.15268767923116683;-0.24595068991184235;0.6445440798997879;0.4979932829737663;-0.15730386972427368;0.5301740169525146;0.5084365755319595;-0.1722702607512474;0.5964914957682291;0.8114093939463297;0.15296003967523575;0.5669220089912415;0.7643289367357889;0.23835686842600504;;acercandose
2.63;0.5885917544364929;0.1741069108247757;-0.27025553584098816;0.6301906704902649;0.2591133117675781;-0.08875062316656113;0.5439379215240479;0.2564972937107086;-0.1402256041765213;0.6392577290534973;0.3764057755470276;-0.027500150725245476;0.5307756662368774;0.38032346963882446;-0.10207006335258484;0.610249936580658;0.4804779887199402;0.015458057634532452;0.561407744884491;0.4812662899494171;-0.015563352033495903;0.6052561402320862;0.6496398448944092;-0.009897279553115368;0.5665958523750305;0.6475610136985779;-0.022016916424036026;0.5933167040348053;0.15011744499206542;-0.26868092715740205;0.6492583602666855;0.494174100458622;-0.15651702880859375;0.531493291258812;0.509755477309227;-0.19333987683057785;0.5960320631663004;0.8142796754837036;0.17743788411219916;0.5678849021593729;0.7809047301610311;0.20896412432193756;;acercandose
2.67;0.5893040895462036;0.17320868372917175;-0.2634586989879608;0.6307529211044312;0.2579202353954315;-0.07943939417600632;0.5443590879440308;0.25593242049217224;-0.12832891941070557;0.6405497193336487;0.372547447681427;-0.019089102745056152;0.5311020016670227;0.3804366886615753;-0.08829952031373978;0.6109658479690552;0.48027804493904114;0.014829899184405804;0.5621684193611145;0.48102232813835144;-0.014924390241503716;0.605950117111206;0.650393545627594;-0.005663308314979076;0.5677128434181213;0.6478468775749207;-0.02215651609003544;0.5940879642963409;0.14887516498565673;-0.2632277861237526;0.6512566953897476;0.48890601843595505;-0.14888177998363972;0.5321582108736038;0.5109427720308304;-0.1896640509366989;0.5957180857658386;0.8190324902534485;0.1504983901977539;0.568230390548706;0.8044820427894592;0.1387469619512558;;acercandose
2.7;0.5892195105552673;0.17079240083694458;-0.25750088691711426;0.6312957406044006;0.25644630193710327;-0.07273244112730026;0.5447133183479309;0.2548946738243103;-0.1143740639090538;0.6418564915657043;0.3717409074306488;-0.015609568916261196;0.5315871238708496;0.38135141134262085;-0.07737450301647186;0.6113461852073669;0.48044633865356445;0.01430971547961235;0.5629587769508362;0.48110103607177734;-0.014394343830645084;0.6060484647750854;0.6536731719970703;-0.008027557283639908;0.5682275891304016;0.6523584723472595;-0.02583184465765953;0.5942817032337189;0.14679030627012252;-0.25580304563045503;0.6531274169683456;0.488842248916626;-0.14633734151721;0.5323945879936218;0.513595312833786;-0.18767382204532623;0.5951071182886759;0.8246787985165914;0.139262355864048;0.5685135324796041;0.82532799243927;0.11195425068338712;;acercandose
2.73;0.5895270109176636;0.17063648998737335;-0.2510792315006256;0.6321247220039368;0.2561098039150238;-0.07198844105005264;0.5447958707809448;0.2542988955974579;-0.10833412408828735;0.6428659558296204;0.3715372085571289;-0.017298581078648567;0.5320165157318115;0.3840302526950836;-0.07082238048315048;0.6117464303970337;0.48169100284576416;0.01290850155055523;0.5633123517036438;0.48241186141967773;-0.01298693846911192;0.6062944531440735;0.6569057106971741;-0.00970287062227726;0.5691232085227966;0.6564705967903137;-0.023309241980314255;0.5946351051330566;0.1458265781402588;-0.24905742704868317;0.6534608900547028;0.48746543377637863;-0.1472797468304634;0.5332848876714706;0.5167380422353745;-0.18339607864618301;0.5946201880772909;0.8321228424708048;0.13174430653452873;0.5699295202891032;0.8349142471949259;0.10761418441931407;;acercandose
2.77;0.5899854898452759;0.1699308454990387;-0.23640267550945282;0.6326925754547119;0.2558239996433258;-0.06989022344350815;0.5447065830230713;0.2541707754135132;-0.10445388406515121;0.6434413194656372;0.3713078498840332;-0.01664051041007042;0.5318164825439453;0.38662922382354736;-0.06966350972652435;0.6123507618904114;0.48368045687675476;0.010734321549534798;0.5633872747421265;0.4851846992969513;-0.010781633667647839;0.6070091128349304;0.6593837738037109;-0.009513752534985542;0.5700386762619019;0.6614484786987305;-0.01874849945306778;0.5949361681938171;0.14504848569631576;-0.23369839340448378;0.6551434546709061;0.4874015673995018;-0.1403824146836996;0.5332333147525787;0.5202603116631508;-0.17169610410928726;0.5935880740483602;0.8381409247716268;0.12106513852874438;0.5722721417744955;0.8328307469685873;0.10409979956845443;;acercandose
2.8;0.5900443196296692;0.170683816075325;-0.22749483585357666;0.6327016353607178;0.25583764910697937;-0.060832854360342026;0.5445247888565063;0.25420546531677246;-0.10096825659275055;0.6442702412605286;0.37129098176956177;-0.009601809084415436;0.5317041873931885;0.39035525918006897;-0.06840424984693527;0.6129133701324463;0.48552045226097107;0.011121164076030254;0.5635914206504822;0.4891147315502167;-0.011156167834997177;0.6075066328048706;0.6600333452224731;0.0015200349735096097;0.5707040429115295;0.6658058762550354;-0.02252758853137493;0.5949773490428925;0.14544651359319688;-0.22501122653484346;0.6566539853811264;0.4881475046277046;-0.13549607060849667;0.5331123173236847;0.5258826166391373;-0.16906778514385223;0.593088706334432;0.8394506971041361;0.11821604644258817;0.5718342661857605;0.8466880520184835;0.07921785717189778;;acercandose
2.83;0.5896186232566833;0.17123956978321075;-0.22189687192440033;0.6328551769256592;0.2565595805644989;-0.053387779742479324;0.5444220900535583;0.25489720702171326;-0.09549296647310257;0.6455181241035461;0.3740939199924469;-0.00511797983199358;0.531635582447052;0.3923813998699188;-0.06369630247354507;0.612995982170105;0.48895463347435;0.016190407797694206;0.5637295842170715;0.49333521723747253;-0.016200492158532143;0.6077951192855835;0.6631025671958923;0.01975257135927677;0.5712630152702332;0.6686233878135681;-0.036880213767290115;0.5947755336761474;0.1459408700466156;-0.21950581967830657;0.6568451970815659;0.49586983025074005;-0.13277574814856052;0.5330322831869125;0.5292806774377823;-0.16626202315092087;0.5933063824971517;0.8398983677228292;0.13565068443616232;0.5723598400751749;0.8539527654647827;0.05440354843934377;;acercandose
2.87;0.5890583992004395;0.17275255918502808;-0.22138583660125732;0.632854163646698;0.2577541470527649;-0.04708375036716461;0.5440666675567627;0.25763407349586487;-0.0978894755244255;0.6457454562187195;0.3768915832042694;-0.0010776178678497672;0.5311829447746277;0.39531758427619934;-0.0666298121213913;0.6129657030105591;0.4939573109149933;0.02396259643137455;0.5638405680656433;0.49966010451316833;-0.023988816887140274;0.6085294485092163;0.6668674945831299;0.03807690367102623;0.572202205657959;0.6739948391914368;-0.05326040834188461;0.5944481730461121;0.1463203027844429;-0.2191855326294899;0.6567241549491882;0.5006576180458069;-0.135377099737525;0.5325584560632706;0.531427413225174;-0.16841863095760345;0.5937658548355103;0.8406511545181274;0.1842285394668579;0.5730531613032023;0.8656506538391113;0.041804363330205284;;acercandose
2.9;0.5883083343505859;0.17342045903205872;-0.21938903629779816;0.6328119039535522;0.25982943177223206;-0.046564798802137375;0.5431448221206665;0.26053622364997864;-0.09516109526157379;0.6456133127212524;0.3819952607154846;0.0010238620452582836;0.5304684638977051;0.39705270528793335;-0.06537852436304092;0.6133288145065308;0.49958986043930054;0.023249110206961632;0.5640963315963745;0.5048136115074158;-0.023275624960660934;0.6091189980506897;0.6744860410690308;0.03283066675066948;0.5730421543121338;0.6818675398826599;-0.045621346682310104;0.593942379951477;0.14665100127458572;-0.21720127761363983;0.6564043760299683;0.5096959620714188;-0.13365652598440647;0.5316756814718246;0.5344958007335663;-0.16834738850593567;0.5938566525777181;0.8464195926984152;0.17865028729041418;0.5740716854731241;0.8689075509707133;0.05820047669112682;;acercandose
2.93;0.5880275368690491;0.17412379384040833;-0.24135848879814148;0.6326199769973755;0.26239508390426636;-0.05021065101027489;0.5410937666893005;0.26454609632492065;-0.10877270996570587;0.6456024646759033;0.3873799443244934;-0.0032043668907135725;0.5295495390892029;0.4001380205154419;-0.074979268014431;0.6135063767433167;0.503452479839325;0.022123929113149643;0.5642024874687195;0.5094470381736755;-0.022142400965094566;0.6094573140144348;0.6781761050224304;0.02864828333258629;0.5732739567756653;0.6891481876373291;-0.04338238015770912;0.5934916079044342;0.1469079554080963;-0.2389486014842987;0.6568232923746109;0.520292766392231;-0.13507034443318844;0.5315328538417816;0.5394167006015778;-0.18306146189570427;0.5939374963442484;0.8538933396339417;0.17567899326483408;0.5754059553146362;0.8753418127695719;0.062307664503653847;;acercandose
2.97;0.5870774388313293;0.17471837997436523;-0.24517996609210968;0.6323226094245911;0.26454368233680725;-0.05114664137363434;0.5383879542350769;0.26785993576049805;-0.11492981016635895;0.6452337503433228;0.39148351550102234;0.0037155922036617994;0.5281998515129089;0.40551334619522095;-0.08629972487688065;0.6134012341499329;0.5094179511070251;0.025982990860939026;0.5642664432525635;0.5151947736740112;-0.02599630132317543;0.6093698143959045;0.6855714321136475;0.05631520599126816;0.5743564367294312;0.6966562867164612;-0.05622103065252304;0.5923916935920716;0.1471360445022583;-0.2419147312641144;0.6567498594522476;0.5253220126032829;-0.13397638127207756;0.5313416719436646;0.5484844744205475;-0.1985786408185959;0.596090575059255;0.8560571273167928;0.24609295030434927;0.5767512122790018;0.8884153167406718;0.041464921087026596;;acercandose
3.0;0.5856705904006958;0.17480573058128357;-0.2830706238746643;0.6316323280334473;0.26535430550575256;-0.08022526651620865;0.5361961722373962;0.26818931102752686;-0.13764183223247528;0.6450169682502747;0.39925530552864075;-0.01626228354871273;0.526980459690094;0.40832266211509705;-0.10521388798952103;0.6133356690406799;0.5118837356567383;0.024604935199022293;0.5641953349113464;0.5177572965621948;-0.024625517427921295;0.6092366576194763;0.6877606511116028;0.044636357575654984;0.5743865370750427;0.7023087739944458;-0.05777764320373535;0.5909069836139679;0.1470533475279808;-0.2808231204748154;0.6562746167182922;0.5382536798715591;-0.15357894077897072;0.5306466519832611;0.5527494847774506;-0.21864909306168556;0.5957272052764893;0.8573153018951416;0.27897174656391144;0.5766111016273499;0.89897221326828;0.0496155321598053;;acercandose
3.03;0.5837632417678833;0.17413727939128876;-0.2782367467880249;0.630587100982666;0.26523834466934204;-0.07837360352277756;0.5342205166816711;0.2677483558654785;-0.13342070579528809;0.6433690786361694;0.401321679353714;-0.015598012134432793;0.5252431631088257;0.40668827295303345;-0.09983731806278229;0.6133056282997131;0.5110510587692261;0.024100126698613167;0.5640549063682556;0.517558217048645;-0.024126900359988213;0.6091458201408386;0.6884925961494446;0.009770728647708893;0.5742708444595337;0.7023378610610962;-0.05300435423851013;0.5889795303344727;0.14540001302957534;-0.2757988840341568;0.6550201177597046;0.5391934216022491;-0.15206637233495712;0.5288728773593903;0.5526880174875259;-0.21441388875246048;0.5924442609151205;0.8549967408180237;0.24379812677701315;0.5771312117576599;0.8992509841918945;0.07304439414292574;;acercandose
3.07;0.5817375779151917;0.17142273485660553;-0.2863346040248871;0.6289586424827576;0.263003945350647;-0.09196728467941284;0.5330487489700317;0.26738646626472473;-0.13275548815727234;0.6415348649024963;0.398688942193985;-0.030433814972639084;0.5246241688728333;0.40542319416999817;-0.09778264909982681;0.6135031580924988;0.50935959815979;0.01587965525686741;0.5638149976730347;0.5167599320411682;-0.015895504504442215;0.6096799373626709;0.6875542402267456;-0.021020954474806786;0.5741018056869507;0.7077662348747253;-0.04254788160324097;0.5869509816169739;0.14215703308582306;-0.2856087014079094;0.6515307575464249;0.535549595952034;-0.1726677082479;0.5286236554384232;0.5526426732540131;-0.21644864603877068;0.5903245210647583;0.8541158040364584;0.22491050759951273;0.5792424082756042;0.8999090592066447;0.11468809346357982;;acercandose
3.1;0.5804505348205566;0.16890470683574677;-0.30480512976646423;0.6279411315917969;0.2601502239704132;-0.10829951614141464;0.5318202376365662;0.2663671672344208;-0.1458311825990677;0.6398006677627563;0.39713016152381897;-0.044029563665390015;0.523324728012085;0.4048037528991699;-0.10720925033092499;0.6139625906944275;0.5081058740615845;0.011817657388746738;0.563053548336029;0.5158392190933228;-0.01181113813072443;0.6124076247215271;0.685958743095398;-0.0710173174738884;0.5739904642105103;0.7079734802246094;-0.040480922907590866;0.5854917943477631;0.13922489881515504;-0.30425684750080106;0.6481193155050278;0.5339647829532623;-0.1817103512585163;0.5283741056919098;0.5529188215732574;-0.22259630262851715;0.5899064938227335;0.8542335430781046;0.18377252171436945;0.579697847366333;0.898127814133962;0.13597562660773596;;acercandose
3.13;0.5791724324226379;0.16618205606937408;-0.3015112280845642;0.6271706223487854;0.2570144832134247;-0.09880053997039795;0.5310490727424622;0.26331958174705505;-0.14458082616329193;0.6387900710105896;0.3968926966190338;-0.035748548805713654;0.5216840505599976;0.4047137498855591;-0.10778471827507019;0.6145776510238647;0.5079210996627808;0.011985661461949348;0.5629761815071106;0.5161281228065491;-0.011960305273532867;0.6133881211280823;0.6862026453018188;-0.03484206646680832;0.5739269256591797;0.7090237736701965;-0.04823591560125351;0.5840758860111237;0.13670840710401536;-0.30071775019168856;0.6468693763017654;0.5321552455425262;-0.1799195520579815;0.5272473394870758;0.5517387688159943;-0.22641722857952118;0.592175563176473;0.848535974820455;0.26670163373152417;0.579823354880015;0.9068422913551331;0.1196013546238343;;acercandose
3.17;0.5789021849632263;0.16380436718463898;-0.3219200372695923;0.6260740160942078;0.25387606024742126;-0.11959924548864365;0.5301524996757507;0.25992774963378906;-0.1702144593000412;0.6374573111534119;0.3931589722633362;-0.0494522787630558;0.5207584500312805;0.4044125974178314;-0.1370774358510971;0.6154477000236511;0.5073774456977844;0.012577218934893608;0.5630031228065491;0.5160607099533081;-0.012561413459479809;0.61506187915802;0.6858893632888794;-0.03934571146965027;0.5737775564193726;0.7098183035850525;-0.04261261224746704;0.5834731340408326;0.13463097661733628;-0.3211165562272072;0.6442663967609406;0.5307971686124802;-0.18244405463337898;0.5271725356578827;0.552834153175354;-0.24399467185139656;0.5968625148137411;0.8297890027364095;0.3061232765515645;0.5797953208287557;0.9045255978902181;0.1398575355609258;;acercandose
3.2;0.5787798166275024;0.16198444366455078;-0.3225068151950836;0.6249449849128723;0.25142237544059753;-0.11642351746559143;0.528884768486023;0.2583194971084595;-0.18037553131580353;0.6358398795127869;0.38821732997894287;-0.04530838131904602;0.5198086500167847;0.40411612391471863;-0.1506059169769287;0.61585932970047;0.507006824016571;0.013861216604709625;0.5630375742912292;0.5162486433982849;-0.013844157569110394;0.6160485744476318;0.6873711943626404;-0.0401439405977726;0.5736847519874573;0.7107337713241577;-0.042289163917303085;0.5827135145664215;0.13237187787890434;-0.32109450548887253;0.6402327716350555;0.5250483378767967;-0.1764257624745369;0.527155727148056;0.5544735342264175;-0.25295038893818855;0.5997718969980875;0.8264767130215963;0.3164280354976654;0.579896887143453;0.9050304094950358;0.14225072662035623;;acercandose
3.23;0.5789832472801208;0.1606202870607376;-0.3150251805782318;0.6240445971488953;0.2482653111219406;-0.11044818162918091;0.5273164510726929;0.2568433880805969;-0.17771892249584198;0.6345789432525635;0.38524067401885986;-0.040726352483034134;0.5191665887832642;0.40383538603782654;-0.1443323791027069;0.616537868976593;0.5068454146385193;0.016176899895071983;0.5631155967712402;0.5160224437713623;-0.0161551833152771;0.6165242195129395;0.6894577741622925;-0.03907010331749916;0.5734274387359619;0.711768388748169;-0.04488537088036537;0.5825413644313813;0.13066284283995627;-0.31365173161029813;0.6374539285898209;0.520072378218174;-0.17253875732421875;0.5271386206150055;0.5548700094223022;-0.24282732978463173;0.6014172832171122;0.8296277721722921;0.28722689549128216;0.5796979665756226;0.9038155873616537;0.14902585869034132;;acercandose
3.27;0.5785427689552307;0.1572195142507553;-0.31336596608161926;0.6229449510574341;0.24555057287216187;-0.10624069720506668;0.5266672968864441;0.2535836398601532;-0.16609667241573334;0.6336398720741272;0.3816295862197876;-0.028157958760857582;0.5183512568473816;0.40213555097579956;-0.13254377245903015;0.616805911064148;0.5067974328994751;0.018467873334884644;0.5631670951843262;0.5156980156898499;-0.01845189929008484;0.6166673898696899;0.690335214138031;-0.03336262330412865;0.5733508467674255;0.7132871150970459;-0.04488695412874222;0.5816990196704864;0.12741755470633506;-0.3093678802251816;0.633621484041214;0.5139685720205307;-0.14828798361122608;0.5267474055290222;0.5542375147342682;-0.23843921348452568;0.6029186646143595;0.838706910610199;0.2686319450537364;0.5798060695330302;0.9041177233060201;0.1422171058754126;;acercandose
3.3;0.5775402784347534;0.1537976861000061;-0.3054780066013336;0.6228211522102356;0.2440725713968277;-0.10339264571666718;0.5262657999992371;0.25193721055984497;-0.16977965831756592;0.6331759691238403;0.38075438141822815;-0.025262873619794846;0.5181142091751099;0.40159741044044495;-0.13567866384983063;0.6170306205749512;0.5066131353378296;0.023347266018390656;0.5632319450378418;0.5154644250869751;-0.023384856060147285;0.617219090461731;0.6919392347335815;0.008047507144510746;0.5733162760734558;0.7127087712287903;-0.03426903858780861;0.580766499042511;0.1243102341890335;-0.3033314377069473;0.6345417499542236;0.5144109651446342;-0.14001169987022877;0.5268971025943756;0.5549003183841705;-0.2332364097237587;0.6052408814430237;0.8627723058064779;0.24350633223851523;0.5800270239512125;0.9029496908187866;0.14747979988654455;;acercandose
3.33;0.5771517753601074;0.15177887678146362;-0.283908873796463;0.6228075623512268;0.24232032895088196;-0.0876585841178894;0.5258879661560059;0.2511257529258728;-0.16810902953147888;0.633366048336029;0.37672069668769836;-0.010600834153592587;0.5179054141044617;0.40124431252479553;-0.1330704391002655;0.6172383427619934;0.5060134530067444;0.024483654648065567;0.5633126497268677;0.5153689980506897;-0.02453767880797386;0.6174501180648804;0.6924550533294678;0.00506994454190135;0.5733025670051575;0.7117806077003479;-0.034130338579416275;0.5804262101650238;0.12232655957341194;-0.2817763850092888;0.6350606381893158;0.513538122177124;-0.12429033778607845;0.5270241945981979;0.5547927021980286;-0.2223292663693428;0.6087915301322937;0.8881235122680664;0.18749649077653885;0.580154538154602;0.9028384884198507;0.1377837471663952;;acercandose
3.37;0.5770649313926697;0.15092535316944122;-0.2700178325176239;0.6227062344551086;0.24125869572162628;-0.07534853368997574;0.5254495739936829;0.2506161034107208;-0.15445952117443085;0.6334769129753113;0.37514278292655945;0.0025820890441536903;0.5177375078201294;0.40111812949180603;-0.12314019352197647;0.6172264814376831;0.5058496594429016;0.02410217933356762;0.5632566213607788;0.5157528519630432;-0.024151494726538658;0.6175081729888916;0.6959525346755981;0.002308695809915662;0.5729371309280396;0.7118927240371704;-0.03390892595052719;0.5803875267505646;0.12146743461489677;-0.26756433546543124;0.6350284218788147;0.5136929377913475;-0.11247585341334343;0.5271701514720917;0.5550701171159744;-0.21356327459216118;0.6112380623817444;0.8955436944961548;0.18441074838240942;0.5806251366933187;0.903711199760437;0.13512162367502847;;acercandose
3.4;0.5771077871322632;0.14992429316043854;-0.2535390555858612;0.6226394176483154;0.2414013296365738;-0.05511508882045746;0.5252625346183777;0.2503211200237274;-0.14353881776332855;0.6334273815155029;0.37571996450424194;0.025874946266412735;0.5174639821052551;0.4008718430995941;-0.11488905549049377;0.6171923875808716;0.5081281661987305;0.025856863707304;0.563206136226654;0.5181490182876587;-0.025914127007126808;0.6178643703460693;0.7069011330604553;-0.00011231056123506278;0.5725754499435425;0.7161770462989807;-0.03478187322616577;0.5804033696651458;0.12014794647693634;-0.24993217885494232;0.6349148899316788;0.5165622308850288;-0.09032505005598068;0.5272626429796219;0.5562137961387634;-0.2079879269003868;0.6143107811609904;0.9059860110282898;0.18973414103190103;0.5806832710901896;0.9062780141830444;0.13378811379273733;;acercandose
3.43;0.5768791437149048;0.14894703030586243;-0.25416284799575806;0.6227031350135803;0.2416008561849594;-0.06399334967136383;0.5253379940986633;0.25001516938209534;-0.13383229076862335;0.6334388256072998;0.3761192858219147;0.014039311558008194;0.5173861384391785;0.40037932991981506;-0.10283898562192917;0.6171683073043823;0.5093315839767456;0.02144536003470421;0.5631301999092102;0.5187049508094788;-0.021517222747206688;0.6182697415351868;0.7101880311965942;-0.0068311430513858795;0.572242796421051;0.7164191007614136;-0.02850996144115925;0.5802563846111297;0.11921426132321358;-0.25124514400959014;0.6351133286952972;0.5190285593271255;-0.0976202804595232;0.5274085849523544;0.5562220364809036;-0.19767675176262856;0.6153186758359274;0.9076162377993265;0.17989128331343332;0.5811773538589478;0.9066451191902161;0.14296511188149452;;acercandose
3.47;0.5766123533248901;0.1485263705253601;-0.2608282268047333;0.6228212118148804;0.24196477234363556;-0.06910648196935654;0.5254297256469727;0.24972715973854065;-0.13664081692695618;0.6336748600006104;0.3810010552406311;0.006313820835202932;0.5173789858818054;0.400053471326828;-0.10539499670267105;0.6171780228614807;0.5112350583076477;0.019643373787403107;0.5628701448440552;0.5201461911201477;-0.01971583254635334;0.6188910603523254;0.7147954106330872;-0.007525070104748011;0.5721519589424133;0.7190735936164856;-0.025098776444792747;0.5801548480987548;0.11889748722314834;-0.2582906007766724;0.6369920670986176;0.5309234261512756;-0.11031290329992771;0.5272929966449738;0.5570242404937744;-0.20188630744814873;0.6181837916374207;0.9087100426355997;0.18524104605118433;0.5816439787546793;0.9067826867103577;0.15018046150604883;;acercandose
3.5;0.5766098499298096;0.1486629992723465;-0.2617833614349365;0.6232203245162964;0.24222108721733093;-0.08334176987409592;0.5254824757575989;0.24974767863750458;-0.1386234164237976;0.6343420743942261;0.3856230676174164;-0.008706220425665379;0.5171185731887817;0.40023887157440186;-0.1068664938211441;0.6172953844070435;0.5137988924980164;0.014199812896549702;0.5627255439758301;0.522111177444458;-0.014278735034167767;0.6195495128631592;0.7178380489349365;-0.008750778622925282;0.5718964338302612;0.7199183106422424;-0.016282932832837105;0.5801986575126648;0.11881723925471306;-0.26022508144378664;0.6409831345081329;0.5375069379806519;-0.1221879068762064;0.5272098034620285;0.5586051344871521;-0.20413588359951973;0.6184413234392802;0.9102723002433777;0.18543598304192224;0.5819141864776611;0.9071160554885864;0.16019735733668009;;acercandose
3.53;0.5766458511352539;0.14905676245689392;-0.26737019419670105;0.6238707900047302;0.24238303303718567;-0.08787325024604797;0.5255658626556396;0.24949216842651367;-0.13509298861026764;0.6369755864143372;0.38770371675491333;-0.014476435258984566;0.5167410969734192;0.40054118633270264;-0.10153927654027939;0.6173161864280701;0.5145525336265564;0.009380769915878773;0.5623049736022949;0.5229943990707397;-0.009463363327085972;0.6204041242599487;0.7196932435035706;-0.012074616737663746;0.5718809962272644;0.7201505899429321;-0.00899309292435646;0.5802387058734894;0.1191823050379753;-0.26688644886016843;0.6449178755283356;0.5387945622205734;-0.13650600984692574;0.5271974503993988;0.559286892414093;-0.20520631596446037;0.619711697101593;0.9113340775171915;0.18614161014556885;0.5822702248891195;0.9071010748545328;0.1729822432001432;;acercandose
3.57;0.5771322846412659;0.14927227795124054;-0.25391581654548645;0.6246071457862854;0.24252130091190338;-0.07619822770357132;0.5256432294845581;0.24893049895763397;-0.12041736394166946;0.6386237740516663;0.38993343710899353;-0.008882610127329826;0.516332745552063;0.3999514877796173;-0.09057962894439697;0.6171378493309021;0.514980137348175;0.010120905004441738;0.5617894530296326;0.5232588052749634;-0.010197688825428486;0.6211718916893005;0.7195954918861389;-0.012012062594294548;0.571865439414978;0.7197201251983643;-0.009747163392603397;0.5805807709693909;0.11941906735301018;-0.25151520073413847;0.6481598615646362;0.5415105521678925;-0.13539298251271248;0.5272050946950912;0.5591345429420471;-0.19345269724726677;0.6205222407976786;0.912629226843516;0.18541583915551504;0.582451065381368;0.9067515929539999;0.1702666531006495;;acercandose
3.6;0.5778939723968506;0.1494895964860916;-0.22926712036132812;0.6254189014434814;0.24256999790668488;-0.05548158288002014;0.5259683728218079;0.24872630834579468;-0.10510231554508209;0.640392541885376;0.3896733224391937;0.005540045909583569;0.5163608193397522;0.3990001678466797;-0.07917295396327972;0.6170263290405273;0.5148764848709106;0.010982119478285313;0.5614867806434631;0.5233531594276428;-0.011051231995224953;0.6214250326156616;0.7193354964256287;-0.01087704673409462;0.5718526244163513;0.7193669080734253;-0.013473252765834332;0.5812996387481689;0.11961193457245826;-0.22559467405080796;0.6506468951702118;0.5401767939329147;-0.12353869527578354;0.5271968990564346;0.5590100437402725;-0.17760971933603287;0.6200991868972778;0.913841982682546;0.16918381303548813;0.5824777285257975;0.9060676097869873;0.1589230274160703;;acercandose
3.63;0.5788912177085876;0.15031173825263977;-0.2352835088968277;0.6270555257797241;0.24264389276504517;-0.05687132477760315;0.5268555283546448;0.24875758588314056;-0.10691344738006592;0.6422240138053894;0.3894617259502411;0.004636780824512243;0.5164341330528259;0.3985040783882141;-0.08059912174940109;0.617129921913147;0.5158334970474243;0.011143108829855919;0.5615057945251465;0.523720920085907;-0.01121941115707159;0.6214293241500854;0.7205743789672852;-0.005128535907715559;0.5718457698822021;0.7191068530082703;-0.013237910345196724;0.5823342323303222;0.11990444809198379;-0.23220126330852509;0.6519002765417099;0.5394675433635712;-0.12650523148477077;0.5271532833576202;0.5589099824428558;-0.18273145332932472;0.6199657718340555;0.9156192143758138;0.1764906346797943;0.5824611783027649;0.9057451486587524;0.15791107465823492;;acercandose
3.67;0.5813952684402466;0.15146227180957794;-0.24361369013786316;0.6293148398399353;0.24337008595466614;-0.06175907328724861;0.5278491377830505;0.24878305196762085;-0.11391856521368027;0.643997073173523;0.39112433791160583;0.0027715524192899466;0.5165281891822815;0.39925044775009155;-0.08545541018247604;0.6172724366188049;0.5168963670730591;0.011315891519188881;0.5614928007125854;0.5243105888366699;-0.011397629044950008;0.6213781833648682;0.7213401198387146;-0.0017192362574860454;0.571982204914093;0.7189239859580994;-0.013879814185202122;0.5845030784606934;0.12037775814533233;-0.24081313312053682;0.6533826589584351;0.5405392348766327;-0.12791930884122849;0.5271669626235962;0.5591129958629608;-0.18707235530018806;0.6198577086130778;0.9165889422098795;0.17910772313674292;0.5825139085451762;0.9057127436002096;0.15662357211112976;;acercandose
3.7;0.5834713578224182;0.15149115025997162;-0.2469712346792221;0.6314773559570312;0.24432870745658875;-0.06235255300998688;0.529430091381073;0.24880388379096985;-0.11635740846395493;0.6460134983062744;0.3924422860145569;0.0049911122769117355;0.5176020860671997;0.40029698610305786;-0.08678454905748367;0.6176944971084595;0.517812192440033;0.01433354802429676;0.5615396499633789;0.5249105095863342;-0.014410803094506264;0.6214556694030762;0.7209568619728088;0.003837755648419261;0.5724188685417175;0.7188405990600586;-0.014796935953199863;0.5862984240055085;0.12051602751016617;-0.2439895063638687;0.6560908257961273;0.5412759035825729;-0.1269372906535864;0.5274773687124252;0.5595373213291168;-0.19034815207123756;0.6198857426643372;0.916831890741984;0.18767195691665015;0.5824993252754211;0.9056311051050822;0.1592384527126948;;acercandose
3.73;0.5845686793327332;0.1515636444091797;-0.24726362526416779;0.633967936038971;0.24564041197299957;-0.06402458250522614;0.531043529510498;0.24882973730564117;-0.11730097979307175;0.649343729019165;0.3938346803188324;0.004571416415274143;0.5187980532646179;0.40101420879364014;-0.08898475766181946;0.6178235411643982;0.5197849273681641;0.01468949019908905;0.5615501999855042;0.5256175398826599;-0.01477566733956337;0.6216716170310974;0.7223473787307739;0.00465946551412344;0.5725241899490356;0.7191336154937744;-0.012240425683557987;0.5875970661640167;0.12060409635305405;-0.24427728950977326;0.6591108292341232;0.5419714599847794;-0.13079669512808323;0.5283931493759155;0.5593928545713425;-0.19107497110962868;0.6199920972188314;0.9170576532681783;0.19677577167749405;0.5823584000269572;0.9051351348559061;0.1693669781088829;;acercandose
3.77;0.5860328078269958;0.1516283005475998;-0.24389442801475525;0.6353337168693542;0.24679990112781525;-0.06283853948116302;0.5326657891273499;0.24880391359329224;-0.1155446395277977;0.651249349117279;0.39473292231559753;0.0034717817325145006;0.5212517976760864;0.4010482728481293;-0.08963954448699951;0.6178276538848877;0.5209837555885315;0.015971587970852852;0.5616246461868286;0.5260631442070007;-0.016060881316661835;0.621638834476471;0.7227475643157959;0.00507135596126318;0.5726321339607239;0.7194581627845764;-0.013068758882582188;0.5892458021640777;0.12067906185984612;-0.2408771798014641;0.6601561456918716;0.5425104796886444;-0.1306972373276949;0.5294216275215149;0.5592346787452698;-0.19174593687057495;0.6200230916341146;0.9180275003115336;0.1963167836268743;0.582229475180308;0.9051077763239542;0.16587655742963156;;acercandose
3.8;0.5875610113143921;0.1515720933675766;-0.244384765625;0.6366171836853027;0.2469371110200882;-0.05990570783615112;0.5339543223381042;0.24860017001628876;-0.11692977696657181;0.6521118879318237;0.3944454789161682;0.005304311867803335;0.5226759910583496;0.40103423595428467;-0.08986252546310425;0.618087649345398;0.5211506485939026;0.018178444355726242;0.5621054768562317;0.52621990442276;-0.01827281340956688;0.6216180324554443;0.723313570022583;0.004011398181319237;0.5729891657829285;0.7215963006019592;-0.01869257539510727;0.5909399449825287;0.12063541486859322;-0.24123886823654175;0.6619637757539749;0.5430271923542023;-0.13009678199887276;0.5303888022899628;0.5592142641544342;-0.19286706298589706;0.6199254989624023;0.918572187423706;0.199869637688001;0.5821126898129781;0.9045698642730713;0.16874087850252786;;acercandose
3.83;0.5898512601852417;0.151482492685318;-0.24843424558639526;0.6380645632743835;0.24717651307582855;-0.06269947439432144;0.5350814461708069;0.24846473336219788;-0.12159892171621323;0.6527884006500244;0.3949781358242035;0.004052204079926014;0.5234870314598083;0.4012455940246582;-0.09515298902988434;0.6186621189117432;0.5218965411186218;0.018193162977695465;0.5626835823059082;0.5266552567481995;-0.018285199999809265;0.6216466426849365;0.724519670009613;0.0034250360913574696;0.5734210014343262;0.7245147824287415;-0.018686901777982712;0.5931127071380615;0.12051314637064933;-0.2449415519833565;0.6621271222829819;0.5449094176292419;-0.13074489682912827;0.5317328870296478;0.5597552806138992;-0.1975013017654419;0.6198649009068807;0.9194726149241129;0.19952981422344843;0.582261860370636;0.905913253625234;0.1675429865717888;;acercandose
3.87;0.5912275314331055;0.15116208791732788;-0.24831664562225342;0.6395045518875122;0.24795380234718323;-0.0645306184887886;0.5360243916511536;0.24845194816589355;-0.12204550951719284;0.6539826393127441;0.3956792652606964;0.002173753222450614;0.523960530757904;0.40155228972435;-0.09637763351202011;0.6192190647125244;0.522347629070282;0.01754489354789257;0.5631319284439087;0.5269491672515869;-0.01763376034796238;0.6216866374015808;0.7242080569267273;0.004209085367619991;0.573741614818573;0.7246960401535034;-0.01426024828106165;0.5944871664047241;0.12026576474308967;-0.24458046406507492;0.6626862436532974;0.5462260097265244;-0.13045385852456093;0.5323395729064941;0.560073047876358;-0.19764970988035202;0.6199705998102824;0.9192827145258585;0.1991914138197899;0.5822239319483439;0.9058857361475626;0.16766026119391123;;acercandose
3.9;0.5921169519424438;0.150783509016037;-0.2519082725048065;0.6410532593727112;0.24833202362060547;-0.07210589945316315;0.5371031761169434;0.24846678972244263;-0.12468115240335464;0.6550345420837402;0.3961738348007202;-0.004146039020270109;0.5249499678611755;0.4017528295516968;-0.09754659235477448;0.6198200583457947;0.5229065418243408;0.016185935586690903;0.5636213421821594;0.5270183682441711;-0.01627339981496334;0.6219054460525513;0.724102258682251;0.006730094086378813;0.5740566253662109;0.7244874238967896;-0.008046237751841545;0.5954232037067413;0.12009546533226967;-0.24830223023891448;0.6629801988601685;0.5471075624227524;-0.13047299534082413;0.5329090654850006;0.5602386295795441;-0.19766560569405556;0.6199491421381632;0.9187946319580078;0.195623849829038;0.5821614265441895;0.9058164556821188;0.16798796753088632;;acercandose
3.93;0.592548131942749;0.15025454759597778;-0.23709237575531006;0.6423856019973755;0.2484646886587143;-0.06527460366487503;0.5388464331626892;0.2484716922044754;-0.11035337299108505;0.6558001637458801;0.3962101638317108;-0.003387414151802659;0.5263133645057678;0.4017872214317322;-0.08513663709163666;0.6204855442047119;0.5233734846115112;0.01535243820399046;0.5643918514251709;0.5270373821258545;-0.015440384857356548;0.6220051050186157;0.723940908908844;0.006263377610594034;0.574327826499939;0.7244265079498291;-0.00888174306601286;0.5961693048477172;0.11979518383741379;-0.2335468590259552;0.6634363234043121;0.5468367636203766;-0.13017979264259338;0.5334973335266113;0.560235857963562;-0.18724900856614113;0.6197616656621298;0.9187712868054708;0.1841250459353129;0.5820309321085612;0.9059956471125284;0.16485539078712463;;acercandose
3.97;0.5936270952224731;0.15006192028522491;-0.23175379633903503;0.6436383128166199;0.24869149923324585;-0.060473356395959854;0.5400513410568237;0.24848578870296478;-0.10480405390262604;0.6565243601799011;0.39671260118484497;-0.00040583719965070486;0.5275233387947083;0.4017859101295471;-0.07870272547006607;0.6213791370391846;0.523804247379303;0.014537633396685123;0.5652863383293152;0.5270201563835144;-0.014624962583184242;0.6220461130142212;0.7241928577423096;0.0038746348582208157;0.5744096636772156;0.7242671251296997;-0.009657640941441059;0.5972896218299866;0.11964517682790757;-0.2281075730919838;0.6632325649261475;0.5472373068332672;-0.12947208061814308;0.5336465835571289;0.5601599365472794;-0.1835602931678295;0.6196148792902628;0.9210131367047628;0.17431445171435675;0.581703265508016;0.9066874384880066;0.1586595674355825;;acercandose
4.0;0.5933838486671448;0.15001174807548523;-0.24361461400985718;0.6444778442382812;0.24910329282283783;-0.07093062996864319;0.540776789188385;0.24848099052906036;-0.10836974531412125;0.657228410243988;0.3987047076225281;-0.007714162115007639;0.5285289883613586;0.4017893075942993;-0.08043401688337326;0.6218706965446472;0.5237208604812622;0.01323844026774168;0.5658739805221558;0.5265620350837708;-0.013344809412956238;0.6220487952232361;0.7241254448890686;0.002822686219587922;0.574539840221405;0.7241722941398621;-0.009989999234676361;0.597579437494278;0.11957334280014038;-0.24111061096191405;0.6628880947828293;0.5508043766021729;-0.1349975150078535;0.5340552181005478;0.5600847750902176;-0.18581192567944527;0.6195488969484965;0.9214832584063212;0.17300133407115936;0.5814961791038513;0.9072508613268534;0.15661331762870154;;acercandose
4.03;0.5930639505386353;0.14974069595336914;-0.24008433520793915;0.6450390219688416;0.24922317266464233;-0.0692448616027832;0.5413510203361511;0.24845105409622192;-0.1015850082039833;0.6574169397354126;0.39940372109413147;-0.007143852300941944;0.5292338132858276;0.401650071144104;-0.07235468924045563;0.6226452589035034;0.5238445997238159;0.013156168162822723;0.5668255686759949;0.5265541672706604;-0.013260114938020706;0.6220458149909973;0.7246304750442505;0.002362374449148774;0.5746778249740601;0.7240517735481262;-0.010064504109323025;0.5976066887378693;0.11947311237454414;-0.23788464367389678;0.6626841574907303;0.5511931627988815;-0.13549764640629292;0.5346045345067978;0.560033991932869;-0.18061674386262894;0.6195357441902161;0.9221884608268738;0.17191627870003381;0.5813755591710409;0.908120592435201;0.1532778466741244;;acercandose
4.07;0.5928320288658142;0.14973768591880798;-0.2408057451248169;0.6456122994422913;0.24924658238887787;-0.07050900161266327;0.5419135093688965;0.24845083057880402;-0.10184715688228607;0.6576728820800781;0.39958328008651733;-0.011231938377022743;0.5294238328933716;0.4015277028083801;-0.07312284409999847;0.6232690811157227;0.5239225029945374;0.01297780778259039;0.5676320195198059;0.5265802145004272;-0.01307863462716341;0.6220473051071167;0.7247516512870789;0.002970961155369878;0.5749332308769226;0.7240098714828491;-0.009814558550715446;0.5976835906505584;0.11947924643754959;-0.23873018324375153;0.6624966859817505;0.5516196638345718;-0.1399687584489584;0.5351660549640656;0.560033529996872;-0.18196705728769302;0.6195336580276489;0.9222790797551473;0.17164635161558786;0.5813201864560446;0.9084334969520569;0.15288363893826803;;acercandose
4.1;0.5927354097366333;0.14974625408649445;-0.2571471035480499;0.6463417410850525;0.24945186078548431;-0.08187862485647202;0.5424454808235168;0.24842949211597443;-0.10662806779146194;0.6580561399459839;0.40241262316703796;-0.018046585842967033;0.5295946598052979;0.40150946378707886;-0.07464970648288727;0.6238716840744019;0.5242343544960022;0.012713036499917507;0.5683292150497437;0.5266135931015015;-0.012815057300031185;0.6221514344215393;0.7252500057220459;0.00291307526640594;0.575097918510437;0.724273681640625;-0.009298448450863361;0.597990357875824;0.11952605918049812;-0.2563187569379807;0.6623538583517075;0.5547980815172195;-0.14467006921768188;0.5355725884437561;0.5602298825979233;-0.18597887456417084;0.6195466717084249;0.9222723841667175;0.17898599555095038;0.5812944173812866;0.9084913929303488;0.15970985094706217;;acercandose
4.13;0.592959463596344;0.1497814655303955;-0.2571936547756195;0.6469006538391113;0.2496926188468933;-0.0813957154750824;0.5429179668426514;0.24843576550483704;-0.10760689526796341;0.6582978367805481;0.40486636757850647;-0.018192896619439125;0.5303109884262085;0.4015222191810608;-0.07646583765745163;0.6242986917495728;0.5245363712310791;0.012459623627364635;0.5688413381576538;0.5267725586891174;-0.012561069801449776;0.622346818447113;0.7253475189208984;0.0028616872150450945;0.5754076838493347;0.7246126532554626;-0.008490016683936119;0.5985352158546448;0.1195850744843483;-0.25607754439115527;0.6622800230979919;0.5564559400081635;-0.1457047499716282;0.5358160585165024;0.5604183673858643;-0.1863114908337593;0.6195650895436605;0.9223616719245911;0.18129210670789084;0.5812862714131674;0.908474862575531;0.16385458409786224;;acercandose
4.17;0.5932668447494507;0.1497984379529953;-0.2569097578525543;0.6472762227058411;0.24976558983325958;-0.08130723983049393;0.5434096455574036;0.24843578040599823;-0.10634002089500427;0.6583008766174316;0.4056189954280853;-0.016959290951490402;0.5315300226211548;0.4016016125679016;-0.07493656873703003;0.624914288520813;0.524794340133667;0.012496375478804111;0.5693886280059814;0.5269091725349426;-0.012596909888088703;0.6226592063903809;0.7253397703170776;0.0027071309741586447;0.5757542848587036;0.7249101996421814;-0.008547342382371426;0.5991191804409027;0.11959935277700424;-0.254590667784214;0.6621890813112259;0.5571007877588272;-0.14408260770142078;0.5361692756414413;0.5605210661888123;-0.18523091077804565;0.6195806860923767;0.9223396380742391;0.1852202961842219;0.5813209811846415;0.9083386858304342;0.16754812747240067;;acercandose
4.2;0.5938528180122375;0.1497967690229416;-0.26098689436912537;0.6476356983184814;0.24978405237197876;-0.08111501485109329;0.5438782572746277;0.2484450787305832;-0.11165433377027512;0.6581787467002869;0.4061947762966156;-0.01601949892938137;0.5320996046066284;0.40187838673591614;-0.07829838246107101;0.6257202625274658;0.5248536467552185;0.012647693045437336;0.5700017809867859;0.526924192905426;-0.01275100838392973;0.6231318712234497;0.7253205180168152;0.0026536539662629366;0.5761851668357849;0.7248710989952087;-0.008659218437969685;0.5998293817043304;0.11961021646857262;-0.25915812999010085;0.662103146314621;0.5572311878204346;-0.143932418897748;0.5364668965339661;0.5607043206691742;-0.18882347643375397;0.6196191708246866;0.9222859144210815;0.18990090489387512;0.5813960035641988;0.9076796372731527;0.171787329018116;;acercandose
4.23;0.5946068167686462;0.14980144798755646;-0.27217617630958557;0.6481375098228455;0.2500162124633789;-0.0898200273513794;0.5443569421768188;0.24842537939548492;-0.12182830274105072;0.6581579446792603;0.4078734517097473;-0.021262207999825478;0.5325489640235901;0.4020577669143677;-0.08549585938453674;0.626192569732666;0.5250011682510376;0.012668384239077568;0.5702718496322632;0.5269195437431335;-0.012769771739840508;0.6237924098968506;0.7253852486610413;0.002609838033095002;0.5765069127082825;0.7248364686965942;-0.008329475298523903;0.6006677865982055;0.11964105516672134;-0.27086088955402376;0.66203573346138;0.5586676150560379;-0.14602304995059967;0.5371366143226624;0.5609801113605499;-0.19316332787275314;0.6196889281272888;0.922327717145284;0.19123766322930655;0.5814775824546814;0.9071991642316183;0.17501741896073023;;acercandose
4.27;0.595127522945404;0.14979465305805206;-0.27375537157058716;0.6484732627868652;0.25003790855407715;-0.09162265807390213;0.5446001887321472;0.24841658771038055;-0.12497162073850632;0.6581760048866272;0.40771153569221497;-0.022028697654604912;0.5330174565315247;0.4024599492549896;-0.08844222873449326;0.6266920566558838;0.5250081419944763;0.012639956548810005;0.570492148399353;0.5268740057945251;-0.012745118699967861;0.6242737770080566;0.7253929376602173;0.0022706107702106237;0.5767830014228821;0.7247868776321411;-0.008184077218174934;0.601229214668274;0.11964056417346;-0.2725802108645439;0.6620505005121231;0.5584914088249207;-0.14548286609351635;0.5375061333179474;0.5612489581108093;-0.19492164626717567;0.6198029518127441;0.9229471484820048;0.19018318752447763;0.5815557638804117;0.9070411324501038;0.17386533816655478;;acercandose
4.3;0.5955342054367065;0.14974457025527954;-0.27524182200431824;0.6487430334091187;0.2500781714916229;-0.09353043138980865;0.5448467135429382;0.24843253195285797;-0.12669067084789276;0.6582790613174438;0.4075155556201935;-0.023401804268360138;0.533568263053894;0.4027119576931;-0.09034561365842819;0.6271599531173706;0.5250927209854126;0.012515799142420292;0.5707343816757202;0.5268660187721252;-0.012627428397536278;0.624637246131897;0.7253872156143188;0.001837594318203628;0.5769808888435364;0.7247763872146606;-0.007255397271364927;0.6016984820365906;0.1196274921298027;-0.2739604368805885;0.6620310693979263;0.558361291885376;-0.14568009786307812;0.5378340482711792;0.5614847242832184;-0.19680290669202805;0.6198411782582601;0.9231052398681641;0.19053859760363898;0.5815707445144653;0.9063254197438558;0.17772602289915085;;acercandose
4.33;0.595944344997406;0.14974230527877808;-0.27348047494888306;0.6489489078521729;0.2500544786453247;-0.09196796268224716;0.5451198220252991;0.24844945967197418;-0.12733794748783112;0.6583901047706604;0.40618619322776794;-0.022380897775292397;0.5339279770851135;0.40282371640205383;-0.09284816682338715;0.6276913285255432;0.5251304507255554;0.012528051622211933;0.5711908340454102;0.5268664956092834;-0.012639283202588558;0.6250391006469727;0.7253997325897217;0.0012680614599958062;0.5771870017051697;0.7248585224151611;-0.007357388269156218;0.6021260857582093;0.11963961273431778;-0.2719601899385452;0.6620987057685852;0.5578750371932983;-0.14536436088383198;0.5383143872022629;0.5617581754922867;-0.19921772181987762;0.6198675036430359;0.9231243332227071;0.19019358108441034;0.5815302133560181;0.9060424566268921;0.17601720492045084;;acercandose
4.37;0.5963585376739502;0.14976929128170013;-0.2713158130645752;0.6491747498512268;0.24997234344482422;-0.09052987396717072;0.5456030964851379;0.24844028055667877;-0.12640729546546936;0.6584891676902771;0.404767245054245;-0.02156401425600052;0.5345214009284973;0.40267470479011536;-0.0930868461728096;0.6281249523162842;0.5250779986381531;0.012465220876038074;0.5717602968215942;0.5267989635467529;-0.012575512751936913;0.6253041625022888;0.7250578999519348;0.0008526276214979589;0.5775191783905029;0.7247112989425659;-0.006967154331505299;0.602494752407074;0.119702909886837;-0.2697600111365318;0.6622031480073929;0.556361973285675;-0.14414499327540398;0.5386576354503632;0.561759740114212;-0.20040304213762283;0.6199340422948202;0.9231207370758057;0.18291306247313818;0.5814305543899536;0.9056825637817383;0.1741216704249382;;acercandose
4.4;0.5968876481056213;0.14988131821155548;-0.27023646235466003;0.649371862411499;0.24991659820079803;-0.09020723402500153;0.5459359288215637;0.24844080209732056;-0.12661373615264893;0.6584901809692383;0.40306106209754944;-0.020297052338719368;0.534694254398346;0.40253540873527527;-0.09485577046871185;0.6284606456756592;0.5250810980796814;0.012559256516397;0.572235643863678;0.5267930030822754;-0.012664543464779854;0.6254618167877197;0.7245574593544006;9,72E+10;0.5780931711196899;0.72416090965271;-0.006519225891679525;0.6029549896717071;0.1198513500392437;-0.26866895258426665;0.6621606796979904;0.5533983707427979;-0.1429702825844288;0.5388592183589935;0.5617033541202545;-0.2030096836388111;0.6199661691983541;0.9225648840268453;0.18285409112771353;0.5814926028251648;0.9047113656997681;0.17552665869394937;;acercandose
4.43;0.5974664688110352;0.15015532076358795;-0.26982077956199646;0.6495984792709351;0.2498873919248581;-0.08587025105953217;0.5461520552635193;0.24843348562717438;-0.1262494921684265;0.6584993004798889;0.4021652638912201;-0.015640342608094215;0.5346336960792542;0.40220656991004944;-0.09533423185348511;0.6287519931793213;0.5251270532608032;0.01342651154845953;0.5726442933082581;0.5267847180366516;-0.013519953936338425;0.6255863308906555;0.7246547341346741;-0.0008670359384268522;0.578613817691803;0.7239340543746948;-0.009133540093898773;0.6034418106079101;0.12006714195013046;-0.2681618079543114;0.6621114015579224;0.552663654088974;-0.14167388528585434;0.5390207469463348;0.5616508573293686;-0.20402148738503456;0.6200792193412781;0.9216813842455546;0.189511239528656;0.5817676186561584;0.9043756723403931;0.17516551663478216;;acercandose
4.47;0.5979559421539307;0.15026380121707916;-0.2685794532299042;0.6498192548751831;0.249857559800148;-0.08369635790586472;0.5463414788246155;0.248452827334404;-0.12621861696243286;0.6584956049919128;0.4012513756752014;-0.013721931725740433;0.5345616936683655;0.402199923992157;-0.09625106304883957;0.6289759874343872;0.525145411491394;0.01405714638531208;0.5728819966316223;0.5267637968063354;-0.014143586158752441;0.6257609128952026;0.7247394919395447;-0.00294790742918849;0.5789475440979004;0.7238715291023254;-0.016469573602080345;0.6038670241832733;0.12015639394521713;-0.26666468679904937;0.6620762199163437;0.5505343079566956;-0.1405344046652317;0.539271354675293;0.56170754134655;-0.2042774185538292;0.6202293237050375;0.9214268724123637;0.19004753728707632;0.5819190939267477;0.9043815533320109;0.171804408232371;;acercandose
4.5;0.5985364317893982;0.15047019720077515;-0.26533180475234985;0.6499971151351929;0.24987299740314484;-0.0810176357626915;0.5465273857116699;0.2484661191701889;-0.12612147629261017;0.6585133671760559;0.40113794803619385;-0.011659030802547932;0.5345128774642944;0.402229368686676;-0.09684336930513382;0.6290574669837952;0.5251674056053162;0.014743562787771225;0.5730351209640503;0.5267505049705505;-0.014827531762421131;0.6260037422180176;0.7248404622077942;-0.004113234579563141;0.5791184902191162;0.7239090204238892;-0.021588997915387154;0.6042782723903656;0.12032055035233498;-0.26323921233415604;0.6621180921792984;0.5502312034368515;-0.1381102278828621;0.5395284444093704;0.5618198961019516;-0.2037455327808857;0.6203015247980753;0.921238124370575;0.1908180962006251;0.582067867120107;0.9043946862220764;0.16921716928482056;;acercandose
