segundo;landmark_10_x;landmark_10_y;landmark_10_z;landmark_11_x;landmark_11_y;landmark_11_z;landmark_12_x;landmark_12_y;landmark_12_z;landmark_13_x;landmark_13_y;landmark_13_z;landmark_14_x;landmark_14_y;landmark_14_z;landmark_23_x;landmark_23_y;landmark_23_z;landmark_24_x;landmark_24_y;landmark_24_z;landmark_25_x;landmark_25_y;landmark_25_z;landmark_26_x;landmark_26_y;landmark_26_z;cara_prom_x;cara_prom_y;cara_prom_z;mano_izquierda_prom_x;mano_izquierda_prom_y;mano_izquierda_prom_z;mano_derecha_prom_x;mano_derecha_prom_y;mano_derecha_prom_z;pie_izquierdo_prom_x;pie_izquierdo_prom_y;pie_izquierdo_prom_z;pie_derecho_prom_x;pie_derecho_prom_y;pie_derecho_prom_z;;Etiqueta;Vista
0.03;0.48008447885513306;0.353042870759964;-0.1994207203388214;0.5211272239685059;0.4092605412006378;-0.08207157999277115;0.45595255494117737;0.4108947813510895;-0.06624636054039001;0.5289434790611267;0.5023396015167236;-0.04280853271484375;0.4476061761379242;0.5059957504272461;-0.02747730351984501;0.5063363313674927;0.5864196419715881;-0.010671732947230339;0.46937304735183716;0.5835645198822021;0.010631931945681572;0.505847156047821;0.7198323607444763;-0.0018846136517822742;0.4716113209724426;0.7210260629653931;0.0143362982198596;0.4853358864784241;0.332807919383049;-0.20233800262212753;0.5300895422697067;0.6078356206417084;-0.12548359110951424;0.4473171830177307;0.6150201261043549;-0.11838709935545921;0.5001599192619324;0.8609672784805298;0.06980086863040924;0.474625696738561;0.8649987777074178;0.08816438106199105;;vertical;frontal
0.07;0.4800190031528473;0.3530557453632355;-0.21799002587795258;0.5211455821990967;0.4092312157154083;-0.09209690988063812;0.45539167523384094;0.4116640090942383;-0.08589199185371399;0.5289433598518372;0.5035061240196228;-0.043455883860588074;0.44731658697128296;0.5083897709846497;-0.04448718950152397;0.5064647793769836;0.5851661562919617;-0.00803046952933073;0.46938440203666687;0.5835630297660828;0.007971377111971378;0.5053558349609375;0.7203103303909302;0.002838270738720894;0.4718919098377228;0.7221652865409851;0.012921749614179134;0.4853617250919342;0.33288233280181884;-0.22158165127038956;0.5302335917949677;0.6081713885068893;-0.12570985779166222;0.44790390878915787;0.6156343817710876;-0.1287442110478878;0.5002920627593994;0.8617013891537985;0.07139677771677573;0.4753090739250183;0.8653387626012167;0.08684409720202287;;vertical;frontal
0.1;0.4799641966819763;0.353067547082901;-0.2220272570848465;0.5211625099182129;0.40918684005737305;-0.09521813690662384;0.4550336003303528;0.4121161103248596;-0.08918994665145874;0.5289440155029297;0.504030704498291;-0.0444992259144783;0.44714441895484924;0.5095712542533875;-0.047196704894304276;0.5065702795982361;0.5844234228134155;-0.006964213214814663;0.4693901836872101;0.5835612416267395;0.00689921947196126;0.5050662159919739;0.7205010056495667;0.004023709334433079;0.4720652997493744;0.7228060960769653;0.012252005748450756;0.4853805243968964;0.3329445689916611;-0.22574446052312852;0.5303433388471603;0.6083752065896988;-0.12655621208250523;0.44826218485832214;0.6160178631544113;-0.1311035118997097;0.5004149774710337;0.8618690172831217;0.07455624733120203;0.4756787220637004;0.8654502232869467;0.0869839545339346;;vertical;frontal
0.13;0.47995924949645996;0.3531337380409241;-0.22290106117725372;0.5211723446846008;0.40908390283584595;-0.09593252092599869;0.4548528492450714;0.4121975004673004;-0.08987408876419067;0.5289444923400879;0.5045058727264404;-0.044928137212991714;0.4468729496002197;0.5100435018539429;-0.048030219972133636;0.5066182017326355;0.5839918255805969;-0.0063212658278644085;0.4693905711174011;0.5835607647895813;0.006256772205233574;0.5048658847808838;0.7205235362052917;0.005325961392372847;0.47215840220451355;0.7230660915374756;0.011731424368917942;0.48541710078716277;0.3330286741256714;-0.22678136676549912;0.5304256975650787;0.6086204648017883;-0.1267679538577795;0.44846848398447037;0.6162246912717819;-0.1322158370167017;0.5004837910334269;0.8619317213694254;0.07555145180473725;0.475881685813268;0.8655623992284139;0.08673534728586674;;vertical;frontal
0.17;0.4799586534500122;0.35316139459609985;-0.22506439685821533;0.521172821521759;0.4089788794517517;-0.09715339541435242;0.45472976565361023;0.4122171103954315;-0.09185057878494263;0.5289486646652222;0.5047379732131958;-0.04524645581841469;0.4466261565685272;0.5101633071899414;-0.05023444443941116;0.5066254138946533;0.5835621953010559;-0.006153448019176722;0.4693813621997833;0.5835197567939758;0.006088658701628447;0.5046960711479187;0.720566987991333;0.005644558928906918;0.4721910357475281;0.7232493758201599;0.011705068871378899;0.485460963845253;0.3330930918455124;-0.22902626991271974;0.5305042862892151;0.6089154332876205;-0.12680470943450928;0.4486619755625725;0.6163495630025864;-0.13456679694354534;0.5005100866158804;0.8620690902074178;0.07515471304456393;0.4759601950645447;0.8657140135765076;0.0858124711861213;;vertical;frontal
0.2;0.47996413707733154;0.35324186086654663;-0.23158647119998932;0.5211739540100098;0.4089268445968628;-0.10147136449813843;0.45466724038124084;0.4122428894042969;-0.09616079181432724;0.528977632522583;0.5049633383750916;-0.04810656979680061;0.44644761085510254;0.510150671005249;-0.05371779203414917;0.5066140294075012;0.5832117199897766;-0.006124804262071848;0.4693504273891449;0.5834289193153381;0.006060843355953693;0.5044693350791931;0.7205832004547119;0.005373802036046982;0.4721984565258026;0.7233949899673462;0.011761285364627838;0.48552062809467317;0.3332696229219437;-0.2358960837125778;0.5305617153644562;0.6092229634523392;-0.12937384843826294;0.4489262029528618;0.6164630055427551;-0.13820890709757805;0.5005222856998444;0.862067461013794;0.07494639232754707;0.4759742220242818;0.8658127188682556;0.08584428268174331;;vertical;frontal
0.23;0.4799725413322449;0.35353657603263855;-0.23760369420051575;0.5211579203605652;0.40880638360977173;-0.10492660105228424;0.45454078912734985;0.41246524453163147;-0.10030139237642288;0.5289803147315979;0.5051721334457397;-0.05056855082511902;0.4463346004486084;0.5104333758354187;-0.0568985752761364;0.5066142082214355;0.583092451095581;-0.006148124113678932;0.4693509638309479;0.5834205150604248;0.0060857064090669155;0.5042884349822998;0.7206064462661743;0.007108683697879314;0.4721987247467041;0.7234501242637634;0.0124509297311306;0.48558926582336426;0.333648282289505;-0.2419884279370308;0.5306466519832611;0.6096338331699371;-0.13215440325438976;0.4491811767220497;0.6167194843292236;-0.14209735579788685;0.5005476574103037;0.8620060483614603;0.07620453927665949;0.4759970506032308;0.865864078203837;0.08607661848266919;;vertical;frontal
0.27;0.4799721837043762;0.35589829087257385;-0.2475108504295349;0.5211576223373413;0.4088050425052643;-0.11117231845855713;0.45448845624923706;0.4124951660633087;-0.10692828893661499;0.5289790630340576;0.506191611289978;-0.054225679486989975;0.4462726414203644;0.5105029940605164;-0.061574459075927734;0.5066196322441101;0.583047091960907;-0.006066780537366867;0.4693511724472046;0.5834103226661682;0.0060040876269340515;0.5041140913963318;0.720625638961792;0.007758390624076128;0.47220495343208313;0.7234544157981873;0.012954847887158394;0.48561415672302244;0.3353433281183243;-0.2531221732497215;0.530767947435379;0.6104114204645157;-0.13460336066782475;0.4493009224534035;0.6170106381177902;-0.14673429355025291;0.5005469222863516;0.8619903326034546;0.07725479205449422;0.4760181208451589;0.8659065167109171;0.08673793884615104;;vertical;frontal
0.3;0.47998321056365967;0.35936450958251953;-0.26346227526664734;0.5210615396499634;0.40865567326545715;-0.12253118306398392;0.454258531332016;0.41253453493118286;-0.11825726926326752;0.528979480266571;0.5061694979667664;-0.06339715421199799;0.4462115466594696;0.5107334852218628;-0.06906397640705109;0.506525993347168;0.5830565094947815;-0.005944162141531706;0.46929118037223816;0.5834544897079468;0.005879861768335104;0.5039942860603333;0.7206579446792603;0.0080892164260149;0.4722100794315338;0.7234689593315125;0.01395205594599247;0.485646852850914;0.338283908367157;-0.27021609991788864;0.5308938473463058;0.6110837906599045;-0.14356075786054134;0.4493653029203415;0.6173027902841568;-0.1537349857389927;0.5005705455938975;0.8619498809178671;0.07753742734591167;0.476052463054657;0.8659074703852335;0.08782197100420792;;vertical;frontal
0.33;0.4799806773662567;0.3622277081012726;-0.27889928221702576;0.5210191011428833;0.4085756540298462;-0.13602928817272186;0.45408591628074646;0.41275227069854736;-0.13072334229946136;0.5289417505264282;0.5061236023902893;-0.07741706818342209;0.44613611698150635;0.5112883448600769;-0.08025956898927689;0.5063965320587158;0.5830355286598206;-0.00595783581957221;0.4691649079322815;0.583609402179718;0.005892556626349688;0.5039536356925964;0.72063809633255;0.008297475054860115;0.4722083508968353;0.7235245108604431;0.016141269356012344;0.4856374204158783;0.34100578129291537;-0.2864984169602394;0.5309705287218094;0.6114259511232376;-0.15742335096001625;0.4494471698999405;0.6176465600728989;-0.16407042369246483;0.5005894800027212;0.8617786367734274;0.0772328848640124;0.4760819673538208;0.8658615350723267;0.08966674283146858;;inclinandose;frontal
0.37;0.47998303174972534;0.36675533652305603;-0.311052143573761;0.5208858251571655;0.40857723355293274;-0.1596502810716629;0.4536733031272888;0.41420790553092957;-0.1552310585975647;0.5288862586021423;0.5055393576622009;-0.10196374356746674;0.4460531175136566;0.512454092502594;-0.10384801030158997;0.5063261389732361;0.5824476480484009;-0.005854519084095955;0.4690876305103302;0.5835981369018555;0.005788488779217005;0.5038396120071411;0.7204522490501404;0.007468650583177805;0.47221896052360535;0.7235231995582581;0.015969743952155113;0.48565068244934084;0.34531564712524415;-0.31928293108940126;0.5308808982372284;0.6113656014204025;-0.18454938754439354;0.44958681613206863;0.618800014257431;-0.1890263371169567;0.5005976955095927;0.8615840276082357;0.07690799981355667;0.47615357240041095;0.8658007979393005;0.089490565781792;;inclinandose;frontal
0.4;0.4798288941383362;0.37151965498924255;-0.3322124183177948;0.520636260509491;0.4086391031742096;-0.17969910800457;0.45329174399375916;0.4158287048339844;-0.17083072662353516;0.5288218855857849;0.5051931142807007;-0.12193351238965988;0.44579240679740906;0.5132790207862854;-0.11583380401134491;0.5061458945274353;0.581768274307251;-0.005481792613863945;0.4689633846282959;0.5835652947425842;0.005414144601672888;0.5037081837654114;0.7203677296638489;0.007089904509484768;0.47221866250038147;0.7234938144683838;0.012694282457232475;0.48556041717529297;0.3499098509550095;-0.34165593087673185;0.5307281762361526;0.6113721877336502;-0.20024220645427704;0.44976358115673065;0.6195231825113297;-0.19664908573031425;0.5005786518255869;0.8614983558654785;0.07643686669568221;0.4762144883473714;0.8655687769254049;0.08814942091703415;;inclinandose;frontal
0.43;0.47957053780555725;0.37707000970840454;-0.36631861329078674;0.5204340219497681;0.41029495000839233;-0.21513251960277557;0.45284751057624817;0.4171423316001892;-0.19293154776096344;0.5284963846206665;0.5054610371589661;-0.1627807766199112;0.4457736909389496;0.5140720009803772;-0.13165389001369476;0.5060535073280334;0.5795394778251648;-0.005619465839117765;0.46893277764320374;0.582362174987793;0.005555965006351471;0.5037003755569458;0.7198269367218018;-0.0008520660339854658;0.47222620248794556;0.7229855060577393;0.002156826201826334;0.48542821407318115;0.3549393147230148;-0.37713558971881866;0.5303960293531418;0.6122617721557617;-0.2402271330356598;0.4499160423874855;0.6211280524730682;-0.20988189801573753;0.500542571147283;0.8613855838775635;0.06566831461774807;0.476262907187144;0.8654298186302185;0.07622053784628709;;inclinandose;frontal
0.47;0.4793602228164673;0.3837552070617676;-0.38520610332489014;0.5202455520629883;0.4124932587146759;-0.23270884156227112;0.45248350501060486;0.41793498396873474;-0.20885422825813293;0.5280453562736511;0.5080334544181824;-0.17857757210731506;0.44592031836509705;0.516182005405426;-0.14605839550495148;0.5057541131973267;0.5780041813850403;-0.00568279018625617;0.46891647577285767;0.5808334350585938;0.005620887968689203;0.5036987662315369;0.7194446921348572;-0.0007104937685653567;0.4722420573234558;0.7225590348243713;0.0022414750419557095;0.48520034551620483;0.3616557359695435;-0.3980518072843552;0.5289523899555206;0.616930216550827;-0.25156937167048454;0.4501045122742653;0.6249082386493683;-0.22433746606111526;0.5004335741202036;0.8613515297571818;0.06541965925134718;0.47627269228299457;0.8653852740923563;0.0767824084808429;;inclinandose;frontal
0.5;0.4791306257247925;0.39279353618621826;-0.40679919719696045;0.5197777152061462;0.41762521862983704;-0.24918773770332336;0.4522649347782135;0.4232212007045746;-0.22808435559272766;0.5269003510475159;0.5137036442756653;-0.19903641939163208;0.4460262656211853;0.5226357579231262;-0.16977559030056;0.5052345395088196;0.5777386426925659;-0.005710899364203215;0.46892350912094116;0.5804237723350525;0.005648690741509199;0.5036750435829163;0.7193155288696289;-0.0015635110903531313;0.4722352921962738;0.7218469381332397;0.0007011426496319473;0.4849770784378052;0.36940665543079376;-0.4197204738855362;0.5272510796785355;0.6222377270460129;-0.27266180515289307;0.45080021768808365;0.6293345242738724;-0.24923693016171455;0.5004049440224966;0.8612155119578043;0.06497162215722103;0.47631627321243286;0.8651538888613383;0.07663989315430324;;inclinandose;frontal
0.53;0.478450208902359;0.4034956693649292;-0.42371806502342224;0.519280195236206;0.4221307039260864;-0.2596715986728668;0.45227885246276855;0.4274039566516876;-0.24754191935062408;0.5261986255645752;0.5205099582672119;-0.2160824090242386;0.447022020816803;0.5282880663871765;-0.20221911370754242;0.5045249462127686;0.5766529440879822;-0.005632492713630199;0.4688868224620819;0.5794471502304077;0.005583711434155703;0.5036460161209106;0.7187836766242981;-0.008341086097061634;0.47212958335876465;0.7213976979255676;-4,07E+11;0.484421306848526;0.38161976635456085;-0.43815797865390776;0.5266091376543045;0.6299711465835571;-0.2898317649960518;0.4529311954975128;0.6357819586992264;-0.2877291366457939;0.5004044969876608;0.8611295024553934;0.05221898232897123;0.4762932260831197;0.8650084932645162;0.07017588568851352;;inclinandose;frontal
0.57;0.47843027114868164;0.4141804277896881;-0.45136091113090515;0.5187422037124634;0.42681291699409485;-0.27804088592529297;0.4517325162887573;0.4352028965950012;-0.2655643820762634;0.5256806015968323;0.525822103023529;-0.2359425574541092;0.44780880212783813;0.5350314378738403;-0.21635769307613373;0.503861129283905;0.5722322463989258;-0.0055866544134914875;0.46885770559310913;0.5756281614303589;0.005551470443606377;0.5036019086837769;0.7169932126998901;-0.014818957075476646;0.47210386395454407;0.7203160524368286;-0.005484635941684246;0.48436151444911957;0.39283344745635984;-0.4660474509000778;0.5256650894880295;0.6374970525503159;-0.312855064868927;0.45484717190265656;0.6461714059114456;-0.3007204309105873;0.5004138648509979;0.861027201016744;0.04460024026532968;0.4762842655181885;0.8647448023160299;0.06259313086047769;;inclinandose;frontal
0.6;0.47783541679382324;0.42751485109329224;-0.45101848244667053;0.5185415148735046;0.4370817244052887;-0.28399789333343506;0.45069992542266846;0.443921834230423;-0.2609020173549652;0.5248490571975708;0.5332357287406921;-0.2407863736152649;0.4490578770637512;0.5415173768997192;-0.2005622237920761;0.5038105845451355;0.572836697101593;-0.006962338928133249;0.4690572917461395;0.5752789974212646;0.006979737430810928;0.503607451915741;0.7154852747917175;-0.02108888328075409;0.47208353877067566;0.7198497653007507;-0.008987907320261002;0.4840128690004349;0.406021311879158;-0.46748696863651273;0.5243542045354843;0.6446834355592728;-0.31918324530124664;0.4557313770055771;0.6523976922035217;-0.28313005715608597;0.500561793645223;0.8603242039680481;0.037511164943377175;0.47620347142219543;0.8644169767697653;0.05765412716815869;;inclinandose;frontal
0.63;0.47785869240760803;0.4398540258407593;-0.46181949973106384;0.5185256004333496;0.44488200545310974;-0.2982389032840729;0.4505327343940735;0.451911985874176;-0.27106985449790955;0.5243433713912964;0.5411633849143982;-0.2622976005077362;0.4501594603061676;0.5467458963394165;-0.21407273411750793;0.5037659406661987;0.5712898969650269;-0.008537212386727333;0.46918371319770813;0.5727838277816772;0.008590689860284328;0.5037005543708801;0.7138717174530029;-0.02763867750763893;0.4720257818698883;0.7158238291740417;-0.007578787859529257;0.48400464951992034;0.4191193789243698;-0.4790916800498962;0.5233699828386307;0.6544692814350128;-0.3402913734316826;0.45661840587854385;0.6620176285505295;-0.2973950281739235;0.5008069972197214;0.8594422737757365;0.03019395222266515;0.4760994811852773;0.863665779431661;0.059237307558457054;;inclinandose;frontal
0.67;0.47786733508110046;0.4525826573371887;-0.46894964575767517;0.5176275372505188;0.45523232221603394;-0.3072246313095093;0.45058202743530273;0.4606180787086487;-0.2832757234573364;0.5231518745422363;0.552096962928772;-0.2745756208896637;0.4499915540218353;0.5528553128242493;-0.2339840978384018;0.5032362341880798;0.5714944005012512;-0.008994661271572113;0.4692772328853607;0.5728086233139038;0.009052063338458538;0.5038257241249084;0.7136797308921814;-0.0330897755920887;0.4720253050327301;0.7120673060417175;-0.0104612335562706;0.4838971883058548;0.43395771086215973;-0.48674684166908266;0.5228566080331802;0.6650723218917847;-0.34737543761730194;0.4565078616142273;0.6703370809555054;-0.31671393662691116;0.501073400179545;0.8588660756746928;0.022657041748364765;0.4760115146636963;0.8628069957097372;0.053829192804793514;;inclinandose;frontal
0.7;0.4775601029396057;0.4679804742336273;-0.47542843222618103;0.5168716907501221;0.46596547961235046;-0.31151556968688965;0.4506262242794037;0.4688945710659027;-0.2950213551521301;0.5211080312728882;0.5690092444419861;-0.27646902203559875;0.449871301651001;0.5618649125099182;-0.24988488852977753;0.5029268264770508;0.5718057751655579;-0.008838068693876266;0.46938157081604004;0.5726636648178101;0.00891091674566269;0.5040000081062317;0.7133244872093201;-0.0441703125834465;0.4728458821773529;0.7100703120231628;-0.022245723754167557;0.4834626168012619;0.44981067776679995;-0.4941166341304779;0.5210344940423965;0.6809185147285461;-0.3411680907011032;0.4587859958410263;0.6781756430864334;-0.32742873579263687;0.50120281179746;0.8586962620417277;0.003544041266043981;0.4758569399515788;0.8624529838562012;0.030180140088001888;;inclinandose;frontal
0.73;0.4775247871875763;0.48196402192115784;-0.4844219386577606;0.5168603658676147;0.4781283736228943;-0.31241074204444885;0.4503794312477112;0.482148677110672;-0.3071100413799286;0.5194340348243713;0.5845505595207214;-0.2775713801383972;0.4499596953392029;0.5815309882164001;-0.2718133330345154;0.5016115307807922;0.5714345574378967;-0.006720709148794413;0.46891456842422485;0.571276843547821;0.006795885972678661;0.5047627687454224;0.7114551067352295;-0.043064918369054794;0.4739285111427307;0.7080796957015991;-0.02535441890358925;0.4832846224308014;0.46528148353099824;-0.502131998538971;0.5198236703872681;0.6946145743131638;-0.3407457396388054;0.4611974433064461;0.6944895088672638;-0.3476811349391937;0.5012014806270599;0.858655571937561;0.0037195769449075065;0.47574205199877423;0.8623926639556885;0.024111688137054443;;inclinandose;frontal
0.77;0.4778670072555542;0.4972913861274719;-0.49376171827316284;0.5169108510017395;0.49084049463272095;-0.31581705808639526;0.45032310485839844;0.4951731562614441;-0.32090696692466736;0.519446849822998;0.5946933627128601;-0.28319793939590454;0.45006927847862244;0.5964988470077515;-0.29482394456863403;0.5003604292869568;0.5711464285850525;-0.005007757805287838;0.4677276909351349;0.5698893666267395;0.0050710225477814674;0.5044767260551453;0.7081015110015869;-0.03845086693763733;0.4747384488582611;0.7085827589035034;-0.019872058182954788;0.48344874382019043;0.4804162740707397;-0.5096351712942123;0.5193049013614655;0.7040011882781982;-0.3461754098534584;0.4620320498943329;0.7044723629951477;-0.3673271909356117;0.5009668072064718;0.8591969013214111;0.012349811693032583;0.4758337438106537;0.8623384038607279;0.03367064272363981;;inclinandose;frontal
0.8;0.4780355989933014;0.5119724869728088;-0.47334882616996765;0.5169293880462646;0.5049613118171692;-0.3067860007286072;0.45036470890045166;0.5069798231124878;-0.30835503339767456;0.5185641646385193;0.6117743253707886;-0.26779502630233765;0.45059219002723694;0.61431884765625;-0.2743191719055176;0.5000112652778625;0.5705669522285461;-0.005062243435531855;0.46654582023620605;0.565632164478302;0.005119028501212597;0.5043125748634338;0.7071699500083923;-0.04137609526515007;0.4749334156513214;0.7082173824310303;-0.01760857179760933;0.48362373411655424;0.4954815596342087;-0.48948451280593874;0.5179848372936249;0.7195597589015961;-0.32718486338853836;0.46425914764404297;0.7155239880084991;-0.3357689380645752;0.5002991159756979;0.8593181173006693;-0.0021569660554329553;0.47567663590113324;0.8625493248303732;0.021928701549768448;;inclinandose;frontal
0.83;0.47802358865737915;0.5272494554519653;-0.47756895422935486;0.5164352059364319;0.517784595489502;-0.304369181394577;0.45047885179519653;0.5125240683555603;-0.31259968876838684;0.5173937082290649;0.6236068606376648;-0.2557447850704193;0.45068153738975525;0.6222845315933228;-0.2673054337501526;0.49907299876213074;0.5590728521347046;-0.004845154006034136;0.46429118514060974;0.550095796585083;0.004913773387670517;0.502331018447876;0.70098477602005;-0.04556149244308472;0.4747791588306427;0.7034185528755188;-0.0191817507147789;0.4835690587759018;0.5140768527984619;-0.4953023731708527;0.5170810967683792;0.7322291284799576;-0.2981080338358879;0.4646386504173279;0.7256955802440643;-0.3243172690272331;0.4995940029621124;0.8592674136161804;-0.007818397134542465;0.4756963054339091;0.862706204255422;0.007994502782821655;;inclinandose;frontal
0.87;0.4777166545391083;0.5407849550247192;-0.4715458154678345;0.51585853099823;0.529199481010437;-0.3020513355731964;0.45076698064804077;0.5216072201728821;-0.3071548640727997;0.5165345668792725;0.6341636776924133;-0.25297069549560547;0.45154184103012085;0.6287873983383179;-0.2596777379512787;0.49873268604278564;0.5509296655654907;-0.004837119951844215;0.46371397376060486;0.545781672000885;0.004913635551929474;0.49924734234809875;0.6971194744110107;-0.048323146998882294;0.47431766986846924;0.6982754468917847;-0.02294812723994255;0.4834454983472824;0.5277710378170013;-0.4897727996110916;0.5153073221445084;0.7425775974988937;-0.2926376983523369;0.4646429196000099;0.7376970946788788;-0.318294458091259;0.4985068043073018;0.8578926722208658;-0.013078627487023672;0.4751879076162974;0.8624143004417419;0.00344036395351092;;inclinandose;frontal
0.9;0.477921724319458;0.5553733110427856;-0.46511149406433105;0.5139829516410828;0.5374210476875305;-0.30056193470954895;0.4512649178504944;0.5364538431167603;-0.30073729157447815;0.5139325857162476;0.6480904221534729;-0.25913873314857483;0.4528721272945404;0.6447784900665283;-0.25560277700424194;0.498295396566391;0.5534528493881226;-0.004810902290046215;0.46349284052848816;0.5475965142250061;0.004891380202025175;0.4986262321472168;0.6981504559516907;-0.058211710304021835;0.47427991032600403;0.7002031207084656;-0.02454656921327114;0.483869668841362;0.5433554410934448;-0.48333550095558164;0.5136726647615433;0.7546083182096481;-0.30201220512390137;0.4649724066257477;0.7475343346595764;-0.3159658834338188;0.498383363087972;0.8598104317982992;-0.027246443011487525;0.4750288724899292;0.8629777431488037;-0.0013959500938653946;;inclinandose;frontal
0.93;0.4780254662036896;0.5664843320846558;-0.46291813254356384;0.5125536918640137;0.5472623109817505;-0.2988126873970032;0.45195791125297546;0.5444766879081726;-0.296244353055954;0.513121485710144;0.6565563678741455;-0.25556516647338867;0.45373931527137756;0.6542685627937317;-0.25099992752075195;0.4982506334781647;0.5556643009185791;-0.004715959541499615;0.46368831396102905;0.5488772988319397;0.004811974707990885;0.49822714924812317;0.6992281675338745;-0.059063781052827835;0.4742795526981354;0.7005123496055603;-0.028367510065436363;0.4838475525379181;0.5546428978443145;-0.4809711158275604;0.5136770159006119;0.7636484950780869;-0.29978761821985245;0.4645950049161911;0.7550553679466248;-0.3104798346757889;0.49777938922246295;0.8616462349891663;-0.027819704342012603;0.47518041729927063;0.8648550709088644;-0.004286022235949834;;inclinandose;frontal
0.97;0.4778142273426056;0.5787414312362671;-0.4511798918247223;0.51237553358078;0.5591790676116943;-0.29705968499183655;0.4527207016944885;0.5533588528633118;-0.28923699259757996;0.5129399299621582;0.6663884520530701;-0.25389790534973145;0.45451533794403076;0.6573898792266846;-0.23494087159633636;0.4979672431945801;0.5576795935630798;-0.0042678299359977245;0.46344640851020813;0.5525725483894348;0.004378929268568754;0.49731507897377014;0.6980306506156921;-0.060162611305713654;0.4742218852043152;0.6975571513175964;-0.03854476660490036;0.48381311893463136;0.5671718537807464;-0.47044897377490996;0.513034999370575;0.7715439945459366;-0.2989090830087662;0.46470145881175995;0.7619867026805878;-0.29111289978027344;0.49762722849845886;0.8605857094128927;-0.03317556293526044;0.4753911892573039;0.8653659820556641;-0.017681405569116276;;inclinandose;frontal
1.0;0.4775940477848053;0.583626925945282;-0.4563787877559662;0.5118485689163208;0.5623555779457092;-0.3031364381313324;0.4527263641357422;0.5608731508255005;-0.2936815917491913;0.5128330588340759;0.6680898666381836;-0.2672908306121826;0.45447543263435364;0.6620103120803833;-0.24433378875255585;0.49820104241371155;0.558905839920044;-0.00427956273779273;0.46352508664131165;0.554377019405365;0.0043896278366446495;0.4971398115158081;0.6987653970718384;-0.06525452435016632;0.4735816717147827;0.6972433924674988;-0.04120783880352974;0.48332011699676514;0.5739121556282043;-0.4757456868886948;0.5127781927585602;0.7764404863119125;-0.3170959800481796;0.46472740173339844;0.7700998485088348;-0.2959635630249977;0.49763814608256024;0.8617851535479227;-0.038098082256813846;0.4756114383538564;0.8655738234519958;-0.0153786800801754;;inclinandose;frontal
1.03;0.4768390357494354;0.585736095905304;-0.4701526463031769;0.5111755132675171;0.5643541812896729;-0.3150201737880707;0.4526922106742859;0.5651772022247314;-0.3020380735397339;0.5112974643707275;0.6701334714889526;-0.27794748544692993;0.45469650626182556;0.6649221777915955;-0.25024914741516113;0.4990908205509186;0.5582369565963745;-0.004330859985202551;0.4635651111602783;0.5533055663108826;0.004445955622941256;0.4972790777683258;0.6991631388664246;-0.05910947546362877;0.4729454815387726;0.6968955993652344;-0.036538008600473404;0.48201929330825805;0.5789217948913574;-0.4897298187017441;0.511790856719017;0.7790357321500778;-0.3214211240410805;0.4646144509315491;0.7734863609075546;-0.29864124208688736;0.4977363546689351;0.8622974753379822;-0.02602050608644883;0.475543349981308;0.8653730352719625;-0.004650515814622243;;inclinandose;frontal
1.07;0.4764457643032074;0.5909945964813232;-0.4626580476760864;0.5109094381332397;0.5712518692016602;-0.3093583583831787;0.45267558097839355;0.5714433789253235;-0.2998678386211395;0.5101355314254761;0.6709943413734436;-0.263483464717865;0.4558677077293396;0.6674415469169617;-0.2365625500679016;0.49910596013069153;0.5584943294525146;-0.0035232347436249256;0.46362242102622986;0.5529003739356995;0.003636189503595233;0.4974769055843353;0.6993244290351868;-0.05514103174209595;0.47175562381744385;0.6970622539520264;-0.03418556973338127;0.48138519525527956;0.5847734272480011;-0.48189246356487275;0.5114436745643616;0.778472974896431;-0.2899123504757881;0.4645221158862114;0.7776968330144882;-0.2807687371969223;0.49774330854415894;0.8620907465616862;-0.023534708345929783;0.47532323996225995;0.8641816775004069;-0.0003370332221190135;;inclinandose;frontal
1.1;0.476321816444397;0.5931928157806396;-0.4719814360141754;0.5106784701347351;0.5739287734031677;-0.3145243525505066;0.4526597857475281;0.5737699270248413;-0.3065427243709564;0.509736180305481;0.6779899001121521;-0.2683136463165283;0.45630577206611633;0.6681690812110901;-0.2503686845302582;0.49913477897644043;0.5587259531021118;-0.0030464145820587873;0.4636942744255066;0.5529102683067322;0.003165721893310547;0.4975984990596771;0.6994491219520569;-0.04629245400428772;0.4716910123825073;0.697303056716919;-0.02876017987728119;0.4811757206916809;0.5868289053440094;-0.4913890242576599;0.5114444643259048;0.7799084186553955;-0.29350584745407104;0.4644182026386261;0.7803124487400055;-0.28349821269512177;0.4972262680530548;0.8617987235387167;0.0014926008880138397;0.4754561285177867;0.8621211846669515;0.016761669268210728;;inclinandose;frontal
1.13;0.476197212934494;0.5889167785644531;-0.4701480269432068;0.5104225873947144;0.5697488784790039;-0.31028619408607483;0.45241376757621765;0.5693185329437256;-0.30325210094451904;0.5102142691612244;0.6754818558692932;-0.26453718543052673;0.45608052611351013;0.6644645929336548;-0.2503369152545929;0.4985484778881073;0.5594472289085388;-0.0029176922980695963;0.4632970094680786;0.5532162189483643;0.003032095031812787;0.4973505139350891;0.69966059923172;-0.04168495535850525;0.47159379720687866;0.6976022720336914;-0.022014345973730087;0.4810206234455109;0.581140547990799;-0.48934141397476194;0.5114697068929672;0.7790789604187012;-0.29327915608882904;0.4643690809607506;0.7779565155506134;-0.290307454764843;0.4971930483977;0.8618534803390503;0.005385277171929677;0.47510724266370136;0.8616008361180624;0.022833803047736485;;inclinandose;frontal
1.17;0.47546055912971497;0.5890777111053467;-0.43556761741638184;0.5103500485420227;0.5664199590682983;-0.28761690855026245;0.4517900347709656;0.567671537399292;-0.28495293855667114;0.5105522274971008;0.6725580096244812;-0.24672900140285492;0.45592981576919556;0.6642147302627563;-0.2378917932510376;0.49775025248527527;0.5629810690879822;-0.0031776591204106808;0.46287211775779724;0.5568416714668274;0.0032727632205933332;0.49694859981536865;0.6998153328895569;-0.04179267957806587;0.47160881757736206;0.6976901292800903;-0.022250670939683914;0.48080527484416963;0.5779901444911957;-0.45350508391857147;0.5112640112638474;0.7749941349029541;-0.28724025934934616;0.46420420706272125;0.7739194631576538;-0.28469619154930115;0.4972561101118724;0.8622555136680603;-0.011012983818848928;0.474650373061498;0.8618923425674438;0.01584703226884206;;inclinandose;frontal
1.2;0.4751785099506378;0.5841512084007263;-0.4415856897830963;0.5101441144943237;0.562420129776001;-0.2897079885005951;0.45171377062797546;0.5625380873680115;-0.28706684708595276;0.510780930519104;0.6683681607246399;-0.2487710565328598;0.4557928442955017;0.6612309217453003;-0.24392254650592804;0.4968022108078003;0.5641213655471802;-0.0039145261980593204;0.46225506067276;0.5577706694602966;0.0039907461032271385;0.4964699149131775;0.6980341672897339;-0.0569009855389595;0.4716775417327881;0.6965439319610596;-0.03120366856455803;0.4808346897363663;0.5722575068473816;-0.4591338723897934;0.5113120675086975;0.7718180119991302;-0.29006092995405197;0.4634331092238426;0.770847275853157;-0.2939938083291054;0.49734095732371014;0.8616952896118164;-0.03648121158281962;0.4745907386144002;0.8619494239489237;-0.0063498591383298235;;inclinandose;frontal
1.23;0.47576481103897095;0.5816231966018677;-0.44301119446754456;0.5100713968276978;0.5612972378730774;-0.2917078733444214;0.45142942667007446;0.5601708292961121;-0.29733455181121826;0.5111377239227295;0.6671934723854065;-0.2499614804983139;0.45538631081581116;0.6590219736099243;-0.2657316327095032;0.4959503710269928;0.5672856569290161;-0.0026936475187540054;0.46068263053894043;0.5587185025215149;0.0027594726998358965;0.4963552951812744;0.6983708739280701;-0.06155526265501976;0.47164592146873474;0.6969404220581055;-0.037926867604255676;0.48154682815074923;0.56878821849823;-0.4631149560213089;0.5114227682352066;0.7698793709278107;-0.292108915746212;0.4618016555905342;0.7691919654607773;-0.3196679502725601;0.4974606732527415;0.8615198135375977;-0.040194311179220676;0.47444913784662884;0.8633397618929545;-0.020738752869268257;;inclinandose;frontal
1.27;0.4762546718120575;0.5649673342704773;-0.4414558708667755;0.5101311206817627;0.5472953915596008;-0.29081279039382935;0.45142948627471924;0.5492182374000549;-0.29702478647232056;0.5115084648132324;0.6514794826507568;-0.25010380148887634;0.4549736976623535;0.655302107334137;-0.261123389005661;0.4951402544975281;0.5728011727333069;-0.002738403854891658;0.46076929569244385;0.5649392604827881;0.002801191760227084;0.49660682678222656;0.7015007138252258;-0.06081366539001465;0.47182944416999817;0.6996491551399231;-0.030306510627269745;0.4819381028413773;0.5513590216636658;-0.45861063003540037;0.5116684138774872;0.7578402906656265;-0.29149129986763;0.46118374913930893;0.7617635428905487;-0.313828207552433;0.49766581257184345;0.8598783612251282;-0.032367571111535653;0.4741563101609548;0.8636969129244486;-0.01117876668771108;;inclinandose;frontal
1.3;0.476371705532074;0.5465441346168518;-0.43708646297454834;0.5102503299713135;0.5372580289840698;-0.28666841983795166;0.45047345757484436;0.5376573801040649;-0.2942555546760559;0.5122593641281128;0.6388488411903381;-0.2484821081161499;0.4527891278266907;0.6434614062309265;-0.25775715708732605;0.4944334626197815;0.5816614031791687;-0.0027741685044020414;0.4605453312397003;0.5721006393432617;0.002832187572494149;0.49697020649909973;0.7073178887367249;-0.05287257581949234;0.47178176045417786;0.7041639685630798;-0.025709286332130432;0.4819818168878555;0.5311629891395568;-0.45239485800266266;0.5124785900115967;0.7418708652257919;-0.2836481109261513;0.45989687740802765;0.7484751492738724;-0.3059088960289955;0.49765458703041077;0.8592799107233683;-0.02743308510010441;0.47413303454717;0.8639002442359924;-0.00642557255923748;;inclinandose;frontal
1.33;0.47644931077957153;0.5290573239326477;-0.4624546766281128;0.5104002952575684;0.5228875279426575;-0.29723861813545227;0.4494732916355133;0.519736647605896;-0.3084118962287903;0.5133357048034668;0.6259154677391052;-0.26079362630844116;0.45080509781837463;0.6248485445976257;-0.27754855155944824;0.4943031370639801;0.5845485329627991;-0.0028051058761775494;0.46065905690193176;0.5774521231651306;0.002857543295249343;0.4971925914287567;0.7122703194618225;-0.03083566203713417;0.4717845618724823;0.7110384702682495;-0.00701780803501606;0.48207658529281616;0.5116629153490067;-0.47651245892047883;0.5131428241729736;0.7312530279159546;-0.30063779652118683;0.45861241966485977;0.7350849211215973;-0.3280775472521782;0.49762339393297833;0.8579902847607931;0.017432205379009247;0.47412654757499695;0.8637863794962565;0.03638885356485844;;inclinandose;frontal
1.37;0.47643396258354187;0.5078557729721069;-0.4683425724506378;0.5107273459434509;0.506161630153656;-0.30907565355300903;0.44884753227233887;0.5025596618652344;-0.3084891438484192;0.5134492516517639;0.6079116463661194;-0.2815036475658417;0.44900840520858765;0.6091519594192505;-0.28103700280189514;0.49439260363578796;0.5842997431755066;-0.00444841617718339;0.46196675300598145;0.5814887881278992;0.0044967918656766415;0.49832409620285034;0.7160583734512329;-0.03131109103560448;0.472178190946579;0.710016667842865;-0.008531521074473858;0.4819556772708893;0.48971729874610903;-0.4835730314254761;0.5132995396852493;0.716267392039299;-0.3350379168987274;0.45774246752262115;0.7183438092470169;-0.3429788574576378;0.4977396825949351;0.8571655750274658;0.017120160162448883;0.4740721980730693;0.8625784118970236;0.04608652119835218;;inclinandose;frontal
1.4;0.4757404327392578;0.4905882179737091;-0.4817657172679901;0.5107541084289551;0.491585910320282;-0.31926119327545166;0.44809654355049133;0.4923442006111145;-0.3123877942562103;0.5142761468887329;0.5965926051139832;-0.2928522825241089;0.44579553604125977;0.595037043094635;-0.28224462270736694;0.4957321584224701;0.5867605209350586;-0.0035881269723176956;0.4634755253791809;0.5879301428794861;0.003668795106932521;0.4987926781177521;0.7201821804046631;-0.02295708656311035;0.4724336564540863;0.7104530334472656;-0.021274445578455925;0.48159113228321077;0.47181330621242523;-0.4983583003282547;0.5134570598602295;0.7032359391450882;-0.3547013998031616;0.45654624700546265;0.7039189785718918;-0.3564586266875267;0.4984028438727061;0.8564857045809428;0.05037178968389829;0.47407908240954083;0.8615081707636515;0.052492089259127774;;inclinandose;frontal
1.43;0.4756203889846802;0.47355109453201294;-0.4719921052455902;0.5107741355895996;0.4808841049671173;-0.31442368030548096;0.4475692808628082;0.48000478744506836;-0.30531740188598633;0.5162903666496277;0.5889998078346252;-0.2897648811340332;0.4440862834453583;0.5832318663597107;-0.28171786665916443;0.49742698669433594;0.5859769582748413;-0.004544843919575214;0.4646797776222229;0.5883772373199463;0.0046331132762134075;0.49878326058387756;0.719804048538208;-0.029082950204610825;0.47211387753486633;0.7115519642829895;-0.0292035024613142;0.4813020467758179;0.4547082453966141;-0.48858404755592344;0.5130341947078705;0.6895601898431778;-0.3530033379793167;0.45633409917354584;0.689135953783989;-0.3419494479894638;0.49872467915217084;0.8565157055854797;0.03127136453986168;0.4739260673522949;0.8612832625706991;0.04349174785117308;;inclinandose;frontal
1.47;0.4752223491668701;0.4557088613510132;-0.46870148181915283;0.5111644268035889;0.4738451838493347;-0.3122944235801697;0.44722846150398254;0.4699062407016754;-0.2971961796283722;0.5177119374275208;0.5785991549491882;-0.28249391913414;0.44359469413757324;0.5755593180656433;-0.2767793536186218;0.4984593391418457;0.5870528817176819;-0.004933273419737816;0.4646948575973511;0.5891543626785278;0.004991115070879459;0.4988704323768616;0.7215832471847534;-0.020958473905920982;0.47087588906288147;0.7175645232200623;-0.012235525995492935;0.4810355305671692;0.4356828898191452;-0.4825931370258331;0.5128631740808487;0.678901880979538;-0.3519202992320061;0.455879807472229;0.6785792410373688;-0.34088440239429474;0.4987327456474304;0.8570936520894369;0.05301621028532585;0.4734291930993398;0.8626508315404257;0.07161412077645461;;inclinandose;frontal
1.5;0.47517648339271545;0.4394305944442749;-0.4513090252876282;0.5111724734306335;0.45750701427459717;-0.2954443693161011;0.44732195138931274;0.45632845163345337;-0.28351935744285583;0.5195309519767761;0.5620812773704529;-0.27798694372177124;0.4419756531715393;0.5616713166236877;-0.2567014694213867;0.49924159049987793;0.5858420729637146;-0.005920885130763054;0.46465885639190674;0.5878486037254333;0.005945649463683367;0.4995788037776947;0.7198964953422546;-0.020239446312189102;0.47028228640556335;0.7179456949234009;-0.00929323025047779;0.48097747266292573;0.41911396384239197;-0.46419879198074343;0.5126755833625793;0.6656467020511627;-0.34746118634939194;0.45578134059906006;0.6661644726991653;-0.3358296751976013;0.49875346819559735;0.8572983145713806;0.04145716751615206;0.47303242484728497;0.8628872235616049;0.06452812886952113;;inclinandose;frontal
1.53;0.4748300015926361;0.4228213429450989;-0.4281497597694397;0.5115119814872742;0.45056360960006714;-0.27730682492256165;0.4471548795700073;0.44435739517211914;-0.2726973295211792;0.5202171206474304;0.5537922382354736;-0.2555946707725525;0.440463125705719;0.5511858463287354;-0.24951189756393433;0.4996538460254669;0.5853186845779419;-0.006166795734316111;0.4647639989852905;0.5882593989372253;0.006162160541862249;0.4996865689754486;0.7192525863647461;-0.018559515476226807;0.46937182545661926;0.7219415903091431;0.011269603855907917;0.4805990129709244;0.40137899518013;-0.4398864030838013;0.5123715847730637;0.6535055190324783;-0.33632929623126984;0.45565133541822433;0.6546721458435059;-0.32709890604019165;0.4987216591835022;0.8572455445925394;0.04616934868196646;0.47289609909057617;0.8629634380340576;0.08733039163053036;;inclinandose;frontal
1.57;0.47419610619544983;0.4061336815357208;-0.3953661024570465;0.5116232633590698;0.44052836298942566;-0.25640058517456055;0.4470597803592682;0.437035471200943;-0.24364636838436127;0.5208960175514221;0.543196439743042;-0.23340144753456116;0.43916553258895874;0.5429611802101135;-0.21537743508815765;0.4996800720691681;0.586106538772583;-0.008239361457526684;0.4647124707698822;0.5896607041358948;0.008199143223464489;0.4996959865093231;0.7204836010932922;-0.022154662758111954;0.4682542681694031;0.7255127429962158;0.01550761517137289;0.4803296744823456;0.3856798201799393;-0.4061559557914734;0.5118425637483597;0.6420812904834747;-0.3052487224340439;0.4555073752999306;0.6469278335571289;-0.28701482713222504;0.4986815055211385;0.8577913840611776;0.03585015485684077;0.47255096832911175;0.86358243227005;0.08056225441396236;;inclinandose;frontal
1.6;0.47420981526374817;0.3912413716316223;-0.3636761009693146;0.511832594871521;0.43263182044029236;-0.2231939435005188;0.44690993428230286;0.4298556447029114;-0.21633584797382355;0.5214208364486694;0.5361996293067932;-0.19264020025730133;0.4385665953159332;0.5335824489593506;-0.18682880699634552;0.499620646238327;0.5874993205070496;-0.00856977142393589;0.46468862891197205;0.5917671322822571;0.008530396968126297;0.49968963861465454;0.7218914031982422;-0.011390150524675846;0.4681844115257263;0.7277256846427917;0.017439236864447594;0.4803755432367325;0.3716471254825592;-0.37272716760635377;0.5118370801210403;0.6344470530748367;-0.2648374103009701;0.4549879729747772;0.6377521306276321;-0.2631606310606003;0.4986342787742615;0.8593287070592245;0.049853233310083546;0.4725155731042226;0.8661325176556905;0.08708772559960683;;inclinandose;frontal
1.63;0.47424352169036865;0.38019129633903503;-0.33550041913986206;0.5119091868400574;0.4272086024284363;-0.19793568551540375;0.44665905833244324;0.42847374081611633;-0.1923815757036209;0.5217106342315674;0.5288228392601013;-0.16572555899620056;0.4384244382381439;0.5311850309371948;-0.16143454611301422;0.49979186058044434;0.5888746380805969;-0.00838339515030384;0.46468666195869446;0.5936111211776733;0.008347713388502598;0.49967893958091736;0.7243263125419617;0.0006872450467199087;0.4680944085121155;0.7289572954177856;0.01982533186674118;0.4804357558488846;0.36100507974624635;-0.3431142896413803;0.5119933038949966;0.6264371424913406;-0.24016014486551285;0.45458414405584335;0.634089857339859;-0.23988126963377;0.4986536105473836;0.8611982067426046;0.06651886086910963;0.4725107749303182;0.8675253589948019;0.09280464674035709;;inclinandose;frontal
1.67;0.47442907094955444;0.37408310174942017;-0.3057570457458496;0.5120182633399963;0.42481622099876404;-0.1693788319826126;0.4465130865573883;0.4256633520126343;-0.1693139225244522;0.5217518210411072;0.5226364135742188;-0.13050556182861328;0.4380071461200714;0.526940107345581;-0.1374228596687317;0.4997953474521637;0.5898340344429016;-0.007924708537757397;0.4646042287349701;0.5939799547195435;0.00785752758383751;0.4996427893638611;0.7275038957595825;0.0017616378609091043;0.46802034974098206;0.7311174869537354;0.02460840903222561;0.48063253462314603;0.3535903751850128;-0.31208395659923555;0.5128025263547897;0.6213490515947342;-0.21013780310750008;0.4536076784133911;0.6276509612798691;-0.2192860282957554;0.4981156686941783;0.8640536069869995;0.08122390322387218;0.4725536008675893;0.8682273626327515;0.10760415842135747;;inclinandose;frontal
1.7;0.47473978996276855;0.36586883664131165;-0.27749738097190857;0.512021541595459;0.418732225894928;-0.14501172304153442;0.4464566111564636;0.422693133354187;-0.1468898504972458;0.5219610333442688;0.5185918211936951;-0.10037174075841904;0.4375970661640167;0.5238877534866333;-0.1141352728009224;0.4997800886631012;0.5904350280761719;-0.007369601167738438;0.4644600749015808;0.5940160155296326;0.007279626093804836;0.49950727820396423;0.7279183268547058;0.006475622765719891;0.4676520526409149;0.7314218282699585;0.025493349879980087;0.480817636847496;0.34671659767627716;-0.28255757689476013;0.5134752243757248;0.617690697312355;-0.17854873463511467;0.4527191147208214;0.6212492883205414;-0.19906974583864212;0.4979569613933563;0.8651722272237142;0.0897790938615799;0.47256702184677124;0.8683810830116272;0.11167407656709354;;inclinandose;frontal
1.73;0.4749237298965454;0.36109504103660583;-0.2782321870326996;0.5120466351509094;0.4150982201099396;-0.14400680363178253;0.4464792311191559;0.4195422828197479;-0.1473802924156189;0.5222331285476685;0.513755738735199;-0.09989845752716064;0.43735814094543457;0.5205247402191162;-0.11692759394645691;0.49979597330093384;0.589970588684082;-0.007087700068950653;0.4641854763031006;0.5931515097618103;0.00698365131393075;0.499301016330719;0.727491557598114;0.005045430269092321;0.4670948088169098;0.7304872870445251;0.024584535509347916;0.4809306561946869;0.34210545718669894;-0.28307882249355315;0.51402148604393;0.613419309258461;-0.18000352382659912;0.45230668038129807;0.619256854057312;-0.20250186696648598;0.49778982996940613;0.8660323222478231;0.08299545633296172;0.47253407041231793;0.8685925801595052;0.1048854539791743;;inclinandose;frontal
1.77;0.47504308819770813;0.3585188090801239;-0.24609076976776123;0.512098491191864;0.41379207372665405;-0.11643189191818237;0.44649139046669006;0.4197680652141571;-0.121151402592659;0.5220913887023926;0.5124316215515137;-0.07333923876285553;0.43680864572525024;0.5200423002243042;-0.09482712298631668;0.49983271956443787;0.5896956920623779;-0.006644787732511759;0.4639261066913605;0.5927508473396301;0.006537752691656351;0.4992961287498474;0.7272581458091736;0.004019083455204964;0.46684566140174866;0.7300901412963867;0.019932862371206284;0.48096508383750913;0.3389771103858948;-0.2488609418272972;0.5145572423934937;0.6107504963874817;-0.15393733978271484;0.4518224969506264;0.6176673173904419;-0.18212734535336494;0.49770740667978924;0.8665505051612854;0.07568716257810593;0.472567747036616;0.8694706360499064;0.09494130065043767;;inclinandose;frontal
1.8;0.4750722050666809;0.3561941087245941;-0.21663972735404968;0.5123146772384644;0.4109829366207123;-0.09164547175168991;0.4465678632259369;0.418982595205307;-0.09001974761486053;0.5220544934272766;0.5086035132408142;-0.04944968968629837;0.4369165301322937;0.5176135301589966;-0.06212014704942703;0.4999268352985382;0.5895747542381287;-0.00667109340429306;0.46382656693458557;0.5927106142044067;0.006573962047696114;0.4992923438549042;0.7269931435585022;0.0030760911758989096;0.4668216407299042;0.7300509214401245;0.017690468579530716;0.48097210228443144;0.336609411239624;-0.21876588761806487;0.5149719268083572;0.608803004026413;-0.13575979322195053;0.4514360576868057;0.6155932247638702;-0.15454837679862976;0.49770817160606384;0.8671491146087646;0.0723296832293272;0.47263044118881226;0.8700644969940186;0.0911410724123319;;inclinandose;frontal
1.83;0.4751203656196594;0.3556891977787018;-0.20664802193641663;0.5128896236419678;0.4096035063266754;-0.08257444947957993;0.4468345046043396;0.41802558302879333;-0.0800609141588211;0.5222459435462952;0.5078489780426025;-0.04142310842871666;0.4368446171283722;0.5161672234535217;-0.0524415522813797;0.5001285076141357;0.5904053449630737;-0.006663479842245579;0.4638194739818573;0.5933170318603516;0.006568089593201876;0.49931249022483826;0.7280486822128296;0.003810533322393894;0.4668671190738678;0.7310885190963745;0.016561293974518776;0.4809680849313736;0.33549236357212064;-0.2086326763033867;0.5156524032354355;0.6078337132930756;-0.1289545390754938;0.4509543627500534;0.6152163594961166;-0.14525125548243523;0.49777443210283917;0.8676185210545858;0.07975532300770283;0.4726567467053731;0.8704477349917094;0.0948462908466657;;vertical;frontal
1.87;0.47512659430503845;0.35602131485939026;-0.20268100500106812;0.5132143497467041;0.40875837206840515;-0.07987300306558609;0.4476470947265625;0.41688627004623413;-0.07575324922800064;0.522830605506897;0.5055931210517883;-0.039908140897750854;0.4368758201599121;0.5133418440818787;-0.046684760600328445;0.500248372554779;0.590630829334259;-0.0064730471931397915;0.46379366517066956;0.5932822823524475;0.00639003561809659;0.49953222274780273;0.728852391242981;0.004729618318378925;0.4669126570224762;0.731909990310669;0.015761956572532654;0.48094668686389924;0.3355468392372131;-0.20521357655525208;0.516205832362175;0.6077521294355392;-0.12925966270267963;0.45039257407188416;0.6151376068592072;-0.13863884657621384;0.49781250953674316;0.8683205445607504;0.07608525454998016;0.47264764706293744;0.8712873061498007;0.09264326343933742;;vertical;frontal
1.9;0.4751458168029785;0.3568730056285858;-0.19901476800441742;0.5133742690086365;0.4074499011039734;-0.07537936419248581;0.4480949938297272;0.41636398434638977;-0.07413354516029358;0.5231097340583801;0.5030032396316528;-0.03422831371426582;0.4370269775390625;0.513606071472168;-0.04506874829530716;0.500551164150238;0.5905845165252686;-0.00606239028275013;0.4638259708881378;0.5932012796401978;0.005996102467179298;0.4997352063655853;0.728929877281189;0.0046795872040092945;0.46692222356796265;0.7323516607284546;0.013228149153292179;0.48096068799495695;0.3360995024442673;-0.2014414057135582;0.5168094784021378;0.6082559376955032;-0.12326980382204056;0.4495766758918762;0.616204634308815;-0.1355665847659111;0.4978623290856679;0.8696092168490092;0.0746330488473177;0.4726429482301076;0.8723902901013693;0.08464386438330014;;vertical;frontal
1.93;0.47515377402305603;0.3568938970565796;-0.1931324154138565;0.513399600982666;0.40792855620384216;-0.07239624857902527;0.44825616478919983;0.4171012043952942;-0.0665971040725708;0.5234071016311646;0.5022572875022888;-0.0318361259996891;0.43711626529693604;0.5149372220039368;-0.03547019511461258;0.500740110874176;0.5906619429588318;-0.006131876725703478;0.46395736932754517;0.5931180119514465;0.006073598749935627;0.49979299306869507;0.728897750377655;0.0033532651141285896;0.4669583737850189;0.732483446598053;0.012844976037740707;0.4809648960828781;0.33622736036777495;-0.1950642630457878;0.517994299530983;0.6098457425832748;-0.12152493745088577;0.44885774701833725;0.6174478381872177;-0.1288371179252863;0.4978619118531545;0.8700454235076904;0.07268519047647715;0.47266533970832825;0.8728650808334351;0.08575216742853324;;vertical;frontal
1.97;0.4750555455684662;0.3565128445625305;-0.1964750587940216;0.5135071873664856;0.4092521071434021;-0.07771497964859009;0.4486692547798157;0.41782981157302856;-0.06734731793403625;0.5237419009208679;0.5033215880393982;-0.03921883925795555;0.43758127093315125;0.5166111588478088;-0.0333724282681942;0.5008163452148438;0.5908213257789612;-0.006127206142991781;0.4640405476093292;0.5930545926094055;0.006069746799767017;0.49993255734443665;0.7292066216468811;0.0026763936039060354;0.4669840931892395;0.7327659130096436;0.012015413492918015;0.48091394901275636;0.33604793548583983;-0.19859746247529983;0.5186069756746292;0.6121157109737396;-0.12860333546996117;0.4480677396059036;0.6194951236248016;-0.1267510149627924;0.49791058897972107;0.8709330956141154;0.07192725874483585;0.4726785322030385;0.8735719919204712;0.08653066493570805;;vertical;frontal
2.0;0.47489675879478455;0.35768792033195496;-0.21391113102436066;0.513756275177002;0.4106059670448303;-0.09239838272333145;0.44898295402526855;0.4180482029914856;-0.08259039372205734;0.523780882358551;0.5051843523979187;-0.05008441582322121;0.43819788098335266;0.5179215669631958;-0.045287322252988815;0.5008331537246704;0.5908369421958923;-0.006119219120591879;0.4640418291091919;0.5929450988769531;0.006060334388166666;0.4999997615814209;0.7295801043510437;0.0023336608428508043;0.4670078754425049;0.7333356738090515;0.0118669793009758;0.48082274198532104;0.33743593096733093;-0.21735086888074875;0.5197167247533798;0.6137454509735107;-0.1354259680956602;0.4471328631043434;0.6207473427057266;-0.1358497589826584;0.49790345629056293;0.8714216550191244;0.07156828232109547;0.4726894696553548;0.873836358388265;0.08721707823375861;;vertical;frontal
2.03;0.4748553931713104;0.3583311438560486;-0.22160659730434418;0.5141235589981079;0.41161423921585083;-0.10023412108421326;0.44916510581970215;0.4187508523464203;-0.08983483165502548;0.523765504360199;0.5066525936126709;-0.058516841381788254;0.43895772099494934;0.5177395343780518;-0.051618486642837524;0.5007833242416382;0.5909737944602966;-0.006305713672190905;0.4640253782272339;0.5928905606269836;0.006242583971470594;0.5001025795936584;0.7299245595932007;0.002083936706185341;0.4671103358268738;0.7336891889572144;0.012944639660418034;0.4807632118463516;0.3386673480272293;-0.2251965269446373;0.5204589068889618;0.6147042661905289;-0.1415375992655754;0.4462379068136215;0.6219716519117355;-0.13872305490076542;0.4979032675425212;0.873381773630778;0.07125234014044206;0.47262970606486004;0.8746229807535807;0.08910584387679894;;vertical;frontal
2.07;0.4748419523239136;0.3585287630558014;-0.22011259198188782;0.5143594741821289;0.41243669390678406;-0.1002754345536232;0.449350506067276;0.4193950593471527;-0.08954255282878876;0.5237762928009033;0.5076439380645752;-0.057571783661842346;0.4399857521057129;0.5183555483818054;-0.050375621765851974;0.500778079032898;0.591121256351471;-0.006305865943431854;0.4640234410762787;0.5928541421890259;0.0062424298375844955;0.5001236796379089;0.7301480174064636;0.002176893875002861;0.46721071004867554;0.7338721752166748;0.013081648387014866;0.4807553946971893;0.33933042287826537;-0.2232576698064804;0.5213480442762375;0.6150195747613907;-0.1394858080893755;0.4452228471636772;0.6227203160524368;-0.13633105903863907;0.497889906167984;0.8746644457181295;0.07055575307458639;0.47256914774576825;0.8750439882278442;0.08912375755608082;;vertical;frontal
2.1;0.474843293428421;0.35857152938842773;-0.21327826380729675;0.5145949721336365;0.4129745662212372;-0.09450040757656097;0.449442982673645;0.41975268721580505;-0.08503814041614532;0.5238164067268372;0.5081245303153992;-0.05171528458595276;0.44063737988471985;0.5187439322471619;-0.0464896634221077;0.500782310962677;0.5915406346321106;-0.006029769312590361;0.46402209997177124;0.5928746461868286;0.0059600044041872025;0.5001175999641418;0.7304308414459229;0.0023007774725556374;0.46730637550354004;0.7341707944869995;0.012222378514707088;0.48077834248542783;0.3397787809371948;-0.215903902053833;0.5218574106693268;0.6155841052532196;-0.13493997044861317;0.4446580111980438;0.6233192831277847;-0.13317168317735195;0.4978511134783427;0.875609556833903;0.07026610213021438;0.47253601749738056;0.8754367232322693;0.08837366600831349;;vertical;frontal
2.13;0.47484469413757324;0.3588606119155884;-0.21016712486743927;0.5148619413375854;0.41327381134033203;-0.09155238419771194;0.4496288299560547;0.420078307390213;-0.08221785724163055;0.5238152742385864;0.5082107186317444;-0.049239132553339005;0.44107329845428467;0.5190390944480896;-0.044102299958467484;0.5007815957069397;0.5918670892715454;-0.00581933930516243;0.46400901675224304;0.5928807854652405;0.005747197195887566;0.5000919103622437;0.7308070659637451;0.0021898478735238314;0.46742507815361023;0.7344105243682861;0.011559453792870045;0.4808139234781265;0.34014362990856173;-0.21307198852300643;0.522089034318924;0.616459533572197;-0.13324661552906036;0.4440808445215225;0.623834952712059;-0.13142416067421436;0.4978227913379669;0.8762670556704203;0.07005288110425074;0.4725260337193807;0.8757989406585693;0.0883150255928437;;vertical;frontal
2.17;0.4748653173446655;0.3592405915260315;-0.20522207021713257;0.5151598453521729;0.41349348425865173;-0.08681745082139969;0.4499063789844513;0.42031130194664;-0.07753141224384308;0.5238072872161865;0.5086931586265564;-0.04547658935189247;0.4412356913089752;0.5193104147911072;-0.04059365391731262;0.5007625222206116;0.5922439098358154;-0.005734403617680073;0.46390604972839355;0.5928720831871033;0.005663971416652203;0.5000516772270203;0.7313235402107239;0.0019564018584787846;0.46745210886001587;0.734588086605072;0.010413650423288345;0.4808792740106583;0.34050633311271666;-0.20817406773567199;0.5221784114837646;0.6173103600740433;-0.13017418049275875;0.44360245019197464;0.6242190897464752;-0.12905591167509556;0.497731477022171;0.8769972721735636;0.06700540442640583;0.4724932511647542;0.8765344023704529;0.08613712216416995;;vertical;frontal
2.2;0.4750158488750458;0.35950422286987305;-0.21125739812850952;0.5154738426208496;0.41384708881378174;-0.09080284833908081;0.4501185417175293;0.42049893736839294;-0.08305665850639343;0.5238562822341919;0.5111221671104431;-0.04840363562107086;0.4413696825504303;0.5200231075286865;-0.046591196209192276;0.5007675290107727;0.5924766659736633;-0.005438813474029303;0.4638964533805847;0.5928868651390076;0.005366710014641285;0.5000475645065308;0.7319391369819641;0.0019008697709068656;0.46748000383377075;0.734722912311554;0.009653222747147083;0.4811288118362427;0.34077857434749603;-0.21420292407274247;0.5223629325628281;0.6186267733573914;-0.1320433672517538;0.4434249550104141;0.6252690404653549;-0.13424385711550713;0.4976658225059509;0.8777896761894226;0.06605963036417961;0.47248851259549457;0.8773660262425741;0.08414419554173946;;vertical;frontal
2.23;0.47534704208374023;0.3597509264945984;-0.21324113011360168;0.5157839059829712;0.4145858585834503;-0.09195179492235184;0.4503161907196045;0.42123347520828247;-0.0853106901049614;0.5240577459335327;0.5129191875457764;-0.04839324951171875;0.44161084294319153;0.5214900374412537;-0.049135878682136536;0.5007839202880859;0.5929237604141235;-0.005394432693719864;0.46389663219451904;0.5930032134056091;0.005321430508047342;0.5000450015068054;0.7330725789070129;0.0018605589866638184;0.4675011932849884;0.7350192666053772;0.009640282951295376;0.48151813447475433;0.3409967631101608;-0.21591257452964782;0.5226428359746933;0.6195033490657806;-0.13126731850206852;0.44355323165655136;0.626980260014534;-0.1365846861153841;0.49764833847681683;0.8784332076708475;0.0650709536857903;0.4725222686926524;0.8778661092122396;0.0834600708136956;;vertical;frontal
2.27;0.47587257623672485;0.35992664098739624;-0.2144736647605896;0.5161401033401489;0.41562917828559875;-0.09285459667444229;0.45052093267440796;0.42249515652656555;-0.08647599071264267;0.5243561863899231;0.5141090154647827;-0.04969675466418266;0.4421272575855255;0.5232433080673218;-0.05035856366157532;0.5008285045623779;0.5936857461929321;-0.00538156321272254;0.463940292596817;0.5934588313102722;0.005308558698743582;0.5000501275062561;0.7340021133422852;0.0034442911855876446;0.4675542414188385;0.7355881929397583;0.009808637201786041;0.48199307918548584;0.3411380499601364;-0.21701085567474365;0.5229769796133041;0.6205092370510101;-0.13339666835963726;0.44370435923337936;0.6292105168104172;-0.13790736347436905;0.4976356228192647;0.8789094289143881;0.06514319117801885;0.4725525875886281;0.8788672288258871;0.08277310679356258;;vertical;frontal
2.3;0.47626474499702454;0.36006373167037964;-0.2154313176870346;0.5165071487426758;0.4171440005302429;-0.09361603856086731;0.45074233412742615;0.42388466000556946;-0.08765224367380142;0.5246610641479492;0.5152689218521118;-0.05090399459004402;0.4425043761730194;0.5252174735069275;-0.051459360867738724;0.5009436011314392;0.5943899750709534;-0.00528963515534997;0.4640597701072693;0.594152569770813;0.005214885342866182;0.5000484585762024;0.7342627048492432;0.0050050741992890835;0.4676957130432129;0.7360355257987976;0.010000606998801231;0.48232313692569734;0.34127973914146426;-0.21806667000055313;0.5233088433742523;0.621565967798233;-0.1345108188688755;0.4437849223613739;0.6316924095153809;-0.13846299052238464;0.4976227780183156;0.879426101843516;0.06475580118906994;0.4726523558298747;0.8797089656194051;0.0817244400580724;;vertical;frontal
2.33;0.4767896831035614;0.36016348004341125;-0.21228329837322235;0.516864538192749;0.4182523190975189;-0.09187360852956772;0.45143184065818787;0.42422401905059814;-0.08708862215280533;0.5251619815826416;0.5167954564094543;-0.048197727650403976;0.44325345754623413;0.5255554914474487;-0.051051992923021317;0.5011537075042725;0.5952743291854858;-0.00499276677146554;0.4642618000507355;0.5948331356048584;0.004915403202176094;0.5001028776168823;0.7344309687614441;0.005809416063129902;0.4678575098514557;0.7363462448120117;0.009887175634503365;0.4827479928731918;0.34138946533203124;-0.21426352858543396;0.5237687975168228;0.6227906942367554;-0.13046433217823505;0.44385339319705963;0.6324177533388138;-0.13680638745427132;0.49761470158894855;0.8800132075945536;0.06496301332178216;0.47270819544792175;0.8803728818893433;0.0810896431406339;;vertical;frontal
2.37;0.47738146781921387;0.3602682054042816;-0.20772415399551392;0.5171220302581787;0.4188525080680847;-0.0874582901597023;0.4519558548927307;0.424304336309433;-0.08387821912765503;0.5254486203193665;0.5178207159042358;-0.04321371018886566;0.4438415467739105;0.5257264375686646;-0.0486602745950222;0.501522958278656;0.5958808064460754;-0.004803746473044157;0.4647047519683838;0.5955871343612671;0.004727539606392384;0.5001975297927856;0.7351265549659729;0.005799128208309412;0.46806591749191284;0.737061619758606;0.009191552177071571;0.4832701772451401;0.34176077544689176;-0.20967765599489213;0.5241868644952774;0.6237349808216095;-0.1259752158075571;0.44391296058893204;0.6324088126420975;-0.13472791574895382;0.4975775182247162;0.8808653354644775;0.06434767817457517;0.47274474302927655;0.8812010685602824;0.07850878747800986;;vertical;frontal
2.4;0.4777123034000397;0.36067190766334534;-0.20780743658542633;0.5174559354782104;0.4195556342601776;-0.08743520081043243;0.452404260635376;0.42434701323509216;-0.08328074961900711;0.5255809426307678;0.5183543562889099;-0.043219201266765594;0.44430112838745117;0.525891125202179;-0.04857567697763443;0.5018590688705444;0.5963220000267029;-0.004847247153520584;0.46512413024902344;0.5961309671401978;0.004771722946316004;0.5002615451812744;0.7357901930809021;0.005672181490808725;0.46821072697639465;0.7374489903450012;0.009234736673533916;0.4835716009140015;0.34232241213321685;-0.21005518287420272;0.5246118903160095;0.6244306266307831;-0.1256016343832016;0.44426479190588;0.6324164867401123;-0.13486880622804165;0.4975661337375641;0.8816071152687073;0.06298652640543878;0.47278276085853577;0.8816710313161215;0.07843834596375625;;vertical;frontal
2.43;0.4780697822570801;0.36134713888168335;-0.20988890528678894;0.5177680850028992;0.41998809576034546;-0.0890401229262352;0.4526384770870209;0.4246412515640259;-0.08554722368717194;0.5258663892745972;0.5191525816917419;-0.04449894279241562;0.4447467625141144;0.5264198184013367;-0.05047021433711052;0.5023061633110046;0.5968526601791382;-0.005005646497011185;0.46568405628204346;0.5967661142349243;0.0049296109937131405;0.5002829432487488;0.7364584803581238;0.0056150322780013084;0.468378484249115;0.7379980087280273;0.010905547067523003;0.4838787168264389;0.3430537521839142;-0.21225204318761826;0.5247584283351898;0.6256675869226456;-0.12746931612491608;0.4444984272122383;0.632597029209137;-0.13643895089626312;0.49756236871083576;0.8820156852404276;0.06316791156617303;0.47279906272888184;0.8819521069526672;0.07936401913563411;;vertical;frontal
2.47;0.4784034788608551;0.36198166012763977;-0.21013161540031433;0.5180453062057495;0.42016804218292236;-0.08910118788480759;0.4527457654476166;0.4252949059009552;-0.08587678521871567;0.5260904431343079;0.5192157030105591;-0.045560311526060104;0.44515666365623474;0.5273549556732178;-0.050496771931648254;0.5026901960372925;0.5972268581390381;-0.00522760022431612;0.4662230610847473;0.597312867641449;0.005153211764991283;0.5004202723503113;0.7372598648071289;0.005516512785106897;0.46847620606422424;0.7386821508407593;0.011589808389544487;0.48416379988193514;0.3437286585569382;-0.21256452053785324;0.5249777138233185;0.6260675340890884;-0.1284902486950159;0.44504816830158234;0.6327295452356339;-0.13667292334139347;0.4975653092066447;0.882694661617279;0.06270306184887886;0.4728989203770955;0.882256805896759;0.07964879522720973;;vertical;frontal
2.5;0.4786719083786011;0.36244311928749084;-0.21095094084739685;0.5183088779449463;0.4202251434326172;-0.08983823657035828;0.45292165875434875;0.42613083124160767;-0.08536797016859055;0.5263280272483826;0.519221842288971;-0.04625497758388519;0.4455171525478363;0.5283674001693726;-0.049359291791915894;0.5031305551528931;0.5977373123168945;-0.005444949027150869;0.4667472541332245;0.5980192422866821;0.0053731538355350494;0.5006778836250305;0.7382756471633911;0.005553526803851128;0.46870318055152893;0.739356279373169;0.012683272361755371;0.4844386428594589;0.34423371255397794;-0.2134070634841919;0.5251558572053909;0.6263221204280853;-0.128895727917552;0.44560640305280685;0.6328268051147461;-0.13631256483495235;0.49762363235155743;0.8832781314849854;0.06394990137778223;0.4729798436164856;0.8827208479245504;0.08230810115734737;;vertical;frontal
2.53;0.4788946211338043;0.36271893978118896;-0.21128515899181366;0.5184767246246338;0.42046114802360535;-0.09024157375097275;0.4531022608280182;0.4270203709602356;-0.08539395034313202;0.5265969038009644;0.5193160772323608;-0.04667361453175545;0.4457477927207947;0.5290753841400146;-0.04875490814447403;0.5032910108566284;0.5981701016426086;-0.005445128306746483;0.4669691026210785;0.5985115766525269;0.005373369436711073;0.5009828805923462;0.7392200827598572;0.005585757549852133;0.4689190089702606;0.7400082349777222;0.012781505472958088;0.48468692898750304;0.3445169687271118;-0.21379189640283586;0.5252806544303894;0.6267039179801941;-0.12979532964527607;0.4458962678909302;0.6329343020915985;-0.13581342063844204;0.49772722522417706;0.8835210601488749;0.06626150384545326;0.4730886419614156;0.8830561439196268;0.08454850067694981;;vertical;frontal
2.57;0.4789726436138153;0.3631742298603058;-0.21452097594738007;0.5185737013816833;0.4207596182823181;-0.09253104031085968;0.4532870054244995;0.428379625082016;-0.08697918057441711;0.5268471837043762;0.519473671913147;-0.04793396592140198;0.44601988792419434;0.5296650528907776;-0.04910045862197876;0.5033858418464661;0.5985327959060669;-0.005446796305477619;0.4671182334423065;0.598994255065918;0.005374868866056204;0.5010970234870911;0.7397243976593018;0.005782174412161112;0.46910613775253296;0.7407103776931763;0.013116715475916862;0.4847589373588562;0.34511047303676606;-0.2171250283718109;0.525373712182045;0.6270008087158203;-0.13155849277973175;0.4460945799946785;0.6331975013017654;-0.1360194217413664;0.49787136912345886;0.884009063243866;0.06631256081163883;0.4731980363527934;0.8836314479509989;0.08486787788569927;;vertical;frontal
2.6;0.47908535599708557;0.3638046979904175;-0.21455349028110504;0.5186934471130371;0.42136088013648987;-0.09289723634719849;0.4534837603569031;0.4299270808696747;-0.08637925982475281;0.5271070003509521;0.5197417140007019;-0.04889848828315735;0.4462687075138092;0.5301862955093384;-0.047741591930389404;0.5037323832511902;0.599016010761261;-0.005844587925821543;0.46750226616859436;0.5994741916656494;0.005775068886578083;0.5012277364730835;0.7403239607810974;0.005124717019498348;0.46933919191360474;0.7411724925041199;0.013554702512919903;0.4849181056022644;0.3458577960729599;-0.21716417372226715;0.5255418866872787;0.6271477490663528;-0.13415152579545975;0.44623736292123795;0.6333542317152023;-0.13456532545387745;0.49800243973731995;0.884979764620463;0.06463145092129707;0.47336114446322125;0.8844355344772339;0.0849143626789252;;vertical;frontal
2.63;0.47916895151138306;0.3645595908164978;-0.21174855530261993;0.518735945224762;0.4219382107257843;-0.09130555391311646;0.45376625657081604;0.4318148195743561;-0.08180872350931168;0.5274170637130737;0.5198844075202942;-0.048186082392930984;0.4466771185398102;0.5308575630187988;-0.04302224889397621;0.5041921138763428;0.5996704697608948;-0.006087091285735369;0.4679699242115021;0.6001489162445068;0.006022532936185598;0.5015398859977722;0.7408552169799805;0.003906732425093651;0.46976906061172485;0.741467297077179;0.013580220751464367;0.4850552320480347;0.3466085731983185;-0.21396846175193787;0.5255676805973053;0.6272212415933609;-0.13399228639900684;0.44631461054086685;0.6336899846792221;-0.13115564547479153;0.49820006887118023;0.8852516412734985;0.06448596521901588;0.4737212558587392;0.8849706848462423;0.0858431737869978;;vertical;frontal
2.67;0.47932714223861694;0.3653435707092285;-0.2117127776145935;0.5187789797782898;0.4223119616508484;-0.09110980480909348;0.45408815145492554;0.43278589844703674;-0.08172604441642761;0.5275993943214417;0.519997239112854;-0.048112768679857254;0.4470851421356201;0.5316130518913269;-0.042769867926836014;0.5046426653862;0.6002057790756226;-0.006079090293496847;0.46840205788612366;0.6007930040359497;0.006015182007104158;0.5019341707229614;0.7411479353904724;0.0031176258344203234;0.47015342116355896;0.7417258620262146;0.01286714244633913;0.48526041209697723;0.3472947239875793;-0.21390366405248643;0.5256387144327164;0.6272905021905899;-0.1340846884995699;0.4463825523853302;0.6342458575963974;-0.13088050857186317;0.4984686275323232;0.8855774402618408;0.06483424121203522;0.47404678662618;0.8853814204533895;0.08574568169812362;;vertical;frontal
2.7;0.4795016944408417;0.3659682869911194;-0.2141536921262741;0.5188897848129272;0.4227985739707947;-0.0933331847190857;0.4543576240539551;0.4339158236980438;-0.0840766653418541;0.5277845859527588;0.5202741026878357;-0.049554213881492615;0.4473392963409424;0.532759964466095;-0.043720223009586334;0.5048324465751648;0.6006407141685486;-0.0060686953365802765;0.46859312057495117;0.6012335419654846;0.006004594266414642;0.5023851990699768;0.741542398929596;0.002590032061561942;0.4705219864845276;0.7421295642852783;0.012480685487389565;0.48540887534618377;0.34790452420711515;-0.21630477160215378;0.5256908386945724;0.6278180778026581;-0.1342090219259262;0.4464467838406563;0.6354285776615143;-0.1314092669636011;0.4988177716732025;0.8856999476750692;0.06472930079326034;0.4743280013402303;0.8856330712636312;0.08488048364718755;;vertical;frontal
2.73;0.47958725690841675;0.3671288788318634;-0.21912451088428497;0.5190730094909668;0.42323172092437744;-0.0977383553981781;0.45461562275886536;0.4348875880241394;-0.0879182368516922;0.5279417037963867;0.5206753611564636;-0.05323769152164459;0.4475720226764679;0.5341091156005859;-0.0471830740571022;0.50501948595047;0.600928008556366;-0.0062156240455806255;0.4688270092010498;0.6015265583992004;0.006150275934487581;0.5027119517326355;0.7420558333396912;0.002432140288874507;0.4708095192909241;0.7425448894500732;0.012866437435150146;0.4854731023311615;0.3490094393491745;-0.2218277171254158;0.5257343351840973;0.6284346878528595;-0.13628077134490013;0.44662484526634216;0.6365783512592316;-0.13374685309827328;0.4992769459883372;0.8858388264973959;0.06458386685699224;0.4746521810690562;0.8861089944839478;0.08484928247829278;;vertical;frontal
2.77;0.47965604066848755;0.36795395612716675;-0.22329065203666687;0.5193114876747131;0.4242313802242279;-0.10188513249158859;0.45483309030532837;0.4356277585029602;-0.09302309900522232;0.5280710458755493;0.5218464732170105;-0.05717942491173744;0.4477044641971588;0.5348579287528992;-0.052129242569208145;0.505138099193573;0.6011965870857239;-0.0062119001522660255;0.46894824504852295;0.6019381880760193;0.0061456626281142235;0.5029664039611816;0.7426113486289978;0.0028961128555238247;0.47107186913490295;0.7431126236915588;0.01320692803710699;0.48553977012634275;0.34990161955356597;-0.22619464248418808;0.525807648897171;0.629044234752655;-0.13900626450777054;0.4467606022953987;0.6373626887798309;-0.13615896925330162;0.4997393687566121;0.8864161968231201;0.06406432172904412;0.47488417228062946;0.8864359656969706;0.0846481906871001;;vertical;frontal
2.8;0.47981786727905273;0.3686975836753845;-0.2236609160900116;0.5196563601493835;0.4251190721988678;-0.10280907154083252;0.4550183415412903;0.43634048104286194;-0.09368328005075455;0.5282413959503174;0.5225765109062195;-0.058450374752283096;0.4478357136249542;0.535715639591217;-0.05308800935745239;0.5054388046264648;0.6015554070472717;-0.006236677523702383;0.46918585896492004;0.6024172306060791;0.006169113330543041;0.5032821297645569;0.7431837320327759;0.002898654667660594;0.4714280962944031;0.7437019348144531;0.013293060474097729;0.4856999754905701;0.35070116221904757;-0.22665057331323624;0.5258122086524963;0.6297857314348221;-0.14050774462521076;0.44692739844322205;0.6380515098571777;-0.13680803030729294;0.49990446368853253;0.8873848716417948;0.06111791161917305;0.47512444853782654;0.8870902061462402;0.08304494991898537;;vertical;frontal
2.83;0.4798322021961212;0.36932626366615295;-0.22281813621520996;0.5198900699615479;0.42567697167396545;-0.10174287110567093;0.45518532395362854;0.4366592466831207;-0.0925208330154419;0.5283961892127991;0.5230560898780823;-0.05740971863269806;0.4479391574859619;0.5358216762542725;-0.05082559958100319;0.5056236982345581;0.6018478274345398;-0.0062349415384233;0.46929046511650085;0.6027634739875793;0.006167375948280096;0.5035918354988098;0.743404746055603;0.0024199041072279215;0.47170209884643555;0.7443875670433044;0.012595321983098984;0.48574829995632174;0.35147678256034853;-0.22618169337511063;0.525808572769165;0.6304198652505875;-0.14016825146973133;0.44713805615901947;0.638086274266243;-0.13408987782895565;0.4999319116274516;0.8877817988395691;0.05865304032340646;0.47537194689114887;0.8875287969907125;0.07882154112060864;;vertical;frontal
2.87;0.47993335127830505;0.36991211771965027;-0.2219461053609848;0.5201283693313599;0.4263758957386017;-0.10100075602531433;0.4554274082183838;0.43715065717697144;-0.09194811433553696;0.5284312963485718;0.5239084362983704;-0.05684299394488335;0.4480748772621155;0.5364206433296204;-0.05097215250134468;0.5057182908058167;0.6024681329727173;-0.006232214625924826;0.46936774253845215;0.6033616662025452;0.00616493821144104;0.5037847757339478;0.7438053488731384;0.0023555862717330456;0.4718681871891022;0.7450379133224487;0.012347426265478134;0.48588372468948365;0.35209271013736726;-0.22511298656463624;0.5258371531963348;0.6310098022222519;-0.13977438025176525;0.4475102499127388;0.6382828205823898;-0.13506012968719006;0.5000126163164774;0.8881704409917196;0.05868369915212194;0.4755198260148366;0.8882665038108826;0.07743692646423976;;vertical;frontal
2.9;0.4801824986934662;0.37054282426834106;-0.21923314034938812;0.5204152464866638;0.42686524987220764;-0.10015376657247543;0.45573940873146057;0.43737179040908813;-0.08915035426616669;0.5285762548446655;0.5245630145072937;-0.056459106504917145;0.4481615126132965;0.5367671251296997;-0.04989083856344223;0.5057998299598694;0.603173553943634;-0.006313208490610123;0.46946462988853455;0.604045033454895;0.006248006131500006;0.503970742225647;0.7445462942123413;0.0015168749960139394;0.4719824492931366;0.7458397150039673;0.012186267413198948;0.48613390028476716;0.3526926338672638;-0.2223620146512985;0.5258535593748093;0.6316937059164047;-0.13974074460566044;0.4479144960641861;0.6384430825710297;-0.13491475023329258;0.5001237789789835;0.8891066312789917;0.05749282240867615;0.4757879475752513;0.8886841336886088;0.0776494840780894;;vertical;frontal
2.93;0.480455219745636;0.3711507022380829;-0.21636822819709778;0.520702600479126;0.4273279011249542;-0.09935780614614487;0.45613256096839905;0.43762025237083435;-0.08601976186037064;0.5288469195365906;0.5250350832939148;-0.056348055601119995;0.4482855200767517;0.5369030833244324;-0.04803505912423134;0.506015419960022;0.6037459969520569;-0.006667458452284336;0.46962058544158936;0.6045555472373962;0.006607139948755503;0.5043643116950989;0.7447635531425476;-0.0016115528997033834;0.4720201790332794;0.7460689544677734;0.012042079120874405;0.4863506019115448;0.35324178636074066;-0.219343926012516;0.5258834213018417;0.6321677416563034;-0.13972828350961208;0.44851431250572205;0.6385591179132462;-0.13359192200005054;0.5002418657143911;0.8895307183265686;0.05247297137975693;0.47591184576352435;0.8890703121821085;0.07569632617135842;;vertical;frontal
2.97;0.4809017479419708;0.37158340215682983;-0.2178998738527298;0.5210459232330322;0.4275561571121216;-0.10181429982185364;0.4566187560558319;0.43798351287841797;-0.08669308573007584;0.5292825698852539;0.525151252746582;-0.060117367655038834;0.4484112560749054;0.537217915058136;-0.048834722489118576;0.5062535405158997;0.604275107383728;-0.0074061620980501175;0.4697355329990387;0.6049421429634094;0.00734717259183526;0.5048827528953552;0.7451170086860657;-0.002235000254586339;0.47210970520973206;0.7464933395385742;0.014115534722805023;0.4866835534572601;0.3536271631717682;-0.2211516782641411;0.5259408950805664;0.6327448189258575;-0.1416829638183117;0.4491449147462845;0.6391221731901169;-0.13408670388162136;0.500506987174352;0.8901123603185018;0.05239517241716385;0.47615520159403485;0.8893887797991434;0.07765796904762585;;vertical;frontal
3.0;0.4813558757305145;0.37206751108169556;-0.21638654172420502;0.5213231444358826;0.4278118312358856;-0.10131610929965973;0.45700332522392273;0.43809664249420166;-0.08450492471456528;0.5296890735626221;0.5253193974494934;-0.06057468801736832;0.4484887719154358;0.5373657941818237;-0.04635852575302124;0.5065498352050781;0.6051092147827148;-0.008310490287840366;0.46986353397369385;0.6054619550704956;0.008257982321083546;0.5052991509437561;0.7459489703178406;-0.00382539932616055;0.4722335636615753;0.7474204897880554;0.01491849310696125;0.4871323943138123;0.35403632521629336;-0.21969604939222337;0.5260016024112701;0.6333986073732376;-0.14344980381429195;0.44957026094198227;0.639385923743248;-0.13276121579110622;0.5010723173618317;0.8907125989596049;0.05077199793110291;0.47637595733006793;0.8900603254636129;0.07876467270155747;;vertical;frontal
3.03;0.4819602966308594;0.37416353821754456;-0.20688539743423462;0.5218531489372253;0.42780113220214844;-0.09467961639165878;0.4572902321815491;0.43805283308029175;-0.07578073441982269;0.5303023457527161;0.5253128409385681;-0.05559350550174713;0.4487018287181854;0.537333607673645;-0.03786184638738632;0.507326602935791;0.6066054701805115;-0.008962778374552727;0.4701981544494629;0.6064426302909851;0.008926122449338436;0.5060000419616699;0.7475815415382385;-0.0033865675795823336;0.47224006056785583;0.7484742403030396;0.01626487635076046;0.4875793784856796;0.3553274840116501;-0.21072597205638885;0.5260747075080872;0.6334864646196365;-0.14104714803397655;0.45065657794475555;0.6393569856882095;-0.12761074304580688;0.5016977787017822;0.8908073306083679;0.051226250206430755;0.4764748215675354;0.8905444542566935;0.08291278034448624;;vertical;frontal
3.07;0.48255273699760437;0.3755359649658203;-0.20441846549510956;0.5223937630653381;0.4279099702835083;-0.09249188005924225;0.45762377977371216;0.43804216384887695;-0.07365552335977554;0.5307382345199585;0.5254309773445129;-0.0542905293405056;0.4489591717720032;0.5374923348426819;-0.03616649657487869;0.5078095197677612;0.6079235076904297;-0.009201757609844208;0.4705429673194885;0.6073703169822693;0.00917252991348505;0.5067468881607056;0.7490757703781128;-0.0030585206113755703;0.4723629355430603;0.7495493292808533;0.017159879207611084;0.48796201646327975;0.3562928646802902;-0.20828874111175538;0.5261961817741394;0.633637085556984;-0.14071244560182095;0.4513847306370735;0.6394307315349579;-0.12632767856121063;0.5022960603237152;0.8909102280934652;0.05323634467398127;0.47667234142621356;0.891066829363505;0.08568411134183407;;vertical;frontal
3.1;0.48316690325737;0.37639889121055603;-0.20676693320274353;0.522782027721405;0.42794522643089294;-0.09527989476919174;0.45798468589782715;0.43815866112709045;-0.07406213879585266;0.5312255024909973;0.5256646871566772;-0.056549932807683945;0.4491768479347229;0.5381878614425659;-0.037607498466968536;0.5082990527153015;0.6087144613265991;-0.009378730319440365;0.4709985852241516;0.6080372929573059;0.00934994500130415;0.5072299242019653;0.7497099041938782;-0.0029969620518386364;0.47255635261535645;0.7502548098564148;0.017912212759256363;0.4884087353944778;0.3569466173648834;-0.21171337813138963;0.5263731777667999;0.6339772194623947;-0.1421455405652523;0.4518282189965248;0.6399390250444412;-0.1293643582612276;0.5028466582298279;0.891146699587504;0.05373985428983966;0.4768716096878052;0.8918568094571432;0.08587590542932351;;vertical;frontal
3.13;0.48355257511138916;0.37692803144454956;-0.2093823254108429;0.5231140851974487;0.427935391664505;-0.09582086652517319;0.4582463800907135;0.438351035118103;-0.07543820887804031;0.5316651463508606;0.5256850123405457;-0.05652976781129837;0.44929176568984985;0.538713276386261;-0.03818809241056442;0.5088006258010864;0.6090447902679443;-0.009333658032119274;0.47138914465904236;0.6083153486251831;0.009303866885602474;0.5074468851089478;0.7496927976608276;-0.002861886052414775;0.4726164937019348;0.7502845525741577;0.017632579430937767;0.4887501776218414;0.3574660897254944;-0.21453522890806198;0.5268323719501495;0.6340114772319794;-0.1420284491032362;0.4521263465285301;0.6403854340314865;-0.1302532311528921;0.5031046470006307;0.8912418683369955;0.053979516650239624;0.47706865270932514;0.8919021487236023;0.08507987794776757;;vertical;frontal
3.17;0.48405876755714417;0.3774334192276001;-0.20835520327091217;0.5233475565910339;0.42795270681381226;-0.0933033749461174;0.4585403800010681;0.438524067401886;-0.07625492662191391;0.5318715572357178;0.5256757736206055;-0.05269801989197731;0.44949668645858765;0.5388662815093994;-0.03886516019701958;0.5090859532356262;0.6093789339065552;-0.009309547953307629;0.47167760133743286;0.6087223887443542;0.009279930032789707;0.5075896382331848;0.7498531341552734;-0.0027554738335311413;0.472735196352005;0.7502756118774414;0.01760893501341343;0.48919637501239777;0.35792736113071444;-0.21259791105985643;0.5274073034524918;0.6340078115463257;-0.13713444955646992;0.45232973992824554;0.6404111236333847;-0.12907138653099537;0.5032840172449747;0.8914004564285278;0.05421762494370341;0.4773142437140147;0.8919339974721273;0.08493127425511678;;vertical;frontal
3.2;0.48467376828193665;0.37804460525512695;-0.2128259539604187;0.523696780204773;0.4281993806362152;-0.09462318569421768;0.45874056220054626;0.4390082359313965;-0.08056019246578217;0.5320723056793213;0.5258735418319702;-0.05292021110653877;0.44967159628868103;0.5390589833259583;-0.042425934225320816;0.5092769265174866;0.6094557046890259;-0.009188255295157433;0.47194111347198486;0.6089269518852234;0.009157966822385788;0.5077914595603943;0.749940812587738;-0.00270864344201982;0.4729587733745575;0.7502805590629578;0.016213610768318176;0.48971544206142426;0.3584935426712036;-0.21704548299312593;0.527979165315628;0.6341707706451416;-0.13685056008398533;0.4523215815424919;0.6406920701265335;-0.13062036782503128;0.5034939448038737;0.8917467792828878;0.05346064083278179;0.47752997279167175;0.892227053642273;0.08134282877047856;;vertical;frontal
3.23;0.48512306809425354;0.3785041868686676;-0.2145325243473053;0.5240625143051147;0.42857789993286133;-0.09591607004404068;0.4591347575187683;0.4395632743835449;-0.08168315142393112;0.5323636531829834;0.5262879729270935;-0.05323346331715584;0.44993463158607483;0.5393925309181213;-0.04354312643408775;0.5095361471176147;0.6096033453941345;-0.009177489206194878;0.47222721576690674;0.6090885400772095;0.009146937169134617;0.5079681277275085;0.7499439120292664;-0.003574039787054062;0.4731637239456177;0.7504406571388245;0.015982016921043396;0.49012384116649627;0.3589279294013977;-0.21872456669807433;0.5286088585853577;0.6347243338823318;-0.1368788667023182;0.4525687247514725;0.6410615295171738;-0.13178450986742973;0.5037538409233093;0.8920324842135111;0.051616848446428776;0.47774460911750793;0.8924987117449442;0.0799137291808923;;vertical;frontal
3.27;0.48543310165405273;0.37947314977645874;-0.22353187203407288;0.524601936340332;0.42936354875564575;-0.10408693552017212;0.4595581889152527;0.43988263607025146;-0.08848343789577484;0.5327388644218445;0.5267101526260376;-0.059815913438797;0.45020607113838196;0.5396932363510132;-0.048720069229602814;0.509939432144165;0.6098459362983704;-0.009271334856748581;0.47264689207077026;0.6092309951782227;0.009238849394023418;0.5082936882972717;0.7499072551727295;-0.004498214460909367;0.4734884202480316;0.7507139444351196;0.01596585288643837;0.4904752552509308;0.3598527491092682;-0.228610822558403;0.5293434262275696;0.6350427269935608;-0.1410454548895359;0.4528236612677574;0.6416897922754288;-0.1360723339021206;0.5041243433952332;0.8923130035400391;0.04971799999475479;0.4780438343683879;0.8931538860003153;0.07892707797388236;;vertical;frontal
3.3;0.4857337772846222;0.3801162838935852;-0.22160358726978302;0.524968683719635;0.43008777499198914;-0.10311147570610046;0.4599105417728424;0.4399544894695282;-0.08778515458106995;0.5329578518867493;0.527317464351654;-0.05880695581436157;0.4504425823688507;0.5398175120353699;-0.04839074984192848;0.5100794434547424;0.6101680994033813;-0.009286919608712196;0.4728565514087677;0.6095647811889648;0.009254150092601776;0.5085257291793823;0.7499867081642151;-0.004353569354861975;0.4738495349884033;0.7509245276451111;0.01595737412571907;0.49077761471271514;0.36043000817298887;-0.2261701762676239;0.5301414281129837;0.6354629844427109;-0.13988490216434002;0.4530535712838173;0.6418963223695755;-0.13573197089135647;0.5043203035990397;0.892660895983378;0.05016741342842579;0.4784004787604014;0.8936051527659098;0.07918238639831543;;vertical;frontal
3.33;0.4861224591732025;0.38064923882484436;-0.22062937915325165;0.5254387855529785;0.43073606491088867;-0.10278688371181488;0.4601815342903137;0.44038623571395874;-0.08734457194805145;0.5333713889122009;0.5282890796661377;-0.05734194815158844;0.45072126388549805;0.5402163863182068;-0.04810287803411484;0.5104297399520874;0.6108508706092834;-0.009110880084335804;0.473229318857193;0.6102889776229858;0.00907919742166996;0.5089767575263977;0.7503286004066467;-0.0024372634943574667;0.47441181540489197;0.7511832118034363;0.015687251463532448;0.4912041187286377;0.3609278857707977;-0.22498451173305511;0.5307350009679794;0.6362119615077972;-0.13890980929136276;0.4532678872346878;0.6423428505659103;-0.13561951369047165;0.504628042380015;0.8928578495979309;0.054358064041783415;0.4787045915921529;0.8940659562746683;0.07918745465576649;;vertical;frontal
3.37;0.48629844188690186;0.38102367520332336;-0.22151659429073334;0.5259031057357788;0.43152710795402527;-0.10250961780548096;0.4605698883533478;0.4409226179122925;-0.08814244717359543;0.5338788032531738;0.5292231440544128;-0.05738823860883713;0.4510289430618286;0.540688157081604;-0.04937497898936272;0.5108323097229004;0.6116102933883667;-0.009061482734978199;0.4736076295375824;0.6109839081764221;0.009029333479702473;0.5092589855194092;0.7511018514633179;-0.001632270636036992;0.4749596416950226;0.7514547109603882;0.015724048018455505;0.49148528277873993;0.36136462688446047;-0.22576662600040437;0.5311571806669235;0.6370537132024765;-0.13895120471715927;0.4536086320877075;0.6427352875471115;-0.13708661869168282;0.5049761136372884;0.8930172125498453;0.055933029080430664;0.4789279103279114;0.894495407740275;0.07940696055690448;;vertical;frontal
3.4;0.48655956983566284;0.3810153305530548;-0.22487874329090118;0.5264390110969543;0.4326602816581726;-0.10499877482652664;0.46091899275779724;0.4414520859718323;-0.09229421615600586;0.5342780351638794;0.5303643345832825;-0.0598328523337841;0.451240211725235;0.5411571264266968;-0.05401536822319031;0.5112513899803162;0.6119369268417358;-0.009000192396342754;0.4739299714565277;0.6112470030784607;0.00896430667489767;0.5095618367195129;0.7515823841094971;-0.0015885584289208055;0.47543132305145264;0.7516908049583435;0.015715530142188072;0.4918841511011124;0.36149267554283143;-0.22872741669416427;0.5320044159889221;0.6378949880599976;-0.1403740644454956;0.45403945446014404;0.6435831040143967;-0.13980855606496334;0.5053275028864542;0.8930591742197672;0.05584450655927261;0.47922204931577045;0.8946190476417542;0.07914152120550473;;vertical;frontal
3.43;0.487064391374588;0.38113221526145935;-0.22383299469947815;0.5267715454101562;0.43331772089004517;-0.1042238250374794;0.46120303869247437;0.4421115517616272;-0.0915086567401886;0.53472501039505;0.5311645269393921;-0.05956266075372696;0.4515080749988556;0.5416570901870728;-0.05353260040283203;0.5115046501159668;0.6122680306434631;-0.008980736136436462;0.4741668403148651;0.6117173433303833;0.00894350465387106;0.5097452998161316;0.7517163157463074;-0.0015679474454373121;0.47580984234809875;0.7518750429153442;0.015711376443505287;0.492437344789505;0.3617191970348358;-0.22764528691768646;0.532699316740036;0.6387699246406555;-0.14049833826720715;0.4542868137359619;0.6441008001565933;-0.1399045456200838;0.5056875944137573;0.8930683930714926;0.05579517347117265;0.47954795757929486;0.8947110374768575;0.07903903722763062;;vertical;frontal
3.47;0.48746252059936523;0.38133567571640015;-0.22200316190719604;0.5269972085952759;0.4339372515678406;-0.10323666781187057;0.4614380896091461;0.4428846538066864;-0.09006170183420181;0.5351272225379944;0.5313838720321655;-0.05935009568929672;0.4518549144268036;0.5419734120368958;-0.052651338279247284;0.511864423751831;0.6127158403396606;-0.009111141785979271;0.4743995666503906;0.6122199892997742;0.00907234475016594;0.509940505027771;0.7519200444221497;-0.0016697794198989868;0.47608160972595215;0.7523303627967834;0.016116010025143623;0.4929001063108444;0.36206841468811035;-0.22545366138219833;0.5330637395381927;0.6390216797590256;-0.14046147465705872;0.4544496461749077;0.6446060240268707;-0.1392210926860571;0.5061493118604025;0.8929695089658102;0.055774249136447906;0.4799276689688365;0.8948507110277811;0.07933090254664421;;vertical;frontal
3.5;0.48805347084999084;0.3816589415073395;-0.22065168619155884;0.5272893905639648;0.4345795512199402;-0.10111760348081589;0.4617396295070648;0.4435305595397949;-0.08935897052288055;0.5354794263839722;0.5315173268318176;-0.057395175099372864;0.4523703455924988;0.5422832369804382;-0.05239209160208702;0.5121273398399353;0.6128884553909302;-0.00915795098990202;0.4746630787849426;0.612459123134613;0.009118606336414814;0.5101369023323059;0.7519809007644653;-0.0018413184443488717;0.47623345255851746;0.7528213262557983;0.016098519787192345;0.4934100955724716;0.3623856782913208;-0.22387657165527344;0.5334631204605103;0.6389942467212677;-0.13985852524638176;0.45470355451107025;0.6448525935411453;-0.13888593763113022;0.5066669782002767;0.8929003278414408;0.05565246862048904;0.48017850518226624;0.8950295646985372;0.07893822963039081;;vertical;frontal
3.53;0.48841428756713867;0.3820427656173706;-0.2201000452041626;0.5276305675506592;0.4351464509963989;-0.09994617849588394;0.4619869291782379;0.4440525472164154;-0.08901035785675049;0.535912036895752;0.5316376090049744;-0.05609523504972458;0.4526275098323822;0.5427181124687195;-0.052122458815574646;0.5124312043190002;0.6132228374481201;-0.009176944382488728;0.47491317987442017;0.6127820611000061;0.009136959910392761;0.5102760195732117;0.7523801922798157;-0.001840549404732883;0.4763873815536499;0.7533330917358398;0.016114884987473488;0.49382770657539365;0.3627478241920471;-0.22319529354572296;0.5339082330465317;0.6389739215373993;-0.1393760647624731;0.4550611451268196;0.6456030309200287;-0.138609504327178;0.5069074432055155;0.8929699460665385;0.055642501606295504;0.4804087777932485;0.8953609267870585;0.07895586639642715;;vertical;frontal
3.57;0.4887404441833496;0.38273271918296814;-0.22004029154777527;0.5280559659004211;0.4358440637588501;-0.0999065637588501;0.46222665905952454;0.4446406960487366;-0.08884064108133316;0.536260724067688;0.5322979092597961;-0.05572919175028801;0.4529941976070404;0.5431267619132996;-0.052077971398830414;0.5127602219581604;0.6138675808906555;-0.009202937595546246;0.4752272367477417;0.6133890748023987;0.009162756614387035;0.5103592872619629;0.752449095249176;-0.000594857323449105;0.47651928663253784;0.7534299492835999;0.016874903813004494;0.49419881999492643;0.3634669691324234;-0.223176209628582;0.5342617034912109;0.6390335261821747;-0.13878000527620316;0.45543593168258667;0.6456883549690247;-0.13841093331575394;0.5070069630940756;0.8928746581077576;0.059124200294415154;0.4807939926783244;0.8953973650932312;0.08158410464723904;;vertical;frontal
3.6;0.489109069108963;0.3838149309158325;-0.22267018258571625;0.5285131931304932;0.43635937571525574;-0.10118676722049713;0.4624651372432709;0.4448885917663574;-0.0904121994972229;0.5366244912147522;0.5328311324119568;-0.05630221962928772;0.45328593254089355;0.5433424115180969;-0.052470508962869644;0.5130337476730347;0.6141924262046814;-0.00914743822067976;0.4755762815475464;0.6136623024940491;0.009107470512390137;0.5105388760566711;0.7526230216026306;8,40E+10;0.47679418325424194;0.7534149885177612;0.01684865728020668;0.49462325870990753;0.36445466578006747;-0.22640155553817748;0.5345005542039871;0.6393329799175262;-0.13921684212982655;0.4555284082889557;0.645746648311615;-0.13934369198977947;0.5070545474688212;0.8930065035820007;0.0591600777891775;0.48108471433321637;0.8954165776570638;0.08152842087050279;;vertical;frontal
3.63;0.4896557927131653;0.3852793574333191;-0.22254067659378052;0.528847336769104;0.4368841052055359;-0.10115157067775726;0.4627413749694824;0.4449627995491028;-0.09020945429801941;0.5368821024894714;0.5332450270652771;-0.056167323142290115;0.4536669850349426;0.543372392654419;-0.05226319283246994;0.5130954384803772;0.6146249175071716;-0.009060763753950596;0.47582486271858215;0.6140621304512024;0.009021786041557789;0.5108262896537781;0.7527854442596436;7,10E+10;0.47710156440734863;0.7534687519073486;0.01669079251587391;0.49511459171772004;0.36568247675895693;-0.22640848010778428;0.5348373204469681;0.6399610936641693;-0.13919079676270485;0.45584481954574585;0.6457324326038361;-0.13986883126199245;0.5071664651234945;0.8935831785202026;0.058900425055374704;0.48134106397628784;0.8954405387242635;0.08070451704164346;;vertical;frontal
3.67;0.48973095417022705;0.38632500171661377;-0.220949187874794;0.5290351510047913;0.4372174143791199;-0.10016471147537231;0.462872713804245;0.4450308680534363;-0.08895749598741531;0.5369800329208374;0.5336049199104309;-0.05543701723217964;0.45401763916015625;0.5435202121734619;-0.051007069647312164;0.5131936073303223;0.615065336227417;-0.009036966599524021;0.4760124385356903;0.6143932342529297;0.008998772129416466;0.5111417770385742;0.7529777884483337;2,00E+10;0.47757264971733093;0.7536088228225708;0.016671352088451385;0.49531483352184297;0.36699924170970916;-0.22516874521970748;0.5351676493883133;0.6404344141483307;-0.138968076556921;0.4560501128435135;0.6457427591085434;-0.13947851955890656;0.507364014784495;0.8939020832379659;0.05855587481831511;0.481564740339915;0.8954695065816244;0.08068274023632209;;vertical;frontal
3.7;0.49019312858581543;0.3880932033061981;-0.22216206789016724;0.5292101502418518;0.4375414550304413;-0.1003917008638382;0.462977796792984;0.4452076554298401;-0.08947453647851944;0.5370742678642273;0.5338954329490662;-0.05544707551598549;0.45442578196525574;0.5436583161354065;-0.051094990223646164;0.513348400592804;0.615402102470398;-0.009010386653244495;0.47623708844184875;0.6146076321601868;0.008973409421741962;0.511497437953949;0.7530330419540405;0.00021822864073328674;0.4779316186904907;0.753612220287323;0.016659745946526527;0.49573788344860076;0.3685968667268753;-0.2267001748085022;0.5355441123247147;0.6409246027469635;-0.1395656280219555;0.45641639083623886;0.6457411497831345;-0.13970698788762093;0.5077692270278931;0.8939459721247355;0.058365529092649616;0.4819119970003764;0.8954721490542094;0.08053886393706004;;vertical;frontal
3.73;0.49081167578697205;0.3904934823513031;-0.23221467435359955;0.5294492244720459;0.43808117508888245;-0.10536086559295654;0.4630351662635803;0.44552427530288696;-0.09614802151918411;0.5371338725090027;0.5348361134529114;-0.05885973200201988;0.4548927843570709;0.5449140071868896;-0.05579214543104172;0.5135628581047058;0.6162814497947693;-0.008962656371295452;0.4765654504299164;0.6153737306594849;0.008928676135838032;0.5117697715759277;0.753253161907196;0.0014318982139229774;0.478223979473114;0.7538624405860901;0.017337840050458908;0.49624317288398745;0.3706598490476608;-0.23744738548994065;0.5357688665390015;0.6416876018047333;-0.1438139397650957;0.456883043050766;0.6460176557302475;-0.14579088240861893;0.5080268581708273;0.8940356969833374;0.060198615421541035;0.48216288288434345;0.8955897688865662;0.08169246092438698;;vertical;frontal
3.77;0.4911216199398041;0.39236554503440857;-0.23829713463783264;0.5295989513397217;0.4383271336555481;-0.1098501980304718;0.4631068706512451;0.4459284842014313;-0.10088540613651276;0.5372200012207031;0.5352472066879272;-0.061681222170591354;0.4551617503166199;0.5455930233001709;-0.05858980119228363;0.5137135982513428;0.6167367100715637;-0.008696955628693104;0.47669005393981934;0.6163500547409058;0.008666334673762321;0.511968731880188;0.7532899379730225;0.003657035995274782;0.4785463809967041;0.7542875409126282;0.018281232565641403;0.49649850428104403;0.3722951650619507;-0.2438558742403984;0.5359526425600052;0.6424184888601303;-0.14609074965119362;0.45701074600219727;0.6461481600999832;-0.14797437191009521;0.5081297556559244;0.8940932949384054;0.06417695332008104;0.48230477174123126;0.8956309159596761;0.08583915792405605;;vertical;frontal
3.8;0.49131959676742554;0.394375205039978;-0.24581317603588104;0.5297502279281616;0.43850213289260864;-0.11559158563613892;0.4631381928920746;0.44621482491493225;-0.10571227967739105;0.5372039675712585;0.5355215072631836;-0.06623505055904388;0.45544201135635376;0.5463589429855347;-0.060815319418907166;0.5139275193214417;0.6169832348823547;-0.00869662780314684;0.4769153296947479;0.617036759853363;0.008666238747537136;0.512263298034668;0.753278911113739;0.0036565610207617283;0.4788331091403961;0.7545228600502014;0.019364353269338608;0.49673489928245546;0.37410723865032197;-0.252090311050415;0.5360469669103622;0.6427337229251862;-0.15118855610489845;0.45722585916519165;0.6464209407567978;-0.14936931058764458;0.5085290471712748;0.8939235409100851;0.06419668121573825;0.4825290044148763;0.895744244257609;0.08679596707224846;;vertical;frontal
3.83;0.4913457930088043;0.3966098129749298;-0.2491125762462616;0.5297983884811401;0.4391111433506012;-0.11880046129226685;0.4632076323032379;0.4467470943927765;-0.1096215546131134;0.5371901392936707;0.5368778705596924;-0.06864982843399048;0.45575541257858276;0.5478026270866394;-0.06482181698083878;0.5139485001564026;0.6175680756568909;-0.008415700867772102;0.4770316779613495;0.6177186369895935;0.008383529260754585;0.5123806595802307;0.753659188747406;0.003950341604650021;0.4790929853916168;0.7550452947616577;0.01942380703985691;0.49683110117912294;0.376233372092247;-0.2557716339826584;0.5360330492258072;0.6444567888975143;-0.15178215503692627;0.45767445862293243;0.6476783156394958;-0.15198224782943726;0.5086596608161926;0.8939257065455118;0.06440885582317908;0.4827490746974945;0.895837128162384;0.08656910868982474;;vertical;frontal
3.87;0.4914452135562897;0.3987632393836975;-0.2619515657424927;0.5301382541656494;0.4403087794780731;-0.13163511455059052;0.4634013772010803;0.4469359517097473;-0.12355025857686996;0.5371788740158081;0.5385753512382507;-0.08152399957180023;0.4560531973838806;0.5490096807479858;-0.07962637394666672;0.5139393210411072;0.6176919937133789;-0.007939184084534645;0.47709137201309204;0.6180726289749146;0.007896378636360168;0.5125609636306763;0.7537681460380554;0.003627936588600278;0.4793226718902588;0.7553638219833374;0.018506666645407677;0.49695171415805817;0.3784072190523148;-0.269514824450016;0.5359984636306763;0.6466722637414932;-0.16080477088689804;0.45837314426898956;0.651093989610672;-0.16388323158025742;0.5088169574737549;0.8939570188522339;0.0633331536470602;0.4829770227273305;0.8959425886472067;0.08575112620989482;;inclinandose;frontal
3.9;0.4917741119861603;0.404173344373703;-0.3071111738681793;0.5304428339004517;0.44192206859588623;-0.16839280724525452;0.46340644359588623;0.4480286240577698;-0.15925233066082;0.5369657278060913;0.5407264232635498;-0.11744192242622375;0.45673444867134094;0.5509523749351501;-0.11117351055145264;0.5139773488044739;0.6175702214241028;-0.007169128395617008;0.477373331785202;0.6180412173271179;0.007113782688975334;0.5127670168876648;0.7541236281394958;0.003537949174642563;0.47944408655166626;0.7554627060890198;0.017031840980052948;0.49714198112487795;0.38323676586151123;-0.3168204963207245;0.5355293303728104;0.6494466066360474;-0.19685564190149307;0.45916180312633514;0.6552663147449493;-0.19390936568379402;0.5091470082600912;0.8941678007443746;0.06308321049436927;0.4831992983818054;0.8960355122884115;0.08544163095454375;;inclinandose;frontal
3.93;0.49175015091896057;0.4130505919456482;-0.35414955019950867;0.5308665037155151;0.44881677627563477;-0.20829984545707703;0.463422030210495;0.4523681700229645;-0.19952307641506195;0.5367161631584167;0.5476430654525757;-0.165083110332489;0.4575961232185364;0.554863691329956;-0.1549563854932785;0.5140007138252258;0.6172693371772766;-0.006102368701249361;0.47777706384658813;0.6177719831466675;0.00603833282366395;0.5130332112312317;0.7545384168624878;-0.004088218789547682;0.4795784056186676;0.7554792761802673;0.0043752361088991165;0.4970977783203125;0.39065384268760683;-0.36436513960361483;0.5347529649734497;0.6532630920410156;-0.24411403387784958;0.4603407233953476;0.6601408123970032;-0.23514056950807571;0.5093337098757426;0.8945847153663635;0.049987826185921826;0.483348270257314;0.8961611390113831;0.06710239235932629;;inclinandose;frontal
3.97;0.4917007088661194;0.42346349358558655;-0.3820604979991913;0.5309120416641235;0.45592203736305237;-0.22868940234184265;0.4634418785572052;0.4568362832069397;-0.22335122525691986;0.5367130041122437;0.5547029972076416;-0.18937650322914124;0.45844733715057373;0.5579795241355896;-0.18171802163124084;0.5140026807785034;0.6172211766242981;-0.004820560570806265;0.4781164526939392;0.6175618767738342;0.004756287205964327;0.5137782096862793;0.75487220287323;-0.010154791176319122;0.4798777103424072;0.7553954720497131;-0.004850804805755615;0.49706999957561493;0.40177898705005644;-0.39290585517883303;0.534339651465416;0.6599261611700058;-0.269753810018301;0.462326243519783;0.6657136827707291;-0.2653002664446831;0.5096082290013632;0.8947287996610006;0.04268588498234749;0.48351699113845825;0.8961389462153116;0.056121294076244034;;inclinandose;frontal
4.0;0.4914545714855194;0.4356953501701355;-0.4044439494609833;0.5308955311775208;0.4665476083755493;-0.24575068056583405;0.46339502930641174;0.465830534696579;-0.2422340214252472;0.5366437435150146;0.5643554925918579;-0.2125043272972107;0.458885133266449;0.5638844966888428;-0.20617137849330902;0.5140008330345154;0.6172016263008118;-0.004898748826235533;0.4781661033630371;0.6175193190574646;0.004838562570512295;0.5140011310577393;0.7546769976615906;-0.014157461933791637;0.48008278012275696;0.7553980946540833;-0.0012135972501710057;0.4968494772911072;0.415012463927269;-0.4156509220600128;0.534108355641365;0.6692546159029007;-0.29260237514972687;0.46379445493221283;0.6718162149190903;-0.29034921526908875;0.5097999374071757;0.8945591449737549;0.03948407992720604;0.48403943578402203;0.895813524723053;0.061021987115964293;;inclinandose;frontal
4.03;0.4907475709915161;0.458457887172699;-0.45932942628860474;0.5309065580368042;0.47742635011672974;-0.28868451714515686;0.46273598074913025;0.4777294993400574;-0.2738229036331177;0.5362597703933716;0.5735472440719604;-0.26029184460639954;0.45951518416404724;0.5737947225570679;-0.2304675579071045;0.5142505764961243;0.6124853491783142;-0.006318245083093643;0.478555291891098;0.6131697297096252;0.006327086593955755;0.5139946341514587;0.7518453001976013;-0.04052266478538513;0.480851411819458;0.7538570761680603;-0.015456996858119965;0.49642992615699766;0.43689276874065397;-0.47415598332881925;0.5328332483768463;0.680603489279747;-0.34458182752132416;0.46563249081373215;0.6835987120866776;-0.3202350437641144;0.5099142789840698;0.8968600630760193;0.006891428182522456;0.4841817319393158;0.8969121774037679;0.042419870694478355;;inclinandose;frontal
4.07;0.490523099899292;0.47315505146980286;-0.4750061333179474;0.5304626822471619;0.48806846141815186;-0.3043479323387146;0.4621945917606354;0.4894641041755676;-0.28442075848579407;0.5360409617424011;0.5822734236717224;-0.27456754446029663;0.45985642075538635;0.5810059905052185;-0.235078364610672;0.5142521262168884;0.6093339920043945;-0.006633638869971037;0.47872641682624817;0.6106433868408203;0.006674695294350386;0.5144146680831909;0.7496419548988342;-0.04829413443803787;0.48139941692352295;0.7509698271751404;-0.030807210132479668;0.4962180942296982;0.45266137421131136;-0.4902267664670944;0.5325740575790405;0.6912347227334976;-0.35305410623550415;0.4665532484650612;0.693440854549408;-0.3198857083916664;0.5098958810170492;0.8981043696403503;-0.0032764598727226257;0.4843343496322632;0.8975674510002136;0.0252107468744119;;inclinandose;frontal
4.1;0.48961225152015686;0.4924212098121643;-0.4864271879196167;0.5298802852630615;0.503871500492096;-0.3150969445705414;0.462202250957489;0.5000296831130981;-0.29624831676483154;0.5346943140029907;0.6014706492424011;-0.28047528862953186;0.4602145552635193;0.5980843901634216;-0.24836400151252747;0.5140950083732605;0.6061603426933289;-0.007418524008244276;0.4787983000278473;0.6061938405036926;0.007489887997508049;0.5143857598304749;0.7454383969306946;-0.06590506434440613;0.48141953349113464;0.7449933886528015;-0.04045577347278595;0.49521891474723817;0.4734956383705139;-0.5036665052175522;0.5323465168476105;0.7067268192768097;-0.34805621951818466;0.4673171415925026;0.7081337124109268;-0.3292575925588608;0.5097708702087402;0.8982885877291361;-0.02960528200492263;0.4843855897585551;0.8979945778846741;0.0038149977723757424;;inclinandose;frontal
4.13;0.489305704832077;0.5138524174690247;-0.47913995385169983;0.5292536616325378;0.5151581168174744;-0.31384795904159546;0.46215495467185974;0.5101280212402344;-0.2930964231491089;0.5338267087936401;0.6151809692382812;-0.27569812536239624;0.46083343029022217;0.6050387024879456;-0.239129900932312;0.5134798288345337;0.6059125661849976;-0.007986958138644695;0.47867968678474426;0.6047685146331787;0.008060277439653873;0.5133752822875977;0.7412934899330139;-0.060521360486745834;0.48178738355636597;0.7385536432266235;-0.03272746503353119;0.49479604959487916;0.49577521681785586;-0.49741042852401735;0.5320439338684082;0.7210767567157745;-0.33829883486032486;0.469010092318058;0.7191240787506104;-0.3143748864531517;0.509732743104299;0.8985773324966431;-0.025445425882935524;0.4844793975353241;0.8979376355806986;0.009589433670043945;;inclinandose;frontal
4.17;0.4888584613800049;0.5298723578453064;-0.47862571477890015;0.528373122215271;0.5296339392662048;-0.311646431684494;0.46208134293556213;0.5229832530021667;-0.300878643989563;0.5316648483276367;0.6300516724586487;-0.2763400673866272;0.4608689844608307;0.6201730966567993;-0.2642671465873718;0.5126931667327881;0.6063747406005859;-0.008774337358772755;0.4784451127052307;0.6039057374000549;0.008846716955304146;0.5132313966751099;0.7400222420692444;-0.06040007621049881;0.48239079117774963;0.7390032410621643;-0.026959523558616638;0.49430119395256045;0.5129141092300415;-0.4952548712491989;0.5316443145275116;0.7343048602342606;-0.33317720144987106;0.4699050039052963;0.733898788690567;-0.3363385498523712;0.5097885131835938;0.8984900116920471;-0.02439562262346347;0.484563151995341;0.8977749149004618;0.013488096495469412;;inclinandose;frontal
4.2;0.4885973036289215;0.5444867610931396;-0.4758794605731964;0.527836263179779;0.5439845323562622;-0.31194427609443665;0.46212437748908997;0.5339392423629761;-0.3041273057460785;0.5286896824836731;0.6451128721237183;-0.2727574110031128;0.4613519608974457;0.6338320374488831;-0.26292476058006287;0.5117182731628418;0.6054338812828064;-0.009714016690850258;0.4780977964401245;0.5987067818641663;0.009790116921067238;0.5125026106834412;0.7400192022323608;-0.0580005906522274;0.48296499252319336;0.7396371960639954;-0.026568995788693428;0.4942202389240265;0.5297380745410919;-0.4934728920459747;0.5311481058597565;0.7468127608299255;-0.3270523399114609;0.4710122346878052;0.7451105564832687;-0.32943493872880936;0.5097737908363342;0.8981483777364095;-0.023694918490946293;0.4846700926621755;0.8969236016273499;0.019650015980005264;;inclinandose;frontal
4.23;0.48826709389686584;0.5589683651924133;-0.4620186388492584;0.5271845459938049;0.5545302033424377;-0.3028619587421417;0.4622015357017517;0.5434861779212952;-0.29328903555870056;0.5270391702651978;0.656573474407196;-0.2549039423465729;0.46240004897117615;0.6460890173912048;-0.2389126718044281;0.510783851146698;0.6019341945648193;-0.010190063156187534;0.4769923985004425;0.5927345156669617;0.010272801853716373;0.51176518201828;0.7406647205352783;-0.05577685683965683;0.48325133323669434;0.7401482462882996;-0.0231682900339365;0.4941848784685135;0.5460436701774597;-0.47989158034324647;0.5310209393501282;0.7589207142591476;-0.31497156620025635;0.4722953736782074;0.7574451267719269;-0.31079964339733124;0.5097565253575643;0.8968302408854166;-0.026152078838398058;0.48484330375989276;0.8963359395662943;0.01138015960653623;;inclinandose;frontal
4.27;0.4882226884365082;0.5776659250259399;-0.4543592631816864;0.5259824991226196;0.5664786100387573;-0.28874272108078003;0.462575763463974;0.5566047430038452;-0.27668333053588867;0.5262587070465088;0.6686955094337463;-0.25204357504844666;0.4624451696872711;0.6566990613937378;-0.21486473083496094;0.5105191469192505;0.5960432291030884;-0.010111023671925068;0.47652724385261536;0.5912827253341675;0.01018171850591898;0.5106335282325745;0.7387065887451172;-0.054584287106990814;0.4831926226615906;0.738434374332428;-0.02260717749595642;0.49420898258686063;0.5673587262630463;-0.4722945272922516;0.5299791693687439;0.7735708057880402;-0.2797236666083336;0.47261395305395126;0.7646579891443253;-0.2621338553726673;0.5093476374944051;0.8949933648109436;-0.024494589772075415;0.4848376214504242;0.8962243795394897;0.0010959059000015259;;inclinandose;frontal
4.3;0.4882350564002991;0.5945847034454346;-0.46744808554649353;0.5260137319564819;0.5777351260185242;-0.3116198778152466;0.46261662244796753;0.5707394480705261;-0.292873352766037;0.5239647030830383;0.6802894473075867;-0.26792967319488525;0.4628177881240845;0.6693941354751587;-0.23277397453784943;0.5106151700019836;0.5971649289131165;-0.012655858881771564;0.4763965308666229;0.5927577614784241;0.012782147154211998;0.5094581246376038;0.7358160614967346;-0.07119716703891754;0.4831371009349823;0.7349119186401367;-0.024947622790932655;0.4942755550146103;0.5853392720222473;-0.4879818558692932;0.5276464819908142;0.7844823598861694;-0.3160789981484413;0.4731267839670181;0.7766523063182831;-0.28695133328437805;0.5095764398574829;0.8945355614026388;-0.043425271598001323;0.4846994678179423;0.896609365940094;0.0014858990907669067;;inclinandose;frontal
4.33;0.4880621135234833;0.6120725870132446;-0.4588116407394409;0.5247613191604614;0.5856052041053772;-0.30040431022644043;0.4626791179180145;0.5835676193237305;-0.2906392812728882;0.5231795310974121;0.6858079433441162;-0.2657769024372101;0.46431437134742737;0.6818187832832336;-0.2280205488204956;0.5104053616523743;0.5915495157241821;-0.007307771593332291;0.47549980878829956;0.5884042382240295;0.007485503330826759;0.5079637765884399;0.7309618592262268;-0.07228514552116394;0.4834473729133606;0.7312278151512146;-0.04346541315317154;0.49405979216098783;0.5997105240821838;-0.47961899936199187;0.5265840888023376;0.7929019033908844;-0.2712353989481926;0.47427769005298615;0.7858515232801437;-0.2797023877501488;0.5117112199465433;0.8923514485359192;-0.05161195000012716;0.48483500878016156;0.8975955446561178;-0.02901810345550378;;inclinandose;frontal
4.37;0.48835334181785583;0.6160303950309753;-0.4565919041633606;0.5233500599861145;0.5915794968605042;-0.2938958704471588;0.463559091091156;0.5915663838386536;-0.2825494706630707;0.5233688354492188;0.6946010589599609;-0.2635881304740906;0.4653855562210083;0.688336968421936;-0.2258206009864807;0.5104333758354187;0.5923478603363037;-0.007105592638254166;0.47542744874954224;0.5896853804588318;0.007281548343598843;0.5076993107795715;0.7320392727851868;-0.06582656502723694;0.48346415162086487;0.7305863499641418;-0.03922059386968613;0.4941733866930008;0.6067727267742157;-0.47377056777477267;0.5260287970304489;0.7992571741342545;-0.27500495314598083;0.47499658167362213;0.7916928380727768;-0.2768213450908661;0.5122668743133545;0.8915668924649557;-0.039198461609582104;0.48483405510584515;0.8983118732770284;-0.018163864811261494;;inclinandose;frontal
4.4;0.4883944094181061;0.6247273683547974;-0.4235854744911194;0.5226204991340637;0.599563717842102;-0.27972760796546936;0.463809072971344;0.5978546142578125;-0.2632756233215332;0.5235750079154968;0.7038716673851013;-0.23980605602264404;0.4658967852592468;0.694304347038269;-0.2065919190645218;0.510489284992218;0.5935354232788086;-0.006732824258506298;0.4754706919193268;0.5915610194206238;0.0069011179730296135;0.5079443454742432;0.7343952059745789;-0.06251362711191177;0.4835033416748047;0.7317048907279968;-0.04053816571831703;0.4939710795879364;0.6170501470565796;-0.44327791333198546;0.525947630405426;0.805595263838768;-0.27458298206329346;0.47517821192741394;0.7972039729356766;-0.2612290009856224;0.5124043226242065;0.8914870818456014;-0.034493818025415145;0.4849327504634857;0.8989150722821554;-0.0184836620464921;;inclinandose;frontal
4.43;0.4883836805820465;0.6263941526412964;-0.41136085987091064;0.5227349400520325;0.6028462648391724;-0.27401280403137207;0.46393677592277527;0.6018391251564026;-0.25024619698524475;0.5234847664833069;0.704945981502533;-0.2300349920988083;0.4672144055366516;0.6949062943458557;-0.18626250326633453;0.5106040835380554;0.5962461829185486;-0.006776917260140181;0.4754924476146698;0.5934147238731384;0.006936641409993172;0.5084834098815918;0.7349408864974976;-0.06502373516559601;0.48349127173423767;0.7323627471923828;-0.0471721775829792;0.4934243708848953;0.6198176860809326;-0.430786469578743;0.5255978405475616;0.8094918429851532;-0.263555683195591;0.4751761332154274;0.80616594851017;-0.23227396234869957;0.5126163959503174;0.8915877540906271;-0.0452250341574351;0.4855203628540039;0.8996809323628744;-0.031339613759579756;;inclinandose;frontal
4.47;0.4887996315956116;0.6237989664077759;-0.3982078731060028;0.5227566361427307;0.6024947762489319;-0.26408493518829346;0.4639749228954315;0.6020203828811646;-0.24525125324726105;0.5233547687530518;0.7048417925834656;-0.21847622096538544;0.4675171375274658;0.6970033049583435;-0.1829364001750946;0.5105611681938171;0.5983282923698425;-0.004507531877607107;0.4749111533164978;0.5954145789146423;0.004641485400497913;0.5091840028762817;0.7353101372718811;-0.06315670162439346;0.4829427897930145;0.7328418493270874;-0.05346068739891052;0.49359440207481386;0.6194251537322998;-0.41675432920455935;0.5254266560077667;0.8087054789066315;-0.2528260424733162;0.47492025792598724;0.8071295619010925;-0.22730864584445953;0.5128275553385416;0.8918485442797343;-0.042501362040638924;0.4856201807657878;0.9007617235183716;-0.037228321035703026;;inclinandose;frontal
4.5;0.4889337420463562;0.6234303712844849;-0.4010957181453705;0.5227457284927368;0.5996245741844177;-0.26700931787490845;0.46419164538383484;0.5980848073959351;-0.24669519066810608;0.5234667658805847;0.7012726068496704;-0.21817843616008759;0.4672871232032776;0.6932098269462585;-0.18195617198944092;0.5105515122413635;0.5981569290161133;-0.004399013239890337;0.47465458512306213;0.5944465398788452;0.004526203032582998;0.5079604983329773;0.7334243059158325;-0.062199290841817856;0.4823489785194397;0.7325827479362488;-0.051603417843580246;0.493638676404953;0.6196179628372193;-0.4203660488128662;0.5255099385976791;0.8069445788860321;-0.24933325126767159;0.4747162237763405;0.8068059086799622;-0.22271931171417236;0.5116482973098755;0.8921531836191813;-0.04072781031330427;0.4856458405653636;0.90126633644104;-0.03331346307337905;;inclinandose;frontal
4.53;0.488925963640213;0.6236081719398499;-0.3982211649417877;0.5224432945251465;0.5987169146537781;-0.2656254172325134;0.4642072021961212;0.597744345664978;-0.24577653408050537;0.5235192775726318;0.699427604675293;-0.21407859027385712;0.4670793116092682;0.6910048127174377;-0.1808529645204544;0.5106742978096008;0.5967714190483093;-0.004285330884158611;0.47467634081840515;0.5918688178062439;0.0044089374132454395;0.5070441961288452;0.7325031161308289;-0.06160840764641762;0.48234546184539795;0.7326135635375977;-0.04819659888744354;0.49357869029045104;0.6196829974651337;-0.4176385909318924;0.5253815054893494;0.8043111711740494;-0.24069077894091606;0.4745890572667122;0.8049978017807007;-0.22142421454191208;0.5121673941612244;0.8920568625132242;-0.041051286893586315;0.485484520594279;0.9013850688934326;-0.03221467190693753;;inclinandose;frontal
4.57;0.48883530497550964;0.6236720681190491;-0.4058723449707031;0.5224483609199524;0.5959632992744446;-0.267753928899765;0.46415975689888;0.5955302119255066;-0.24727575480937958;0.5236091017723083;0.6957156658172607;-0.21549661457538605;0.46706074476242065;0.6907089352607727;-0.18262001872062683;0.510749340057373;0.5908745527267456;-0.003311655716970563;0.47470298409461975;0.5859553217887878;0.0034393640235066414;0.5071713328361511;0.7280919551849365;-0.07487565279006958;0.4823979437351227;0.729626476764679;-0.06052611768245697;0.49353074431419375;0.6188182532787323;-0.42472727298736573;0.5254563838243484;0.8015849739313126;-0.2411271035671234;0.47444145381450653;0.8006769567728043;-0.2351108267903328;0.5123627384503683;0.8910789092381796;-0.06631133084495862;0.4852647582689921;0.901782770951589;-0.05681322142481804;;inclinandose;frontal
4.6;0.4887714385986328;0.6213549375534058;-0.4146619737148285;0.5225047469139099;0.5941097140312195;-0.27225756645202637;0.4641112983226776;0.5933005213737488;-0.2565867304801941;0.5236973166465759;0.6928243637084961;-0.21514451503753662;0.46691203117370605;0.6878968477249146;-0.18557173013687134;0.510765016078949;0.5848590135574341;-0.0035457690246403217;0.47456589341163635;0.5812908411026001;0.0036708833649754524;0.5072874426841736;0.7262868285179138;-0.07213911414146423;0.48239806294441223;0.7257139682769775;-0.05405030772089958;0.4935373067855835;0.6148336708545685;-0.4353685975074768;0.5255062133073807;0.7980619668960571;-0.23895176500082016;0.47436873614788055;0.7985598295927048;-0.23929903656244278;0.5114449262619019;0.8919510245323181;-0.06523407995700836;0.48511356115341187;0.9017630616823832;-0.05397255470355352;;inclinandose;frontal
4.63;0.4886583685874939;0.6180756688117981;-0.4153863191604614;0.5225434899330139;0.5924190878868103;-0.2714961767196655;0.46402132511138916;0.5909538865089417;-0.25854966044425964;0.5237535834312439;0.6918285489082336;-0.21095632016658783;0.4668416380882263;0.6857325434684753;-0.18922118842601776;0.5107496976852417;0.5870063304901123;-0.003189963521435857;0.47417470812797546;0.5833626985549927;0.0033056396059691906;0.5073248744010925;0.7273457646369934;-0.0632692351937294;0.482526034116745;0.7263465523719788;-0.0453198179602623;0.4935771554708481;0.6094689309597016;-0.43597892820835116;0.525538980960846;0.7930685728788376;-0.24044614285230637;0.474331833422184;0.7977768927812576;-0.24026156589388847;0.5121563871701559;0.890205979347229;-0.04336544622977575;0.4848226110140483;0.9020580450693766;-0.0483781797811389;;inclinandose;frontal
4.67;0.48869821429252625;0.6102774739265442;-0.43493714928627014;0.5224747657775879;0.5866367816925049;-0.27688246965408325;0.46378615498542786;0.5835341215133667;-0.27657049894332886;0.5241724252700806;0.6839803457260132;-0.2178148478269577;0.4668000340461731;0.6824572086334229;-0.21876543760299683;0.5100940465927124;0.5938199758529663;-0.0032858140766620636;0.473728746175766;0.5874015688896179;0.003399424720555544;0.5079940557479858;0.7278602123260498;-0.06324569880962372;0.4825826585292816;0.7268672585487366;-0.038053710013628006;0.49420457184314726;0.5973509430885315;-0.4532009601593018;0.5260347425937653;0.780170127749443;-0.2560415491461754;0.47345996648073196;0.7907681316137314;-0.2727027013897896;0.5107172727584839;0.8897897402445475;-0.03964598849415779;0.48475443323453266;0.9021534125010172;-0.03379031177610159;;inclinandose;frontal
4.7;0.4886976182460785;0.5884167551994324;-0.42918676137924194;0.5223643183708191;0.568586528301239;-0.2724620997905731;0.46369296312332153;0.5696316361427307;-0.27595943212509155;0.524730920791626;0.6664597988128662;-0.2184765636920929;0.4651610553264618;0.6681756377220154;-0.22821366786956787;0.5091536641120911;0.6052654385566711;-0.003487613517791033;0.47378766536712646;0.5986847281455994;0.003571414155885577;0.5098033547401428;0.7367278933525085;-0.058779794722795486;0.482670396566391;0.7366400957107544;-0.029223822057247162;0.49455633461475373;0.5766556859016418;-0.44460338950157163;0.5270420759916306;0.7657289505004883;-0.26661573350429535;0.4727660119533539;0.7753549069166183;-0.2813352197408676;0.5100677212079366;0.8903882304827372;-0.0315820217365399;0.48469455043474835;0.901391327381134;-0.01512173656374216;;inclinandose;frontal
4.73;0.4885924756526947;0.5670563578605652;-0.4278332591056824;0.5224019289016724;0.555265486240387;-0.2685396671295166;0.46306225657463074;0.5518656373023987;-0.2819730341434479;0.5257003903388977;0.6532756686210632;-0.2218068391084671;0.46306732296943665;0.6557515263557434;-0.25049492716789246;0.508444607257843;0.6117254495620728;-0.0013084803940728307;0.47390279173851013;0.605008065700531;0.0013394668931141496;0.5143020749092102;0.7410698533058167;-0.05559156462550163;0.484225869178772;0.7435157895088196;-0.03343060985207558;0.4942501991987228;0.5520460903644562;-0.4400507867336273;0.5275460034608841;0.7505143135786057;-0.267139233648777;0.4723489433526993;0.7609452456235886;-0.2980608195066452;0.509787380695343;0.8907178243001302;-0.029611632569867652;0.4846894641717275;0.9007621606191;-0.018648693958918255;;inclinandose;frontal
4.77;0.4884006679058075;0.5471788644790649;-0.4633599817752838;0.522441029548645;0.5384525060653687;-0.2897070646286011;0.4625331163406372;0.5375845432281494;-0.3042289912700653;0.5258224010467529;0.6377748847007751;-0.2522706389427185;0.46299490332603455;0.6430047750473022;-0.27323541045188904;0.5075729489326477;0.6159794330596924;-0.00011349025589879602;0.47405990958213806;0.6133736968040466;0.00015132884436752647;0.5139126181602478;0.7530857920646667;-0.03424627333879471;0.4845227301120758;0.7491121888160706;-0.030104663223028183;0.49410565495491027;0.5300642728805542;-0.4787330001592636;0.5279103219509125;0.7365246713161469;-0.3137330487370491;0.4721396416425705;0.7453983277082443;-0.3393293172121048;0.5094946424166361;0.8916849692662557;0.022516705095767975;0.4846908152103424;0.8999949892361959;0.024154793471097946;;inclinandose;frontal
4.8;0.48840251564979553;0.5252366662025452;-0.45751678943634033;0.5225404500961304;0.5258438587188721;-0.29084154963493347;0.46132001280784607;0.5277414917945862;-0.2954238951206207;0.5276371240615845;0.6270723342895508;-0.25925061106681824;0.46250954270362854;0.6317718625068665;-0.2640798091888428;0.508424699306488;0.6233565807342529;-9,63E+10;0.4759599566459656;0.6239147782325745;0.00015636689204256982;0.5141491889953613;0.7543056607246399;-0.03802800551056862;0.4848322868347168;0.7514255046844482;-0.03650342673063278;0.4940366566181183;0.5069576799869537;-0.4730640441179276;0.5277035236358643;0.723800852894783;-0.32769303023815155;0.4722586125135422;0.7309360802173615;-0.3364933207631111;0.5093147953351339;0.8919490575790405;0.019795217861731846;0.48482200503349304;0.8988442222277323;0.020711964617172878;;inclinandose;frontal
4.83;0.4883861541748047;0.5037111639976501;-0.4589226543903351;0.5225863456726074;0.5060924291610718;-0.292733758687973;0.4608737528324127;0.5092105269432068;-0.29248157143592834;0.5305145382881165;0.6053087711334229;-0.2634030878543854;0.4587794244289398;0.6071457266807556;-0.2571997046470642;0.5103205442428589;0.6225003600120544;0.0009119237074628472;0.47761210799217224;0.6234660744667053;-0.0008388845017179847;0.5146760940551758;0.7528303265571594;-0.020255161449313164;0.48478975892066956;0.7524173855781555;-0.03769893944263458;0.493901526927948;0.48536870181560515;-0.47550325095653534;0.5276617407798767;0.7056869268417358;-0.33940576016902924;0.47119876742362976;0.715656965970993;-0.3365035206079483;0.5091403722763062;0.8920104106267294;0.045270503809054695;0.4847719371318817;0.8986382285753886;0.02877090995510419;;inclinandose;frontal
4.87;0.4882935881614685;0.4859047532081604;-0.4536689817905426;0.5232316255569458;0.49318942427635193;-0.28893381357192993;0.4602825343608856;0.4968646168708801;-0.2885747253894806;0.5325707197189331;0.5896766781806946;-0.25819921493530273;0.45683857798576355;0.5962589383125305;-0.24821585416793823;0.5119620561599731;0.6199106574058533;0.000895872013643384;0.4784795641899109;0.6205524802207947;-0.0008166863117367029;0.5145230293273926;0.7511631846427917;-0.014497215859591961;0.4847586154937744;0.7501535415649414;-0.05210224911570549;0.49381586015224455;0.46586066782474517;-0.470861354470253;0.5273771584033966;0.6894923001527786;-0.344205878674984;0.4712609797716141;0.7012013792991638;-0.32996539771556854;0.508695125579834;0.8919055461883545;0.04021704817811648;0.4848405619462331;0.8980080286661783;0.013758514076471329;;inclinandose;frontal
4.9;0.4883005619049072;0.46681642532348633;-0.43240493535995483;0.5237521529197693;0.479062020778656;-0.273104190826416;0.4603661894798279;0.4817793071269989;-0.2690214216709137;0.5339572429656982;0.5783786773681641;-0.2516089677810669;0.45656633377075195;0.5825691819190979;-0.23681500554084778;0.5131193995475769;0.6200191378593445;-0.0021135793067514896;0.47918468713760376;0.6211755871772766;0.0021584290079772472;0.5143170356750488;0.7525233626365662;-0.020238835364580154;0.4837177097797394;0.752936601638794;-0.03042561188340187;0.4937977284193039;0.4466963142156601;-0.44713851511478425;0.5266184508800507;0.6772800981998444;-0.3297656625509262;0.47152768075466156;0.6887300908565521;-0.3178732693195343;0.5086529850959778;0.893521229426066;0.030729293823242188;0.48394439617792767;0.898484468460083;0.03188951686024666;;inclinandose;frontal
4.93;0.4887627363204956;0.4494893252849579;-0.4000566005706787;0.5243841409683228;0.46804824471473694;-0.24172168970108032;0.4604431986808777;0.46867620944976807;-0.24059902131557465;0.5345985889434814;0.5658203363418579;-0.20597627758979797;0.4562269151210785;0.5741317868232727;-0.2007482647895813;0.5132071375846863;0.6204526424407959;-0.003858922515064478;0.47906267642974854;0.6214212775230408;0.0038636757526546717;0.5142579078674316;0.7535773515701294;-0.01498920377343893;0.48229390382766724;0.7554411292076111;-0.008959020487964153;0.49391249418258665;0.4275256782770157;-0.4138617843389511;0.5265138745307922;0.6645277887582779;-0.2912677377462387;0.47126834094524384;0.676760658621788;-0.287020705640316;0.5087388157844543;0.8943949143091837;0.03702040140827497;0.4833463728427887;0.899751087029775;0.04966527223587036;;inclinandose;frontal
4.97;0.48877522349357605;0.43192484974861145;-0.3699033260345459;0.5250853300094604;0.46394845843315125;-0.21965478360652924;0.46048426628112793;0.4639396369457245;-0.21218889951705933;0.5348577499389648;0.5611734986305237;-0.18181321024894714;0.4568173289299011;0.5671448111534119;-0.16746118664741516;0.513240396976471;0.6216769814491272;-0.004828522447496653;0.47897109389305115;0.6227521896362305;0.004812492523342371;0.5137524008750916;0.7549349069595337;-0.007403878029435873;0.4816461503505707;0.7568047642707825;-0.002354611409828067;0.49394420087337493;0.4117838889360428;-0.38138165771961213;0.5263856053352356;0.6571066379547119;-0.2647133097052574;0.4710000082850456;0.6654177308082581;-0.2523423880338669;0.508318026860555;0.8964089751243591;0.04697753054400285;0.4833439389864604;0.9000997145970663;0.05899782944470644;;inclinandose;frontal
5.0;0.4887631833553314;0.4211646318435669;-0.3609701693058014;0.5254549980163574;0.4559836983680725;-0.20955105125904083;0.4604179859161377;0.4567514657974243;-0.20475786924362183;0.5349578261375427;0.5539429783821106;-0.16499406099319458;0.45620086789131165;0.554857075214386;-0.16065235435962677;0.513117253780365;0.6214058995246887;-0.005236482713371515;0.4789358675479889;0.622471272945404;0.0052073048427701;0.5132323503494263;0.7567650675773621;-0.002149943495169282;0.48121124505996704;0.7578848600387573;0.01500498503446579;0.4940876215696335;0.4002420336008072;-0.37220519185066225;0.5265789479017258;0.6523274630308151;-0.24842769652605057;0.47059234976768494;0.658517375588417;-0.2457311414182186;0.5081518491109213;0.8969203233718872;0.062314623462346695;0.48329516251881915;0.8999597827593485;0.08892044673363368;;inclinandose;frontal
5.03;0.4887159764766693;0.40897637605667114;-0.3356817066669464;0.5258557200431824;0.44913890957832336;-0.18953374028205872;0.46037742495536804;0.45165368914604187;-0.1878603845834732;0.5351285934448242;0.5457671284675598;-0.1449691355228424;0.4554828703403473;0.5496857762336731;-0.1478767991065979;0.5131014585494995;0.6215973496437073;-0.005143959075212479;0.4788892865180969;0.6219841241836548;0.005116626154631376;0.5127967000007629;0.756969153881073;0.0014058779925107956;0.4805811643600464;0.7572068572044373;0.024100398644804955;0.4941699743270874;0.3892808794975281;-0.34530237019062043;0.5269668251276016;0.6460054218769073;-0.22893553972244263;0.4702724292874336;0.6520051807165146;-0.2322995588183403;0.5080061753590902;0.8970419565836588;0.0755190784111619;0.4832240740458171;0.8995245496431986;0.10496244827906291;;inclinandose;frontal
5.07;0.48871368169784546;0.40324893593788147;-0.30231162905693054;0.5262219309806824;0.44532862305641174;-0.16163606941699982;0.4604775309562683;0.4462887942790985;-0.16267725825309753;0.5354220271110535;0.5429580211639404;-0.11622115224599838;0.45477738976478577;0.5443665981292725;-0.12575726211071014;0.5130976438522339;0.6214253902435303;-0.005100475158542395;0.47883400321006775;0.6216060519218445;0.005091876722872257;0.5126096606254578;0.7578544020652771;0.005165913142263889;0.48043984174728394;0.757206380367279;0.02102062478661537;0.4943003386259079;0.3839004456996918;-0.31110472679138185;0.5272948890924454;0.6431268900632858;-0.20181946456432343;0.46956145763397217;0.6471556127071381;-0.21356722712516785;0.5079982678095499;0.8975417017936707;0.07283455847452085;0.48329127828280133;0.8995204170544943;0.09452256187796593;;inclinandose;frontal
5.1;0.48883160948753357;0.3987787663936615;-0.2787335515022278;0.5262486338615417;0.4423437714576721;-0.13793687522411346;0.46042895317077637;0.44541147351264954;-0.144802987575531;0.5356431007385254;0.5376978516578674;-0.08825072646141052;0.45383113622665405;0.5424251556396484;-0.11029888689517975;0.5132133364677429;0.6210686564445496;-0.004861090332269669;0.47881126403808594;0.6211748719215393;0.0048271119594573975;0.5125511288642883;0.7573127150535583;0.0076982406899333;0.4802250862121582;0.7571008205413818;0.016882119700312614;0.49456384778022766;0.3791161209344864;-0.2855192869901657;0.5287726074457169;0.6403438001871109;-0.17435407638549805;0.46849752217531204;0.6431077420711517;-0.19816481694579124;0.508000651995341;0.8980645338694254;0.0646480821693937;0.4833933115005493;0.8997074762980143;0.0798085555434227;;inclinandose;frontal
5.13;0.48902377486228943;0.3959290087223053;-0.278951495885849;0.5261778831481934;0.4402579069137573;-0.13584204018115997;0.46027442812919617;0.4458775520324707;-0.14493253827095032;0.5358444452285767;0.5361519455909729;-0.08464422076940536;0.45270124077796936;0.5421863198280334;-0.11244498193264008;0.5134400725364685;0.6202590465545654;-0.004799889400601387;0.4787878692150116;0.6209426522254944;0.0047755856066942215;0.512506902217865;0.7569785714149475;0.009468981996178627;0.48009979724884033;0.7568902969360352;0.019664226099848747;0.49479451179504397;0.3759712755680084;-0.28485235571861267;0.530998557806015;0.6408346444368362;-0.16886760666966438;0.4672936350107193;0.6428625583648682;-0.1984647996723652;0.5081500212351481;0.8979978362719218;0.067880236543715;0.4834184944629669;0.8995332717895508;0.08395333091417949;;inclinandose;frontal
5.17;0.48928865790367126;0.39303478598594666;-0.2771151661872864;0.5260178446769714;0.43857166171073914;-0.13049659132957458;0.46018582582473755;0.4452083706855774;-0.14296306669712067;0.535755455493927;0.5353997349739075;-0.07577072829008102;0.4517134428024292;0.5416182279586792;-0.1094912588596344;0.5135879516601562;0.6183221936225891;-0.0039404514245688915;0.47850990295410156;0.6205999255180359;0.00388623820617795;0.5124980211257935;0.7566627860069275;0.009123360738158226;0.4801305830478668;0.7569682598114014;0.015917811542749405;0.49497724175453184;0.3728342682123184;-0.2823260575532913;0.5333866626024246;0.6393929719924927;-0.15919425338506699;0.4656296521425247;0.642758771777153;-0.19399039819836617;0.5081933935483297;0.8983039855957031;0.0672063749904434;0.4835844139258067;0.8996562957763672;0.08002878973881404;;inclinandose;frontal
5.2;0.48936352133750916;0.39085862040519714;-0.24750113487243652;0.5258256196975708;0.4379346966743469;-0.10298167169094086;0.4599902033805847;0.44443604350090027;-0.1194063052535057;0.5358012318611145;0.5361097455024719;-0.044712018221616745;0.4513063132762909;0.5417402386665344;-0.08468607813119888;0.5138006210327148;0.6179414391517639;-0.0016948955599218607;0.47849586606025696;0.6204026341438293;0.001626133220270276;0.5124544501304626;0.756533682346344;0.0089803421869874;0.4801683723926544;0.7579463720321655;0.011618084274232388;0.49501744508743284;0.37096371650695803;-0.2512505531311035;0.5352419465780258;0.6406040191650391;-0.12569291703402996;0.46371061354875565;0.6444575637578964;-0.166310865432024;0.5082799394925436;0.8985264698664347;0.07787607982754707;0.4836932122707367;0.8995159467061361;0.08294363381961982;;inclinandose;frontal
5.23;0.4893464148044586;0.3887156546115875;-0.25259432196617126;0.5258007645606995;0.4388623535633087;-0.10943711549043655;0.4598279893398285;0.4454921782016754;-0.12331796437501907;0.5358691811561584;0.535161554813385;-0.053116947412490845;0.45069608092308044;0.543183445930481;-0.08888784795999527;0.5137739181518555;0.61675626039505;-0.0012144586071372032;0.47801291942596436;0.619933009147644;0.0011338586919009686;0.5123689770698547;0.7563828825950623;0.008368633687496185;0.48019880056381226;0.7590601444244385;0.00971516128629446;0.49495161771774293;0.369041782617569;-0.25544392317533493;0.5366239696741104;0.640312671661377;-0.1328783966600895;0.4620257616043091;0.6473792344331741;-0.16991588100790977;0.508653481801351;0.8977958559989929;0.08048586609462897;0.48396920164426166;0.8994640111923218;0.08432319946587086;;inclinandose;frontal
5.27;0.4889236092567444;0.3878205418586731;-0.2463626265525818;0.5256242752075195;0.4391721785068512;-0.10599025338888168;0.459788054227829;0.4454231858253479;-0.11675543338060379;0.535798192024231;0.5358456969261169;-0.05046972259879112;0.45027956366539;0.5435588359832764;-0.08216085284948349;0.5136905908584595;0.6160563826560974;-0.0012862352887168527;0.47755807638168335;0.6194228529930115;0.0012098156148567796;0.5122418403625488;0.7562715411186218;0.005993448197841644;0.48014044761657715;0.7596036791801453;0.008721141144633293;0.49457023441791537;0.3681742876768112;-0.2487903878092766;0.537954717874527;0.6397512257099152;-0.13138634152710438;0.46009646356105804;0.6496816277503967;-0.1642860323190689;0.5089615186055502;0.8973790208498637;0.07926839590072632;0.4840858379999797;0.8994307120641073;0.08554076962172985;;inclinandose;frontal
5.3;0.4883652925491333;0.387026846408844;-0.24908721446990967;0.5256894826889038;0.44076547026634216;-0.10957928746938705;0.4597926139831543;0.44546204805374146;-0.1190357506275177;0.535743772983551;0.5384601354598999;-0.054173845797777176;0.4500451385974884;0.5442132949829102;-0.08341477811336517;0.5136593580245972;0.615827739238739;-0.0012241412186995149;0.4771674871444702;0.6191498041152954;0.0011407051933929324;0.5121250748634338;0.7562189102172852;0.006924099288880825;0.47991281747817993;0.7599188685417175;0.008216197602450848;0.4940459609031677;0.3673482328653336;-0.2517526984214783;0.538588672876358;0.6413443684577942;-0.13273554109036922;0.45860372483730316;0.6513999104499817;-0.16403304412961006;0.5090921322504679;0.897226870059967;0.08324903311828773;0.484088659286499;0.8994641304016113;0.08787073940038681;;inclinandose;frontal
5.33;0.48778024315834045;0.3865908086299896;-0.2439812421798706;0.525710940361023;0.44105732440948486;-0.1060871109366417;0.45979341864585876;0.44567617774009705;-0.11516628414392471;0.5358269810676575;0.5383604764938354;-0.05041823908686638;0.45004570484161377;0.544959306716919;-0.07803215831518173;0.5135804414749146;0.6156026124954224;-0.0011332547292113304;0.47685009241104126;0.6186187267303467;0.0010462418431416154;0.51203453540802;0.756196916103363;0.007462149020284414;0.47970983386039734;0.7599837183952332;0.007858493365347385;0.4934940844774246;0.3668373703956604;-0.24638373404741287;0.5391284823417664;0.6416689306497574;-0.1290255058556795;0.45719295740127563;0.6519642174243927;-0.15805986523628235;0.5091889103253683;0.8971091508865356;0.08499545479814212;0.4840637445449829;0.8994673689206442;0.08767273277044296;;vertical;frontal
5.37;0.48742344975471497;0.3860546946525574;-0.23228834569454193;0.525689423084259;0.44045889377593994;-0.09541742503643036;0.45979657769203186;0.4456155598163605;-0.10617733746767044;0.5360865592956543;0.5371969938278198;-0.041338708251714706;0.45007792115211487;0.5450748801231384;-0.06994544714689255;0.5135437250137329;0.6156482100486755;-0.0005580065189860761;0.47653335332870483;0.6185739040374756;0.00047109651495702565;0.512008786201477;0.7561537027359009;0.006956303026527166;0.47960755228996277;0.7598495483398438;0.005506420042365789;0.49315482676029204;0.3664433300495148;-0.2341931864619255;0.539233386516571;0.6410167813301086;-0.12048370763659477;0.45595890283584595;0.6520337164402008;-0.15060963481664658;0.5092845559120178;0.897218922773997;0.08459350590904553;0.48410021265347797;0.8995832800865173;0.08603592962026596;;vertical;frontal
5.4;0.48709189891815186;0.38556841015815735;-0.22255843877792358;0.5256755352020264;0.439834326505661;-0.08757460117340088;0.459788978099823;0.4461321532726288;-0.0978706106543541;0.5362861752510071;0.5364604592323303;-0.035375531762838364;0.4501221179962158;0.5456511974334717;-0.061992522329092026;0.5134766697883606;0.6164013743400574;-0.0002605245681479573;0.47611352801322937;0.6187576055526733;0.00017827308329287916;0.5119815468788147;0.75617516040802;0.007486777845770121;0.4794336259365082;0.7597469091415405;0.004579530563205481;0.4928575426340103;0.3661007285118103;-0.22416099160909653;0.5393105149269104;0.6403695344924927;-0.11636180616915226;0.45461033284664154;0.6517131477594376;-0.14409926161170006;0.5093688170115153;0.8973149657249451;0.08444669532279174;0.4841333230336507;0.8997106949488322;0.08532723101476829;;vertical;frontal
