segundo;landmark_10_x;landmark_10_y;landmark_10_z;landmark_11_x;landmark_11_y;landmark_11_z;landmark_12_x;landmark_12_y;landmark_12_z;landmark_13_x;landmark_13_y;landmark_13_z;landmark_14_x;landmark_14_y;landmark_14_z;landmark_23_x;landmark_23_y;landmark_23_z;landmark_24_x;landmark_24_y;landmark_24_z;landmark_25_x;landmark_25_y;landmark_25_z;landmark_26_x;landmark_26_y;landmark_26_z;cara_prom_x;cara_prom_y;cara_prom_z;mano_izquierda_prom_x;mano_izquierda_prom_y;mano_izquierda_prom_z;mano_derecha_prom_x;mano_derecha_prom_y;mano_derecha_prom_z;pie_izquierdo_prom_x;pie_izquierdo_prom_y;pie_izquierdo_prom_z;pie_derecho_prom_x;pie_derecho_prom_y;pie_derecho_prom_z;;Etiqueta
0.03;0.4152255654335022;0.291730135679245;-0.16150221228599548;0.4539782404899597;0.3536146283149719;-0.06149625405669212;0.3886374235153198;0.34575992822647095;-0.054509133100509644;0.4607245922088623;0.44859158992767334;-0.027536604553461075;0.38009506464004517;0.44000479578971863;-0.027676748111844063;0.4397474229335785;0.5294245481491089;-0.0093892402946949;0.401673287153244;0.5289856195449829;0.009333287365734577;0.43990814685821533;0.6651331782341003;0.0010594269260764122;0.40445929765701294;0.657822847366333;0.035910993814468384;0.42010789215564726;0.2723599761724472;-0.16355215907096862;0.46149595081806183;0.555618941783905;-0.0992887020111084;0.3819512203335762;0.5469535887241364;-0.10531412623822689;0.43902016679445904;0.7921971281369528;0.0755096860229969;0.40332547823588055;0.787241001923879;0.13267452518145242;;vertical
0.07;0.41528064012527466;0.2914748191833496;-0.13898494839668274;0.4540310204029083;0.3542390465736389;-0.04684877395629883;0.38863810896873474;0.3466716706752777;-0.03429633006453514;0.46075475215911865;0.4488770365715027;-0.01968667283654213;0.38012897968292236;0.44153374433517456;-0.012025579810142517;0.43968692421913147;0.5289469957351685;-0.00957389734685421;0.40175995230674744;0.5288239121437073;0.009535514749586582;0.44008520245552063;0.6612561941146851;-0.002720062853768468;0.40542033314704895;0.6575366854667664;0.01967458985745907;0.4201805621385574;0.27230748236179353;-0.13994595780968666;0.46163781732320786;0.5550686120986938;-0.095915786921978;0.38218211382627487;0.5474899411201477;-0.09117710217833519;0.4399358828862508;0.7910504937171936;0.06985327042639256;0.40396026770273846;0.7872989376386007;0.09835961957772572;;vertical
0.1;0.4155184328556061;0.2914722263813019;-0.13691294193267822;0.4540572166442871;0.3549424707889557;-0.04375249147415161;0.38867294788360596;0.3471817970275879;-0.03171658143401146;0.46074897050857544;0.4487321078777313;-0.01813909411430359;0.380138635635376;0.4420526623725891;-0.009799083694815636;0.4396211802959442;0.528339684009552;-0.00969348568469286;0.4018627107143402;0.5284455418586731;0.009669428691267967;0.44008612632751465;0.6591700911521912;-0.0029131793417036533;0.406013548374176;0.6569494009017944;0.016761913895606995;0.4204433023929596;0.27231859862804414;-0.13775412663817405;0.4617050439119339;0.5534062832593918;-0.0961073562502861;0.3824760988354683;0.5479630827903748;-0.08960208483040333;0.43998350699742633;0.790738602479299;0.06278955920909841;0.4041098455588023;0.7874663273493449;0.09191357592741649;;vertical
0.13;0.4155963957309723;0.29099252820014954;-0.1433493196964264;0.45416802167892456;0.355544775724411;-0.04748181253671646;0.38876858353614807;0.34747058153152466;-0.03682418540120125;0.4607465863227844;0.4502343535423279;-0.0182899571955204;0.3801482617855072;0.4421151876449585;-0.01297718659043312;0.4395730495452881;0.527934730052948;-0.009817006066441536;0.40196213126182556;0.528271496295929;0.009794331155717373;0.4400482475757599;0.6592930555343628;-0.004040023777633905;0.4062943458557129;0.6568459272384644;0.017829930409789085;0.42056400179862974;0.2719604879617691;-0.14460690394043924;0.4616755023598671;0.5530365258455276;-0.101012222468853;0.38261479139328003;0.5480412542819977;-0.09283868223428726;0.43981356422106427;0.7918184995651245;0.06080535613000393;0.4043227930863698;0.7873038450876871;0.09699851398666699;;vertical
0.17;0.41574084758758545;0.29074805974960327;-0.14593766629695892;0.45430439710617065;0.3558456301689148;-0.048821642994880676;0.38893717527389526;0.34774354100227356;-0.03886491060256958;0.4607471227645874;0.45061740279197693;-0.020470257848501205;0.3802245557308197;0.4422376751899719;-0.013910505920648575;0.4395301043987274;0.5275369882583618;-0.009946096688508987;0.4020070433616638;0.5280276536941528;0.009924385696649551;0.4399697184562683;0.6590969562530518;-0.004439318552613258;0.40640878677368164;0.6566075682640076;0.017950834706425667;0.4207538664340973;0.2717845290899277;-0.14738422483205796;0.4616658613085747;0.5527344644069672;-0.10535744205117226;0.38275547325611115;0.548113226890564;-0.09436613693833351;0.4396423002084096;0.7920104265213013;0.05972828976033876;0.40443170070648193;0.7872479359308878;0.09567155316472054;;vertical
0.2;0.41595229506492615;0.29055899381637573;-0.1472351998090744;0.45439913868904114;0.3559810221195221;-0.050057537853717804;0.38918396830558777;0.3479534387588501;-0.03805411979556084;0.4607524871826172;0.4507392942905426;-0.02196650393307209;0.3803711533546448;0.44223150610923767;-0.012316355481743813;0.4395099878311157;0.5273928046226501;-0.010159200057387352;0.40208226442337036;0.5278201699256897;0.010136516764760017;0.43991973996162415;0.6591037511825562;-0.006929023656994104;0.40649014711380005;0.6564555764198303;0.016854245215654373;0.42096745073795316;0.27171272337436675;-0.14862444698810579;0.46160104870796204;0.5525542795658112;-0.10759327188134193;0.38289229571819305;0.5481460988521576;-0.09482923522591591;0.4396304488182068;0.7920795281728109;0.061438311046610274;0.4044460356235504;0.7874047557512919;0.09819090490539868;;vertical
0.23;0.4161650240421295;0.2902277708053589;-0.14759992063045502;0.4544047713279724;0.35597527027130127;-0.05044206231832504;0.3893796503543854;0.34814396500587463;-0.036838676780462265;0.46076998114585876;0.4505772888660431;-0.024489395320415497;0.38051050901412964;0.44231441617012024;-0.010483091697096825;0.4395071566104889;0.527120053768158;-0.010483117774128914;0.40221017599105835;0.5275812745094299;0.010459423996508121;0.43988949060440063;0.6588877439498901;-0.00822220928966999;0.40661707520484924;0.6560550928115845;0.017062736675143242;0.42114668488502505;0.2716306000947952;-0.14897973984479904;0.46149592846632004;0.5522066056728363;-0.1100540068000555;0.38311514258384705;0.548176571726799;-0.09375273995101452;0.43964173396428424;0.7920967737833658;0.061278065123284854;0.40449345111846924;0.7875719666481018;0.10000316550334294;;vertical
0.27;0.4164409041404724;0.2902129292488098;-0.1455766260623932;0.4544238746166229;0.3559626638889313;-0.05025321990251541;0.38961178064346313;0.34820500016212463;-0.03481479361653328;0.4607921838760376;0.45026895403862;-0.024121925234794617;0.38086459040641785;0.4423075318336487;-0.009587021544575691;0.43950554728507996;0.5270395874977112;-0.01055001001805067;0.4023749828338623;0.5274702906608582;0.010528543964028358;0.4398694634437561;0.6586625576019287;-0.010683581233024597;0.40681132674217224;0.6558538675308228;0.017994841560721397;0.4213301599025726;0.27163006067276;-0.14703530669212342;0.4613763093948364;0.5519487112760544;-0.10880617424845695;0.3835771903395653;0.5481870323419571;-0.09350311756134033;0.43968359629313153;0.792274276415507;0.05815973016433418;0.40458839138348895;0.7873971859614054;0.10211473951737086;;vertical
0.3;0.4166477918624878;0.2902282774448395;-0.14623147249221802;0.45448628067970276;0.35595032572746277;-0.050389617681503296;0.3898368775844574;0.34822511672973633;-0.03558782488107681;0.4608544111251831;0.44965067505836487;-0.02503690868616104;0.38131263852119446;0.44226646423339844;-0.010161079466342926;0.43951117992401123;0.526664137840271;-0.010695738717913628;0.40257105231285095;0.5269497036933899;0.010675536468625069;0.4398803114891052;0.6584450602531433;-0.011576526798307896;0.4069296717643738;0.6556505560874939;0.017902901396155357;0.42147596180438995;0.27169432640075686;-0.1474969781935215;0.46134191006422043;0.5515269637107849;-0.11080546863377094;0.38384582847356796;0.548123762011528;-0.09396318718791008;0.43971699476242065;0.7924209634462992;0.057691796333529055;0.40476998686790466;0.7872273325920105;0.10303942362467448;;vertical
0.33;0.4168855547904968;0.2905276417732239;-0.1418912708759308;0.45456770062446594;0.3559378981590271;-0.04727151617407799;0.39005130529403687;0.34838464856147766;-0.03156333416700363;0.46095120906829834;0.4487285315990448;-0.022903863340616226;0.38183704018592834;0.44226160645484924;-0.008210379630327225;0.43953755497932434;0.5264410972595215;-0.010798235423862934;0.40286362171173096;0.5266053080558777;0.010784424841403961;0.43989747762680054;0.6581677198410034;-0.011033713817596436;0.4070332944393158;0.6553259491920471;0.017345361411571503;0.4216595023870468;0.27196988761425017;-0.14326189383864402;0.4613700211048126;0.5508433729410172;-0.10991759598255157;0.3841804414987564;0.5481163412332535;-0.09327653050422668;0.4397302567958832;0.7925202449162801;0.05362250516191125;0.4048616985479991;0.787091871102651;0.09860284129778545;;vertical
0.37;0.417248010635376;0.29113611578941345;-0.1425887793302536;0.45484718680381775;0.35592496395111084;-0.04794512689113617;0.3902566432952881;0.34855905175209045;-0.03320591524243355;0.4611273407936096;0.44771862030029297;-0.023475725203752518;0.38216766715049744;0.4422788918018341;-0.009236497804522514;0.43957948684692383;0.5262224674224854;-0.010808473452925682;0.403051495552063;0.5261380076408386;0.010795907117426395;0.4399285316467285;0.6578410267829895;-0.010491803288459778;0.40715914964675903;0.6546305418014526;0.01597447507083416;0.4219484359025955;0.27244198620319365;-0.14379655122756957;0.4614739716053009;0.5502563267946243;-0.11072678864002228;0.384392149746418;0.5481511950492859;-0.09358405694365501;0.4397372404734294;0.792386790116628;0.054942895813534655;0.40496405959129333;0.7868791818618774;0.0939518225689729;;vertical
0.4;0.41769662499427795;0.2913932800292969;-0.1418730616569519;0.4552270770072937;0.355810284614563;-0.04728986695408821;0.39053529500961304;0.3486689627170563;-0.03316299989819527;0.461286336183548;0.44721415638923645;-0.02296506054699421;0.3824118971824646;0.44231727719306946;-0.009811175055801868;0.4396078586578369;0.5261003971099854;-0.010688244365155697;0.40319180488586426;0.5258212685585022;0.010680025443434715;0.43995922803878784;0.6577909588813782;-0.01009303703904152;0.40730568766593933;0.6541780829429626;0.014286564663052559;0.4223530501127243;0.27257108986377715;-0.14301389828324318;0.46158620715141296;0.5503257662057877;-0.11029333248734474;0.3845122158527374;0.5481545627117157;-0.09375723637640476;0.4397880931695302;0.7918395598729452;0.05647323497881492;0.4050979216893514;0.7867832779884338;0.09158887465794881;;vertical
0.43;0.41800978779792786;0.2914182245731354;-0.13640479743480682;0.4557205140590668;0.35576194524765015;-0.04460572451353073;0.3908502161502838;0.34884175658226013;-0.02995551936328411;0.4613543748855591;0.4471377432346344;-0.022584035992622375;0.3826730251312256;0.4423663914203644;-0.00882160384207964;0.43974369764328003;0.5261061787605286;-0.01040299516171217;0.40341800451278687;0.5257120132446289;0.010400762781500816;0.440165638923645;0.6575088500976562;-0.010050531476736069;0.4073265492916107;0.6537898182868958;0.013402496464550495;0.42264901399612426;0.27257156670093535;-0.13725594878196717;0.4617469534277916;0.5503049492835999;-0.11019890569150448;0.38473185896873474;0.548146203160286;-0.0925917886197567;0.4399503966172536;0.7906394998232523;0.06452325079590082;0.4052366813023885;0.7867264946301779;0.09282632172107697;;vertical
0.47;0.4183327555656433;0.291416198015213;-0.1314915418624878;0.4561942517757416;0.35556066036224365;-0.04225284978747368;0.3910887837409973;0.34904715418815613;-0.02722226269543171;0.4616914391517639;0.44702380895614624;-0.021794501692056656;0.3830341398715973;0.4427124559879303;-0.007085962221026421;0.4401025176048279;0.5261350274085999;-0.010135840624570847;0.4037719666957855;0.5256768465042114;0.01013795007020235;0.44046351313591003;0.6574034094810486;-0.009461576119065285;0.4073663353919983;0.6536678075790405;0.013401377014815807;0.4229575634002686;0.2725318670272827;-0.13204694166779518;0.46205948293209076;0.5503298044204712;-0.10987576842308044;0.3849646747112274;0.5482511669397354;-0.0894852764904499;0.440036674340566;0.7898668646812439;0.06829286739230156;0.40532153844833374;0.7866366108258566;0.09393325323859851;;vertical
0.5;0.4186185300350189;0.2914668917655945;-0.13388696312904358;0.4567682445049286;0.3551520109176636;-0.0437287874519825;0.39133718609809875;0.34934112429618835;-0.028038635849952698;0.4622657001018524;0.446820467710495;-0.022119199857115746;0.3833438456058502;0.4429764747619629;-0.0061750393360853195;0.44076088070869446;0.5261915326118469;-0.01010877639055252;0.4043291509151459;0.5256972908973694;0.010110695846378803;0.4410431385040283;0.6574125289916992;-0.009316147305071354;0.40753641724586487;0.6536808609962463;0.013730976730585098;0.4231787472963333;0.2725232869386673;-0.134747277200222;0.4623927175998688;0.5503065437078476;-0.10977327823638916;0.3851834163069725;0.5484115481376648;-0.08743088319897652;0.4401640792687734;0.789729098478953;0.06929807085543871;0.405424843231837;0.786499559879303;0.0949513887365659;;vertical
0.53;0.41922011971473694;0.29157692193984985;-0.1317148059606552;0.4575805068016052;0.3546062707901001;-0.04249606654047966;0.3917009234428406;0.3496749699115753;-0.026958724483847618;0.46281716227531433;0.4465191066265106;-0.020561913028359413;0.3836914300918579;0.4432986080646515;-0.005443889647722244;0.44149866700172424;0.5262307524681091;-0.010020824149250984;0.4050068259239197;0.5258327126502991;0.010024628601968288;0.4414379298686981;0.6574989557266235;-0.00913466326892376;0.4079633355140686;0.653786301612854;0.013584396801888943;0.4235201567411423;0.27258655726909636;-0.13258859068155288;0.4628570079803467;0.550169050693512;-0.10583864524960518;0.3856041878461838;0.5486169010400772;-0.08584286086261272;0.44034407536188763;0.7896979252497355;0.06921213027089834;0.4054415225982666;0.7863795955975851;0.09476464117566745;;vertical
0.57;0.4195338785648346;0.291585773229599;-0.13239894807338715;0.4585876762866974;0.35449904203414917;-0.04474255442619324;0.392141729593277;0.34977081418037415;-0.027766967192292213;0.4635276198387146;0.4466795027256012;-0.02227795124053955;0.38406047224998474;0.44345203042030334;-0.006051995325833559;0.44229695200920105;0.5264838337898254;-0.009993255138397217;0.40571027994155884;0.5260670781135559;0.009996560402214527;0.4417530596256256;0.6578972935676575;-0.00901127140969038;0.4083584249019623;0.6541466116905212;0.01384209655225277;0.42377757728099824;0.2724660485982895;-0.1334011159837246;0.4633811488747597;0.5502418428659439;-0.10754800401628017;0.3859807327389717;0.5487664490938187;-0.08617455512285233;0.4404953122138977;0.789712131023407;0.07232597408195336;0.405457466840744;0.7864041328430176;0.0960950901110967;;vertical
0.6;0.4198637306690216;0.29174384474754333;-0.13929708302021027;0.4594217836856842;0.3544948399066925;-0.04779207333922386;0.3926519751548767;0.3498133718967438;-0.03240406513214111;0.46431785821914673;0.4471048414707184;-0.022287338972091675;0.3846018314361572;0.4436030089855194;-0.008957786485552788;0.44326555728912354;0.52680504322052;-0.009916276670992374;0.40646374225616455;0.5262718796730042;0.009919397532939911;0.44210490584373474;0.6579892635345459;-0.008847245946526527;0.4088791310787201;0.6543855667114258;0.01344420574605465;0.4240944147109985;0.2724985063076019;-0.14083218276500703;0.46430546045303345;0.5502513498067856;-0.10607962869107723;0.386437252163887;0.5487128645181656;-0.08931092545390129;0.44057541092236835;0.7901786168416342;0.07111580980320771;0.4054798483848572;0.7866031924883524;0.09554216389854749;;vertical
0.63;0.4205707609653473;0.29178300499916077;-0.1468343287706375;0.4602341651916504;0.3545006513595581;-0.05243634805083275;0.39326611161231995;0.34979358315467834;-0.037893302738666534;0.4648189842700958;0.44783782958984375;-0.022747786715626717;0.38514265418052673;0.44366222620010376;-0.012529962696135044;0.44368916749954224;0.5268886089324951;-0.009904608130455017;0.4069500267505646;0.5263376832008362;0.009906559251248837;0.4425232410430908;0.6579703688621521;-0.006349045783281326;0.4094122052192688;0.6543601751327515;0.013487139716744423;0.42475884556770327;0.27250505685806276;-0.14879153221845626;0.46520526707172394;0.5502413809299469;-0.10414349474012852;0.3868008032441139;0.5484964400529861;-0.09241890534758568;0.44068215290705365;0.7903414765993754;0.06852500792592764;0.405448983112971;0.7866673469543457;0.09377711887160937;;vertical
0.67;0.4215796887874603;0.2918069660663605;-0.14748600125312805;0.46067363023757935;0.3544577956199646;-0.05219404026865959;0.39384305477142334;0.3497549891471863;-0.039151083678007126;0.4653150737285614;0.447848916053772;-0.02202303521335125;0.3853340744972229;0.44378307461738586;-0.014161130413413048;0.44400426745414734;0.5269451141357422;-0.009754858911037445;0.40733590722084045;0.5263492465019226;0.00975680910050869;0.44284719228744507;0.6579765677452087;-0.005420350469648838;0.40963178873062134;0.6543282270431519;0.013297724537551403;0.42568531036376955;0.2725143641233444;-0.1491888388991356;0.46598494052886963;0.5502889007329941;-0.1002884078770876;0.3872363120317459;0.5484568625688553;-0.093110091984272;0.440854678551356;0.7904742360115051;0.06622845151772101;0.4053315222263336;0.7871200442314148;0.08985364188750584;;vertical
0.7;0.4223363697528839;0.29180994629859924;-0.16649115085601807;0.4613410234451294;0.3544796407222748;-0.06604986637830734;0.3944236934185028;0.3498108983039856;-0.055439986288547516;0.4658397138118744;0.4499875605106354;-0.029332619160413742;0.38566622138023376;0.44410717487335205;-0.0268599484115839;0.4447237551212311;0.527090847492218;-0.009076215326786041;0.40782299637794495;0.526352047920227;0.009062027558684349;0.4432392716407776;0.6579717397689819;-0.004303779918700457;0.40959981083869934;0.6543124914169312;0.012895705178380013;0.42651891708374023;0.2725105434656143;-0.16841197535395622;0.4668887183070183;0.5512089282274246;-0.1017747949808836;0.38784434646368027;0.5484348982572556;-0.10276605561375618;0.44097526868184406;0.7905250390370687;0.06768328106651704;0.4052094519138336;0.7873909672101339;0.08938698470592499;;vertical
0.73;0.4232833683490753;0.2918473780155182;-0.18131618201732635;0.4619213938713074;0.3544134199619293;-0.07652492076158524;0.3949488401412964;0.34985437989234924;-0.06881614774465561;0.4670673906803131;0.4510810673236847;-0.035290203988552094;0.38634875416755676;0.4447169601917267;-0.036913566291332245;0.4452194571495056;0.5275935530662537;-0.007886931300163269;0.40832722187042236;0.5264632701873779;0.007851946167647839;0.4436781406402588;0.6584672331809998;-0.004381153732538223;0.4094056189060211;0.6543132662773132;0.011900262907147408;0.4274158328771591;0.2725121706724167;-0.18360036462545395;0.4675499126315117;0.552539512515068;-0.10697609931230545;0.38839365541934967;0.548700749874115;-0.11207913234829903;0.44103963176409405;0.7912021478017172;0.07263842783868313;0.4050443669160207;0.7873904705047607;0.09000826502839725;;vertical
0.77;0.4242328405380249;0.2918466329574585;-0.1842019110918045;0.46245187520980835;0.35437700152397156;-0.07778060436248779;0.39539265632629395;0.34990426898002625;-0.07170628011226654;0.46845555305480957;0.4510994553565979;-0.03585102781653404;0.3868113160133362;0.44530707597732544;-0.03968716040253639;0.44590580463409424;0.5281528830528259;-0.0069015249609947205;0.40884798765182495;0.5266658067703247;0.006855674088001251;0.44415631890296936;0.6588256359100342;-0.005995599552989006;0.4089253544807434;0.6546267867088318;0.010819998569786549;0.4282193034887314;0.2724661111831665;-0.18614812046289445;0.4686279967427254;0.5527637451887131;-0.1094222143292427;0.38870327919721603;0.5489382743835449;-0.11603566445410252;0.4410449167092641;0.7918217380841573;0.07839006309707959;0.40505868196487427;0.7868790229161581;0.09718885024388631;;vertical
0.8;0.4246588349342346;0.29183197021484375;-0.18446913361549377;0.4629673361778259;0.3543474078178406;-0.0771203488111496;0.3958403468132019;0.34993040561676025;-0.07330968976020813;0.4694202244281769;0.45093104243278503;-0.035232413560152054;0.3870418071746826;0.44547829031944275;-0.04242381080985069;0.44622501730918884;0.5285652875900269;-0.00563530158251524;0.40910130739212036;0.5266996622085571;0.005588675383478403;0.4446569085121155;0.6589277386665344;-0.006823231931775808;0.40818819403648376;0.6549389362335205;0.011038888245821;0.4286037176847458;0.2724302768707275;-0.18640528321266175;0.4700961485505104;0.5526699721813202;-0.10927911289036274;0.3890795335173607;0.5489375442266464;-0.11838331073522568;0.4408935109774272;0.7922690113385519;0.07708173183103402;0.40553534030914307;0.7860840757687887;0.10301132127642632;;vertical
0.83;0.4255886673927307;0.2917855381965637;-0.18509303033351898;0.4632840156555176;0.3542746901512146;-0.07444578409194946;0.3961597681045532;0.3499779999256134;-0.07431263476610184;0.47009503841400146;0.4506343603134155;-0.03468521684408188;0.3872656524181366;0.44548240303993225;-0.04342265799641609;0.44633808732032776;0.5289690494537354;-0.004279029089957476;0.40924370288848877;0.5267156362533569;0.004234447609633207;0.44493159651756287;0.6590410470962524;-0.007063680794090033;0.40781253576278687;0.6558906435966492;0.010280493646860123;0.4293350428342819;0.27236843705177305;-0.18676234930753707;0.4715029448270798;0.5526182800531387;-0.10716407001018524;0.3892163336277008;0.548906609416008;-0.11892335675656796;0.4405143658320109;0.7924870649973551;0.08238617765406768;0.4060729543368022;0.7847023606300354;0.10640572135647137;;vertical
0.87;0.42706626653671265;0.29186028242111206;-0.18881428241729736;0.46332165598869324;0.3542206883430481;-0.07271667569875717;0.3961522877216339;0.35002776980400085;-0.08042237162590027;0.47032430768013;0.4506182074546814;-0.023150881752371788;0.38731423020362854;0.4460046887397766;-0.05122610181570053;0.44648477435112;0.5298207402229309;9,63E+10;0.4095626771450043;0.527018666267395;-0.00014257070142775774;0.4450320601463318;0.6595830321311951;-0.013689502142369747;0.4074059724807739;0.6569740176200867;0.007669608574360609;0.43030917048454287;0.2723817825317383;-0.18993037790060044;0.4729790985584259;0.5525797307491302;-0.10337833315134048;0.3894178792834282;0.5488381534814835;-0.12694005481898785;0.43946314851442975;0.7917776306470236;0.09617500255505244;0.40687065323193866;0.7810150782267252;0.12632043908039728;;vertical
0.9;0.428257018327713;0.2920200526714325;-0.18733550608158112;0.4632294774055481;0.3541703522205353;-0.06021255999803543;0.3960844576358795;0.35007795691490173;-0.0837308019399643;0.4705083668231964;0.45091864466667175;-0.009328586980700493;0.38732439279556274;0.4470977485179901;-0.056701309978961945;0.44655048847198486;0.5303587913513184;0.006078202743083239;0.4097370505332947;0.5276340842247009;-0.0061403061263263226;0.4451446235179901;0.6606542468070984;-0.013415433466434479;0.4075542986392975;0.6580230593681335;-0.00430508516728878;0.4310198724269867;0.2724060624837875;-0.1880001410841942;0.4745791554450989;0.5529991388320923;-0.09735519625246525;0.38991766422986984;0.5489420294761658;-0.1310778632760048;0.43889275193214417;0.7914958000183105;0.11141577487190564;0.40754255652427673;0.7804644902547201;0.12309773763020833;;vertical
0.93;0.4286527931690216;0.2920414209365845;-0.18564511835575104;0.463214635848999;0.35404738783836365;-0.04418177902698517;0.39602893590927124;0.35008108615875244;-0.09199033677577972;0.4703086018562317;0.4513517916202545;0.006791105028241873;0.38731643557548523;0.4476762115955353;-0.06881492584943771;0.44648510217666626;0.531566321849823;0.017936881631612778;0.40974706411361694;0.5286596417427063;-0.01800859160721302;0.44519954919815063;0.6638175249099731;-0.004924743436276913;0.40778738260269165;0.6630163788795471;-0.025984376668930054;0.4312319427728653;0.2723920375108719;-0.18606435582041742;0.4751557558774948;0.5537136942148209;-0.08862103894352913;0.39067573845386505;0.5494365692138672;-0.1422779131680727;0.43869033455848694;0.7928367455800375;0.12966998418172201;0.40674248337745667;0.7877007722854614;0.10042642677823703;;vertical
0.97;0.4286758005619049;0.29201698303222656;-0.18257884681224823;0.46271440386772156;0.35404476523399353;-0.03688301518559456;0.39577221870422363;0.3500540852546692;-0.09105227887630463;0.47016727924346924;0.45131275057792664;0.010684851557016373;0.38673484325408936;0.4476522207260132;-0.06935910135507584;0.4463529884815216;0.531923234462738;0.022353071719408035;0.40976864099502563;0.5292721390724182;-0.022399965673685074;0.4451744854450226;0.6643930077552795;0.0016434466233476996;0.40845003724098206;0.6650784015655518;-0.03422028198838234;0.4312017261981964;0.2722621619701385;-0.18288158774375915;0.4762597531080246;0.5545105636119843;-0.08349545486271381;0.3910395875573158;0.5497961491346359;-0.14186612516641617;0.4387306769688924;0.7940312027931213;0.11711906765898068;0.4074532886346181;0.7974593043327332;0.06709816896667083;;vertical
1.0;0.42927366495132446;0.29247933626174927;-0.18116144835948944;0.4611890912055969;0.3542967140674591;-0.028918473049998283;0.39513278007507324;0.3500986695289612;-0.09441892057657242;0.4690769910812378;0.4510717988014221;0.020325401797890663;0.38604336977005005;0.44771119952201843;-0.07421546429395676;0.4460533559322357;0.5319170951843262;0.02435932122170925;0.4097675085067749;0.5297805666923523;-0.02439168654382229;0.4451543986797333;0.664611279964447;0.004736470058560371;0.4091385304927826;0.6671526432037354;-0.03703668341040611;0.4313499391078949;0.27245881259441374;-0.17805540934205055;0.476408913731575;0.5542450845241547;-0.07355673797428608;0.3914155960083008;0.550270140171051;-0.14402015879750252;0.4385978877544403;0.7958897749582926;0.10972180465857188;0.40753574172655743;0.8013817071914673;0.05559507788469394;;girando
1.03;0.4315733015537262;0.29436808824539185;-0.17026568949222565;0.4587949812412262;0.3547689616680145;-0.01903844252228737;0.39452287554740906;0.3505476713180542;-0.1077410876750946;0.4675805866718292;0.4498184621334076;0.03224770352244377;0.38533440232276917;0.44847971200942993;-0.09249401837587357;0.44547775387763977;0.5319247245788574;0.02545621246099472;0.40983670949935913;0.5307450890541077;-0.025462593883275986;0.4451386332511902;0.6643062829971313;0.006564830429852009;0.4097503423690796;0.6686462759971619;-0.03738298639655113;0.43212375342845916;0.27406958639621737;-0.1654052421450615;0.47617287933826447;0.5534131228923798;-0.055989389307796955;0.39183633029460907;0.5515531450510025;-0.15333212912082672;0.4384857714176178;0.7962109446525574;0.10596879571676254;0.4086325267950694;0.8019502361615499;0.0516455564647913;;girando
1.07;0.43163028359413147;0.29607445001602173;-0.16417250037193298;0.45568132400512695;0.3547784090042114;-0.01754048466682434;0.39308449625968933;0.35101401805877686;-0.11150285601615906;0.4658695459365845;0.4488571286201477;0.034330371767282486;0.38407742977142334;0.44966498017311096;-0.09751524031162262;0.44497111439704895;0.5317733287811279;0.025884374976158142;0.4098503887653351;0.5312409996986389;-0.025880340486764908;0.44512540102005005;0.6635104417800903;0.006808517035096884;0.4104762077331543;0.6689165830612183;-0.03985188156366348;0.43189706206321715;0.2758382558822632;-0.16003936752676964;0.475878082215786;0.5520957708358765;-0.04974888823926449;0.3922902122139931;0.5532158017158508;-0.1537250019609928;0.43837324778238934;0.7962206999460856;0.10167230914036433;0.40941620866457623;0.8020651539166769;0.040825619672735534;;girando
1.1;0.431942343711853;0.2959645092487335;-0.1436472237110138;0.45182377099990845;0.35470059514045715;0.009216691367328167;0.3921416401863098;0.351321816444397;-0.12039678543806076;0.4635402262210846;0.44397518038749695;0.06072332710027695;0.3831970691680908;0.45103922486305237;-0.11559785902500153;0.4444614052772522;0.5316606760025024;0.03677578642964363;0.4100631773471832;0.5319759845733643;-0.03674633055925369;0.44510501623153687;0.6626591086387634;0.01678907871246338;0.4114690124988556;0.6689165234565735;-0.04952686280012131;0.4318057507276535;0.275976824760437;-0.13736219108104705;0.47478295862674713;0.5427853316068649;-0.022075648652389646;0.3927241787314415;0.5551746487617493;-0.16489680483937263;0.4382935067017873;0.7959672808647156;0.10296432425578435;0.4098925292491913;0.8029342889785767;0.025342802206675213;;girando
1.13;0.4318675696849823;0.29713764786720276;-0.13489101827144623;0.44868698716163635;0.354408860206604;0.01470668613910675;0.3915201723575592;0.3517901599407196;-0.12062082439661026;0.4616183042526245;0.4428764581680298;0.062188826501369476;0.38275325298309326;0.4530925750732422;-0.11689384281635284;0.44318222999572754;0.5316407680511475;0.040775150060653687;0.41007861495018005;0.5331409573554993;-0.04074612632393837;0.4444458782672882;0.6623783111572266;0.025033600628376007;0.4114626348018646;0.6699872612953186;-0.05084562674164772;0.43145975172519685;0.2773297280073166;-0.12955590039491655;0.47449246048927307;0.5434084087610245;-0.018363052658969536;0.393266923725605;0.5584579706192017;-0.16261212527751923;0.4377670884132385;0.7948180437088013;0.10813167939583461;0.4101051688194275;0.8043001691500345;0.02315181369582812;;girando
1.17;0.43163806200027466;0.2992057800292969;-0.1424851268529892;0.4461144804954529;0.3537691533565521;0.013733399100601673;0.39068394899368286;0.3525124192237854;-0.13211603462696075;0.4566819965839386;0.4416376054286957;0.06209417060017586;0.3819884657859802;0.4544099271297455;-0.13091756403446198;0.4419790208339691;0.5316277146339417;0.04405658692121506;0.41005581617355347;0.5338906049728394;-0.04402465745806694;0.44342944025993347;0.6620614528656006;0.036224279552698135;0.4115309417247772;0.6702690720558167;-0.05076835677027702;0.4308700680732727;0.2792708694934845;-0.13676030784845353;0.4719000533223152;0.5408423542976379;-0.018823635211447254;0.39431023597717285;0.5607652962207794;-0.17584776505827904;0.43751204013824463;0.7943698763847351;0.11857939759890239;0.41037190953890484;0.8045586744944254;0.023790642619132996;;girando
1.2;0.43170368671417236;0.3015250265598297;-0.1436019241809845;0.44379255175590515;0.3537341058254242;0.014564676210284233;0.3903482258319855;0.3527299463748932;-0.14394722878932953;0.4532124102115631;0.4419141411781311;0.06320072710514069;0.38159385323524475;0.45484593510627747;-0.1478833556175232;0.4403764009475708;0.5315033793449402;0.04405724257230759;0.4097677171230316;0.5340210795402527;-0.04402824118733406;0.44145238399505615;0.6618404984474182;0.033189862966537476;0.4114750325679779;0.669913649559021;-0.046636953949928284;0.43085930347442625;0.28113861083984376;-0.13705508410930634;0.47052423655986786;0.5393840670585632;-0.01454362936783582;0.39469606429338455;0.5614957064390182;-0.19176366925239563;0.437007079521815;0.7949771682421366;0.11310542623202006;0.41040756305058795;0.8039214412371317;0.026967187722524006;;girando
1.23;0.4315856695175171;0.30308616161346436;-0.13741534948349;0.4397437274456024;0.3536016345024109;0.02130989171564579;0.3899007737636566;0.352960467338562;-0.15548336505889893;0.44675880670547485;0.44108542799949646;0.06915325671434402;0.38150185346603394;0.4561188817024231;-0.16513986885547638;0.4379071593284607;0.5314969420433044;0.049077317118644714;0.4092192053794861;0.5342131853103638;-0.049046602100133896;0.44076627492904663;0.6610787510871887;0.04824187979102135;0.4113553464412689;0.6695943474769592;-0.043854475021362305;0.43051700592041015;0.28235468864440916;-0.12886678241193295;0.4661993533372879;0.5362981259822845;-0.002508208027393266;0.3948652148246765;0.5623363852500916;-0.20170650258660316;0.4364362855752309;0.7947240471839905;0.12055767327547073;0.4114258984724681;0.803365151087443;0.029971154406666756;;girando
1.27;0.4313499927520752;0.3038153350353241;-0.1152338981628418;0.4350864589214325;0.3535384237766266;0.03559156134724617;0.3898724615573883;0.3530244827270508;-0.1610395312309265;0.4438275396823883;0.4407750070095062;0.08010067790746689;0.3813944458961487;0.4563111960887909;-0.17765869200229645;0.43438202142715454;0.5314190983772278;0.05561823397874832;0.4078601598739624;0.5340977907180786;-0.05561467260122299;0.43951237201690674;0.6605420708656311;0.07012137025594711;0.41026535630226135;0.6694377660751343;-0.042709264904260635;0.42991216778755187;0.2827219933271408;-0.10514524430036545;0.4644601568579674;0.5357424914836884;0.018142886401619762;0.39491499215364456;0.5631883591413498;-0.20145127549767494;0.43757789333661395;0.7948091228802999;0.12391373266776402;0.4122881293296814;0.8043014407157898;0.01670178895195325;;girando
1.3;0.43104881048202515;0.30436447262763977;-0.11545825749635696;0.43032094836235046;0.3537493944168091;0.03556595370173454;0.38995087146759033;0.35308167338371277;-0.17345887422561646;0.4404420554637909;0.4409264624118805;0.07785138487815857;0.38146811723709106;0.4566912353038788;-0.19424787163734436;0.4297477900981903;0.5313980579376221;0.06058240309357643;0.4054733216762543;0.5340538024902344;-0.0606144554913044;0.43884313106536865;0.659672200679779;0.07643455266952515;0.4084855318069458;0.6694465279579163;-0.04282670468091965;0.4294861525297165;0.28277960419654846;-0.10471243672072887;0.4613810107111931;0.5364609956741333;0.020065174961928278;0.39488352090120316;0.5650511980056763;-0.2119348868727684;0.4407702684402466;0.7946024735768636;0.12453658630450566;0.41252002120018005;0.8047568798065186;0.010609395802021027;;girando
1.33;0.43086519837379456;0.30397939682006836;-0.11585599929094315;0.42677775025367737;0.3536943793296814;0.03748388960957527;0.3900551199913025;0.352317214012146;-0.18522045016288757;0.43596041202545166;0.44123390316963196;0.07942976802587509;0.38169100880622864;0.4565415680408478;-0.21070781350135803;0.42649492621421814;0.5313896536827087;0.06559877842664719;0.4042792320251465;0.5342968702316284;-0.06564783304929733;0.4372619390487671;0.6587863564491272;0.10097794234752655;0.4071345925331116;0.670956015586853;-0.03729936480522156;0.4291250705718994;0.2825492262840271;-0.10451317727565765;0.4574187770485878;0.5370776504278183;0.024195255362428725;0.39487525820732117;0.5652436017990112;-0.22635427489876747;0.4415615399678548;0.7929290731747946;0.16178563237190247;0.4123348891735077;0.8052687446276346;0.022420169785618782;;girando
1.37;0.4308256506919861;0.3038470149040222;-0.12366768717765808;0.42459020018577576;0.35352978110313416;0.034567974507808685;0.39076924324035645;0.3518109917640686;-0.20320993661880493;0.43185001611709595;0.44302496314048767;0.07997231185436249;0.38222736120224;0.4564279615879059;-0.23124197125434875;0.42524316906929016;0.5315222144126892;0.07001828402280807;0.4044928252696991;0.5343558192253113;-0.07007858902215958;0.43578749895095825;0.6558901071548462;0.1228034719824791;0.4071740210056305;0.6709239482879639;-0.030200820416212082;0.4290324538946152;0.28228082656860354;-0.1135320819914341;0.4536665081977844;0.5382534861564636;0.02829708275385201;0.39491426199674606;0.565630778670311;-0.24666382372379303;0.4400712152322133;0.7891295949618021;0.20147746801376343;0.4135257701079051;0.80472332239151;0.03650131976852814;;girando
1.4;0.4307922422885895;0.3026629686355591;-0.12047620862722397;0.42207080125808716;0.3533984422683716;0.04286068305373192;0.3923684358596802;0.3499037027359009;-0.20410318672657013;0.4251547157764435;0.44458839297294617;0.08828629553318024;0.383931428194046;0.4563502371311188;-0.23447705805301666;0.4240416884422302;0.531532347202301;0.07318785786628723;0.40471193194389343;0.5343801379203796;-0.07323960214853287;0.43362995982170105;0.6539782881736755;0.13688842952251434;0.40577664971351624;0.6706373691558838;-0.029421836137771606;0.42886262834072114;0.2811798334121704;-0.1087405677884817;0.4465172737836838;0.5384731441736221;0.03777535445988178;0.39502880722284317;0.5657932013273239;-0.24926051869988441;0.4360862572987874;0.7855329712231954;0.22776627043883005;0.41377028822898865;0.8054401477177938;0.034615243785083294;;girando
1.43;0.43065834045410156;0.302206814289093;-0.12413597106933594;0.4193047881126404;0.3535967767238617;0.039515066891908646;0.39330798387527466;0.3499580919742584;-0.21496008336544037;0.4201657772064209;0.4473319351673126;0.0847550705075264;0.3853910267353058;0.4569476246833801;-0.24821726977825165;0.42339712381362915;0.5329642295837402;0.07465196400880814;0.40485313534736633;0.5362186431884766;-0.07469858229160309;0.4315541684627533;0.6524025201797485;0.15517310798168182;0.4051038324832916;0.6705334782600403;-0.016525065526366234;0.4285122871398926;0.28074800670146943;-0.11379917301237583;0.43957483023405075;0.5390946120023727;0.03236989863216877;0.3953920751810074;0.5684738457202911;-0.2646583244204521;0.4340408841768901;0.7835628787676493;0.26543282965819043;0.41402488946914673;0.8049798210461935;0.060268918673197426;;girando
1.47;0.43036460876464844;0.3014100193977356;-0.1257936656475067;0.413989394903183;0.3532295823097229;0.03713947534561157;0.3951093554496765;0.3499690592288971;-0.2184295952320099;0.40978431701660156;0.44846826791763306;0.07415806502103806;0.3864815831184387;0.4568778872489929;-0.25235140323638916;0.42050299048423767;0.5338066220283508;0.07933784276247025;0.40488535165786743;0.5371049642562866;-0.07939720898866653;0.42766305804252625;0.6521490216255188;0.1868436634540558;0.4053444266319275;0.6698765158653259;-0.0025326095055788755;0.4280748933553696;0.28038070201873777;-0.11568758003413677;0.41937756538391113;0.5439506322145462;0.012541455333121121;0.3956734240055084;0.5688916593790054;-0.26085277274250984;0.4285310705502828;0.7795307437578837;0.3170654575030009;0.414371520280838;0.8045455018679301;0.08651820321877797;;girando
1.5;0.4300474524497986;0.3005467355251312;-0.1266629844903946;0.4090588390827179;0.3522498905658722;0.03724053502082825;0.39702916145324707;0.34997692704200745;-0.22222693264484406;0.40417203307151794;0.45025235414505005;0.06101604178547859;0.3892490565776825;0.45694541931152344;-0.2533274292945862;0.41553983092308044;0.5346043109893799;0.08364266902208328;0.4049523174762726;0.5377351641654968;-0.08371518552303314;0.42236220836639404;0.652415931224823;0.20315471291542053;0.40549227595329285;0.6684491634368896;0.0026937327347695827;0.4274006992578506;0.27982357442378997;-0.11590102538466454;0.4054979681968689;0.5545937865972519;0.0008396027842536569;0.3968447893857956;0.5693414062261581;-0.25048237666487694;0.42400147517522174;0.7791240612665812;0.3454255163669586;0.4140845437844594;0.8055768410364786;0.0916656864186128;;girando
1.53;0.42983442544937134;0.2987918257713318;-0.12813660502433777;0.4067344069480896;0.3513542115688324;0.0377887599170208;0.39888709783554077;0.3499505817890167;-0.22638748586177826;0.4012719392776489;0.4536113142967224;0.06074299290776253;0.3910788893699646;0.4577431380748749;-0.25838977098464966;0.4122411012649536;0.5373945832252502;0.0863209217786789;0.40502670407295227;0.5399629473686218;-0.08642616122961044;0.41743212938308716;0.6544033885002136;0.21866659820079803;0.40565115213394165;0.6684362888336182;0.019441435113549232;0.42693407237529757;0.27871173620224;-0.11709291227161885;0.40370452404022217;0.5595397502183914;0.0013658593270520214;0.3977961465716362;0.5703472346067429;-0.2561804763972759;0.41918569803237915;0.7792391777038574;0.37160974740982056;0.4135020275910695;0.8067244291305542;0.1290586143732071;;girando
1.57;0.42968279123306274;0.29721787571907043;-0.12834122776985168;0.4045654237270355;0.3495672643184662;0.03936838358640671;0.40020012855529785;0.34930336475372314;-0.22742454707622528;0.4026559889316559;0.45360296964645386;0.061294831335544586;0.3934832215309143;0.45771071314811707;-0.2599462866783142;0.41013866662979126;0.5377817153930664;0.087734654545784;0.40506768226623535;0.54026198387146;-0.08785645663738251;0.4153116047382355;0.6556608080863953;0.21582293510437012;0.40573814511299133;0.6687256693840027;0.01815100386738777;0.4265769958496094;0.27758448123931884;-0.11737428493797779;0.404249370098114;0.559296503663063;0.005084374104626477;0.3996654897928238;0.5700266361236572;-0.26032784581184387;0.4167249898115794;0.779312531153361;0.3645193576812744;0.41243915756543476;0.8069922924041748;0.12704210728406906;;girando
1.6;0.42891713976860046;0.2960972487926483;-0.13220933079719543;0.4027368426322937;0.3487361967563629;0.037378329783678055;0.40080171823501587;0.34929725527763367;-0.23206734657287598;0.4000454246997833;0.45362845063209534;0.06097466126084328;0.39443039894104004;0.4581165015697479;-0.2660539150238037;0.40878960490226746;0.537793755531311;0.0876208245754242;0.40511560440063477;0.5405310392379761;-0.08775169402360916;0.41370266675949097;0.6547331213951111;0.2221352756023407;0.4055746793746948;0.6686890125274658;0.00806839857250452;0.42552390694618225;0.27680847644805906;-0.11928081922233105;0.4017490819096565;0.5599714517593384;0.004859594977460802;0.40167663246393204;0.5697484761476517;-0.27210648357868195;0.41352248191833496;0.7760822971661886;0.3766081631183624;0.4113215704758962;0.8067262371381124;0.10075363889336586;;girando
1.63;0.4286371171474457;0.2955569922924042;-0.12981243431568146;0.4007343053817749;0.3478791117668152;0.03844672814011574;0.40122148394584656;0.3488173484802246;-0.2261214405298233;0.3979249894618988;0.45335355401039124;0.060065753757953644;0.3949468433856964;0.4580629765987396;-0.2579953372478485;0.40545880794525146;0.5376126170158386;0.08698352426290512;0.40489935874938965;0.5403956770896912;-0.08711036294698715;0.41063806414604187;0.6537314057350159;0.20486287772655487;0.404443621635437;0.6693623065948486;0.003178295912221074;0.42513457536697385;0.2763289362192154;-0.11654867455363274;0.4008657857775688;0.5607523024082184;0.0035353863204363734;0.4037924110889435;0.5695645362138748;-0.26079387962818146;0.41068097949028015;0.7755640149116516;0.3454725444316864;0.40920817852020264;0.8065394163131714;0.09351751208305359;;girando
1.67;0.4283439815044403;0.2953922152519226;-0.12092772871255875;0.3992999792098999;0.34654921293258667;0.04550440236926079;0.40139690041542053;0.347666472196579;-0.21992544829845428;0.3972901999950409;0.4531012773513794;0.06346035748720169;0.39554283022880554;0.457647442817688;-0.2517582178115845;0.40147629380226135;0.5339326858520508;0.08674518764019012;0.404384046792984;0.5381476879119873;-0.08686039596796036;0.4063045084476471;0.6497932076454163;0.1906697005033493;0.4039592444896698;0.6670960187911987;-0.011503808200359344;0.4247633725404739;0.2762483865022659;-0.10802238695323467;0.3997252956032753;0.5604569017887115;0.00935689575271681;0.40689386427402496;0.5679550468921661;-0.25887757539749146;0.40578047434488934;0.7706872622172037;0.3194719652334849;0.40761425097783405;0.8060472210248312;0.055700638641913734;;girando
1.7;0.4277559816837311;0.2942882478237152;-0.11910196393728256;0.39785128831863403;0.3456980884075165;0.04326247423887253;0.4021267294883728;0.34715524315834045;-0.21709632873535156;0.3969792425632477;0.4533294439315796;0.05843665078282356;0.39789751172065735;0.4583292603492737;-0.24731768667697906;0.4009782075881958;0.5337993502616882;0.08483163267374039;0.40421849489212036;0.5374830365180969;-0.08494719117879868;0.40503445267677307;0.650023877620697;0.18818449974060059;0.4031120538711548;0.6668246388435364;-0.0017065532738342881;0.4241463989019394;0.27574839293956754;-0.10661609582602978;0.4012144207954407;0.5605910867452621;0.0019142399105476215;0.40935737639665604;0.5678980201482773;-0.2441621981561184;0.40207483371098834;0.7699572443962097;0.3147714138031006;0.4059065381685893;0.8061491250991821;0.07922238608201344;;girando
1.73;0.42571187019348145;0.29391205310821533;-0.11150155961513519;0.39530929923057556;0.34584954380989075;0.04748336225748062;0.403374046087265;0.34719404578208923;-0.2140340805053711;0.39303508400917053;0.4536246359348297;0.059281352907419205;0.4020621180534363;0.45863544940948486;-0.24131658673286438;0.39822834730148315;0.5342864990234375;0.08492082357406616;0.4040244519710541;0.5384112000465393;-0.08506444096565247;0.40376731753349304;0.6506211757659912;0.18484389781951904;0.4022165834903717;0.6678885221481323;0.0004157036019023508;0.4221729576587677;0.2754179358482361;-0.09913000762462616;0.39764855057001114;0.5606158226728439;0.004517861758358777;0.4114980399608612;0.5680532455444336;-0.22657209262251854;0.40158982078234357;0.7714522480964661;0.31236852208773297;0.4047851661841075;0.8076486587524414;0.0861481452981631;;girando
1.77;0.4229547381401062;0.29397425055503845;-0.10129693895578384;0.39384186267852783;0.3459758758544922;0.054495640099048615;0.4044645130634308;0.34771373867988586;-0.20388394594192505;0.390506774187088;0.4544435739517212;0.06513112783432007;0.40520721673965454;0.4590546190738678;-0.2282860279083252;0.395715594291687;0.5344707369804382;0.08484166860580444;0.40325313806533813;0.5399086475372314;-0.08500315994024277;0.40259552001953125;0.650795042514801;0.1833777129650116;0.40130704641342163;0.6684274673461914;-0.001270464388653636;0.41992366015911103;0.2754236102104187;-0.0893588900566101;0.3934963345527649;0.5619729310274124;0.011748817778425291;0.4124952107667923;0.5681426525115967;-0.21167005598545074;0.40266796946525574;0.7724430163701376;0.3094055751959483;0.4046383698781331;0.8086379170417786;0.07934192940592766;;girando
1.8;0.42063724994659424;0.2940315902233124;-0.0934658870100975;0.3922019898891449;0.34599873423576355;0.06161094456911087;0.40516647696495056;0.34774747490882874;-0.1961004137992859;0.38850778341293335;0.45434626936912537;0.07416171580553055;0.4086066484451294;0.45901963114738464;-0.21985174715518951;0.39432960748672485;0.5338618755340576;0.08486755192279816;0.4024389386177063;0.5399214625358582;-0.08503671735525131;0.40209853649139404;0.6508554220199585;0.1787743866443634;0.39993366599082947;0.6684250235557556;-0.0059149377048015594;0.4181562691926956;0.27552386522293093;-0.08177619557827712;0.3940032869577408;0.5599345713853836;0.02263304451480508;0.4133650064468384;0.5678872466087341;-0.202882818877697;0.40159467856089276;0.7731516162554423;0.29226383566856384;0.40398548046747845;0.8090539773305258;0.06941822916269302;;girando
1.83;0.4179845154285431;0.29404574632644653;-0.08144165575504303;0.3888922929763794;0.3460235595703125;0.06146629527211189;0.4055446684360504;0.34785667061805725;-0.18611295521259308;0.38556554913520813;0.45425885915756226;0.07392744719982147;0.4095481038093567;0.45897409319877625;-0.20919089019298553;0.39208757877349854;0.5336434245109558;0.08443256467580795;0.40052738785743713;0.5398741364479065;-0.08458641916513443;0.40205562114715576;0.6509695053100586;0.17271743714809418;0.3989458978176117;0.6684247851371765;-0.009715964086353779;0.4158311069011688;0.2757031887769699;-0.07056585550308228;0.38942598551511765;0.5606839954853058;0.027703027706593275;0.41318777948617935;0.5680046528577805;-0.19450467452406883;0.4023513396581014;0.7750616868336996;0.2808772325515747;0.4031066695849101;0.810297966003418;0.0600114439924558;;girando
1.87;0.416961133480072;0.2946125864982605;-0.06394173949956894;0.3856423497200012;0.34614887833595276;0.0664992406964302;0.4066420793533325;0.34824803471565247;-0.17667266726493835;0.38424599170684814;0.45346978306770325;0.07959297299385071;0.41089630126953125;0.45833736658096313;-0.2003450244665146;0.3903213441371918;0.5336248874664307;0.08400103449821472;0.3996885120868683;0.5398756265640259;-0.08423459529876709;0.40045928955078125;0.6514415740966797;0.1583908051252365;0.39933934807777405;0.6684232950210571;-0.009209400974214077;0.41487308740615847;0.276191970705986;-0.05301885302178562;0.3891690596938133;0.5575615763664246;0.04184939619153738;0.416499063372612;0.5685338079929352;-0.18377719819545746;0.40144234895706177;0.7796051104863485;0.25128542880217236;0.4035240709781647;0.810197134812673;0.06412743590772152;;girando
1.9;0.41560882329940796;0.29482927918434143;-0.0307359267026186;0.38153979182243347;0.3462098240852356;0.07278565317392349;0.4079536199569702;0.3487720787525177;-0.1578487753868103;0.3806248903274536;0.4505530297756195;0.0767340362071991;0.41170886158943176;0.45780763030052185;-0.1756819486618042;0.3898845613002777;0.5335087180137634;0.08205326646566391;0.3994171619415283;0.5404662489891052;-0.08234956860542297;0.40103021264076233;0.6517662405967712;0.15982894599437714;0.3996117115020752;0.6700223088264465;-0.008095121011137962;0.41341865360736846;0.2762840062379837;-0.01959821528289467;0.38372910767793655;0.5542567372322083;0.03573221853002906;0.4179108589887619;0.5683460980653763;-0.14027007669210434;0.4016942083835602;0.7803554534912109;0.252865528066953;0.4034373462200165;0.8101567625999451;0.06897618373235066;;girando
1.93;0.41319146752357483;0.2950451970100403;0.014463054947555065;0.3765353858470917;0.34626492857933044;0.07065682858228683;0.41072285175323486;0.34879791736602783;-0.1333015263080597;0.37507364153862;0.4460667073726654;0.07651043683290482;0.4127722978591919;0.4550132155418396;-0.13861915469169617;0.38861867785453796;0.5326867699623108;0.07720073312520981;0.39966481924057007;0.5407067537307739;-0.07752227038145065;0.4014849364757538;0.6511437296867371;0.14720749855041504;0.4004313349723816;0.6706961989402771;-0.008093692362308502;0.4106078207492828;0.27630511820316317;0.02176725082099438;0.38260138034820557;0.543274000287056;0.04313433263450861;0.4208163917064667;0.5663760006427765;-0.08756871521472931;0.40023001035054523;0.7814193367958069;0.2248969773451487;0.4031831423441569;0.8099525968233744;0.0591663159430027;;girando
1.97;0.4110318720340729;0.2960740625858307;0.02725072205066681;0.37336814403533936;0.3483523428440094;0.06768140196800232;0.4125100374221802;0.3491864800453186;-0.12472748011350632;0.3739984929561615;0.4463016092777252;0.07102612406015396;0.41563454270362854;0.4543011486530304;-0.12447605282068253;0.38799288868904114;0.5331021547317505;0.07366865873336792;0.3999139368534088;0.5418579578399658;-0.07397142052650452;0.4021185636520386;0.6509410738945007;0.1378457248210907;0.4046933650970459;0.6716063022613525;-0.008481658063828945;0.4079572826623917;0.2768429547548294;0.033397003263235095;0.3818619027733803;0.5439762324094772;0.04848078545182943;0.42297520488500595;0.5642390251159668;-0.060465458780527115;0.39937691887219745;0.7799736261367798;0.21087495485941568;0.40322710076967877;0.8097259600957235;0.05317795959611734;;girando
2.0;0.4093376398086548;0.2969490587711334;0.03837667778134346;0.3714746832847595;0.3503570258617401;0.0685560405254364;0.4130399227142334;0.3493475615978241;-0.11446075886487961;0.3722127377986908;0.44643089175224304;0.0706225335597992;0.4169553220272064;0.4543527364730835;-0.1115121841430664;0.38740891218185425;0.5351717472076416;0.06953195482492447;0.4022725522518158;0.5419946908950806;-0.06979624181985855;0.39862337708473206;0.6509502530097961;0.12516406178474426;0.41118165850639343;0.6693822741508484;-0.010469120927155018;0.4061024487018585;0.27714563608169557;0.043546274304389954;0.38152240961790085;0.5434969812631607;0.05666344240307808;0.4241311550140381;0.5619686096906662;-0.0415521627292037;0.39924118916193646;0.7814419070879618;0.18492747843265533;0.40388460954030353;0.8043890992800394;0.04327199111382166;;girando
2.03;0.4076281487941742;0.2972807288169861;0.05650320649147034;0.36944031715393066;0.3528614342212677;0.07131478190422058;0.4131966233253479;0.34935155510902405;-0.10404746234416962;0.37119659781455994;0.4474373757839203;0.07074107974767685;0.4184610843658447;0.45341503620147705;-0.10092852264642715;0.3857952654361725;0.5361387133598328;0.06653619557619095;0.40546420216560364;0.5409538149833679;-0.06676632165908813;0.3941150903701782;0.6514957547187805;0.1131027564406395;0.418612003326416;0.6657475829124451;-0.02558104321360588;0.4041257113218307;0.27720862030982973;0.06040456481277943;0.381696380674839;0.5403931885957718;0.059293332509696484;0.42738737910985947;0.5609191656112671;-0.030867347959429026;0.3963706394036611;0.7896084586779276;0.15863425532976785;0.4070573151111603;0.801726778348287;0.008211969708402952;;girando
2.07;0.4065369665622711;0.29798170924186707;0.06922990083694458;0.36735713481903076;0.3535192906856537;0.06920997053384781;0.4135986566543579;0.3493441641330719;-0.09306907653808594;0.36991235613822937;0.44750240445137024;0.06884842365980148;0.420022577047348;0.45132970809936523;-0.09101790934801102;0.3847504258155823;0.5365974307060242;0.06312120705842972;0.40874674916267395;0.5403435230255127;-0.06333807855844498;0.39148926734924316;0.6524779796600342;0.11468345671892166;0.4211648404598236;0.665054440498352;-0.021784085780382156;0.40304502844810486;0.27768656611442566;0.07122694961726665;0.3810345232486725;0.5356864333152771;0.05789447296410799;0.43012338876724243;0.5600079149007797;-0.03165668807923794;0.3962271710236867;0.7906076312065125;0.16350875794887543;0.41016366084416706;0.7987545530001322;0.012260250126322111;;girando
2.1;0.4045584797859192;0.2980228066444397;0.07409261167049408;0.3659598231315613;0.35393378138542175;0.06801896542310715;0.41417640447616577;0.34935349225997925;-0.08508636057376862;0.3688526749610901;0.44761922955513;0.06727442890405655;0.4217654764652252;0.4514344334602356;-0.0826648622751236;0.3846975266933441;0.5372598767280579;0.05956320837140083;0.4106138348579407;0.5399471521377563;-0.059771694242954254;0.3908824920654297;0.6541972756385803;0.11234419047832489;0.42209774255752563;0.6649320125579834;-0.019961586222052574;0.4008888840675354;0.277686670422554;0.0753525665961206;0.3808760419487953;0.5352222621440887;0.060634142719209194;0.43232350796461105;0.5598152726888657;-0.01987519906833768;0.3963926633199056;0.7920336127281189;0.16134549180666605;0.41256457567214966;0.7981549700101217;0.023279848392121494;;girando
2.13;0.40363451838493347;0.29785171151161194;0.084885373711586;0.3653828501701355;0.35405758023262024;0.0680680125951767;0.41525593400001526;0.3493746817111969;-0.07177147269248962;0.3695768713951111;0.4473303258419037;0.06681784242391586;0.4235648810863495;0.45138996839523315;-0.06849148869514465;0.3847876191139221;0.5374343395233154;0.056255899369716644;0.4117557108402252;0.5398373007774353;-0.05643332377076149;0.3903543949127197;0.6552228331565857;0.1052703857421875;0.42206239700317383;0.6643056273460388;-0.009464312344789505;0.39986009895801544;0.2771309018135071;0.08554364533629269;0.3813146576285362;0.5343119651079178;0.06257261801511049;0.43429282307624817;0.5583939403295517;-0.0038664896856062114;0.3955214321613312;0.7956242163976034;0.147455965479215;0.41573529442151386;0.7980100512504578;0.029426402257134516;;girando
2.17;0.4023675322532654;0.2968730032444;0.09414277225732803;0.36494114995002747;0.35399240255355835;0.06028653681278229;0.41732192039489746;0.34941375255584717;-0.058151405304670334;0.3688904047012329;0.4465251863002777;0.056813113391399384;0.42557206749916077;0.4506034255027771;-0.058463938534259796;0.38448333740234375;0.5366663336753845;0.046335238963365555;0.4125463664531708;0.5375611186027527;-0.046490319073200226;0.38968273997306824;0.6551814675331116;0.09366355091333389;0.4219561815261841;0.661002516746521;0.009944368153810501;0.3986014246940613;0.276031294465065;0.09227437283843756;0.3804071396589279;0.5356186926364899;0.057548739947378635;0.4363304674625397;0.5569213032722473;-0.006848867051303387;0.3938976228237152;0.795131246248881;0.13852526744206747;0.4196433325608571;0.7965802748998007;0.05409929032127062;;girando
2.2;0.40157970786094666;0.29505985975265503;0.10004469752311707;0.3644588887691498;0.35395437479019165;0.04766130447387695;0.41916894912719727;0.3492754101753235;-0.04808654263615608;0.36815640330314636;0.44639062881469727;0.04563041776418686;0.42765891551971436;0.4495778977870941;-0.05338415876030922;0.38431623578071594;0.5360059142112732;0.03810960426926613;0.4136960506439209;0.5348597168922424;-0.0382731631398201;0.3893149793148041;0.6552073359489441;0.08462359011173248;0.4220956861972809;0.6581447720527649;0.02322111465036869;0.39804518818855283;0.27462183833122256;0.09582590777426958;0.3787255063652992;0.5377184152603149;0.05087748263031244;0.43918998539447784;0.5542066693305969;-0.020781677681952715;0.39295586943626404;0.7943325837453207;0.13289851943651834;0.42303603887557983;0.7946649591128031;0.07157588377594948;;girando
2.23;0.40140485763549805;0.29250118136405945;0.08787471055984497;0.3643500804901123;0.3538970947265625;0.031684331595897675;0.42080000042915344;0.3488413989543915;-0.05735423415899277;0.3661113977432251;0.44652482867240906;0.030910754576325417;0.430522084236145;0.44902530312538147;-0.056325752288103104;0.3842182755470276;0.5348228216171265;0.039583947509527206;0.4146541655063629;0.5328673124313354;-0.03978915885090828;0.38907483220100403;0.655177652835846;0.10068853199481964;0.42333394289016724;0.6568569540977478;0.039829619228839874;0.39791443943977356;0.27282431423664094;0.08325064494274556;0.37280772626399994;0.5440124422311783;0.034293643198907375;0.44026391208171844;0.5535973608493805;-0.016189602902159095;0.3920255700747172;0.7920719385147095;0.15106800198554993;0.4253055453300476;0.7926512161890665;0.10434955606857936;;girando
2.27;0.40115511417388916;0.2913413345813751;0.09086829423904419;0.3647138774394989;0.35306113958358765;0.019585425034165382;0.4226778745651245;0.3485298454761505;-0.045633286237716675;0.3651791214942932;0.4461740553379059;0.020928574725985527;0.43321433663368225;0.4489688277244568;-0.04107194393873215;0.3845072388648987;0.5340176820755005;0.03306594863533974;0.41619688272476196;0.5315268039703369;-0.03332064673304558;0.38884323835372925;0.6552776098251343;0.09928587079048157;0.4240012764930725;0.6556323766708374;0.0521017424762249;0.39771686792373656;0.2722360849380493;0.08332571312785149;0.36964112520217896;0.5454918891191483;0.0271923434920609;0.44175398349761963;0.5517915487289429;-0.0035038687638007104;0.39099615812301636;0.7899157404899597;0.16052074233690897;0.4273202220598857;0.7916213671366373;0.12019143998622894;;girando
2.3;0.4015282690525055;0.291002094745636;0.09074804931879044;0.3653004467487335;0.3519332706928253;3,62E+10;0.4241982102394104;0.3485345244407654;-0.03216411545872688;0.36504507064819336;0.44616660475730896;0.001393730752170086;0.43509843945503235;0.44906795024871826;-0.03148822858929634;0.38472607731819153;0.5336898565292358;0.018767300993204117;0.41712188720703125;0.5309487581253052;-0.019027069211006165;0.3884950578212738;0.6554964780807495;0.08061522245407104;0.42361798882484436;0.6541366577148438;0.06306739896535873;0.3980611085891724;0.272192046046257;0.08080489374697208;0.36795899271965027;0.5475291013717651;0.01027255307417363;0.44231507927179337;0.551611915230751;-0.013658965704962611;0.3893108665943146;0.7895806431770325;0.14372606575489044;0.42808355887730914;0.7909755706787109;0.13104322304328284;;girando
2.33;0.40172016620635986;0.2907630205154419;0.09203103929758072;0.36586013436317444;0.35126960277557373;-0.01780897192656994;0.4266858994960785;0.3487234115600586;-0.016177814453840256;0.36529889702796936;0.4458474814891815;-0.020137134939432144;0.4379538297653198;0.4493246376514435;-0.022440418601036072;0.38478678464889526;0.5329487919807434;0.002337318379431963;0.4183865189552307;0.5294633507728577;-0.002552935853600502;0.3878503739833832;0.6554796695709229;0.05823006108403206;0.42416706681251526;0.6522982120513916;0.07122711837291718;0.39864360690116885;0.2722526013851166;0.08039294173941017;0.367071233689785;0.548626720905304;-0.004719513905001804;0.44317349791526794;0.5511810630559921;-0.01958159590139985;0.38682804505030316;0.7895196477572123;0.11669191966454188;0.42878247300783795;0.7900363008181254;0.12853945046663284;;girando
2.37;0.4034786820411682;0.29089123010635376;0.09345769137144089;0.3660678267478943;0.3511234521865845;-0.025117550045251846;0.429401695728302;0.34882408380508423;-0.01265651360154152;0.36529719829559326;0.4454689621925354;-0.029886355623602867;0.4405456483364105;0.44899770617485046;-0.022487720474600792;0.3849353492259979;0.5328770875930786;-0.003852612804621458;0.4196007549762726;0.5295552611351013;0.0036664993967860937;0.3877331614494324;0.6555725336074829;0.05709093064069748;0.42464977502822876;0.6516820192337036;0.07984019815921783;0.3994090974330902;0.27238634824752805;0.08100001625716687;0.3667141795158386;0.5490364879369736;-0.011087747989222407;0.4438405856490135;0.5506550669670105;-0.024789846502244473;0.386046161254247;0.7894537647565206;0.12000110497077306;0.42931902408599854;0.7891885638237;0.13899103800455728;;girando
2.4;0.4056675434112549;0.2909947335720062;0.09116318821907043;0.36708515882492065;0.35097095370292664;-0.037952106446027756;0.43265867233276367;0.3490859270095825;-0.010424688458442688;0.36544644832611084;0.4454110860824585;-0.04574539139866829;0.4422128200531006;0.44898173213005066;-0.02684209868311882;0.38584887981414795;0.5330397486686707;-0.011246070265769958;0.4212237596511841;0.5296308994293213;0.011105901561677456;0.3875355124473572;0.6562070846557617;0.05814755707979202;0.4246702492237091;0.6521381735801697;0.09340783953666687;0.4011037826538086;0.2725842326879501;0.07806855575181544;0.36615877598524094;0.548998162150383;-0.02621921058744192;0.4443076178431511;0.5503568202257156;-0.04433577414602041;0.38592444856961566;0.7913620074590048;0.12760131557782492;0.4282492895921071;0.7894764145215353;0.15897173682848612;;girando
2.43;0.407670259475708;0.2909420430660248;0.08588165789842606;0.36927199363708496;0.35087934136390686;-0.043021705001592636;0.4367969334125519;0.35029932856559753;-0.022579584270715714;0.3656056225299835;0.4455258250236511;-0.04408795386552811;0.4442631006240845;0.45154303312301636;-0.023850033059716225;0.38632893562316895;0.5333769917488098;-0.004175069276243448;0.42204955220222473;0.5308409929275513;0.003994326572865248;0.38739991188049316;0.6582509279251099;0.07057284563779831;0.42443257570266724;0.6551142930984497;0.10141123831272125;0.403238046169281;0.27260037064552306;0.07119615646079183;0.36567161977291107;0.5489071011543274;-0.021186594385653734;0.4450060501694679;0.5524059981107712;-0.01709093665704131;0.386027713616689;0.7909681598345438;0.13921294113000235;0.4270186722278595;0.7899160385131836;0.1825814445813497;;girando
2.47;0.4108000099658966;0.290974885225296;0.08343684673309326;0.3718462288379669;0.3508625030517578;-0.04775217920541763;0.43973231315612793;0.35207611322402954;-0.021258601918816566;0.36578628420829773;0.44548383355140686;-0.05019001662731171;0.44638726115226746;0.45286667346954346;-0.029407601803541183;0.3871733248233795;0.533654510974884;-0.008899743668735027;0.4228934049606323;0.5321810245513916;0.008723635226488113;0.3874466121196747;0.659602701663971;0.0684160515666008;0.424198180437088;0.6570409536361694;0.10689371824264526;0.4063012570142746;0.27265610694885256;0.0686639170628041;0.3652591183781624;0.5470818877220154;-0.02765217563137412;0.4454968795180321;0.5533987283706665;-0.03188132122159004;0.38678521911303204;0.7914015452067057;0.14224255084991455;0.4269573887189229;0.7899377346038818;0.18662069737911224;;girando
2.5;0.4126107096672058;0.29082897305488586;0.08218695223331451;0.3747754395008087;0.3508419394493103;-0.05387900769710541;0.4424295127391815;0.3536801040172577;-0.016704702749848366;0.3660743236541748;0.44549623131752014;-0.054947443306446075;0.44859081506729126;0.4537588357925415;-0.021910179406404495;0.387929767370224;0.53374844789505;-0.015011073090136051;0.4236350953578949;0.5330331921577454;0.014837225899100304;0.38751062750816345;0.6597597599029541;0.07209939509630203;0.42406824231147766;0.6571941375732422;0.11648862063884735;0.4086262106895447;0.2726394534111023;0.06710999682545662;0.3645908907055855;0.5447405725717545;-0.024258567485958338;0.44546395540237427;0.5534464418888092;-0.02345949038863182;0.38692601521809894;0.7917453249295553;0.15407715737819672;0.42683587471644086;0.7893223762512207;0.2003999501466751;;girando
2.53;0.41389307379722595;0.2905961871147156;0.08246646076440811;0.3765948414802551;0.35072973370552063;-0.051530275493860245;0.44440963864326477;0.3544793128967285;-0.012152710929512978;0.36665964126586914;0.4454396963119507;-0.054326269775629044;0.4504430890083313;0.4539318382740021;-0.019696883857250214;0.38825124502182007;0.5334802269935608;-0.015179036185145378;0.42400163412094116;0.5330842733383179;0.015014349482953548;0.3874850869178772;0.6596450209617615;0.0669221580028534;0.42451974749565125;0.657608687877655;0.10675281286239624;0.4101786196231842;0.27257704734802246;0.06732423966750503;0.3644277900457382;0.5422081500291824;-0.02414790354669094;0.44586244970560074;0.553352490067482;-0.024001978803426027;0.386567085981369;0.7923129399617513;0.1451609879732132;0.42673877875010174;0.7895176609357198;0.17919563253720602;;girando
2.57;0.4151913523674011;0.2906140983104706;0.09072074294090271;0.37850460410118103;0.3499770164489746;-0.04788210242986679;0.4462331235408783;0.35530325770378113;-0.0029917701613157988;0.36745619773864746;0.44474998116493225;-0.04814990237355232;0.45216938853263855;0.4541858434677124;-0.0031697293743491173;0.3888886868953705;0.5325507521629333;-0.018372276797890663;0.42470043897628784;0.5330817103385925;0.018206793814897537;0.38753530383110046;0.6605700254440308;0.05895579978823662;0.4249372184276581;0.657953143119812;0.11179747432470322;0.4119082361459732;0.2726186901330948;0.07427129871211946;0.36388662457466125;0.5413976013660431;-0.020049485377967358;0.44658026099205017;0.5532947182655334;0.0051523823058232665;0.386784166097641;0.7959720889727274;0.12992831071217856;0.42644330859184265;0.7897573908170065;0.18921295801798502;;girando
2.6;0.41676798462867737;0.29107606410980225;0.08801707625389099;0.38067683577537537;0.3492856025695801;-0.05384238436818123;0.4475044310092926;0.3557267189025879;-0.008361990563571453;0.36794140934944153;0.4443730115890503;-0.05284903943538666;0.4537847340106964;0.4542783498764038;0.0011274180142208934;0.3892817199230194;0.5322355628013611;-0.01635083369910717;0.42491936683654785;0.5331016182899475;0.01615339145064354;0.38757044076919556;0.6611682176589966;0.06183953210711479;0.4254257380962372;0.6591719388961792;0.11083269119262695;0.41360255777835847;0.2735222280025482;0.07134242979809642;0.36344345659017563;0.5415558815002441;-0.01610025716945529;0.4474247023463249;0.5535236597061157;0.02373999310657382;0.3872501055399577;0.7970316410064697;0.13295662899812064;0.4262278874715169;0.7909628748893738;0.18673056364059448;;girando
2.63;0.4175316095352173;0.2919915020465851;0.09348010271787643;0.38156822323799133;0.3490633964538574;-0.048168081790208817;0.44881948828697205;0.3560797870159149;-0.004510744474828243;0.3690711259841919;0.4444321393966675;-0.04677112028002739;0.4563157856464386;0.4543103575706482;0.009359605610370636;0.3897719383239746;0.5328671336174011;-0.017940601333975792;0.4256996214389801;0.5345544815063477;0.017717696726322174;0.3876158595085144;0.6655437350273132;0.05761778727173805;0.42635929584503174;0.6630375385284424;0.11356935650110245;0.41446936726570127;0.27520937025547026;0.0764710879418999;0.36346931755542755;0.5421565175056458;-0.0023778959293849766;0.44926491379737854;0.554090678691864;0.04549618065357208;0.38758986194928485;0.8095184961954752;0.12662088622649512;0.42632007598876953;0.7924853364626566;0.19625871876875559;;girando
2.67;0.41768327355384827;0.2924455404281616;0.08819613605737686;0.3826098144054413;0.34892207384109497;-0.05571729317307472;0.4501235783100128;0.3561908006668091;-0.010339346714317799;0.37008365988731384;0.444477379322052;-0.05092594772577286;0.45735567808151245;0.45440974831581116;0.0024135371204465628;0.39058929681777954;0.532926619052887;-0.01634443737566471;0.42650550603866577;0.5347653031349182;0.016097793355584145;0.3879196345806122;0.6653249859809875;0.05886199697852135;0.4265832006931305;0.6630748510360718;0.12004465609788895;0.41476147472858427;0.2763158053159714;0.06971038263291121;0.36377207189798355;0.5427448153495789;-0.0028330973582342267;0.451020285487175;0.5548410415649414;0.04081928636878729;0.3880312740802765;0.8078364133834839;0.13558831810951233;0.4265034993489583;0.7931809226671854;0.20962998270988464;;girando
2.7;0.41714686155319214;0.29368653893470764;0.08357464522123337;0.38345736265182495;0.3486292064189911;-0.06265558302402496;0.4503081440925598;0.35610130429267883;-0.009638126008212566;0.3710774779319763;0.44449010491371155;-0.059938427060842514;0.45799607038497925;0.4540010988712311;0.004743882920593023;0.3915552496910095;0.5325213670730591;-0.020779846236109734;0.42778414487838745;0.5344728827476501;0.02053157612681389;0.3882623612880707;0.6649591326713562;0.05719996243715286;0.426601380109787;0.6629491448402405;0.11940129846334457;0.4143412172794342;0.27794364988803866;0.06561395805329084;0.3638847693800926;0.5432686656713486;-0.008542139083147049;0.4523955434560776;0.5550623387098312;0.03529743105173111;0.38924410939216614;0.8071065147717794;0.12897230436404547;0.4266010622183482;0.7939022183418274;0.2026230643192927;;girando
2.73;0.41675180196762085;0.29394495487213135;0.07425909489393234;0.3842484951019287;0.34854856133461;-0.07523981481790543;0.4505731761455536;0.3560234606266022;-0.008896460756659508;0.3721941411495209;0.4454105496406555;-0.07303252816200256;0.4577149450778961;0.4539920389652252;0.012485629878938198;0.3926864564418793;0.5323581695556641;-0.02580379508435726;0.4287545680999756;0.5343989133834839;0.025555232539772987;0.3885376751422882;0.664683997631073;0.05623317137360573;0.4269747734069824;0.6627982258796692;0.12220719456672668;0.4139965921640396;0.2782258868217468;0.05677120960317552;0.3641016110777855;0.5450496524572372;-0.020747154485434294;0.4528820589184761;0.5550646632909775;0.048830434679985046;0.3919485807418823;0.8061255017916361;0.12859498461087546;0.4261465271313985;0.7947846055030823;0.20634877185026804;;girando
2.77;0.4165024757385254;0.2947327792644501;0.07051363587379456;0.3849746286869049;0.3485519289970398;-0.08440282195806503;0.4510785937309265;0.3560978174209595;-0.0025256804656237364;0.37348055839538574;0.4489213824272156;-0.08409435302019119;0.4575861394405365;0.45517054200172424;0.020160358399152756;0.39387205243110657;0.532354474067688;-0.030068036168813705;0.42978134751319885;0.534396767616272;0.029805179685354233;0.38887807726860046;0.6645494699478149;0.054206088185310364;0.42721667885780334;0.663813054561615;0.12537875771522522;0.413766610622406;0.27882387936115266;0.05251064542680979;0.3642593175172806;0.5496190786361694;-0.03172374842688441;0.4529559016227722;0.5553913712501526;0.056724440306425095;0.39374836285909015;0.8058025042215983;0.12673998375733694;0.4250794251759847;0.7961737712224325;0.21027107536792755;;girando
2.8;0.4153810143470764;0.29488807916641235;0.0718608945608139;0.38589268922805786;0.34857141971588135;-0.08566976338624954;0.4509064555168152;0.35608619451522827;0.013455248437821865;0.37468788027763367;0.45092299580574036;-0.08550908416509628;0.4575310945510864;0.4567428231239319;0.04088591784238815;0.39489004015922546;0.5324143767356873;-0.03610169515013695;0.43023887276649475;0.5344305634498596;0.03584272786974907;0.3894512355327606;0.665586531162262;0.04742572829127312;0.42735806107521057;0.6637371778488159;0.12813828885555267;0.4129481166601181;0.2789728999137878;0.05608248924836516;0.3646566644310951;0.5535280555486679;-0.03003688110038638;0.452428363263607;0.5554429143667221;0.08254797756671906;0.39518673221270245;0.8068182667096456;0.1175500104824702;0.4241153995196025;0.7964960336685181;0.21402284999688467;;girando
2.83;0.4136909544467926;0.29533079266548157;0.07254041731357574;0.3868197798728943;0.3485739827156067;-0.09144663065671921;0.45035210251808167;0.3559217154979706;0.02331775613129139;0.37596771121025085;0.45297637581825256;-0.09398569166660309;0.4571557939052582;0.45677974820137024;0.05406295508146286;0.3958677351474762;0.5326148867607117;-0.04138879477977753;0.4308949112892151;0.5344334840774536;0.04113302007317543;0.3903690576553345;0.6663427352905273;0.04433201998472214;0.4274987578392029;0.6637041568756104;0.131434828042984;0.4117333084344864;0.27929382026195526;0.057190334610641005;0.3651837557554245;0.5567554235458374;-0.036863069981336594;0.45221325010061264;0.555524617433548;0.0950885470956564;0.397064745426178;0.8076944152514139;0.11499427258968353;0.42381252845128375;0.7964944640795389;0.21797393262386322;;girando
2.87;0.41312339901924133;0.2953357994556427;0.06560215353965759;0.38728415966033936;0.34881749749183655;-0.10316281765699387;0.45003533363342285;0.3558954894542694;0.016446705907583237;0.3768693804740906;0.45554161071777344;-0.10540857166051865;0.4569343626499176;0.45805418491363525;0.04655233770608902;0.396568238735199;0.5327842235565186;-0.044520292431116104;0.4316308796405792;0.5345185399055481;0.044292252510786057;0.3911100924015045;0.6667899489402771;0.04357852041721344;0.42750096321105957;0.6629707217216492;0.13464882969856262;0.4112695872783661;0.2792370021343231;0.047272179182618855;0.3661619871854782;0.5604543387889862;-0.048605090007185936;0.4513178765773773;0.5556536465883255;0.08507303148508072;0.3984696368376414;0.8083627025286356;0.11720732599496841;0.42413049936294556;0.7963067293167114;0.22483883798122406;;girando
2.9;0.41101160645484924;0.29599013924598694;0.06286219507455826;0.38795334100723267;0.349053293466568;-0.11062406003475189;0.4499785602092743;0.35587045550346375;0.025977663695812225;0.3781237304210663;0.4575364291667938;-0.11586431413888931;0.4564000368118286;0.45822176337242126;0.05531949922442436;0.39707136154174805;0.5327795743942261;-0.04997529461979866;0.4320753216743469;0.534519374370575;0.04979444295167923;0.39168018102645874;0.6667674779891968;0.030128205195069313;0.4275228679180145;0.6607369184494019;0.13070203363895416;0.4095579981803894;0.27939570844173434;0.04267978928983211;0.36762458831071854;0.560740128159523;-0.05587663035839796;0.44878950715065;0.5548035949468613;0.09050804935395718;0.4000939428806305;0.8084933956464132;0.09619761755069096;0.42481982707977295;0.7964597543080648;0.2156420350074768;;girando
2.93;0.4078616499900818;0.29695555567741394;0.03044646792113781;0.38900989294052124;0.3494856655597687;-0.14599347114562988;0.44888928532600403;0.3559333086013794;0.026197275146842003;0.37951260805130005;0.4598954916000366;-0.15375086665153503;0.4537665843963623;0.4604143798351288;0.05464719980955124;0.39710351824760437;0.5339374542236328;-0.06250723451375961;0.4317064881324768;0.5355517268180847;0.062327563762664795;0.392573744058609;0.6670433282852173;0.014816273003816605;0.4274979829788208;0.6607366800308228;0.13633500039577484;0.40683519244194033;0.27956984341144564;0.007610026787733659;0.3688158094882965;0.565673902630806;-0.09499800764024258;0.445568323135376;0.5566720217466354;0.08036997728049755;0.40236257513364154;0.8079094092051188;0.069349421809117;0.4221046467622121;0.7960301438967387;0.2114474872748057;;girando
2.97;0.40628543496131897;0.29746338725090027;0.023007944226264954;0.3903559148311615;0.3495447039604187;-0.1548214703798294;0.447079062461853;0.35596174001693726;0.0398239865899086;0.3812904357910156;0.4613800346851349;-0.15917451679706573;0.4468952715396881;0.4617379605770111;0.06310373544692993;0.39709746837615967;0.5364574193954468;-0.0681777223944664;0.4316371977329254;0.5377288460731506;0.06800122559070587;0.3939594328403473;0.6695556044578552;0.008579511195421219;0.4276542067527771;0.660934329032898;0.14159417152404785;0.40530350208282473;0.2796411901712418;-0.0006774483539629727;0.37054960429668427;0.56693135201931;-0.09622390009462833;0.4393099844455719;0.5585220158100128;0.0745985358953476;0.40439267953236896;0.8092244068781534;0.07450922826925914;0.4217529098192851;0.7949647903442383;0.22520083685715994;;girando
3.0;0.40537089109420776;0.2976689338684082;0.02598647214472294;0.3906099498271942;0.3503546714782715;-0.1583506017923355;0.44327354431152344;0.35592061281204224;0.0374351367354393;0.3829857110977173;0.46270981431007385;-0.1605486273765564;0.44291648268699646;0.46156224608421326;0.06811771541833878;0.39697012305259705;0.5398273468017578;-0.06693819165229797;0.4307709336280823;0.5399983525276184;0.06676961481571198;0.39610692858695984;0.6717145442962646;0.022646049037575722;0.4276405870914459;0.6607694625854492;0.1588839888572693;0.40418906807899474;0.27968640625476837;0.002569530700566247;0.37212958186864853;0.5683203488588333;-0.09768180921673775;0.4343615174293518;0.5567887723445892;0.08365256898105145;0.40557387471199036;0.810447076956431;0.0954701950152715;0.4216066797574361;0.7919669349988302;0.2631982664267222;;girando
3.03;0.40361663699150085;0.29790428280830383;0.02418234944343567;0.3916097581386566;0.3517700135707855;-0.1628262847661972;0.4396131634712219;0.355162650346756;0.04414508491754532;0.3842361867427826;0.4636008143424988;-0.16907793283462524;0.43891486525535583;0.46137362718582153;0.07436929643154144;0.3980081379413605;0.5421611666679382;-0.0681774914264679;0.4298437237739563;0.5417546033859253;0.06802056729793549;0.39750492572784424;0.6716294884681702;0.024716084823012352;0.4272591173648834;0.6608769297599792;0.1614564210176468;0.40238116681575775;0.2797230094671249;0.00023305800059461034;0.37323837727308273;0.5706424713134766;-0.10866308771073818;0.4302123114466667;0.5532481670379639;0.08465167135000229;0.4057704011599223;0.8110915422439575;0.10719537734985352;0.4211868743101756;0.7919583121935526;0.26630257566769916;;girando
3.07;0.4020792841911316;0.2978784739971161;0.016274405643343925;0.39318692684173584;0.35251444578170776;-0.16504426300525665;0.4365908205509186;0.35448840260505676;0.049073465168476105;0.3856218457221985;0.4636578857898712;-0.17303849756717682;0.43581366539001465;0.46006670594215393;0.0741373673081398;0.39866721630096436;0.5433635115623474;-0.06943905353546143;0.4273426830768585;0.5423537492752075;0.06924211978912354;0.400153249502182;0.6714366674423218;0.03285622596740723;0.42593467235565186;0.660876989364624;0.1647671014070511;0.4009438931941986;0.27971176207065584;-0.0070131208514794706;0.37435483932495117;0.5746752321720123;-0.11871304921805859;0.42677170783281326;0.5531527101993561;0.07939725741744041;0.4070362647374471;0.8114153941472372;0.12310056885083516;0.42130641142527264;0.7936210632324219;0.2750823497772217;;girando
3.1;0.398392915725708;0.29785510897636414;-0.002224478404968977;0.3957342505455017;0.35306063294410706;-0.17510344088077545;0.4320787489414215;0.35406696796417236;0.05385284870862961;0.3861924707889557;0.4638717770576477;-0.18077124655246735;0.43386974930763245;0.458225816488266;0.07185683399438858;0.40010538697242737;0.5447593927383423;-0.07316115498542786;0.42342060804367065;0.5424321889877319;0.0729263499379158;0.40322837233543396;0.6711639165878296;0.03364023566246033;0.4235028624534607;0.6610113382339478;0.16795137524604797;0.398023322224617;0.2796924918889999;-0.024915337463608012;0.37497955560684204;0.579588308930397;-0.12047961540520191;0.420266754925251;0.5534743219614029;0.05156219098716974;0.4072994887828827;0.8128593564033508;0.1203790083527565;0.42114582657814026;0.79383518298467;0.28018897771835327;;girando
3.13;0.392896443605423;0.29753217101097107;-0.033228639513254166;0.3979234993457794;0.3531521260738373;-0.19289438426494598;0.42815932631492615;0.35334092378616333;0.05425362288951874;0.38745206594467163;0.4642319083213806;-0.19888454675674438;0.43148139119148254;0.4603164792060852;0.073349229991436;0.400895893573761;0.545254647731781;-0.07526279985904694;0.41986268758773804;0.5423544645309448;0.07503969967365265;0.4058840274810791;0.6714226603507996;0.029658794403076172;0.4207164943218231;0.6627413034439087;0.16719765961170197;0.3940556704998016;0.2789395570755005;-0.05672706551849842;0.37534116953611374;0.5816213935613632;-0.13769973441958427;0.4073406681418419;0.5559499859809875;0.044567253440618515;0.40751898288726807;0.8156026005744934;0.11611479769150417;0.4200124740600586;0.7951850692431132;0.27878016233444214;;girando
3.17;0.3884311318397522;0.29669180512428284;-0.05635826662182808;0.39910075068473816;0.3533014953136444;-0.204659104347229;0.42369377613067627;0.35226741433143616;0.05234672501683235;0.3894120752811432;0.46482789516448975;-0.20984859764575958;0.42738786339759827;0.4613589346408844;0.07247520983219147;0.40134522318840027;0.5462158918380737;-0.07666727900505066;0.41742122173309326;0.5427739024162292;0.0764554888010025;0.40734007954597473;0.6722474694252014;0.029049942269921303;0.4182704985141754;0.6642119288444519;0.1708083599805832;0.3908911168575287;0.27776206731796266;-0.08004326019436121;0.3760911151766777;0.582246407866478;-0.1510293297469616;0.40299925208091736;0.5597278475761414;0.03851516917347908;0.4077393412590027;0.8178838690121969;0.11914040893316269;0.41912975907325745;0.7967605988184611;0.2883446017901103;;girando
3.2;0.384121298789978;0.2963542938232422;-0.07804141938686371;0.40130335092544556;0.35327765345573425;-0.2147676646709442;0.4179912507534027;0.350852906703949;0.04948784410953522;0.3915516138076782;0.46454036235809326;-0.22465330362319946;0.418809175491333;0.4570053815841675;0.07125744968652725;0.4026375114917755;0.5461727976799011;-0.07864348590373993;0.4158012568950653;0.5411031246185303;0.0784556120634079;0.40725547075271606;0.6721060276031494;0.015863368287682533;0.41580861806869507;0.6641461849212646;0.16526615619659424;0.38742353618144987;0.2768073946237564;-0.10183256827294826;0.377505287528038;0.5813739597797394;-0.17714520543813705;0.3979135677218437;0.5607032924890518;0.02996500162407756;0.40805750091870624;0.8188138405481974;0.10193323840697606;0.418159286181132;0.7978302041689554;0.2752291262149811;;girando
3.23;0.3818967342376709;0.2961198091506958;-0.07869924604892731;0.4031200408935547;0.3529665172100067;-0.21469080448150635;0.4141572117805481;0.3501441776752472;0.05058347433805466;0.39462074637413025;0.4643339216709137;-0.23023000359535217;0.41524195671081543;0.45640480518341064;0.07529677450656891;0.4043613076210022;0.5432840585708618;-0.08006325364112854;0.41442668437957764;0.537902295589447;0.07991000264883041;0.4063430428504944;0.6712988018989563;-0.0022948768455535173;0.41249290108680725;0.6633970737457275;0.15661996603012085;0.3852314859628677;0.27590312361717223;-0.10238710604608059;0.37874217331409454;0.5809956789016724;-0.19141821190714836;0.3959565982222557;0.5612006932497025;0.03219907684251666;0.4083823760350545;0.8190523982048035;0.06965179430941741;0.417329341173172;0.7984785834948221;0.24978897472222647;;girando
3.27;0.3800360858440399;0.29602164030075073;-0.09164782613515854;0.40410876274108887;0.3528447151184082;-0.22488658130168915;0.41186967492103577;0.3499927818775177;0.04615681618452072;0.3965338468551636;0.46422475576400757;-0.2373734712600708;0.40948569774627686;0.4536040425300598;0.07512395083904266;0.40545693039894104;0.5414754152297974;-0.08167177438735962;0.41341525316238403;0.5363656282424927;0.08150523900985718;0.4056752622127533;0.6712465882301331;0.0017360905185341835;0.4107017517089844;0.6626821160316467;0.16057159006595612;0.3834257423877716;0.2752434343099594;-0.1157552182674408;0.3800581619143486;0.5808442234992981;-0.198419738560915;0.3967551663517952;0.5612581521272659;0.021087975474074483;0.40860629081726074;0.8192187150319418;0.07931066676974297;0.4180029133955638;0.7965818047523499;0.26575125257174176;;girando
3.3;0.37892353534698486;0.2953457832336426;-0.0890251100063324;0.40486574172973633;0.3516593277454376;-0.22120697796344757;0.40944215655326843;0.3499155342578888;0.04575091972947121;0.3987712562084198;0.4636203646659851;-0.23678980767726898;0.40633445978164673;0.45209750533103943;0.07234106957912445;0.40508684515953064;0.5414315462112427;-0.08191727101802826;0.41031143069267273;0.5364875793457031;0.08176132291555405;0.40523478388786316;0.6723783016204834;-0.0038996574003249407;0.40919771790504456;0.6628532409667969;0.15978926420211792;0.38243593871593473;0.27462444007396697;-0.11320540085434913;0.3814072087407112;0.5813309550285339;-0.2097516618669033;0.394889198243618;0.5639239549636841;0.021754849003627896;0.40852413574854535;0.8193598985671997;0.06782146605352561;0.41707222660382587;0.7960184216499329;0.2636891057093938;;girando
3.33;0.3784577250480652;0.2953052818775177;-0.08241669088602066;0.40546101331710815;0.3510391116142273;-0.21490608155727386;0.40791478753089905;0.34995806217193604;0.04791532829403877;0.4009059965610504;0.463091641664505;-0.23289915919303894;0.4050998091697693;0.45190659165382385;0.07525694370269775;0.40484538674354553;0.5413734912872314;-0.0817214846611023;0.4072880148887634;0.5365852117538452;0.08158082515001297;0.4050147235393524;0.6723054647445679;-0.015031217597424984;0.4063267111778259;0.6641653776168823;0.15528805553913116;0.38214286863803865;0.27463009059429166;-0.10650347247719764;0.3830714821815491;0.5808480381965637;-0.21122412383556366;0.39446351677179337;0.565574049949646;0.024677689652889967;0.40814019242922467;0.8199633757273356;0.04424958241482576;0.4122416575749715;0.797756552696228;0.24759460985660553;;girando
3.37;0.37747615575790405;0.2953336834907532;-0.0928448811173439;0.40629005432128906;0.3508557677268982;-0.21746046841144562;0.40454360842704773;0.3506467640399933;0.0402744859457016;0.4027015268802643;0.46325695514678955;-0.23578347265720367;0.4018242061138153;0.4523729383945465;0.07258495688438416;0.40526577830314636;0.5414094924926758;-0.07988285273313522;0.402584969997406;0.5377106070518494;0.07973068952560425;0.4050029516220093;0.6722974181175232;-0.01730675809085369;0.39962702989578247;0.6656443476676941;0.15310277044773102;0.3809883624315262;0.2746401160955429;-0.1168324775993824;0.3848842456936836;0.5806729048490524;-0.22138593718409538;0.39303717017173767;0.5673931986093521;0.01656291916151531;0.4079736570517222;0.8198984861373901;0.03831946073720852;0.4074157377084096;0.7982787489891052;0.2420684645573298;;girando
3.4;0.3765002191066742;0.29552334547042847;-0.08952128142118454;0.40721428394317627;0.35058900713920593;-0.21295380592346191;0.40164509415626526;0.35188028216362;0.04000323638319969;0.4049111604690552;0.46321991086006165;-0.23196625709533691;0.3991769254207611;0.4540409445762634;0.0733269453048706;0.406307578086853;0.5416800379753113;-0.07983104139566422;0.3968823552131653;0.5396642684936523;0.07962192595005035;0.40658465027809143;0.6723901629447937;-0.022174809128046036;0.3924180567264557;0.667608916759491;0.15253207087516785;0.3801064044237137;0.27471760511398313;-0.1133023478090763;0.38847731053829193;0.5796598941087723;-0.22479760646820068;0.39132919162511826;0.5668395012617111;0.02184163627680391;0.40813573201497394;0.8196942011515299;0.027705123648047447;0.4027281403541565;0.7979267438252767;0.2417975813150406;;girando
3.43;0.3755788505077362;0.2956373989582062;-0.09266295284032822;0.4086628258228302;0.3504791259765625;-0.2125227004289627;0.397991806268692;0.3536335229873657;0.036769967526197433;0.4075203537940979;0.46292269229888916;-0.23084920644760132;0.39748087525367737;0.45525532960891724;0.07250794023275375;0.407107412815094;0.5421441793441772;-0.07593952119350433;0.3924991190433502;0.5412389636039734;0.07581289112567902;0.4098319709300995;0.6745525598526001;-0.019633177667856216;0.3875861167907715;0.6694715023040771;0.1489969789981842;0.3790768176317215;0.27477494776248934;-0.11584098190069199;0.38992325961589813;0.5772917717695236;-0.22597556188702583;0.3877487853169441;0.5632813572883606;0.022327811224386096;0.40800075729688007;0.8188578883806864;0.034848131239414215;0.3978913525740306;0.7979802489280701;0.23518207172552744;;girando
3.47;0.37516406178474426;0.295632004737854;-0.092336006462574;0.41055068373680115;0.35025838017463684;-0.2099841684103012;0.3949217200279236;0.3555949032306671;0.03180763125419617;0.410614013671875;0.4621942341327667;-0.22452469170093536;0.3951166570186615;0.4566716253757477;0.07055521756410599;0.40854281187057495;0.5422441363334656;-0.07009714841842651;0.38973575830459595;0.5415918827056885;0.0700196698307991;0.41103997826576233;0.6780372262001038;-0.032067835330963135;0.3837953507900238;0.6698721647262573;0.14101745188236237;0.3787814944982529;0.27479740381240847;-0.11477342881262302;0.39383821189403534;0.5769581645727158;-0.20765507221221924;0.3867493271827698;0.5608047097921371;0.02242257329635322;0.4078950385252635;0.8187738656997681;0.0052442122250795364;0.3894696931044261;0.7970730264981588;0.22058937946955362;;girando
3.5;0.3746297359466553;0.2954671084880829;-0.08820462971925735;0.4116306006908417;0.3502582311630249;-0.20571447908878326;0.39185813069343567;0.356841117143631;0.03353048115968704;0.41295790672302246;0.46218976378440857;-0.2162841260433197;0.3951990306377411;0.457562118768692;0.07195182144641876;0.4087286591529846;0.5427401065826416;-0.06834284961223602;0.3884703516960144;0.5423391461372375;0.06828252226114273;0.4108985960483551;0.6782572269439697;-0.034346118569374084;0.3829738199710846;0.6699707508087158;0.1354050487279892;0.37831785082817077;0.27472145557403566;-0.11071330606937409;0.3970787674188614;0.5761923342943192;-0.20192508772015572;0.38688652217388153;0.5560138672590256;0.0237424757797271;0.40711753567059833;0.8186980883280436;0.0034051407128572464;0.38771121700604755;0.7974812984466553;0.21111279726028442;;girando
3.53;0.3741682767868042;0.2954334020614624;-0.08782929927110672;0.4128478765487671;0.35015562176704407;-0.18865545094013214;0.3875690698623657;0.3577306866645813;0.034055065363645554;0.4146707355976105;0.4602999985218048;-0.2030428797006607;0.39300426840782166;0.45732295513153076;0.07167977839708328;0.40952953696250916;0.5426063537597656;-0.0637117475271225;0.38681548833847046;0.5423411726951599;0.06369303166866302;0.41091638803482056;0.6779161691665649;-0.04633167013525963;0.3795984089374542;0.6698668599128723;0.1163262128829956;0.37802604138851165;0.27473786771297454;-0.1093059815466404;0.39933183044195175;0.5727089792490005;-0.1978411264717579;0.38600366562604904;0.5501603782176971;0.0198611943051219;0.40722541014353436;0.818581740061442;-0.02159769336382548;0.38315026958783466;0.7994052569071451;0.17511665324370065;;girando
3.57;0.37347495555877686;0.29494351148605347;-0.0843009203672409;0.4136899411678314;0.35048407316207886;-0.18141035735607147;0.3850642442703247;0.35765013098716736;0.03419552370905876;0.4164440333843231;0.4600716531276703;-0.19381704926490784;0.3900892734527588;0.4567423462867737;0.07194381952285767;0.4095470905303955;0.5425954461097717;-0.06042104959487915;0.3845635950565338;0.5423067808151245;0.060432977974414825;0.4107189476490021;0.6777388453483582;-0.04884366691112518;0.37719789147377014;0.6696926355361938;0.10313315689563751;0.37740489542484285;0.2746606171131134;-0.10509297586977481;0.4025854915380478;0.5721360743045807;-0.1773606613278389;0.3813604488968849;0.5473971962928772;0.019001455046236515;0.4078105290730794;0.8185270031293234;-0.02476017381801891;0.37976102034250897;0.8027417858441671;0.1523022254308065;;girando
3.6;0.3732268214225769;0.294935017824173;-0.08259490877389908;0.4150344431400299;0.35190704464912415;-0.1572057008743286;0.3789776861667633;0.3576066792011261;0.04034774750471115;0.41818180680274963;0.46008923649787903;-0.16590775549411774;0.3849380910396576;0.4550779461860657;0.07916536927223206;0.40952301025390625;0.5428202152252197;-0.055217206478118896;0.381547212600708;0.5425192713737488;0.05524441972374916;0.4108065962791443;0.6783645749092102;-0.040207140147686005;0.3765743672847748;0.6705474853515625;0.08569002151489258;0.3771226078271866;0.27475769221782687;-0.10139976181089878;0.4059341549873352;0.5718894898891449;-0.1510682851076126;0.377654567360878;0.5467986464500427;0.019958779332228005;0.41225695610046387;0.8192364772160848;-0.006141213700175285;0.37700697779655457;0.8036874930063883;0.138445811967055;;girando
3.63;0.37260162830352783;0.29544565081596375;-0.08170033991336823;0.4152871370315552;0.35326576232910156;-0.12008185684680939;0.373087078332901;0.35818782448768616;0.048241663724184036;0.4204186201095581;0.4588884711265564;-0.12572506070137024;0.3790203332901001;0.4551217257976532;0.0885789543390274;0.40949320793151855;0.542607307434082;-0.04861944913864136;0.37910565733909607;0.5427252650260925;0.048675138503313065;0.41078585386276245;0.6783105134963989;-0.039280809462070465;0.37521830201148987;0.6714397072792053;0.07353874295949936;0.37644945085048676;0.27532048225402833;-0.09561130497604609;0.4104171171784401;0.5713251382112503;-0.13118089362978935;0.3705565631389618;0.5485578328371048;0.019562521658372134;0.4136026203632355;0.8184411923090616;-0.004774433250228564;0.37688254316647846;0.8034184376398722;0.1353655755519867;;girando
3.67;0.37080731987953186;0.29668235778808594;-0.0884833037853241;0.4155069887638092;0.35619544982910156;-0.11764729768037796;0.368532657623291;0.36019375920295715;0.0466773696243763;0.42179837822914124;0.4605506360530853;-0.1198795959353447;0.3735505938529968;0.4578705132007599;0.08569249510765076;0.4094493091106415;0.5432683825492859;-0.047056570649147034;0.37654924392700195;0.5441132187843323;0.04711189866065979;0.41065096855163574;0.6792030334472656;-0.046437930315732956;0.37420499324798584;0.6727045774459839;0.07531748712062836;0.37486260533332827;0.2764447867870331;-0.10210569128394127;0.413498617708683;0.5720572471618652;-0.13497134298086166;0.3666441813111305;0.5518201142549515;0.012622178765013814;0.41403565804163617;0.8174835840861002;0.0010986899336179097;0.3778059780597687;0.8022499680519104;0.15726638585329056;;girando
3.7;0.36922088265419006;0.2966674566268921;-0.10546748340129852;0.41509246826171875;0.357642263174057;-0.10653293132781982;0.3621819317340851;0.3637225031852722;0.0265525970607996;0.42268598079681396;0.4608049690723419;-0.09962008893489838;0.36876171827316284;0.4605579972267151;0.07069387286901474;0.4091740846633911;0.5432320833206177;-0.03719324246048927;0.37443873286247253;0.544134259223938;0.037249527871608734;0.4106253385543823;0.6787604093551636;-0.04407297819852829;0.3744529187679291;0.6730442643165588;0.05537131056189537;0.37347385883331297;0.27645706534385683;-0.11663875803351402;0.416318416595459;0.5721447765827179;-0.1275092177093029;0.3632080480456352;0.5578249841928482;-0.0082434406504035;0.4142710566520691;0.815245529015859;0.023638181388378143;0.37802305817604065;0.8020543058713278;0.1474104498823484;;girando
3.73;0.3687070310115814;0.29667091369628906;-0.12723761796951294;0.41473129391670227;0.3576122522354126;-0.09812694787979126;0.35932183265686035;0.36363983154296875;0.003800134640187025;0.42347025871276855;0.46044519543647766;-0.08519095927476883;0.36244794726371765;0.46061646938323975;0.04618895426392555;0.40839439630508423;0.5408604741096497;-0.033186912536621094;0.3732099235057831;0.542275071144104;0.0332033634185791;0.4104648530483246;0.6753372550010681;-0.04290998354554176;0.37400293350219727;0.6728910803794861;0.05765018239617348;0.37235834896564485;0.27674887478351595;-0.13610729053616524;0.4210298955440521;0.5707908868789673;-0.13144827634096146;0.3581482768058777;0.5603173822164536;-0.03009035997092724;0.4128897190093994;0.8115700880686442;0.019856002181768417;0.3789593478043874;0.8011186917622884;0.15205572793881098;;girando
3.77;0.36795443296432495;0.29713788628578186;-0.1376548558473587;0.4145263731479645;0.357962965965271;-0.09837423264980316;0.35691213607788086;0.36323755979537964;-0.012557204812765121;0.42346134781837463;0.46064841747283936;-0.07665864378213882;0.3575671315193176;0.4598776698112488;0.032080963253974915;0.40814653038978577;0.5397758483886719;-0.028504278510808945;0.3719891309738159;0.5421512126922607;0.02848741039633751;0.4099719524383545;0.675347089767456;-0.040892861783504486;0.37295112013816833;0.6741317510604858;0.056205157190561295;0.37147878408432006;0.2772003382444382;-0.14669529870152473;0.4258122444152832;0.5680945515632629;-0.12967117130756378;0.35356854647397995;0.5600574910640717;-0.04271867172792554;0.4139265716075897;0.8129574259122213;0.03622939748068651;0.3792046705881755;0.7994922598203024;0.15750318268934885;;girando
3.8;0.36738330125808716;0.29726162552833557;-0.14311207830905914;0.41437795758247375;0.3580920398235321;-0.09041643887758255;0.35371240973472595;0.3629642426967621;-0.016670633107423782;0.424593448638916;0.4613496661186218;-0.06397571414709091;0.35077425837516785;0.4573463797569275;0.02774657867848873;0.40802279114723206;0.5394452214241028;-0.024193810299038887;0.37102383375167847;0.542163074016571;0.02416892908513546;0.40970081090927124;0.6768690943717957;-0.03766116499900818;0.37197959423065186;0.6755692958831787;0.04939094930887222;0.3708366572856903;0.2774120032787323;-0.15118245631456376;0.4304235801100731;0.5656151622533798;-0.12146256491541862;0.34847667068243027;0.5598791986703873;-0.04682383872568607;0.4134635925292969;0.8144591450691223;0.04207285555700461;0.37893109520276386;0.7994893987973531;0.15515366196632385;;girando
3.83;0.36692118644714355;0.29733070731163025;-0.13098794221878052;0.41408175230026245;0.3579406142234802;-0.06882990896701813;0.3507262170314789;0.36280524730682373;-0.008790678344666958;0.4258266091346741;0.4606853723526001;-0.04423866793513298;0.3459949791431427;0.45573851466178894;0.029816601425409317;0.40798211097717285;0.5394976735115051;-0.019773444160819054;0.37009361386299133;0.542163610458374;0.019745033234357834;0.40962791442871094;0.6779747009277344;-0.033374469727277756;0.3719835877418518;0.6761066317558289;0.036408133804798126;0.37043793499469757;0.2777050077915192;-0.13799300715327262;0.43361499160528183;0.5617816299200058;-0.1148662231862545;0.3461979478597641;0.5597450435161591;-0.04701661644503474;0.41084739565849304;0.8128499587376913;0.06283547038522859;0.3773469726244609;0.8007697264353434;0.14764937510093054;;girando
3.87;0.36652010679244995;0.29833298921585083;-0.14132004976272583;0.41297775506973267;0.3578616678714752;-0.07075455039739609;0.34828224778175354;0.36274453997612;-0.016108406707644463;0.4261341094970703;0.4591737389564514;-0.04246817156672478;0.3435106873512268;0.4531506597995758;0.021702928468585014;0.40716955065727234;0.5373820066452026;-0.020512403920292854;0.3685697615146637;0.5405781269073486;0.02048022858798504;0.4090820550918579;0.6779164671897888;-0.03338107466697693;0.3712364733219147;0.6760991215705872;0.0354892835021019;0.37019317746162417;0.27837121188640596;-0.14716979637742042;0.43427273631095886;0.5584031194448471;-0.1148710586130619;0.34432513266801834;0.5592609196901321;-0.055862415581941605;0.40971293052037555;0.8140729268391927;0.04964509730537733;0.3764069577058156;0.8016872406005859;0.12985864033301672;;girando
3.9;0.3660416901111603;0.29813873767852783;-0.13892309367656708;0.4117850959300995;0.35775986313819885;-0.0629827007651329;0.3461493253707886;0.3626793622970581;-0.0162042248994112;0.42596012353897095;0.45779502391815186;-0.03607228398323059;0.3416995406150818;0.45274147391319275;0.02029976062476635;0.40661710500717163;0.5368691086769104;-0.018033739179372787;0.36747634410858154;0.5403521656990051;0.017991311848163605;0.40863221883773804;0.677666425704956;-0.030175969004631042;0.37044644355773926;0.6760717034339905;0.03403683751821518;0.3700658559799194;0.27835998833179476;-0.143524432182312;0.434443362057209;0.5564146637916565;-0.11409237422049046;0.34252075105905533;0.5590287446975708;-0.059200030751526356;0.4107009569803874;0.8147913416226705;0.04267552060385545;0.37633054455121356;0.8014236092567444;0.13529638449350992;;girando
3.93;0.36605656147003174;0.2984793782234192;-0.15780006349086761;0.41077637672424316;0.35776573419570923;-0.06772735714912415;0.3446727991104126;0.36257538199424744;-0.03530976548790932;0.4253133237361908;0.45740586519241333;-0.03300927206873894;0.33995521068573;0.45278075337409973;0.000703061290550977;0.40592408180236816;0.5366779565811157;-0.014418801292777061;0.36677396297454834;0.5401870012283325;0.01435786485671997;0.4082929790019989;0.6776447892189026;-0.027834054082632065;0.36999475955963135;0.6763654351234436;0.025292858481407166;0.3700334817171097;0.2787804901599884;-0.1605522021651268;0.4349009394645691;0.5555545538663864;-0.11114995181560516;0.34098828583955765;0.559032142162323;-0.08040250092744827;0.4120364586512248;0.8134362498919169;0.06353727735889454;0.37578798333803815;0.801519532998403;0.13347534586985907;;girando
3.97;0.36554139852523804;0.2984805703163147;-0.1498863399028778;0.41011130809783936;0.35771599411964417;-0.05989313870668411;0.3434077799320221;0.3625160753726959;-0.028824523091316223;0.42491206526756287;0.4551692306995392;-0.02882622741162777;0.3386133015155792;0.452914834022522;0.0051824250258505344;0.40557271242141724;0.5367820262908936;-0.013994605280458927;0.36637377738952637;0.54018634557724;0.013944310136139393;0.40792348980903625;0.6776196956634521;-0.023625675588846207;0.36950093507766724;0.6765087842941284;0.022349175065755844;0.3697362124919891;0.2788349032402039;-0.1532991737127304;0.43474235385656357;0.5541170388460159;-0.11225096881389618;0.339645691215992;0.5591391623020172;-0.07926184497773647;0.41267167528470355;0.8109483122825623;0.07287128424892823;0.37538541356722516;0.8022307753562927;0.12621196607748666;;girando
4.0;0.3651410639286041;0.2993762791156769;-0.15495888888835907;0.41009607911109924;0.3579349219799042;-0.064798504114151;0.3428211510181427;0.36245664954185486;-0.03423962742090225;0.4246894121170044;0.45537492632865906;-0.03251957148313522;0.3376217186450958;0.4531601369380951;0.00028678777744062245;0.4048525393009186;0.5369263291358948;-0.01389224361628294;0.3654584288597107;0.5404004454612732;0.013838343322277069;0.4079049527645111;0.6777941584587097;-0.01937216892838478;0.36965513229370117;0.6771453022956848;0.021259134635329247;0.3695233196020126;0.2792388677597046;-0.15837643444538116;0.4350910484790802;0.554162785410881;-0.11433279141783714;0.3390778601169586;0.5595618188381195;-0.08456463366746902;0.4131738344828288;0.808498481909434;0.0800283532589674;0.37532376249631244;0.803966244061788;0.12171747287114461;;girando
4.03;0.36536604166030884;0.30015164613723755;-0.1704070121049881;0.409853994846344;0.35800549387931824;-0.06928253173828125;0.3419921100139618;0.36250436305999756;-0.05163656175136566;0.42447105050086975;0.45450958609580994;-0.030756596475839615;0.3363470733165741;0.45402055978775024;-0.01782330498099327;0.4046843945980072;0.5369990468025208;-0.010948161594569683;0.3653508424758911;0.5405355095863342;0.01089535467326641;0.40800741314888;0.6777773499488831;-0.018762243911623955;0.36972928047180176;0.6771183609962463;0.020932771265506744;0.3698004424571991;0.27964226603507997;-0.17312285155057908;0.43465831130743027;0.554108664393425;-0.11141590029001236;0.3384668603539467;0.5613745003938675;-0.10021601058542728;0.4131576319535573;0.8067116737365723;0.08118050483365853;0.3749459783236186;0.8043738802274069;0.12578886499007544;;girando
4.07;0.3654007911682129;0.3003796935081482;-0.1920120120048523;0.40982192754745483;0.35832202434539795;-0.07163666933774948;0.34173882007598877;0.3626508414745331;-0.07227925956249237;0.42408496141433716;0.45440518856048584;-0.03589960187673569;0.33552759885787964;0.4555594325065613;-0.03708832710981369;0.40458056330680847;0.5370570421218872;-0.008466101251542568;0.36514851450920105;0.5407050848007202;0.008405144326388836;0.4083932340145111;0.6773937344551086;-0.019503625109791756;0.36996132135391235;0.6770684123039246;0.019183455035090446;0.3702301651239395;0.27966994047164917;-0.19503982216119767;0.43405960500240326;0.553969219326973;-0.1119662169367075;0.33820102363824844;0.5631329566240311;-0.11717919632792473;0.4132487277189891;0.8061486879984537;0.08612449901799361;0.37496549884478253;0.8050718307495117;0.12836711605389914;;girando
4.1;0.3655742406845093;0.30010515451431274;-0.18682058155536652;0.40984582901000977;0.35888662934303284;-0.07540778070688248;0.3418545722961426;0.3631221055984497;-0.07195430248975754;0.42387452721595764;0.4543932378292084;-0.034353189170360565;0.33477336168289185;0.45787420868873596;-0.04000214859843254;0.4044622480869293;0.5370765328407288;-0.006419468205422163;0.36502784490585327;0.5408576130867004;0.006354339420795441;0.4084979295730591;0.6769909262657166;-0.012625421397387981;0.3700777590274811;0.6770259141921997;0.012994278222322464;0.37057261168956757;0.27929123640060427;-0.18932955712080002;0.43366409093141556;0.5535948723554611;-0.10903550870716572;0.3390573114156723;0.5641967207193375;-0.11784505471587181;0.41333094239234924;0.8050533135732015;0.09622128928701083;0.3748378058274587;0.8062924345334371;0.11419977496067683;;girando
4.13;0.3662435710430145;0.3000795543193817;-0.1866968274116516;0.40984874963760376;0.3594750463962555;-0.07587136328220367;0.34195297956466675;0.3636876940727234;-0.07185579836368561;0.42380452156066895;0.4544268548488617;-0.032039038836956024;0.33420488238334656;0.4595310389995575;-0.04144558683037758;0.4044319689273834;0.5377798676490784;-0.004649082664400339;0.36530911922454834;0.5416805744171143;0.004587708041071892;0.40864747762680054;0.6768669486045837;-0.007263517938554287;0.3701569139957428;0.6773951649665833;0.012262045405805111;0.3710457801818848;0.27914446890354155;-0.18867361694574356;0.433572918176651;0.5534297823905945;-0.10896597988903522;0.3396696224808693;0.5643009543418884;-0.12199060618877411;0.41311949491500854;0.8044686913490295;0.10441505163908005;0.374952365954717;0.8070531686147054;0.11368492990732193;;girando
4.17;0.36669668555259705;0.30002561211586;-0.18283598124980927;0.4098597466945648;0.3597981631755829;-0.07502873986959457;0.3422389030456543;0.3639967739582062;-0.06977759301662445;0.4237188696861267;0.4543822109699249;-0.03103359043598175;0.3341895639896393;0.46052953600883484;-0.040808502584695816;0.404442697763443;0.5383685827255249;-0.004388316068798304;0.36558589339256287;0.5421152710914612;0.0043282839469611645;0.40876272320747375;0.6756764650344849;-0.008730334229767323;0.36988672614097595;0.6773649454116821;0.010560293681919575;0.3713847726583481;0.2789964735507965;-0.1848381355404854;0.43348072469234467;0.5534859001636505;-0.10754520446062088;0.340321809053421;0.5643465220928192;-0.12036939337849617;0.41152973969777423;0.8045226732889811;0.09601268048087756;0.37485233942667645;0.8073443373044332;0.1079294631878535;;vertical
4.2;0.3674822449684143;0.30016234517097473;-0.18200257420539856;0.4100114405155182;0.36041417717933655;-0.06552878767251968;0.34275662899017334;0.36404749751091003;-0.059993986040353775;0.42364612221717834;0.4548947215080261;-0.025844328105449677;0.3342679440975189;0.460659921169281;-0.03132008761167526;0.4044494330883026;0.5400491952896118;-0.0059724547900259495;0.3657887279987335;0.543070375919342;0.005916141904890537;0.4087323844432831;0.6754865646362305;-0.011370877735316753;0.3694138824939728;0.6778280735015869;0.012368575669825077;0.37206791043281556;0.279120945930481;-0.17962998524308205;0.43341562896966934;0.553664043545723;-0.10656275227665901;0.3409712463617325;0.5641771107912064;-0.11302048899233341;0.41023680567741394;0.804674506187439;0.09397151321172714;0.3747755189736684;0.807494064172109;0.11086254691084226;;vertical
4.23;0.36883997917175293;0.3000697195529938;-0.16877441108226776;0.41024166345596313;0.361028254032135;-0.06220397725701332;0.34315553307533264;0.36439862847328186;-0.056991662830114365;0.4237181544303894;0.4554334580898285;-0.027626439929008484;0.3345968723297119;0.46092334389686584;-0.028547165915369987;0.4044516980648041;0.5417025089263916;-0.006705158855766058;0.36589622497558594;0.5443454384803772;0.006653220392763615;0.40871286392211914;0.6748698949813843;-0.012375546619296074;0.36904844641685486;0.6780776381492615;0.013114719651639462;0.37322677969932555;0.27916179299354554;-0.16672721952199937;0.43327755481004715;0.5537842363119125;-0.10806199163198471;0.34542442858219147;0.5625025928020477;-0.10914535447955132;0.40975480278333026;0.804019828637441;0.09568172817428906;0.37481794754664105;0.8076172471046448;0.11210342744986217;;vertical
4.27;0.3700230121612549;0.3003828227519989;-0.18962343037128448;0.4106449484825134;0.3619026839733124;-0.0757184624671936;0.34343448281288147;0.3648073375225067;-0.07596414536237717;0.424106240272522;0.4579223394393921;-0.03263581916689873;0.3350524604320526;0.4619932770729065;-0.05136968940496445;0.40454575419425964;0.5426681637763977;-0.005192953627556562;0.3660751283168793;0.5454461574554443;0.0051375688053667545;0.4087774157524109;0.6740988492965698;-0.005559211131185293;0.3691083490848541;0.6781290173530579;0.014177512377500534;0.3742976486682892;0.27971225678920747;-0.18997022062540053;0.43318600952625275;0.5545696318149567;-0.11453561671078205;0.3507476896047592;0.5623331069946289;-0.13082552701234818;0.4097937345504761;0.8034789562225342;0.1084571046133836;0.37485820055007935;0.807640790939331;0.11460269490877788;;vertical
4.3;0.37227681279182434;0.30065733194351196;-0.17978939414024353;0.411427766084671;0.362822949886322;-0.06410007923841476;0.3440522253513336;0.36479058861732483;-0.06652018427848816;0.4243457019329071;0.4603291153907776;-0.026844462379813194;0.33547258377075195;0.46189698576927185;-0.0456002838909626;0.40461885929107666;0.5435410737991333;-0.0042572482489049435;0.3665894567966461;0.5459678769111633;0.004213959909975529;0.4088515639305115;0.6731773614883423;-0.002050369046628475;0.3693787455558777;0.6778854131698608;0.01380936149507761;0.3763009637594223;0.2800960600376129;-0.1768169403076172;0.43289565294981003;0.5556139498949051;-0.10736619494855404;0.35428690165281296;0.5613899976015091;-0.12588652968406677;0.40972067912419635;0.8034846782684326;0.10051600883404414;0.37493017315864563;0.8073950211207072;0.1076491189499696;;vertical
4.33;0.37400761246681213;0.3007453382015228;-0.1766391098499298;0.412653386592865;0.36316487193107605;-0.06494425237178802;0.34478574991226196;0.36479616165161133;-0.06953346729278564;0.4245755672454834;0.46140915155410767;-0.02766367606818676;0.3361043334007263;0.46223267912864685;-0.052679408341646194;0.40456292033195496;0.5459226369857788;-0.0013310584472492337;0.3670305609703064;0.5475949048995972;0.001288562431000173;0.4090961515903473;0.6733819842338562;0.007147070486098528;0.3705059587955475;0.6778742074966431;0.013318485580384731;0.37800327837467196;0.28017565608024597;-0.17544784843921662;0.43160850554704666;0.557500883936882;-0.10620771162211895;0.35769350826740265;0.5605382174253464;-0.13115695863962173;0.4099010427792867;0.8034625252087911;0.10351015130678813;0.3752381205558777;0.8070883353551229;0.10663626963893573;;vertical
4.37;0.37628623843193054;0.30112674832344055;-0.17845605313777924;0.4138902723789215;0.36332109570503235;-0.06647244095802307;0.34631896018981934;0.3647488057613373;-0.0729614645242691;0.4249979853630066;0.4620725214481354;-0.027906375005841255;0.3381223976612091;0.4625835418701172;-0.05439630523324013;0.40492698550224304;0.5469293594360352;-0.0006619533523917198;0.3680570423603058;0.5480819344520569;0.0006144476355984807;0.40935030579566956;0.6741538643836975;0.007527188863605261;0.3712996244430542;0.6777758002281189;0.013424189761281013;0.380027711391449;0.2808063358068466;-0.17790702283382415;0.4286086857318878;0.5587067753076553;-0.1060042604804039;0.36194513738155365;0.5600882172584534;-0.13393649831414223;0.40989433725674945;0.8035052021344503;0.10303304096062978;0.3754595418771108;0.8063947359720866;0.10638777539134026;;vertical
4.4;0.3777904808521271;0.3011471629142761;-0.17666392028331757;0.41494470834732056;0.363351970911026;-0.06517428159713745;0.3480411469936371;0.36465996503829956;-0.06936167925596237;0.4253334105014801;0.46199730038642883;-0.027101917192339897;0.34032249450683594;0.4625549018383026;-0.04928215220570564;0.40561527013778687;0.5470368266105652;-0.0013794517144560814;0.36898306012153625;0.5481733679771423;0.0013312770752236247;0.4095096290111542;0.6745428442955017;0.005169851239770651;0.3720029890537262;0.677308201789856;0.01344135869294405;0.3816025197505951;0.2812312811613083;-0.1753516636788845;0.42465321719646454;0.5592138469219208;-0.10402603633701801;0.3648693263530731;0.5574340373277664;-0.12841152027249336;0.41002124547958374;0.8034694790840149;0.0993964858353138;0.37597434719403583;0.8053784966468811;0.10203568637371063;;vertical
4.43;0.3787994384765625;0.30124542117118835;-0.16236013174057007;0.4165171980857849;0.3637172281742096;-0.058834876865148544;0.34945544600486755;0.36462533473968506;-0.06434301286935806;0.4260607361793518;0.4618969261646271;-0.02396123856306076;0.34215807914733887;0.46195659041404724;-0.04686582833528519;0.4059907793998718;0.5474094152450562;-0.0012939696898683906;0.3693154752254486;0.5480966567993164;0.0012476254487410188;0.409756600856781;0.6746857166290283;0.0032028972636908293;0.37272748351097107;0.6768506169319153;0.011561457067728043;0.3826084554195404;0.28151216804981233;-0.16210607290267945;0.4208870083093643;0.558911144733429;-0.10249422118067741;0.36827218532562256;0.5523694753646851;-0.12517833150923252;0.41002782185872394;0.8033168315887451;0.09698231394092242;0.37650083502133685;0.8041931589444479;0.09944373120864232;;vertical
4.47;0.3796733021736145;0.30124762654304504;-0.15939626097679138;0.4176070988178253;0.3641286790370941;-0.05885317176580429;0.35085445642471313;0.3643682599067688;-0.06159760802984238;0.42673903703689575;0.46185508370399475;-0.02561620995402336;0.34345096349716187;0.4604898691177368;-0.04455704241991043;0.40643176436424255;0.5472641587257385;-0.0017488292651250958;0.36985889077186584;0.5471557974815369;0.0017055189236998558;0.4097858667373657;0.6746910214424133;0.0018120317254215479;0.37309005856513977;0.6755663156509399;0.012038638815283775;0.38350540697574614;0.281639039516449;-0.159548719227314;0.4180338606238365;0.5568144470453262;-0.10342767648398876;0.37305421382188797;0.5480237752199173;-0.12489664554595947;0.41020413239796955;0.8033806880315145;0.08223916652301948;0.3765905300776164;0.8034719030062357;0.09611381962895393;;vertical
4.5;0.380677193403244;0.3014639914035797;-0.1602519452571869;0.4185560643672943;0.3645082116127014;-0.059025246649980545;0.3520357310771942;0.3637479245662689;-0.06537437438964844;0.4276942014694214;0.46180567145347595;-0.030451981350779533;0.3442436754703522;0.45912230014801025;-0.05102749913930893;0.4070547819137573;0.5471311211585999;-0.0020168672781437635;0.3707060217857361;0.5463756918907166;0.001976792933419347;0.40986496210098267;0.6746984720230103;0.001135601894930005;0.373522013425827;0.6738141179084778;0.011660653166472912;0.38460964858531954;0.2819872945547104;-0.1614980712532997;0.41527973115444183;0.5550006181001663;-0.10817231982946396;0.37708650529384613;0.5432720333337784;-0.13084498792886734;0.410227765639623;0.8034509023030599;0.07833870438237985;0.3766971329847972;0.803107738494873;0.08995217084884644;;vertical
4.53;0.38242107629776;0.3019671142101288;-0.17055487632751465;0.41877052187919617;0.36465272307395935;-0.06306891143321991;0.3528648316860199;0.3630611002445221;-0.07196582108736038;0.42816683650016785;0.4617362320423126;-0.033893145620822906;0.34514859318733215;0.45693764090538025;-0.05919533967971802;0.4073902666568756;0.5469369292259216;-0.0021061806473881006;0.37148594856262207;0.5450975894927979;0.0020712073892354965;0.41020825505256653;0.67442387342453;0.0011099785333499312;0.3739849925041199;0.6720031499862671;0.01137092337012291;0.3863397479057312;0.28262401521205904;-0.1710347332060337;0.4116522744297981;0.5499022603034973;-0.11172770708799362;0.38210058212280273;0.537010669708252;-0.13917053304612637;0.4102940261363983;0.8034888903299967;0.08013250430425008;0.37703197201093036;0.8029662768046061;0.08892196665207545;;vertical
4.57;0.3838745951652527;0.3021427392959595;-0.16715049743652344;0.418669730424881;0.3648785948753357;-0.0575576089322567;0.35363706946372986;0.3619803488254547;-0.07003152370452881;0.4281749725341797;0.46152541041374207;-0.030139749869704247;0.34638720750808716;0.4547846019268036;-0.05834155157208443;0.4075476825237274;0.544654130935669;-0.002155189635232091;0.37172263860702515;0.5431423783302307;0.0021365885622799397;0.41041284799575806;0.6734891533851624;0.0008269637473858893;0.3745163381099701;0.6703702211380005;0.011582329869270325;0.38761345148086546;0.28300231099128725;-0.16705094501376153;0.4099733904004097;0.5447617173194885;-0.11053544282913208;0.38675757497549057;0.5327198356389999;-0.13848872482776642;0.41066906849543255;0.803505023320516;0.07778047397732735;0.3772387405236562;0.8029293219248453;0.08828874801596005;;vertical
4.6;0.3852415978908539;0.30227407813072205;-0.1671702116727829;0.41876769065856934;0.36504271626472473;-0.057222142815589905;0.3541980981826782;0.36127573251724243;-0.06945207715034485;0.428127259016037;0.4612446129322052;-0.030026698485016823;0.34735938906669617;0.45442089438438416;-0.061697740107774734;0.407734751701355;0.5421916842460632;-0.002671688562259078;0.37183594703674316;0.5422887206077576;0.002678633201867342;0.4105100929737091;0.6727927923202515;0.000641456397715956;0.3749040961265564;0.670245349407196;0.012276829220354557;0.38871787786483764;0.28328288793563844;-0.16699017956852913;0.40771908313035965;0.5407927185297012;-0.11068723164498806;0.38946814090013504;0.5311685651540756;-0.140959944576025;0.41100266575813293;0.8035823901494344;0.07690215731660525;0.3774837950865428;0.8032891154289246;0.0890654983619849;;vertical
4.63;0.38644784688949585;0.3025951683521271;-0.17219437658786774;0.4187917113304138;0.36537593603134155;-0.05751727148890495;0.3543787896633148;0.36111152172088623;-0.07706335932016373;0.42806077003479004;0.4612642228603363;-0.036465708166360855;0.3498053252696991;0.455848753452301;-0.07325760275125504;0.40775778889656067;0.5404283404350281;-0.002706436440348625;0.37178850173950195;0.5419042706489563;0.0027262228541076183;0.41053348779678345;0.6719675064086914;0.0017705959035083652;0.37525925040245056;0.6703088283538818;0.014178081415593624;0.38962589800357816;0.28359938859939576;-0.17125705555081366;0.403777077794075;0.5400518178939819;-0.11967992782592773;0.3938756659626961;0.5310405045747757;-0.14785757288336754;0.4114839732646942;0.8036778966585795;0.07830067227284114;0.37771671017011005;0.8036613861719767;0.09091053903102875;;vertical
4.67;0.3874981999397278;0.30306318402290344;-0.1655500829219818;0.4189690351486206;0.3657171428203583;-0.053638756275177;0.3548530638217926;0.3610348701477051;-0.074275441467762;0.42803242802619934;0.4612317979335785;-0.03576844185590744;0.3511936366558075;0.4565301239490509;-0.06715019047260284;0.4078023433685303;0.539315402507782;-0.0033618370071053505;0.37184444069862366;0.541722297668457;0.0034068713430315256;0.41055524349212646;0.671530544757843;-0.0006672683521173894;0.37552139163017273;0.6703861355781555;0.014223077334463596;0.39035569727420805;0.2839420735836029;-0.16416571140289307;0.4016669690608978;0.537822037935257;-0.12073534913361073;0.3949257805943489;0.5288961678743362;-0.14383668825030327;0.41180973251660663;0.8038894136746725;0.07414449627200763;0.37793492277463275;0.8040124773979187;0.08904380475481351;;vertical
4.7;0.3879068195819855;0.3031267523765564;-0.16847071051597595;0.4192536175251007;0.3661378026008606;-0.055383458733558655;0.3553604185581207;0.3608626425266266;-0.07613897323608398;0.4278235137462616;0.4612344801425934;-0.03509098291397095;0.3524639904499054;0.4574339985847473;-0.07317090779542923;0.4078839123249054;0.5382540822029114;-0.003177524544298649;0.3718873858451843;0.5413720011711121;0.003219527192413807;0.41057711839675903;0.6702554225921631;-0.0006820394191890955;0.37576672434806824;0.6701771020889282;0.013488651253283024;0.3906316250562668;0.28400913178920745;-0.1670071989297867;0.39936109632253647;0.5379727780818939;-0.11633320897817612;0.3960864469408989;0.5283156782388687;-0.14667639881372452;0.41190406680107117;0.8040134112040201;0.07582070368031661;0.377916951974233;0.8045486211776733;0.08742345497012138;;vertical
4.73;0.388082891702652;0.3032090365886688;-0.17917296290397644;0.4196235239505768;0.36633485555648804;-0.064527228474617;0.3556298017501831;0.3607654869556427;-0.08222244679927826;0.42760759592056274;0.4612845480442047;-0.0401826836168766;0.35284775495529175;0.45821601152420044;-0.0786660835146904;0.40807291865348816;0.5379236936569214;-0.0032232191879302263;0.37217840552330017;0.5413705110549927;0.0032639026176184416;0.4106845557689667;0.6698154211044312;-0.00044227883336134255;0.37619873881340027;0.6702471375465393;0.014423364773392677;0.390942907333374;0.2841009497642517;-0.17863759472966195;0.39784660935401917;0.5387546420097351;-0.11632935516536236;0.3957611173391342;0.5295516550540924;-0.15092707052826881;0.4119572540124257;0.8042638103167216;0.07608655157188575;0.3778889874617259;0.8050258159637451;0.08735437815388043;;vertical
4.77;0.38812899589538574;0.3032487630844116;-0.18758241832256317;0.41983604431152344;0.36647674441337585;-0.07389026135206223;0.35587915778160095;0.3606509268283844;-0.08800680190324783;0.4275873899459839;0.461364209651947;-0.046669431030750275;0.35256385803222656;0.4585646688938141;-0.08233344554901123;0.40828943252563477;0.537817120552063;-0.003588608466088772;0.372417688369751;0.5413991212844849;0.0036194759886711836;0.4110296666622162;0.6694512963294983;0.0021416805684566498;0.3766191601753235;0.6703006625175476;0.017738737165927887;0.3911308228969574;0.28421196043491365;-0.18768032938241958;0.39755676686763763;0.5394198000431061;-0.11873106099665165;0.39447126537561417;0.53062804043293;-0.15387099981307983;0.41214674711227417;0.8044842680295309;0.07284649461507797;0.37799084186553955;0.8055174946784973;0.08552426720658939;;vertical
4.8;0.3878463804721832;0.3032551109790802;-0.18899059295654297;0.419857919216156;0.3667111396789551;-0.07518145442008972;0.35607200860977173;0.3604472875595093;-0.08697914332151413;0.42755505442619324;0.4613995850086212;-0.04649556428194046;0.3523869812488556;0.4586256146430969;-0.07937570661306381;0.4084882438182831;0.5375900268554688;-0.0037870092783123255;0.3726411759853363;0.5414113998413086;0.003811039961874485;0.4112413227558136;0.6690977811813354;0.0027091193478554487;0.37685394287109375;0.6703309416770935;0.017926452681422234;0.39109273850917814;0.28434026539325713;-0.1893028661608696;0.3982449844479561;0.5394850671291351;-0.11828129552304745;0.39363274723291397;0.531178891658783;-0.1518722102046013;0.4122306903203328;0.8046022057533264;0.07331856774787109;0.3780477245648702;0.8059556086858114;0.08483895535270373;;vertical
4.83;0.3875735402107239;0.3032393455505371;-0.19066022336483002;0.4199405610561371;0.36707398295402527;-0.07779177278280258;0.35608142614364624;0.36033812165260315;-0.08781624585390091;0.4275297224521637;0.4615154266357422;-0.04885140061378479;0.3524709641933441;0.4587927460670471;-0.07934831082820892;0.40859973430633545;0.5373796820640564;-0.004055975005030632;0.372713565826416;0.5413841605186462;0.0040698787197470665;0.41141754388809204;0.6687948107719421;0.0036566276103258133;0.3770763576030731;0.6702480912208557;0.019157465547323227;0.3909873068332672;0.28434252738952637;-0.19106737077236174;0.398221917450428;0.5397146046161652;-0.1197603102773428;0.39332736283540726;0.5315835028886795;-0.15194014087319374;0.4122749666372935;0.8047647078831991;0.07211636534581582;0.37809861699740094;0.8061986168225607;0.08493629097938538;;vertical
4.87;0.3874097764492035;0.30324238538742065;-0.19057634472846985;0.4200417995452881;0.3673352301120758;-0.07766618579626083;0.35610947012901306;0.3603222668170929;-0.08731731027364731;0.4275188446044922;0.4615267813205719;-0.04872642084956169;0.3526167571544647;0.4589953124523163;-0.07857668399810791;0.40879175066947937;0.5373560786247253;-0.004111904185265303;0.3728111684322357;0.5413970947265625;0.0041213794611394405;0.41153454780578613;0.668812096118927;0.0034374052193015814;0.37722399830818176;0.6702627539634705;0.018954100087285042;0.39092824757099154;0.28436352014541627;-0.19102421253919602;0.39836276322603226;0.5397852808237076;-0.12012782134115696;0.39327070862054825;0.5318521708250046;-0.15180154889822006;0.4122665325800578;0.8051665226618449;0.07262661711623271;0.3780826926231384;0.8063385883967081;0.08540632451574008;;vertical
4.9;0.38728928565979004;0.3032379150390625;-0.18938195705413818;0.42017871141433716;0.3675742745399475;-0.07704637944698334;0.3560951054096222;0.36032041907310486;-0.08647307008504868;0.42750468850135803;0.4615296423435211;-0.04823969304561615;0.35270655155181885;0.4591447412967682;-0.07777238637208939;0.4089386761188507;0.5373968482017517;-0.004160520154982805;0.37291306257247925;0.5414447784423828;0.004166699945926666;0.41157397627830505;0.6688375473022461;0.0033420894760638475;0.3772810399532318;0.6703014969825745;0.018808212131261826;0.3908467411994934;0.284360870718956;-0.18981942534446716;0.39818794280290604;0.5399169325828552;-0.11994842067360878;0.3930903524160385;0.5320514589548111;-0.15136657282710075;0.4122418562571208;0.8054038484891256;0.07301821808020274;0.37801551818847656;0.8066209753354391;0.0856439055254062;;vertical
4.93;0.3871857523918152;0.30325043201446533;-0.19263455271720886;0.42037394642829895;0.3676995635032654;-0.079901322722435;0.3560830354690552;0.3603282570838928;-0.09034104645252228;0.4274994730949402;0.4617052376270294;-0.05131327360868454;0.3528802990913391;0.45940104126930237;-0.08190130442380905;0.4090314209461212;0.5374353528022766;-0.004161981865763664;0.3729538321495056;0.5414907336235046;0.004165944177657366;0.4116285741329193;0.6688616871833801;0.0033031944185495377;0.3773236870765686;0.6706003546714783;0.018663084134459496;0.3908403515815735;0.2843768626451492;-0.1931892454624176;0.3978165090084076;0.5400406867265701;-0.12253161147236824;0.3931199610233307;0.5324027240276337;-0.1541343405842781;0.41217416524887085;0.8056057890256246;0.07335130342592795;0.3779203991095225;0.806851327419281;0.08562520643075307;;vertical
4.97;0.38711750507354736;0.30321741104125977;-0.19269269704818726;0.4204670786857605;0.367723286151886;-0.07949929684400558;0.3560943007469177;0.3603304326534271;-0.09092464298009872;0.4274950623512268;0.4617149531841278;-0.0507899671792984;0.3530709147453308;0.4595947563648224;-0.08255299925804138;0.40909475088119507;0.5374045968055725;-0.004133936949074268;0.37300190329551697;0.5414757132530212;0.004135855473577976;0.41175976395606995;0.6688354015350342;0.0032788573298603296;0.3773428499698639;0.6706110835075378;0.018458835780620575;0.3907927334308624;0.2843470752239227;-0.19323622137308122;0.3977786898612976;0.5401289314031601;-0.12223734147846699;0.39301005005836487;0.5332027077674866;-0.15487951412796974;0.41211625933647156;0.8056978384653727;0.07285388093441725;0.3778448800245921;0.8069758613904318;0.08440189560254414;;vertical
5.0;0.38706663250923157;0.30328893661499023;-0.19787929952144623;0.4205583930015564;0.3677324056625366;-0.08354581147432327;0.35608285665512085;0.3604275584220886;-0.09493868052959442;0.42748603224754333;0.46171659231185913;-0.05432378873229027;0.35321614146232605;0.45999327301979065;-0.08605072647333145;0.4091174900531769;0.53727787733078;-0.004137721844017506;0.3730131983757019;0.5413761138916016;0.004139517899602652;0.41182947158813477;0.6687465906143188;0.003168082796037197;0.377350777387619;0.6706272959709167;0.018544087186455727;0.39075822234153745;0.2844066798686981;-0.1987375497817993;0.3976672887802124;0.5402936935424805;-0.12599745579063892;0.39286454766988754;0.5344827026128769;-0.158414538949728;0.4120885729789734;0.8058187166849772;0.07261134280512731;0.37782089908917743;0.8070345123608907;0.08466116338968277;;vertical
