segundo;landmark_10_x;landmark_10_y;landmark_10_z;landmark_11_x;landmark_11_y;landmark_11_z;landmark_12_x;landmark_12_y;landmark_12_z;landmark_13_x;landmark_13_y;landmark_13_z;landmark_14_x;landmark_14_y;landmark_14_z;landmark_23_x;landmark_23_y;landmark_23_z;landmark_24_x;landmark_24_y;landmark_24_z;landmark_25_x;landmark_25_y;landmark_25_z;landmark_26_x;landmark_26_y;landmark_26_z;cara_prom_x;cara_prom_y;cara_prom_z;mano_izquierda_prom_x;mano_izquierda_prom_y;mano_izquierda_prom_z;mano_derecha_prom_x;mano_derecha_prom_y;mano_derecha_prom_z;pie_izquierdo_prom_x;pie_izquierdo_prom_y;pie_izquierdo_prom_z;pie_derecho_prom_x;pie_derecho_prom_y;pie_derecho_prom_z;;Etiqueta;Vertical
0.03;0.47259649634361267;0.3597515821456909;-0.23625263571739197;0.5125012993812561;0.4131397604942322;-0.10555122792720795;0.44711339473724365;0.4194701313972473;-0.10132547467947006;0.5237876176834106;0.5073500871658325;-0.05521919205784798;0.44063326716423035;0.5157285332679749;-0.060829319059848785;0.4977504014968872;0.5870172381401062;-0.0053723519667983055;0.4599478840827942;0.5865326523780823;0.005286278203129768;0.49701574444770813;0.7259021997451782;-0.009380892850458622;0.4617462456226349;0.727018415927887;0.006205790676176548;0.47807107865810394;0.34151715636253355;-0.2397328421473503;0.5258985608816147;0.6117665022611618;-0.13415736332535744;0.4402428865432739;0.6247932314872742;-0.14527195319533348;0.491000364224116;0.8715411027272543;0.05242368423690399;0.4655122458934784;0.8693220814069113;0.07434628500292699;;vertical;frontal
0.07;0.4725962281227112;0.36014318466186523;-0.25084182620048523;0.5124923586845398;0.4131672978401184;-0.1140768751502037;0.4464694559574127;0.419978529214859;-0.11859984695911407;0.5229471921920776;0.5074679255485535;-0.060308147221803665;0.4401279389858246;0.5192760825157166;-0.0768217071890831;0.4978412091732025;0.5869291424751282;-0.004237458109855652;0.4600332975387573;0.586603581905365;0.004145510960370302;0.4968249201774597;0.7257915735244751;-0.004562336951494217;0.46242755651474;0.727603018283844;0.0062541663646698;0.47817522585391997;0.3418271094560623;-0.2553911194205284;0.5251378566026688;0.6119897067546844;-0.14207021705806255;0.440231092274189;0.62824846804142;-0.1576048657298088;0.4912729064623515;0.869634727636973;0.06693436950445175;0.4657294452190399;0.8693820238113403;0.07933781544367473;;vertical;frontal
0.1;0.472584068775177;0.36037778854370117;-0.2571481466293335;0.5124900341033936;0.41318491101264954;-0.11851570010185242;0.44604265689849854;0.4203723073005676;-0.12416914850473404;0.5224574208259583;0.5076572895050049;-0.06368286907672882;0.4398501515388489;0.5207039713859558;-0.08181712031364441;0.4978989362716675;0.5868838429450989;-0.003534844843670726;0.4601079821586609;0.5866636037826538;0.0034387039486318827;0.49667665362358093;0.7257891297340393;-0.002032063202932477;0.46293210983276367;0.7281255722045898;0.00638677878305316;0.47824784815311433;0.3420512080192566;-0.2619368612766266;0.5246389210224152;0.612167552113533;-0.14653515070676804;0.440221831202507;0.629939392209053;-0.1626766361296177;0.4913981258869171;0.8687289158503214;0.072028457497557;0.465872863928477;0.8694257338841757;0.08219887192050616;;vertical;frontal
0.13;0.47256866097450256;0.36056968569755554;-0.26691630482673645;0.5124788284301758;0.4132358431816101;-0.12620007991790771;0.4458088278770447;0.42065903544425964;-0.13214991986751556;0.5221163034439087;0.5083149671554565;-0.07141177356243134;0.43960097432136536;0.52177494764328;-0.09037439525127411;0.49792131781578064;0.5867907404899597;-0.003431383054703474;0.46013057231903076;0.5866633057594299;0.0033324030227959156;0.4964821934700012;0.7257855534553528;-0.0014803260564804077;0.46318015456199646;0.7284108400344849;0.00753963366150856;0.4782825857400894;0.34218911826610565;-0.2717128872871399;0.5242237001657486;0.6127801686525345;-0.15357474237680435;0.44020891934633255;0.6310236006975174;-0.17110882699489594;0.49145206809043884;0.8681680957476298;0.0724234397833546;0.4659786323706309;0.8695429563522339;0.08428529898325603;;vertical;frontal
0.17;0.47254928946495056;0.3608754873275757;-0.2609845995903015;0.5124216079711914;0.4132395386695862;-0.12232127040624619;0.44563737511634827;0.420746773481369;-0.12691591680049896;0.5218439698219299;0.508327066898346;-0.06820400059223175;0.43927299976348877;0.5219894647598267;-0.08525985479354858;0.497921347618103;0.586596667766571;-0.0034041637554764748;0.46013930439949036;0.5866637825965881;0.003304790472611785;0.4963102638721466;0.7257465124130249;-0.0019469140097498894;0.46326252818107605;0.7285085320472717;0.007574706804007292;0.4783011734485626;0.34239970743656156;-0.26565833687782286;0.5237157493829727;0.6127495914697647;-0.15006409212946892;0.4402148500084877;0.6309708654880524;-0.166615791618824;0.4915113051732381;0.8675752480824789;0.0715236198157072;0.4660856823126475;0.869552214940389;0.08394124669333299;;vertical;frontal
0.2;0.47252365946769714;0.3611268699169159;-0.25719889998435974;0.5123927593231201;0.41323962807655334;-0.12061314284801483;0.4455445408821106;0.42084938287734985;-0.12293118983507156;0.5216277241706848;0.5083539485931396;-0.06775235384702682;0.43897613883018494;0.5224100351333618;-0.08148591965436935;0.49792036414146423;0.5865388512611389;-0.0034323660656809807;0.4601411521434784;0.586668074131012;0.003333474276587367;0.49609652161598206;0.7257557511329651;-0.0018510519294068217;0.463286817073822;0.7285144329071045;0.0077974372543394566;0.4783078908920288;0.34256839454174043;-0.2615438878536224;0.5234420150518417;0.6126094162464142;-0.1480141207575798;0.4402133449912071;0.6309247612953186;-0.1634489707648754;0.4915693402290344;0.8671367963155111;0.07245640798161428;0.4662271936734517;0.8695410291353861;0.08460432166854541;;vertical;frontal
0.23;0.4724462032318115;0.36176303029060364;-0.2556666135787964;0.5123257040977478;0.4131527245044708;-0.11930619180202484;0.4454747438430786;0.42085984349250793;-0.1214057207107544;0.5214748978614807;0.508272647857666;-0.06687484681606293;0.4388658404350281;0.5225851535797119;-0.07992524653673172;0.4979115128517151;0.5865296125411987;-0.0034445105120539665;0.4601454734802246;0.5867004990577698;0.003345427569001913;0.4959540367126465;0.7257983088493347;-0.001971100689843297;0.46330636739730835;0.7286016941070557;0.008212029002606869;0.4782841891050339;0.3428962081670761;-0.26025398820638657;0.5231074690818787;0.6125977039337158;-0.14732341468334198;0.4402393028140068;0.6308871358633041;-0.16263462230563164;0.4915817677974701;0.8669182658195496;0.07506061686823766;0.46630919973055523;0.8695630033810934;0.08701871521770954;;vertical;frontal
0.27;0.47243937849998474;0.36245763301849365;-0.26009249687194824;0.512286365032196;0.4130198657512665;-0.1208646148443222;0.44542890787124634;0.4208884835243225;-0.12460579723119736;0.52134770154953;0.5081258416175842;-0.06638121604919434;0.4387238025665283;0.5226163268089294;-0.08235891908407211;0.4979105591773987;0.5863052010536194;-0.003478096565231681;0.4601542353630066;0.5866926312446594;0.003379024798050523;0.495841920375824;0.7257619500160217;-0.002018683822825551;0.46331748366355896;0.7286012172698975;0.008606953546404839;0.47827855348587034;0.343393674492836;-0.2653470754623413;0.5228172093629837;0.6125864088535309;-0.1476721614599228;0.44023580849170685;0.6308221071958542;-0.16538191959261894;0.4915541211764018;0.8667241930961609;0.07424103965361913;0.4664246141910553;0.8695904811223348;0.08662241076429684;;vertical;frontal
0.3;0.4724505841732025;0.36363059282302856;-0.265388548374176;0.5122673511505127;0.41261646151542664;-0.12387274950742722;0.44538795948028564;0.4208914339542389;-0.12862259149551392;0.5212505459785461;0.5080018639564514;-0.06768108159303665;0.43862149119377136;0.5225915908813477;-0.08582397550344467;0.49789878726005554;0.5860280394554138;-0.0035029861610382795;0.46015486121177673;0.5866824984550476;0.0034038745798170567;0.49571314454078674;0.7257024645805359;0.00015045594773255289;0.46333473920822144;0.728486955165863;0.009989248588681221;0.4782859027385712;0.3442214637994766;-0.271114693582058;0.522687554359436;0.6126017868518829;-0.15043800696730614;0.44025105237960815;0.6307661980390549;-0.16956812143325806;0.4915476342042287;0.8667526841163635;0.07295927653710048;0.46649085481961566;0.8696183164914449;0.08602654499312241;;vertical;frontal
0.33;0.47236117720603943;0.3654603362083435;-0.27480757236480713;0.5122201442718506;0.41247764229774475;-0.13289356231689453;0.4453858435153961;0.4208924174308777;-0.1351456642150879;0.5212120413780212;0.5076832175254822;-0.07399740070104599;0.43858110904693604;0.5225603580474854;-0.08931633085012436;0.49788525700569153;0.5858808159828186;-0.003709916491061449;0.4601403474807739;0.5866833329200745;0.003608469385653734;0.4955584406852722;0.7256170511245728;0.0008623158792033792;0.46333226561546326;0.7284555435180664;0.011478054337203503;0.4782604306936264;0.3457368463277817;-0.2818449527025223;0.5225921124219894;0.6127000600099564;-0.1562713012099266;0.44024960696697235;0.6306301206350327;-0.17277541384100914;0.49149415890375775;0.8667911489804586;0.07216973664859931;0.4665209949016571;0.869814376036326;0.08571970090270042;;vertical;frontal
0.37;0.47228333353996277;0.36825719475746155;-0.2866910398006439;0.5121626853942871;0.41247719526290894;-0.14152584969997406;0.4453830122947693;0.4210807979106903;-0.14344315230846405;0.5211833715438843;0.5075218677520752;-0.08218184113502502;0.4385344088077545;0.5224993824958801;-0.09623189270496368;0.4978717267513275;0.585881769657135;-0.0038455112371593714;0.46013185381889343;0.5867177844047546;0.0037442732136696577;0.4954177439212799;0.725644052028656;0.001425103866495192;0.4633300006389618;0.7284567952156067;0.013189184479415417;0.4782325267791748;0.3480924844741821;-0.2942312479019165;0.5223501920700073;0.6129049509763718;-0.16615625098347664;0.4402715787291527;0.6305880397558212;-0.18124690651893616;0.49146156509717304;0.8668276866277059;0.07491274146984021;0.4665621817111969;0.8699204921722412;0.08921524447699387;;vertical;frontal
0.4;0.4720158576965332;0.3725094795227051;-0.3031902015209198;0.5121603012084961;0.4127255082130432;-0.15625935792922974;0.4453750550746918;0.42121264338493347;-0.15440881252288818;0.5211237072944641;0.5078057646751404;-0.09631453454494476;0.4384605586528778;0.5224893689155579;-0.10418404638767242;0.4978539049625397;0.5858767628669739;-0.004029611591249704;0.46012094616889954;0.5867396593093872;0.0039279889315366745;0.49534568190574646;0.7256755232810974;0.0012028374476358294;0.46334370970726013;0.7284606695175171;0.014841168187558651;0.4781000465154648;0.3515764534473419;-0.31236106157302856;0.5221205353736877;0.6134457886219025;-0.17913782596588135;0.4404146745800972;0.6306125521659851;-0.18888232111930847;0.4914929171403249;0.8668470581372579;0.07659458555281162;0.46664241949717206;0.8699103792508444;0.09336402391393979;;inclinandose;frontal
0.43;0.47185927629470825;0.3772090673446655;-0.32137104868888855;0.5121691823005676;0.41394883394241333;-0.1734771728515625;0.44537386298179626;0.421562522649765;-0.16798660159111023;0.5209295749664307;0.5093534588813782;-0.11577825993299484;0.4384508728981018;0.5226876735687256;-0.11633376032114029;0.4978216290473938;0.5859134197235107;-0.004483832977712154;0.46008607745170593;0.5869340300559998;0.00438328180462122;0.49525704979896545;0.7258697748184204;0.0021484221797436476;0.4633769989013672;0.7286472320556641;0.019166121259331703;0.47797795832157136;0.35516451597213744;-0.33125685453414916;0.5217074304819107;0.6147488504648209;-0.1990002803504467;0.44051384180784225;0.630834698677063;-0.20152106508612633;0.49152418971061707;0.8668853044509888;0.08018962293863297;0.46670885880788165;0.86993008852005;0.10167140513658524;;inclinandose;frontal
0.47;0.4716721773147583;0.38165152072906494;-0.33856871724128723;0.5121734142303467;0.41562139987945557;-0.19059495627880096;0.44537633657455444;0.4228031039237976;-0.1808205544948578;0.5208473801612854;0.5114338994026184;-0.13739921152591705;0.43830105662345886;0.5243100523948669;-0.12981516122817993;0.49782031774520874;0.5859927535057068;-0.005187417380511761;0.4600795805454254;0.5873968005180359;0.005094123538583517;0.4952455461025238;0.7259404063224792;0.0018573638517409563;0.46338146924972534;0.7287390828132629;0.022582223638892174;0.4778445065021515;0.3590857833623886;-0.34907967448234556;0.5211988836526871;0.6166540682315826;-0.22066239267587662;0.44063401222229004;0.6314488500356674;-0.2141915112733841;0.4914928078651428;0.866806169350942;0.07989809103310108;0.4667135278383891;0.8699313004811605;0.10629604881008466;;inclinandose;frontal
0.5;0.47140204906463623;0.3862239420413971;-0.3594295084476471;0.5121251940727234;0.4174000918865204;-0.21002621948719025;0.4454106390476227;0.42363643646240234;-0.19504237174987793;0.5207785964012146;0.5131025910377502;-0.16078117489814758;0.4380151033401489;0.5250188112258911;-0.144243523478508;0.49779820442199707;0.5858182311058044;-0.005765264388173819;0.4600783884525299;0.5873661637306213;0.005680975038558245;0.49521371722221375;0.725936770439148;-0.002769360551610589;0.463381290435791;0.7287425398826599;0.02063726633787155;0.47764420211315156;0.3645836770534515;-0.3712121248245239;0.5207778960466385;0.6186641305685043;-0.24545547738671303;0.44073744863271713;0.6323239505290985;-0.22994457930326462;0.49145705501238507;0.8666081229845682;0.07529931049793959;0.4666985869407654;0.8698872526486715;0.1021994265417258;;inclinandose;frontal
0.53;0.4714827537536621;0.394986629486084;-0.3924439251422882;0.5121230483055115;0.4198644757270813;-0.23483413457870483;0.4455178678035736;0.42596539855003357;-0.22070911526679993;0.5207446217536926;0.5157402753829956;-0.18794281780719757;0.4379045069217682;0.5287821888923645;-0.1703065186738968;0.4977934956550598;0.5846397280693054;-0.005925321485847235;0.4600942134857178;0.5865063071250916;0.005854053422808647;0.49516117572784424;0.7254100441932678;-0.004739572759717703;0.46338319778442383;0.7284837365150452;0.0156314168125391;0.4776667058467865;0.3721830040216446;-0.4052926391363144;0.5203503519296646;0.6231527924537659;-0.26866593956947327;0.4411015287041664;0.6354459077119827;-0.25649139657616615;0.4913654327392578;0.8664105733235677;0.06185767396042744;0.46667443712552387;0.8697463671366373;0.08771061152219772;;inclinandose;frontal
0.57;0.47148051857948303;0.40182504057884216;-0.42067965865135193;0.5121024250984192;0.42363208532333374;-0.2581787109375;0.4456116557121277;0.42973941564559937;-0.24625934660434723;0.5207033157348633;0.5218275189399719;-0.22003822028636932;0.4379364550113678;0.5323654413223267;-0.2038404643535614;0.4975932538509369;0.5831488966941833;-0.005948721431195736;0.46008387207984924;0.5860150456428528;0.005885056219995022;0.495084285736084;0.7233926653862;-0.008717164397239685;0.46338269114494324;0.7274529337882996;0.009786227717995644;0.4776524543762207;0.3806951642036438;-0.434056481719017;0.5198020935058594;0.6298913061618805;-0.29865624010562897;0.4416678324341774;0.6412444710731506;-0.29006998240947723;0.4913058280944824;0.8660627007484436;0.05112607156236967;0.4666772286097209;0.869444747765859;0.07805290476729472;;inclinandose;frontal
0.6;0.47136327624320984;0.4091637432575226;-0.4367689788341522;0.5120569467544556;0.4299072325229645;-0.27181872725486755;0.4457099139690399;0.4319114089012146;-0.26008784770965576;0.5207024812698364;0.5278103351593018;-0.23564957082271576;0.4383563995361328;0.5348833203315735;-0.21863313019275665;0.4973987936973572;0.5815714597702026;-0.005994890816509724;0.46012216806411743;0.5844185948371887;0.005939372815191746;0.49502789974212646;0.7223684191703796;-0.010707886889576912;0.46337440609931946;0.7261340618133545;0.005687347147613764;0.4775571286678314;0.38869409561157225;-0.45080533623695374;0.5194882154464722;0.6359833925962448;-0.313046395778656;0.4425644725561142;0.6460073739290237;-0.30469802021980286;0.4912888507048289;0.8658395608266195;0.04897677029172579;0.46669132510821026;0.8690643111864725;0.07568968025346597;;inclinandose;frontal
0.63;0.471356600522995;0.420143187046051;-0.4399341940879822;0.5120600461959839;0.43747425079345703;-0.27168014645576477;0.4457111358642578;0.43708115816116333;-0.26226386427879333;0.5205715298652649;0.5345572233200073;-0.23512014746665955;0.43858975172042847;0.5377998948097229;-0.2208484262228012;0.49717628955841064;0.5816922783851624;-0.006408315617591143;0.4601220488548279;0.5843946933746338;0.006367165129631758;0.49467501044273376;0.7220600843429565;-0.013975153677165508;0.4633116126060486;0.7257452011108398;0.004274861421436071;0.4775973320007324;0.3996686995029449;-0.45447254478931426;0.5188999027013779;0.6421209871768951;-0.31400736421346664;0.44367455691099167;0.6493876576423645;-0.3078750818967819;0.4913046360015869;0.8656533360481262;0.04393416208525499;0.46670471628506977;0.8686493237813314;0.07266241110240419;;inclinandose;frontal
0.67;0.4713282585144043;0.4294924736022949;-0.4506632387638092;0.512046754360199;0.4448975920677185;-0.281676709651947;0.44575801491737366;0.4419533610343933;-0.26903367042541504;0.5201706290245056;0.5407638549804688;-0.2457919716835022;0.43922916054725647;0.5397119522094727;-0.22540134191513062;0.49705177545547485;0.5816925168037415;-0.006656701676547527;0.4601444602012634;0.5840244293212891;0.006626584101468325;0.4943828582763672;0.7205842733383179;-0.02394452877342701;0.46331095695495605;0.7245981693267822;-0.0034901765175163746;0.47760807275772094;0.4087316542863846;-0.46591163873672486;0.5176244676113129;0.6471434235572815;-0.3238402232527733;0.44465819746255875;0.6517301350831985;-0.3115929961204529;0.4913010597229004;0.8655036290486654;0.029981048156817753;0.4667029082775116;0.8685101469357809;0.06015220315506061;;inclinandose;frontal
0.7;0.47161945700645447;0.4398258626461029;-0.4641484320163727;0.5120161771774292;0.4478434920310974;-0.2949184477329254;0.4457286596298218;0.45100316405296326;-0.28339049220085144;0.5197718739509583;0.5446281433105469;-0.26299893856048584;0.4400213360786438;0.5454761385917664;-0.24379728734493256;0.49706995487213135;0.5792571306228638;-0.0072049605660140514;0.4604775309562683;0.5825549960136414;0.007208556402474642;0.4943658113479614;0.7171755433082581;-0.030857516452670097;0.4633902311325073;0.7217028141021729;-0.007442368194460869;0.477917018532753;0.42017830312252047;-0.48066572844982147;0.5160004943609238;0.6546023935079575;-0.3420310616493225;0.445372499525547;0.6568157076835632;-0.33270520716905594;0.49129001299540204;0.8653232852617899;0.024459373205900192;0.46668553352355957;0.868293305238088;0.055596509017050266;;inclinandose;frontal
0.73;0.4717269837856293;0.44672977924346924;-0.4689381718635559;0.5118573307991028;0.4525688886642456;-0.29870155453681946;0.44577038288116455;0.45934954285621643;-0.28757965564727783;0.5190969705581665;0.5494449138641357;-0.2671646177768707;0.4410766065120697;0.551304042339325;-0.2493279129266739;0.49693241715431213;0.5780736207962036;-0.00698381382972002;0.4613264501094818;0.5810861587524414;0.0070070442743599415;0.49454227089881897;0.716151773929596;-0.027333315461874008;0.46340054273605347;0.719883382320404;-0.01521963533014059;0.47798276543617246;0.42724755108356477;-0.48462645411491395;0.5150675177574158;0.661805659532547;-0.3430069461464882;0.4462409093976021;0.6638825088739395;-0.33731842041015625;0.49155232310295105;0.8645816842714945;0.029692262411117554;0.46665793657302856;0.8676524559656779;0.04936395895977815;;inclinandose;frontal
0.77;0.4717661738395691;0.45662394165992737;-0.47964373230934143;0.5115445852279663;0.4599689841270447;-0.31113380193710327;0.4458928108215332;0.4652334451675415;-0.2977316081523895;0.5182150602340698;0.5577124953269958;-0.282721608877182;0.44175806641578674;0.5608615279197693;-0.26199379563331604;0.496934175491333;0.5777444243431091;-0.006967619527131319;0.4622839391231537;0.5793746709823608;0.006987291853874922;0.49497851729393005;0.7153374552726746;-0.03506392240524292;0.46341726183891296;0.7168158888816833;-0.024096254259347916;0.4779985874891281;0.4377752751111984;-0.4963190644979477;0.514002725481987;0.6672773361206055;-0.35495636612176895;0.44729064404964447;0.6733284890651703;-0.3491458222270012;0.49164387583732605;0.8641288081804911;0.01520601287484169;0.46662941575050354;0.8667424917221069;0.03743410483002663;;inclinandose;frontal
0.8;0.4721277952194214;0.46584203839302063;-0.48761484026908875;0.511378288269043;0.46828460693359375;-0.31560394167900085;0.44590339064598083;0.47049230337142944;-0.30730149149894714;0.5161978006362915;0.5668407678604126;-0.2811892032623291;0.44197535514831543;0.5677490234375;-0.2704657316207886;0.4967445731163025;0.5773621201515198;-0.006579188629984856;0.46273842453956604;0.5779613852500916;0.006617221049964428;0.49555590748786926;0.7148555517196655;-0.032912954688072205;0.463678777217865;0.7135058641433716;-0.022741610184311867;0.47827212512493134;0.44817765057086945;-0.5045303225517273;0.5125646442174911;0.6747940629720688;-0.3473205268383026;0.4480906203389168;0.6818790137767792;-0.3520933911204338;0.4917559127012889;0.8637675841649374;0.01972256104151408;0.4665124515692393;0.8656518856684366;0.038497421269615494;;inclinandose;frontal
0.83;0.4726415276527405;0.47608470916748047;-0.4848993420600891;0.5113773941993713;0.47758927941322327;-0.31449437141418457;0.4459110200405121;0.4792262613773346;-0.3083980083465576;0.5145425796508789;0.5784415602684021;-0.27880343794822693;0.4429496228694916;0.576411247253418;-0.27137821912765503;0.49655380845069885;0.5773945450782776;-0.005646464880555868;0.46291643381118774;0.5780569911003113;0.005690940655767918;0.49629124999046326;0.7143228650093079;-0.03596271947026253;0.4641784727573395;0.7121059894561768;-0.021201880648732185;0.47888354063034055;0.4584678322076797;-0.5016775339841842;0.511401504278183;0.6869439333677292;-0.3411805033683777;0.4502224922180176;0.6880977898836136;-0.3472999483346939;0.4919264316558838;0.8632554014523824;0.014099255204200745;0.4665202299753825;0.86488276720047;0.03537346671024958;;inclinandose;frontal
0.87;0.47372815012931824;0.4850068688392639;-0.4931226372718811;0.5114187002182007;0.4838500916957855;-0.31695160269737244;0.4463636875152588;0.4846855700016022;-0.3180217146873474;0.5133398771286011;0.5860671401023865;-0.27948179841041565;0.44442126154899597;0.5896015167236328;-0.28741857409477234;0.4962503910064697;0.5769492387771606;-0.0034359123092144728;0.4631626605987549;0.5763938426971436;0.0034868200309574604;0.4973907768726349;0.70986407995224;-0.03876207768917084;0.46502357721328735;0.7078981399536133;-0.02809339016675949;0.4797725349664688;0.4684189260005951;-0.5091592252254487;0.511106550693512;0.6941448450088501;-0.3384022191166878;0.4511824697256088;0.7000192403793335;-0.3604899123311043;0.49203909436861676;0.8629860083262125;0.010197156419356665;0.4664080838362376;0.8648780783017477;0.023907463997602463;;inclinandose;frontal
0.9;0.4740702509880066;0.49465781450271606;-0.4869801998138428;0.5114062428474426;0.49071234464645386;-0.31203627586364746;0.44637057185173035;0.4901465177536011;-0.31346046924591064;0.512951135635376;0.5932984948158264;-0.27650967240333557;0.4445885419845581;0.595521092414856;-0.2848237454891205;0.495513379573822;0.5764589905738831;-0.0031784677412360907;0.4631178379058838;0.5750725865364075;0.0032201074063777924;0.4977255165576935;0.7084562182426453;-0.04441681504249573;0.4651441276073456;0.7067975997924805;-0.02826768346130848;0.48016318380832673;0.4775299936532974;-0.5022157192230224;0.5108236372470856;0.7003483176231384;-0.3339674472808838;0.45184262096881866;0.7050239890813828;-0.35510075092315674;0.4917009174823761;0.8630428115526835;-0.0026585987458626428;0.46632835268974304;0.8649157285690308;0.015741412838300068;;inclinandose;frontal
0.93;0.4740595519542694;0.5047014951705933;-0.49476680159568787;0.5114986300468445;0.5015121698379517;-0.3190464973449707;0.4463404417037964;0.49774619936943054;-0.3232593536376953;0.5120101571083069;0.6042049527168274;-0.2857741713523865;0.44496309757232666;0.6041728854179382;-0.2993035316467285;0.49523022770881653;0.5749675035476685;-0.0033128405921161175;0.46307656168937683;0.5724667310714722;0.0033503395970910788;0.49768656492233276;0.7044239640235901;-0.05041663721203804;0.46532416343688965;0.7047538161277771;-0.03407594561576843;0.4801634937524796;0.48837259113788606;-0.5093832612037659;0.510189101099968;0.7088094502687454;-0.342015840113163;0.452997550368309;0.7109646797180176;-0.36695345491170883;0.4911389648914337;0.8630059957504272;-0.012519517292579016;0.4661470949649811;0.8648560245831808;0.008244328200817108;;inclinandose;frontal
0.97;0.47427213191986084;0.5133923292160034;-0.4916594922542572;0.511552631855011;0.5065275430679321;-0.308294415473938;0.44641634821891785;0.5038565993309021;-0.3085489869117737;0.5116240382194519;0.6121901869773865;-0.2742128074169159;0.4458008408546448;0.6120956540107727;-0.27946704626083374;0.4953155517578125;0.5686070919036865;-0.006080971099436283;0.4630514681339264;0.5641210079193115;0.006108648143708706;0.49742838740348816;0.6991490125656128;-0.05833737179636955;0.4655883014202118;0.6988509893417358;-0.030184758827090263;0.48047615885734557;0.4984119176864624;-0.4946501135826111;0.509664386510849;0.7168032377958298;-0.3061223328113556;0.45425378531217575;0.7205554693937302;-0.3387589529156685;0.4906397859255473;0.8629429737726847;-0.03408921936837336;0.46599191427230835;0.8651018540064493;-0.002975363905231158;;inclinandose;frontal
1.0;0.4745959937572479;0.5222647190093994;-0.48251068592071533;0.5115464329719543;0.5150363445281982;-0.30436310172080994;0.4467761516571045;0.5072174072265625;-0.3040986955165863;0.5105579495429993;0.6209809184074402;-0.2686721980571747;0.4484017789363861;0.6170699596405029;-0.2723951041698456;0.4953134059906006;0.5620031952857971;-0.0066774808801710606;0.46257492899894714;0.5543860793113708;0.006724286824464798;0.49450555443763733;0.6982953548431396;-0.052986983209848404;0.4655550420284271;0.699369490146637;-0.02245994284749031;0.481109681725502;0.5090437740087509;-0.48821460604667666;0.5080231577157974;0.7260958254337311;-0.2976367771625519;0.45564650744199753;0.7283282279968262;-0.31734751909971237;0.4898875157038371;0.8616668979326884;-0.025192573977013428;0.46547431747118634;0.8651490807533264;0.005796567847331365;;inclinandose;frontal
1.03;0.4750681519508362;0.5295202136039734;-0.496304988861084;0.5115342140197754;0.5216841101646423;-0.32050621509552;0.4470825493335724;0.5143584609031677;-0.3148321509361267;0.5098438262939453;0.6268863677978516;-0.27580729126930237;0.45036518573760986;0.6172937154769897;-0.27025800943374634;0.4952409565448761;0.5598249435424805;-0.007472810801118612;0.4622471332550049;0.5523712038993835;0.007539191283285618;0.49383214116096497;0.6975034475326538;-0.056913357228040695;0.4655352532863617;0.6974613070487976;-0.022377483546733856;0.48164903819561006;0.5160624265670777;-0.5119284123182297;0.5077751874923706;0.7322084456682205;-0.314610131084919;0.45575524866580963;0.7338416427373886;-0.3294568285346031;0.4895559350649516;0.8617267807324728;-0.023912280487517517;0.4651590585708618;0.8630208969116211;0.012881481399138769;;inclinandose;frontal
1.07;0.47502511739730835;0.5396050810813904;-0.48435178399086;0.5113730430603027;0.5298219919204712;-0.3141894042491913;0.4471491277217865;0.5231400728225708;-0.3085383176803589;0.5091858506202698;0.6319524049758911;-0.2713390588760376;0.4503306746482849;0.6245264410972595;-0.2556905150413513;0.4938627779483795;0.5658107995986938;-0.007853316143155098;0.4611179530620575;0.554999053478241;0.007925763726234436;0.49288874864578247;0.6984129548072815;-0.05965573340654373;0.46589064598083496;0.6990858912467957;-0.030672257766127586;0.4815963864326477;0.5264907538890838;-0.500725868344307;0.5077672004699707;0.7386704683303833;-0.31499285250902176;0.4561353027820587;0.7404518872499466;-0.31661617010831833;0.4897054135799408;0.8614643216133118;-0.028584766667336226;0.46514567732810974;0.8635322451591492;-0.0012537998457749684;;inclinandose;frontal
1.1;0.4750118851661682;0.5466912984848022;-0.4691186249256134;0.5113511681556702;0.5365599989891052;-0.3130218982696533;0.44733497500419617;0.5318288207054138;-0.30678972601890564;0.5090585947036743;0.638279914855957;-0.27109456062316895;0.45038118958473206;0.6330797672271729;-0.25433820486068726;0.49388256669044495;0.566038191318512;-0.00785300973802805;0.46113133430480957;0.5574999451637268;0.00791959185153246;0.4924303889274597;0.6990435123443604;-0.05955129861831665;0.46606266498565674;0.6971713900566101;-0.029468469321727753;0.4815468221902847;0.5333638072013855;-0.48723695874214173;0.5077401250600815;0.7415858060121536;-0.3082936778664589;0.45598534494638443;0.7478363662958145;-0.31234630197286606;0.4902425209681193;0.8614505132039388;-0.03213989864646768;0.46509121855099994;0.8640526334444681;-0.0036008252451817193;;inclinandose;frontal
1.13;0.4749767482280731;0.5507417321205139;-0.46946316957473755;0.5114642977714539;0.5406492352485657;-0.3141559660434723;0.44788745045661926;0.5365419983863831;-0.3049083948135376;0.5091485381126404;0.6435187458992004;-0.27831998467445374;0.45040178298950195;0.6404058933258057;-0.25521034002304077;0.4941267669200897;0.5666831731796265;-0.009481022134423256;0.46123144030570984;0.5592105984687805;0.009562425315380096;0.4925070106983185;0.6986530423164368;-0.062383174896240234;0.4662398099899292;0.6935097575187683;-0.02918894775211811;0.481531098484993;0.5368406772613525;-0.4874254554510117;0.5072985589504242;0.7456973046064377;-0.32068393379449844;0.45598261058330536;0.750937819480896;-0.3160783424973488;0.49062413970629376;0.8610873818397522;-0.0330641341812831;0.4651242395242055;0.8638907472292582;0.002680562436580658;;inclinandose;frontal
1.17;0.47514083981513977;0.5515841841697693;-0.48082420229911804;0.5115156173706055;0.5426273345947266;-0.3178740441799164;0.44833922386169434;0.5393624901771545;-0.31104597449302673;0.509285032749176;0.6457876563072205;-0.28143757581710815;0.4517972469329834;0.6440865397453308;-0.2672765552997589;0.4942779541015625;0.5668893456459045;-0.009280569851398468;0.46124082803726196;0.5599965453147888;0.009357960894703865;0.49257948994636536;0.696768045425415;-0.062541164457798;0.4663873314857483;0.6909636855125427;-0.028655316680669785;0.4816345602273941;0.5374342501163483;-0.49810613989830016;0.5070848613977432;0.7477171421051025;-0.3251772001385689;0.4559426009654999;0.7505451738834381;-0.32819103449583054;0.490708331267039;0.860835611820221;-0.032410557013160236;0.46524757146835327;0.8638120690981547;-0.0001012881596883138;;inclinandose;frontal
1.2;0.47564858198165894;0.5517197847366333;-0.49356311559677124;0.5117948055267334;0.5415228605270386;-0.3236005902290344;0.449156790971756;0.5393344163894653;-0.3189857006072998;0.5094074010848999;0.6453970074653625;-0.28565487265586853;0.45216670632362366;0.6453244090080261;-0.27998867630958557;0.49452489614486694;0.5653670430183411;-0.009161041118204594;0.46124714612960815;0.5591570138931274;0.009229707531630993;0.49262097477912903;0.6924954056739807;-0.06557001173496246;0.46637749671936035;0.6880968809127808;-0.031524837017059326;0.48189255893230437;0.5375946879386901;-0.5107236593961716;0.506780356168747;0.7469566315412521;-0.32925597578287125;0.45583371818065643;0.7496239542961121;-0.34215331077575684;0.4908609886964162;0.8604450623194376;-0.03486343655337502;0.4653191069761912;0.8635414044062296;-0.0032573038091262183;;inclinandose;frontal
1.23;0.47668203711509705;0.5502991080284119;-0.4927842617034912;0.5121300220489502;0.5387574434280396;-0.31961408257484436;0.449631929397583;0.5387198328971863;-0.3205983638763428;0.5094909071922302;0.6422039270401001;-0.2808231711387634;0.45231252908706665;0.6447874307632446;-0.28628867864608765;0.49442651867866516;0.5628859400749207;-0.007454930804669857;0.46094268560409546;0.5582630038261414;0.007548338733613491;0.4926128387451172;0.6925542950630188;-0.06539827585220337;0.46637293696403503;0.6860553026199341;-0.03840786591172218;0.4828329861164093;0.5357807695865631;-0.508802804350853;0.5062499195337296;0.7445839494466782;-0.3272038549184799;0.4557868018746376;0.7488367110490799;-0.3493182361125946;0.49093998471895856;0.8598928451538086;-0.0368724475071455;0.46519959966341656;0.8633243242899576;-0.014851527909437815;;inclinandose;frontal
1.27;0.4771312177181244;0.5461431741714478;-0.48799970746040344;0.5126664042472839;0.5355158448219299;-0.3128920793533325;0.44956690073013306;0.5371714234352112;-0.31720590591430664;0.509590208530426;0.6390449404716492;-0.27485084533691406;0.45202910900115967;0.6440650224685669;-0.2843743562698364;0.4941019117832184;0.5630466341972351;-0.005652901250869036;0.459584504365921;0.5578440427780151;0.005757443606853485;0.49274930357933044;0.6924033761024475;-0.0687909871339798;0.4666588306427002;0.6865143179893494;-0.046303074806928635;0.48330292105674744;0.5316249549388885;-0.5048843115568161;0.5059372335672379;0.7427499294281006;-0.3174902871251106;0.45572036504745483;0.7474166452884674;-0.34709273278713226;0.4910258452097575;0.8597399393717448;-0.045629759629567467;0.4651460150877635;0.863091508547465;-0.02653833633909623;;inclinandose;frontal
1.3;0.47803300619125366;0.5429855585098267;-0.4868957996368408;0.5131055116653442;0.5332792401313782;-0.30831873416900635;0.4495338499546051;0.5350496768951416;-0.31554359197616577;0.5101369619369507;0.6366084218025208;-0.26999548077583313;0.4518367052078247;0.6422512531280518;-0.2841127812862396;0.4936665892601013;0.5631840825080872;-0.0043787420727312565;0.4587274491786957;0.5582552552223206;0.004480079747736454;0.49279189109802246;0.6934284567832947;-0.06759928166866302;0.46687883138656616;0.6877996921539307;-0.04547574371099472;0.48412041962146757;0.5283912718296051;-0.5023591667413712;0.5060107409954071;0.7403947412967682;-0.3135818988084793;0.4556676000356674;0.745696023106575;-0.34736209362745285;0.49105658133824664;0.8595719337463379;-0.04223698657006025;0.4649689296881358;0.8632620771725973;-0.02408755508561929;;inclinandose;frontal
1.33;0.47885170578956604;0.5357807874679565;-0.4887365698814392;0.5137633085250854;0.5276357531547546;-0.3126239478588104;0.4495403468608856;0.5320395231246948;-0.3173538148403168;0.5108831524848938;0.6319511532783508;-0.27743783593177795;0.4518778920173645;0.6402595043182373;-0.2887800633907318;0.4936874806880951;0.5637583136558533;-0.004530804697424173;0.4588271379470825;0.5583391189575195;0.004628432914614677;0.49312126636505127;0.6938865780830383;-0.06778930872678757;0.46713170409202576;0.6887372136116028;-0.04308686777949333;0.4851265072822571;0.5196058869361877;-0.5036072641611099;0.5063543915748596;0.7397778332233429;-0.32315272837877274;0.45560041815042496;0.7447658330202103;-0.3531504347920418;0.49084553122520447;0.8591521183649699;-0.040496745922913156;0.4649079044659932;0.8632707993189493;-0.017998698477943737;;inclinandose;frontal
1.37;0.48034292459487915;0.5249933004379272;-0.48850464820861816;0.514443576335907;0.5176127552986145;-0.3124780058860779;0.4497135579586029;0.5248562097549438;-0.31993260979652405;0.5115663409233093;0.6239163875579834;-0.2767890691757202;0.4518146216869354;0.632737934589386;-0.2938407063484192;0.49364331364631653;0.5652796626091003;-0.0030227082315832376;0.4586869776248932;0.5587282180786133;0.0031144344247877598;0.4932875633239746;0.6934741735458374;-0.06701196730136871;0.4671398103237152;0.693480908870697;-0.042596619576215744;0.48611135184764864;0.5073672711849213;-0.5029579252004623;0.5068213641643524;0.7321951538324356;-0.32153887301683426;0.4554111585021019;0.7408714592456818;-0.3545825406908989;0.49070262908935547;0.8591083884239197;-0.0323471756807218;0.46491873264312744;0.8633144299189249;-0.014931249742706617;;inclinandose;frontal
1.4;0.4815569221973419;0.5131033062934875;-0.4936378002166748;0.5150248408317566;0.5042242407798767;-0.31236499547958374;0.45006176829338074;0.5145021677017212;-0.32530975341796875;0.5121140480041504;0.6133295893669128;-0.2739431858062744;0.45175307989120483;0.6192361116409302;-0.3018627464771271;0.4938405156135559;0.564955472946167;-0.001199510064907372;0.4587012231349945;0.5582540035247803;0.0012912878300994635;0.4932813346385956;0.6925375461578369;-0.05632784590125084;0.4675411283969879;0.6937959790229797;-0.04286055639386177;0.48700014054775237;0.4946675956249237;-0.5072705775499344;0.5079259723424911;0.7207014262676239;-0.3174303025007248;0.4550986811518669;0.7292660176753998;-0.35987671464681625;0.4906964798768361;0.859015941619873;-0.017676580076416332;0.46491678555806476;0.863510529200236;-0.013823611040910086;;inclinandose;frontal
1.43;0.48199182748794556;0.5001991391181946;-0.48650938272476196;0.5155998468399048;0.49713951349258423;-0.30913597345352173;0.4503932595252991;0.505235493183136;-0.3215070068836212;0.5123550295829773;0.6045219898223877;-0.273843914270401;0.4517163038253784;0.611041247844696;-0.2958299517631531;0.4944152235984802;0.5674791932106018;-0.0013071123976260424;0.46073031425476074;0.5667716264724731;0.001404807437211275;0.4932832419872284;0.6940768361091614;-0.05720501393079758;0.4674934148788452;0.6958461999893188;-0.051470331847667694;0.48720707893371584;0.481940233707428;-0.49872796833515165;0.5093567669391632;0.7093466073274612;-0.3183017894625664;0.4544029086828232;0.7218994796276093;-0.3563311994075775;0.49057989319165546;0.8588413596153259;-0.019839807103077572;0.4649260441462199;0.8635948300361633;-0.012729615593949953;;inclinandose;frontal
1.47;0.4817170202732086;0.4867894947528839;-0.48580995202064514;0.515792191028595;0.4896092712879181;-0.30776771903038025;0.45042088627815247;0.49664878845214844;-0.3200353682041168;0.514050304889679;0.5952690243721008;-0.27428552508354187;0.450925350189209;0.6008850932121277;-0.29312145709991455;0.4956900477409363;0.5804057717323303;0.00010552546882536262;0.46195369958877563;0.5799495577812195;-2,90E+10;0.4941973388195038;0.7076658010482788;-0.05505668371915817;0.46747949719429016;0.7059959769248962;-0.060493260622024536;0.4871539920568466;0.4675572156906128;-0.49786137342453;0.511759027838707;0.6984396129846573;-0.3323582708835602;0.45421113073825836;0.7110226154327393;-0.36080452054739;0.4901994268099467;0.860053300857544;0.0002715885639190674;0.4649037222067515;0.863740861415863;-0.0009922956426938374;;inclinandose;frontal
1.5;0.4814923405647278;0.47396764159202576;-0.46658605337142944;0.5157167315483093;0.4816003739833832;-0.2941274344921112;0.45040881633758545;0.4886363446712494;-0.2998296320438385;0.5157762169837952;0.587433397769928;-0.2655124366283417;0.4483959674835205;0.5917959213256836;-0.2791510224342346;0.49582919478416443;0.5867607593536377;0.00088174466509372;0.4622155725955963;0.5848162174224854;-0.000821772322524339;0.4956129789352417;0.7146448493003845;-0.06747908145189285;0.4672902226448059;0.7127596735954285;-0.0726207047700882;0.48710438311100007;0.45286591053009034;-0.4788401275873184;0.5130739808082581;0.6882713139057159;-0.32967451214790344;0.45409104228019714;0.6971666216850281;-0.35312386602163315;0.4899844825267792;0.8603659868240356;0.0027784245709578195;0.464930256207784;0.8634377916653951;0.00376900906364123;;inclinandose;frontal
1.53;0.48147663474082947;0.4576413333415985;-0.4527040123939514;0.5157095193862915;0.47117164731025696;-0.2822140157222748;0.45047321915626526;0.4800390601158142;-0.2815159857273102;0.5171055197715759;0.5777204632759094;-0.25103506445884705;0.44681259989738464;0.5806428790092468;-0.2519969046115875;0.4973715543746948;0.5852958559989929;0.0006696938071399927;0.463257372379303;0.5846379995346069;-0.0006184934754855931;0.49685215950012207;0.7158750891685486;-0.06307510286569595;0.46683469414711;0.7158316373825073;-0.0649225115776062;0.48708640933036806;0.4366659313440323;-0.465091872215271;0.5147966295480728;0.6792643070220947;-0.3175739422440529;0.45278939604759216;0.6855485588312149;-0.3229347839951515;0.4898621340592702;0.8607038855552673;0.009426973760128021;0.4648693998654683;0.863490879535675;0.0064156316220760345;;inclinandose;frontal
1.57;0.4814217984676361;0.4425487518310547;-0.43370282649993896;0.515704870223999;0.4659630060195923;-0.2748451232910156;0.4510463774204254;0.4651305377483368;-0.26415568590164185;0.5187982320785522;0.5707489252090454;-0.2422880381345749;0.4464248716831207;0.566445529460907;-0.225725457072258;0.49911049008369446;0.5851593613624573;0.0001529298024252057;0.4643601179122925;0.5855623483657837;-0.00014684991037938744;0.49780312180519104;0.717411994934082;-0.051046326756477356;0.46631261706352234;0.7187321782112122;-0.04167625308036804;0.4868770122528076;0.4214816153049469;-0.44605880975723267;0.5161548107862473;0.6719317436218262;-0.30748336017131805;0.45232413709163666;0.6730667948722839;-0.29315026849508286;0.48961374163627625;0.861151397228241;0.016804063071807224;0.46481669942537945;0.8637179334958395;0.027413154641787212;;inclinandose;frontal
1.6;0.48131901025772095;0.42936867475509644;-0.4296577274799347;0.5156824588775635;0.4542727768421173;-0.26869237422943115;0.45073074102401733;0.4579770267009735;-0.2611181139945984;0.5206175446510315;0.5586915612220764;-0.23976747691631317;0.4465465247631073;0.5622549057006836;-0.21943055093288422;0.5005789995193481;0.5834974646568298;-0.00012851912470068783;0.46532607078552246;0.5841911435127258;0.00014634165563620627;0.4989890456199646;0.7163182497024536;-0.026921022683382034;0.46631672978401184;0.7158240079879761;-0.04666205495595932;0.4868419051170349;0.40866218507289886;-0.441088342666626;0.5185227543115616;0.6620278209447861;-0.31193480640649796;0.45234299451112747;0.6642033010721207;-0.29704274237155914;0.4897729257742564;0.8613967895507812;0.019160353889067967;0.4650081197420756;0.864081064860026;-0.0022514077524344125;;inclinandose;frontal
1.63;0.4812963306903839;0.4156220853328705;-0.40842771530151367;0.5157329440116882;0.447629451751709;-0.2540077567100525;0.4499348998069763;0.44841650128364563;-0.2422596663236618;0.5212949514389038;0.5509932637214661;-0.21861334145069122;0.44560733437538147;0.5509766340255737;-0.19762103259563446;0.5018301606178284;0.5843728184700012;-0.0031322345603257418;0.4658830463886261;0.5860196948051453;0.003119277535006404;0.4986937940120697;0.7191727757453918;-0.020542891696095467;0.46487733721733093;0.7195998430252075;-0.014712858013808727;0.48678716719150544;0.3930070877075195;-0.4190660506486893;0.5200876444578171;0.653759241104126;-0.29986338317394257;0.45158975571393967;0.6538047641515732;-0.2754327952861786;0.4898849030335744;0.8615275422732035;0.054535740365584694;0.4650361438592275;0.8641653656959534;0.0622074780985713;;inclinandose;frontal
1.67;0.48114797472953796;0.4009360074996948;-0.389859139919281;0.5159637928009033;0.4402119517326355;-0.2396894097328186;0.4494178295135498;0.4423319101333618;-0.23325443267822266;0.5221285223960876;0.5422927737236023;-0.2029786854982376;0.4448617398738861;0.5419598817825317;-0.1928587704896927;0.5020732283592224;0.584528386592865;-0.004994254093617201;0.46610739827156067;0.5860498547554016;0.004958539269864559;0.49847033619880676;0.7187051177024841;-0.009743941016495228;0.46381875872612;0.7195008397102356;0.0007194305071607232;0.4867354154586792;0.3802657574415207;-0.3987038880586624;0.5221341103315353;0.646648958325386;-0.27983957529067993;0.4513465240597725;0.6471197754144669;-0.26776932552456856;0.49035874009132385;0.862697422504425;0.05090668611228466;0.4645511209964752;0.8650177717208862;0.06966369894022743;;inclinandose;frontal
1.7;0.48090314865112305;0.3878921866416931;-0.3778957724571228;0.5159907937049866;0.43338075280189514;-0.22832773625850677;0.44907376170158386;0.4347860515117645;-0.2256971001625061;0.5229973196983337;0.5350841879844666;-0.19393105804920197;0.44339123368263245;0.5372846126556396;-0.19094125926494598;0.5020065307617188;0.5859205722808838;-0.005022586323320866;0.46602514386177063;0.5869451761245728;0.004986776504665613;0.4979553818702698;0.7211824655532837;-0.0038743559271097183;0.46386057138442993;0.7220240831375122;0.01027302723377943;0.48667656183242797;0.3686418473720551;-0.38527876138687134;0.5232858955860138;0.6411610692739487;-0.2714950069785118;0.4514443725347519;0.6394135802984238;-0.26692551374435425;0.4904237190882365;0.8629190723101298;0.07535942116131385;0.4644860823949178;0.8653022845586141;0.09368229346970718;;inclinandose;frontal
1.73;0.4808781147003174;0.37817907333374023;-0.3609239459037781;0.515993058681488;0.43014514446258545;-0.21584659814834595;0.448904424905777;0.4296480119228363;-0.21242162585258484;0.5236762166023254;0.5319280028343201;-0.18436074256896973;0.4426113963127136;0.5336358547210693;-0.17944112420082092;0.5018185377120972;0.586672842502594;-0.00503632752224803;0.46586018800735474;0.5877588391304016;0.004998951219022274;0.49754104018211365;0.7220388650894165;-0.008165388368070126;0.46389538049697876;0.724323034286499;0.0065956381149590015;0.48665506541728976;0.3594240814447403;-0.367115980386734;0.5240328907966614;0.6357049643993378;-0.2632344551384449;0.45167873799800873;0.6343233436346054;-0.2562032788991928;0.49044208725293476;0.8638875484466553;0.07478958616654079;0.4645003080368042;0.8657652338345846;0.09088518905142944;;inclinandose;frontal
1.77;0.48086321353912354;0.37303426861763;-0.3517681658267975;0.5159868001937866;0.4246453046798706;-0.20791354775428772;0.448589950799942;0.4252638816833496;-0.19917862117290497;0.5243753790855408;0.5262272953987122;-0.17166002094745636;0.44188588857650757;0.5281597375869751;-0.15924815833568573;0.5016669034957886;0.5876581072807312;-0.005128649994730949;0.4657886326313019;0.5881437659263611;0.0050878580659627914;0.4972107708454132;0.7234207987785339;-0.010062565095722675;0.46391624212265015;0.7260405421257019;0.010765518993139267;0.48667398989200594;0.3539738982915878;-0.3585407197475433;0.5240193605422974;0.6305029094219208;-0.25265147536993027;0.4518745541572571;0.6269038021564484;-0.23641764372587204;0.49044323960940045;0.8641173243522644;0.08783118613064289;0.4645939767360687;0.8657813668251038;0.1069494200249513;;inclinandose;frontal
1.8;0.48082345724105835;0.3660869002342224;-0.31452590227127075;0.5159825086593628;0.42089512944221497;-0.17129100859165192;0.44851839542388916;0.42062512040138245;-0.17323139309883118;0.524473249912262;0.5210153460502625;-0.1262274533510208;0.44112470746040344;0.5223864912986755;-0.13611210882663727;0.5015140175819397;0.5892300009727478;-0.005106643307954073;0.46568459272384644;0.5893114805221558;0.0050690146163105965;0.4969857633113861;0.7254741787910461;0.0020642175804823637;0.46389341354370117;0.7267017960548401;0.020660879090428352;0.4866947591304779;0.3468539148569107;-0.3197070896625519;0.5237344056367874;0.6251515299081802;-0.20795292779803276;0.45198313146829605;0.619757354259491;-0.2168297991156578;0.4907630781332652;0.8644205331802368;0.11158293982346852;0.46487951278686523;0.8660244146982828;0.1229092466334502;;inclinandose;frontal
1.83;0.4806395471096039;0.36100804805755615;-0.28495946526527405;0.5159829258918762;0.4153192341327667;-0.14149799942970276;0.44850602746009827;0.4164799451828003;-0.1503254622220993;0.5248294472694397;0.5112312436103821;-0.08921244740486145;0.44068723917007446;0.5161553621292114;-0.11361166834831238;0.5014060139656067;0.589120626449585;-0.004230153281241655;0.4655586779117584;0.588769793510437;0.004158797673881054;0.49673715233802795;0.72493976354599;0.005495721474289894;0.4638174772262573;0.7259541153907776;0.014624173752963543;0.4866543382406235;0.34176814258098603;-0.2896720603108406;0.5237071961164474;0.618498221039772;-0.171065304428339;0.45228828489780426;0.6147390604019165;-0.19820288941264153;0.4909164408842723;0.8644201954205831;0.11337922886013985;0.4650471905867259;0.8663988510767618;0.11081835875908534;;inclinandose;frontal
1.87;0.4804137349128723;0.35547855496406555;-0.2550719678401947;0.5159865021705627;0.4130149483680725;-0.11866738647222519;0.44851183891296387;0.4137696325778961;-0.12586544454097748;0.5249553322792053;0.5081098079681396;-0.06955050677061081;0.4399053752422333;0.5121886134147644;-0.09205549210309982;0.501326858997345;0.588824987411499;-0.0036586422938853502;0.4652527868747711;0.5883647203445435;0.003581778611987829;0.49671608209609985;0.7244113087654114;0.011924335733056068;0.4637725353240967;0.7254151701927185;0.013173758052289486;0.4865202814340591;0.3366692394018173;-0.2579285532236099;0.5240689367055893;0.6146561503410339;-0.15057425945997238;0.45222319662570953;0.6109189093112946;-0.17699487507343292;0.49094875653584796;0.8654921253522238;0.0957478607694308;0.46521106362342834;0.8674489657084147;0.09409689530730247;;inclinandose;frontal
1.9;0.4801309406757355;0.3544897437095642;-0.24673841893672943;0.5160449147224426;0.4103887379169464;-0.10786010324954987;0.4484873414039612;0.41242334246635437;-0.11597003042697906;0.5252963900566101;0.5077821016311646;-0.05480295792222023;0.43926429748535156;0.5120415687561035;-0.0808769166469574;0.5012779831886292;0.5887318849563599;-0.0035091624595224857;0.46486788988113403;0.5881521105766296;0.0034344440791755915;0.49669405817985535;0.7245504856109619;0.008215504698455334;0.46366316080093384;0.7254644632339478;0.011460786685347557;0.4862663924694061;0.334596186876297;-0.24992035925388337;0.5244609117507935;0.612554669380188;-0.13742993399500847;0.4520839527249336;0.6080629378557205;-0.1681656688451767;0.49123435219128925;0.86542276541392;0.0954372708996137;0.46531254053115845;0.8675105969111124;0.09318170199791591;;inclinandose;frontal
1.93;0.4800054132938385;0.35378915071487427;-0.2288541942834854;0.5160809755325317;0.4096274673938751;-0.09062115103006363;0.4484909772872925;0.411593496799469;-0.10387120395898819;0.5251176953315735;0.5070269703865051;-0.03633222356438637;0.43875592947006226;0.5113921761512756;-0.06998936086893082;0.5012691617012024;0.5890548229217529;-0.002120650839060545;0.4643639922142029;0.5886036157608032;0.002057121368125081;0.49679532647132874;0.7247682213783264;0.009947234764695168;0.4636373817920685;0.7263736724853516;0.008266602642834187;0.48612095713615416;0.3336916923522949;-0.23110624104738237;0.5246768295764923;0.6090775579214096;-0.11729994975030422;0.45195500552654266;0.6067906320095062;-0.1539124995470047;0.4915871818860372;0.8656320571899414;0.09222874666253726;0.46542391180992126;0.8676528135935465;0.08884162766238053;;inclinandose;frontal
1.97;0.4798155128955841;0.3543637990951538;-0.2342236340045929;0.5161062479019165;0.40995141863822937;-0.0948251411318779;0.4484906792640686;0.4123600423336029;-0.10827970504760742;0.5249437093734741;0.5076409578323364;-0.03960496932268143;0.43866342306137085;0.5137386918067932;-0.0738501027226448;0.5012211203575134;0.5894145965576172;-0.0017155773239210248;0.46399950981140137;0.5893032550811768;0.001651179394684732;0.4968230128288269;0.7252022624015808;0.00873636081814766;0.46362072229385376;0.7269705533981323;0.009189151227474213;0.4859179675579071;0.33357601761817934;-0.2364416629076004;0.524649128317833;0.6078425794839859;-0.11987996101379395;0.45174622535705566;0.607664629817009;-0.1564525030553341;0.4916536013285319;0.8657512664794922;0.09892898673812549;0.4655699332555135;0.8676592906316122;0.09732632214824359;;vertical;frontal
2.0;0.4793526232242584;0.3548165261745453;-0.23073066771030426;0.5161057710647583;0.40987470746040344;-0.09453930705785751;0.44861164689064026;0.4126628041267395;-0.10357159376144409;0.5248757600784302;0.508336067199707;-0.03967362642288208;0.43842488527297974;0.5138039588928223;-0.06898753345012665;0.5010690093040466;0.589574933052063;-0.0017535199876874685;0.4637535512447357;0.5896872878074646;0.00169175467453897;0.49681606888771057;0.725580632686615;0.008425723761320114;0.463594913482666;0.7275399565696716;0.011093801818788052;0.485452339053154;0.33374003171920774;-0.23316157460212708;0.5246621072292328;0.6089457273483276;-0.11751420795917511;0.45123720169067383;0.6083874106407166;-0.1503950022161007;0.49174220363299054;0.8657680551211039;0.09712528189023335;0.4658452371756236;0.8675637046496073;0.09916341304779053;;vertical;frontal
2.03;0.4790688157081604;0.35574549436569214;-0.22763848304748535;0.5161124467849731;0.41096431016921997;-0.09204449504613876;0.44876807928085327;0.4131278693675995;-0.10107158124446869;0.5248552560806274;0.5095407366752625;-0.03898701071739197;0.4385659992694855;0.5124214887619019;-0.06743604689836502;0.501060426235199;0.5894737839698792;-0.0018092812970280647;0.4637490510940552;0.5897334218025208;0.0017442366806790233;0.4968823492527008;0.7256526350975037;0.007337931077927351;0.46360763907432556;0.7279173135757446;0.011068927124142647;0.4850457638502121;0.33436995148658755;-0.22981335669755937;0.5247445553541183;0.6095128953456879;-0.11912284418940544;0.45031074434518814;0.6094832867383957;-0.15060819685459137;0.49194733301798504;0.8659188946088155;0.09243586845695972;0.466236154238383;0.867501457532247;0.09636539469162624;;vertical;frontal
2.07;0.4785909354686737;0.35631754994392395;-0.22732731699943542;0.5161067247390747;0.41134753823280334;-0.09223369508981705;0.44886314868927;0.4132978022098541;-0.09992366284132004;0.5248145461082458;0.510261595249176;-0.03862209618091583;0.4385438859462738;0.5126854777336121;-0.06617900729179382;0.5010334253311157;0.5893953442573547;-0.0019616333302110434;0.4637439250946045;0.5897351503372192;0.0018937551649287343;0.4969308376312256;0.7258555293083191;0.00565237645059824;0.4636431336402893;0.7283268570899963;0.010386941954493523;0.484595912694931;0.3353181302547455;-0.22969086170196534;0.5246940553188324;0.6100925505161285;-0.11922493949532509;0.44967006146907806;0.6098889261484146;-0.14985506981611252;0.4921841323375702;0.8663173119227091;0.09109796024858952;0.4664483368396759;0.8674765825271606;0.09423643350601196;;vertical;frontal
2.1;0.47793635725975037;0.3571869730949402;-0.23645628988742828;0.5160932540893555;0.4120827317237854;-0.10167623311281204;0.4489550292491913;0.4130052626132965;-0.10543932765722275;0.5247763991355896;0.5114272236824036;-0.04847611486911774;0.43850547075271606;0.5116189122200012;-0.07014787197113037;0.5010096430778503;0.5893491506576538;-0.0027384653221815825;0.4637451767921448;0.5896856784820557;0.00266383308917284;0.49700647592544556;0.7259620428085327;0.004932208452373743;0.46370771527290344;0.728951096534729;0.011088350787758827;0.4839670866727829;0.33662580847740176;-0.23990773856639863;0.5246505439281464;0.6111925840377808;-0.12925452180206776;0.4486367926001549;0.6101153492927551;-0.15595372021198273;0.4923674861590068;0.8664465943972269;0.09021177763740222;0.46671147147814435;0.8675618767738342;0.09472810104489326;;vertical;frontal
2.13;0.47771573066711426;0.35733458399772644;-0.22276121377944946;0.5161164402961731;0.4128898084163666;-0.09150838106870651;0.44897717237472534;0.41321977972984314;-0.09625599533319473;0.5247280597686768;0.5119930505752563;-0.039441220462322235;0.43850240111351013;0.5115130543708801;-0.06272710859775543;0.5009840726852417;0.5893211364746094;-0.002721284981817007;0.46374255418777466;0.5896536111831665;0.0026460704393684864;0.49707362055778503;0.7259394526481628;0.004362465348094702;0.46372711658477783;0.7290940880775452;0.00904653687030077;0.483727166056633;0.33724128603935244;-0.22570074796676637;0.5245324075222015;0.6117806285619736;-0.11970770731568336;0.4474944993853569;0.6110582202672958;-0.14762047678232193;0.4924270709355672;0.8664828340212504;0.08162147800127666;0.466865877310435;0.8676010767618815;0.08733433236678441;;vertical;frontal
2.17;0.4776051938533783;0.3575522005558014;-0.21595075726509094;0.5161300301551819;0.4134698510169983;-0.08774325251579285;0.4489917755126953;0.41351085901260376;-0.09075998514890671;0.5247021317481995;0.5124452114105225;-0.037021033465862274;0.43851232528686523;0.5118948221206665;-0.05698436498641968;0.5009608864784241;0.5893086194992065;-0.002895647892728448;0.4637413024902344;0.5897054672241211;0.002821141155436635;0.4971197247505188;0.7260536551475525;0.003927355166524649;0.46373140811920166;0.7292200326919556;0.008758553303778172;0.4836066037416458;0.3378536254167557;-0.21870063990354538;0.5244121253490448;0.6125072985887527;-0.11691286973655224;0.4462922438979149;0.6117618530988693;-0.14212850108742714;0.4925146202246348;0.8664977351824442;0.07441454163442056;0.4669741491476695;0.8675872286160787;0.08350931232174237;;vertical;frontal
2.2;0.47747310996055603;0.3574604094028473;-0.21257124841213226;0.5162047743797302;0.41378843784332275;-0.08780424296855927;0.4491385221481323;0.4134313464164734;-0.0866827592253685;0.5246880650520325;0.5125537514686584;-0.03926845267415047;0.4386306703090668;0.5122445225715637;-0.05259648337960243;0.5009465217590332;0.5893118381500244;-0.003561110468581319;0.4637167453765869;0.5897117853164673;0.003492453834041953;0.4971429109573364;0.7262389063835144;0.00358300912193954;0.4637354612350464;0.7295572757720947;0.009417872875928879;0.48347402513027193;0.3379923105239868;-0.2155380889773369;0.5240822285413742;0.6130553036928177;-0.11961182206869125;0.4454452842473984;0.6121951788663864;-0.13974477536976337;0.49255721767743427;0.8667433261871338;0.07206391108532746;0.4670545657475789;0.8676067193349203;0.08391259362300237;;vertical;frontal
2.23;0.4774329960346222;0.3573586344718933;-0.2092810571193695;0.5162711143493652;0.4139353632926941;-0.08610828220844269;0.44932985305786133;0.4136974513530731;-0.08407359570264816;0.5246630907058716;0.512273371219635;-0.03905467316508293;0.438778281211853;0.5126683115959167;-0.049529679119586945;0.5007321238517761;0.5892651081085205;-0.0038588575553148985;0.46361467242240906;0.5895549058914185;0.0037902863696217537;0.4971455931663513;0.7262998223304749;0.003445972455665469;0.4638317823410034;0.7295240759849548;0.0092453733086586;0.4834167867898941;0.33804877698421476;-0.21210524439811707;0.523685947060585;0.6130803525447845;-0.12075761333107948;0.4443681165575981;0.6127747446298599;-0.1362761277705431;0.49259376525878906;0.8668355743090311;0.0698545944566528;0.4672262867291768;0.8676166335741679;0.08395513954261939;;vertical;frontal
2.27;0.47741201519966125;0.35720914602279663;-0.2216113805770874;0.5163844227790833;0.4140913784503937;-0.09343533217906952;0.44947680830955505;0.4139525592327118;-0.09405677765607834;0.5246503949165344;0.5124552249908447;-0.04457281529903412;0.43903061747550964;0.5129222869873047;-0.05812855437397957;0.5005074143409729;0.5889101624488831;-0.003932809457182884;0.4634222686290741;0.5890701413154602;0.0038604361470788717;0.49714595079421997;0.7263554334640503;0.0032659932039678097;0.4640398919582367;0.7294632792472839;0.009228278882801533;0.4833670824766159;0.3379409521818161;-0.22472264021635055;0.5230193585157394;0.6133321076631546;-0.1254040226340294;0.4435136169195175;0.6132232993841171;-0.14330479502677917;0.49263784289360046;0.8670432170232137;0.06999730256696542;0.46731223662694293;0.8677541216214498;0.08404343451062839;;vertical;frontal
2.3;0.4773290455341339;0.3568493127822876;-0.22114960849285126;0.5165529251098633;0.4142007529735565;-0.09626761078834534;0.44970083236694336;0.414065957069397;-0.09306811541318893;0.5246314406394958;0.5125822424888611;-0.047704584896564484;0.43951189517974854;0.513052761554718;-0.05591757223010063;0.5002631545066833;0.5885605216026306;-0.004079650156199932;0.463079571723938;0.5885738730430603;0.004005196504294872;0.4971461296081543;0.7263573408126831;0.0027652790304273367;0.46419888734817505;0.7293927669525146;0.009178068488836288;0.48328402638435364;0.33768380284309385;-0.22430453598499298;0.522335410118103;0.6135355830192566;-0.12772023119032383;0.44280706346035004;0.6131587475538254;-0.14166954159736633;0.4926380018393199;0.8672086993853251;0.06812727870419621;0.46737930178642273;0.8679055372873942;0.08378366194665432;;vertical;frontal
2.33;0.4772646129131317;0.3565630614757538;-0.22491565346717834;0.5166899561882019;0.4142862856388092;-0.10353609174489975;0.4498249888420105;0.414091557264328;-0.09766902774572372;0.524617075920105;0.5125989317893982;-0.05641414225101471;0.4403431713581085;0.5131857395172119;-0.05783548951148987;0.50013267993927;0.5878941416740417;-0.0040751853957772255;0.46283960342407227;0.5878487229347229;0.00399868143722415;0.4971504211425781;0.7263267636299133;0.001867526094429195;0.4643097519874573;0.7291021347045898;0.009118122979998589;0.4832228422164917;0.33751935362815855;-0.22800902128219605;0.521777555346489;0.6136673986911774;-0.13672208413481712;0.4424266368150711;0.6136294603347778;-0.1447705328464508;0.4926549792289734;0.8673945665359497;0.06516970531083643;0.4675038456916809;0.8682549595832825;0.08109528385102749;;vertical;frontal
2.37;0.47725144028663635;0.3565579354763031;-0.22576676309108734;0.5167985558509827;0.41430240869522095;-0.10598880052566528;0.4498482048511505;0.41455313563346863;-0.09972510486841202;0.5246022343635559;0.5126404166221619;-0.06075199320912361;0.44079431891441345;0.5139915943145752;-0.05934523046016693;0.4999845623970032;0.58762127161026;-0.004103141371160746;0.4626901149749756;0.5873565673828125;0.004023536574095488;0.4971526265144348;0.7263151407241821;0.0015751239843666553;0.46438443660736084;0.7285248041152954;0.009109148755669594;0.48321208357810974;0.3375274986028671;-0.22879651486873626;0.5213779807090759;0.6137537509202957;-0.14439717680215836;0.4420544281601906;0.6144163757562637;-0.14607849717140198;0.492695430914561;0.8674732247988383;0.06244063616031781;0.46763451894124347;0.8685557246208191;0.07862517361839612;;vertical;frontal
2.4;0.47723156213760376;0.356674462556839;-0.23773065209388733;0.516916036605835;0.41433459520339966;-0.1124001294374466;0.44986554980278015;0.4152818024158478;-0.1100807934999466;0.524590015411377;0.5126221776008606;-0.06591910123825073;0.44109997153282166;0.5155125856399536;-0.07017701119184494;0.4999426007270813;0.5875267386436462;-0.0040837242268025875;0.46261945366859436;0.5872155427932739;0.004001076798886061;0.497183233499527;0.7263715267181396;0.0016417487058788538;0.4644211530685425;0.7283896207809448;0.009266838431358337;0.483198082447052;0.33760700225830076;-0.2413986250758171;0.5210393816232681;0.613848865032196;-0.14818835631012917;0.44196393340826035;0.6161373257637024;-0.15406808629631996;0.49273415406545;0.8675570686658224;0.06453000684268773;0.4676736195882161;0.8690765301386515;0.07931640309592088;;vertical;frontal
2.43;0.4772033989429474;0.35678163170814514;-0.2415088415145874;0.5170875191688538;0.4143744111061096;-0.11441460996866226;0.4498884677886963;0.41588208079338074;-0.11427124589681625;0.524572491645813;0.5126309990882874;-0.06743570417165756;0.4412585198879242;0.5170577764511108;-0.0752975344657898;0.49989980459213257;0.5874806046485901;-0.003791368566453457;0.4625418782234192;0.5871509909629822;0.0036990265361964703;0.4971931278705597;0.7263689637184143;0.0017644318286329508;0.4644472599029541;0.7282006144523621;0.008645797148346901;0.48316554725170135;0.3376551538705826;-0.24523458927869796;0.5207881182432175;0.6139892488718033;-0.1483374685049057;0.4419996291399002;0.6178939491510391;-0.15758884698152542;0.49276069800059;0.8676615754763285;0.06526861852034926;0.46772722403208417;0.8694930076599121;0.07765495715041955;;vertical;frontal
2.47;0.4771786034107208;0.356869637966156;-0.2405342310667038;0.5172005891799927;0.41439273953437805;-0.1130482628941536;0.4498937726020813;0.41649332642555237;-0.11307275295257568;0.524520754814148;0.512649655342102;-0.06570814549922943;0.44125819206237793;0.5184000730514526;-0.07465340197086334;0.49986594915390015;0.5875466465950012;-0.003664865158498287;0.4624940752983093;0.5872640609741211;0.0035702509339898825;0.4971937835216522;0.726513683795929;0.0025891391560435295;0.4644564986228943;0.7281897068023682;0.008640512824058533;0.48313146233558657;0.3377139806747437;-0.24416306465864182;0.5206304490566254;0.6141511350870132;-0.1465882621705532;0.44203703105449677;0.6192581802606583;-0.1572919562458992;0.4927874803543091;0.8676737348238627;0.06573018323009212;0.4677741726239522;0.8695807456970215;0.07811346401770909;;vertical;frontal
2.5;0.47715115547180176;0.3569311499595642;-0.2429383546113968;0.5172706246376038;0.41452035307884216;-0.1145346388220787;0.4499099552631378;0.4174135625362396;-0.116189144551754;0.5244653224945068;0.5126981139183044;-0.06723348051309586;0.44125238060951233;0.5206435918807983;-0.07858897745609283;0.4998586177825928;0.5876564383506775;-0.0031393328681588173;0.4624660015106201;0.5875117182731628;0.003037735354155302;0.4972003102302551;0.7266163229942322;0.002533310791477561;0.46447351574897766;0.7284380197525024;0.007833633571863174;0.4830978512763977;0.33773950934410096;-0.2462722435593605;0.5206253379583359;0.6144758611917496;-0.14681747555732727;0.4420674219727516;0.6219017654657364;-0.16033554449677467;0.4928099910418193;0.8676766753196716;0.06789893874277671;0.4678531885147095;0.8696443637212118;0.0784844992061456;;vertical;frontal
2.53;0.4771157503128052;0.35698357224464417;-0.24252033233642578;0.5173261761665344;0.41489917039871216;-0.113869808614254;0.4499250054359436;0.41841861605644226;-0.11626528948545456;0.5244225263595581;0.5128099322319031;-0.0669044703245163;0.4412493407726288;0.5222080945968628;-0.07966101914644241;0.4998522996902466;0.5880369544029236;-0.00255184737034142;0.462450236082077;0.5880564451217651;0.002447479637339711;0.4972256124019623;0.7267774939537048;0.0033236476592719555;0.4645637571811676;0.7288013696670532;0.007528500631451607;0.4830710530281067;0.33777553737163546;-0.24566999226808547;0.520654484629631;0.6147328466176987;-0.1466732956469059;0.4421314224600792;0.6235881596803665;-0.16170861199498177;0.4928474426269531;0.8676765958468119;0.07081607573976119;0.46793098251024884;0.8697360754013062;0.07865887507796288;;vertical;frontal
2.57;0.4770878255367279;0.35701659321784973;-0.24460279941558838;0.5173434019088745;0.41539254784584045;-0.11521551758050919;0.44992703199386597;0.41918596625328064;-0.11873755604028702;0.524405837059021;0.5129730701446533;-0.06812041252851486;0.4412454664707184;0.5232845544815063;-0.0826217383146286;0.4998479187488556;0.5883604884147644;-0.0023553334176540375;0.46244722604751587;0.5884897112846375;0.002249122131615877;0.4972423017024994;0.7270890474319458;0.004972314462065697;0.46461522579193115;0.7292655110359192;0.008058611303567886;0.48303808867931364;0.33782899379730225;-0.24748360216617585;0.5207090079784393;0.6148834675550461;-0.14711559563875198;0.442183293402195;0.6250112801790237;-0.164122074842453;0.49287696679433185;0.8677349885304769;0.07454368254790704;0.46799121300379437;0.8698288599650065;0.0818845300624768;;vertical;frontal
2.6;0.4770529270172119;0.3570338189601898;-0.24483220279216766;0.517340362071991;0.41570600867271423;-0.11498264968395233;0.44990310072898865;0.4201386272907257;-0.11943380534648895;0.5243933200836182;0.5129826068878174;-0.06770115345716476;0.4412444233894348;0.5238059163093567;-0.08356546610593796;0.4998753070831299;0.5884018540382385;-0.0021651925053447485;0.46244555711746216;0.588670551776886;0.0020586010068655014;0.49727964401245117;0.7273446917533875;0.004767417907714844;0.4646941125392914;0.7297004461288452;0.007986647076904774;0.48297690153121947;0.33788883686065674;-0.2475946307182312;0.5209590494632721;0.6149220764636993;-0.14671050384640694;0.44222883880138397;0.6258804500102997;-0.16467594727873802;0.4929157296816508;0.8677187561988831;0.07482157181948423;0.4680487910906474;0.8700611193974813;0.08191267276803653;;vertical;frontal
2.63;0.47702696919441223;0.3570747971534729;-0.24440452456474304;0.5173333287239075;0.41614627838134766;-0.11463209986686707;0.44985872507095337;0.4209613800048828;-0.11907612532377243;0.5243607759475708;0.5130519270896912;-0.0672437846660614;0.44124478101730347;0.5244036316871643;-0.08307074010372162;0.49992069602012634;0.5884863138198853;-0.002161887940019369;0.4624633193016052;0.5888941287994385;0.0020557958632707596;0.49728986620903015;0.727574348449707;0.004906683228909969;0.4647894501686096;0.7299583554267883;0.008267553523182869;0.4829139351844788;0.3380620092153549;-0.24713681638240814;0.5213239938020706;0.6149510592222214;-0.1465749368071556;0.44227784872055054;0.626410499215126;-0.16402770951390266;0.4929632047812144;0.8677414059638977;0.07449248991906643;0.4680832326412201;0.8703413804372152;0.08192422986030579;;vertical;frontal
2.67;0.47701361775398254;0.3571789562702179;-0.2488107979297638;0.5173237919807434;0.4165610671043396;-0.11801202595233917;0.44983142614364624;0.42156991362571716;-0.12361171096563339;0.5242879390716553;0.5133265852928162;-0.069703109562397;0.44124293327331543;0.5248254537582397;-0.08728881925344467;0.49993935227394104;0.5885249376296997;-0.0021163984201848507;0.4624711573123932;0.5890892148017883;0.0020091531332582235;0.497317373752594;0.7278217673301697;0.005656191147863865;0.4649086594581604;0.7302386164665222;0.009199707768857479;0.48285443186759947;0.33832781910896303;-0.2516098126769066;0.5217801332473755;0.615041509270668;-0.14758342504501343;0.44235341250896454;0.6271343529224396;-0.1665368303656578;0.4930421511332194;0.8680627942085266;0.07452789042145014;0.4681383967399597;0.8704872131347656;0.08293749826649825;;vertical;frontal
2.7;0.4769947826862335;0.35732850432395935;-0.25236809253692627;0.5173162221908569;0.41712427139282227;-0.12049181014299393;0.4497835040092468;0.42198237776756287;-0.12731070816516876;0.5242376923561096;0.513745129108429;-0.07156557589769363;0.4412076473236084;0.5252090096473694;-0.0911986231803894;0.4999788999557495;0.5885637402534485;-0.001995387952774763;0.46249479055404663;0.5893735289573669;0.001886484446004033;0.49735143780708313;0.7278836369514465;0.006806229241192341;0.46495765447616577;0.730482280254364;0.009726099669933319;0.4827802389860153;0.3386197417974472;-0.25521100759506227;0.5222266167402267;0.6153534948825836;-0.1487419717013836;0.4424469918012619;0.6283333450555801;-0.1692790910601616;0.4930460453033447;0.8681354920069376;0.07593802114327748;0.4681459069252014;0.8706483244895935;0.08396880763272445;;vertical;frontal
2.73;0.4769572913646698;0.3573831021785736;-0.25290918350219727;0.5172818303108215;0.4175119698047638;-0.1208505630493164;0.4497600197792053;0.4222923815250397;-0.12814553081989288;0.5242274403572083;0.5141530632972717;-0.07185488194227219;0.4411904811859131;0.5256417393684387;-0.09209099411964417;0.5000050067901611;0.5886488556861877;-0.001643422874622047;0.46252670884132385;0.5896656513214111;0.0015327335568144917;0.49749308824539185;0.7282037138938904;0.008376955054700375;0.46505802869796753;0.7307368516921997;0.00969686359167099;0.48268499970436096;0.33873769640922546;-0.25558205246925353;0.5227315127849579;0.6156685054302216;-0.14886800944805145;0.44256405532360077;0.6289882659912109;-0.16969545185565948;0.49305198589960736;0.8687888383865356;0.07769640038410823;0.468125859896342;0.870926300684611;0.08416182113190492;;vertical;frontal
2.77;0.47691646218299866;0.3575248718261719;-0.25167813897132874;0.5172070264816284;0.4177015721797943;-0.12000774592161179;0.44972801208496094;0.4224514067173004;-0.1268824189901352;0.5242102742195129;0.5144351124763489;-0.07119613885879517;0.44118228554725647;0.5257152318954468;-0.09090769290924072;0.5000295639038086;0.5888562798500061;-0.0016271235654130578;0.462547242641449;0.5900834798812866;0.001516651245765388;0.4975603520870209;0.7285733819007874;0.008933723904192448;0.46512892842292786;0.731192409992218;0.010328314267098904;0.4825985789299011;0.3389981180429459;-0.25437081605196;0.5230107009410858;0.6160660088062286;-0.14859435334801674;0.44266660511493683;0.6294601261615753;-0.169425830245018;0.4930569628874461;0.8691835006078085;0.07931774233778317;0.4681365390618642;0.871305008729299;0.08627061545848846;;vertical;frontal
2.8;0.4769015908241272;0.35774466395378113;-0.25106996297836304;0.5171704292297363;0.41790226101875305;-0.11989973485469818;0.44969651103019714;0.42269259691238403;-0.1257292777299881;0.5241991877555847;0.5145915746688843;-0.07094845920801163;0.4411894381046295;0.5256912112236023;-0.08963099867105484;0.5000330209732056;0.5891916155815125;-0.0016062993090599775;0.4625498652458191;0.5904970765113831;0.0014964884612709284;0.49758872389793396;0.7290968298912048;0.009521286003291607;0.4651751220226288;0.7315645813941956;0.010617840103805065;0.48253133296966555;0.3394014656543732;-0.25395776331424713;0.523178294301033;0.6167638152837753;-0.14839298278093338;0.44272857159376144;0.6295778751373291;-0.16870369762182236;0.49306798974672955;0.8695732752482096;0.08076442529757817;0.46817682186762494;0.8714722196261088;0.08746619895100594;;vertical;frontal
2.83;0.4768810272216797;0.3578880727291107;-0.2508591115474701;0.5171265006065369;0.4180110692977905;-0.1196475550532341;0.4496718645095825;0.42303794622421265;-0.12508463859558105;0.5241877436637878;0.514735996723175;-0.07057854533195496;0.441190242767334;0.5257920622825623;-0.0889991894364357;0.5000396370887756;0.5894900560379028;-0.001560515956953168;0.46255961060523987;0.5909377932548523;0.0014511937042698264;0.49761348962783813;0.729303777217865;0.009720738045871258;0.46524712443351746;0.7319003343582153;0.010631846264004707;0.4824466437101364;0.339651545882225;-0.2536972209811211;0.5232943296432495;0.6172588616609573;-0.14734827727079391;0.4428228810429573;0.629720613360405;-0.1685381904244423;0.49308474858601886;0.869870126247406;0.08024056317905585;0.4682077666123708;0.8717962900797526;0.08717251879473527;;vertical;frontal
2.87;0.4768500030040741;0.3581174910068512;-0.24978472292423248;0.5170394778251648;0.41805946826934814;-0.11847221851348877;0.4496544897556305;0.4232887327671051;-0.12492364645004272;0.5241755843162537;0.5147724747657776;-0.06920090317726135;0.4411812424659729;0.5258708596229553;-0.08866049349308014;0.5000373125076294;0.5896223783493042;-0.0015463727759197354;0.4625605046749115;0.5911545157432556;0.0014374343445524573;0.4976581633090973;0.7293395400047302;0.009590442292392254;0.4652884602546692;0.7320038676261902;0.010611189529299736;0.4823808193206787;0.340016758441925;-0.2523882731795311;0.5234158784151077;0.6175331920385361;-0.1467013880610466;0.44288963824510574;0.629842534661293;-0.16833404824137688;0.49310996135075885;0.8701525131861368;0.07981118435660998;0.46823524435361225;0.8719773292541504;0.08699071034789085;;vertical;frontal
2.9;0.4767204225063324;0.3582247793674469;-0.24974685907363892;0.5169204473495483;0.41813793778419495;-0.11826679855585098;0.4496372640132904;0.42353639006614685;-0.1247488409280777;0.5241649150848389;0.5147827863693237;-0.06935061514377594;0.4411739706993103;0.5258743762969971;-0.08852990716695786;0.5000345706939697;0.5897201895713806;-0.0015587504021823406;0.4625605046749115;0.5913071036338806;0.0014495830982923508;0.49769458174705505;0.7293494343757629;0.009519550949335098;0.46533510088920593;0.7320497035980225;0.010669298470020294;0.4822558403015137;0.3402549684047699;-0.25220029801130295;0.5234452188014984;0.6178368926048279;-0.14703595638275146;0.44290436804294586;0.6298429816961288;-0.16755516082048416;0.4931463797887166;0.8702863852183024;0.07953149887422721;0.4682873984177907;0.8720787366231283;0.08688737886647384;;vertical;frontal
2.93;0.4766715168952942;0.35844558477401733;-0.24954254925251007;0.5168430805206299;0.4184103012084961;-0.11866692453622818;0.4496161937713623;0.42409858107566833;-0.12493445724248886;0.5241552591323853;0.5148594379425049;-0.06999281793832779;0.44111308455467224;0.5260362029075623;-0.08884169906377792;0.5000321269035339;0.5900008082389832;-0.0015599398175254464;0.46256303787231445;0.5915738344192505;0.0014509177999570966;0.49770334362983704;0.7294463515281677;0.009537627920508385;0.4653490483760834;0.7321106195449829;0.011098355986177921;0.482217001914978;0.340573850274086;-0.2520185559988022;0.5234363675117493;0.6181473881006241;-0.14718708023428917;0.44297368079423904;0.6303046643733978;-0.16732995584607124;0.4931567410628001;0.8707608779271444;0.07933827924231689;0.46830378969510394;0.8722304701805115;0.08682823119064172;;vertical;frontal
2.97;0.476653128862381;0.35863906145095825;-0.2516482472419739;0.5167532563209534;0.41862547397613525;-0.12121178954839706;0.44957491755485535;0.42439889907836914;-0.1269032061100006;0.5241299867630005;0.515000581741333;-0.07298851758241653;0.44109123945236206;0.5262114405632019;-0.0903802365064621;0.5000321269035339;0.5900747776031494;-0.0015975257847458124;0.4625683128833771;0.5916710495948792;0.0014877300709486008;0.4977337419986725;0.7294816374778748;0.009473616257309914;0.46538105607032776;0.7321864366531372;0.011417139321565628;0.4821930378675461;0.34084421694278716;-0.2542099729180336;0.5233800113201141;0.6183836907148361;-0.15037577971816063;0.4429926872253418;0.6305304020643234;-0.16759799048304558;0.49315811196962994;0.8716273307800293;0.0755364028736949;0.46832214792569477;0.872682789961497;0.08625973264376323;;vertical;frontal
3.0;0.47664856910705566;0.3589049279689789;-0.2547353208065033;0.5166372060775757;0.41870206594467163;-0.1235274001955986;0.4495561122894287;0.4246121942996979;-0.1291634738445282;0.5241193175315857;0.5149965882301331;-0.07494845241308212;0.4410589933395386;0.5263851881027222;-0.09252691268920898;0.5000250339508057;0.5900903344154358;-0.0017066405853256583;0.4625624120235443;0.5917257070541382;0.001595563953742385;0.4977581799030304;0.7295052409172058;0.008760667406022549;0.46538427472114563;0.7322221398353577;0.011857692152261734;0.4821841686964035;0.3411488652229309;-0.2575483873486519;0.5233127176761627;0.618404820561409;-0.15212072059512138;0.4430373013019562;0.6309770494699478;-0.16934173926711082;0.49316344658533734;0.8720502853393555;0.07197931595146656;0.468356857697169;0.8731305400530497;0.08522950733701389;;vertical;frontal
3.03;0.4766441881656647;0.3593708574771881;-0.24872539937496185;0.5165745615959167;0.41861656308174133;-0.11756783723831177;0.4495232105255127;0.4244579076766968;-0.12336483597755432;0.524114191532135;0.5149964690208435;-0.06909795105457306;0.4410759210586548;0.5263807773590088;-0.08743661642074585;0.5001485347747803;0.5905701518058777;-0.0018566092476248741;0.46265745162963867;0.5922773480415344;0.0017531764460727572;0.4979870617389679;0.7296285629272461;0.00870896689593792;0.46539145708084106;0.7326006293296814;0.01225647609680891;0.4821763217449188;0.3414584159851074;-0.25142984837293625;0.5231863111257553;0.6187194287776947;-0.15035927668213844;0.44309136271476746;0.6311892420053482;-0.16738444939255714;0.4931768278280894;0.8727471828460693;0.07248455968995889;0.46845176815986633;0.8735599319140116;0.08554748507837455;;vertical;frontal
3.07;0.4766406714916229;0.3596826493740082;-0.24501359462738037;0.5165114402770996;0.41858038306236267;-0.1144293025135994;0.44947731494903564;0.4243839979171753;-0.1198931336402893;0.5241149067878723;0.5149994492530823;-0.06623874604701996;0.4410877525806427;0.5264007449150085;-0.08439311385154724;0.5002241134643555;0.5909870862960815;-0.002000536071136594;0.46272343397140503;0.5927446484565735;0.0019027655944228172;0.4981209635734558;0.7299194931983948;0.008484425023198128;0.46539926528930664;0.7330443859100342;0.012314444407820702;0.48216822147369387;0.3416743576526642;-0.24765915870666505;0.5230549424886703;0.6189777851104736;-0.14861876517534256;0.4431268721818924;0.6314051151275635;-0.16563687473535538;0.4931766589482625;0.8735328118006388;0.07217553568383057;0.4684705436229706;0.8740362723668417;0.08547608368098736;;vertical;frontal
3.1;0.4766382873058319;0.359946072101593;-0.24178144335746765;0.5164790153503418;0.41859662532806396;-0.11213277280330658;0.44944778084754944;0.42437660694122314;-0.11669541895389557;0.5241146087646484;0.5150545835494995;-0.06453034281730652;0.4410889744758606;0.5265704393386841;-0.0813518613576889;0.5002449154853821;0.591677725315094;-0.002091997070237994;0.4627479314804077;0.593441367149353;0.0019981814548373222;0.4983157813549042;0.7308743596076965;0.008115662261843681;0.4654042720794678;0.7337920665740967;0.01234864629805088;0.4821580082178116;0.34187749922275545;-0.24428379237651826;0.5229336321353912;0.6193915009498596;-0.14741462469100952;0.44316980987787247;0.6316513270139694;-0.16343337669968605;0.49319926897684735;0.8743909200032552;0.07225506380200386;0.4684832791487376;0.8745501637458801;0.08610374356309573;;vertical;frontal
3.13;0.4766356348991394;0.36013951897621155;-0.24236038327217102;0.516477108001709;0.41877028346061707;-0.11237761378288269;0.44943395256996155;0.42442721128463745;-0.11746666580438614;0.5241082906723022;0.5153890252113342;-0.0650034174323082;0.4411036968231201;0.5266388058662415;-0.08180851489305496;0.5002733469009399;0.5920538306236267;-0.0021053734235465527;0.46276164054870605;0.5938460826873779;0.0020119508262723684;0.49837955832481384;0.7313562631607056;0.007795167621225119;0.4654131233692169;0.7344008088111877;0.012341737747192383;0.48214503228664396;0.3420177519321442;-0.2448769196867943;0.5227558761835098;0.6199274659156799;-0.14782565459609032;0.44322459399700165;0.6318379491567612;-0.163654625415802;0.4932141800721486;0.8747410575548807;0.0730820360283057;0.4685309628645579;0.8749220172564188;0.08691833478709061;;vertical;frontal
3.17;0.476632684469223;0.3602657616138458;-0.2424391508102417;0.5164763331413269;0.41895753145217896;-0.11256887018680573;0.4494176506996155;0.42447295784950256;-0.11785241216421127;0.5241031050682068;0.5157386064529419;-0.06495371460914612;0.44111454486846924;0.5266619324684143;-0.08233638852834702;0.5002901554107666;0.5923516750335693;-0.0021058896090835333;0.4627670645713806;0.594155490398407;0.0020124732982367277;0.4984137713909149;0.7316259741783142;0.007460927590727806;0.46543002128601074;0.7347711324691772;0.012217829935252666;0.48212910294532774;0.3421219676733017;-0.2448962599039078;0.5226309448480606;0.62032850086689;-0.14650210738182068;0.44326793402433395;0.6318452954292297;-0.16366616636514664;0.4932459195454915;0.8750909566879272;0.07320162064085405;0.4686222771803538;0.8751660188039144;0.08687465327481429;;vertical;frontal
3.2;0.47662320733070374;0.3603891432285309;-0.24119602143764496;0.516474723815918;0.41915035247802734;-0.11193040758371353;0.4494112730026245;0.42454877495765686;-0.11632425338029861;0.5241000056266785;0.5159026980400085;-0.06445599347352982;0.4411332905292511;0.5266802906990051;-0.08079244196414948;0.5003143548965454;0.5926457643508911;-0.00213926681317389;0.46277642250061035;0.5944057703018188;0.0020464174449443817;0.49842017889022827;0.731814980506897;0.007304063998162746;0.4654330909252167;0.7349925637245178;0.012138697318732738;0.4821101188659668;0.3422348082065582;-0.2436220332980156;0.5226102471351624;0.6204818189144135;-0.14601795375347137;0.44330159574747086;0.631832629442215;-0.1621417999267578;0.49327828486760456;0.8752038876215616;0.0737087552746137;0.46869996190071106;0.8756067156791687;0.08685555681586266;;vertical;frontal
3.23;0.47661951184272766;0.36053577065467834;-0.24208898842334747;0.5164735317230225;0.4193252921104431;-0.11252274364233017;0.44938522577285767;0.4247092604637146;-0.11661149561405182;0.5240908861160278;0.5160201191902161;-0.06482036411762238;0.4411388337612152;0.5267884731292725;-0.08087421208620071;0.5003304481506348;0.5927358269691467;-0.0021680069621652365;0.46278029680252075;0.5945379734039307;0.0020750686526298523;0.49842849373817444;0.7318862080574036;0.0069944849237799644;0.4654428958892822;0.7351150512695312;0.012129474431276321;0.48210279941558837;0.3423452258110046;-0.24448471814393996;0.5226010233163834;0.6206934005022049;-0.14657125622034073;0.44332486391067505;0.6318216025829315;-0.1622093766927719;0.49329062302907306;0.8753243287404379;0.07377752227087815;0.468753844499588;0.8758296370506287;0.08682039255897205;;vertical;frontal
3.27;0.476617693901062;0.360684871673584;-0.24205335974693298;0.5164721012115479;0.4194309413433075;-0.1123993918299675;0.44937410950660706;0.42477819323539734;-0.11660940200090408;0.5240883231163025;0.5160945653915405;-0.06440404802560806;0.44114071130752563;0.5268674492835999;-0.08073130995035172;0.5003398060798645;0.5928710103034973;-0.002224451396614313;0.4627853035926819;0.594668447971344;0.002132223919034004;0.4984309673309326;0.7321168184280396;0.006954940501600504;0.4654480218887329;0.7352196574211121;0.012122388929128647;0.4820984959602356;0.342456316947937;-0.24444591701030732;0.5226035416126251;0.6207744032144547;-0.14603344723582268;0.44333409518003464;0.631811797618866;-0.16196953132748604;0.4932956000169118;0.8754665851593018;0.07382641142855088;0.4687698980172475;0.876079777876536;0.08680375913778941;;vertical;frontal
3.3;0.47662314772605896;0.36089152097702026;-0.23868441581726074;0.516470730304718;0.41945087909698486;-0.10936280339956284;0.4493664801120758;0.4248560965061188;-0.11300371587276459;0.5240838527679443;0.5161055326461792;-0.06085304170846939;0.44115641713142395;0.5269538760185242;-0.0764075368642807;0.5003818869590759;0.5931280851364136;-0.002329297596588731;0.4628233015537262;0.5949210524559021;0.002239976543933153;0.498433381319046;0.7324285507202148;0.006750746164470911;0.46545320749282837;0.7354313731193542;0.011954180896282196;0.4820966273546219;0.34256713688373563;-0.24103173166513442;0.5226391553878784;0.6207705438137054;-0.14320537447929382;0.4433424472808838;0.6318056881427765;-0.15824206173419952;0.4932973384857178;0.8755324284235636;0.07432588127752145;0.46877715984980267;0.8763185540835062;0.0867914247016112;;vertical;frontal
3.33;0.4766364097595215;0.3612779378890991;-0.23918010294437408;0.516475260257721;0.4196053147315979;-0.10972750186920166;0.4493272602558136;0.42509475350379944;-0.11346026510000229;0.5240815281867981;0.5164704918861389;-0.061479050666093826;0.441173791885376;0.5274125337600708;-0.07751990854740143;0.5004579424858093;0.593377411365509;-0.0023408187553286552;0.46287983655929565;0.5951499342918396;0.0022520392667502165;0.49843522906303406;0.732613205909729;0.006809579208493233;0.46545594930648804;0.7355445623397827;0.011945733800530434;0.4820962518453598;0.3428050488233566;-0.24152816087007523;0.5226625055074692;0.620903268456459;-0.1435500532388687;0.44335173070430756;0.6320431679487228;-0.15887855365872383;0.4933169384797414;0.875490128993988;0.07764759970208009;0.46879151463508606;0.8764374454816183;0.08792984796067078;;vertical;frontal
3.37;0.4766515791416168;0.3615054488182068;-0.24031759798526764;0.5164806246757507;0.41967108845710754;-0.10994323343038559;0.4492865800857544;0.4254046380519867;-0.1136847734451294;0.5240786671638489;0.5166906118392944;-0.06161594018340111;0.4412272870540619;0.5279864072799683;-0.07811767607927322;0.5005157589912415;0.5935447216033936;-0.0023437633644789457;0.46293097734451294;0.5953353643417358;0.002255242085084319;0.498447060585022;0.7327972650527954;0.0068153575994074345;0.4654589891433716;0.7357355952262878;0.011944257654249668;0.4820997029542923;0.3429677426815033;-0.24260191172361373;0.5227412432432175;0.6209539324045181;-0.1456940583884716;0.4433578997850418;0.6321552097797394;-0.1593736633658409;0.4933362603187561;0.8754614591598511;0.07928943447768688;0.4688480297724406;0.8765473961830139;0.08901416882872581;;vertical;frontal
3.4;0.47666260600090027;0.3618323504924774;-0.24195730686187744;0.5164855122566223;0.4197889566421509;-0.11081679910421371;0.4492737352848053;0.4256709814071655;-0.11393915116786957;0.5240771174430847;0.5168011784553528;-0.06275017559528351;0.4412749707698822;0.5283545851707458;-0.07850151509046555;0.5005275011062622;0.5937206745147705;-0.0023800614289939404;0.4629516303539276;0.5954533219337463;0.0022918847389519215;0.4984496235847473;0.7330581545829773;0.0064188214018940926;0.4654662609100342;0.7361121773719788;0.011942729353904724;0.482100373506546;0.3433029443025589;-0.24448171257972717;0.5228183269500732;0.621078833937645;-0.14763255789875984;0.443386934697628;0.6323164403438568;-0.15996721759438515;0.493354598681132;0.8753213882446289;0.08013021387159824;0.4689093430836995;0.8766084313392639;0.0901059831182162;;vertical;frontal
3.43;0.47668594121932983;0.3622959554195404;-0.2442316710948944;0.5165035128593445;0.41991767287254333;-0.11167659610509872;0.449261337518692;0.42582061886787415;-0.11544132977724075;0.5240755081176758;0.5171054005622864;-0.06333156675100327;0.44131702184677124;0.5285075902938843;-0.0791454166173935;0.5005639791488647;0.5938220620155334;-0.002367280190810561;0.46298062801361084;0.5955474376678467;0.0022795479744672775;0.4984517991542816;0.7332020401954651;0.00641323858872056;0.4654843211174011;0.7363244891166687;0.011823691427707672;0.4821060121059418;0.34376064240932463;-0.24691934734582902;0.5228562653064728;0.6212789416313171;-0.14847322180867195;0.4434068202972412;0.6323300302028656;-0.16157036647200584;0.49336475133895874;0.8753154277801514;0.08087440145512421;0.4689975877602895;0.876677930355072;0.0901096947491169;;vertical;frontal
3.47;0.4766991436481476;0.3626815676689148;-0.2463340014219284;0.5165132284164429;0.4200134575366974;-0.11301456391811371;0.44924089312553406;0.4258989691734314;-0.11743710190057755;0.5240697860717773;0.5172677636146545;-0.06398959457874298;0.4413628876209259;0.5286129117012024;-0.08025681972503662;0.5005948543548584;0.5938339233398438;-0.0023692669346928596;0.4629948139190674;0.595575749874115;0.0022815067786723375;0.49845176935195923;0.7333077788352966;0.0065866271033883095;0.4654884934425354;0.7364746928215027;0.011821265332400799;0.48210920989513395;0.3441194653511047;-0.24916084706783295;0.5228810608386993;0.6214321553707123;-0.14866819232702255;0.44342467933893204;0.6323034763336182;-0.1628631167113781;0.49339452385902405;0.8753257791201273;0.08053398194412391;0.4690532286961873;0.8768203059832255;0.08996180444955826;;vertical;frontal
3.5;0.47670745849609375;0.3630428910255432;-0.24868330359458923;0.5165325403213501;0.42010262608528137;-0.11473775655031204;0.44922879338264465;0.4259493947029114;-0.11949671804904938;0.5240623354911804;0.5173777341842651;-0.06527259200811386;0.4414076507091522;0.5286775827407837;-0.08153148740530014;0.5006072521209717;0.5938452482223511;-0.002365062478929758;0.46299830079078674;0.5955915451049805;0.0022771817166358232;0.4984531104564667;0.7333976626396179;0.006646700203418732;0.46550264954566956;0.7366144061088562;0.01180447917431593;0.4821130245923996;0.3444356441497803;-0.2516645401716232;0.5229052901268005;0.6215148121118546;-0.14958075433969498;0.44343799352645874;0.6322606205940247;-0.1641429401934147;0.493405024210612;0.8753442168235779;0.08035487681627274;0.4690985182921092;0.8769203027089437;0.08987302146852016;;vertical;frontal
3.53;0.4767354428768158;0.3633815348148346;-0.2496013641357422;0.516562819480896;0.4201478362083435;-0.11574767529964447;0.44921913743019104;0.4259625971317291;-0.12015499919652939;0.5240656733512878;0.5173894166946411;-0.06640281528234482;0.44143053889274597;0.528710663318634;-0.0818423479795456;0.5006431341171265;0.5938423871994019;-0.0023831191938370466;0.4630107879638672;0.5955910086631775;0.0022954661399126053;0.4984545409679413;0.7334504723548889;0.006644070148468018;0.46551045775413513;0.7366536259651184;0.011797014623880386;0.4821237474679947;0.344686558842659;-0.2527106910943985;0.5229313224554062;0.6215066313743591;-0.15119954198598862;0.443452388048172;0.6321922689676285;-0.16457707807421684;0.4934050838152568;0.8754087090492249;0.07889230859776337;0.4691123962402344;0.87700221935908;0.08898062072694302;;vertical;frontal
3.57;0.476754754781723;0.36345577239990234;-0.24922925233840942;0.5166035890579224;0.42019087076187134;-0.11573503911495209;0.44921550154685974;0.42596250772476196;-0.12013609707355499;0.5240722298622131;0.5174010396003723;-0.06640397012233734;0.4414573311805725;0.528728723526001;-0.08182182908058167;0.5006726980209351;0.5938356518745422;-0.0023625835310667753;0.46301984786987305;0.5955878496170044;0.0022753188386559486;0.49846020340919495;0.7334595322608948;0.006741400808095932;0.46551844477653503;0.736656904220581;0.011423097923398018;0.4821431875228882;0.3447357714176178;-0.2522414967417717;0.5229357481002808;0.6214864999055862;-0.15103713423013687;0.44346702098846436;0.6320337802171707;-0.1644960567355156;0.4934061070283254;0.8754527966181437;0.07666257147987683;0.4691309332847595;0.8770900766054789;0.08593472031255563;;vertical;frontal
3.6;0.4768049120903015;0.3634791374206543;-0.2492629885673523;0.5166285634040833;0.4202180802822113;-0.11604535579681396;0.44920915365219116;0.4259412884712219;-0.12049933522939682;0.5240916609764099;0.5174230933189392;-0.06692200899124146;0.4414757788181305;0.5286938548088074;-0.0822257399559021;0.500710129737854;0.5937965512275696;-0.0023520977701991796;0.46302276849746704;0.5955650806427002;0.002264890819787979;0.498500794172287;0.7333223819732666;0.007244552485644817;0.46552300453186035;0.7366498708724976;0.011465750634670258;0.482177197933197;0.3447469353675842;-0.2522924244403839;0.5229401588439941;0.6214825212955475;-0.15106138214468956;0.4434751272201538;0.6318938881158829;-0.16460475325584412;0.4934427837530772;0.8754321734110514;0.07551074121147394;0.4691949089368184;0.8771365483601888;0.08524860007067521;;vertical;frontal
3.63;0.47687965631484985;0.36350107192993164;-0.24629083275794983;0.516640305519104;0.42022445797920227;-0.11372838169336319;0.4492037892341614;0.4258881211280823;-0.11804257333278656;0.5241129398345947;0.5174285769462585;-0.06497654318809509;0.44148752093315125;0.5285977721214294;-0.07985564321279526;0.5007278323173523;0.5937920212745667;-0.0023483443073928356;0.46302685141563416;0.5955532789230347;0.0022616423666477203;0.49855947494506836;0.7333192229270935;0.007909064181149006;0.4655270576477051;0.7366120219230652;0.01146105770021677;0.4822354644536972;0.344758203625679;-0.24925114661455156;0.5229410976171494;0.6213943511247635;-0.14964110776782036;0.44348011165857315;0.6316387355327606;-0.16262029111385345;0.4934818744659424;0.8754720091819763;0.07404096766064565;0.46924643715222675;0.8771467208862305;0.08382749122877915;;vertical;frontal
3.67;0.47692519426345825;0.3635005056858063;-0.24255043268203735;0.5166506767272949;0.4202274978160858;-0.11066223680973053;0.4492093324661255;0.42577847838401794;-0.11474306881427765;0.5241590142250061;0.5174271464347839;-0.062225695699453354;0.4415132403373718;0.5283911824226379;-0.07709893584251404;0.5007557272911072;0.5937476754188538;-0.0023468397557735443;0.46305322647094727;0.5955150127410889;0.0022605210542678833;0.4986369013786316;0.7332394123077393;0.008343077264726162;0.46553051471710205;0.7365736365318298;0.011461203917860985;0.4822903245687485;0.34475813806056976;-0.24540008157491683;0.5229514837265015;0.6212804913520813;-0.14706610888242722;0.4434867948293686;0.6313093900680542;-0.16061130166053772;0.4935261607170105;0.8754785656929016;0.0736656030640006;0.4693186084429423;0.8771709601084391;0.08360667526721954;;vertical;frontal
3.7;0.4769526422023773;0.36349937319755554;-0.23886092007160187;0.5166569948196411;0.42023342847824097;-0.10744388401508331;0.4492095708847046;0.4256975054740906;-0.11196205765008926;0.5241783261299133;0.5174239277839661;-0.059434134513139725;0.44152331352233887;0.5282442569732666;-0.07493650168180466;0.5007826685905457;0.5937262177467346;-0.0023254910483956337;0.46306952834129333;0.5955129265785217;0.0022408845834434032;0.4987085163593292;0.733184814453125;0.0085671441629529;0.46553266048431396;0.7365700602531433;0.011160545982420444;0.482325354218483;0.34475788474082947;-0.24155839681625366;0.5229528546333313;0.6210343241691589;-0.14456288516521454;0.44349097460508347;0.6310447454452515;-0.1587144248187542;0.4935604731241862;0.8755096991856893;0.07238333641240995;0.4693509638309479;0.8772722085316976;0.08164385582009952;;vertical;frontal
3.73;0.4769837260246277;0.36349961161613464;-0.23714688420295715;0.5166611671447754;0.4202326834201813;-0.10606034845113754;0.4492112994194031;0.4256384074687958;-0.11071585863828659;0.5241982340812683;0.5174134969711304;-0.05854591354727745;0.44153064489364624;0.528117299079895;-0.07410145550966263;0.500808596611023;0.5937156081199646;-0.002307009184733033;0.4630870521068573;0.5955159068107605;0.002224099123850465;0.4987715184688568;0.733116090297699;0.008606179617345333;0.46553805470466614;0.7365687489509583;0.011019054800271988;0.48235871493816374;0.34475867450237274;-0.23975272923707963;0.5229285210371017;0.620879739522934;-0.1436799056828022;0.44353871792554855;0.6308775991201401;-0.15793875977396965;0.49362505475680035;0.8755406141281128;0.07191464398056269;0.46939706802368164;0.8772768378257751;0.08144184822837512;;vertical;frontal
3.77;0.4770064353942871;0.3634952902793884;-0.2362767457962036;0.5166637301445007;0.42021051049232483;-0.10554122179746628;0.44923001527786255;0.425619900226593;-0.10991333425045013;0.5242158770561218;0.5173729658126831;-0.05800371617078781;0.44155097007751465;0.528069794178009;-0.07341676205396652;0.50083327293396;0.5937039256095886;-0.0023139994591474533;0.46311089396476746;0.5955135822296143;0.002232123166322708;0.49879762530326843;0.733022153377533;0.008602422662079334;0.46554693579673767;0.736548662185669;0.011026333086192608;0.4823845475912094;0.344757080078125;-0.23887261599302292;0.5229042023420334;0.6207616776227951;-0.14282735623419285;0.44357801228761673;0.6307899206876755;-0.15734057128429413;0.49364084005355835;0.8755727410316467;0.07104060519486666;0.4694698055585225;0.8772531549135844;0.08151137518386047;;vertical;frontal
3.8;0.4770095646381378;0.3634529113769531;-0.23399806022644043;0.516688883304596;0.42020168900489807;-0.10461022704839706;0.4492664635181427;0.42556291818618774;-0.10835815966129303;0.5242260098457336;0.5173538327217102;-0.057713717222213745;0.44158655405044556;0.5279240012168884;-0.07221739739179611;0.5008640885353088;0.5937128663063049;-0.002322916407138109;0.4631257653236389;0.5955148339271545;0.0022421374451369047;0.4988313615322113;0.732958972454071;0.008710863068699837;0.4655494689941406;0.7365399599075317;0.01103711687028408;0.48238931894302367;0.34472218751907346;-0.2365599051117897;0.5228847116231918;0.6207164824008942;-0.14214730821549892;0.44360896199941635;0.6306381225585938;-0.15604651346802711;0.49367106954256695;0.8756090005238851;0.07044137548655272;0.4695214331150055;0.8772400418917338;0.08144904548923175;;vertical;frontal
3.83;0.47701242566108704;0.36345377564430237;-0.23419304192066193;0.5167061686515808;0.420186311006546;-0.10482032597064972;0.44929006695747375;0.42553967237472534;-0.10846288502216339;0.5242320895195007;0.5173320770263672;-0.05801468342542648;0.44161173701286316;0.5278466939926147;-0.07235831022262573;0.5008751749992371;0.5937146544456482;-0.0023420224897563457;0.4631323516368866;0.5955167412757874;0.002262616530060768;0.49885475635528564;0.7328808307647705;0.008707085624337196;0.4655514359474182;0.7365338802337646;0.011063983663916588;0.48239304721355436;0.34472379386425017;-0.23682469725608826;0.5228750854730606;0.6206572651863098;-0.1422351598739624;0.44362274557352066;0.6305464208126068;-0.1561061255633831;0.4937151074409485;0.8756199479103088;0.06944704769800107;0.4695860942204793;0.8771855235099792;0.08119977824389935;;vertical;frontal
3.87;0.4770148992538452;0.36345353722572327;-0.2343302071094513;0.5167114734649658;0.42018231749534607;-0.10471667349338531;0.4492986500263214;0.4255236089229584;-0.10874050855636597;0.5242334604263306;0.517320454120636;-0.05786503478884697;0.4416336119174957;0.527830183506012;-0.07266280055046082;0.5008825063705444;0.5937166213989258;-0.002342380117624998;0.4631371796131134;0.5955163240432739;0.002263136673718691;0.4988630712032318;0.7328231930732727;0.00872011948376894;0.4655535817146301;0.736524760723114;0.011049113236367702;0.4823982834815979;0.3447242468595505;-0.23693972826004028;0.5228626132011414;0.6206270158290863;-0.14180316030979156;0.4436294287443161;0.6305139660835266;-0.15630671754479408;0.49374037981033325;0.8756171266237894;0.06873951541880767;0.46963100632031757;0.8771491845448812;0.08042583862940471;;vertical;frontal
3.9;0.4770072400569916;0.36344483494758606;-0.23469839990139008;0.5167141556739807;0.4201768934726715;-0.10491863638162613;0.4493023753166199;0.42551368474960327;-0.10893691331148148;0.5242598056793213;0.5173167586326599;-0.05806570500135422;0.44163888692855835;0.5277817845344543;-0.0728379637002945;0.5008984804153442;0.5936774015426636;-0.002354895696043968;0.463148832321167;0.595484733581543;0.002276425948366523;0.49887314438819885;0.7325811386108398;0.00854599941521883;0.46555644273757935;0.7364835143089294;0.01102133747190237;0.48239938616752626;0.34472000896930693;-0.2373231366276741;0.5228531956672668;0.6205379217863083;-0.1419657003134489;0.44363684207201004;0.6303733438253403;-0.15648530051112175;0.4937947491804759;0.8755814830462137;0.06717336705575387;0.4696716566880544;0.8771392901738485;0.0791911327590545;;vertical;frontal
3.93;0.47700294852256775;0.363435298204422;-0.23436769843101501;0.5167170763015747;0.4201759099960327;-0.1048010066151619;0.44930580258369446;0.42550164461135864;-0.10854955017566681;0.5242797136306763;0.517314612865448;-0.0581141896545887;0.4416482746601105;0.5277441143989563;-0.07251017540693283;0.500914454460144;0.5936669111251831;-0.002420485019683838;0.4631527364253998;0.5954752564430237;0.0023434862960129976;0.49888378381729126;0.7322978377342224;0.008282969705760479;0.4655572175979614;0.7364615797996521;0.011016616597771645;0.48240120708942413;0.3447117984294891;-0.23697831630706787;0.5228447020053864;0.6204795241355896;-0.14194832928478718;0.44363974034786224;0.6302459686994553;-0.15625490993261337;0.4938875635464986;0.8755403757095337;0.06635145486022036;0.4697338541348775;0.8771404027938843;0.07873802570005257;;vertical;frontal
3.97;0.4770027995109558;0.36341744661331177;-0.23449288308620453;0.5167208909988403;0.42019122838974;-0.10491809248924255;0.44930681586265564;0.42549753189086914;-0.10879404842853546;0.5242936015129089;0.5173407196998596;-0.058303575962781906;0.4416542649269104;0.5277177691459656;-0.07288657873868942;0.5009253025054932;0.5936363339424133;-0.0024578189477324486;0.4631638824939728;0.5954548120498657;0.002381052589043975;0.498887836933136;0.732021689414978;0.008164883591234684;0.46555808186531067;0.7364355325698853;0.011064697057008743;0.48240749537944794;0.34469630718231203;-0.23706524223089218;0.5228452533483505;0.6204841732978821;-0.14206629619002342;0.44363977015018463;0.6302180141210556;-0.15641455352306366;0.4939449727535248;0.8754513661066691;0.06627333164215088;0.46979599197705585;0.8771370848019918;0.07863886343936126;;vertical;frontal
4.0;0.47700372338294983;0.3633486330509186;-0.234975203871727;0.5167230367660522;0.4201975166797638;-0.10498225688934326;0.4493081867694855;0.4254942238330841;-0.1095898449420929;0.5242995619773865;0.5173473954200745;-0.05836077407002449;0.4416571855545044;0.5277136564254761;-0.07398918271064758;0.5009295344352722;0.5935987830162048;-0.0024590070825070143;0.4631703794002533;0.5954203009605408;0.002382307080551982;0.49889054894447327;0.7317745685577393;0.008072960190474987;0.4655587673187256;0.7364133596420288;0.010997624136507511;0.48241976499557493;0.34465983510017395;-0.23747724741697313;0.5228461474180222;0.6204783618450165;-0.14199750684201717;0.4436373636126518;0.6302040070295334;-0.15725130960345268;0.4940131604671478;0.875352700551351;0.0660711523766319;0.4698459406693776;0.8771480321884155;0.07778888444105785;;vertical;frontal
4.03;0.4770638048648834;0.3633381128311157;-0.23511263728141785;0.5167257785797119;0.42015692591667175;-0.10515490919351578;0.44930577278137207;0.4256863296031952;-0.10975127667188644;0.52430659532547;0.5174175500869751;-0.058422159403562546;0.44169387221336365;0.5281358957290649;-0.07401710003614426;0.5009357929229736;0.5935969948768616;-0.002450543222948909;0.4631845951080322;0.5954808592796326;0.0023741046898066998;0.4991621971130371;0.7317190766334534;0.007904859259724617;0.46563926339149475;0.7363816499710083;0.010439049452543259;0.4824908524751663;0.34467723667621614;-0.23771067410707475;0.5228672623634338;0.6204462796449661;-0.14203830808401108;0.44365838915109634;0.6302400678396225;-0.15716052427887917;0.4942634503046672;0.8754614194234213;0.06464398186653852;0.4699192742506663;0.8771559993426005;0.07557626068592072;;vertical;frontal
4.07;0.47708868980407715;0.3633061945438385;-0.23607315123081207;0.5167282223701477;0.4201388955116272;-0.10550469905138016;0.44930514693260193;0.42583492398262024;-0.11073170602321625;0.524315357208252;0.5174691081047058;-0.05877400189638138;0.4417221248149872;0.528611958026886;-0.07471036911010742;0.5009397268295288;0.5935919880867004;-0.0024459094274789095;0.4631953835487366;0.595516562461853;0.00236962060444057;0.49936890602111816;0.7316173911094666;0.007823939435184002;0.46570703387260437;0.7363637685775757;0.010313180275261402;0.4825295776128769;0.3446801334619522;-0.23860609233379365;0.5228933840990067;0.6204090118408203;-0.14272331073880196;0.44367415457963943;0.630330964922905;-0.1575208716094494;0.4944407641887665;0.8754981160163879;0.06428213852147262;0.470006803671519;0.8771615227063497;0.07540713623166084;;vertical;frontal
4.1;0.4770917594432831;0.36322906613349915;-0.23803436756134033;0.516726553440094;0.4200597107410431;-0.10648484528064728;0.4493042528629303;0.42589470744132996;-0.11230732500553131;0.5243180990219116;0.5174822807312012;-0.05941522493958473;0.44175493717193604;0.5288913249969482;-0.07584629952907562;0.5009452104568481;0.5935595631599426;-0.0024400162510573864;0.46320462226867676;0.5955272912979126;0.0023638871498405933;0.49949774146080017;0.7313604354858398;0.006849800236523151;0.46578165888786316;0.7362920641899109;0.009541057050228119;0.4825513452291489;0.34467006027698516;-0.24059423357248305;0.5229013711214066;0.6203481703996658;-0.14327814243733883;0.4437114745378494;0.6303581297397614;-0.15814382955431938;0.4945742388566335;0.8755101760228475;0.0622513519677644;0.47006310025850934;0.8772822817166647;0.07322175831844409;;vertical;frontal
4.13;0.47709619998931885;0.3631446659564972;-0.24101969599723816;0.5167277455329895;0.4199628233909607;-0.10887328535318375;0.44930559396743774;0.42593446373939514;-0.11472906917333603;0.5243249535560608;0.5174852013587952;-0.06181871518492699;0.4417804181575775;0.5292739272117615;-0.07786516845226288;0.5009649395942688;0.5934504866600037;-0.0024486721958965063;0.4632259011268616;0.5955221652984619;0.0023723135236650705;0.4995824992656708;0.7310984134674072;0.005199121776968241;0.46585121750831604;0.7361232042312622;0.00894197914749384;0.48257680535316466;0.34463961124420167;-0.24367975294589997;0.5229141265153885;0.6202822625637054;-0.1456306390464306;0.4437263384461403;0.6304216533899307;-0.15944333374500275;0.4946533739566803;0.8757784565289816;0.058921603563552104;0.47009460131327313;0.8774330615997314;0.07144126792748769;;vertical;frontal
4.17;0.4770975708961487;0.3630545735359192;-0.24234691262245178;0.516740620136261;0.41989314556121826;-0.11030274629592896;0.44931426644325256;0.4259452521800995;-0.1155444011092186;0.5243347883224487;0.5175259709358215;-0.06350212544202805;0.44178906083106995;0.5295177102088928;-0.07842977344989777;0.5009768605232239;0.59341961145401;-0.0024570615496486425;0.46324291825294495;0.5955232381820679;0.0023803822696208954;0.49963003396987915;0.7310659289360046;0.00482879439368844;0.4659033715724945;0.7360486388206482;0.00877896323800087;0.4825961351394653;0.34461091458797455;-0.24506416767835618;0.5229165405035019;0.6202670484781265;-0.14775970578193665;0.4437519758939743;0.6304922550916672;-0.16003437340259552;0.4946816861629486;0.8760068813959757;0.059033279617627464;0.47011739015579224;0.8775521715482076;0.07169708454360564;;vertical;frontal
4.2;0.4771077036857605;0.362989217042923;-0.24220339953899384;0.5167741775512695;0.41974180936813354;-0.11013650894165039;0.44935810565948486;0.4259107708930969;-0.11520232260227203;0.5243457555770874;0.5175262689590454;-0.06342373043298721;0.4418147802352905;0.5295753479003906;-0.07808347046375275;0.500996470451355;0.5934158563613892;-0.0025554003659635782;0.46326908469200134;0.5955296158790588;0.0024792335461825132;0.49966493248939514;0.731062114238739;0.004412144422531128;0.4659498631954193;0.7360279560089111;0.008783780038356781;0.48262484967708585;0.34458366334438323;-0.2449684336781502;0.5229167193174362;0.6202411651611328;-0.14789309352636337;0.4437631815671921;0.6304970681667328;-0.15990561619400978;0.4947157601515452;0.8761986096700033;0.05902467058816304;0.4701361457506816;0.8775961995124817;0.07220674771815538;;vertical;frontal
4.23;0.4771026372909546;0.36284834146499634;-0.24189428985118866;0.5167973637580872;0.4196068346500397;-0.11021538823843002;0.4494016766548157;0.4258003830909729;-0.11504889279603958;0.5243488550186157;0.5175150036811829;-0.06348881870508194;0.4418237507343292;0.5295761227607727;-0.07801979780197144;0.5010014772415161;0.5933612585067749;-0.0026410664431750774;0.4632738530635834;0.5955008864402771;0.0025645822752267122;0.49967607855796814;0.7310245037078857;0.0035817294847220182;0.4659842252731323;0.7359188795089722;0.008507897146046162;0.4826332151889801;0.3444821149110794;-0.244641076028347;0.5229166597127914;0.6202069371938705;-0.14765839651226997;0.44376561790704727;0.6304856389760971;-0.159640084952116;0.4947212139765422;0.8762171467145284;0.05765405010121564;0.4701402187347412;0.8776214122772217;0.0715724565088749;;vertical;frontal
4.27;0.47710099816322327;0.36275210976600647;-0.24119144678115845;0.5168095231056213;0.4194989800453186;-0.11017626523971558;0.44943928718566895;0.42569491267204285;-0.11424345523118973;0.5243512392044067;0.517508327960968;-0.06339254230260849;0.44183212518692017;0.5295118689537048;-0.07737728953361511;0.5010085701942444;0.5933322906494141;-0.0028456684667617083;0.46327731013298035;0.5954703092575073;0.002771201077848673;0.4997224509716034;0.7309810519218445;0.0027365980204194784;0.4660095274448395;0.7358664870262146;0.008531235158443451;0.48264004588127135;0.3444115549325943;-0.24407027363777162;0.5229180306196213;0.6201889663934708;-0.1475696973502636;0.4437682703137398;0.6304410099983215;-0.15951789915561676;0.4947649637858073;0.8761471112569174;0.056624931981787086;0.47015647093455;0.8775911728541056;0.07175568677484989;;vertical;frontal
4.3;0.4771013557910919;0.3627438545227051;-0.24108020961284637;0.5168458223342896;0.419479101896286;-0.11046677827835083;0.44947242736816406;0.42556530237197876;-0.11419422924518585;0.5243625044822693;0.5175492763519287;-0.06423486024141312;0.44183892011642456;0.5293740630149841;-0.07733313739299774;0.5010146498680115;0.5933159589767456;-0.003176935715600848;0.4632822871208191;0.5954523086547852;0.003103304887190461;0.4997532069683075;0.7309898734092712;0.0021874920930713415;0.4660226106643677;0.7358227968215942;0.009132510051131248;0.4826499819755554;0.3443901389837265;-0.2439391627907753;0.5229072570800781;0.6201778948307037;-0.14845095574855804;0.443769246339798;0.6302106976509094;-0.15961693972349167;0.4948853651682536;0.8761992653210958;0.056341472857942186;0.47018052140871686;0.8774912556012472;0.07251675395915906;;vertical;frontal
4.33;0.4770950675010681;0.3627272844314575;-0.23783989250659943;0.5168644785881042;0.4193305969238281;-0.10915568470954895;0.44951704144477844;0.4254051148891449;-0.11076115816831589;0.5243937373161316;0.5174838900566101;-0.062330134212970734;0.44184282422065735;0.5292089581489563;-0.07404296845197678;0.5010218024253845;0.5932928323745728;-0.003654476720839739;0.4632934629917145;0.5954382419586182;0.0035826717503368855;0.49976646900177;0.731083333492279;0.001781485858373344;0.4660268723964691;0.7358156442642212;0.009761413559317589;0.4826579362154007;0.3443581789731979;-0.24093114137649535;0.5229106694459915;0.6201661676168442;-0.1458442099392414;0.4437740370631218;0.629751056432724;-0.1579464115202427;0.49496176838874817;0.8762043515841166;0.05580590401465694;0.4701827863852183;0.8772534132003784;0.0727864137540261;;vertical;frontal
4.37;0.47707489132881165;0.36272165179252625;-0.23611079156398773;0.516883373260498;0.4191795289516449;-0.10842317342758179;0.4495677649974823;0.4252238869667053;-0.10917612910270691;0.5244078636169434;0.5173801779747009;-0.06141858547925949;0.44184839725494385;0.5289739966392517;-0.07238402217626572;0.501072347164154;0.5932726263999939;-0.003941877745091915;0.463312566280365;0.5954284071922302;0.003873089561238885;0.4998231530189514;0.731106698513031;0.00034389778738841414;0.46605488657951355;0.7358229160308838;0.009794033132493496;0.4826639175415039;0.34434223771095274;-0.2393914833664894;0.5229057222604752;0.6200871020555496;-0.14471740275621414;0.4437864199280739;0.629318431019783;-0.1566307358443737;0.4951302508513133;0.8762858510017395;0.05331824471553167;0.4701826572418213;0.8769667347272238;0.07279631216078997;;vertical;frontal
4.4;0.47707003355026245;0.3627178370952606;-0.23629505932331085;0.5169144868850708;0.4190255403518677;-0.10875117778778076;0.4495995044708252;0.4250529706478119;-0.10943825542926788;0.5244222283363342;0.5172679424285889;-0.06168573349714279;0.441852331161499;0.5287396311759949;-0.07255826890468597;0.5010992288589478;0.5932123064994812;-0.0041540078818798065;0.46332570910453796;0.5953521132469177;0.0040858108550310135;0.49988678097724915;0.7311108112335205;-0.0004091107693966478;0.4660661816596985;0.7357978224754333;0.009850779548287392;0.4826767534017563;0.3443272590637207;-0.23950161337852477;0.5229029655456543;0.6200772374868393;-0.14483068138360977;0.44378529489040375;0.6289616972208023;-0.15656151250004768;0.49535531798998517;0.8763565818468729;0.052041977643966675;0.4701847732067108;0.8768102526664734;0.07273636913547914;;vertical;frontal
4.43;0.4770670533180237;0.362705796957016;-0.236117884516716;0.5169311761856079;0.41884031891822815;-0.1086052879691124;0.44961994886398315;0.4248577654361725;-0.10906185954809189;0.524443507194519;0.5171939134597778;-0.06121513247489929;0.4418574273586273;0.5285400152206421;-0.07188647985458374;0.5011045336723328;0.5931663513183594;-0.004349237773567438;0.46333038806915283;0.5953110456466675;0.004282864276319742;0.4999682605266571;0.7311282753944397;-0.00013001600746065378;0.46606895327568054;0.7357938885688782;0.01059052161872387;0.4826915204524994;0.3443033903837204;-0.23941517025232315;0.5229132622480392;0.6200751215219498;-0.1442945934832096;0.443786658346653;0.6288527548313141;-0.15614164993166924;0.49550846219062805;0.8762803872426351;0.052915339513371386;0.470175435145696;0.8765722513198853;0.07389331298569839;;vertical;frontal
4.47;0.4770561158657074;0.3626483976840973;-0.2352534979581833;0.5169546604156494;0.41866883635520935;-0.10792823880910873;0.44965505599975586;0.42465731501579285;-0.1078377217054367;0.5244609713554382;0.5170404314994812;-0.06024470552802086;0.4418621361255646;0.5283464789390564;-0.07047722488641739;0.5011269450187683;0.5931000113487244;-0.00450021680444479;0.4633381962776184;0.5952562093734741;0.004434776026755571;0.500056266784668;0.7311325073242188;6,64E+10;0.4660733640193939;0.7357972264289856;0.010925986804068089;0.482696059346199;0.344238743185997;-0.23868173062801362;0.5229413658380508;0.6200744360685349;-0.14344670437276363;0.44378644973039627;0.6285868734121323;-0.15532363578677177;0.4956292112668355;0.8761155803998312;0.05328919428090254;0.47016769647598267;0.8764793475468954;0.07433303197224934;;vertical;frontal
4.5;0.4770404100418091;0.3626273572444916;-0.23141005635261536;0.5169607400894165;0.41834765672683716;-0.10462354868650436;0.4496851861476898;0.42439112067222595;-0.1041441559791565;0.5244913697242737;0.5166956782341003;-0.05619170889258385;0.4418671727180481;0.5279255509376526;-0.06619898974895477;0.5011529922485352;0.5929755568504333;-0.004588746465742588;0.4633563160896301;0.5951765179634094;0.004524959716945887;0.5001094937324524;0.7311269640922546;0.00042748142732307315;0.4660731554031372;0.735798180103302;0.011104704812169075;0.4826985627412796;0.3441982060670853;-0.23492970764636995;0.5229809135198593;0.6199088841676712;-0.1401735357940197;0.44379206746816635;0.62818843126297;-0.1517067477107048;0.49573426445325214;0.8757457335789999;0.05482465447857976;0.47016886870066327;0.8762634595235189;0.07500019669532776;;vertical;frontal
4.53;0.4770328104496002;0.36244997382164;-0.23104502260684967;0.5169787406921387;0.41805732250213623;-0.10432350635528564;0.4497125446796417;0.4241672158241272;-0.10386692732572556;0.5245437026023865;0.5163048505783081;-0.05608134716749191;0.44186991453170776;0.5275450944900513;-0.06583825498819351;0.5011698603630066;0.5927025675773621;-0.004632095340639353;0.46336933970451355;0.5949165225028992;0.004568193107843399;0.5001260042190552;0.7310473322868347;0.00044436799362301826;0.4660750925540924;0.7357341647148132;0.011094472371041775;0.48270098865032196;0.34402698576450347;-0.2345024600625038;0.5230119079351425;0.6197748929262161;-0.14007618092000484;0.44379205256700516;0.6278845071792603;-0.15085268393158913;0.4957949121793111;0.8754465778668722;0.054917292979856334;0.47017378608385724;0.8759719332059225;0.07499277746925752;;vertical;frontal
4.57;0.47701162099838257;0.3623164892196655;-0.23106282949447632;0.5170092582702637;0.41789156198501587;-0.10440708696842194;0.4497773051261902;0.4238412082195282;-0.10380986332893372;0.5245903134346008;0.516025960445404;-0.05624868720769882;0.44187551736831665;0.5269336700439453;-0.06564982980489731;0.5011939406394958;0.5923234224319458;-0.00465339096263051;0.46340858936309814;0.594578742980957;0.004589098040014505;0.5001644492149353;0.7310287356376648;0.0005296203889884055;0.4660728871822357;0.7356405854225159;0.011060653254389763;0.4826950341463089;0.34388466775417326;-0.23460018932819365;0.523091733455658;0.6195831298828125;-0.1402470376342535;0.4437996596097946;0.6275561898946762;-0.15018374845385551;0.4958682358264923;0.8752192060152689;0.05506714526563883;0.4701728622118632;0.875874658425649;0.07484103149423997;;vertical;frontal
4.6;0.47699862718582153;0.36216744780540466;-0.23118634521961212;0.5170294046401978;0.41767388582229614;-0.10455241054296494;0.4498276710510254;0.4235868453979492;-0.1038607656955719;0.5246230959892273;0.5156052708625793;-0.05655253678560257;0.44188642501831055;0.5265423059463501;-0.06569407880306244;0.5012025833129883;0.5919416546821594;-0.004666969645768404;0.4634217619895935;0.5942281484603882;0.004602112807333469;0.500180721282959;0.7309332489967346;0.0006125400541350245;0.46606653928756714;0.7354426980018616;0.011045323684811592;0.482691752910614;0.34371612668037416;-0.23477158695459366;0.5231394916772842;0.619315966963768;-0.14041249826550484;0.4438095912337303;0.6273155212402344;-0.14996856451034546;0.4959247211615245;0.875045915444692;0.05509905439491073;0.47017836570739746;0.8757882912953695;0.07477284005532663;;vertical;frontal
4.63;0.47699713706970215;0.3620699346065521;-0.23126396536827087;0.5170451998710632;0.417513906955719;-0.10463479161262512;0.4499153196811676;0.42300206422805786;-0.1039755642414093;0.524639368057251;0.5154425501823425;-0.056758683174848557;0.44187748432159424;0.5257588028907776;-0.0659313052892685;0.5012078285217285;0.5914634466171265;-0.004570646211504936;0.463428258895874;0.593776285648346;0.0045033893547952175;0.500196099281311;0.7307172417640686;0.0008213780238293111;0.46606624126434326;0.7351734042167664;0.010487334802746773;0.48269387781620027;0.34355795979499815;-0.2349684864282608;0.5231715738773346;0.6190609186887741;-0.14062682539224625;0.4438098669052124;0.6268659979104996;-0.15036648139357567;0.4959762990474701;0.87474658091863;0.05515835573896766;0.4701884587605794;0.8757455945014954;0.07397942586491506;;vertical;frontal
4.67;0.47697243094444275;0.3619052767753601;-0.23263689875602722;0.5170536637306213;0.41742441058158875;-0.10552849620580673;0.44991958141326904;0.4227195084095001;-0.10454320907592773;0.5246654152870178;0.5150970220565796;-0.05770646408200264;0.4418747127056122;0.5253362059593201;-0.0660790205001831;0.5012138485908508;0.5909852981567383;-0.0045371102169156075;0.46343302726745605;0.5932217836380005;0.004468322265893221;0.5002039670944214;0.7305781245231628;0.001041499199345708;0.46606796979904175;0.7347965836524963;0.010333430953323841;0.48267953991889956;0.3433392196893692;-0.23649545311927794;0.5232026726007462;0.6184772849082947;-0.14290066622197628;0.4437999874353409;0.6265809088945389;-0.15067285671830177;0.4959853986899058;0.8744622071584066;0.05524154054000974;0.47019802530606586;0.875665525595347;0.07390713877975941;;vertical;frontal
4.7;0.47695958614349365;0.36178380250930786;-0.23803184926509857;0.5170613527297974;0.4173167645931244;-0.1092546135187149;0.44992390275001526;0.4226095974445343;-0.10897087305784225;0.5246800780296326;0.5148277282714844;-0.06059082970023155;0.441876620054245;0.5251153707504272;-0.06916885823011398;0.5012377500534058;0.5904983878135681;-0.004484734497964382;0.46343910694122314;0.5927094221115112;0.004413597285747528;0.5002181529998779;0.7303746342658997;0.0015661224024370313;0.46606898307800293;0.7342169880867004;0.010277049615979195;0.4826731890439987;0.34316484332084657;-0.24200584292411803;0.5232171714305878;0.618197575211525;-0.14544367417693138;0.44380368292331696;0.6265050768852234;-0.15186268836259842;0.49598751465479535;0.8742143114407858;0.055774061319728695;0.47021151582400006;0.8755578001340231;0.0739000824590524;;vertical;frontal
4.73;0.4769579768180847;0.3617555499076843;-0.2390184998512268;0.5170750617980957;0.4173123240470886;-0.10986164957284927;0.4499276578426361;0.4225667715072632;-0.11004789173603058;0.5246855020523071;0.5148215889930725;-0.06184504181146622;0.44187602400779724;0.5249240398406982;-0.07064040005207062;0.5012427568435669;0.5903743505477905;-0.00445385929197073;0.46344220638275146;0.5924947261810303;0.004382035695016384;0.5002239942550659;0.7300984263420105;0.002126285107806325;0.46606677770614624;0.7336307168006897;0.010275829583406448;0.4826718807220459;0.3430726438760757;-0.2428162395954132;0.5232172161340714;0.6180865913629532;-0.1476716548204422;0.4437730312347412;0.6263359487056732;-0.1534779965877533;0.49597718318303424;0.8736918171246847;0.05659958797817429;0.47026005387306213;0.8753864169120789;0.07406082345793645;;vertical;frontal
4.77;0.4769441485404968;0.36174482107162476;-0.24568165838718414;0.5170771479606628;0.41727253794670105;-0.11434639990329742;0.44992220401763916;0.422540545463562;-0.1149442046880722;0.5246909260749817;0.5145493745803833;-0.06628589332103729;0.44187024235725403;0.5248215198516846;-0.07545609027147293;0.5012608170509338;0.589796781539917;-0.004452602472156286;0.46346035599708557;0.5917906165122986;0.00438046595081687;0.5002110004425049;0.7295745015144348;0.0019896309822797775;0.466068834066391;0.7328605055809021;0.010274671949446201;0.4826632648706436;0.3430234581232071;-0.249503792822361;0.5232237279415131;0.617642730474472;-0.15268990769982338;0.4437561482191086;0.6263251751661301;-0.1579849235713482;0.4959669808546702;0.8733665744463602;0.05578222591429949;0.47032161553700763;0.875270148118337;0.07378711085766554;;vertical;frontal
4.8;0.4769114851951599;0.36173662543296814;-0.24693801999092102;0.5170689225196838;0.4169594347476959;-0.11533160507678986;0.44992443919181824;0.42231008410453796;-0.11586563289165497;0.5246952176094055;0.5141850113868713;-0.06708142906427383;0.4418734312057495;0.5245095491409302;-0.07657507807016373;0.5012664198875427;0.5893957018852234;-0.004509251564741135;0.46348097920417786;0.5911545157432556;0.004435854963958263;0.5001935958862305;0.7291006445884705;0.001971384510397911;0.46606987714767456;0.7320841550827026;0.010527663864195347;0.4826435953378677;0.34299100935459137;-0.2509006604552269;0.5232283473014832;0.6173059493303299;-0.15332172811031342;0.4437650442123413;0.6263111084699631;-0.15929147601127625;0.49595828851064044;0.873005747795105;0.05563950492069125;0.4703529477119446;0.8749946157137553;0.07413701340556145;;vertical;frontal
4.83;0.47681888937950134;0.36196810007095337;-0.24990931153297424;0.5170508623123169;0.41641971468925476;-0.11706116795539856;0.4499236047267914;0.42211708426475525;-0.11705181747674942;0.5247014164924622;0.5137850642204285;-0.06816758215427399;0.44185709953308105;0.5243948698043823;-0.07716023921966553;0.5012702345848083;0.5890277624130249;-0.004544083960354328;0.463491290807724;0.5907484292984009;0.004469951149076223;0.5001920461654663;0.7288340926170349;0.0020935959182679653;0.4660705327987671;0.731713593006134;0.011085689067840576;0.48260350823402404;0.34311975836753844;-0.2544342398643494;0.5232344269752502;0.6170374602079391;-0.15464721247553825;0.44375529885292053;0.6263447850942612;-0.16010050848126411;0.4959596594174703;0.8725765943527222;0.05606639742230376;0.47036800781885785;0.8747840523719788;0.07520687362800042;;vertical;frontal
4.87;0.4768320620059967;0.3623855412006378;-0.2501550614833832;0.5170366168022156;0.41593137383461;-0.11603131145238876;0.44991642236709595;0.4218795597553253;-0.11764486879110336;0.5246982574462891;0.5133603811264038;-0.06783003360033035;0.44183269143104553;0.5243204236030579;-0.07793791592121124;0.5012707114219666;0.5887077450752258;-0.004334910772740841;0.463495135307312;0.5905348658561707;0.004262055270373821;0.5001965165138245;0.7283870577812195;0.00384555384516716;0.4660950005054474;0.7314567565917969;0.011070468463003635;0.4826092392206192;0.3432808995246887;-0.25459424406290054;0.5232540667057037;0.6168165504932404;-0.15356413275003433;0.44375308603048325;0.6263512372970581;-0.16082322597503662;0.4959515333175659;0.8719142476717631;0.059134756991018854;0.470383882522583;0.8744778633117676;0.0754422756532828;;vertical;frontal
4.9;0.4768303334712982;0.3630290627479553;-0.25399714708328247;0.5170031785964966;0.415630966424942;-0.1178443506360054;0.44986510276794434;0.4217282235622406;-0.1200307235121727;0.5246272683143616;0.5132216811180115;-0.06793259084224701;0.44180575013160706;0.5242843627929688;-0.07976024597883224;0.5012568235397339;0.5885096192359924;-0.004334149416536093;0.4635016620159149;0.5903924703598022;0.004261257592588663;0.5001953840255737;0.7281723618507385;0.00442954245954752;0.4661206901073456;0.7313622236251831;0.011745317839086056;0.48260959088802335;0.34367785453796384;-0.2587563157081604;0.5232609361410141;0.6167372316122055;-0.15369076654314995;0.4437614679336548;0.626313328742981;-0.16251099854707718;0.4959450165430705;0.87114018201828;0.06073773045015211;0.4703955153624217;0.874090294043223;0.07744594477117062;;vertical;frontal
4.93;0.47675821185112;0.3633764684200287;-0.2549118995666504;0.5168458819389343;0.41544774174690247;-0.11886825412511826;0.449841171503067;0.4214707016944885;-0.12095127999782562;0.5244672894477844;0.5130434036254883;-0.0682903379201889;0.44179338216781616;0.5241527557373047;-0.08015347272157669;0.5011177062988281;0.5882863998413086;-0.004284020978957415;0.4634386897087097;0.5901690721511841;0.0042098890990018845;0.5001963973045349;0.7280561923980713;0.004673029761761427;0.46615827083587646;0.731255829334259;0.011773795820772648;0.4825803816318512;0.3439061105251312;-0.259727931022644;0.5232942402362823;0.6166929453611374;-0.153872549533844;0.44372953474521637;0.6260922402143478;-0.16238880902528763;0.4960390031337738;0.8705932299296061;0.06123122179754622;0.4703803261121114;0.8738261659940084;0.07765272383888562;;vertical;frontal
4.97;0.47667330503463745;0.36489585041999817;-0.2812229096889496;0.5166533589363098;0.41525089740753174;-0.1395113170146942;0.44964858889579773;0.42147096991539;-0.14015740156173706;0.5243958234786987;0.5129612684249878;-0.08964220434427261;0.44175782799720764;0.5241595506668091;-0.09750373661518097;0.5010649561882019;0.5879442691802979;-0.004301104228943586;0.4633908271789551;0.5899725556373596;0.004226770717650652;0.5001884698867798;0.7277623414993286;0.004651954863220453;0.46616998314857483;0.7310870289802551;0.014298180118203163;0.4825386703014374;0.3448056817054749;-0.286780920624733;0.5233081132173538;0.6166703850030899;-0.1755821630358696;0.4436914771795273;0.6261206567287445;-0.17950859665870667;0.4960313340028127;0.8702075084050497;0.06243316012357051;0.4703186055024465;0.8735525012016296;0.08214608641962211;;vertical;frontal
5.0;0.47668299078941345;0.36748358607292175;-0.3044423758983612;0.5165073871612549;0.4149865210056305;-0.15833094716072083;0.4494258165359497;0.42152389883995056;-0.159506157040596;0.5243640542030334;0.5129796266555786;-0.10737515240907669;0.44175487756729126;0.524380624294281;-0.11621289700269699;0.5009995102882385;0.5877869725227356;-0.004303561989217997;0.4633697271347046;0.5899123549461365;0.004229104612022638;0.5001769065856934;0.7277566194534302;0.005629922263324261;0.466203898191452;0.7308815121650696;0.01761663891375065;0.48252585232257844;0.3466797024011612;-0.3109888583421707;0.5233304053544998;0.6167530417442322;-0.19102231413125992;0.44368837028741837;0.6262129247188568;-0.19785751402378082;0.4960105816523234;0.8701577186584473;0.06658356993769605;0.4702412982781728;0.8732907374699911;0.08875511586666107;;vertical;frontal
5.03;0.4766766130924225;0.3686448037624359;-0.30164071917533875;0.5160120129585266;0.41387274861335754;-0.15524353086948395;0.4490199089050293;0.42157188057899475;-0.15849316120147705;0.524376630783081;0.5127003192901611;-0.1040869653224945;0.44154879450798035;0.5248129963874817;-0.1168869137763977;0.5009511113166809;0.5880903601646423;-0.00431083282455802;0.4632333219051361;0.5900816321372986;0.004236563108861446;0.5001771450042725;0.727622926235199;0.00878472626209259;0.46620824933052063;0.7304622530937195;0.02097250334918499;0.4824828505516052;0.34801828265190127;-0.30831576585769654;0.5233398526906967;0.6167505234479904;-0.18915174156427383;0.44359131902456284;0.6271434426307678;-0.20074744522571564;0.49608879288037616;0.8693446318308512;0.07557360207041104;0.4702368676662445;0.8723928332328796;0.09810734912753105;;inclinandose;frontal
5.07;0.4765109419822693;0.3714247941970825;-0.3194027543067932;0.5157439708709717;0.4134283661842346;-0.17075024545192719;0.44876062870025635;0.42157885432243347;-0.17215080559253693;0.5244030356407166;0.5124789476394653;-0.12239271402359009;0.44121384620666504;0.5250381231307983;-0.13232453167438507;0.5008590817451477;0.5881535410881042;-0.004545343574136496;0.46310684084892273;0.5901231169700623;0.004470991902053356;0.5001769065856934;0.7274255156517029;0.008504848927259445;0.4662102460861206;0.7300596833229065;0.021851185709238052;0.4823882281780243;0.3504604995250702;-0.32701933681964873;0.5233325213193893;0.6168973594903946;-0.2073305919766426;0.44356201589107513;0.6279282420873642;-0.21767378970980644;0.4961068332195282;0.8686454892158508;0.07579401135444641;0.47025970617930096;0.8716246485710144;0.1013840523858865;;inclinandose;frontal
5.1;0.47645217180252075;0.3750544786453247;-0.33619314432144165;0.5153446793556213;0.41323763132095337;-0.18399298191070557;0.4484217166900635;0.4221027195453644;-0.18652383983135223;0.5243843793869019;0.512477695941925;-0.1361360102891922;0.44107580184936523;0.5255933403968811;-0.14807772636413574;0.5007932186126709;0.5881454944610596;-0.004703578073531389;0.46304428577423096;0.5901268720626831;0.004631963092833757;0.5001761317253113;0.7268862128257751;0.007467296905815601;0.46621236205101013;0.7297706007957458;0.021174907684326172;0.482318514585495;0.35373601913452146;-0.3442297577857971;0.5233091711997986;0.6175918877124786;-0.2191908210515976;0.4435906633734703;0.6291521489620209;-0.23254365846514702;0.496079554160436;0.8681510885556539;0.07362119853496552;0.4702904125054677;0.871161957581838;0.09984209015965462;;inclinandose;frontal
5.13;0.4757981598377228;0.3773665726184845;-0.34341686964035034;0.5149665474891663;0.41333815455436707;-0.1924266815185547;0.44804030656814575;0.4222820997238159;-0.19027552008628845;0.5243648886680603;0.5131589770317078;-0.143213152885437;0.44102606177330017;0.5267267227172852;-0.14734070003032684;0.500691831111908;0.5881634950637817;-0.004828101024031639;0.46300795674324036;0.5901768803596497;0.0047583733685314655;0.5001122951507568;0.7268596291542053;0.003958799410611391;0.4662148058414459;0.7297359704971313;0.020582640543580055;0.48189795613288877;0.35601684749126433;-0.3523382157087326;0.523192510008812;0.6204525381326675;-0.224835816770792;0.4436025992035866;0.631314605474472;-0.23101365938782692;0.49573885401089984;0.8677532076835632;0.0807562085489432;0.4703216254711151;0.8705273270606995;0.10807623465855916;;inclinandose;frontal
5.17;0.4752691090106964;0.3802477717399597;-0.35039222240448;0.51468825340271;0.41404256224632263;-0.19699697196483612;0.44778862595558167;0.422315776348114;-0.19544178247451782;0.5242716670036316;0.5138903856277466;-0.14434552192687988;0.4409841001033783;0.5280326008796692;-0.1505323052406311;0.5003803372383118;0.5881557464599609;-0.0047385417856276035;0.46292027831077576;0.5901812314987183;0.004665691405534744;0.49990612268447876;0.7269152998924255;0.0016279222909361124;0.4662444591522217;0.7296333312988281;0.02054564096033573;0.48146750032901764;0.35854550302028654;-0.3598654896020889;0.5230590254068375;0.6225405037403107;-0.2241368293762207;0.4435904771089554;0.6328207850456238;-0.2329479530453682;0.4954717556635539;0.8676477471987406;0.08530956382552783;0.47033144036928815;0.8701276381810507;0.11203921462098758;;inclinandose;frontal
5.2;0.47490471601486206;0.38336437940597534;-0.3482074439525604;0.5145443677902222;0.41678890585899353;-0.19429728388786316;0.44757118821144104;0.42275840044021606;-0.19602611660957336;0.5235329866409302;0.5160787105560303;-0.1401553750038147;0.4409693479537964;0.5289028286933899;-0.15180154144763947;0.49986982345581055;0.5881697535514832;-0.004592644050717354;0.46286457777023315;0.5902009606361389;0.004513952881097794;0.4997263550758362;0.7269558310508728;0.001861579716205597;0.4663691222667694;0.7296079993247986;0.02121673710644245;0.4810846120119095;0.3610129117965698;-0.35744171440601347;0.5227527618408203;0.6240807324647903;-0.2183987759053707;0.4436437413096428;0.6339510679244995;-0.23272240906953812;0.4953422049681346;0.8676856557528178;0.0842350951085488;0.4703915516535441;0.8698926568031311;0.10974383975068729;;inclinandose;frontal
5.23;0.47453492879867554;0.3867967426776886;-0.3596150875091553;0.5143942832946777;0.41846078634262085;-0.20494888722896576;0.4472990334033966;0.4236484467983246;-0.20325802266597748;0.5229046940803528;0.5181582570075989;-0.1527252048254013;0.44096899032592773;0.5298041701316833;-0.15783889591693878;0.4998117983341217;0.588092565536499;-0.004499054979532957;0.46286866068840027;0.590167760848999;0.004419797565788031;0.499722421169281;0.7269567251205444;0.0014452782925218344;0.466682106256485;0.7294908761978149;0.020945468917489052;0.48075532615184785;0.36406489610672;-0.3694897323846817;0.5225705206394196;0.6261283308267593;-0.23180047795176506;0.4437290281057358;0.6355519592761993;-0.23916402831673622;0.4953333834807078;0.8678141434987386;0.08164795860648155;0.4704603652159373;0.8698398470878601;0.10630632564425468;;inclinandose;frontal
5.27;0.47419169545173645;0.39030277729034424;-0.3724443018436432;0.5140331983566284;0.4208260476589203;-0.2158489227294922;0.44711393117904663;0.42425110936164856;-0.21281181275844574;0.5218555927276611;0.5224831104278564;-0.1615949422121048;0.44098418951034546;0.5304645299911499;-0.1666516363620758;0.4995408058166504;0.5877110958099365;-0.004416521172970533;0.4629078507423401;0.5898945331573486;0.004336169920861721;0.4997204840183258;0.726913332939148;0.001846227329224348;0.46684467792510986;0.7294476628303528;0.02019733376801014;0.480411696434021;0.36784777641296384;-0.38307701647281645;0.5221794992685318;0.6303516924381256;-0.2366006299853325;0.44418614357709885;0.6373246163129807;-0.24685605242848396;0.4954090714454651;0.8678968548774719;0.0808883508046468;0.4705228904883067;0.8698602318763733;0.10507206991314888;;inclinandose;frontal
5.3;0.47375354170799255;0.39837995171546936;-0.403240442276001;0.5138759016990662;0.42539912462234497;-0.24530279636383057;0.4467334449291229;0.426939457654953;-0.23378093540668488;0.5210824012756348;0.5287869572639465;-0.1961613893508911;0.44112062454223633;0.5326523184776306;-0.18672558665275574;0.4993121922016144;0.5858503580093384;-0.005370135419070721;0.46301692724227905;0.5884736180305481;0.0053079258650541306;0.4996793270111084;0.726280152797699;-0.0025454675778746605;0.4669414162635803;0.7294341921806335;0.01640396937727928;0.4797573059797287;0.37453160881996156;-0.4158466160297394;0.5213848799467087;0.6361155956983566;-0.26804839819669724;0.44517408311367035;0.6415701806545258;-0.2693171389400959;0.49553029735883075;0.8679218292236328;0.06407734080373;0.470576932032903;0.8699333270390829;0.09283745288848877;;inclinandose;frontal
5.33;0.4733448028564453;0.4070601463317871;-0.42195817828178406;0.51356440782547;0.43005239963531494;-0.2595844566822052;0.44681480526924133;0.4317530393600464;-0.25143685936927795;0.5205002427101135;0.5343790054321289;-0.21657207608222961;0.4413185715675354;0.5359984636306763;-0.21178993582725525;0.49866554141044617;0.5854645371437073;-0.006178685929626226;0.46302154660224915;0.5883433222770691;0.006129231303930283;0.4994426965713501;0.7244040966033936;-0.007847638800740242;0.46710312366485596;0.7295293807983398;0.01519827265292406;0.479208180308342;0.38511704206466674;-0.4350330114364624;0.5201730728149414;0.6422049105167389;-0.28903039544820786;0.44648006558418274;0.6477077305316925;-0.29663172364234924;0.4958013991514842;0.8677632808685303;0.05416747989753882;0.47075899442036945;0.8699433406194051;0.08809266239404678;;inclinandose;frontal
5.37;0.4729272425174713;0.41825443506240845;-0.44186437129974365;0.5131059288978577;0.4357272684574127;-0.27553224563598633;0.4467717707157135;0.43843337893486023;-0.2660352885723114;0.5200691223144531;0.5388728380203247;-0.23829376697540283;0.44159623980522156;0.5420262217521667;-0.2281213402748108;0.498347669839859;0.5850273966789246;-0.006751201581209898;0.4630495011806488;0.5878041386604309;0.006727821193635464;0.49944373965263367;0.7231680154800415;-0.015027170069515705;0.46721410751342773;0.7293515801429749;0.006797485984861851;0.4788951724767685;0.39644803404808043;-0.4557339549064636;0.5188020020723343;0.6477216482162476;-0.31282932311296463;0.4472932294011116;0.654928594827652;-0.3148988112807274;0.4959827462832133;0.8677564660708109;0.04554386002322038;0.47097164392471313;0.869901974995931;0.07860504028697808;;inclinandose;frontal
5.4;0.4717864692211151;0.4333144724369049;-0.4552135765552521;0.5125566720962524;0.44612789154052734;-0.2871740758419037;0.4455554187297821;0.44865792989730835;-0.27041342854499817;0.5189156532287598;0.5453099012374878;-0.24705715477466583;0.4416888356208801;0.5492860674858093;-0.2232709676027298;0.4980333149433136;0.5818268656730652;-0.007468958850950003;0.4630740284919739;0.5850107669830322;0.007472630590200424;0.4994527995586395;0.7207713723182678;-0.01940116100013256;0.4675522446632385;0.7277531027793884;-0.0015029816422611475;0.47811591923236846;0.4103883236646652;-0.46963181495666506;0.5181135088205338;0.6534813344478607;-0.322221077978611;0.4475962147116661;0.6614209711551666;-0.30687103420495987;0.49618905782699585;0.8674278457959493;0.04189894410471121;0.47109903891881305;0.8697835604349772;0.06821683659412277;;inclinandose;frontal
5.43;0.4714863896369934;0.4448172152042389;-0.46242329478263855;0.5118972063064575;0.4545305371284485;-0.2961927056312561;0.4439714550971985;0.4612813889980316;-0.2771614193916321;0.5186447501182556;0.5516369938850403;-0.2594635784626007;0.4418579936027527;0.5601125955581665;-0.22947727143764496;0.49770063161849976;0.5794193148612976;-0.007900099270045757;0.4631724953651428;0.5835205316543579;0.007923891767859459;0.499448299407959;0.7194618582725525;-0.024048367515206337;0.4675467014312744;0.7253706455230713;-0.004442998673766851;0.477663391828537;0.423421373963356;-0.4776804447174072;0.5177246034145355;0.6636600345373154;-0.33421798795461655;0.4479837492108345;0.66904416680336;-0.31259143352508545;0.49634785453478497;0.8661430875460306;0.03588137278954188;0.4711410899957021;0.8689631024996439;0.06183271141101917;;inclinandose;frontal
5.47;0.47121310234069824;0.4554826319217682;-0.4756883680820465;0.5109888315200806;0.4616977274417877;-0.30876773595809937;0.443938672542572;0.46951377391815186;-0.29037341475486755;0.5179774761199951;0.5589534044265747;-0.2760697901248932;0.44208329916000366;0.5679577589035034;-0.2483554482460022;0.4974343180656433;0.5780516266822815;-0.008558590896427631;0.46342915296554565;0.5822675824165344;0.00860424805432558;0.49947303533554077;0.7189550995826721;-0.027062999084591866;0.46754831075668335;0.7216236591339111;-0.004419127479195595;0.4771865248680115;0.4354661226272583;-0.4921676963567734;0.5176988840103149;0.6707858443260193;-0.3489905893802643;0.4483700171113014;0.6756604760885239;-0.333128459751606;0.4966740111509959;0.8648715416590372;0.034174478302399315;0.4712366461753845;0.8683613141377767;0.06359069064880411;;inclinandose;frontal
5.5;0.4713001847267151;0.4671626687049866;-0.48285871744155884;0.5105615854263306;0.4720362722873688;-0.3146619498729706;0.4436918795108795;0.47856423258781433;-0.3000485301017761;0.5166180729866028;0.5730270743370056;-0.28316664695739746;0.44212692975997925;0.5772081613540649;-0.2607208788394928;0.49712032079696655;0.5777004361152649;-0.008787093684077263;0.4635438024997711;0.5816790461540222;0.00883259903639555;0.4994761645793915;0.7183603048324585;-0.03259121999144554;0.4676286578178406;0.7191011905670166;-0.003998293541371822;0.47719991505146026;0.4487064927816391;-0.4990272283554077;0.5175811052322388;0.6825510412454605;-0.35175178200006485;0.4493207409977913;0.6848234832286835;-0.34213337302207947;0.4967142740885417;0.863679309686025;0.024898656954367954;0.4712967872619629;0.8674702048301697;0.05909827056651314;;inclinandose;frontal
5.53;0.47117361426353455;0.48184734582901;-0.48897242546081543;0.5104401707649231;0.48272162675857544;-0.32084012031555176;0.4434148669242859;0.48772209882736206;-0.3059728145599365;0.5152845978736877;0.5857190489768982;-0.2886433005332947;0.44219785928726196;0.5868855714797974;-0.2648199498653412;0.4966607689857483;0.5780678987503052;-0.008727115578949451;0.46354395151138306;0.5811738967895508;0.008767657913267612;0.4995679557323456;0.7175760865211487;-0.0400451123714447;0.4676852226257324;0.7177969217300415;-0.00999092310667038;0.47718116343021394;0.46387432515621185;-0.5058765649795532;0.516667440533638;0.6952471435070038;-0.35448410362005234;0.4503253996372223;0.6942016184329987;-0.3429607227444649;0.4968275725841522;0.8633314569791158;0.010839541753133139;0.47126057744026184;0.8674646218617758;0.04575124693413576;;inclinandose;frontal
5.57;0.47116395831108093;0.4928073585033417;-0.49638697504997253;0.5103009343147278;0.489248126745224;-0.3220430910587311;0.44313985109329224;0.49944642186164856;-0.3137408494949341;0.5145111680030823;0.5936781764030457;-0.2896403968334198;0.4427284300327301;0.5969802141189575;-0.279613733291626;0.49578455090522766;0.5783874988555908;-0.008660241961479187;0.46329930424690247;0.5808318853378296;0.008694736286997795;0.4995623528957367;0.7165248990058899;-0.03803480044007301;0.46776774525642395;0.7173758149147034;-0.007763643749058247;0.47705083191394804;0.47647148966789243;-0.5128594219684601;0.5161988735198975;0.702544778585434;-0.3547382205724716;0.4517744109034538;0.7052442729473114;-0.3589118421077728;0.49692099293073017;0.862965444723765;0.014218984792629877;0.471257487932841;0.8673898180325826;0.04910609809060892;;inclinandose;frontal
5.6;0.4712844491004944;0.5084499716758728;-0.5105704665184021;0.5097650289535522;0.5009902119636536;-0.3283146619796753;0.4428435266017914;0.508845865726471;-0.3283556401729584;0.5142579078674316;0.6038185954093933;-0.29485994577407837;0.44305354356765747;0.610337495803833;-0.29778140783309937;0.4932940602302551;0.5770013928413391;-0.0076476759277284145;0.46061205863952637;0.5761219263076782;0.007701369468122721;0.4993865191936493;0.7145410776138306;-0.03807230666279793;0.46774157881736755;0.7176223993301392;-0.009166951291263103;0.47707788050174715;0.4919482797384262;-0.5265496104955674;0.516250416636467;0.7119160890579224;-0.36246083676815033;0.4528430923819542;0.7159501761198044;-0.3759191781282425;0.4967929820219676;0.8621224164962769;0.018536147971947987;0.47133031487464905;0.867263674736023;0.04490164419015249;;inclinandose;frontal
5.63;0.4715926945209503;0.5200470685958862;-0.5220667719841003;0.5096323490142822;0.5118911862373352;-0.3352404534816742;0.44292330741882324;0.5170074701309204;-0.3408336937427521;0.513844907283783;0.6152979135513306;-0.30160194635391235;0.4443289637565613;0.6246775984764099;-0.3152567744255066;0.4926912188529968;0.5756062865257263;-0.0062576415948569775;0.4590635597705841;0.5722580552101135;0.006346104666590691;0.4993817210197449;0.7103961706161499;-0.048826590180397034;0.4685874879360199;0.7126500606536865;-0.028724243864417076;0.4774061322212219;0.5042813450098038;-0.537777590751648;0.5162457525730133;0.7195771932601929;-0.3656235709786415;0.4551239535212517;0.7253408133983612;-0.39025380462408066;0.4964628914992015;0.8627290725708008;-0.00384667639931043;0.4713532626628876;0.8671059807141622;0.017648010204235714;;inclinandose;frontal
5.67;0.4717569053173065;0.5331330895423889;-0.49284452199935913;0.509007453918457;0.5195257067680359;-0.3159084916114807;0.44297757744789124;0.5254489183425903;-0.3227291703224182;0.5138610005378723;0.6248109936714172;-0.26098671555519104;0.44491490721702576;0.6311231851577759;-0.28396591544151306;0.4921402335166931;0.5639353394508362;-0.002754551125690341;0.45721182227134705;0.5611211061477661;0.002859602216631174;0.4990166425704956;0.7067312598228455;-0.049754321575164795;0.4685966968536377;0.7093759775161743;-0.030648842453956604;0.47746231257915495;0.5211763799190521;-0.5094167202711105;0.5160088688135147;0.7297907471656799;-0.29794323444366455;0.4559408202767372;0.7340984642505646;-0.37348298728466034;0.49561816453933716;0.8627500931421915;-0.011925722161928812;0.4711645444234212;0.8672091364860535;-0.0036365768561760583;;inclinandose;frontal
5.7;0.4716120958328247;0.5465513467788696;-0.46835947036743164;0.508188009262085;0.532412588596344;-0.30112424492836;0.4429932236671448;0.5328425765037537;-0.30625712871551514;0.51320481300354;0.6350222826004028;-0.22832733392715454;0.44609835743904114;0.6347723603248596;-0.23860587179660797;0.49294140934944153;0.5580406188964844;-0.003805277869105339;0.4565640985965729;0.5525891184806824;0.003963115159422159;0.497575044631958;0.7054411768913269;-0.04697846621274948;0.4677947461605072;0.7087454199790955;-0.016258811578154564;0.4773348271846771;0.5354635655879975;-0.4878155797719955;0.5160479843616486;0.7429287284612656;-0.24739164486527443;0.4559693783521652;0.7409990876913071;-0.2860291674733162;0.4944983720779419;0.8622215588887533;-0.0040062883247931795;0.47089317440986633;0.8669676383336385;0.0183572955429554;;inclinandose;frontal
5.73;0.4716607630252838;0.5616940855979919;-0.45373016595840454;0.5077704787254333;0.54140704870224;-0.29018571972846985;0.44279712438583374;0.5485560894012451;-0.297464519739151;0.5122525095939636;0.6442512273788452;-0.2295783907175064;0.4462961256504059;0.6478673815727234;-0.23412677645683289;0.49086397886276245;0.5651963949203491;-0.0019109761342406273;0.4541514813899994;0.5566523671150208;0.0020556929521262646;0.4960816502571106;0.7066022157669067;-0.06350986659526825;0.46767354011535645;0.7073855996131897;-0.04020320624113083;0.4774072229862213;0.551478099822998;-0.4734084039926529;0.5159368366003036;0.7528091818094254;-0.256979264318943;0.45585017651319504;0.7516093999147415;-0.27948611974716187;0.4944799840450287;0.862969179948171;-0.041229611883560814;0.4707990487416585;0.8674141963322958;-0.026305133011192083;;inclinandose;frontal
5.77;0.47167253494262695;0.5724387764930725;-0.4408921003341675;0.5070623159408569;0.5508743524551392;-0.2865622043609619;0.4426458477973938;0.5558744072914124;-0.28498926758766174;0.5110936760902405;0.6530309915542603;-0.23194970190525055;0.44674521684646606;0.6545379161834717;-0.22964946925640106;0.49066582322120667;0.5654128193855286;-0.003474908648058772;0.4536408483982086;0.558628499507904;0.0036265046801418066;0.49450069665908813;0.707504391670227;-0.05779231712222099;0.46766072511672974;0.7051376104354858;-0.03136390820145607;0.4773970514535904;0.5620103538036346;-0.4596763879060745;0.5159323662519455;0.7609824985265732;-0.2663230672478676;0.45567816495895386;0.7573074102401733;-0.27857422083616257;0.4947528342405955;0.8635877768198649;-0.02870355569757521;0.47083739439646405;0.8678832252820333;-0.0007239518066247305;;inclinandose;frontal
5.8;0.4713955223560333;0.5759599208831787;-0.4356048107147217;0.5065955519676208;0.5578212738037109;-0.28126510977745056;0.4426775276660919;0.5616018176078796;-0.2809506356716156;0.5109375715255737;0.6651093363761902;-0.22452953457832336;0.44672060012817383;0.6610686779022217;-0.22775839269161224;0.4906659424304962;0.5668491721153259;-0.0030765433330088854;0.45382294058799744;0.5617343783378601;0.0032118000090122223;0.49484163522720337;0.7070223689079285;-0.05295203626155853;0.4678072929382324;0.7015525102615356;-0.03177538886666298;0.47683372497558596;0.5693960964679718;-0.4535434752702713;0.515604168176651;0.7690154761075974;-0.25439486280083656;0.455915130674839;0.7618120759725571;-0.27460116893053055;0.4949738184611003;0.8635668754577637;-0.01962411217391491;0.47083601355552673;0.8677627444267273;-0.0069739023844401045;;inclinandose;frontal
5.83;0.47133901715278625;0.5828917622566223;-0.44363632798194885;0.5067456364631653;0.5615242719650269;-0.28452321887016296;0.4429612159729004;0.5676890015602112;-0.28145307302474976;0.5112130641937256;0.6737087368965149;-0.22936522960662842;0.44682055711746216;0.669702410697937;-0.22409656643867493;0.49083828926086426;0.558150589466095;-0.003103862050920725;0.45426779985427856;0.5585814714431763;0.0032749285455793142;0.4950575828552246;0.7066084742546082;-0.06564592570066452;0.46760261058807373;0.6958109140396118;-0.04765809699892998;0.47663862705230714;0.5767802298069;-0.4610214024782181;0.515360027551651;0.7765340507030487;-0.2552562989294529;0.45619747042655945;0.7708317041397095;-0.26954206079244614;0.49499642848968506;0.8633093039194742;-0.03433914614530901;0.47092602650324505;0.8674916823705038;-0.020431469194591045;;inclinandose;frontal
5.87;0.47111472487449646;0.5869046449661255;-0.4944918751716614;0.5068512558937073;0.5665292739868164;-0.32891014218330383;0.44300249218940735;0.5730888247489929;-0.31872352957725525;0.5114076733589172;0.6768682599067688;-0.27157604694366455;0.4467458128929138;0.6744605898857117;-0.2566406726837158;0.4922618865966797;0.5548922419548035;-0.003123706206679344;0.4544985890388489;0.5531266331672668;0.0033069190103560686;0.4940280318260193;0.7020100951194763;-0.05930011719465256;0.4658268690109253;0.694561243057251;-0.04679641127586365;0.476046621799469;0.5823228538036347;-0.5149272739887237;0.5152403861284256;0.7802866846323013;-0.2938742935657501;0.4565352499485016;0.7785592079162598;-0.2984279543161392;0.49607433875401813;0.8635623653729757;-0.02591219327102105;0.4707532326380412;0.8662083546320597;-0.005580762401223183;;inclinandose;frontal
5.9;0.47111383080482483;0.5890458822250366;-0.501106321811676;0.5068548917770386;0.5709502100944519;-0.3331095576286316;0.44370076060295105;0.5712473392486572;-0.32430630922317505;0.5113738179206848;0.6774762272834778;-0.27995163202285767;0.44654175639152527;0.6739498376846313;-0.2658921182155609;0.49282076954841614;0.5566146969795227;-0.0025324916932731867;0.4543451964855194;0.555596649646759;0.0027354019694030285;0.4929281175136566;0.7022996544837952;-0.05761494114995003;0.464709997177124;0.6928149461746216;-0.04885454848408699;0.47586185932159425;0.5845070898532867;-0.520849347114563;0.514492928981781;0.7853140830993652;-0.30673588067293167;0.45651915669441223;0.7821075171232224;-0.3090778589248657;0.49536604682604474;0.864297091960907;-0.011963548759619394;0.47098682324091595;0.8648863037427267;-0.0006712451577186584;;inclinandose;frontal
5.93;0.4711182415485382;0.5939270257949829;-0.48711714148521423;0.5067906379699707;0.5764736533164978;-0.3200608491897583;0.4444213807582855;0.5705060958862305;-0.31331613659858704;0.5111755132675171;0.6784261465072632;-0.2733898460865021;0.44577106833457947;0.6723009347915649;-0.2514859437942505;0.4922471046447754;0.5573624968528748;-0.0019190618768334389;0.45377117395401;0.5569843649864197;0.0021124810446053743;0.4919566810131073;0.7015898823738098;-0.05574091896414757;0.4620134234428406;0.6930705904960632;-0.050170741975307465;0.47581757605075836;0.589111202955246;-0.5062350362539292;0.5142955183982849;0.7870759963989258;-0.2722480222582817;0.45645032078027725;0.7845342308282852;-0.2849091365933418;0.49410102764765423;0.8646071553230286;-0.01419750228524208;0.47078363100687665;0.8641835649808248;-0.005533698325355847;;inclinandose;frontal
5.97;0.47116121649742126;0.5926830172538757;-0.4839513897895813;0.5061799883842468;0.5764736533164978;-0.32011836767196655;0.4449956715106964;0.5710664987564087;-0.30961909890174866;0.5111262202262878;0.6796046495437622;-0.26603782176971436;0.4458055794239044;0.6715790033340454;-0.24997174739837646;0.4922292232513428;0.558419942855835;-0.0020617262925952673;0.45389384031295776;0.557931661605835;0.002246241318061948;0.492289662361145;0.7017784714698792;-0.05595343932509422;0.46237993240356445;0.691405713558197;-0.05107683688402176;0.4757129907608032;0.588812506198883;-0.5032851219177246;0.5141153484582901;0.7868631184101105;-0.2742815613746643;0.45637301355600357;0.7849271297454834;-0.2871025875210762;0.4931825300057729;0.864642600218455;-0.014174204940597216;0.4707884689172109;0.8638161818186442;-0.0045813508331775665;;inclinandose;frontal
6.0;0.47108542919158936;0.5895583033561707;-0.495097815990448;0.5058724880218506;0.5746467709541321;-0.3327464759349823;0.44509729743003845;0.5682957768440247;-0.31653815507888794;0.5110920667648315;0.6772543787956238;-0.28746095299720764;0.4464036226272583;0.6687086820602417;-0.26072269678115845;0.4932980537414551;0.5582844018936157;-0.004498016554862261;0.4549420475959778;0.5583544373512268;0.004706559237092733;0.492526113986969;0.7010494470596313;-0.051670629531145096;0.46247512102127075;0.6906468272209167;-0.03714022412896156;0.4753828436136246;0.5856884002685547;-0.5143803983926774;0.513952761888504;0.7845874726772308;-0.3167007341980934;0.4563179314136505;0.7845660895109177;-0.30946098268032074;0.49343623717625934;0.8627453049023946;0.004355023304621379;0.4708971480528514;0.8635251522064209;0.02260655164718628;;inclinandose;frontal
6.03;0.4702901244163513;0.5868534445762634;-0.4972447454929352;0.504157304763794;0.5685879588127136;-0.3314347267150879;0.44519510865211487;0.5653727054595947;-0.31664344668388367;0.5114879012107849;0.6718996167182922;-0.287822961807251;0.4468452036380768;0.6701354384422302;-0.2672812342643738;0.4939122200012207;0.5575357675552368;-0.004936593119055033;0.4554896056652069;0.5586894154548645;0.005145595874637365;0.4925861656665802;0.6980005502700806;-0.058524083346128464;0.4644744396209717;0.6913397312164307;-0.048831287771463394;0.47447038888931276;0.5812867403030395;-0.5156705349683761;0.513656958937645;0.7808255404233932;-0.32024943083524704;0.45614856481552124;0.7817506045103073;-0.3230591341853142;0.4947543243567149;0.8610989252726237;-0.010320721194148064;0.4717281262079875;0.8643969297409058;-0.006035821512341499;;inclinandose;frontal
6.07;0.4702382981777191;0.5829114317893982;-0.4952508509159088;0.503395676612854;0.5674436688423157;-0.3310212790966034;0.444988876581192;0.5643250346183777;-0.31487956643104553;0.5114615559577942;0.6669942140579224;-0.2789807915687561;0.44690239429473877;0.667384922504425;-0.26446089148521423;0.4934796392917633;0.5581377744674683;-0.005215343553572893;0.45550015568733215;0.5587887167930603;0.0054016271606087685;0.49268588423728943;0.698074221611023;-0.05747002363204956;0.4645231068134308;0.6982471346855164;-0.030904415994882584;0.4744442790746689;0.5767802596092224;-0.5143328428268432;0.513267457485199;0.7777563184499741;-0.30984725058078766;0.45612940937280655;0.7784632593393326;-0.32089710980653763;0.4954484204451243;0.8597536087036133;0.0034934356808662415;0.4717262287934621;0.865523099899292;0.020130343735218048;;inclinandose;frontal
6.1;0.4699142277240753;0.580988883972168;-0.49166199564933777;0.5035980939865112;0.5669763684272766;-0.32754987478256226;0.44436222314834595;0.5640464425086975;-0.3145187199115753;0.5116141438484192;0.6664716005325317;-0.2741575837135315;0.4468887150287628;0.6665216088294983;-0.2682904005050659;0.4918852150440216;0.5589316487312317;-0.005817469209432602;0.4548795521259308;0.5590196847915649;0.005977586377412081;0.49277767539024353;0.6975789666175842;-0.05003446340560913;0.4648979604244232;0.6982505321502686;-0.016624514013528824;0.4744637221097946;0.5754505038261414;-0.5110065519809723;0.5132788717746735;0.7771822810173035;-0.30862122029066086;0.45590638369321823;0.7769903689622879;-0.3253248557448387;0.496438870827357;0.8592310746510824;0.0014679258068402608;0.4714920024077098;0.8658268451690674;0.02776069442431132;;inclinandose;frontal
6.13;0.4698888063430786;0.5749623775482178;-0.4532428979873657;0.5037163496017456;0.5533944368362427;-0.28968995809555054;0.44394177198410034;0.5530287027359009;-0.2958536446094513;0.5111832022666931;0.6560998558998108;-0.22915329039096832;0.446865975856781;0.6542632579803467;-0.24712911248207092;0.4907333552837372;0.5620949864387512;-0.0036568129435181618;0.45392024517059326;0.5591984987258911;0.003776762867346406;0.49280649423599243;0.6972894668579102;-0.060917071998119354;0.46508315205574036;0.6981183290481567;-0.019885558634996414;0.47453402578830717;0.566383820772171;-0.4717515826225281;0.5133112370967865;0.7617516666650772;-0.2560347206890583;0.4554818719625473;0.7664106339216232;-0.29651035368442535;0.4965471029281616;0.858601987361908;-0.036988272021214165;0.47139061490694684;0.8659997781117758;-0.010384845236937204;;inclinandose;frontal
6.17;0.4699020981788635;0.5609347224235535;-0.45033907890319824;0.5038179159164429;0.5416603684425354;-0.292856365442276;0.44380834698677063;0.5433179140090942;-0.2970157265663147;0.5108038187026978;0.6454448699951172;-0.24227717518806458;0.4469718337059021;0.6457965970039368;-0.24862217903137207;0.49024540185928345;0.5685812830924988;-0.0037118990439921618;0.45396360754966736;0.5641877055168152;0.00381387653760612;0.4931926429271698;0.7014857530593872;-0.060697656124830246;0.4650997221469879;0.7019546031951904;-0.017208458855748177;0.47462487816810606;0.5490312337875366;-0.4680706113576889;0.5130390524864197;0.7488518059253693;-0.2740214318037033;0.45501571148633957;0.7569526433944702;-0.29877225309610367;0.49507253368695575;0.8580916325251261;-0.027116436200837295;0.4712141255537669;0.8655900756518046;-0.0023421291261911392;;inclinandose;frontal
6.2;0.4691234827041626;0.5452725291252136;-0.4561973512172699;0.5038750171661377;0.528830885887146;-0.2950153946876526;0.4424957036972046;0.5362560153007507;-0.2985019385814667;0.5107821822166443;0.6305190324783325;-0.24629664421081543;0.44672441482543945;0.639216959476471;-0.25509336590766907;0.4892754852771759;0.5761978626251221;-0.003734896657988429;0.45374542474746704;0.5708306431770325;0.003834376111626625;0.4936439096927643;0.7092147469520569;-0.04979347810149193;0.46473750472068787;0.7078186869621277;-0.017307983711361885;0.47417705655097964;0.530786681175232;-0.4731115520000458;0.5129838287830353;0.7332878559827805;-0.2799593582749367;0.4545222669839859;0.7449465692043304;-0.30598532408475876;0.4945252339045207;0.8594957788785299;-0.015075122316678366;0.4710026780764262;0.865275502204895;0.00675031046072642;;inclinandose;frontal
6.23;0.4684021770954132;0.5260867476463318;-0.47217491269111633;0.503420352935791;0.513571560382843;-0.31206268072128296;0.44098323583602905;0.5205894708633423;-0.3169398903846741;0.5100629329681396;0.6154162883758545;-0.2831308841705322;0.44456255435943604;0.6189783215522766;-0.2911291718482971;0.48827898502349854;0.5832275748252869;-0.003927587531507015;0.4537912905216217;0.5813265442848206;0.004003739450126886;0.4940285086631775;0.7137817144393921;-0.03705131262540817;0.46460312604904175;0.7131813168525696;-0.005558130331337452;0.4738034725189209;0.5102574914693833;-0.4872793316841125;0.5125840455293655;0.7239610105752945;-0.3352697119116783;0.4529932215809822;0.7333631664514542;-0.35092049092054367;0.4938567380110423;0.8596374988555908;0.012869827449321747;0.47065938512484234;0.8654126326243082;0.04474856207768122;;inclinandose;frontal
6.27;0.466532438993454;0.5094424486160278;-0.47997140884399414;0.5032864212989807;0.501370370388031;-0.31800222396850586;0.43929430842399597;0.511011004447937;-0.3145427107810974;0.5093436241149902;0.6029240489006042;-0.29396262764930725;0.4418070912361145;0.6129446625709534;-0.2868276834487915;0.48840299248695374;0.5805864334106445;-0.004131762310862541;0.4541732370853424;0.5807045698165894;0.004201123490929604;0.49236053228378296;0.7124907970428467;-0.041237253695726395;0.4649239778518677;0.7113357186317444;-0.013516251929104328;0.4722771763801575;0.4903718441724777;-0.49568362534046173;0.5111749470233917;0.7098446488380432;-0.3527967259287834;0.45124366134405136;0.7227754890918732;-0.35511935502290726;0.4938126305739085;0.8584181865056356;0.015875905752182007;0.4702245096365611;0.8631482521692911;0.03858595776061217;;inclinandose;frontal
6.3;0.4649978578090668;0.4914728105068207;-0.4795268774032593;0.5031903386116028;0.48878756165504456;-0.31907790899276733;0.4378727674484253;0.5017533898353577;-0.31433069705963135;0.5093544125556946;0.5903847217559814;-0.29608461260795593;0.43824130296707153;0.6029783487319946;-0.28170686960220337;0.48854726552963257;0.5808059573173523;-0.004241218324750662;0.4547613561153412;0.5818983912467957;0.004314512014389038;0.49163326621055603;0.7114614248275757;-0.04179886728525162;0.4650516211986542;0.7119108438491821;-0.030461469665169716;0.47046199440956116;0.4723393887281418;-0.49621206521987915;0.5095594972372055;0.6950249075889587;-0.3587815389037132;0.45076871663331985;0.7076738774776459;-0.35361795127391815;0.494039644797643;0.8575980464617411;0.021561166892449062;0.47013574838638306;0.8617910146713257;0.03725538651148478;;inclinandose;frontal
6.33;0.4644891619682312;0.47410914301872253;-0.4770800471305847;0.5032148361206055;0.4764429032802582;-0.31893855333328247;0.4370826780796051;0.48488056659698486;-0.30629435181617737;0.5094097256660461;0.5820146799087524;-0.2964484691619873;0.43571555614471436;0.5865331292152405;-0.2791026830673218;0.4889059364795685;0.5806357264518738;-0.005392306949943304;0.4555010497570038;0.5839816331863403;0.005468267947435379;0.49383386969566345;0.7162396907806396;-0.025976721197366714;0.4650593101978302;0.7133787870407104;-0.00909721851348877;0.4697776436805725;0.45552095770835876;-0.49414874613285065;0.5074369460344315;0.6841454952955246;-0.359183669090271;0.44914427399635315;0.6914961934089661;-0.34366026520729065;0.4941706955432892;0.8570901950200399;0.04750728917618593;0.46987220644950867;0.860964854558309;0.07546568941324949;;inclinandose;frontal
6.37;0.46417236328125;0.45803534984588623;-0.47019079327583313;0.5031430721282959;0.46522438526153564;-0.31234994530677795;0.4354332685470581;0.4732329249382019;-0.29682713747024536;0.5098353624343872;0.5685732364654541;-0.28931307792663574;0.4348560869693756;0.5764720439910889;-0.2700138986110687;0.4897727966308594;0.5803792476654053;-0.0056662485003471375;0.4562048316001892;0.5846235752105713;0.005730648059397936;0.4943974018096924;0.7153664231300354;-0.020115654915571213;0.4647561311721802;0.7131712436676025;-0.009413905441761017;0.46942601501941683;0.4372229725122452;-0.4860060900449753;0.5056256800889969;0.6706358343362808;-0.3618285581469536;0.4481765329837799;0.6820417493581772;-0.3452843278646469;0.4938671092192332;0.8567710518836975;0.06092160645251473;0.4694933493932088;0.860436201095581;0.07851928689827521;;inclinandose;frontal
6.4;0.46402379870414734;0.4406256377696991;-0.4511367976665497;0.5028182864189148;0.4505663216114044;-0.2932834327220917;0.4354041814804077;0.46109551191329956;-0.28369495272636414;0.5106236338615417;0.5519143342971802;-0.2748605012893677;0.43349727988243103;0.5634792447090149;-0.2560684382915497;0.4906947612762451;0.5797873139381409;-0.005990722216665745;0.45661282539367676;0.5838443636894226;0.006037249229848385;0.4946288764476776;0.7146344780921936;-0.02533283829689026;0.46415793895721436;0.7125051021575928;-0.009868253953754902;0.46939934492111207;0.419168558716774;-0.4646441459655762;0.5053016990423203;0.6566479504108429;-0.3484923094511032;0.4472048059105873;0.6702383011579514;-0.34268753975629807;0.4940868020057678;0.8564737439155579;0.03704544405142466;0.4691539208094279;0.8600863615671793;0.05708553114285072;;inclinandose;frontal
6.43;0.4638066589832306;0.42236247658729553;-0.4208190143108368;0.5027592778205872;0.4415806531906128;-0.2720118463039398;0.43557995557785034;0.45011886954307556;-0.26896902918815613;0.510956883430481;0.5435300469398499;-0.25265127420425415;0.4324221611022949;0.5578133463859558;-0.2456320822238922;0.49138277769088745;0.5794323086738586;-0.004817057400941849;0.45696571469306946;0.5833101868629456;0.004815216176211834;0.4954946041107178;0.7140436768531799;-0.02526857703924179;0.46418851613998413;0.7110329270362854;-0.01792629435658455;0.46905195713043213;0.4010042428970337;-0.4322713702917099;0.504902571439743;0.6484480947256088;-0.3237466663122177;0.44638798385858536;0.6632110625505447;-0.320286326110363;0.49439887205759686;0.8557009299596151;0.03061757981777191;0.46899497509002686;0.8597283562024435;0.049636791460216045;;inclinandose;frontal
6.47;0.46374958753585815;0.4061485230922699;-0.41293391585350037;0.5027788877487183;0.4300912618637085;-0.2664368450641632;0.4355410039424896;0.44159239530563354;-0.2569030821323395;0.5109525918960571;0.5320260524749756;-0.24404115974903107;0.431185781955719;0.5451517105102539;-0.23028087615966797;0.4918711185455322;0.5805866718292236;-0.0070694186724722385;0.45730867981910706;0.5854641795158386;0.00704454630613327;0.495807945728302;0.7147169709205627;-0.02607223391532898;0.46380946040153503;0.7138131856918335;0.01025386806577444;0.4690625071525574;0.3845656841993332;-0.42409977614879607;0.5045165121555328;0.6354993581771851;-0.3189299926161766;0.4456793814897537;0.653261348605156;-0.3067065328359604;0.4947522282600403;0.8558608492215475;0.0332390529414018;0.4689488510290782;0.8602326313654581;0.09166934837897618;;inclinandose;frontal
6.5;0.46385300159454346;0.39169636368751526;-0.3723315894603729;0.5027523636817932;0.42225366830825806;-0.2306947112083435;0.4355090260505676;0.43509796261787415;-0.22658468782901764;0.5109508633613586;0.5237611532211304;-0.19855773448944092;0.4302081763744354;0.5407419204711914;-0.19627054035663605;0.491906076669693;0.5816472768783569;-0.006967868655920029;0.4572582542896271;0.5874260067939758;0.00690807867795229;0.49598485231399536;0.7161734104156494;-0.026930220425128937;0.46368852257728577;0.7181411385536194;0.0032944607082754374;0.46918660700321196;0.37089877426624296;-0.381857430934906;0.5041265040636063;0.6276166588068008;-0.26737161725759506;0.44490133970975876;0.6465637981891632;-0.2668042406439781;0.4950595696767171;0.8568962017695109;0.03400208552678426;0.4689184824625651;0.8613433837890625;0.0733095882460475;;inclinandose;frontal
6.53;0.46395087242126465;0.3802959620952606;-0.36046233773231506;0.5027775764465332;0.41654902696609497;-0.22043025493621826;0.4354943037033081;0.42906758189201355;-0.21374425292015076;0.5111289024353027;0.518998384475708;-0.18758617341518402;0.4301256835460663;0.5356721878051758;-0.18166318535804749;0.49204161763191223;0.5821880102157593;-0.0068105533719062805;0.4572211802005768;0.5884655714035034;0.006721428129822016;0.49597230553627014;0.7168508172035217;-0.027211369946599007;0.4637130796909332;0.7217485308647156;0.006741646211594343;0.4692831993103027;0.3597047358751297;-0.3694192200899124;0.5043759942054749;0.6206190437078476;-0.2611069902777672;0.44447726011276245;0.6410539001226425;-0.2561998702585697;0.4949994484583537;0.8577106793721517;0.048735880913833775;0.4689314266045888;0.8617293238639832;0.08686284410456817;;inclinandose;frontal
6.57;0.46402621269226074;0.3712969422340393;-0.33220693469047546;0.5027921199798584;0.41148898005485535;-0.19460377097129822;0.4356342554092407;0.42264166474342346;-0.18776190280914307;0.511662483215332;0.5121563673019409;-0.1564922034740448;0.42978978157043457;0.5277714133262634;-0.1523590236902237;0.49235016107559204;0.5831512808799744;-0.006768392864614725;0.45720285177230835;0.5891469717025757;0.006700824946165085;0.4959366023540497;0.7184943556785583;-0.010283473879098892;0.463575154542923;0.723258376121521;0.018748631700873375;0.46934846639633176;0.3506402224302292;-0.3403230905532837;0.5046511739492416;0.6152446866035461;-0.23253106325864792;0.4436396285891533;0.6354950666427612;-0.23171942681074142;0.4949846069018046;0.858890434106191;0.072581031670173;0.46890686949094135;0.8619400064150492;0.10644952952861786;;inclinandose;frontal
6.6;0.4645669460296631;0.36611416935920715;-0.31933850049972534;0.5029777884483337;0.40942564606666565;-0.18165013194084167;0.43576866388320923;0.41954943537712097;-0.1746768057346344;0.5122461318969727;0.5085570812225342;-0.14580053091049194;0.42927080392837524;0.5226351618766785;-0.14221498370170593;0.49268603324890137;0.583646833896637;-0.0069161029532551765;0.45718085765838623;0.5890178680419922;0.006850583013147116;0.4959110617637634;0.7193877696990967;-0.007420343812555075;0.4634764790534973;0.723922073841095;0.0252599585801363;0.46974240243434906;0.3445191144943237;-0.3263937830924988;0.5050015449523926;0.6106580644845963;-0.2286425232887268;0.44220851361751556;0.6258756816387177;-0.2269170619547367;0.49488571286201477;0.8596396247545878;0.0758293413867553;0.46903233726819354;0.8623701333999634;0.1121867448091507;;inclinandose;frontal
6.63;0.46481484174728394;0.36165347695350647;-0.30064907670021057;0.5031021237373352;0.40647879242897034;-0.16271622478961945;0.4358276128768921;0.4178723990917206;-0.15779253840446472;0.5127159357070923;0.5032836198806763;-0.12824684381484985;0.42876049876213074;0.5199503302574158;-0.12542757391929626;0.49284279346466064;0.5837544798851013;-0.006935522425919771;0.45704615116119385;0.5887646079063416;0.0068758027628064156;0.49587634205818176;0.719473123550415;-0.006500947754830122;0.46336227655410767;0.7247711420059204;0.024433860555291176;0.46995104253292086;0.33959578573703764;-0.3063016697764397;0.5064550191164017;0.6073342263698578;-0.221886295825243;0.4413718953728676;0.6215168684720993;-0.21494784578680992;0.49488191803296405;0.8604225516319275;0.08089825759331386;0.469179501136144;0.8631956974665324;0.11477891355752945;;inclinandose;frontal
6.67;0.46491602063179016;0.3572564125061035;-0.2659514546394348;0.503189742565155;0.4024859368801117;-0.13175027072429657;0.4363929033279419;0.4146314859390259;-0.13002753257751465;0.513323962688446;0.49973204731941223;-0.0889977365732193;0.4280821681022644;0.5168313384056091;-0.09616421163082123;0.492854505777359;0.5837805867195129;-0.006924554239958525;0.4567756652832031;0.5883819460868835;0.006853602360934019;0.4958779811859131;0.7191728353500366;0.00011263871419942006;0.46313196420669556;0.7242353558540344;0.02234775759279728;0.4700605422258377;0.3357259571552277;-0.2704617351293564;0.507795661687851;0.6052984595298767;-0.17548159137368202;0.44065921753644943;0.6190833896398544;-0.18289855867624283;0.49488523602485657;0.8606810967127482;0.07701907617350419;0.4692542354265849;0.8632307052612305;0.10650034000476201;;inclinandose;frontal
6.7;0.46495577692985535;0.3531613349914551;-0.24209778010845184;0.503337562084198;0.4003142714500427;-0.11345811188220978;0.4369300603866577;0.4136273264884949;-0.10911635309457779;0.5144566893577576;0.49709999561309814;-0.06920798122882843;0.4278658628463745;0.5149608850479126;-0.07372362911701202;0.49288007616996765;0.5837664008140564;-0.0068773794919252396;0.45656752586364746;0.5881429314613342;0.00681183859705925;0.4958858788013458;0.7189275622367859;0.00048297594184987247;0.46290531754493713;0.7238591909408569;0.019615769386291504;0.47011944055557253;0.332370913028717;-0.24572220742702483;0.5095993429422379;0.6035636067390442;-0.15366822481155396;0.43981942534446716;0.6159379482269287;-0.16000996530056;0.49491141239802044;0.8608032663663229;0.07496753397087257;0.46942896644274396;0.8632268110911051;0.10156908755501111;;inclinandose;frontal
6.73;0.4649676978588104;0.35129550099372864;-0.22266414761543274;0.503895103931427;0.3994825780391693;-0.09562008082866669;0.43762680888175964;0.412090003490448;-0.0912168100476265;0.5151007175445557;0.4964655339717865;-0.05010434240102768;0.4278021454811096;0.5132440328598022;-0.0553227961063385;0.49310800433158875;0.5837193131446838;-0.006120004691183567;0.4565040171146393;0.588096559047699;0.006057182792574167;0.4958747625350952;0.7191013693809509;0.00022785966575611383;0.46275952458381653;0.7238894104957581;0.01858142390847206;0.47019305229187014;0.3305062621831894;-0.22575291395187377;0.5114433318376541;0.6019871234893799;-0.13520668633282185;0.4385983496904373;0.612907886505127;-0.14315932989120483;0.4948481818040212;0.8608270883560181;0.0763606255253156;0.4695234000682831;0.8630634744962057;0.09659775719046593;;inclinandose;frontal
6.77;0.4649811387062073;0.35051587224006653;-0.2411346137523651;0.5048103928565979;0.4023541510105133;-0.10825944691896439;0.4384300708770752;0.4110110104084015;-0.10544902086257935;0.5158905386924744;0.49866119027137756;-0.05831068381667137;0.42770346999168396;0.5110440850257874;-0.06790642440319061;0.4932153522968292;0.5835844874382019;-0.005368655081838369;0.4564385414123535;0.587436318397522;0.005293272435665131;0.49586713314056396;0.7189525365829468;0.0017343314830213785;0.4625301659107208;0.7237570881843567;0.01601327396929264;0.47025168538093565;0.32939901649951936;-0.24433324933052064;0.5136105865240097;0.6028469502925873;-0.14124026894569397;0.4376864954829216;0.6108476668596268;-0.15480376407504082;0.4948184092839559;0.8607587019602457;0.08225719196101029;0.4695543150107066;0.8629297216733297;0.09778744851549466;;inclinandose;frontal
6.8;0.46497705578804016;0.3496916890144348;-0.24731628596782684;0.5052996873855591;0.4038447141647339;-0.11580585688352585;0.43889638781547546;0.4115854501724243;-0.11183363199234009;0.5160040855407715;0.5016666054725647;-0.06623046100139618;0.427869975566864;0.5100200176239014;-0.07290519028902054;0.49334126710891724;0.5835221409797668;-0.004899279214441776;0.45641857385635376;0.5868759155273438;0.004815198946744204;0.4958595633506775;0.7188780307769775;0.0017947027226909995;0.4623483121395111;0.7236678600311279;0.014855732209980488;0.4702851504087448;0.3287526696920395;-0.25046885311603545;0.5156290829181671;0.6030837446451187;-0.14540160819888115;0.43710966408252716;0.6109193414449692;-0.15638133138418198;0.4948182205359141;0.859202245871226;0.08785851796468098;0.46958569685618085;0.8627861936887106;0.09879487380385399;;vertical;frontal
6.83;0.46505776047706604;0.3492738902568817;-0.2662917375564575;0.5058945417404175;0.40385282039642334;-0.13345469534397125;0.4394592344760895;0.41161543130874634;-0.126611590385437;0.5164474844932556;0.5037254691123962;-0.08472736179828644;0.42799705266952515;0.5095432996749878;-0.08403486013412476;0.49347010254859924;0.5829179286956787;-0.00477281678467989;0.4563922584056854;0.585639238357544;0.004682937171310186;0.49574989080429077;0.7172455191612244;0.0018060903530567884;0.4622623920440674;0.7235116362571716;0.01440395973622799;0.47040548324584963;0.328154993057251;-0.2703712463378906;0.5176789164543152;0.6048180013895035;-0.16158941015601158;0.43616964668035507;0.6115466356277466;-0.16362740471959114;0.49480631947517395;0.8580926855405172;0.0882868121067683;0.4696275194485982;0.8624926209449768;0.10212290287017822;;vertical;frontal
6.87;0.4651433825492859;0.34865811467170715;-0.27736037969589233;0.5061109066009521;0.40372565388679504;-0.14243236184120178;0.43991759419441223;0.412214070558548;-0.1365555226802826;0.5169658064842224;0.5050005912780762;-0.09737730771303177;0.42844337224960327;0.509885311126709;-0.09419107437133789;0.4935815930366516;0.5815975666046143;-0.004611308686435223;0.4563799202442169;0.5835978984832764;0.004512755665928125;0.4957188665866852;0.7160466909408569;0.0006568144890479743;0.46222683787345886;0.7231461405754089;0.013947086408734322;0.470517760515213;0.32774094939231874;-0.2821697637438774;0.5196530818939209;0.6071423888206482;-0.17492740973830223;0.43540915846824646;0.6115664541721344;-0.1724519431591034;0.49474236369132996;0.8579642176628113;0.0843254408488671;0.4696504871050517;0.8621506293614706;0.10232649867733319;;vertical;frontal
6.9;0.46548184752464294;0.34876543283462524;-0.26597997546195984;0.5062188506126404;0.4041782021522522;-0.12986858189105988;0.44061553478240967;0.41169026494026184;-0.12872079014778137;0.5174810886383057;0.5058500170707703;-0.08131108433008194;0.42951101064682007;0.5101144909858704;-0.08805380761623383;0.4936821460723877;0.5813212990760803;-0.004013382829725742;0.4563729763031006;0.583255410194397;0.0039055959787219763;0.4956599771976471;0.7152640223503113;-0.0006892296369187534;0.4622093439102173;0.7230514883995056;0.013708246871829033;0.470809206366539;0.32812648415565493;-0.2691267728805542;0.5221337676048279;0.6083668023347855;-0.1618325375020504;0.43509311228990555;0.6119019687175751;-0.16870978847146034;0.49471453825632733;0.8580654263496399;0.0835300162434578;0.4696643054485321;0.8618817528088888;0.10091464594006538;;vertical;frontal
6.93;0.466098427772522;0.3488434851169586;-0.2507859766483307;0.5063977241516113;0.40398213267326355;-0.11652429401874542;0.4412788450717926;0.4105778932571411;-0.11778457462787628;0.517616331577301;0.5051966905593872;-0.06720227003097534;0.4304572343826294;0.508929967880249;-0.0789472907781601;0.493877649307251;0.581065833568573;-0.003562262048944831;0.45643872022628784;0.5829607844352722;0.003456655191257596;0.49556222558021545;0.7145679593086243;0.0007535641198046505;0.4622111916542053;0.7230296730995178;0.01270862203091383;0.4712670832872391;0.32823164463043214;-0.2537049025297165;0.523472473025322;0.6068911105394363;-0.14919226244091988;0.43464991450309753;0.6117250919342041;-0.16108886897563934;0.49468429883321124;0.8581950664520264;0.08169071624676387;0.46966960032780963;0.861820379892985;0.09582344442605972;;vertical;frontal
6.97;0.4664914608001709;0.3488747477531433;-0.24974209070205688;0.5067940354347229;0.40407276153564453;-0.11624939739704132;0.4417836666107178;0.40995949506759644;-0.11594098806381226;0.5179911255836487;0.5056823492050171;-0.06724555790424347;0.4311774671077728;0.508760392665863;-0.07642022520303726;0.49398598074913025;0.5809297561645508;-0.0035774933639913797;0.4565097391605377;0.582760751247406;0.00347508885897696;0.49526646733283997;0.7141174674034119;0.004045083653181791;0.46222785115242004;0.7228303551673889;0.012038205750286579;0.4716253072023392;0.3283569097518921;-0.25276680290699005;0.5239903330802917;0.6063297390937805;-0.14701342955231667;0.4346357136964798;0.6120501607656479;-0.15825820714235306;0.49458789825439453;0.8583003481229147;0.07877410917232434;0.4696674942970276;0.8619087338447571;0.08917096940179665;;vertical;frontal
7.0;0.46684613823890686;0.3486178517341614;-0.24248765408992767;0.5072463154792786;0.4045543968677521;-0.11076178401708603;0.4420234262943268;0.40976202487945557;-0.11155562847852707;0.5180999040603638;0.5059050917625427;-0.06198665499687195;0.4315726161003113;0.5090181231498718;-0.07312050461769104;0.4941014349460602;0.580950915813446;-0.0033328915014863014;0.45658954977989197;0.5828009843826294;0.003235199023038149;0.4951980412006378;0.7141273617744446;0.007428267039358616;0.4622543156147003;0.7227676510810852;0.011317222379148006;0.4720089018344879;0.3280742704868317;-0.24505210369825364;0.5238342136144638;0.6064975410699844;-0.14189173467457294;0.4344302639365196;0.6129468828439713;-0.1546928845345974;0.4945104122161865;0.8587539792060852;0.07925535769512256;0.4696645339330037;0.8620739976565043;0.0886641809095939;;vertical;frontal
7.03;0.46723297238349915;0.34806522727012634;-0.24101509153842926;0.5077109336853027;0.40481647849082947;-0.11119614541530609;0.4422762095928192;0.40940386056900024;-0.11269868910312653;0.5180742144584656;0.5061841011047363;-0.06150949373841286;0.4318494498729706;0.5095017552375793;-0.0748608335852623;0.4943332076072693;0.5813461542129517;-0.003281772369518876;0.45686081051826477;0.5830847024917603;0.003182467073202133;0.4951947331428528;0.7153068780899048;0.01227138377726078;0.46240049600601196;0.7235444188117981;0.014924803748726845;0.4723780333995819;0.32738488614559175;-0.2435629040002823;0.523480549454689;0.6065573394298553;-0.13813738338649273;0.43460116535425186;0.6136433631181717;-0.1534910574555397;0.4944881796836853;0.8593594431877136;0.08699978267153104;0.46964646379152936;0.8624276320139567;0.09902384132146835;;vertical;frontal
7.07;0.4675102233886719;0.34783536195755005;-0.24004170298576355;0.508187472820282;0.4050883650779724;-0.11274997144937515;0.44258710741996765;0.40918809175491333;-0.11332805454730988;0.5180203318595886;0.5062296390533447;-0.06422252953052521;0.43223872780799866;0.5095165967941284;-0.07622231543064117;0.4944407045841217;0.5816782712936401;-0.0032867148984223604;0.45700839161872864;0.5834066867828369;0.003188740462064743;0.4952177405357361;0.7159193754196167;0.012878899462521076;0.46255603432655334;0.7242569327354431;0.0180363692343235;0.47265861332416537;0.3271764248609543;-0.2426823392510414;0.5229194760322571;0.6068207025527954;-0.13951961509883404;0.4347781091928482;0.6139005124568939;-0.15358740836381912;0.4944973289966583;0.8597094019254049;0.08884857843319575;0.46960938970247906;0.8625672856966654;0.10515138134360313;;vertical;frontal
7.1;0.4677073657512665;0.3478757441043854;-0.23965056240558624;0.5085715651512146;0.4052596390247345;-0.11271151155233383;0.4428665339946747;0.4091230630874634;-0.1136808842420578;0.5179791450500488;0.5064576864242554;-0.06311484426259995;0.4329991638660431;0.5095244646072388;-0.07643494755029678;0.4945167899131775;0.5816670060157776;-0.003305294318124652;0.4571349024772644;0.5834082365036011;0.0032051224261522293;0.4952200651168823;0.7166452407836914;0.014601257629692554;0.462611585855484;0.7243290543556213;0.01905868388712406;0.47289191782474516;0.3272086799144745;-0.2425311967730522;0.5227836966514587;0.6069827973842621;-0.13841926865279675;0.43492332100868225;0.6140656173229218;-0.15436317026615143;0.494507630666097;0.8604236443837484;0.08745584326485793;0.4695635338624318;0.8627760608990988;0.10305712620417277;;vertical;frontal
7.13;0.4679934084415436;0.3479643762111664;-0.22448191046714783;0.5089201331138611;0.4047284424304962;-0.10048112273216248;0.4431576728820801;0.4092714190483093;-0.0984395369887352;0.5179535746574402;0.5054370760917664;-0.05038551986217499;0.43393078446388245;0.5096572637557983;-0.05934525281190872;0.4947925806045532;0.5816390514373779;-0.003471509087830782;0.45739492774009705;0.5833051800727844;0.003378474386408925;0.49526751041412354;0.7171246409416199;0.01312990952283144;0.4627040922641754;0.7242798209190369;0.018215296790003777;0.4731942921876907;0.3272782176733017;-0.22721588611602783;0.5221304446458817;0.6068450808525085;-0.12737962789833546;0.43524888902902603;0.6144829988479614;-0.14036115631461143;0.4946525990962982;0.8606977661450704;0.08178121720751126;0.4695059259732564;0.862817625204722;0.0968080423772335;;vertical;frontal
7.17;0.46830034255981445;0.34782108664512634;-0.22231163084506989;0.5090847611427307;0.40423962473869324;-0.09944000095129013;0.44357699155807495;0.4093823730945587;-0.09567758440971375;0.5179375410079956;0.5046990513801575;-0.04980577155947685;0.43530306220054626;0.5098587870597839;-0.05556868761777878;0.4949199855327606;0.5816186666488647;-0.00387991638854146;0.4576277732849121;0.5829736590385437;0.0037956093437969685;0.4952954947948456;0.7175416946411133;0.012008813209831715;0.46272334456443787;0.7241948246955872;0.01755978725850582;0.4734851896762848;0.3271187484264374;-0.22508375644683837;0.5209921449422836;0.6069058179855347;-0.12614706158638;0.4358285367488861;0.614876389503479;-0.13653495535254478;0.4948141276836395;0.8607927958170573;0.07744417898356915;0.46943505605061847;0.8628145853678385;0.09462296590209007;;vertical;frontal
7.2;0.4685046374797821;0.34781649708747864;-0.228132426738739;0.5094116926193237;0.4041234850883484;-0.1051851138472557;0.4439452588558197;0.40951108932495117;-0.09996415674686432;0.5179260969161987;0.5043556690216064;-0.05636236444115639;0.43613243103027344;0.510010302066803;-0.05928395688533783;0.49508339166641235;0.5816782712936401;-0.004401892889291048;0.45788830518722534;0.5829169750213623;0.004323182161897421;0.4955066442489624;0.7179643511772156;0.011335138231515884;0.4627320170402527;0.7241575121879578;0.01856113038957119;0.47371791303157806;0.3271074712276459;-0.23117298632860184;0.5198323130607605;0.607412725687027;-0.13131326250731945;0.4368269369006157;0.6154305040836334;-0.13872103579342365;0.49495673179626465;0.860844095547994;0.07688643193493287;0.46940754850705463;0.8627679944038391;0.09520483389496803;;vertical;frontal
7.23;0.4686105251312256;0.3477848768234253;-0.23188094794750214;0.5098065137863159;0.4041948914527893;-0.10804300755262375;0.44428786635398865;0.409505158662796;-0.10297215729951859;0.5178999304771423;0.5044173002243042;-0.059487175196409225;0.43672168254852295;0.5101131200790405;-0.06274085491895676;0.4953514337539673;0.5816744565963745;-0.004772666376084089;0.458198219537735;0.5827776789665222;0.0046973577700555325;0.49568304419517517;0.7179563045501709;0.01122833602130413;0.46273505687713623;0.7240363359451294;0.018662281334400177;0.4738665521144867;0.3270528733730316;-0.23510104268789292;0.5186206102371216;0.6080771386623383;-0.13446750864386559;0.43784716725349426;0.6158285439014435;-0.142377320677042;0.49506741762161255;0.8607519070307413;0.07537543463210265;0.4694250722726186;0.8627480665842692;0.0950993684430917;;vertical;frontal
7.27;0.4687783122062683;0.3478153347969055;-0.22482077777385712;0.5101425647735596;0.4041861593723297;-0.10385067015886307;0.4445563852787018;0.40949708223342896;-0.09589748829603195;0.5178807973861694;0.5040197968482971;-0.05626291781663895;0.4370628595352173;0.5099973678588867;-0.05596781149506569;0.4956378638744354;0.5817156434059143;-0.0052782646380364895;0.45853331685066223;0.5827732086181641;0.005209987983107567;0.49595919251441956;0.7180372476577759;0.008975565433502197;0.4627365171909332;0.7240272760391235;0.01849990338087082;0.47404069304466245;0.3270370900630951;-0.22805972546339034;0.5181891769170761;0.6081917583942413;-0.13100669719278812;0.43875274807214737;0.6159532815217972;-0.1370355635881424;0.49520909786224365;0.8607670863469442;0.07375060580670834;0.4694843888282776;0.862732728322347;0.09504169722398122;;vertical;frontal
7.3;0.4689032733440399;0.3477610647678375;-0.22173285484313965;0.5103583335876465;0.4041980504989624;-0.10120357573032379;0.4448680877685547;0.4095507264137268;-0.09257319569587708;0.5178619623184204;0.5037314295768738;-0.05404173210263252;0.4371936321258545;0.5100592374801636;-0.05311552435159683;0.495819628238678;0.5817287564277649;-0.0057456521317362785;0.45883357524871826;0.5827295184135437;0.005682160146534443;0.4960296154022217;0.7181969285011292;0.00727513711899519;0.46277564764022827;0.7240040898323059;0.01839626021683216;0.4741624087095261;0.3269244968891144;-0.22462356984615325;0.5181755721569061;0.6082625538110733;-0.1290882434695959;0.439600333571434;0.6160679012537003;-0.1346757411956787;0.4952479302883148;0.8607816298802694;0.07229960678766172;0.4695209860801697;0.8627297679583231;0.09445913136005402;;vertical;frontal
7.33;0.46910619735717773;0.3476967215538025;-0.21371078491210938;0.5104472041130066;0.4038994014263153;-0.09420738369226456;0.4451449513435364;0.4095945954322815;-0.085496686398983;0.5178847908973694;0.5033316016197205;-0.047952473163604736;0.4373834431171417;0.5100820064544678;-0.04778803884983063;0.4961574077606201;0.5817491412162781;-0.006094534415751696;0.4592120349407196;0.5827311873435974;0.006036517210304737;0.49614962935447693;0.7182590365409851;0.004816330969333649;0.4628027677536011;0.7240327000617981;0.018312714993953705;0.4743287831544876;0.3268313199281693;-0.21630023866891862;0.5182837694883347;0.6082283556461334;-0.12530573830008507;0.44042856991291046;0.6161060929298401;-0.1312289983034134;0.49532003204027814;0.8607268532117208;0.07215360396852095;0.46957870324452716;0.8626834551493326;0.09392262374361356;;vertical;frontal
