segundo;landmark_10_x;landmark_10_y;landmark_10_z;landmark_11_x;landmark_11_y;landmark_11_z;landmark_12_x;landmark_12_y;landmark_12_z;landmark_13_x;landmark_13_y;landmark_13_z;landmark_14_x;landmark_14_y;landmark_14_z;landmark_23_x;landmark_23_y;landmark_23_z;landmark_24_x;landmark_24_y;landmark_24_z;landmark_25_x;landmark_25_y;landmark_25_z;landmark_26_x;landmark_26_y;landmark_26_z;cara_prom_x;cara_prom_y;cara_prom_z;mano_izquierda_prom_x;mano_izquierda_prom_y;mano_izquierda_prom_z;mano_derecha_prom_x;mano_derecha_prom_y;mano_derecha_prom_z;pie_izquierdo_prom_x;pie_izquierdo_prom_y;pie_izquierdo_prom_z;pie_derecho_prom_x;pie_derecho_prom_y;pie_derecho_prom_z;;Etiqueta;Vista
0.03;0.5865381956100464;0.33612897992134094;-0.17556132376194;0.617407500743866;0.4027928113937378;-0.06624728441238403;0.5477736592292786;0.3997635841369629;-0.09462299942970276;0.6236225366592407;0.5048112273216248;-0.03205707669258118;0.5451475977897644;0.5070953965187073;-0.08578909933567047;0.6037135720252991;0.5924058556556702;-0.00010098196071339771;0.5665407776832581;0.594265341758728;9,89E+10;0.6009083390235901;0.7327175140380859;0.020425686612725258;0.5630770325660706;0.7281501293182373;0.03170519694685936;0.5894206762313843;0.3174672156572342;-0.1737537920475006;0.5934509038925171;0.5871799886226654;-0.11002361960709095;0.5862772613763809;0.583868533372879;-0.14537613466382027;0.5996508797009786;0.8722246289253235;0.10911344736814499;0.5640774369239807;0.8513915141423544;0.14078514029582342;;vertical;frontal
0.07;0.5866029262542725;0.3359413743019104;-0.1709851324558258;0.6171950697898865;0.40311098098754883;-0.042237281799316406;0.5483156442642212;0.39949503540992737;-0.09101160615682602;0.6226945519447327;0.5046929121017456;-0.016238881275057793;0.5449432730674744;0.5029247999191284;-0.08645171672105789;0.6021967530250549;0.5922154784202576;0.007861511781811714;0.565054714679718;0.5919464826583862;-0.00785423256456852;0.6009357571601868;0.7320744395256042;0.015263421460986137;0.5629448294639587;0.7268782258033752;0.0012613722356036305;0.5894648551940918;0.3172960877418518;-0.1671012334525585;0.5927984118461609;0.5871903896331787;-0.10409848764538765;0.5858434438705444;0.5834121108055115;-0.15233785659074783;0.5996065934499105;0.8744472861289978;0.09445744877060254;0.5635363856951395;0.8567732771237692;0.08874499735732873;;vertical;frontal
0.1;0.5865408182144165;0.33590027689933777;-0.17111589014530182;0.6169469356536865;0.40353745222091675;-0.0422712080180645;0.548459529876709;0.3994768261909485;-0.09135498851537704;0.6219282150268555;0.504709780216217;-0.016040459275245667;0.5447352528572083;0.5019949674606323;-0.0907936692237854;0.6013107895851135;0.5922012329101562;0.01084029208868742;0.5643793940544128;0.5915308594703674;-0.010837892070412636;0.6009564399719238;0.7319579720497131;0.015602071769535542;0.5630624294281006;0.7268909215927124;-0.00046947546070441604;0.5893679320812225;0.3172246962785721;-0.16790782213211058;0.5923454612493515;0.587082639336586;-0.10456446744501591;0.5856640338897705;0.5827840864658356;-0.1588943712413311;0.5995205044746399;0.8747278253237406;0.09773330638806026;0.5635879834493002;0.8589794834454855;0.0916474312543869;;vertical;frontal
0.13;0.5852948427200317;0.33586588501930237;-0.1777508407831192;0.6167781949043274;0.403739333152771;-0.047380439937114716;0.5485914945602417;0.39932215213775635;-0.09203760325908661;0.6214643716812134;0.5047603249549866;-0.01922265626490116;0.5440305471420288;0.5011600255966187;-0.09212043136358261;0.6008293032646179;0.5919302701950073;0.011167499236762524;0.5639291405677795;0.5907779932022095;-0.01117495447397232;0.600979745388031;0.731699526309967;0.015128564089536667;0.5631890892982483;0.7264387607574463;0.0003242631792090833;0.5886327981948852;0.3171044230461121;-0.17479685992002486;0.5919485986232758;0.5870332419872284;-0.1076412033289671;0.5854166895151138;0.5824278146028519;-0.16224153339862823;0.5995546380678812;0.8743958870569865;0.1005581704278787;0.5636242826779684;0.8591213425000509;0.09570414572954178;;vertical;frontal
0.17;0.5841647982597351;0.3358820974826813;-0.1918209195137024;0.6166849136352539;0.40405404567718506;-0.052807439118623734;0.5485706925392151;0.399326890707016;-0.10025876760482788;0.6211342215538025;0.5048693418502808;-0.02781803347170353;0.5432511568069458;0.5011665225028992;-0.0992726981639862;0.6005454659461975;0.5917028188705444;0.011500907130539417;0.5635480284690857;0.5903508067131042;-0.011523335240781307;0.6010103225708008;0.7315415740013123;0.015448539517819881;0.5633846521377563;0.7260850667953491;0.0023662152234464884;0.5878763973712922;0.3169800639152527;-0.1896183893084526;0.5916839092969894;0.586933970451355;-0.12297275848686695;0.585307702422142;0.582390546798706;-0.1710761934518814;0.5996421575546265;0.873904307683309;0.1108989988764127;0.5637296438217163;0.8590712547302246;0.10317352165778478;;vertical;frontal
0.2;0.5833610892295837;0.33616167306900024;-0.20745503902435303;0.6165274381637573;0.4043616056442261;-0.06645230948925018;0.5483351945877075;0.39961472153663635;-0.11600096523761749;0.6208481788635254;0.5048702955245972;-0.04013707861304283;0.5424653887748718;0.5013304948806763;-0.11452499777078629;0.6003819704055786;0.5911543369293213;0.012526596896350384;0.5633139610290527;0.5898535847663879;-0.012556174769997597;0.6009939312934875;0.7314853668212891;0.018140677362680435;0.5635040402412415;0.7259339094161987;0.0021667254623025656;0.5872554659843445;0.31701156198978425;-0.20561740100383757;0.5915720909833908;0.5873769074678421;-0.13582776673138142;0.5850229561328888;0.5834560841321945;-0.18417911976575851;0.5996996363004049;0.8737947344779968;0.11650187894701958;0.5638212164243063;0.8590504129727682;0.1043551613887151;;vertical;frontal
0.23;0.5816681981086731;0.3362997770309448;-0.20635785162448883;0.6164494156837463;0.4046527147293091;-0.07100991904735565;0.5479351282119751;0.3997316062450409;-0.1122465655207634;0.6207751035690308;0.5051890015602112;-0.044736165553331375;0.5410630106925964;0.5014585852622986;-0.10993770509958267;0.5997434854507446;0.5911855101585388;0.011980433948338032;0.5624555349349976;0.5897444486618042;-0.0120110297575593;0.6008374691009521;0.7316185235977173;0.01802542805671692;0.5632065534591675;0.7259374856948853;0.0028331554494798183;0.5861141681671143;0.3169884532690048;-0.20505734235048295;0.5915599763393402;0.5876919478178024;-0.14083956740796566;0.5838123857975006;0.5839254707098007;-0.1830265186727047;0.5997231205304464;0.8737350702285767;0.11697609598437946;0.5636888345082601;0.8588765263557434;0.10634366298715274;;vertical;frontal
0.27;0.5801037549972534;0.33634522557258606;-0.2049695998430252;0.6163705587387085;0.4049651026725769;-0.07199886441230774;0.5474928617477417;0.39978599548339844;-0.1091376543045044;0.6208006739616394;0.5053972601890564;-0.042882099747657776;0.5395168662071228;0.5006386637687683;-0.10579290241003036;0.5994293093681335;0.5911760926246643;0.011653350666165352;0.5621262788772583;0.589441180229187;-0.011677976697683334;0.6006911396980286;0.7315711379051208;0.016261082142591476;0.5627813935279846;0.7258649468421936;0.003907523117959499;0.5849705398082733;0.3169375479221344;-0.20388283729553222;0.5915724486112595;0.5877353698015213;-0.13532192446291447;0.5801698565483093;0.5841135084629059;-0.17987073212862015;0.5997677644093832;0.8737470904986063;0.109682098031044;0.5636061429977417;0.8597824970881144;0.10131363446513812;;vertical;frontal
0.3;0.5789486765861511;0.3363303244113922;-0.19620537757873535;0.6161928176879883;0.4051928222179413;-0.07078191637992859;0.5470631718635559;0.399783194065094;-0.09104247391223907;0.6208217740058899;0.5059332251548767;-0.03735344856977463;0.5381081700325012;0.4992828071117401;-0.08066215366125107;0.5992518663406372;0.5915268063545227;0.007252474315464497;0.5618557333946228;0.5894792079925537;-0.007266567554324865;0.6004711985588074;0.7314351797103882;0.010699907317757607;0.562121570110321;0.7257487773895264;0.005080719944089651;0.5839810907840729;0.3168144166469574;-0.1979475051164627;0.5911644399166107;0.5878726691007614;-0.1195562444627285;0.5756957828998566;0.5840249061584473;-0.16571320220828056;0.599844773610433;0.8738950490951538;0.08722100468973319;0.5634171565373739;0.8626996278762817;0.08899751057227452;;vertical;frontal
0.33;0.5781384706497192;0.33640918135643005;-0.17960377037525177;0.6159268617630005;0.4058130979537964;-0.06495305150747299;0.5463462471961975;0.39979833364486694;-0.07255114614963531;0.6208954453468323;0.5062534809112549;-0.032080914825201035;0.5363764762878418;0.4984952509403229;-0.059442970901727676;0.5988777279853821;0.5929296612739563;0.003431984456256032;0.5609556436538696;0.5896106362342834;-0.003446095623075962;0.6004046201705933;0.7316631078720093;0.008716839365661144;0.5608053207397461;0.7255836129188538;0.005682436749339104;0.58319593667984;0.31680870056152344;-0.17992010042071344;0.5910896807909012;0.5884926319122314;-0.1160060465335846;0.5705078393220901;0.5839138776063919;-0.15070849284529686;0.5999382138252258;0.8738787968953451;0.08783275509874026;0.5632106065750122;0.8637206157048544;0.09341694662968318;;vertical;frontal
0.37;0.5774412751197815;0.3364484906196594;-0.17168663442134857;0.6156745553016663;0.40616169571876526;-0.061749450862407684;0.5458225011825562;0.3998916745185852;-0.06252069771289825;0.6210261583328247;0.5062283873558044;-0.03172054514288902;0.5353302955627441;0.4975944757461548;-0.04825945571064949;0.5985448360443115;0.5940843224525452;0.001048626727424562;0.560511589050293;0.5899320244789124;-0.001078875153325498;0.6003344058990479;0.7316511869430542;0.0034941472113132477;0.55977463722229;0.7255876660346985;0.007725687697529793;0.5825648844242096;0.3168358951807022;-0.17126354649662973;0.5915081053972244;0.5886458903551102;-0.12202279269695282;0.5655618011951447;0.5838111042976379;-0.14423723705112934;0.5998373031616211;0.873120903968811;0.09191332198679447;0.5631361603736877;0.8632122079531351;0.10773639380931854;;vertical;frontal
0.4;0.5762859582901001;0.33652248978614807;-0.17409957945346832;0.6154524087905884;0.40646934509277344;-0.06680325418710709;0.545364260673523;0.400071918964386;-0.06836147606372833;0.6211098432540894;0.5061790347099304;-0.03639726713299751;0.5345919132232666;0.49772629141807556;-0.04997872933745384;0.598434329032898;0.5942239165306091;0.0006786314770579338;0.5601994395256042;0.5901519656181335;-0.0007239787373691797;0.6003367304801941;0.7316516637802124;0.0030065414030104876;0.5594147443771362;0.7256749868392944;0.01151648536324501;0.5817816078662872;0.3168604731559753;-0.17477795407176017;0.5921367406845093;0.5890884846448898;-0.13415911048650742;0.5618042349815369;0.5848230272531509;-0.14637231081724167;0.5998399456342062;0.8726975917816162;0.09919390951593716;0.5630091428756714;0.8625894784927368;0.12124215811491013;;vertical;frontal
0.43;0.5752404928207397;0.3366974890232086;-0.17576834559440613;0.6153654456138611;0.4068664312362671;-0.07070696353912354;0.5450752377510071;0.40028685331344604;-0.06587404012680054;0.6211263537406921;0.5061840415000916;-0.04237055033445358;0.5341750979423523;0.49781230092048645;-0.04509185254573822;0.5979226231575012;0.5945987701416016;-0.0011062893318012357;0.559354305267334;0.5904662013053894;0.0010496502509340644;0.6003283262252808;0.7325639128684998;-0.0008326470851898193;0.5588583946228027;0.7258767485618591;0.018272483721375465;0.5810337781906127;0.31694663166999815;-0.17723407074809075;0.5922920554876328;0.5902122855186462;-0.14439001493155956;0.5573912560939789;0.5862955003976822;-0.14586750604212284;0.599235733350118;0.8713078498840332;0.10058121259013812;0.5626304546991984;0.8618814547856649;0.1361684799194336;;vertical;frontal
0.47;0.5745500326156616;0.33686569333076477;-0.17202405631542206;0.6153233647346497;0.4074804484844208;-0.0701892226934433;0.5450460910797119;0.40037551522254944;-0.04449836537241936;0.6211432814598083;0.5062119364738464;-0.04698783531785011;0.5341074466705322;0.4979206323623657;-0.017369912937283516;0.5973726511001587;0.5966118574142456;-0.008993524126708508;0.5587006211280823;0.5924648642539978;0.008936436846852303;0.5997240543365479;0.7354114055633545;-0.013307309709489346;0.5583602786064148;0.7282679080963135;0.02367411181330681;0.5804325401782989;0.31714557111263275;-0.1730575792491436;0.5924308449029922;0.5910249948501587;-0.15487799420952797;0.5536677986383438;0.5891709476709366;-0.12124055065214634;0.5979050199190775;0.865991453329722;0.12730648865302405;0.5629278818766276;0.8605085213979086;0.16517555713653564;;girando;frontal
0.5;0.5743815302848816;0.3368529975414276;-0.15329264104366302;0.6152472496032715;0.4074704349040985;-0.06682655960321426;0.5453687906265259;0.4004201292991638;-0.02450655959546566;0.6211544871330261;0.506133496761322;-0.04549131169915199;0.5343446135520935;0.49791765213012695;0.0045431931503117085;0.5971304774284363;0.5977055430412292;-0.014737715944647789;0.5588665008544922;0.5930474400520325;0.014672992751002312;0.5994465351104736;0.7357927560806274;-0.022681575268507004;0.5580087304115295;0.7287778854370117;0.021385183557868004;0.5802388787269592;0.3171931982040405;-0.15436779484152793;0.5925992876291275;0.592087984085083;-0.14914491772651672;0.5504399538040161;0.5925015211105347;-0.09777100011706352;0.5975997845331827;0.8666001359621683;0.10478558888037999;0.5629615783691406;0.8591746091842651;0.14690665900707245;;girando;frontal
0.53;0.5742605924606323;0.33687248826026917;-0.1361866593360901;0.6153783202171326;0.4074217677116394;-0.06467223167419434;0.5468363165855408;0.4004044830799103;-0.011263414286077023;0.6211453676223755;0.5067590475082397;-0.04797879606485367;0.5345770120620728;0.49791762232780457;0.018338382244110107;0.5970916748046875;0.599079966545105;-0.018161414191126823;0.5591825842857361;0.59414142370224;0.01810804009437561;0.5983626246452332;0.7356717586517334;-0.021505700424313545;0.5580712556838989;0.7294947504997253;0.02613246813416481;0.5801225125789642;0.3173058062791824;-0.1378413051366806;0.5926617532968521;0.595237135887146;-0.14525649324059486;0.5459019541740417;0.5966907292604446;-0.0772671177983284;0.5983725984891256;0.8693449298540751;0.07741848782946666;0.5629483858744303;0.856763223807017;0.14265844225883484;;girando;frontal
0.57;0.573248028755188;0.33784306049346924;-0.11113854497671127;0.6159200668334961;0.4071097671985626;-0.056920092552900314;0.5485836863517761;0.40038108825683594;0.01531202718615532;0.6211610436439514;0.5072629451751709;-0.04854120314121246;0.5356504917144775;0.4979367256164551;0.04476870968937874;0.5969182252883911;0.599030077457428;-0.02271648868918419;0.5596163868904114;0.5942376255989075;0.022700117900967598;0.597604513168335;0.7356262803077698;-0.03401842340826988;0.5581244230270386;0.7306370139122009;0.038132064044475555;0.5790437221527099;0.31812011897563935;-0.11476750746369362;0.5933849215507507;0.5976937413215637;-0.1433590929955244;0.5434921383857727;0.5999488681554794;-0.04818639950826764;0.599526564280192;0.8738683462142944;0.036285754293203354;0.5629845062891642;0.8564028938611349;0.14520363758007684;;girando;frontal
0.6;0.5721972584724426;0.3380478620529175;-0.10273817926645279;0.6168138980865479;0.4066387712955475;-0.058154065161943436;0.5506622195243835;0.4003438651561737;0.026567604392766953;0.6214468479156494;0.5073203444480896;-0.05700424313545227;0.5377626419067383;0.49760761857032776;0.05797848477959633;0.596817672252655;0.59843510389328;-0.027733268216252327;0.560164213180542;0.5939130187034607;0.027736011892557144;0.5972686409950256;0.7356064915657043;-0.044461917132139206;0.5581820011138916;0.7312396168708801;0.05355142802000046;0.5778180122375488;0.31837218105792997;-0.10830583572387695;0.5947334170341492;0.6002780348062515;-0.14244329929351807;0.5414869636297226;0.6002039313316345;-0.0354211637750268;0.5999062856038412;0.8771814306577047;0.0028447993099689484;0.5634852449099222;0.8554626305898031;0.15453112125396729;;girando;frontal
0.63;0.5718247890472412;0.3373778164386749;-0.11033452302217484;0.6181294918060303;0.406330406665802;-0.06841778010129929;0.552922248840332;0.40032920241355896;0.01844663918018341;0.6220788955688477;0.5073279142379761;-0.06622010469436646;0.5414978861808777;0.49753323197364807;0.05683310702443123;0.5968420505523682;0.5971057415008545;-0.02766159176826477;0.560839056968689;0.5920064449310303;0.027662329375743866;0.5970360040664673;0.7353585362434387;-0.04082237556576729;0.558296263217926;0.7311640977859497;0.05292082205414772;0.5775077104568481;0.3181962758302689;-0.11667961701750755;0.5971084982156754;0.6043855845928192;-0.14343781024217606;0.5413287878036499;0.6005652993917465;-0.0330656033474952;0.5997416178385416;0.8778425256411234;0.011323598523934683;0.5630983114242554;0.8558348019917806;0.15409874667723975;;girando;frontal
0.67;0.5716077089309692;0.33916130661964417;-0.10208501666784286;0.6192021369934082;0.40632739663124084;-0.09211869537830353;0.5573476552963257;0.40032798051834106;0.029497720301151276;0.6226471066474915;0.5088308453559875;-0.08654730021953583;0.5460662841796875;0.4961009919643402;0.07079378515481949;0.5968829989433289;0.5964518189430237;-0.03751775994896889;0.5622224807739258;0.5903215408325195;0.037528570741415024;0.5970938205718994;0.735211968421936;-0.04785900563001633;0.5586169958114624;0.7310460209846497;0.0718567743897438;0.577096575498581;0.3198133409023285;-0.11305252499878407;0.598268449306488;0.6115279048681259;-0.13971841149032116;0.5423216074705124;0.6001670062541962;-0.015096218325197697;0.5996941328048706;0.8789269725481669;-0.015225041657686234;0.5611097812652588;0.8578067421913147;0.16173286736011505;;girando;frontal
0.7;0.5715463161468506;0.3393368124961853;-0.08105958998203278;0.6201633810997009;0.4066115617752075;-0.1006714254617691;0.560491681098938;0.40013253688812256;0.04790089279413223;0.622947633266449;0.5118091106414795;-0.10034067928791046;0.5517846345901489;0.494687020778656;0.09003838896751404;0.5978705286979675;0.5961022973060608;-0.047716397792100906;0.5647396445274353;0.5891367793083191;0.0477433018386364;0.5975066423416138;0.7347095608711243;-0.06575939059257507;0.5606269836425781;0.7277286052703857;0.0937444195151329;0.5764973938465119;0.3201183408498764;-0.09571706019341945;0.599270835518837;0.6171146929264069;-0.13881553895771503;0.5438342541456223;0.5997566431760788;0.006019166437909007;0.5998180905977885;0.8798934817314148;-0.04864174034446478;0.5583627820014954;0.8559855222702026;0.19069857895374298;;girando;frontal
0.73;0.5717310905456543;0.33886072039604187;-0.08055319637060165;0.6203380823135376;0.4069318175315857;-0.12468508630990982;0.5642175674438477;0.4001117944717407;0.05516768991947174;0.6234054565429688;0.5140336155891418;-0.13192084431648254;0.557945728302002;0.49455925822257996;0.10190346837043762;0.5986231565475464;0.5955105423927307;-0.05639662966132164;0.5680504441261292;0.589099645614624;0.05642024427652359;0.597531795501709;0.7338398694992065;-0.0665142610669136;0.5627406239509583;0.7263889908790588;0.10568195581436157;0.5766209959983826;0.3199092477560043;-0.09755237959325314;0.6017094403505325;0.6210981458425522;-0.15995484218001366;0.5453935861587524;0.5995181202888489;0.01932964683510363;0.5995910962422689;0.8800327777862549;-0.046598476047317185;0.5577447215716044;0.8567222555478414;0.19952530165513357;;girando;frontal
0.77;0.5720536708831787;0.3387090563774109;-0.08214046061038971;0.620405375957489;0.407802939414978;-0.13290618360042572;0.5678002834320068;0.400142103433609;0.05834135040640831;0.6234561204910278;0.5158916711807251;-0.14040717482566833;0.5632461905479431;0.4941159784793854;0.10520793497562408;0.6000254154205322;0.595744252204895;-0.05827176198363304;0.5708747506141663;0.5893509387969971;0.058301571756601334;0.5975514650344849;0.7336607575416565;-0.061905574053525925;0.5642687678337097;0.7257478833198547;0.09418010711669922;0.5773623168468476;0.31972981095314024;-0.09967485964298248;0.6033138185739517;0.6246886104345322;-0.160638689994812;0.5488345175981522;0.5994541347026825;0.025807091500610113;0.5991354982058207;0.8793731729189554;-0.023495515032360952;0.5573860009511312;0.8575014670689901;0.18114445606867471;;girando;frontal
0.8;0.5728397965431213;0.3387659788131714;-0.08667461574077606;0.6203023791313171;0.4080878496170044;-0.15240870416164398;0.5718733668327332;0.400110125541687;0.05759674310684204;0.6237075328826904;0.5172675848007202;-0.1635085791349411;0.568928062915802;0.49414730072021484;0.10760843753814697;0.6011959314346313;0.5964164733886719;-0.06172217056155205;0.5746919512748718;0.5900423526763916;0.06174507364630699;0.597500741481781;0.7338550686836243;-0.0573548749089241;0.5669477581977844;0.7258015275001526;0.08430952578783035;0.5782002568244934;0.31972172260284426;-0.10568035375326872;0.6045018434524536;0.6281037032604218;-0.1768491007387638;0.553896114230156;0.5990239977836609;0.031136537436395884;0.598520835240682;0.8795056541760763;-0.010152524958054224;0.5575907429059347;0.8608881235122681;0.1532098427414894;;girando;frontal
0.83;0.5730621218681335;0.338763564825058;-0.09391453862190247;0.6202250719070435;0.40823787450790405;-0.18308240175247192;0.5759496688842773;0.3988317549228668;0.0430326834321022;0.6240678429603577;0.5180789232254028;-0.195384219288826;0.5755751132965088;0.4942716956138611;0.09072963148355484;0.6029313802719116;0.5981754064559937;-0.06249067932367325;0.5773629546165466;0.5913004279136658;0.06253618746995926;0.5979923605918884;0.7342254519462585;-0.057618267834186554;0.5683749318122864;0.7248541712760925;0.1054612547159195;0.5787173330783844;0.31970950961112976;-0.11212109848856926;0.6052017509937286;0.630135640501976;-0.18849429488182068;0.5598640143871307;0.5989029854536057;0.02380366437137127;0.598712146282196;0.8805767695109049;-0.02322024394137164;0.5562074184417725;0.8610277573267618;0.1709864685932795;;girando;frontal
0.87;0.573591411113739;0.3393697440624237;-0.09276802092790604;0.6199784874916077;0.40836524963378906;-0.1971295177936554;0.5814368724822998;0.396925151348114;0.036863259971141815;0.6240605711936951;0.5189493894577026;-0.2104625701904297;0.5848347544670105;0.4955475628376007;0.085372194647789;0.6049557328224182;0.5986173152923584;-0.06276203691959381;0.5810947418212891;0.591543436050415;0.06283148378133774;0.5993913412094116;0.7340978384017944;-0.06343314796686172;0.5705221891403198;0.7229880690574646;0.10994256287813187;0.5793491482734681;0.32012209892272947;-0.11390321478247642;0.6055229753255844;0.6315664201974869;-0.18861708790063858;0.573352575302124;0.5987721979618073;0.012509080115705729;0.5986483295758566;0.8819326758384705;-0.044043138002355896;0.5594851573308309;0.8617396553357443;0.16972730060418448;;girando;frontal
0.9;0.5739686489105225;0.33955544233322144;-0.09079589694738388;0.6195847392082214;0.408014714717865;-0.19971871376037598;0.5859944224357605;0.3969202935695648;0.033931486308574677;0.6240359544754028;0.518877387046814;-0.21310190856456757;0.5902948379516602;0.5004097819328308;0.07991477847099304;0.6056534647941589;0.5985575318336487;-0.06415529549121857;0.5846583247184753;0.5917114019393921;0.06418924778699875;0.600235104560852;0.7304408550262451;-0.060245316475629807;0.5731307864189148;0.7212337255477905;0.1028183177113533;0.5797549962997437;0.32019596099853515;-0.11311673335731029;0.6053877770900726;0.6321042031049728;-0.19402741268277168;0.579722598195076;0.5979198813438416;0.011961602489463985;0.5976003805796305;0.881655196348826;-0.03290661113957564;0.5653478304545084;0.8609204888343811;0.148421972990036;;girando;frontal
0.93;0.5743680000305176;0.34008654952049255;-0.10013550519943237;0.6189890503883362;0.4078091084957123;-0.2187291830778122;0.5899816751480103;0.39724692702293396;0.02422640100121498;0.6231960654258728;0.518598735332489;-0.22934801876544952;0.594835102558136;0.5032182931900024;0.06523698568344116;0.6071234941482544;0.5985046625137329;-0.06693221628665924;0.5882477164268494;0.5916988253593445;0.06692980974912643;0.6010094285011292;0.7298933267593384;-0.051156386733055115;0.5757949948310852;0.7190073728561401;0.11487047374248505;0.5801954150199891;0.32057649195194243;-0.12496667541563511;0.6062251776456833;0.6318548172712326;-0.2046278975903988;0.5851342231035233;0.5976846069097519;0.010644167545251548;0.596777081489563;0.8818536400794983;-0.021601966659848888;0.5686072707176208;0.8581547141075134;0.1668227811654409;;girando;frontal
0.97;0.5745082497596741;0.340853750705719;-0.11149496585130692;0.6175183653831482;0.4077660143375397;-0.22978660464286804;0.5916243195533752;0.4013593792915344;0.018883664160966873;0.6218739151954651;0.5194590091705322;-0.23765085637569427;0.5965060591697693;0.5084055662155151;0.06024215742945671;0.6080530285835266;0.5988829135894775;-0.06933519244194031;0.589405357837677;0.5933951735496521;0.06931330263614655;0.602880597114563;0.7337806820869446;-0.03516223654150963;0.5768697261810303;0.719486653804779;0.14050142467021942;0.580159866809845;0.32085053622722626;-0.13634030148386955;0.6068869680166245;0.6344249695539474;-0.21096956357359886;0.5879519879817963;0.6013249456882477;0.010771861881949008;0.5964683890342712;0.8839220007260641;0.009733255331714949;0.5707961916923523;0.85794997215271;0.21935648719469705;;girando;frontal
1.0;0.5755245089530945;0.34223121404647827;-0.11774381250143051;0.6168621182441711;0.40779590606689453;-0.23508667945861816;0.5950364470481873;0.40569695830345154;0.015109057538211346;0.6197746992111206;0.5192875862121582;-0.2441854625940323;0.5981427431106567;0.512601375579834;0.056813355535268784;0.6084752082824707;0.5989011526107788;-0.07034948468208313;0.5917115211486816;0.5942304134368896;0.07030951976776123;0.6042023301124573;0.7338336706161499;-0.022533971816301346;0.5811536908149719;0.7208892107009888;0.14936253428459167;0.5806968867778778;0.32137119174003603;-0.14213219583034514;0.6076981872320175;0.6348764002323151;-0.2206963375210762;0.5896343886852264;0.6088771671056747;0.00939021457452327;0.5963241259256998;0.8840840061505636;0.03122485646357139;0.5789591868718466;0.8580170671145121;0.23710708816846213;;girando;frontal
1.03;0.5772015452384949;0.34286001324653625;-0.11597776412963867;0.6153022050857544;0.40735119581222534;-0.2333647757768631;0.5991917848587036;0.40823274850845337;0.016466600820422173;0.6177838444709778;0.5188413262367249;-0.24954669177532196;0.601829469203949;0.5150729417800903;0.05479344725608826;0.6083254814147949;0.5989710688591003;-0.0722670629620552;0.597734808921814;0.5950876474380493;0.07220584154129028;0.5996382236480713;0.7341366410255432;-0.002604368608444929;0.5911644101142883;0.7247681021690369;0.14456123113632202;0.5817699730396271;0.32187443375587466;-0.1398804798722267;0.6073572486639023;0.6351401060819626;-0.23479796946048737;0.5952466726303101;0.6185949593782425;0.00813458499033004;0.5952298641204834;0.8830254475275675;0.06819543863336246;0.5928335587183634;0.861303428808848;0.23377409080664316;;girando;frontal
1.07;0.5784982442855835;0.34339144825935364;-0.11030720174312592;0.6119599342346191;0.40683144330978394;-0.231889545917511;0.6053977608680725;0.4085131883621216;0.025220206007361412;0.6125914454460144;0.5187798142433167;-0.24958515167236328;0.6051924228668213;0.5161782503128052;0.056702252477407455;0.6080909371376038;0.598427414894104;-0.07859624922275543;0.6054620742797852;0.595035970211029;0.07851734757423401;0.5977072715759277;0.7330673933029175;-0.015410294756293297;0.595147430896759;0.7251364588737488;0.15159590542316437;0.5827615201473236;0.3220056861639023;-0.13570717573165894;0.6035511642694473;0.6372334361076355;-0.23468302562832832;0.6040097773075104;0.6279782652854919;0.011286664172075689;0.5955669283866882;0.8846426804860433;0.04475905393216332;0.598306139310201;0.8621155023574829;0.23831599950790405;;girando;frontal
1.1;0.5803226232528687;0.3436599671840668;-0.10509122163057327;0.6112428307533264;0.40648823976516724;-0.22840632498264313;0.6078529953956604;0.40798768401145935;0.029912156984210014;0.6104598641395569;0.5186782479286194;-0.24552111327648163;0.6044968366622925;0.5163387656211853;0.058014657348394394;0.6076884865760803;0.5977683663368225;-0.07859334349632263;0.6082237958908081;0.5949987173080444;0.07852103561162949;0.5976030826568604;0.731688916683197;-0.029993243515491486;0.5989777445793152;0.7259014248847961;0.15078012645244598;0.5844433605670929;0.32212032973766325;-0.13117522671818732;0.6012994050979614;0.6378124207258224;-0.2315903604030609;0.6024698168039322;0.6300255507230759;0.01116552040912211;0.5963515837987264;0.8858881990114847;0.010857628037532171;0.602482000986735;0.8657466570536295;0.22719708581765494;;girando;frontal
1.13;0.5822345018386841;0.343688428401947;-0.08556047827005386;0.6089598536491394;0.4058367908000946;-0.21824955940246582;0.614004909992218;0.40760642290115356;0.04787139594554901;0.606208324432373;0.5186117887496948;-0.23209285736083984;0.6094855666160583;0.5179859399795532;0.07406235486268997;0.6074260473251343;0.5973882675170898;-0.0802326500415802;0.6129236221313477;0.5949679017066956;0.08015099167823792;0.5983603000640869;0.7329947352409363;-0.022206751629710197;0.6052967309951782;0.7275144457817078;0.15186342597007751;0.5859676599502563;0.3221858263015747;-0.11018598191440106;0.596882626414299;0.6389036029577255;-0.2119637317955494;0.6061741262674332;0.6326518505811691;0.024956586305052042;0.5971155166625977;0.8883651296297709;0.027504267171025276;0.6077023148536682;0.8682084480921427;0.2399966021378835;;girando;frontal
1.17;0.5841025114059448;0.34382864832878113;-0.0841510072350502;0.6090885996818542;0.40539392828941345;-0.21762827038764954;0.6163485646247864;0.4064415991306305;0.04974764585494995;0.6032760739326477;0.5186476111412048;-0.23391124606132507;0.6090635657310486;0.5170900225639343;0.07956484705209732;0.6072800755500793;0.5973367691040039;-0.08021856844425201;0.6134737730026245;0.5949047207832336;0.08013654500246048;0.6021226644515991;0.7334297895431519;-0.014551586471498013;0.6052300333976746;0.7279383540153503;0.14733076095581055;0.5873360276222229;0.3225262939929962;-0.10910618156194687;0.5940435528755188;0.6386694610118866;-0.21201127395033836;0.6034623682498932;0.6282487511634827;0.02885149815119803;0.599454919497172;0.8898066282272339;0.044127527197512485;0.6087122360865275;0.8676692048708597;0.23241397241751352;;girando;frontal
1.2;0.5856544375419617;0.34366923570632935;-0.08364163339138031;0.6091358065605164;0.40510573983192444;-0.2184123396873474;0.6175891160964966;0.405574232339859;0.05157905071973801;0.6003536581993103;0.5184725522994995;-0.2354196012020111;0.6088701486587524;0.5163679122924805;0.08165745437145233;0.607810914516449;0.5967606902122498;-0.08140463382005692;0.6148815751075745;0.5943584442138672;0.08131931722164154;0.6038429141044617;0.7333441376686096;-0.01717175543308258;0.6051015853881836;0.7278549671173096;0.15011152625083923;0.588643366098404;0.3225825667381287;-0.10859810002148151;0.5897347182035446;0.6381827294826508;-0.2124946042895317;0.6010333299636841;0.6259519010782242;0.028978300280869007;0.6010867158571879;0.8899000883102417;0.03772440211226543;0.6094985008239746;0.8672138651212057;0.23659470677375793;;girando;frontal
1.23;0.5874477028846741;0.3437207043170929;-0.07844126969575882;0.6089159250259399;0.40511009097099304;-0.21725739538669586;0.6191925406455994;0.40447917580604553;0.05717530846595764;0.5973023176193237;0.5172844529151917;-0.2332923710346222;0.6092302799224854;0.5134695172309875;0.0844375342130661;0.6078348159790039;0.596449077129364;-0.08283790200948715;0.6148178577423096;0.5940501689910889;0.08273626118898392;0.6048453450202942;0.7327336668968201;-0.013623552396893501;0.606472373008728;0.7266796231269836;0.1507648378610611;0.5900686979293823;0.3229990750551224;-0.10367284268140793;0.5862077623605728;0.6369577497243881;-0.2029203176498413;0.5988633632659912;0.6227079033851624;0.032058502081781626;0.6025647123654684;0.8897727330525717;0.04818475525826216;0.6102863748868307;0.8669334650039673;0.23995985090732574;;girando;frontal
1.27;0.5895498991012573;0.3441259562969208;-0.07988995313644409;0.6071444153785706;0.40550488233566284;-0.21768541634082794;0.621637761592865;0.40356868505477905;0.05382789298892021;0.5952162146568298;0.5174802541732788;-0.23231931030750275;0.6112996339797974;0.5115349888801575;0.0819467231631279;0.6068313121795654;0.5975133180618286;-0.08147577196359634;0.6148226261138916;0.594697117805481;0.08136974275112152;0.6059151291847229;0.7327371835708618;-0.003486181143671274;0.6081238985061646;0.7266724705696106;0.15275347232818604;0.5914381504058838;0.3238069534301758;-0.10500611141324043;0.5812743455171585;0.6367639005184174;-0.19493861123919487;0.5973732471466064;0.6202201843261719;0.032301269471645355;0.6027895013491312;0.8896803855895996;0.06738036125898361;0.6098053256670634;0.8670863310496012;0.24538828432559967;;girando;frontal
1.3;0.592690646648407;0.3450123071670532;-0.06177834793925285;0.6038063168525696;0.4056905210018158;-0.20944128930568695;0.6250082850456238;0.40356072783470154;0.06627307832241058;0.5927284955978394;0.5169535279273987;-0.22404968738555908;0.6173316240310669;0.5066078305244446;0.09144186228513718;0.6041455268859863;0.5978427529335022;-0.0808456763625145;0.6153282523155212;0.595035195350647;0.08072581142187119;0.6072957515716553;0.7316154837608337;0.0011084936559200287;0.6082126498222351;0.7264257073402405;0.15105800330638885;0.5934331297874451;0.3250484526157379;-0.08658663518726825;0.5762980729341507;0.6358675062656403;-0.17480449751019478;0.5967810302972794;0.6116514950990677;0.04901630524545908;0.6037084857622782;0.8893043398857117;0.0755043737590313;0.6089998881022135;0.867366353670756;0.24270375072956085;;girando;frontal
1.33;0.5955623388290405;0.34652945399284363;-0.03072308748960495;0.6004907488822937;0.4059472382068634;-0.20032615959644318;0.6300761103630066;0.40411996841430664;0.07180780172348022;0.5902730822563171;0.5169419646263123;-0.2162369042634964;0.6247521042823792;0.5053150057792664;0.09329735487699509;0.6011077165603638;0.5991839170455933;-0.08082885295152664;0.6163471341133118;0.5964590907096863;0.08068201690912247;0.6069460511207581;0.7316313982009888;0.006560104433447123;0.6098597645759583;0.7260841727256775;0.15331129729747772;0.595040100812912;0.3264669358730316;-0.05512259239330888;0.5715926587581635;0.6355747878551483;-0.15991674736142159;0.5994343310594559;0.6068791747093201;0.05637005064636469;0.6037590702374777;0.8891928791999817;0.07988811781009038;0.6104234258333842;0.8670886556307474;0.2462733586629232;;girando;frontal
1.37;0.5967227816581726;0.3483622968196869;0.017871389165520668;0.5970458388328552;0.40643078088760376;-0.17242760956287384;0.6343117356300354;0.4047316014766693;0.07968486100435257;0.58633953332901;0.5164796113967896;-0.19012697041034698;0.6334093809127808;0.5000454187393188;0.12114626169204712;0.5977921485900879;0.5991589426994324;-0.08031605929136276;0.6198643445968628;0.5965688824653625;0.08018744736909866;0.6033048033714294;0.7305920720100403;0.0006787313031964004;0.6145049929618835;0.7241668701171875;0.1429041475057602;0.5959007620811463;0.32855928838253023;-0.006179987173527479;0.5681710839271545;0.6336189955472946;-0.1306276060640812;0.6063262522220612;0.5844098925590515;0.13949696719646454;0.6035151481628418;0.8877031604448954;0.07067728787660599;0.6150430043538412;0.8660021821657816;0.22096825142701468;;girando;frontal
1.4;0.59930020570755;0.34932681918144226;0.026385435834527016;0.5940506458282471;0.407101035118103;-0.1664256900548935;0.6378421187400818;0.4062490463256836;0.0743408128619194;0.5825777053833008;0.5167297720909119;-0.178585022687912;0.6357434988021851;0.49895352125167847;0.12278898060321808;0.596011221408844;0.5991238355636597;-0.07867275923490524;0.6221912503242493;0.5967761278152466;0.07852236926555634;0.5989832878112793;0.7303028702735901;0.004270689096301794;0.6152234077453613;0.7234858870506287;0.14230288565158844;0.5981440067291259;0.33022383153438567;0.002408817765535787;0.5644817799329758;0.6288619786500931;-0.1103341095149517;0.6082836836576462;0.5710388869047165;0.15352481603622437;0.6033240159352621;0.8860053022702535;0.06962373356024425;0.6156124273935953;0.8652522961298624;0.22278969983259836;;girando;frontal
1.43;0.6022521257400513;0.3496021330356598;0.03953545168042183;0.5921290516853333;0.40707507729530334;-0.15792188048362732;0.6410787105560303;0.40788283944129944;0.06870704889297485;0.5794615745544434;0.5159135460853577;-0.1637699156999588;0.6378705501556396;0.4993172883987427;0.11076508462429047;0.5949752330780029;0.5987130999565125;-0.07471080869436264;0.6239497065544128;0.5967438817024231;0.07456906139850616;0.5955339670181274;0.7302865982055664;0.0026852444279938936;0.6169520616531372;0.7220498323440552;0.14172029495239258;0.6008653581142426;0.33093529045581815;0.01545626688748598;0.5616153329610825;0.6225629299879074;-0.09058552607893944;0.6186625063419342;0.5824656784534454;0.13481374457478523;0.6023149490356445;0.8842051227887472;0.06306741138299306;0.6170709729194641;0.8604560295740763;0.22270939747492471;;girando;frontal
1.47;0.6043106913566589;0.3494645953178406;0.03999965265393257;0.5906340479850769;0.40707236528396606;-0.15995465219020844;0.6420016288757324;0.4092937409877777;0.0629691630601883;0.5780564546585083;0.5156517624855042;-0.16514509916305542;0.637595534324646;0.5074345469474792;0.10570250451564789;0.5947812795639038;0.5986747145652771;-0.07386086881160736;0.6252461671829224;0.5970332622528076;0.07372824847698212;0.5920699238777161;0.7305096387863159;0.0010812190594151616;0.6170482039451599;0.7216889262199402;0.14121463894844055;0.6028710424900054;0.33103361129760744;0.01627512536942959;0.5588825643062592;0.6190432161092758;-0.09534892626106739;0.6256440132856369;0.5926985144615173;0.11327122151851654;0.6006481846173605;0.8821375966072083;0.052780406549572945;0.6160411834716797;0.8577168782552084;0.21996197601159415;;girando;frontal
1.5;0.605487585067749;0.349658340215683;0.06021633371710777;0.59018474817276;0.40665462613105774;-0.1417207568883896;0.6439101696014404;0.4108674228191376;0.06259872019290924;0.5767399668693542;0.5141685605049133;-0.14779908955097198;0.6404634714126587;0.5118707418441772;0.09586577862501144;0.5934537649154663;0.5986648201942444;-0.07158266752958298;0.6253672242164612;0.5978488922119141;0.07146953046321869;0.5891568660736084;0.7339670062065125;-0.00889648962765932;0.6167535781860352;0.7231289744377136;0.12837325036525726;0.6039203643798828;0.33127068877220156;0.03655894696712494;0.5572973936796188;0.6139171570539474;-0.07947109453380108;0.630500540137291;0.6038307696580887;0.10379206202924252;0.5987323323885599;0.8812700311342875;0.03548273226867119;0.6165342330932617;0.8588332533836365;0.19528796275456747;;girando;frontal
1.53;0.6061015129089355;0.34965813159942627;0.07767270505428314;0.5889251828193665;0.4065280258655548;-0.11357863992452621;0.6439324617385864;0.41182902455329895;0.058845870196819305;0.5743123292922974;0.5122032165527344;-0.11636032164096832;0.6420049071311951;0.5136839151382446;0.08429515361785889;0.5926844477653503;0.5986496210098267;-0.06369710713624954;0.6253776550292969;0.5983883142471313;0.06356412172317505;0.5874201655387878;0.7341681122779846;-0.000305250461678952;0.6167994141578674;0.7255807518959045;0.12406361103057861;0.6046720564365387;0.33128449618816375;0.055400564521551135;0.5551083236932755;0.6058702915906906;-0.04831819888204336;0.6357496827840805;0.6100852936506271;0.10049564950168133;0.5942709445953369;0.8798796335856119;0.04350735185046991;0.6167208751042684;0.8628083268801371;0.1907591869433721;;girando;frontal
1.57;0.6071741580963135;0.3496580421924591;0.09175464510917664;0.5874570608139038;0.4064812660217285;-0.09203317761421204;0.6437357068061829;0.41305169463157654;0.05293833091855049;0.5719653367996216;0.5116670727729797;-0.0926431268453598;0.6431084275245667;0.5150987505912781;0.06968565285205841;0.591518223285675;0.5986433625221252;-0.05612513795495033;0.6248859763145447;0.5990419387817383;0.05595976486802101;0.5844172835350037;0.7341046929359436;-0.00021674677554983646;0.6165914535522461;0.730898916721344;0.11701005697250366;0.6058304309844971;0.33123826384544375;0.07097873892635106;0.5530085116624832;0.6057647317647934;-0.028057375457137823;0.6396806836128235;0.6165386885404587;0.08909263275563717;0.588442305723826;0.8786125977834066;0.046320210521419845;0.6178962190945944;0.8666295210520426;0.17897921800613403;;girando;frontal
1.6;0.60842365026474;0.34962132573127747;0.10684705525636673;0.5857327580451965;0.40636712312698364;-0.06671171635389328;0.6441267728805542;0.4132671356201172;0.04752451926469803;0.570214569568634;0.5113617181777954;-0.06833241879940033;0.6458244323730469;0.5151416659355164;0.053985144942998886;0.5902812480926514;0.5982768535614014;-0.04505111277103424;0.6247467398643494;0.5993033647537231;0.044877395033836365;0.5810040235519409;0.7340748310089111;-0.006364806089550257;0.6169940233230591;0.7353039979934692;0.09736647456884384;0.6067371845245362;0.3311707854270935;0.08815882846247405;0.5514503866434097;0.6064387708902359;-0.013951965607702732;0.642677515745163;0.6182517409324646;0.06222862936556339;0.584318220615387;0.8778628508249918;0.023879962507635355;0.618783970673879;0.8713840047518412;0.13921067118644714;;girando;frontal
1.63;0.6101369261741638;0.3488605320453644;0.10688206553459167;0.5845412611961365;0.40533968806266785;-0.05560975521802902;0.6448904275894165;0.4130232632160187;0.0339934378862381;0.569012463092804;0.5089415311813354;-0.06165045127272606;0.6470738649368286;0.5147931575775146;0.03847435116767883;0.5896491408348083;0.5973187685012817;-0.033880073577165604;0.6247108578681946;0.5992920398712158;0.033714864403009415;0.5794609189033508;0.7334506511688232;-0.0022534015588462353;0.6175960302352905;0.7354918718338013;0.08893714845180511;0.608122992515564;0.3309053242206573;0.0896369215566665;0.551148071885109;0.606649249792099;-0.017575035570189357;0.6433875560760498;0.6185293942689896;0.045649164356291294;0.5780312220255533;0.8759582042694092;0.030790423043072224;0.6168232560157776;0.8722384174664816;0.1280949960152308;;girando;frontal
1.67;0.611930251121521;0.3476162552833557;0.09871548414230347;0.5831120610237122;0.4048312306404114;-0.04607641324400902;0.6452657580375671;0.4129902422428131;0.006857489235699177;0.5673052668571472;0.507195770740509;-0.04701419919729233;0.6477930545806885;0.5148565769195557;0.015736054629087448;0.5882784128189087;0.5960970520973206;-0.017666008323431015;0.6243243217468262;0.5989969968795776;0.017446137964725494;0.5779712796211243;0.7334244251251221;0.02490454725921154;0.6178817749023438;0.7346976399421692;0.0895511582493782;0.6094617664813995;0.33025361597537994;0.0829329643631354;0.5526698231697083;0.6066837310791016;-0.010437485412694514;0.6436940729618073;0.6191565543413162;0.03238918585702777;0.5746551553408304;0.8743827939033508;0.06931511436899503;0.6163879632949829;0.8722570339838663;0.14330091575781503;;girando;frontal
1.7;0.612580418586731;0.34688588976860046;0.09224723279476166;0.5814623236656189;0.4047324061393738;-0.04696384817361832;0.6451849937438965;0.41307884454727173;-0.005942066665738821;0.5654019117355347;0.5066506862640381;-0.04804974049329758;0.6480726599693298;0.5148273706436157;-0.003110318910330534;0.5866646766662598;0.5957626104354858;-0.011703811585903168;0.6241747140884399;0.5988544821739197;0.011479656212031841;0.576873242855072;0.7335880398750305;0.03466181457042694;0.6182359457015991;0.7341483235359192;0.09071828424930573;0.6099301278591156;0.32987613081932066;0.07622619152534753;0.5538993775844574;0.6054065823554993;-0.015981752891093493;0.6441134512424469;0.6188720464706421;0.0060763437213608995;0.5726467967033386;0.8725900252660116;0.08387650797764461;0.6156933108965555;0.8719589114189148;0.15039563179016113;;girando;frontal
1.73;0.6143354773521423;0.3466859459877014;0.09769808501005173;0.5801265835762024;0.40444010496139526;-0.03991902247071266;0.6447092294692993;0.41314080357551575;-0.0034013765398412943;0.5643588900566101;0.5040130615234375;-0.04449677839875221;0.6482356786727905;0.5146724581718445;-0.0187566839158535;0.5857763886451721;0.5950682759284973;-0.014657030813395977;0.6239270567893982;0.5985214710235596;0.014454453252255917;0.575703501701355;0.7334768176078796;0.02485303208231926;0.6181707382202148;0.7319803833961487;0.08776325732469559;0.6112132370471954;0.32963410317897796;0.08271971037611366;0.5545030385255814;0.6015803068876266;-0.020235917530953884;0.6443257182836533;0.619100347161293;-0.04099157266318798;0.5718945066134135;0.8729280630747477;0.07030065606037776;0.616171141465505;0.8719725608825684;0.14320350190003714;;girando;frontal
1.77;0.6160209774971008;0.34646639227867126;0.10699982941150665;0.5782466530799866;0.40416020154953003;-0.026210179552435875;0.6441144347190857;0.4131070673465729;-0.001984095200896263;0.5630929470062256;0.503710150718689;-0.03173078969120979;0.6473823189735413;0.513099730014801;-0.01799122616648674;0.5845707058906555;0.5940195918083191;-0.00957393180578947;0.6227043867111206;0.5978673100471497;0.00937191303819418;0.575007438659668;0.7326250076293945;0.026575544849038124;0.6186680793762207;0.7306745052337646;0.08077921718358994;0.6124797582626342;0.3293357789516449;0.09258891213685275;0.5549858659505844;0.5981688797473907;-0.01045324420556426;0.6446594744920731;0.618638664484024;-0.036328147165477276;0.5701480905214945;0.8730113704999288;0.06691950559616089;0.6165319681167603;0.8716667890548706;0.13460203756888708;;girando;frontal
1.8;0.6151699423789978;0.34649166464805603;0.10129553079605103;0.5749680995941162;0.4040927588939667;-0.027309490367770195;0.6439496278762817;0.4130600690841675;-0.00914709735661745;0.5618639588356018;0.5041092038154602;-0.03125504404306412;0.6465999484062195;0.5130717158317566;-0.019733574241399765;0.5832315683364868;0.5932559370994568;-0.0063428631983697414;0.6209309697151184;0.5972708463668823;0.006135252304375172;0.5742479562759399;0.7316857576370239;0.030869292095303535;0.6184421181678772;0.7292797565460205;0.07704959809780121;0.611881822347641;0.3294202595949173;0.08731603007763625;0.555443748831749;0.5989993065595627;-0.00987949431873858;0.6435348391532898;0.6189150661230087;-0.03131918841972947;0.5681404868761698;0.8729805946350098;0.07096285621325175;0.6172909339269003;0.8715854485829672;0.12978356828292212;;girando;frontal
1.83;0.6147060990333557;0.34649214148521423;0.08296645432710648;0.5716907978057861;0.40510427951812744;-0.049292318522930145;0.6424141526222229;0.41305315494537354;-0.031310778111219406;0.5603426694869995;0.5100546479225159;-0.05213600769639015;0.6460515856742859;0.5140606760978699;-0.031492918729782104;0.5814223289489746;0.5936998128890991;-0.007954457774758339;0.6191264390945435;0.5973459482192993;0.007717635948210955;0.5733292102813721;0.7316882610321045;0.0417821891605854;0.6182529330253601;0.7292194366455078;0.08213341981172562;0.6110387802124023;0.3293889969587326;0.07736833611270413;0.5555968433618546;0.6078484803438187;-0.022049053106456995;0.6434883773326874;0.6189665198326111;-0.023961651604622602;0.5674161314964294;0.8732234438260397;0.09504441171884537;0.6175758043924967;0.871748169263204;0.13737624635299048;;girando;frontal
1.87;0.611861526966095;0.34671345353126526;0.07637447118759155;0.5695153474807739;0.40576818585395813;-0.05412933602929115;0.6403419375419617;0.41316163539886475;-0.03149313107132912;0.5595054626464844;0.5120670795440674;-0.05555398389697075;0.6458993554115295;0.5149298906326294;-0.030470771715044975;0.5801057815551758;0.5942531228065491;-0.008118794299662113;0.6174578666687012;0.5976265072822571;0.007881978526711464;0.5732302069664001;0.7316849827766418;0.037193018943071365;0.6178255677223206;0.7292290925979614;0.07621122151613235;0.6086373448371887;0.3295570194721222;0.07100621685385704;0.5557115077972412;0.6096190512180328;-0.02589006768539548;0.643214613199234;0.6194185018539429;-0.02216646121814847;0.5671138366063436;0.8732443650563558;0.08607646574576695;0.6177305380503336;0.8721158901850382;0.12356800585985184;;girando;frontal
1.9;0.6080242991447449;0.3472205102443695;0.08686786890029907;0.5670099258422852;0.4066830575466156;-0.03185073286294937;0.6373023390769958;0.4131758511066437;-0.024744894355535507;0.5585290193557739;0.5120137333869934;-0.027789494022727013;0.6448867321014404;0.5158886909484863;-0.02149094268679619;0.5779731869697571;0.5944975018501282;2,83E+11;0.6157219409942627;0.597716748714447;-0.00025293821818195283;0.5732419490814209;0.7315986156463623;0.04943070933222771;0.6177493333816528;0.7292624115943909;0.07138749212026596;0.6051045835018158;0.3298288255929947;0.07425472712493501;0.5562515109777451;0.6081794202327728;0.00405114030581899;0.6430937349796295;0.6218651235103607;-0.010088242357596755;0.5677230358123779;0.8732722997665405;0.10175066689650218;0.6180496613184611;0.8720636566480001;0.12001225103934605;;girando;frontal
1.93;0.6045808792114258;0.3480278551578522;0.10574647784233093;0.5641257166862488;0.40753304958343506;-0.015668561682105064;0.6334066390991211;0.41316738724708557;-0.015457499772310257;0.5571008324623108;0.5121576189994812;-0.0121990367770195;0.642105758190155;0.515856921672821;-0.01241234689950943;0.5760310292243958;0.5945557355880737;-0.0015901389997452497;0.6135895252227783;0.5978059768676758;0.0014108954928815365;0.5734666585922241;0.7318896055221558;0.04051351174712181;0.6168378591537476;0.729602038860321;0.06361595541238785;0.6019037306308747;0.33029140830039977;0.09278216175734996;0.5576431602239609;0.6058400124311447;0.02335649449378252;0.6427561044692993;0.62192402780056;0.0035347946104593575;0.5692821343739828;0.8734047015508016;0.08580353359381358;0.6182136933008829;0.8716199199358622;0.10075783729553223;;girando;frontal
1.97;0.6012964248657227;0.3485036790370941;0.10723067820072174;0.561603844165802;0.40848907828330994;-0.009392510168254375;0.6299616694450378;0.41307780146598816;-0.013965838588774204;0.5556250810623169;0.5120661854743958;-0.002436623442918062;0.6386064291000366;0.5169222950935364;-0.011456640437245369;0.5750117897987366;0.5949897766113281;0.000186955148819834;0.6119717955589294;0.598222017288208;-0.00035217468393966556;0.5737387537956238;0.7332260608673096;0.0410039946436882;0.615307629108429;0.7307952046394348;0.06880395859479904;0.5986959099769592;0.33051089346408846;0.09460637867450714;0.5588297545909882;0.6045255959033966;0.03460616897791624;0.6409736275672913;0.6237125992774963;0.004945782129652798;0.5720956325531006;0.8736361066500345;0.08457181602716446;0.6182190378506979;0.8711984157562256;0.11503182103236516;;girando;frontal
2.0;0.599738597869873;0.3486778438091278;0.10993091762065887;0.5590030550956726;0.409487783908844;-0.006563292350620031;0.6265564560890198;0.4127925634384155;-0.012564742006361485;0.5542685985565186;0.5126327276229858;0.001769644790329039;0.6347131729125977;0.5178245902061462;-0.011779369786381721;0.5739008784294128;0.5957697033882141;-0.000619350525084883;0.6100363731384277;0.598540723323822;0.0004765498451888561;0.5734548568725586;0.7332856059074402;0.03830235078930855;0.6139093637466431;0.7316735982894897;0.06431229412555695;0.5967628479003906;0.3306115806102753;0.09790845457464456;0.561832845211029;0.6024027317762375;0.03965237829834223;0.6375002413988113;0.6251381188631058;0.004069328773766756;0.5726156433423361;0.8733004331588745;0.07728191216786702;0.6178162892659506;0.8710222045580546;0.09931161999702454;;girando;frontal
2.03;0.5976127982139587;0.3486858904361725;0.10739751160144806;0.5561826229095459;0.41149407625198364;-8,72E+10;0.6240202188491821;0.4127384126186371;-0.016408095136284828;0.5535319447517395;0.5163272023200989;0.014040416106581688;0.6306250691413879;0.5202602744102478;-0.014222975820302963;0.5733762383460999;0.5982229113578796;0.002268398180603981;0.6091093420982361;0.6003507375717163;-0.0024055985268205404;0.5726553797721863;0.7356252074241638;0.03689059242606163;0.6125537157058716;0.7336627244949341;0.06650403141975403;0.5943581640720368;0.33058527708053587;0.09577828943729401;0.5647222548723221;0.6014150679111481;0.05407172720879316;0.633406862616539;0.6271467953920364;0.004604066605679691;0.5723722378412882;0.8787814577420553;0.07572021335363388;0.6177022258440653;0.871396025021871;0.10969926913579305;;girando;frontal
2.07;0.5964773297309875;0.34851905703544617;0.10723615437746048;0.5537800788879395;0.41307154297828674;0.007429315242916346;0.6212448477745056;0.4124615490436554;-0.02392658032476902;0.5518608093261719;0.5163597464561462;0.01661095954477787;0.6266805529594421;0.5218327045440674;-0.024637505412101746;0.5724301338195801;0.6011574864387512;0.007968802005052567;0.6075851917266846;0.6030040383338928;-0.0080699622631073;0.5723870992660522;0.7371049523353577;0.034185800701379776;0.6099395751953125;0.735614538192749;0.051166191697120667;0.592565244436264;0.33041252493858336;0.09679128620773554;0.5675488859415054;0.6009534597396851;0.04619963373988867;0.6299097985029221;0.6287723332643509;-0.0022972963633947074;0.5724704464276632;0.883076012134552;0.06458559383948644;0.6172248721122742;0.8722918828328451;0.0857035865386327;;girando;frontal
2.1;0.5954066514968872;0.34823480248451233;0.09772204607725143;0.552741289138794;0.4135546386241913;0.018027259036898613;0.6192912459373474;0.4124135673046112;-0.04332960769534111;0.5516493916511536;0.5055717825889587;0.07625474035739899;0.6234354972839355;0.5219705104827881;-0.042184390127658844;0.5712172389030457;0.6031268835067749;0.018862692639231682;0.6056917309761047;0.6052464842796326;-0.018914688378572464;0.5722771286964417;0.7371336221694946;0.05225139856338501;0.6088592410087585;0.7372763156890869;0.057140741497278214;0.5912987768650055;0.3299816519021988;0.08855001805350185;0.5790002346038818;0.5341901481151581;0.15651530772447586;0.6283993721008301;0.6306237727403641;-0.029638290870934725;0.5747534036636353;0.881882905960083;0.093146912753582;0.6177603999773661;0.8753552834192911;0.12287651002407074;;girando;frontal
2.13;0.5945876240730286;0.3486843705177307;0.10524625331163406;0.5512201189994812;0.41477397084236145;0.03229882940649986;0.6160922646522522;0.41205185651779175;-0.042725820094347;0.5505746006965637;0.5056423544883728;0.07174299657344818;0.621296763420105;0.5217017531394958;-0.04403645172715187;0.5700956583023071;0.6037363409996033;0.027247056365013123;0.6033382415771484;0.605739176273346;-0.02731248177587986;0.5721328258514404;0.7371147871017456;0.06505542993545532;0.6077688932418823;0.7383301854133606;0.0474017933011055;0.5905776083469391;0.33008340299129485;0.09658137829974293;0.5771185159683228;0.5514218211174011;0.1275460198521614;0.6267203390598297;0.6317015886306763;-0.027227064594626427;0.5743005673090616;0.8825380603472391;0.10854814946651459;0.6185271342595419;0.8782061338424683;0.09538568059603374;;girando;frontal
2.17;0.594355046749115;0.34908822178840637;0.11005159467458725;0.5508328080177307;0.41535964608192444;0.042714767158031464;0.6134390234947205;0.41105279326438904;-0.04714750498533249;0.5514140129089355;0.50635826587677;0.05487222597002983;0.6181187629699707;0.5209130644798279;-0.044731948524713516;0.5686680674552917;0.6042927503585815;0.03385520353913307;0.6014544367790222;0.6057614088058472;-0.033933550119400024;0.5716524124145508;0.7370139360427856;0.07140945643186569;0.6066068410873413;0.7380478382110596;0.03218281269073486;0.5905024409294128;0.33032443523406985;0.10319843403995037;0.5765534043312073;0.5695719569921494;0.08300166577100754;0.6249022036790848;0.6319321990013123;-0.019145175348967314;0.5742640296618143;0.8827439943949381;0.10991730292638142;0.6164275805155436;0.8797409137090048;0.06725327173868816;;girando;frontal
2.2;0.593595564365387;0.3497440218925476;0.10729153454303741;0.5508910417556763;0.41529420018196106;0.03880134969949722;0.6115459203720093;0.4101645052433014;-0.052314452826976776;0.5519152879714966;0.507786214351654;0.040980204939842224;0.6167306900024414;0.5205040574073792;-0.04475949704647064;0.5672175288200378;0.6040982007980347;0.03880038484930992;0.5997662544250488;0.6055449843406677;-0.03892090171575546;0.5708420872688293;0.7369289994239807;0.08403153717517853;0.6048614978790283;0.7381131649017334;0.021023854613304138;0.5901793360710144;0.33080467879772185;0.09949459144845604;0.5733334124088287;0.6034799665212631;0.05374540947377682;0.6238582283258438;0.6324162483215332;-0.011769979726523161;0.5745241244633993;0.8836515148480734;0.12599049508571625;0.6113930940628052;0.8830071489016215;0.057498108595609665;;girando;frontal
2.23;0.5928045511245728;0.3509189784526825;0.10464337468147278;0.5511307120323181;0.41549772024154663;0.029984427616000175;0.6095746159553528;0.4094797670841217;-0.05449879914522171;0.5521670579910278;0.5125192999839783;0.032865431159734726;0.6147529482841492;0.5204760432243347;-0.04887905344367027;0.5665819048881531;0.6049913167953491;0.03742658346891403;0.598823606967926;0.6062620878219604;-0.03757764771580696;0.5710117220878601;0.7376552224159241;0.07410690188407898;0.6049264073371887;0.7402308583259583;0.01233955193310976;0.589610117673874;0.3314745485782623;0.09639380471780896;0.5691284835338593;0.6260800510644913;0.03340178448706865;0.6221885681152344;0.6336651295423508;-0.017958752810955048;0.5743411580721537;0.885880172252655;0.11403274536132812;0.6075805226961771;0.8882551789283752;0.04744712946315607;;girando;frontal
2.27;0.5934392213821411;0.35225817561149597;0.08782648295164108;0.5519289970397949;0.4157222807407379;0.037695035338401794;0.608089804649353;0.40946224331855774;-0.07692485302686691;0.5523248314857483;0.5165526270866394;0.03771144151687622;0.6122440099716187;0.5204789042472839;-0.0723772868514061;0.5660582780838013;0.6065676212310791;0.05118541046977043;0.5975471138954163;0.6075452566146851;-0.051384758204221725;0.5711148381233215;0.737828254699707;0.09291090816259384;0.6051108241081238;0.7428139448165894;-0.009778170846402645;0.5901401519775391;0.3320949971675873;0.08356076581403613;0.5620647668838501;0.6290194243192673;0.035497686825692654;0.6204566061496735;0.6341199427843094;-0.03517971280962229;0.5739191373189291;0.8867106437683105;0.14115391423304877;0.6023183067639669;0.8931282162666321;0.025861129475136597;;girando;frontal
2.3;0.5945762991905212;0.3537783622741699;0.08081474900245667;0.5525783896446228;0.4156185984611511;0.048252005130052567;0.6065254807472229;0.4094424843788147;-0.08386017382144928;0.5522742867469788;0.5181655287742615;0.04466891288757324;0.6095399856567383;0.520409345626831;-0.08339323103427887;0.566120445728302;0.6071149706840515;0.05399595946073532;0.5962274670600891;0.6081525087356567;-0.054195940494537354;0.5712547898292542;0.7404668927192688;0.07861489057540894;0.6042925715446472;0.7455519437789917;-0.020457101985812187;0.591389000415802;0.33284935653209685;0.07912526289001107;0.5567204356193542;0.6301168650388718;0.03619112353771925;0.6168737560510635;0.6337547600269318;-0.04814601689577103;0.5748293201128641;0.8895549376805624;0.12044520924488704;0.5956353346506754;0.8951377073923746;0.008196590468287468;;girando;frontal
2.33;0.5960994362831116;0.35434332489967346;0.06608784198760986;0.5539875030517578;0.41541919112205505;0.06753343343734741;0.6047096848487854;0.40935152769088745;-0.10593114793300629;0.5522052049636841;0.5192690491676331;0.07042940706014633;0.6068053841590881;0.5206462740898132;-0.10973736643791199;0.5665122866630554;0.6068806052207947;0.06661653518676758;0.594111442565918;0.6079850792884827;-0.06684308499097824;0.5717206001281738;0.740257978439331;0.08924480527639389;0.6029406785964966;0.7455399036407471;-0.031633470207452774;0.5926924467086792;0.3331489980220795;0.06791227404028177;0.5562227964401245;0.6298211812973022;0.056039067916572094;0.6146776676177979;0.6350808590650558;-0.07539374381303787;0.5805686314900717;0.8897830645243326;0.12888680646816889;0.5914932092030843;0.8955765763918558;0.006796395406126976;;girando;frontal
2.37;0.5971396565437317;0.35459327697753906;0.0497969314455986;0.5574793815612793;0.4147178828716278;0.0760175809264183;0.603846549987793;0.4093436598777771;-0.12200235575437546;0.5534267425537109;0.5209013819694519;0.07949399948120117;0.6038939356803894;0.5206402540206909;-0.1414964199066162;0.5668608546257019;0.6073043942451477;0.07347175478935242;0.5919271111488342;0.6095696091651917;-0.07374076545238495;0.5752061009407043;0.7401332855224609;0.1320299506187439;0.5984286665916443;0.7463690638542175;-0.01672409661114216;0.5934583067893981;0.3335974007844925;0.0539337795227766;0.5559150874614716;0.6334896236658096;0.056491708382964134;0.6108321994543076;0.6352274566888809;-0.1256310325115919;0.5834362109502157;0.887569010257721;0.2041251758734385;0.587361474831899;0.898030161857605;0.02885354806979497;;girando;frontal
2.4;0.5988247394561768;0.3547805845737457;0.02243344485759735;0.5609506368637085;0.41398441791534424;0.07790885120630264;0.6032633781433105;0.41013243794441223;-0.14071869850158691;0.5553632974624634;0.5226269364356995;0.085995614528656;0.6007585525512695;0.523167073726654;-0.16962336003780365;0.5671618580818176;0.6082546710968018;0.07817115634679794;0.590380072593689;0.6135625839233398;-0.0784568190574646;0.576780378818512;0.7453422546386719;0.1426215022802353;0.5951516032218933;0.7484792470932007;-0.016117678955197334;0.5952529191970826;0.33405719995498656;0.02930670827627182;0.5553102195262909;0.6334313452243805;0.05876065418124199;0.6079098135232925;0.6372323334217072;-0.1658340021967888;0.5834687352180481;0.8891491691271464;0.22059757510821024;0.585589607556661;0.9005872011184692;0.043745082492629685;;girando;frontal
2.43;0.6010885834693909;0.3549160957336426;-0.01744609698653221;0.5656293630599976;0.4126129448413849;0.08733256906270981;0.6011472940444946;0.4113031029701233;-0.16094112396240234;0.5601946115493774;0.5222266316413879;0.09937725961208344;0.5975257158279419;0.5260916352272034;-0.19046685099601746;0.5681586861610413;0.6097186803817749;0.08336111158132553;0.5869615077972412;0.6168482303619385;-0.08367500454187393;0.5790078639984131;0.7448378801345825;0.1570272445678711;0.5922991037368774;0.7508113384246826;-0.01411429513245821;0.597673499584198;0.33407904505729674;-0.006170965661294758;0.5561238080263138;0.6307242512702942;0.06890842691063881;0.6050730496644974;0.6400176733732224;-0.1768382117152214;0.5824284354845682;0.8884199857711792;0.2488289177417755;0.5856780608495077;0.905602773030599;0.059968080992499985;;girando;frontal
2.47;0.6037359833717346;0.35518091917037964;-0.05793269723653793;0.5690471529960632;0.4119260609149933;0.08054337650537491;0.5980395078659058;0.4121869206428528;-0.18368761241436005;0.5623980760574341;0.5221139192581177;0.0931617021560669;0.594402551651001;0.5274998545646667;-0.21111901104450226;0.5709572434425354;0.6108758449554443;0.08660922199487686;0.5836144089698792;0.6178039908409119;-0.08690180629491806;0.584949254989624;0.7442976236343384;0.16417387127876282;0.5847611427307129;0.7519225478172302;-0.011489284224808216;0.6001431941986084;0.3343187361955643;-0.045723341219127175;0.5572956949472427;0.6317863166332245;0.05638295877724886;0.6010268181562424;0.6426561772823334;-0.19345485419034958;0.5832142233848572;0.8892157475153605;0.26553432643413544;0.5833934942881266;0.9089464743932089;0.07271150623758633;;girando;frontal
2.5;0.6061511635780334;0.3551463782787323;-0.08416367322206497;0.5727202296257019;0.41186660528182983;0.07433336973190308;0.5951850414276123;0.4130890965461731;-0.19481946527957916;0.5658039450645447;0.5221839547157288;0.08604461699724197;0.5943953990936279;0.5292023420333862;-0.21767061948776245;0.5737403035163879;0.6114619374275208;0.08823300153017044;0.5827650427818298;0.6181097030639648;-0.08848163485527039;0.5858660340309143;0.744337260723114;0.1721712201833725;0.5806527137756348;0.7534866333007812;-0.007803838700056076;0.6027585506439209;0.3342967242002487;-0.07202476402744651;0.5626680552959442;0.6315652281045914;0.03409849526360631;0.5983415096998215;0.6444505900144577;-0.1955368109047413;0.5831047296524048;0.8891502618789673;0.282524178425471;0.5821767648061117;0.9109028180440267;0.08679190278053284;;girando;frontal
2.53;0.6094902157783508;0.35511133074760437;-0.10027417540550232;0.576946496963501;0.4113083481788635;0.07005614787340164;0.5922930240631104;0.4133060574531555;-0.20813818275928497;0.5700032114982605;0.5221344232559204;0.0793972834944725;0.5932695865631104;0.5300003290176392;-0.23483732342720032;0.5770607590675354;0.6113229990005493;0.08823543041944504;0.582988977432251;0.6174271702766418;-0.08842108398675919;0.5862435102462769;0.7429600954055786;0.17086201906204224;0.5796042680740356;0.7527589797973633;-0.006613416597247124;0.6062140941619873;0.33430385291576387;-0.08779682908207179;0.569844588637352;0.6338353455066681;0.01895526028238237;0.5956088304519653;0.6443974524736404;-0.22252309694886208;0.5826995571454366;0.8879805604616801;0.2797211507956187;0.5826552112897238;0.9108439286549886;0.0840688906610012;;girando;frontal
2.57;0.6116273403167725;0.35508403182029724;-0.10317816585302353;0.579562246799469;0.41010722517967224;0.06724570691585541;0.590600311756134;0.4128762483596802;-0.2126328945159912;0.5736469626426697;0.5219624638557434;0.07722664624452591;0.5905212759971619;0.5302388668060303;-0.24088138341903687;0.5784758925437927;0.6111604571342468;0.09021103382110596;0.5834987759590149;0.6170189380645752;-0.09035994112491608;0.5862747430801392;0.7428831458091736;0.1700194925069809;0.5797909498214722;0.7528676390647888;-0.00775331212207675;0.6082786560058594;0.33424709737300873;-0.09026449024677277;0.5739559829235077;0.6335338801145554;0.015364312508609146;0.5940058380365372;0.6444006413221359;-0.229844119399786;0.5827275315920512;0.8877959648768107;0.2768694857756297;0.5827789704004923;0.9123265147209167;0.08063737054665883;;girando;frontal
2.6;0.6129552721977234;0.35509535670280457;-0.1025180071592331;0.581030547618866;0.4093087911605835;0.06637143343687057;0.5893359184265137;0.41129499673843384;-0.21270190179347992;0.5743722915649414;0.5216791033744812;0.07648360729217529;0.5881437063217163;0.5299637913703918;-0.24106788635253906;0.5800520181655884;0.6111390590667725;0.09030286222696304;0.5844888687133789;0.6168327331542969;-0.09043998271226883;0.587056577205658;0.7445768713951111;0.16842792928218842;0.5808219313621521;0.7538449764251709;-0.00943723600357771;0.6093315005302429;0.3342325061559677;-0.08955157529562711;0.5750938653945923;0.6326186954975128;0.01100427212077193;0.5936141163110733;0.6440014690160751;-0.2278371937572956;0.5829586982727051;0.8872334361076355;0.27482688923676807;0.5826594432195028;0.9110613663991293;0.0771954928835233;;girando;frontal
2.63;0.6135004758834839;0.35498377680778503;-0.10566703975200653;0.5824996829032898;0.4090788662433624;0.06523074954748154;0.5890560746192932;0.41038432717323303;-0.21283982694149017;0.5749386548995972;0.5216851830482483;0.07560931146144867;0.5850253701210022;0.5296726822853088;-0.24358375370502472;0.582541823387146;0.611069917678833;0.0892062559723854;0.5848525166511536;0.6163139939308167;-0.08934284001588821;0.5876316428184509;0.7452432513237;0.1661587506532669;0.5821728706359863;0.7543572783470154;-0.009889092296361923;0.6098968744277954;0.3341389834880829;-0.09297411274164916;0.5753839313983917;0.6337887197732925;0.008905369439162314;0.593756690621376;0.6436990201473236;-0.23815292865037918;0.5829672813415527;0.8871203064918518;0.27139565845330554;0.5828469196955363;0.9102182586987814;0.07509638989965121;;girando;frontal
2.67;0.6139387488365173;0.35491594672203064;-0.10708917677402496;0.5841375589370728;0.4089752435684204;0.06503757834434509;0.5881997346878052;0.4092599153518677;-0.21484045684337616;0.5766462087631226;0.5218083262443542;0.07646351307630539;0.5833151340484619;0.5292713642120361;-0.2483101487159729;0.5850096344947815;0.6112615466117859;0.08951873332262039;0.5865010023117065;0.6162227392196655;-0.08964915573596954;0.5883713960647583;0.7475621700286865;0.1640836000442505;0.583087146282196;0.7551149725914001;-0.012021585367619991;0.6104068458080292;0.3340550631284714;-0.09426493532955646;0.5762218683958054;0.634856641292572;0.01315515855094418;0.5926943421363831;0.6437988877296448;-0.2480974793434143;0.5836140314737955;0.8878277540206909;0.26808710892995197;0.5824317932128906;0.9097266793251038;0.07252338714897633;;girando;frontal
2.7;0.6142339706420898;0.35500672459602356;-0.12053941190242767;0.5856685638427734;0.4091767966747284;0.057216208428144455;0.5869751572608948;0.4092845320701599;-0.22772930562496185;0.5781149864196777;0.5221653580665588;0.07465624809265137;0.5809347629547119;0.5291069746017456;-0.2608356773853302;0.5909927487373352;0.6141097545623779;0.09078402072191238;0.5880240201950073;0.6168209314346313;-0.0909155011177063;0.5918250679969788;0.7509449124336243;0.18299096822738647;0.5835991501808167;0.758558988571167;-0.0032257779967039824;0.6106044054031372;0.33405356109142303;-0.10707105696201324;0.5755004286766052;0.6346208900213242;0.005531072965823114;0.5904829204082489;0.6442614048719406;-0.2592829242348671;0.5852561990420023;0.8878894249598185;0.30667009949684143;0.582611620426178;0.9099936683972677;0.09908113876978557;;girando;frontal
2.73;0.6143812537193298;0.3551129996776581;-0.1272139549255371;0.5880403518676758;0.4092952609062195;0.05298551917076111;0.5849306583404541;0.40931111574172974;-0.23493607342243195;0.5811114311218262;0.5221988558769226;0.07606818526983261;0.5765542387962341;0.52897709608078;-0.27134090662002563;0.596081018447876;0.6158578395843506;0.0901179164648056;0.588416576385498;0.6169629693031311;-0.09023481607437134;0.5942865014076233;0.751132071018219;0.18471258878707886;0.5852493643760681;0.7579969167709351;-0.0008677177247591317;0.610837435722351;0.3339492857456207;-0.11381596215069294;0.5810896307229996;0.6349591314792633;0.006487852544523776;0.5873372405767441;0.6450137794017792;-0.2771051228046417;0.5854875644048055;0.887497067451477;0.3104459245999654;0.5834962129592896;0.9105169971783956;0.10298571363091469;;girando;frontal
2.77;0.6144428849220276;0.3555462658405304;-0.12748396396636963;0.5895884037017822;0.40979957580566406;0.05021242797374725;0.5828133225440979;0.40933117270469666;-0.23210784792900085;0.5829576849937439;0.5220510959625244;0.0776723250746727;0.5732599496841431;0.5279123187065125;-0.2697655260562897;0.5992461442947388;0.6170610189437866;0.08864830434322357;0.5890251994132996;0.6170851588249207;-0.08877439051866531;0.5967470407485962;0.7515261769294739;0.18989762663841248;0.5876405239105225;0.7578779458999634;0.007642547599971294;0.6110359728336334;0.33409252762794495;-0.114516806229949;0.5824650228023529;0.6342907398939133;0.009654344874434173;0.5851505249738693;0.6449817568063736;-0.2836777865886688;0.5878836909929911;0.8868123292922974;0.3218775888284047;0.5856234232584635;0.9111854831377665;0.11834416538476944;;girando;frontal
2.8;0.6143584251403809;0.35691580176353455;-0.13619311153888702;0.5909579396247864;0.4101856052875519;0.04792683944106102;0.5812602043151855;0.40934115648269653;-0.2414383441209793;0.5882424116134644;0.5220122933387756;0.0834597572684288;0.5722425580024719;0.5274015665054321;-0.28184062242507935;0.6003426313400269;0.6187903881072998;0.0878785029053688;0.5890332460403442;0.6183644533157349;-0.08800216764211655;0.5989272594451904;0.7524572610855103;0.19989566504955292;0.590295135974884;0.759703516960144;0.013308828696608543;0.6111897528171539;0.33447671234607695;-0.12336288765072823;0.5931635349988937;0.6338364481925964;0.015631188289262354;0.5832509249448776;0.6452028900384903;-0.3002392202615738;0.5893343687057495;0.8855737447738647;0.3413593073685964;0.587287445863088;0.9109170238176981;0.13350915908813477;;girando;frontal
2.83;0.6142503023147583;0.35794341564178467;-0.1335577666759491;0.5995192527770996;0.4135960042476654;0.04637295380234718;0.5781257748603821;0.40990978479385376;-0.23598983883857727;0.5989062190055847;0.5233973860740662;0.09239960461854935;0.5706767439842224;0.5273624062538147;-0.27355578541755676;0.6056846976280212;0.6208186745643616;0.08615559339523315;0.5882514715194702;0.6205176711082458;-0.08620947599411011;0.605093240737915;0.7523559927940369;0.1882711499929428;0.5902084112167358;0.7615101933479309;0.008908085525035858;0.6112308740615845;0.3346903890371323;-0.12124161720275879;0.6124018281698227;0.632992297410965;0.03471723664551973;0.5819392055273056;0.6454905867576599;-0.2921629995107651;0.593780001004537;0.882516105969747;0.31008870402971905;0.588493824005127;0.9108991225560507;0.11812458435694377;;girando;frontal
2.87;0.614154577255249;0.357899934053421;-0.1279984563589096;0.6041321158409119;0.41642650961875916;0.04789798706769943;0.5764757990837097;0.4099780321121216;-0.22651056945323944;0.6085493564605713;0.5235980749130249;0.10217593610286713;0.5699018836021423;0.5257933735847473;-0.26135045289993286;0.6069437861442566;0.6209279894828796;0.08271311968564987;0.5870212316513062;0.6206483244895935;-0.08275352418422699;0.6063346862792969;0.7521217465400696;0.1754397749900818;0.5900322794914246;0.7613365054130554;0.005847040098160505;0.6113436043262481;0.3346827119588852;-0.11571504585444928;0.6264228522777557;0.6292014271020889;0.051503267139196396;0.579462394118309;0.6453608274459839;-0.27837833017110825;0.5977829297383627;0.8833436568578085;0.2922898729642232;0.5893887281417847;0.9097805817921957;0.11204084505637486;;girando;frontal
2.9;0.6141305565834045;0.35788094997406006;-0.11935239285230637;0.6087048649787903;0.4192013740539551;0.04868593439459801;0.574746310710907;0.40998968482017517;-0.2047295719385147;0.6153084635734558;0.5232486724853516;0.10166621953248978;0.56757652759552;0.5241253972053528;-0.2366296797990799;0.6087854504585266;0.6204739809036255;0.07515733689069748;0.5859947800636292;0.6204962134361267;-0.07520037889480591;0.609807014465332;0.7519410252571106;0.14514639973640442;0.5885393023490906;0.7611072659492493;-0.00240562716498971;0.611589229106903;0.3348024219274521;-0.1078750178217888;0.6329908668994904;0.6267344206571579;0.04970233514904976;0.5779826939105988;0.6452799588441849;-0.26125574856996536;0.6032640735308329;0.8850046396255493;0.24636451403299967;0.5887189706166586;0.9082923332850138;0.09360322852929433;;girando;frontal
2.93;0.6140269041061401;0.35859107971191406;-0.11710024625062943;0.611846923828125;0.419453889131546;0.04782171919941902;0.5734761357307434;0.40999922156333923;-0.18196909129619598;0.6210142374038696;0.5214582681655884;0.09638570994138718;0.5653584003448486;0.5240588188171387;-0.20862209796905518;0.6112241744995117;0.6202890276908875;0.06569095700979233;0.5861102342605591;0.6204157471656799;-0.06570730358362198;0.6109830737113953;0.751844584941864;0.10493045300245285;0.5867850184440613;0.7609613537788391;-0.02256094105541706;0.6120324313640595;0.3358212560415268;-0.1025940716266632;0.6370670050382614;0.6225647777318954;0.043031102046370506;0.5757599174976349;0.6447985172271729;-0.22780806943774223;0.606170137723287;0.8888837297757467;0.17983542879422507;0.587197482585907;0.9070387482643127;0.052088977730212115;;girando;frontal
2.97;0.6139912009239197;0.35855141282081604;-0.11562925577163696;0.6186734437942505;0.4192628264427185;0.04831606522202492;0.5722002387046814;0.410093754529953;-0.15857911109924316;0.6271961331367493;0.5183977484703064;0.09627250581979752;0.5621783137321472;0.5240801572799683;-0.17798785865306854;0.6144749522209167;0.6202213168144226;0.05803317949175835;0.586051881313324;0.6197490096092224;-0.058023229241371155;0.6133818030357361;0.7529359459877014;0.07822664827108383;0.585009753704071;0.7612848281860352;-0.031416960060596466;0.6122011840343475;0.3357959032058716;-0.09946001693606377;0.6436665952205658;0.6180461496114731;0.04108373075723648;0.5723867118358612;0.6446240246295929;-0.20718879625201225;0.6094932158788046;0.8906640013058981;0.1510205715894699;0.5876994927724203;0.9070156017939249;0.04073460182795922;;girando;frontal
3.0;0.6139758825302124;0.35795164108276367;-0.10475081205368042;0.6235033273696899;0.4192332327365875;0.04810481145977974;0.5719597339630127;0.41010209918022156;-0.13259068131446838;0.6296370625495911;0.5153283476829529;0.09463140368461609;0.5611266493797302;0.5237972736358643;-0.1472289264202118;0.6158787608146667;0.6185761094093323;0.049762558192014694;0.5857313871383667;0.6171961426734924;-0.04974135383963585;0.6151260733604431;0.7532052993774414;0.06801638007164001;0.5839349031448364;0.761201024055481;-0.030557582154870033;0.6124691367149353;0.33563055992126467;-0.09451445862650872;0.6477759331464767;0.607849046587944;0.03197691333480179;0.5688629746437073;0.6422347128391266;-0.18433396518230438;0.6116061409314474;0.8890537619590759;0.14199723054965338;0.5883319973945618;0.9059768716494242;0.043537055452664696;;girando;frontal
3.03;0.6139569282531738;0.3565545678138733;-0.1266644150018692;0.627751886844635;0.4194079637527466;0.03456253185868263;0.5705510377883911;0.41034427285194397;-0.12931792438030243;0.6367495656013489;0.5152638554573059;0.08306964486837387;0.5595552325248718;0.523029625415802;-0.13598763942718506;0.6167436242103577;0.6185001730918884;0.046941738575696945;0.5841037034988403;0.6171968579292297;-0.04691750183701515;0.6167418956756592;0.7579031586647034;0.053126830607652664;0.5826460719108582;0.762726902961731;-0.03508814424276352;0.6125840425491333;0.33447839617729186;-0.11832041516900063;0.660771518945694;0.6112253218889236;-0.005557236567256041;0.5663930773735046;0.6407139301300049;-0.18886644020676613;0.6119073033332825;0.8901311755180359;0.16314502557118735;0.5872093439102173;0.9058961272239685;0.05486413595887522;;girando;frontal
3.07;0.6141507625579834;0.3551467955112457;-0.12664835155010223;0.6320412755012512;0.4196816384792328;0.021417995914816856;0.5700668692588806;0.41075748205184937;-0.1169758215546608;0.643638551235199;0.5154122710227966;0.0640423521399498;0.5592699646949768;0.5234382152557373;-0.11847596615552902;0.6173966526985168;0.6179271936416626;0.04064907506108284;0.5826220512390137;0.6167921423912048;-0.040632184594869614;0.6171514391899109;0.7581806778907776;0.036789387464523315;0.5814602971076965;0.7625730037689209;-0.03860029578208923;0.6132559597492218;0.3332222193479538;-0.1184157334268093;0.6660110950469971;0.6124784797430038;-0.031494049821048975;0.5647238194942474;0.6398147195577621;-0.17313235625624657;0.6123598019282023;0.8918600678443909;0.14427002519369125;0.5860483447710673;0.9059147834777832;0.05711669917218387;;girando;frontal
3.1;0.6141177415847778;0.35457292199134827;-0.1253153681755066;0.6353934407234192;0.41961634159088135;0.018142303451895714;0.5698806047439575;0.41147342324256897;-0.09362970292568207;0.6474071145057678;0.5150524973869324;0.06003385782241821;0.5586618781089783;0.5232933163642883;-0.08856911212205887;0.6183299422264099;0.6174547076225281;0.034451428800821304;0.5822038054466248;0.6154906153678894;-0.03443821519613266;0.6173531413078308;0.7577351331710815;0.01924104429781437;0.5805928111076355;0.7611969113349915;-0.04238757863640785;0.6138701498508453;0.3326710224151611;-0.117931205406785;0.6691248863935471;0.614010825753212;-0.042516733054071665;0.5627672523260117;0.6360599845647812;-0.15002595260739326;0.6117236018180847;0.8924264311790466;0.12440529962380727;0.5852451125780741;0.9048984249432882;0.05250372147808472;;girando;frontal
3.13;0.6141148805618286;0.3545777201652527;-0.12534190714359283;0.6387885212898254;0.4198213517665863;0.011868786998093128;0.5705450773239136;0.41165414452552795;-0.07540331780910492;0.6509139537811279;0.5152024030685425;0.05185075104236603;0.5582417845726013;0.5202726721763611;-0.06669408082962036;0.6190682649612427;0.6174132227897644;0.02807655930519104;0.5817910432815552;0.6141754984855652;-0.02807384356856346;0.6168410181999207;0.758931577205658;0.012330287136137486;0.579433023929596;0.7607475519180298;-0.04031358286738396;0.6144960522651672;0.3326089471578598;-0.12022070288658142;0.6700520366430283;0.6161562651395798;-0.050551772117614746;0.5609721392393112;0.6329157203435898;-0.13344133086502552;0.6116647322972616;0.8928488890329996;0.11021680633227031;0.5851180156071981;0.9033186435699463;0.050413864043851696;;girando;frontal
3.17;0.6140234470367432;0.35436806082725525;-0.1491934359073639;0.6423200964927673;0.42013707756996155;-0.005534549709409475;0.5710577964782715;0.41199082136154175;-0.07354006916284561;0.6532347798347473;0.5154657959938049;0.03487198054790497;0.5588248372077942;0.5193662047386169;-0.06082133576273918;0.6195594668388367;0.617399275302887;0.024387795478105545;0.581548810005188;0.6130397915840149;-0.024405933916568756;0.6163687705993652;0.7593389749526978;0.011500620283186436;0.5792622566223145;0.7580773830413818;-0.03603748977184296;0.6151365995407104;0.33248394429683686;-0.14675240367650985;0.6726169437170029;0.6195548623800278;-0.06983556412160397;0.5597467571496964;0.632108062505722;-0.13890891522169113;0.6106935342152914;0.8934356371561686;0.1190112034479777;0.5852832396825155;0.9008788069089254;0.06192057409013311;;girando;frontal
3.2;0.6147452592849731;0.3543756902217865;-0.16234327852725983;0.6445562243461609;0.42065590620040894;-0.012015154585242271;0.5711731910705566;0.41273263096809387;-0.0786084234714508;0.6564190983772278;0.517041802406311;0.03213834390044212;0.5594247579574585;0.5193304419517517;-0.06215321645140648;0.6203047633171082;0.6176605820655823;0.023024432361125946;0.5815565586090088;0.6129931211471558;-0.023042362183332443;0.6177022457122803;0.7623921036720276;0.005453979130834341;0.5792481303215027;0.7581000924110413;-0.034183867275714874;0.6169454038143158;0.33253892660140993;-0.15922436341643334;0.6746239066123962;0.6260390877723694;-0.07798738498240709;0.5594945102930069;0.6325946599245071;-0.14420311897993088;0.6109545826911926;0.8961337208747864;0.13255051523447037;0.5851921240488688;0.9011934002240499;0.07931518306334813;;girando;frontal
3.23;0.6153531074523926;0.3543877899646759;-0.16338422894477844;0.6464262008666992;0.42115917801856995;-0.017400726675987244;0.572458028793335;0.41347792744636536;-0.07624610513448715;0.6579020619392395;0.5174040198326111;0.02847248688340187;0.5599111318588257;0.5186719298362732;-0.05765967071056366;0.6215800642967224;0.6175588369369507;0.02057577669620514;0.5816969871520996;0.6121751666069031;-0.02060932107269764;0.6186391711235046;0.7620983719825745;0.004835713189095259;0.5795122981071472;0.7566748857498169;-0.03220871835947037;0.6179193258285522;0.3326015442609787;-0.16071314886212348;0.6749510169029236;0.6290037930011749;-0.0743554700165987;0.5591200143098831;0.6312735080718994;-0.13607932813465595;0.6112250685691833;0.895775318145752;0.1283995658159256;0.5834864775339762;0.8955639998118082;0.0891171054293712;;girando;frontal
3.27;0.6176635026931763;0.3546130955219269;-0.1643294394016266;0.6479623913764954;0.42148536443710327;-0.025701988488435745;0.5742961168289185;0.4135053753852844;-0.07636920362710953;0.6597790122032166;0.5175697207450867;0.02146773785352707;0.5601810216903687;0.5167005658149719;-0.05594410002231598;0.622901201248169;0.6165221929550171;0.014943892136216164;0.581912636756897;0.6104519963264465;-0.01495323609560728;0.6190389394760132;0.7609074711799622;-0.001213270821608603;0.5796895027160645;0.7543312311172485;-0.025184391066432;0.6199006855487823;0.3329747647047043;-0.16217271760106086;0.6754782348871231;0.6300045996904373;-0.07840914651751518;0.5591704845428467;0.6291370838880539;-0.13132847473025322;0.6114600499471029;0.8943641583124796;0.12323140601317088;0.5815315246582031;0.886072019735972;0.10109384109576543;;girando;frontal
3.3;0.6181012988090515;0.35462379455566406;-0.16285906732082367;0.6490323543548584;0.4218325614929199;-0.03120986744761467;0.5760661363601685;0.413417786359787;-0.06720390170812607;0.6606252193450928;0.5181817412376404;0.012926004827022552;0.5605068802833557;0.5151525139808655;-0.04708408564329147;0.6237785816192627;0.616094708442688;0.009077203460037708;0.5822679996490479;0.6095916032791138;-0.009094796143472195;0.6192061305046082;0.7594671845436096;-0.0028979158960282803;0.5798255801200867;0.7512491345405579;-0.013879521749913692;0.6209419131278991;0.3330900132656097;-0.16145396903157233;0.6751829385757446;0.6318893283605576;-0.08381909318268299;0.559553787112236;0.6282615959644318;-0.12588365375995636;0.6118672291437784;0.8939871788024902;0.11223840589324634;0.5807766517003378;0.882746160030365;0.10519739488760631;;girando;frontal
3.33;0.6188140511512756;0.35463398694992065;-0.16570451855659485;0.6499667763710022;0.4221164584159851;-0.03795311972498894;0.5779377818107605;0.41318485140800476;-0.06594567745923996;0.660731852054596;0.5189546942710876;0.005195391830056906;0.5611592531204224;0.512459933757782;-0.044483233243227005;0.6244776248931885;0.6153945922851562;0.005148833617568016;0.5829179286956787;0.6087883710861206;-0.005161765031516552;0.6196355819702148;0.7551748752593994;-0.0038132427725940943;0.5799072980880737;0.7484689950942993;-0.006317703984677792;0.6218505263328552;0.3331568896770477;-0.1649685561656952;0.6743531227111816;0.6324050277471542;-0.08946087956428528;0.5598236322402954;0.6258288770914078;-0.12455244176089764;0.6122803886731466;0.8916465242703756;0.11071108157436053;0.581069548924764;0.88114466269811;0.10889438912272453;;girando;frontal
3.37;0.6185650825500488;0.35319507122039795;-0.16121579706668854;0.6506091356277466;0.4225011467933655;-0.03843614459037781;0.579231321811676;0.41271480917930603;-0.061092525720596313;0.6601573824882507;0.5191330313682556;0.002152913948521018;0.5615044236183167;0.5111826658248901;-0.04103096202015877;0.6247460246086121;0.6147231459617615;0.004453818779438734;0.5834968686103821;0.6079566478729248;-0.004476699512451887;0.6200435757637024;0.7510462999343872;0.002713765949010849;0.5799599289894104;0.7448246479034424;-0.0028109371196478605;0.6218271255493164;0.3326614201068878;-0.15993764698505403;0.6727254837751389;0.6322399377822876;-0.08720780536532402;0.5600862205028534;0.6234902888536453;-0.11999969370663166;0.6124135454495748;0.8908718029657999;0.09979145601391792;0.5804847876230875;0.8808942635854086;0.10098321735858917;;girando;frontal
3.4;0.6185208559036255;0.35115212202072144;-0.16286607086658478;0.6506208777427673;0.42258769273757935;-0.04028110206127167;0.5797890424728394;0.41174057126045227;-0.058980848640203476;0.6595292687416077;0.5189889669418335;0.0013428525999188423;0.5619527697563171;0.5100284814834595;-0.03694900870323181;0.6247497200965881;0.6134578585624695;0.0023474167101085186;0.5836209058761597;0.6066979765892029;-0.002385732950642705;0.6201459169387817;0.7493649125099182;-0.004492159001529217;0.5799798369407654;0.7424595952033997;0.0016006414080038667;0.6218314945697785;0.3314152956008911;-0.16201782301068307;0.6714494675397873;0.6320065259933472;-0.08868167921900749;0.5602959990501404;0.6200252771377563;-0.11998739279806614;0.6123953859011332;0.8901983896891276;0.10438906401395798;0.5802429517110189;0.8781804442405701;0.11454459155599277;;vertical;frontal
3.43;0.6181979775428772;0.3495734632015228;-0.1663089543581009;0.6510679125785828;0.4227982759475708;-0.04596246778964996;0.5803717970848083;0.4102696180343628;-0.059469375759363174;0.6589417457580566;0.5191954374313354;-0.0033532693050801754;0.5623785853385925;0.508633553981781;-0.03539988771080971;0.624865710735321;0.6121073365211487;0.0003901628660969436;0.5838115215301514;0.6055613160133362;-0.0004299683787394315;0.620637834072113;0.7482237219810486;-0.008244546130299568;0.5799614787101746;0.741988480091095;0.008890919387340546;0.6218091130256653;0.3303543537855148;-0.1661964736878872;0.6709979176521301;0.6317783743143082;-0.0919185932725668;0.5604531615972519;0.6172534972429276;-0.11913212575018406;0.6127802530924479;0.888640026251475;0.10223526880145073;0.5801655054092407;0.8753605683644613;0.12827950219313303;;vertical;frontal
3.47;0.6177622675895691;0.3490452766418457;-0.1633104681968689;0.6510697603225708;0.42284080386161804;-0.04512588307261467;0.580979585647583;0.4094397723674774;-0.05327383801341057;0.6582836508750916;0.5192021131515503;-0.005027290899306536;0.5626067519187927;0.5073955655097961;-0.027720097452402115;0.6251082420349121;0.610897958278656;-0.0009240739746019244;0.5842393636703491;0.6047287583351135;0.0008878281223587692;0.6212165951728821;0.7467941045761108;-0.010915554128587246;0.5797955393791199;0.7409506440162659;0.013927195221185684;0.6217408537864685;0.3299971878528595;-0.1628997206687927;0.6671262979507446;0.6312927305698395;-0.0952400229871273;0.5605514347553253;0.6157928705215454;-0.10980016924440861;0.6130243142445883;0.8871394197146097;0.09861452504992485;0.5802849729855856;0.8734823862711588;0.13494397699832916;;vertical;frontal
3.5;0.6175187230110168;0.34890878200531006;-0.16769525408744812;0.6511251926422119;0.423099547624588;-0.05020483583211899;0.5812596082687378;0.4090656340122223;-0.05606227368116379;0.6576234102249146;0.520093560218811;-0.009099451825022697;0.5628432631492615;0.5066282153129578;-0.02957979217171669;0.625246524810791;0.6099497675895691;-0.0014788068365305662;0.584667980670929;0.6041721701622009;0.0014427099376916885;0.6213114261627197;0.74605393409729;-0.01353940274566412;0.5798249840736389;0.7409971952438354;0.014646299183368683;0.6216604113578796;0.32977628111839297;-0.1681737035512924;0.6621548384428024;0.6310791224241257;-0.09928992204368114;0.5606379359960556;0.6150875091552734;-0.11252423003315926;0.6131667097409567;0.8861794273058573;0.1006448691089948;0.5809516708056132;0.8711879650751749;0.14056836316982904;;vertical;frontal
3.53;0.6165004968643188;0.34855586290359497;-0.15848760306835175;0.6508594751358032;0.42321231961250305;-0.04660806059837341;0.5813921093940735;0.4088102877140045;-0.04496591538190842;0.6572901010513306;0.5200902819633484;-0.012420753948390484;0.5632327795028687;0.5063871741294861;-0.019335247576236725;0.6252665519714355;0.6090587377548218;-0.002557284664362669;0.5850279927253723;0.6035675406455994;0.002524127485230565;0.6214429140090942;0.744924008846283;-0.01325482688844204;0.5798532366752625;0.7397531270980835;0.013429678976535797;0.6213717222213745;0.32944132685661315;-0.16154083535075187;0.6585286855697632;0.6311789453029633;-0.10370232909917831;0.5607028603553772;0.6148812025785446;-0.10011183097958565;0.6133994460105896;0.8851384917894999;0.09349985172351201;0.5810755093892416;0.8713805278142294;0.13060221821069717;;vertical;frontal
3.57;0.6156904697418213;0.348543643951416;-0.15827158093452454;0.6504756212234497;0.4233536720275879;-0.046755317598581314;0.581283450126648;0.40855836868286133;-0.049878016114234924;0.6556650996208191;0.5206649899482727;-0.012288596481084824;0.5638851523399353;0.5064960718154907;-0.02538156695663929;0.6252452731132507;0.6083165407180786;-0.0007480049971491098;0.5852323770523071;0.6031323671340942;0.0007131119491532445;0.6221143007278442;0.7444381713867188;-0.011427341029047966;0.5808113217353821;0.7392623424530029;0.011560346931219101;0.6211183428764343;0.32939228415489197;-0.16018654853105546;0.6545041799545288;0.6315526515245438;-0.10120870545506477;0.5609906315803528;0.6153545826673508;-0.10325330682098866;0.6140883763631185;0.885159989198049;0.0879946934680144;0.5815345446268717;0.8714779218037924;0.12616239239772162;;vertical;frontal
3.6;0.6151038408279419;0.3485998511314392;-0.12710236012935638;0.6501257419586182;0.42341679334640503;-0.0342528261244297;0.5812106728553772;0.4085821509361267;-0.02963099628686905;0.653936505317688;0.520663857460022;-0.008384563028812408;0.5639897584915161;0.5066938400268555;-0.009689662605524063;0.6252393126487732;0.6083470582962036;-0.0008233627304434776;0.585507869720459;0.6032664775848389;0.000810447265394032;0.622387170791626;0.7441089153289795;-0.012171044945716858;0.5818802118301392;0.738823652267456;0.01070981752127409;0.6208296656608582;0.32942638993263246;-0.12702898681163788;0.6513340771198273;0.6304319649934769;-0.10033425316214561;0.5614934712648392;0.6158450096845627;-0.08303971029818058;0.6146040757497152;0.8850206136703491;0.08050936460494995;0.5816585421562195;0.8712185223897299;0.12321785092353821;;vertical;frontal
3.63;0.6145178079605103;0.3494056463241577;-0.12610657513141632;0.6500326991081238;0.42345717549324036;-0.030875321477651596;0.5809023976325989;0.408631831407547;-0.03052309714257717;0.6519848704338074;0.5207553505897522;-0.006448213942348957;0.5639787316322327;0.5068106055259705;-0.011550238355994225;0.625175952911377;0.608439564704895;-0.0008605521870777011;0.585609495639801;0.6033530831336975;0.0008640500018373132;0.622541606426239;0.7438381910324097;-0.01098182424902916;0.5826869010925293;0.7374618649482727;0.012438800185918808;0.6204143941402436;0.3296728581190109;-0.1256469964981079;0.6486255079507828;0.6307780742645264;-0.09853808209300041;0.5621316730976105;0.6159666925668716;-0.08474999852478504;0.6146741112073263;0.8844273686408997;0.07596235473950703;0.5816893974939982;0.8699462215105692;0.12307037909825642;;vertical;frontal
3.67;0.6139144897460938;0.3494400084018707;-0.13261862099170685;0.6493395566940308;0.42347782850265503;-0.031871963292360306;0.5796933174133301;0.40868571400642395;-0.03734998777508736;0.6510339975357056;0.5216197371482849;-0.007948399521410465;0.563704788684845;0.5068575143814087;-0.018483789637684822;0.6251434683799744;0.6085116267204285;-0.0008932352648116648;0.5857172012329102;0.6038872599601746;0.0008938618702813983;0.6224675178527832;0.7438670992851257;-0.009762829169631004;0.5831623673439026;0.7373273968696594;0.01455027423799038;0.6197493255138398;0.32965865135192873;-0.1317342586815357;0.6472131311893463;0.6311058104038239;-0.09922784194350243;0.5626882016658783;0.6177755743265152;-0.09314184449613094;0.6149477163950602;0.8843643466631571;0.07942983011404674;0.581780195236206;0.8695783615112305;0.12304711093505223;;vertical;frontal
3.7;0.6130274534225464;0.3494715392589569;-0.13602574169635773;0.6478564143180847;0.4234732389450073;-0.03981505706906319;0.5780959725379944;0.40899163484573364;-0.04142656922340393;0.6501026749610901;0.5216941237449646;-0.013777690939605236;0.5632278919219971;0.5081406235694885;-0.02211555279791355;0.625113844871521;0.6084092855453491;-0.0013802358880639076;0.5858501195907593;0.6040911078453064;0.0013827369548380375;0.622352659702301;0.7435302734375;-0.008745569735765457;0.5836976170539856;0.7370861172676086;0.014543789438903332;0.6188454449176788;0.32963207364082336;-0.13536129519343376;0.6456144601106644;0.6311593651771545;-0.10369192995131016;0.5634482800960541;0.620928943157196;-0.09749876707792282;0.6150622367858887;0.8842367132504781;0.07838120435674985;0.5818568468093872;0.8688963254292806;0.12260860453049342;;vertical;frontal
3.73;0.6123283505439758;0.34949758648872375;-0.13941986858844757;0.645767092704773;0.42325180768966675;-0.04553573578596115;0.576275110244751;0.40938061475753784;-0.04370563104748726;0.6488732099533081;0.5216808915138245;-0.019457528367638588;0.5626688003540039;0.5103151202201843;-0.024064160883426666;0.625080943107605;0.6078196167945862;-0.0045790658332407475;0.5858861207962036;0.6041210889816284;0.004576199222356081;0.6219971776008606;0.7422768473625183;-0.00813984777778387;0.5837937593460083;0.7362486124038696;0.013927186839282513;0.6178398728370667;0.32957673370838164;-0.1381408266723156;0.6432598829269409;0.6311817020177841;-0.10925663262605667;0.5637099891901016;0.6231346726417542;-0.09908939339220524;0.6149513324101766;0.8831958770751953;0.08272040138641994;0.581883986790975;0.8692688345909119;0.11906860768795013;;vertical;frontal
3.77;0.6111356616020203;0.34951871633529663;-0.1543751060962677;0.6435956954956055;0.4229359030723572;-0.05309528112411499;0.5746973752975464;0.4097425639629364;-0.05066835135221481;0.6478050947189331;0.5216747522354126;-0.022999415174126625;0.5620825886726379;0.5126687288284302;-0.029440931975841522;0.6249099373817444;0.6073111295700073;-0.005822240374982357;0.5859031081199646;0.604091465473175;0.005808386951684952;0.6215206384658813;0.7418971657752991;-0.007150658871978521;0.5839715003967285;0.7350741624832153;0.014556759037077427;0.6163995563983917;0.3295409232378006;-0.15301634818315507;0.6410115212202072;0.6314244270324707;-0.10889100469648838;0.5638020783662796;0.6240125745534897;-0.10611006245017052;0.6151103576024374;0.881652315457662;0.08467198970417182;0.581885814666748;0.8696573575337728;0.11754278093576431;;vertical;frontal
3.8;0.609912633895874;0.34941166639328003;-0.15302209556102753;0.6421481370925903;0.4222389757633209;-0.0499575138092041;0.5736973881721497;0.4101327359676361;-0.050180789083242416;0.6470627784729004;0.5215737819671631;-0.018858781084418297;0.5614495277404785;0.5134106278419495;-0.029462670907378197;0.6247710585594177;0.6070539951324463;-0.006120212841778994;0.5858822464942932;0.6040455102920532;0.006098083686083555;0.6211742758750916;0.7420749068260193;-0.007049208506941795;0.5842788219451904;0.735336184501648;0.015182163566350937;0.6148864388465881;0.3294058501720428;-0.1517827458679676;0.6410077959299088;0.631538450717926;-0.1059664711356163;0.563848689198494;0.6240863800048828;-0.10619276203215122;0.6148637135823568;0.8813255429267883;0.08342489351828893;0.5820068518320719;0.8697710037231445;0.11754527688026428;;vertical;frontal
3.83;0.6088968515396118;0.3490472435951233;-0.15275277197360992;0.6411311030387878;0.4213978350162506;-0.048944275826215744;0.5728912949562073;0.4107580780982971;-0.050677359104156494;0.6464194655418396;0.5212605595588684;-0.017346395179629326;0.5606555938720703;0.514318585395813;-0.030933380126953125;0.6247200965881348;0.6070661544799805;-0.00552691426128149;0.5858080983161926;0.6040641665458679;0.00550460908561945;0.6211215257644653;0.7427360415458679;-0.007036323193460703;0.5846279859542847;0.7355306148529053;0.015596664510667324;0.6135662019252777;0.3291608214378357;-0.15152290388941764;0.6413549929857254;0.6312681436538696;-0.10482354089617729;0.5639025568962097;0.6243848353624344;-0.10661105625331402;0.6148108045260111;0.881876011689504;0.08101706020534039;0.5820376873016357;0.869961659113566;0.11862042297919591;;vertical;frontal
3.87;0.6077620983123779;0.34897950291633606;-0.15894900262355804;0.6404143571853638;0.4206339418888092;-0.048746950924396515;0.5722594857215881;0.41119903326034546;-0.05348760634660721;0.6463009715080261;0.519332230091095;-0.016674332320690155;0.560016930103302;0.5142635703086853;-0.03322261571884155;0.6244843602180481;0.6070395112037659;-0.005384837277233601;0.5856360793113708;0.6040826439857483;0.005359216593205929;0.6207952499389648;0.7438986897468567;-0.005692305043339729;0.585098385810852;0.7356716394424438;0.013659440912306309;0.6122016966342926;0.32901126742362974;-0.1580690048635006;0.6424287855625153;0.6297059506177902;-0.10473086312413216;0.563877210021019;0.6245749294757843;-0.11028562113642693;0.6148356199264526;0.8828476866086324;0.08188198258479436;0.582148551940918;0.8700456420580546;0.11795045187075932;;vertical;frontal
3.9;0.6067441701889038;0.3489728569984436;-0.16993774473667145;0.6401116251945496;0.4205612242221832;-0.05285996198654175;0.5716726183891296;0.41160574555397034;-0.0641118735074997;0.6464340686798096;0.5194369554519653;-0.01648423634469509;0.5593773722648621;0.5142295956611633;-0.04264498129487038;0.6241400241851807;0.6070297360420227;-0.0033918123226612806;0.5853192210197449;0.6041103005409241;0.0033628479577600956;0.6205129027366638;0.7445307374000549;-0.005124415270984173;0.585099995136261;0.7357529401779175;0.013847706839442253;0.61108757853508;0.32885822653770447;-0.16910893470048904;0.6428896486759186;0.6296224892139435;-0.10388020426034927;0.5637743473052979;0.6244517117738724;-0.1201550755649805;0.6150808334350586;0.8838738997777303;0.07915283429125945;0.582342247168223;0.8698017199834188;0.12135718762874603;;vertical;frontal
3.93;0.6058451533317566;0.3490251898765564;-0.1745767891407013;0.6395838260650635;0.4204263687133789;-0.05539460852742195;0.571036159992218;0.4117128551006317;-0.06865832954645157;0.6463980078697205;0.5194599628448486;-0.016406826674938202;0.5590106248855591;0.514193594455719;-0.046853188425302505;0.6239232420921326;0.6069668531417847;-0.0021920499857515097;0.5850685834884644;0.6041269302368164;0.002159648109227419;0.620066225528717;0.7445943355560303;-0.005124269984662533;0.5850890278816223;0.7358094453811646;0.01408083550632;0.6101557433605194;0.3288200557231903;-0.17418448328971864;0.643710121512413;0.6297601908445358;-0.10351019725203514;0.5636452287435532;0.6239573210477829;-0.12519901804625988;0.6152966022491455;0.8840994636217753;0.07933130798240502;0.5825640360514323;0.8691537578900655;0.12364162007967631;;vertical;frontal
3.97;0.6051737070083618;0.3491205871105194;-0.18006357550621033;0.6389968991279602;0.42022958397865295;-0.05736827105283737;0.570537805557251;0.41191813349723816;-0.07239776849746704;0.6465123891830444;0.518905758857727;-0.016493968665599823;0.5585982203483582;0.5141484141349792;-0.04983766749501228;0.6237835884094238;0.606885552406311;-0.0015466322656720877;0.5849226713180542;0.6041414737701416;0.0015170499682426453;0.6197319030761719;0.744604766368866;-0.006202727556228638;0.5845444202423096;0.7357739806175232;0.01506765466183424;0.6093891203403473;0.328804486989975;-0.17974335253238677;0.6457475423812866;0.6297204196453094;-0.10349451564252377;0.5635669529438019;0.6234913468360901;-0.12973512895405293;0.6153503656387329;0.8840601245562235;0.0771026685833931;0.5826366146405538;0.8687905470530192;0.1276878441373507;;vertical;frontal
4.0;0.6045100092887878;0.3492503762245178;-0.17566050589084625;0.638283371925354;0.419736385345459;-0.05539071187376976;0.5701764822006226;0.41208064556121826;-0.07100139558315277;0.6465581059455872;0.5167874097824097;-0.013543548062443733;0.558512270450592;0.5141940116882324;-0.049004603177309036;0.623563826084137;0.6064915060997009;-0.0009671653970144689;0.5848532915115356;0.6039988398551941;0.0009480594890192151;0.6192817687988281;0.7445006966590881;-0.007241209037601948;0.5837687849998474;0.735674262046814;0.014954502694308758;0.6087267518043518;0.3288073480129242;-0.1750908225774765;0.6477683782577515;0.6288286298513412;-0.0986570380628109;0.5635355859994888;0.623380571603775;-0.12705326825380325;0.6154388189315796;0.8839545249938965;0.06333936207617323;0.5826575557390848;0.8687431414922079;0.11932464068134625;;vertical;frontal
4.03;0.6042445302009583;0.3492206335067749;-0.16152261197566986;0.6375718712806702;0.41930091381073;-0.038708701729774475;0.5694393515586853;0.4121885597705841;-0.06651989370584488;0.6465988755226135;0.5151817202568054;0.002575468271970749;0.5581760406494141;0.5145836472511292;-0.048225387930870056;0.6234450340270996;0.6055188775062561;0.00035816640593111515;0.5848097801208496;0.6037000417709351;-0.00037003072793595493;0.6189299821853638;0.7436676025390625;-0.005867456551641226;0.5833058953285217;0.7353503108024597;0.0042325896210968494;0.6082165539264679;0.32872332632541656;-0.15959097743034362;0.6494971960783005;0.627109631896019;-0.07957189809530973;0.5633595585823059;0.623467892408371;-0.12370707280933857;0.6154844363530477;0.8832800984382629;0.06789382950713237;0.5828618407249451;0.8690591057141622;0.09458211933573087;;vertical;frontal
4.07;0.6036496162414551;0.34922128915786743;-0.15796814858913422;0.6371415257453918;0.41876083612442017;-0.03763347119092941;0.5691101551055908;0.4122631251811981;-0.06557521969079971;0.646628737449646;0.5138975381851196;0.002617913531139493;0.5578545331954956;0.5146580338478088;-0.046349186450242996;0.6233835816383362;0.6044939756393433;0.0008073485805653036;0.5848008394241333;0.6032305955886841;-0.0008112546638585627;0.6187843680381775;0.7418562173843384;-0.003646871307864785;0.5831654667854309;0.7348218560218811;0.005678748246282339;0.6075997412204742;0.32867138683795927;-0.15631205216050148;0.6505750119686127;0.6252444833517075;-0.07808530144393444;0.563170850276947;0.623474195599556;-0.12301850691437721;0.6153867244720459;0.8827563921610514;0.05919233070744667;0.5830736756324768;0.8694668809572855;0.0941065860291322;;vertical;frontal
