segundo;landmark_10_x;landmark_10_y;landmark_10_z;landmark_11_x;landmark_11_y;landmark_11_z;landmark_12_x;landmark_12_y;landmark_12_z;landmark_13_x;landmark_13_y;landmark_13_z;landmark_14_x;landmark_14_y;landmark_14_z;landmark_23_x;landmark_23_y;landmark_23_z;landmark_24_x;landmark_24_y;landmark_24_z;landmark_25_x;landmark_25_y;landmark_25_z;landmark_26_x;landmark_26_y;landmark_26_z;cara_prom_x;cara_prom_y;cara_prom_z;mano_izquierda_prom_x;mano_izquierda_prom_y;mano_izquierda_prom_z;mano_derecha_prom_x;mano_derecha_prom_y;mano_derecha_prom_z;pie_izquierdo_prom_x;pie_izquierdo_prom_y;pie_izquierdo_prom_z;pie_derecho_prom_x;pie_derecho_prom_y;pie_derecho_prom_z;;Etiqueta
0.03;0.5359315276145935;0.1820259839296341;-0.1991473287343979;0.5726146697998047;0.22865913808345795;-0.09267853200435638;0.5144904255867004;0.22801004350185394;-0.09431815892457962;0.5776609778404236;0.31375545263290405;-0.043467383831739426;0.5075824856758118;0.30763378739356995;-0.057482242584228516;0.5575056672096252;0.3863278329372406;-0.0006606451352126896;0.5273867845535278;0.3875488042831421;0.0005841639940626919;0.5500438213348389;0.49300849437713623;0.038814809173345566;0.5297260880470276;0.4930029809474945;0.04025400057435036;0.541182953119278;0.1638975813984871;-0.2036798730492592;0.5762705951929092;0.3949131742119789;-0.10863015428185463;0.5069797188043594;0.39236829429864883;-0.12307830154895782;0.5456675092379252;0.5970266262690226;0.18001629412174225;0.5325191418329874;0.5915462573369344;0.17863024274508157;;acercandose
0.07;0.5362856388092041;0.18202091753482819;-0.19099514186382294;0.5725566744804382;0.22900548577308655;-0.08673510700464249;0.5143080949783325;0.22745083272457123;-0.08999600261449814;0.5777691602706909;0.3137994706630707;-0.04347413778305054;0.5070980191230774;0.30735889077186584;-0.05773189291357994;0.5574308633804321;0.3860494792461395;-0.0011181323789060116;0.527180016040802;0.38524433970451355;0.0010558360954746604;0.5506635308265686;0.4916532635688782;0.02375825121998787;0.5295324921607971;0.4919549524784088;0.033452145755290985;0.5412716269493103;0.16406592726707458;-0.1948690339922905;0.5762319266796112;0.3947984129190445;-0.11315019242465496;0.507656529545784;0.392353817820549;-0.12429541349411011;0.5459176699320475;0.5974120100339254;0.13418727119763693;0.5329294403394064;0.5894615848859152;0.15209345271190008;;acercandose
0.1;0.536408543586731;0.1820075958967209;-0.1850677728652954;0.5724128484725952;0.22918203473091125;-0.08145167678594589;0.5141896605491638;0.2270784080028534;-0.08608891069889069;0.5777366757392883;0.31382736563682556;-0.041174910962581635;0.5068325400352478;0.30719056725502014;-0.05714981630444527;0.557258665561676;0.38579466938972473;-0.0011666653444990516;0.5268704295158386;0.3838489353656769;0.001107703661546111;0.5509514212608337;0.49090510606765747;0.020032063126564026;0.5294206142425537;0.49113184213638306;0.027991263195872307;0.5412635624408721;0.16416188180446625;-0.18891890347003937;0.5759656876325607;0.39502187073230743;-0.11295978724956512;0.5078294575214386;0.39239583164453506;-0.12410805746912956;0.5459973613421122;0.597571074962616;0.13091677675644556;0.5330288410186768;0.5893568396568298;0.14172514279683432;;acercandose
0.13;0.5364476442337036;0.18199576437473297;-0.18450799584388733;0.5723806619644165;0.22924624383449554;-0.08037129789590836;0.5141135454177856;0.22663894295692444;-0.08510293811559677;0.5777371525764465;0.3138236701488495;-0.04016787186264992;0.5066622495651245;0.30695322155952454;-0.05665549635887146;0.557158350944519;0.38566213846206665;-0.0011775941820815206;0.5266566276550293;0.38297393918037415;0.0011204674374312162;0.551214337348938;0.49045753479003906;0.016962751746177673;0.5293084383010864;0.4904071092605591;0.024906545877456665;0.5412208437919617;0.1641884922981262;-0.1885448157787323;0.5757621377706528;0.395155169069767;-0.11277883313596249;0.5078391879796982;0.3921402841806412;-0.12410053052008152;0.5460365414619446;0.5977304180463155;0.12969791889190674;0.5331681569417318;0.5894370079040527;0.13862887769937515;;acercandose
0.17;0.5365865230560303;0.18200050294399261;-0.18688498437404633;0.5723138451576233;0.2292444109916687;-0.08207821100950241;0.5139738321304321;0.2263990193605423;-0.08533238619565964;0.5776468515396118;0.3137595057487488;-0.040358781814575195;0.5065308809280396;0.30687448382377625;-0.0589662529528141;0.5570521950721741;0.3854658901691437;-0.0011272644624114037;0.5264562368392944;0.3824370801448822;0.0010742847807705402;0.551362931728363;0.49015381932258606;0.017531823366880417;0.5291762948036194;0.4898519217967987;0.02441711165010929;0.5412235856056213;0.16426483541727066;-0.19094897210597991;0.5753838121891022;0.3952135294675827;-0.1123550608754158;0.5078238993883133;0.3919716626405716;-0.1270791795104742;0.546100934346517;0.5975912014643351;0.13209799180428186;0.5331750909487406;0.589583178361257;0.13856609414021173;;acercandose
0.2;0.5367492437362671;0.1820472776889801;-0.18830826878547668;0.5723133683204651;0.22922690212726593;-0.0825536921620369;0.5139493942260742;0.22609944641590118;-0.08626960217952728;0.5776587724685669;0.3134930729866028;-0.039786700159311295;0.5063839554786682;0.3065648078918457;-0.05910322815179825;0.5569847226142883;0.3852151036262512;-0.0011255057761445642;0.5262994766235352;0.38202965259552;0.0010722303995862603;0.5513739585876465;0.48988401889801025;0.016609176993370056;0.5290350317955017;0.4897811710834503;0.02368897572159767;0.5412474751472474;0.16437161713838577;-0.19232226610183717;0.5750466287136078;0.39470532536506653;-0.11081462912261486;0.5074436664581299;0.3916861191391945;-0.12762370146811008;0.5461022655169169;0.5975473324457804;0.1296840930978457;0.5331507126490275;0.5898395776748657;0.13645226508378983;;acercandose
0.23;0.5368351936340332;0.1822541356086731;-0.1890958547592163;0.5723230838775635;0.2292410284280777;-0.08318568766117096;0.5139366984367371;0.22594161331653595;-0.08702872693538666;0.5776646733283997;0.3133032023906708;-0.03984149545431137;0.5063831210136414;0.3064935803413391;-0.0589231438934803;0.5568807721138;0.3850311040878296;-0.0013640080578625202;0.5261883735656738;0.3818207085132599;0.0013157087378203869;0.5513663291931152;0.4896894693374634;0.015341580845415592;0.5289619565010071;0.48972079157829285;0.024409828707575798;0.5412639796733856;0.16463684141635895;-0.1930665999650955;0.5746815353631973;0.3946414291858673;-0.1109284944832325;0.506889596581459;0.3915048837661743;-0.12755617499351501;0.5460834503173828;0.5974823037783304;0.1291170467933019;0.5331145326296488;0.5899995168050131;0.13788986454407373;;acercandose
0.27;0.5368647575378418;0.18242552876472473;-0.18929976224899292;0.5723321437835693;0.22924254834651947;-0.08350897580385208;0.5139362215995789;0.2256801426410675;-0.08631551265716553;0.5776819586753845;0.31319695711135864;-0.04246098920702934;0.5063824653625488;0.30633780360221863;-0.05676719546318054;0.5568068623542786;0.38482508063316345;-0.0019866707734763622;0.5260866284370422;0.381589412689209;0.0019435599679127336;0.5513527393341064;0.4896879494190216;0.013626123778522015;0.5287941098213196;0.4896133542060852;0.02501250058412552;0.5412659227848053;0.16487825512886048;-0.1935884401202202;0.574419379234314;0.39458833634853363;-0.11402201652526855;0.5064648389816284;0.3913218677043915;-0.1270331833511591;0.5460911989212036;0.5973422129948934;0.1260420878728231;0.5330143372217814;0.5901855031649271;0.13729915767908096;;acercandose
0.3;0.5368645191192627;0.18250909447669983;-0.18767501413822174;0.5723341703414917;0.2291950285434723;-0.08379607647657394;0.5139519572257996;0.22549819946289062;-0.08337896317243576;0.5777109861373901;0.31306585669517517;-0.04441669210791588;0.5064219832420349;0.30608800053596497;-0.05188941955566406;0.5566248297691345;0.38416051864624023;-0.0029163393191993237;0.5258963704109192;0.3808061480522156;0.0028731380589306355;0.551277756690979;0.489482581615448;0.011729089543223381;0.5286887288093567;0.4890997111797333;0.025310788303613663;0.5412383735179901;0.16500802636146544;-0.19249833673238753;0.5743069052696228;0.39422859996557236;-0.11689769104123116;0.506288468837738;0.3908598944544792;-0.1231723316013813;0.5459848046302795;0.5973239342371622;0.1203585018714269;0.5328807632128397;0.5902309020360311;0.13516362756490707;;acercandose
0.33;0.5368783473968506;0.1825697124004364;-0.18709434568881989;0.5724118947982788;0.22917583584785461;-0.08437290787696838;0.5140854716300964;0.22539874911308289;-0.08223287016153336;0.5777897238731384;0.31302326917648315;-0.046820104122161865;0.5064248442649841;0.3058638870716095;-0.05006574094295502;0.5565650463104248;0.3840373158454895;-0.003533639246597886;0.5258775353431702;0.3807646632194519;0.0034913234412670135;0.5512506365776062;0.4893988370895386;0.012710047885775566;0.5285710096359253;0.488915354013443;0.025831375271081924;0.5411875963211059;0.16515524983406066;-0.19214743971824647;0.5742369741201401;0.394088052213192;-0.11876894719898701;0.5062454491853714;0.3903973028063774;-0.12063271179795265;0.5459455251693726;0.5972320437431335;0.1234773447116216;0.5327456792195638;0.5903162956237793;0.1375804195801417;;acercandose
0.37;0.5368303060531616;0.18274442851543427;-0.19201727211475372;0.5725152492523193;0.2290905863046646;-0.09082584828138351;0.5142326951026917;0.2252528816461563;-0.08353756368160248;0.5778476595878601;0.31300416588783264;-0.05379032716155052;0.5064536929130554;0.30556872487068176;-0.050543807446956635;0.5563812851905823;0.3836372494697571;-0.003730408614501357;0.5257725119590759;0.38030022382736206;0.003688293043524027;0.5511062741279602;0.48897281289100647;0.012936711311340332;0.528418242931366;0.4886287450790405;0.026162948459386826;0.5410779058933258;0.1654532179236412;-0.1979819193482399;0.5742097049951553;0.3938526436686516;-0.12530021741986275;0.5063211470842361;0.38987863808870316;-0.12263576872646809;0.5458826025327047;0.5972153544425964;0.12273458391427994;0.5326365033785502;0.5902941823005676;0.13764887054761252;;acercandose
0.4;0.5368307828903198;0.18287387490272522;-0.20054583251476288;0.5726684927940369;0.22901540994644165;-0.09638071805238724;0.5143668055534363;0.2251947671175003;-0.0904119610786438;0.5779350399971008;0.3129933774471283;-0.05763622373342514;0.506477415561676;0.30541327595710754;-0.05685751885175705;0.5562277436256409;0.38345205783843994;-0.003715075319632888;0.5257003903388977;0.3800046741962433;0.0036721096839755774;0.5509394407272339;0.4889843165874481;0.01359422504901886;0.528262197971344;0.4885837733745575;0.02635926380753517;0.5410655081272125;0.16564691960811614;-0.20659318417310715;0.5741761773824692;0.39373572170734406;-0.12887869961559772;0.5067976266145706;0.3895263075828552;-0.12873973697423935;0.5456713438034058;0.5975407560666403;0.12365287045637767;0.5324729084968567;0.5902397632598877;0.13862933218479156;;acercandose
0.43;0.5368791818618774;0.18293003737926483;-0.20552800595760345;0.5728306770324707;0.2289862483739853;-0.10045059770345688;0.5145507454872131;0.225118026137352;-0.09431987255811691;0.57795250415802;0.3130052983760834;-0.06214673072099686;0.5064805150032043;0.305162638425827;-0.06116520240902901;0.5560440421104431;0.38322365283966064;-0.0037980983033776283;0.5255345106124878;0.3796750605106354;0.003753789933398366;0.550626277923584;0.4889920949935913;0.013710495084524155;0.5280805826187134;0.4886256754398346;0.02641940861940384;0.5410789310932159;0.1657290577888489;-0.21150161623954772;0.5741769969463348;0.39371025562286377;-0.13478155806660652;0.507210910320282;0.3892076835036278;-0.13376744277775288;0.5454795757929484;0.5975442131360372;0.125727911790212;0.5323557058970133;0.5902569691340128;0.1390839690963427;;acercandose
0.47;0.5369985103607178;0.1829519271850586;-0.20292900502681732;0.5728762149810791;0.2289063036441803;-0.09833402186632156;0.5146676301956177;0.22502581775188446;-0.09252214431762695;0.5779550075531006;0.3129301369190216;-0.058304350823163986;0.5064805150032043;0.3049081563949585;-0.059978313744068146;0.5560420155525208;0.38313865661621094;-0.0038930897135287523;0.5255400538444519;0.37969979643821716;0.003849546192213893;0.5505716800689697;0.4890068471431732;0.012457740493118763;0.5279353260993958;0.48896610736846924;0.025770287960767746;0.5411286890506745;0.1657619521021843;-0.20842714756727218;0.5742259323596954;0.3935464471578598;-0.12968630902469158;0.5075211524963379;0.3891698494553566;-0.1326513346284628;0.5454899668693542;0.5974679390589396;0.12468514839808147;0.5323212345441183;0.5909137725830078;0.1366173873345057;;acercandose
0.5;0.5370714664459229;0.18295273184776306;-0.20094169676303864;0.5728958249092102;0.22885452210903168;-0.0964900404214859;0.5147383809089661;0.2250077724456787;-0.09204799681901932;0.5779564380645752;0.3129122853279114;-0.05634881928563118;0.5064918398857117;0.3048042058944702;-0.05950217694044113;0.5560423731803894;0.3829177916049957;-0.00394157599657774;0.5255551338195801;0.37963587045669556;0.0038976925425231457;0.5505425930023193;0.4890129864215851;0.011386881582438946;0.5278220772743225;0.48914992809295654;0.02483370341360569;0.5411563158035279;0.16576199233531952;-0.20635824799537658;0.5743594020605087;0.39335739612579346;-0.1276715323328972;0.5080985724925995;0.3891911208629608;-0.13140633143484592;0.5454928676287333;0.5974356532096863;0.12164288014173508;0.532305637995402;0.5910278956095377;0.13342936585346857;;acercandose
0.53;0.5372878313064575;0.18295477330684662;-0.20002277195453644;0.5729218125343323;0.22882793843746185;-0.09566158056259155;0.5147699117660522;0.22500711679458618;-0.09172247350215912;0.5779579877853394;0.3128899931907654;-0.056102558970451355;0.5064949989318848;0.3047274649143219;-0.05960768088698387;0.5560409426689148;0.3827528655529022;-0.003930457402020693;0.5255892276763916;0.37960633635520935;0.0038858079351484776;0.5504596829414368;0.4889327585697174;0.011681977659463882;0.5277044773101807;0.48926782608032227;0.024493543431162834;0.5412732839584351;0.1657622277736664;-0.20558686703443527;0.5744467228651047;0.3931933864951134;-0.12658686004579067;0.5085995346307755;0.38960646837949753;-0.13101429864764214;0.5454708735148112;0.5972328186035156;0.12297965337832768;0.5321944157282511;0.5910449226697286;0.1334934855500857;;acercandose
0.57;0.5373932719230652;0.18295428156852722;-0.1993698924779892;0.5729328989982605;0.22881539165973663;-0.0954151526093483;0.5147842168807983;0.22500747442245483;-0.09146014600992203;0.5779544115066528;0.3128880262374878;-0.0553557388484478;0.5064972043037415;0.30469200015068054;-0.059738896787166595;0.5560373663902283;0.3827103078365326;-0.003921089228242636;0.5256027579307556;0.37961527705192566;0.003875511232763529;0.5503620505332947;0.4889701008796692;0.012067209929227829;0.5275918245315552;0.4894726872444153;0.02436975948512554;0.5413388788700104;0.16575122624635696;-0.20486558973789215;0.5745788961648941;0.39299289882183075;-0.1262611411511898;0.5090550482273102;0.3896945044398308;-0.13088724203407764;0.5454741517702738;0.5971529285113016;0.12394389758507411;0.5321058233579;0.5910569230715433;0.1340008775393168;;acercandose
0.6;0.5374812483787537;0.18295566737651825;-0.19224970042705536;0.57293301820755;0.22881166636943817;-0.08715591579675674;0.514784038066864;0.22500260174274445;-0.08670584112405777;0.5778034925460815;0.3128834664821625;-0.048363253474235535;0.506519615650177;0.30464786291122437;-0.05696389079093933;0.5560343861579895;0.3826591670513153;-0.0037989227566868067;0.5256065726280212;0.3796148896217346;0.0037519135512411594;0.5503135323524475;0.4889756441116333;0.012228406965732574;0.5275378823280334;0.4896048605442047;0.023973260074853897;0.5413958847522735;0.16573719829320907;-0.1969755619764328;0.5746890902519226;0.3928823620080948;-0.1235667485743761;0.5094171166419983;0.3897181525826454;-0.12765971198678017;0.5454283157984415;0.597072700659434;0.1236116314927737;0.5319393674532572;0.5909788012504578;0.13294501851002374;;acercandose
0.63;0.5376637578010559;0.1830124408006668;-0.19274190068244934;0.5729326009750366;0.22880910336971283;-0.08618136495351791;0.5147868990898132;0.2250073254108429;-0.08719515055418015;0.5776993632316589;0.3128899931907654;-0.04688097909092903;0.50650954246521;0.30461323261260986;-0.05884966626763344;0.5560352206230164;0.38259631395339966;-0.003056691028177738;0.5256364345550537;0.3796122670173645;0.0030087907798588276;0.5503116846084595;0.48897498846054077;0.01232895627617836;0.5275269150733948;0.48964396119117737;0.022753670811653137;0.5415504157543183;0.16577161848545074;-0.19746800214052201;0.5748812258243561;0.3928356394171715;-0.12297355756163597;0.5096872001886368;0.3898167386651039;-0.1292640846222639;0.5453971227010092;0.5970391035079956;0.12371363242467244;0.5318523844083151;0.5908987323443095;0.13111861298481622;;acercandose
0.67;0.5382102727890015;0.18346014618873596;-0.19732628762722015;0.5729328989982605;0.22880640625953674;-0.0867147296667099;0.5147937536239624;0.22501499950885773;-0.09257619082927704;0.5775542259216309;0.3128884434700012;-0.04539894685149193;0.5064699649810791;0.3046112358570099;-0.0642317682504654;0.5560383200645447;0.38257187604904175;-0.0023744190111756325;0.5256966352462769;0.3796229958534241;0.002327139489352703;0.5503111481666565;0.48904597759246826;0.012466642074286938;0.5275186896324158;0.4896847903728485;0.02206575684249401;0.5419444561004638;0.16626580506563188;-0.20207148641347886;0.5750701427459717;0.39267008751630783;-0.12024152092635632;0.5097434222698212;0.3901391699910164;-0.1349118035286665;0.5453419287999471;0.5970476468404134;0.1235457534591357;0.5317862232526144;0.5908286770184835;0.12992472698291144;;acercandose
0.7;0.5384006500244141;0.18368905782699585;-0.1999519169330597;0.5729345679283142;0.22880451381206512;-0.08707492053508759;0.5148866772651672;0.22500398755073547;-0.09550129622220993;0.5775506496429443;0.3129825294017792;-0.0455242320895195;0.5064530372619629;0.30460935831069946;-0.06670230627059937;0.556042492389679;0.3825642764568329;-0.0017700870521366596;0.5257364511489868;0.3796345889568329;0.0017200654838234186;0.5503319501876831;0.4892207980155945;0.013624136336147785;0.5275208353996277;0.48975974321365356;0.021905401721596718;0.542084527015686;0.16658374816179275;-0.20489990711212158;0.575367882847786;0.39267801493406296;-0.11901734210550785;0.5097673982381821;0.3904699608683586;-0.13657438941299915;0.545248786608378;0.597052276134491;0.12373923758665721;0.5316316882769266;0.590773363908132;0.13041017949581146;;acercandose
0.73;0.5383438467979431;0.184066042304039;-0.20227918028831482;0.5729544758796692;0.22880329191684723;-0.09216278791427612;0.5151274800300598;0.2249782234430313;-0.09646743535995483;0.5775166153907776;0.3132558763027191;-0.04852822422981262;0.506413996219635;0.3046717643737793;-0.06655440479516983;0.5560468435287476;0.38257333636283875;-0.0017102418933063745;0.5257545113563538;0.37968769669532776;0.0016571758314967155;0.550352156162262;0.48963162302970886;0.015211635269224644;0.5275156497955322;0.4899279475212097;0.02237199991941452;0.5420103073120117;0.16711749732494355;-0.20805555880069732;0.5754370391368866;0.3928821012377739;-0.11966669000685215;0.5097749084234238;0.3912260830402374;-0.13599819131195545;0.5451722145080566;0.597069263458252;0.12687717626492181;0.5314888159434;0.5906976064046224;0.1328755592306455;;acercandose
0.77;0.5383369326591492;0.18422585725784302;-0.2076217532157898;0.5729793310165405;0.2288007289171219;-0.09735667705535889;0.5153221487998962;0.22493799030780792;-0.10068167746067047;0.5774981379508972;0.3133731186389923;-0.0527060404419899;0.5063945651054382;0.30472123622894287;-0.06984144449234009;0.556056022644043;0.3826371729373932;-0.0014125029556453228;0.5257613658905029;0.3798050284385681;0.001353302737697959;0.5504109263420105;0.48994189500808716;0.021730361506342888;0.5275143384933472;0.49016597867012024;0.02628726325929165;0.542014765739441;0.16734918355941772;-0.21371568739414215;0.5755332410335541;0.39296041429042816;-0.12381410971283913;0.5097694247961044;0.3919040635228157;-0.13934367336332798;0.5450969735781351;0.5970557928085327;0.13971367726723352;0.5313039223353068;0.5906870563824972;0.14375379184881845;;acercandose
0.8;0.5383782386779785;0.18488512933254242;-0.2128763347864151;0.5730938911437988;0.22874049842357635;-0.1022171825170517;0.5158540606498718;0.22466403245925903;-0.10484156757593155;0.5774938464164734;0.31349536776542664;-0.05551677942276001;0.5064208507537842;0.30471542477607727;-0.07291597127914429;0.5560727119445801;0.3827265202999115;-0.0014235343551263213;0.5257797241210938;0.3798602521419525;0.001363041577860713;0.5504423379898071;0.49021074175834656;0.023890290409326553;0.5275141596794128;0.4903762936592102;0.029419902712106705;0.5420606076717377;0.16805375665426253;-0.2195715606212616;0.5756267011165619;0.3930361717939377;-0.12492428719997406;0.5097723454236984;0.39220432192087173;-0.14288755878806114;0.544967254002889;0.5970580577850342;0.14284087469180426;0.5312168399492899;0.5906839172045389;0.14804662019014359;;acercandose
0.83;0.5388970375061035;0.1856698989868164;-0.20240190625190735;0.5734725594520569;0.22870102524757385;-0.09118080139160156;0.516149640083313;0.22458544373512268;-0.09616708010435104;0.5775459408760071;0.313538134098053;-0.04735536500811577;0.5066584348678589;0.304728627204895;-0.06748779863119125;0.556119978427887;0.3827105462551117;-0.0014371514553204179;0.5259354710578918;0.37986841797828674;0.0013764771865680814;0.5504496693611145;0.49030593037605286;0.018035070970654488;0.5275098085403442;0.49037933349609375;0.026176735758781433;0.5426382780075073;0.1686328485608101;-0.20841085016727448;0.5757831186056137;0.3930506557226181;-0.12100911512970924;0.5097809284925461;0.3926857188344002;-0.14060692861676216;0.5448479851086935;0.5970778067906698;0.12997446457544962;0.5311988989512125;0.5906038681666056;0.13703162223100662;;acercandose
0.87;0.5399748086929321;0.1862052083015442;-0.20142635703086853;0.5738736391067505;0.22865913808345795;-0.08883611857891083;0.5163103938102722;0.2245880663394928;-0.09580734372138977;0.5783094167709351;0.31357431411743164;-0.04461575299501419;0.5068173408508301;0.30481240153312683;-0.06707886606454849;0.5563918352127075;0.3826998472213745;-0.001396243809722364;0.5263544917106628;0.37995919585227966;0.0013375289272516966;0.5505489706993103;0.4904004633426666;0.0177310723811388;0.5275144577026367;0.4903793931007385;0.025043528527021408;0.5436762869358063;0.16907887607812883;-0.20711691230535506;0.5759974867105484;0.39318230748176575;-0.11876988410949707;0.5097598135471344;0.3937799856066704;-0.13942071050405502;0.5447953939437866;0.5970399379730225;0.1293963541587194;0.531183143456777;0.5904837648073832;0.13499769071737924;;acercandose
0.9;0.5402718186378479;0.18662145733833313;-0.2012140452861786;0.574097216129303;0.22838594019412994;-0.08925413340330124;0.5164110064506531;0.22461088001728058;-0.0947871208190918;0.5785910487174988;0.3135787844657898;-0.04531227424740791;0.5073127150535583;0.3050233721733093;-0.06568313390016556;0.5565104484558105;0.3826957941055298;-0.0015870868228375912;0.5265657901763916;0.3799876868724823;0.001527539687231183;0.5506837964057922;0.49066975712776184;0.017541194334626198;0.5275073051452637;0.4903891384601593;0.026073412969708443;0.5439336597919464;0.1697315752506256;-0.20710379183292388;0.5761417895555496;0.3935791179537773;-0.11902929283678532;0.509724423289299;0.39499057084321976;-0.13907031901180744;0.5447452068328857;0.5969627102216085;0.13326621055603027;0.5311640898386637;0.5902886390686035;0.14029862731695175;;acercandose
0.93;0.5408621430397034;0.18695256114006042;-0.19868043065071106;0.5746914744377136;0.2282835990190506;-0.08842062205076218;0.516651451587677;0.22461500763893127;-0.09166757762432098;0.5790708065032959;0.3135930001735687;-0.04509041830897331;0.5078412890434265;0.30514857172966003;-0.06259199976921082;0.5567111968994141;0.3826931118965149;-0.0017239555018022656;0.526760995388031;0.3799954354763031;0.0016654006903991103;0.5508390665054321;0.4907456934452057;0.01676834188401699;0.5274876952171326;0.4903707206249237;0.026306262239813805;0.5446226716041564;0.17007463723421096;-0.2045730695128441;0.5763874500989914;0.3939941003918648;-0.11921282857656479;0.5097042620182037;0.3955599144101143;-0.13727847300469875;0.5447001854578654;0.5967928171157837;0.13392497847477594;0.5311654408772787;0.5898399750391642;0.14120818674564362;;acercandose
0.97;0.5413042306900024;0.18752984702587128;-0.19183902442455292;0.5752760171890259;0.2282821387052536;-0.08548252284526825;0.5171272158622742;0.2247583419084549;-0.0858675092458725;0.5795714855194092;0.3141061067581177;-0.04177279770374298;0.5086459517478943;0.30551159381866455;-0.05536375939846039;0.5569716095924377;0.3833390176296234;-0.0019488660618662834;0.5269097089767456;0.3805512487888336;0.0018916625995188951;0.5513364672660828;0.49110928177833557;0.01597677730023861;0.5274556279182434;0.4903726279735565;0.026817116886377335;0.5450498640537262;0.17076376080513;-0.19808841198682786;0.5766754299402237;0.3958166316151619;-0.11479979753494263;0.5096403360366821;0.3960452228784561;-0.1306363344192505;0.5445347229639689;0.5966325799624125;0.14041009545326233;0.53136146068573;0.5883115530014038;0.14980757733186087;;acercandose
1.0;0.5419052839279175;0.18808767199516296;-0.21189665794372559;0.5764148831367493;0.22854556143283844;-0.1045653223991394;0.5182016491889954;0.2250177562236786;-0.10043597966432571;0.5806149244308472;0.3156282603740692;-0.05628587678074837;0.5092489719390869;0.3059034049510956;-0.06388433277606964;0.5571945309638977;0.38367462158203125;-0.0026873727329075336;0.5269373059272766;0.380654901266098;0.0026156858075410128;0.5516085624694824;0.4913046061992645;0.014828074723482132;0.5274034142494202;0.49093422293663025;0.031211430206894875;0.5454511225223542;0.17180693447589873;-0.2198342651128769;0.5772115886211395;0.39848078042268753;-0.1236519105732441;0.509546548128128;0.39669910818338394;-0.13714715279638767;0.5443695982297262;0.596458911895752;0.1444979856411616;0.531588077545166;0.5883679191271464;0.15791976948579153;;acercandose
1.03;0.5428890585899353;0.18806836009025574;-0.2373100072145462;0.5770737528800964;0.2289164960384369;-0.12161518633365631;0.5191757678985596;0.22519725561141968;-0.12167330831289291;0.581000804901123;0.3178698718547821;-0.07247801870107651;0.5105404853820801;0.3064437508583069;-0.0820484533905983;0.5574454665184021;0.383941650390625;-0.0025397976860404015;0.5269615054130554;0.38065826892852783;0.002462803153321147;0.5517861247062683;0.4911697804927826;0.015292256139218807;0.5273481607437134;0.49096766114234924;0.030582841485738754;0.5465220987796784;0.17211928367614746;-0.24513032734394075;0.5774466246366501;0.4019143804907799;-0.14201948419213295;0.5094972401857376;0.3974436968564987;-0.15604287385940552;0.5444044272104899;0.595541775226593;0.16101650396982828;0.5314796964327494;0.5893903175989786;0.16423829644918442;;acercandose
1.07;0.5437763333320618;0.18816924095153809;-0.22247418761253357;0.5774071216583252;0.22918632626533508;-0.1107691079378128;0.519628643989563;0.22566771507263184;-0.11171127110719681;0.5814225077629089;0.31876105070114136;-0.06516798585653305;0.5116885304450989;0.3078556954860687;-0.07732681185007095;0.5577309727668762;0.38519227504730225;-0.0022570195142179728;0.5270198583602905;0.3809660077095032;0.0021716724149882793;0.5518820881843567;0.4912143051624298;0.02415711060166359;0.5272678732872009;0.4914224445819855;0.034889105707407;0.5474993050098419;0.17250168323516846;-0.22939285784959793;0.5776234865188599;0.4033541604876518;-0.13879450783133507;0.5094067007303238;0.3990670517086983;-0.15386631712317467;0.5444449385007223;0.5937183896700541;0.17534948885440826;0.5313148697217306;0.5895399848620096;0.17413558065891266;;acercandose
1.1;0.5444064140319824;0.18935368955135345;-0.21762506663799286;0.577789306640625;0.229617178440094;-0.10774947702884674;0.5198962688446045;0.22643116116523743;-0.10796350985765457;0.5817688703536987;0.3196603059768677;-0.05915546044707298;0.5126034617424011;0.3095596432685852;-0.07560783624649048;0.5580517053604126;0.3866683542728424;-0.0018837458919733763;0.5271825194358826;0.3816710412502289;0.001797381555661559;0.551913857460022;0.4914547801017761;0.024533770978450775;0.5272535681724548;0.49164512753486633;0.0340096689760685;0.5482207655906677;0.1739437535405159;-0.2243238478899002;0.5777567625045776;0.4052806869149208;-0.13096357509493828;0.5092927813529968;0.3999810591340065;-0.15151644125580788;0.5445009072621664;0.5923965771993002;0.17624572912851968;0.5312006076176962;0.5899556477864584;0.17270726958910623;;acercandose
1.13;0.5451024174690247;0.19037757813930511;-0.21945743262767792;0.5779815912246704;0.22988517582416534;-0.10666930675506592;0.5201165080070496;0.22711019217967987;-0.1112460196018219;0.5821313261985779;0.3200967013835907;-0.05809282511472702;0.5130169987678528;0.3107490539550781;-0.07494659721851349;0.5583793520927429;0.3881259262561798;-0.0013668871251866221;0.5276066660881042;0.38288548588752747;0.0012769734021276236;0.55202317237854;0.4925186336040497;0.02794458344578743;0.5272664427757263;0.4918093681335449;0.0361316055059433;0.5489302456378937;0.17508607357740402;-0.22656951546669007;0.5778525322675705;0.4066724106669426;-0.12492002546787262;0.5092411935329437;0.40094563364982605;-0.1487584188580513;0.5446516076723734;0.5919557412465414;0.18404017885526022;0.5312049190203348;0.5908106962839762;0.17897348602612814;;acercandose
1.17;0.545897364616394;0.1931130588054657;-0.22367624938488007;0.5784305334091187;0.23009367287158966;-0.10573392361402512;0.5204353332519531;0.22746984660625458;-0.11546110361814499;0.5828537344932556;0.3203358054161072;-0.05421436205506325;0.5132573246955872;0.3110934793949127;-0.07927266508340836;0.5588487386703491;0.3895980715751648;0.0006713641341775656;0.5282683372497559;0.38403207063674927;-0.0007509261486120522;0.5521925687789917;0.4942273795604706;0.03804421052336693;0.5274285674095154;0.4921025037765503;0.035076577216386795;0.5496743798255921;0.17740098685026168;-0.23088946491479873;0.5779210776090622;0.4078279212117195;-0.12144741602241993;0.5092315077781677;0.40162546932697296;-0.15347716957330704;0.5450846354166666;0.5921208262443542;0.19094564517339072;0.5311051805814108;0.5939960281054179;0.17176983257134756;;acercandose
1.2;0.5464792251586914;0.1948157101869583;-0.22844628989696503;0.578883945941925;0.23038333654403687;-0.1076175644993782;0.5207265615463257;0.22798340022563934;-0.11874711513519287;0.5835336446762085;0.3206169307231903;-0.054602570831775665;0.5134575963020325;0.31175661087036133;-0.08230742812156677;0.5592751502990723;0.3908485472202301;0.0016634846106171608;0.5289940237998962;0.3853199779987335;-0.001729352050460875;0.5523621439933777;0.4952804744243622;0.04648984596133232;0.5278230309486389;0.492657333612442;0.03610573709011078;0.550285917520523;0.1787206143140793;-0.2356308951973915;0.5780393928289413;0.4088098928332329;-0.1239026989787817;0.509270966053009;0.4024451896548271;-0.15775863826274872;0.5453336040178934;0.5922479629516602;0.20074142515659332;0.5308120449384054;0.5968914230664571;0.1718928168217341;;acercandose
1.23;0.5463857650756836;0.195712149143219;-0.22315779328346252;0.5794004797935486;0.23082636296749115;-0.10600777715444565;0.5212149024009705;0.22817569971084595;-0.11094453185796738;0.5842272639274597;0.32119590044021606;-0.05293835327029228;0.5137551426887512;0.31203845143318176;-0.07094782590866089;0.5595696568489075;0.3924946188926697;0.0015468464698642492;0.5294654965400696;0.3865181505680084;-0.0016041860217228532;0.5524608492851257;0.4971778988838196;0.03859319910407066;0.5281317830085754;0.49305275082588196;0.035878948867321014;0.5501883745193481;0.17930741161108016;-0.23160362243652344;0.5782554745674133;0.4100550040602684;-0.1204115692526102;0.5093567222356796;0.40334051102399826;-0.14609261974692345;0.5455397764841715;0.5924243132273356;0.19035669167836508;0.5308897495269775;0.5995791355768839;0.17105607191721597;;acercandose
1.27;0.5465418100357056;0.19661399722099304;-0.2137579619884491;0.5795421600341797;0.23134168982505798;-0.10185673832893372;0.5219786167144775;0.22868235409259796;-0.10271032899618149;0.5845298171043396;0.3215351104736328;-0.050561707466840744;0.5140933394432068;0.31291741132736206;-0.06271203607320786;0.55970698595047;0.39336803555488586;0.0013766405172646046;0.5301678776741028;0.3872131407260895;-0.001438976963981986;0.5525029301643372;0.49883636832237244;0.03732180595397949;0.5285485982894897;0.49367645382881165;0.029718738049268723;0.5501561224460602;0.18011136054992677;-0.22216047644615172;0.5784996747970581;0.41076917201280594;-0.11661067605018616;0.5096815824508667;0.40407951921224594;-0.1355810035020113;0.545646588007609;0.593108077843984;0.18556535243988037;0.5310533046722412;0.6019721825917562;0.15590046097834906;;acercandose
1.3;0.5464320778846741;0.1974032074213028;-0.2230059653520584;0.5794943571090698;0.23229080438613892;-0.11044561862945557;0.5221447944641113;0.22918078303337097;-0.10674788057804108;0.5848289132118225;0.3223573863506317;-0.05875697731971741;0.5142599940299988;0.3138052225112915;-0.06427936255931854;0.5598641633987427;0.39417117834091187;6,28E+10;0.530479907989502;0.3878411650657654;-0.00012620247434824705;0.5525069236755371;0.5007051825523376;0.030915122479200363;0.5286933183670044;0.495052307844162;0.030307138338685036;0.5500609755516053;0.18092950731515883;-0.23175797015428543;0.5786430388689041;0.4126210957765579;-0.12560906447470188;0.5099032819271088;0.4054291844367981;-0.13677672669291496;0.5455999771753947;0.5950165788332621;0.18699206908543906;0.5310340722401937;0.605161984761556;0.16138347486654916;;acercandose
1.33;0.5465311408042908;0.19791224598884583;-0.23319034278392792;0.5794378519058228;0.23309293389320374;-0.1163598895072937;0.522541880607605;0.22994136810302734;-0.11483664065599442;0.5851901173591614;0.32275697588920593;-0.06537719070911407;0.5143797397613525;0.3141026794910431;-0.07260700315237045;0.5598697066307068;0.39492008090019226;9,00E+09;0.5313489437103271;0.3887235224246979;-0.00015191435522865504;0.552302896976471;0.5008078217506409;0.027371717616915703;0.5302133560180664;0.4952923059463501;0.030179407447576523;0.550145047903061;0.18144100159406662;-0.24233408123254777;0.5791262090206146;0.41281501203775406;-0.13555666245520115;0.5103124678134918;0.40648844093084335;-0.14627891406416893;0.5452887415885925;0.5955325563748678;0.1933999260266622;0.5310956041018168;0.6062703728675842;0.16188958287239075;;acercandose
1.37;0.5468142628669739;0.19877465069293976;-0.2427590787410736;0.5793892741203308;0.2336973249912262;-0.12949733436107635;0.5228780508041382;0.2315485179424286;-0.12035387009382248;0.5854595303535461;0.3235115706920624;-0.08308913558721542;0.514687716960907;0.3148221969604492;-0.07732479274272919;0.5598611235618591;0.3962613642215729;-0.0018864450976252556;0.5326414108276367;0.3902645707130432;0.001834849826991558;0.5517594814300537;0.5006950497627258;0.026859279721975327;0.5320050120353699;0.4955002963542938;0.038120873272418976;0.5501429259777069;0.18202816247940062;-0.2526878580451012;0.5795701891183853;0.41374818980693817;-0.15269893407821655;0.5107412934303284;0.40739547461271286;-0.15050798654556274;0.5448036591211954;0.596270223458608;0.1969355990489324;0.5315538843472799;0.6067530512809753;0.17764203250408173;;acercandose
1.4;0.5467625856399536;0.19974838197231293;-0.2632639706134796;0.5793509483337402;0.23432117700576782;-0.14165201783180237;0.5227972865104675;0.23290787637233734;-0.13856728374958038;0.5858772397041321;0.32375580072402954;-0.09747148305177689;0.5146623253822327;0.3155807852745056;-0.0980459600687027;0.5598543286323547;0.3971884846687317;-0.00185249256901443;0.5334426164627075;0.39154091477394104;0.0018001701682806015;0.551544725894928;0.5006202459335327;0.03881556913256645;0.5332550406455994;0.49608656764030457;0.04833919182419777;0.5499323308467865;0.18277812004089355;-0.27311293631792066;0.5800562351942062;0.41339339315891266;-0.17371179163455963;0.5113134235143661;0.408139131963253;-0.17561744153499603;0.5445858041445414;0.5968930323918661;0.217443585395813;0.5319132804870605;0.6082743803660074;0.1945030689239502;;acercandose
1.43;0.5465185642242432;0.20053547620773315;-0.2593914270401001;0.579319953918457;0.23495110869407654;-0.13533736765384674;0.5227521657943726;0.2341936230659485;-0.1351717710494995;0.5862910747528076;0.3246283233165741;-0.08730948716402054;0.5146014094352722;0.3175794780254364;-0.09352021664381027;0.5599161386489868;0.3981793522834778;-0.00025701193953864276;0.5336173176765442;0.39224833250045776;0.00019958236953243613;0.5514984130859375;0.5032563805580139;0.040346987545490265;0.5331187844276428;0.4969767928123474;0.046540580689907074;0.5495737373828888;0.18334642499685289;-0.2692237690091133;0.5807587206363678;0.41417764127254486;-0.1644396148622036;0.5115094482898712;0.409945011138916;-0.17175769433379173;0.5443236827850342;0.5969619949658712;0.2366538792848587;0.5320448676745096;0.6102085510889689;0.18341526885827383;;acercandose
1.47;0.5462228655815125;0.2002347856760025;-0.24879680573940277;0.5791558623313904;0.23532134294509888;-0.1298612356185913;0.5226903557777405;0.23502421379089355;-0.1295946091413498;0.5865205526351929;0.32503968477249146;-0.08177680522203445;0.5145575404167175;0.31879159808158875;-0.08958317339420319;0.5596218705177307;0.3987690210342407;0.002662116661667824;0.534691333770752;0.3933175504207611;-0.002704794052988291;0.5507988929748535;0.5042850375175476;0.03847783803939819;0.5339890718460083;0.49896302819252014;0.025832775980234146;0.5486686825752258;0.18316396176815034;-0.2582021176815033;0.5817393064498901;0.41506487131118774;-0.16146207600831985;0.5116273760795593;0.41131820529699326;-0.16470923274755478;0.5438706278800964;0.5974238316218058;0.223059410850207;0.5323504606882731;0.6145163575808207;0.14881016314029694;;acercandose
1.5;0.5456850528717041;0.20066745579242706;-0.24553729593753815;0.5791415572166443;0.23590749502182007;-0.12864407896995544;0.5225334763526917;0.23578737676143646;-0.12803827226161957;0.5869693160057068;0.3255954384803772;-0.07744915783405304;0.514443576335907;0.32039520144462585;-0.08717712014913559;0.5600253343582153;0.4001501202583313;0.002340046688914299;0.534442126750946;0.3943411111831665;-0.002385287545621395;0.551359236240387;0.5066044330596924;0.03014247678220272;0.5336707830429077;0.5007076859474182;0.0254361554980278;0.5481706619262695;0.18325907588005066;-0.2549149066209793;0.5826247334480286;0.4156002849340439;-0.15531381964683533;0.5116023123264313;0.4122152179479599;-0.16376115754246712;0.543959895769755;0.5979128281275431;0.2350708693265915;0.5324195822079977;0.6177354653676351;0.15202690164248148;;acercandose
1.53;0.5442155003547668;0.2005784660577774;-0.23322074115276337;0.5791289210319519;0.2358369082212448;-0.1088796928524971;0.5216448307037354;0.23604752123355865;-0.11491480469703674;0.587121307849884;0.3255411982536316;-0.05465438961982727;0.5141350626945496;0.32178983092308044;-0.07800539582967758;0.5605754852294922;0.4001134932041168;0.0022326589096337557;0.5343295931816101;0.3947615623474121;-0.002277272054925561;0.5524736642837524;0.5077043771743774;0.02260427363216877;0.5336214900016785;0.5030357837677002;0.024028530344367027;0.5471891462802887;0.18313020914793016;-0.2416970580816269;0.5835655778646469;0.41539619863033295;-0.1350298449397087;0.5111671686172485;0.4130902886390686;-0.16269315406680107;0.544004499912262;0.5984684030214945;0.22782646119594574;0.5323795080184937;0.6181191205978394;0.15347898254791895;;acercandose
1.57;0.5433480143547058;0.2004978507757187;-0.23374417424201965;0.5791573524475098;0.2349550724029541;-0.11035685241222382;0.5202507376670837;0.2358899563550949;-0.11551370471715927;0.5874398946762085;0.3249873220920563;-0.055523283779621124;0.5139105916023254;0.322153240442276;-0.0782422423362732;0.5615291595458984;0.39982643723487854;0.0020881411619484425;0.5342701077461243;0.3945411145687103;-0.0021341422107070684;0.5536929368972778;0.5087831020355225;0.01667722687125206;0.5331427454948425;0.5030859708786011;0.025192903354763985;0.546577662229538;0.18301101326942443;-0.24229734390974045;0.5847228020429611;0.4151151701807976;-0.13219846412539482;0.5106457620859146;0.4130760729312897;-0.16136517003178596;0.5440528988838196;0.599190910657247;0.22148647904396057;0.5322410066922506;0.616804043451945;0.16233685364325842;;acercandose
1.6;0.5426366329193115;0.19774095714092255;-0.23480266332626343;0.5791562795639038;0.2332320660352707;-0.1113068237900734;0.5194831490516663;0.23556993901729584;-0.11853836476802826;0.587503969669342;0.3235136568546295;-0.05737486854195595;0.5135633945465088;0.3217429220676422;-0.08195319026708603;0.5623465776443481;0.39979276061058044;0.002436775714159012;0.5342458486557007;0.3943949043750763;-0.002488616155460477;0.5547890067100525;0.509782612323761;0.018969567492604256;0.5326228737831116;0.5039477944374084;0.02607467956840992;0.5460728406906128;0.18089273273944856;-0.24315666854381562;0.585565060377121;0.41305632144212723;-0.13503952510654926;0.5100508481264114;0.4128403887152672;-0.1649615354835987;0.544161061445872;0.5995832482973734;0.23032737274964651;0.5320773919423422;0.617498536904653;0.16487131267786026;;acercandose
1.63;0.5417726039886475;0.1970597356557846;-0.22703306376934052;0.5790017247200012;0.23128679394721985;-0.09930600225925446;0.5183051228523254;0.23532694578170776;-0.11141721904277802;0.5874645113945007;0.3210475742816925;-0.04545260965824127;0.5130399465560913;0.3214671015739441;-0.07546412944793701;0.5626180171966553;0.39855366945266724;0.005014142487198114;0.5340220332145691;0.39379510283470154;-0.005056947004050016;0.5556263327598572;0.5106156468391418;0.02109125256538391;0.5322901606559753;0.5038376450538635;0.011173725128173828;0.5455031454563141;0.17932983338832856;-0.2349558874964714;0.5858551114797592;0.4096868634223938;-0.12806665897369385;0.5084260553121567;0.41264018416404724;-0.1580904945731163;0.5447888573010763;0.5994327465693156;0.23018452525138855;0.5318923791249593;0.6184234420458475;0.1344242642323176;;acercandose
1.67;0.5415370464324951;0.19450773298740387;-0.22900798916816711;0.578755259513855;0.22963158786296844;-0.10224257409572601;0.5172215700149536;0.23477502167224884;-0.1116599291563034;0.5873099565505981;0.31906095147132874;-0.05148673802614212;0.5122067332267761;0.32136431336402893;-0.0758448913693428;0.5628808736801147;0.3957999348640442;0.004838309716433287;0.5335891842842102;0.3932923376560211;-0.004874227102845907;0.5564652681350708;0.5104825496673584;0.017960725352168083;0.5320234894752502;0.5047903656959534;0.009457767941057682;0.5451887726783753;0.1762793019413948;-0.2369098946452141;0.5859623998403549;0.40664388984441757;-0.13431874476373196;0.5074377357959747;0.41261259466409683;-0.1580951064825058;0.5455248157183329;0.5994438330332438;0.22195703784624735;0.5319638252258301;0.6188671390215555;0.13022299110889435;;acercandose
1.7;0.5411268472671509;0.19252781569957733;-0.21844522655010223;0.578597903251648;0.22832080721855164;-0.09864149242639542;0.516444742679596;0.23405829071998596;-0.0956578180193901;0.5872790217399597;0.3180980980396271;-0.04981504753232002;0.5114450454711914;0.3211389482021332;-0.05883307754993439;0.5634483098983765;0.39561134576797485;0.00031116686295717955;0.5333503484725952;0.39332297444343567;-0.0003122226626146585;0.5580693483352661;0.5104554891586304;-0.01675100065767765;0.5317551493644714;0.5098348259925842;0.013961190357804298;0.5446569263935089;0.17364304959774018;-0.22660033255815507;0.5863709002733231;0.40566182881593704;-0.13365735486149788;0.5069452822208405;0.4124878719449043;-0.1437075510621071;0.5461150606473287;0.5988267660140991;0.21661612391471863;0.5322242180506388;0.6193540692329407;0.15940971672534943;;acercandose
1.73;0.5404323935508728;0.18977098166942596;-0.22287307679653168;0.5784338712692261;0.22780103981494904;-0.1014626994729042;0.5157962441444397;0.2334151268005371;-0.09884700179100037;0.5872510671615601;0.31744256615638733;-0.05220413953065872;0.5097633600234985;0.320125937461853;-0.06280282884836197;0.5636355876922607;0.3956100046634674;-0.0017570819472894073;0.5331090688705444;0.3934118151664734;0.0017551853088662028;0.5588633418083191;0.5107424259185791;-0.01297218631953001;0.5316430926322937;0.5105918645858765;0.021763106808066368;0.5440016031265259;0.17074695974588394;-0.23078875839710236;0.5868283361196518;0.40532243251800537;-0.14070560224354267;0.5068566054105759;0.41207220405340195;-0.14636783301830292;0.5462762514750162;0.5974826216697693;0.23133768637975058;0.5325899521509806;0.6199631094932556;0.17668594419956207;;acercandose
1.77;0.5399698615074158;0.18753701448440552;-0.2209950089454651;0.5782691836357117;0.22749212384223938;-0.09744299948215485;0.5152890682220459;0.23314078152179718;-0.0964486226439476;0.5870926380157471;0.31713950634002686;-0.05047763139009476;0.508577287197113;0.3198135793209076;-0.06150708720088005;0.5639205574989319;0.3956792652606964;-0.0016121395165100694;0.5330676436424255;0.3938528299331665;0.0016064520459622145;0.5597703456878662;0.5116588473320007;-0.01432923786342144;0.5316230654716492;0.5102355480194092;0.02175622433423996;0.5435166835784913;0.1685199797153473;-0.22819746881723404;0.587221309542656;0.40544048696756363;-0.14209805987775326;0.5051594078540802;0.4122376814484596;-0.14848171919584274;0.5465165575345358;0.5949563384056091;0.23968657354513803;0.5328552524248759;0.6208287477493286;0.17516696204741797;;acercandose
1.8;0.5398344993591309;0.18729452788829803;-0.2420184463262558;0.578022837638855;0.22707915306091309;-0.10543888062238693;0.5150228142738342;0.23311050236225128;-0.11083508282899857;0.5870316624641418;0.3172816038131714;-0.06041599065065384;0.5067930817604065;0.31979262828826904;-0.07543761283159256;0.5639626383781433;0.39651253819465637;0.0006048941286280751;0.5330588221549988;0.3958359956741333;-0.0006021512672305107;0.5603623390197754;0.5128598809242249;0.013629562221467495;0.531515896320343;0.510643720626831;0.021751921623945236;0.5433571457862854;0.168282850086689;-0.24903558045625687;0.5875716507434845;0.4055544212460518;-0.16294532269239426;0.5037011057138443;0.4145277291536331;-0.1696048304438591;0.5471256176630656;0.590376635392507;0.28846387068430585;0.5337340633074442;0.6240079402923584;0.1717825507124265;;acercandose
1.83;0.5395419001579285;0.18726345896720886;-0.26790156960487366;0.577924907207489;0.22682738304138184;-0.1303977519273758;0.5146880745887756;0.2330983728170395;-0.13110414147377014;0.5870001316070557;0.31746456027030945;-0.0852685496211052;0.5055318474769592;0.31975027918815613;-0.09179374575614929;0.5640121698379517;0.3971050977706909;0.0005165247712284327;0.53261399269104;0.3971170485019684;-0.0005120410933159292;0.5605152249336243;0.5133022665977478;0.026867428794503212;0.5313476920127869;0.5113235116004944;0.03172789514064789;0.5430379986763001;0.168195877969265;-0.2762919396162033;0.5881319642066956;0.40568386763334274;-0.18629834055900574;0.5029251947999;0.41620559245347977;-0.1835165023803711;0.5491177241007487;0.5909612576166788;0.3003612160682678;0.5341091354688009;0.6249422629674276;0.1842766006787618;;acercandose
1.87;0.5394740104675293;0.1875760704278946;-0.2774018943309784;0.5779191851615906;0.22686973214149475;-0.13669735193252563;0.5145188570022583;0.23308658599853516;-0.14398488402366638;0.5869867205619812;0.31793370842933655;-0.09148532152175903;0.5049657225608826;0.3198595941066742;-0.10509739071130753;0.563995361328125;0.3975849449634552;0.002177636371925473;0.5320788621902466;0.3981500267982483;-0.0021773625630885363;0.560783863067627;0.5130818486213684;0.05290995165705681;0.5313288569450378;0.5122250914573669;0.030626406893134117;0.5429276406764985;0.16848558634519578;-0.2857278123497963;0.5888355076313019;0.40578022599220276;-0.192020732909441;0.5025016739964485;0.4172803983092308;-0.19394126534461975;0.5517433087031046;0.5957280198733012;0.29539496699968976;0.5344430804252625;0.6255537867546082;0.17807900408903757;;acercandose
1.9;0.5395426154136658;0.18759474158287048;-0.29032787680625916;0.5778765678405762;0.22671717405319214;-0.14521203935146332;0.5142653584480286;0.23311176896095276;-0.16044744849205017;0.5869762301445007;0.3180093467235565;-0.1001669317483902;0.5044996738433838;0.32024332880973816;-0.12487364560365677;0.5639863014221191;0.3975796401500702;0.0059585352428257465;0.5316447019577026;0.3984258472919464;-0.005974183324724436;0.5615881085395813;0.5128062963485718;0.06186690554022789;0.5315901041030884;0.512358546257019;0.01988821290433407;0.5429022789001465;0.16845516562461854;-0.2983654484152794;0.5892944633960724;0.4059310406446457;-0.19739828631281853;0.5021646320819855;0.41836918890476227;-0.21331362798810005;0.5537845293680826;0.6076127290725708;0.2773663053909938;0.5345995624860128;0.6252369085947672;0.17652577658494314;;acercandose
1.93;0.5397257804870605;0.18771450221538544;-0.2926296591758728;0.5778632164001465;0.22677835822105408;-0.14966899156570435;0.5139155983924866;0.23327170312404633;-0.16351549327373505;0.5869765281677246;0.3187463581562042;-0.10467805713415146;0.5039687156677246;0.32146117091178894;-0.12719014286994934;0.5639652609825134;0.39810359477996826;0.00616874685510993;0.5312764048576355;0.40009191632270813;-0.006194054614752531;0.5614638328552246;0.514680802822113;0.05745069310069084;0.5320757031440735;0.5178125500679016;0.031626153737306595;0.5430396437644959;0.16852222084999086;-0.30063297897577285;0.5896462649106979;0.40717537701129913;-0.20332295447587967;0.5018467009067535;0.4192897230386734;-0.21506856754422188;0.5551882783571879;0.6214372118314108;0.2614891727765401;0.5351625283559164;0.625308632850647;0.20297706127166748;;acercandose
1.97;0.5399119257926941;0.1873806118965149;-0.28420376777648926;0.5779927372932434;0.22698195278644562;-0.14186730980873108;0.5138259530067444;0.23362697660923004;-0.1605246514081955;0.5870112180709839;0.31912896037101746;-0.09460319578647614;0.5039660930633545;0.3230189085006714;-0.12606260180473328;0.5639073848724365;0.398375928401947;0.007306437008082867;0.5306068658828735;0.40103623270988464;-0.007350108586251736;0.5613581538200378;0.5167157053947449;0.0482797771692276;0.5326403379440308;0.5219370722770691;0.031120650470256805;0.5432141721248627;0.1679519921541214;-0.2913235560059547;0.5898955166339874;0.40806374698877335;-0.18955059349536896;0.5018996894359589;0.42004551738500595;-0.2103361412882805;0.5565444032351176;0.6328877409299215;0.21790158251921335;0.5355204343795776;0.6270318428675333;0.19717665016651154;;acercandose
2.0;0.5399424433708191;0.18719878792762756;-0.2657635807991028;0.5781044960021973;0.227383092045784;-0.12861566245555878;0.5138442516326904;0.23381076753139496;-0.1506866216659546;0.5870048999786377;0.31999948620796204;-0.07420460879802704;0.5039157271385193;0.32388007640838623;-0.11539441347122192;0.5637307167053223;0.39991357922554016;0.007530215661972761;0.5301409959793091;0.40336504578590393;-0.007595065049827099;0.5612255930900574;0.5199220776557922;0.04084281995892525;0.5331352353096008;0.5264155864715576;0.03725051507353783;0.5432419538497925;0.1678086519241333;-0.2726733937859535;0.589789554476738;0.4091312512755394;-0.16236307471990585;0.5019649565219879;0.4206346273422241;-0.1940438598394394;0.5571047266324362;0.6424719095230103;0.18509654700756073;0.5357615749041239;0.6281552116076151;0.2086639553308487;;acercandose
2.03;0.54006028175354;0.18748754262924194;-0.21137885749340057;0.5784459114074707;0.22904667258262634;-0.08523901551961899;0.5139064192771912;0.23411695659160614;-0.10574818402528763;0.5870091319084167;0.32196301221847534;-0.040243279188871384;0.5039963126182556;0.324927419424057;-0.07525843381881714;0.5632679462432861;0.40219172835350037;0.007232442032545805;0.5297689437866211;0.405923068523407;-0.007293424569070339;0.5609492659568787;0.5232636332511902;0.021221911534667015;0.5332397818565369;0.5300745368003845;0.027485912665724754;0.5437297523021698;0.16792154014110566;-0.21640876680612564;0.5897140800952911;0.41202956438064575;-0.1324298456311226;0.5020547583699226;0.42132122069597244;-0.15178395435214043;0.5570684274037679;0.6519438227017721;0.13824732353289923;0.5357291499773661;0.6297426025072733;0.19602735340595245;;acercandose
2.07;0.5403160452842712;0.18841107189655304;-0.20497219264507294;0.5791372060775757;0.2308533787727356;-0.08172157406806946;0.5141810178756714;0.23415513336658478;-0.09563589096069336;0.5870322585105896;0.3242974579334259;-0.04111767187714577;0.5040806531906128;0.3250327408313751;-0.06561461836099625;0.5630998611450195;0.40455490350723267;0.00563850486651063;0.5296803116798401;0.4079003632068634;-0.005700620356947184;0.5602690577507019;0.5270330309867859;0.004636164754629135;0.5333207249641418;0.5313965082168579;0.02740718424320221;0.5443414092063904;0.1682793453335762;-0.21038192212581636;0.5896805226802826;0.4144384041428566;-0.13910607621073723;0.5023731589317322;0.4217291995882988;-0.14786038175225258;0.5569384892781576;0.6559046506881714;0.12364016721645991;0.5356425046920776;0.6293355822563171;0.20797068874041238;;acercandose
2.1;0.5407558083534241;0.18962353467941284;-0.22310771048069;0.5799404382705688;0.2323508858680725;-0.0971079170703888;0.514570951461792;0.2344764769077301;-0.10679757595062256;0.5877267122268677;0.32594290375709534;-0.05305468291044235;0.5041413307189941;0.3260751962661743;-0.07400235533714294;0.5631470680236816;0.4081419110298157;0.0014374804450199008;0.5296968817710876;0.4113209545612335;-0.0014857202768325806;0.5602034330368042;0.5320467352867126;-0.001752879354171455;0.5332953333854675;0.5348243713378906;0.04578502103686333;0.5450037956237793;0.1689910426735878;-0.22981358766555787;0.5898795574903488;0.4166213572025299;-0.14432248659431934;0.5028385743498802;0.42318230122327805;-0.1596691533923149;0.5570046504338583;0.6586218873659769;0.12045909216006596;0.535439928372701;0.628859301408132;0.25602037211259204;;acercandose
2.13;0.5423264503479004;0.19010598957538605;-0.22708353400230408;0.581235408782959;0.23399987816810608;-0.10234096646308899;0.5159227848052979;0.23449711501598358;-0.10887853056192398;0.5889989733695984;0.32827553153038025;-0.0573454312980175;0.5041759014129639;0.32598015666007996;-0.07497686892747879;0.5632314085960388;0.409608393907547;-0.00044710582005791366;0.5298701524734497;0.4114127457141876;0.00039027491584420204;0.5601521730422974;0.5324741005897522;0.006758606992661953;0.5332847833633423;0.5356225371360779;0.04062953218817711;0.5465125441551208;0.16935614943504335;-0.233953757584095;0.5900451242923737;0.41889528185129166;-0.14699820056557655;0.5036742091178894;0.42372211068868637;-0.16060494258999825;0.5569270849227905;0.6586242119471232;0.13798967748880386;0.5353646477063497;0.6303954521814982;0.22369040052096048;;acercandose
2.17;0.5436816811561584;0.1901063770055771;-0.23107664287090302;0.5824165344238281;0.2352735996246338;-0.10351724177598953;0.5172182321548462;0.23465166985988617;-0.11089175939559937;0.5899507999420166;0.3298678994178772;-0.05785616487264633;0.5042116641998291;0.3260285258293152;-0.08313863724470139;0.5633378624916077;0.4112667441368103;-0.0003015417023561895;0.5300920009613037;0.41141656041145325;0.0002562792506068945;0.5601105690002441;0.536012589931488;0.006144510582089424;0.5332877039909363;0.5368640422821045;0.034930936992168427;0.5476973414421081;0.1694139376282692;-0.23776428550481796;0.5902582406997681;0.4212524890899658;-0.14691219478845596;0.5057289451360703;0.42537921667099;-0.16630059108138084;0.556892971197764;0.6622840166091919;0.13203604022661844;0.5354296366373698;0.6302827199300131;0.21952598790327707;;acercandose
2.2;0.5446940660476685;0.1899406611919403;-0.2295314073562622;0.5841265916824341;0.23649445176124573;-0.10356760770082474;0.5185381174087524;0.23469561338424683;-0.11323916912078857;0.5915047526359558;0.3317893445491791;-0.05906876549124718;0.5044580101966858;0.32635730504989624;-0.0831194743514061;0.5633549690246582;0.41254472732543945;6,90E+09;0.5300878286361694;0.41154900193214417;-0.0001086646007024683;0.5600782036781311;0.537352979183197;0.0031175436452031136;0.5332756042480469;0.5378845930099487;0.03017427772283554;0.5489654421806336;0.16930370926856994;-0.23615640103816987;0.5908701717853546;0.4239460751414299;-0.14866337925195694;0.506104439496994;0.42695314437150955;-0.16599569097161293;0.5567081371943156;0.6656947334607443;0.12647570421298346;0.5352976322174072;0.6303986310958862;0.2198909123738607;;acercandose
2.23;0.5455306172370911;0.18955545127391815;-0.2380361407995224;0.5865125060081482;0.2374877780675888;-0.10986433923244476;0.5198086500167847;0.23463626205921173;-0.12194792926311493;0.5925808548927307;0.33347567915916443;-0.07008938491344452;0.5048536658287048;0.3263714909553528;-0.08832533657550812;0.563736617565155;0.4144041836261749;0.0024422863498330116;0.5302800536155701;0.4122912287712097;-0.0025144892279058695;0.5600733757019043;0.540542483329773;0.004799488931894302;0.5332722067832947;0.5391109585762024;0.022057654336094856;0.5501865029335022;0.16882932037115098;-0.2455894023180008;0.5917404294013977;0.4258389547467232;-0.16569115221500397;0.5066218674182892;0.4280463233590126;-0.16743221133947372;0.5562891165415446;0.6676674485206604;0.1361915022134781;0.5344537099202474;0.6304155190785726;0.23213231563568115;;acercandose
2.27;0.5472657084465027;0.18930381536483765;-0.23138950765132904;0.5885187983512878;0.23852743208408356;-0.1040080338716507;0.5211265683174133;0.2342597395181656;-0.12053330987691879;0.594002366065979;0.3352847099304199;-0.06388676911592484;0.5054268836975098;0.3263300061225891;-0.08646656572818756;0.5640955567359924;0.4163144528865814;0.004566757939755917;0.5306007266044617;0.412851482629776;-0.0046489485539495945;0.5601043105125427;0.5432366132736206;0.0013006391236558557;0.5332736372947693;0.5407780408859253;0.014849935658276081;0.5517645359039307;0.16843369901180266;-0.23858488351106644;0.5921606123447418;0.4279525578022003;-0.15696559846401215;0.5070468932390213;0.42862989008426666;-0.16297199204564095;0.5562112132708231;0.6708386937777201;0.12588758021593094;0.5342412193616232;0.6324204802513123;0.2245584080616633;;acercandose
2.3;0.5498449802398682;0.1854463666677475;-0.23219400644302368;0.5899785757064819;0.23840583860874176;-0.1045810803771019;0.522248387336731;0.23302431404590607;-0.11985179036855698;0.5953945517539978;0.3356884717941284;-0.06623629480600357;0.5062888860702515;0.3258138597011566;-0.08569344878196716;0.5648754835128784;0.41758570075035095;0.004794125445187092;0.5312457084655762;0.41322338581085205;-0.004870809614658356;0.5603681802749634;0.5438191890716553;-0.0004685737658292055;0.5333190560340881;0.5419336557388306;0.030773019418120384;0.5550376534461975;0.1641348585486412;-0.23879042714834214;0.5928500294685364;0.42902594059705734;-0.1660255827009678;0.5079804807901382;0.42856717109680176;-0.1634926274418831;0.5565341909726461;0.6743146777153015;0.11826551084717114;0.5344538887341818;0.634920338789622;0.25086937348047894;;acercandose
2.33;0.5515642762184143;0.18227821588516235;-0.20827656984329224;0.5918801426887512;0.23823818564414978;-0.09301566332578659;0.5235692262649536;0.23113781213760376;-0.09447471797466278;0.5966448783874512;0.3357481062412262;-0.06093974784016609;0.5080494284629822;0.32544881105422974;-0.05674441531300545;0.5665513873100281;0.4183230400085449;0.00466946279630065;0.5319387912750244;0.41333338618278503;-0.004744098987430334;0.5619074106216431;0.5443753600120544;-0.005565781146287918;0.5331997871398926;0.5445493459701538;0.02824908308684826;0.5571502268314361;0.16089753806591034;-0.21415578722953796;0.5932473242282867;0.430512472987175;-0.16448575630784035;0.5083561986684799;0.42846472561359406;-0.13616159744560719;0.557259758313497;0.6752040982246399;0.12370267013708751;0.5344198346138;0.6387430628140768;0.2276234875122706;;acercandose
2.37;0.5533989071846008;0.1806826889514923;-0.20947736501693726;0.5933941602706909;0.23811964690685272;-0.09010253846645355;0.524447500705719;0.23029886186122894;-0.09046386182308197;0.597962498664856;0.33565303683280945;-0.06134306639432907;0.5092060565948486;0.3250598907470703;-0.050048746168613434;0.5681272745132446;0.4217201769351959;0.004333013202995062;0.5324598550796509;0.4150460958480835;-0.004397106822580099;0.563196063041687;0.5492047071456909;-0.006714623421430588;0.5328465104103088;0.5492050051689148;0.028302615508437157;0.5593959391117096;0.15905295610427855;-0.21482394337654115;0.5932522118091583;0.4304683357477188;-0.17904652282595634;0.508609339594841;0.42830856144428253;-0.13577773235738277;0.5576574405034384;0.676037073135376;0.1292804628610611;0.5345780650774637;0.6384907166163126;0.2397568623224894;;acercandose
2.4;0.5554026961326599;0.17971214652061462;-0.2117328941822052;0.5950238704681396;0.23803064227104187;-0.09393990784883499;0.52545565366745;0.22899998724460602;-0.09907209873199463;0.60007244348526;0.33567094802856445;-0.06810957193374634;0.5098066329956055;0.3236601650714874;-0.06143103912472725;0.5698325037956238;0.4224587082862854;0.004396717995405197;0.5331546068191528;0.41529494524002075;-0.004453091882169247;0.5640488266944885;0.5520188212394714;-0.006069383583962917;0.5326308608055115;0.5497480034828186;0.04157957434654236;0.5614571571350098;0.15774134248495103;-0.21812412589788438;0.5940337926149368;0.43165726959705353;-0.1936441883444786;0.5088964402675629;0.4283137023448944;-0.14483768865466118;0.5576017300287882;0.6764602661132812;0.12419552852710088;0.534547487894694;0.6356520851453146;0.2838762352863948;;acercandose
2.43;0.5568774342536926;0.17913219332695007;-0.2186572402715683;0.596585750579834;0.23793448507785797;-0.0928775891661644;0.525855302810669;0.22875958681106567;-0.1015438511967659;0.6012060642242432;0.33662036061286926;-0.06813106685876846;0.5106760263442993;0.3234506845474243;-0.0655820444226265;0.5714913010597229;0.42513808608055115;0.005867547355592251;0.5335885286331177;0.4180498421192169;-0.0058977254666388035;0.5645840764045715;0.554255485534668;-0.005647594109177589;0.5322972536087036;0.5515100955963135;0.046422701328992844;0.5632278382778168;0.15689993649721146;-0.22500785142183305;0.5954292714595795;0.43411534279584885;-0.19923515617847443;0.5093222558498383;0.4288758188486099;-0.15405730158090591;0.558007538318634;0.6784733335177103;0.12573006004095078;0.5353551109631857;0.6329434116681417;0.304996261994044;;acercandose
2.47;0.557761013507843;0.1780669093132019;-0.22328096628189087;0.5976758599281311;0.2378988116979599;-0.09269962459802628;0.5263554453849792;0.22857126593589783;-0.10203613340854645;0.6030383110046387;0.33710047602653503;-0.06604620814323425;0.5117290019989014;0.3234387934207916;-0.06765765696763992;0.5729299783706665;0.4249965250492096;0.006902703084051609;0.5347263216972351;0.41850587725639343;-0.006931255105882883;0.565333366394043;0.5547584891319275;-0.004036131780594587;0.5324862003326416;0.5523971915245056;0.04293530434370041;0.5642266809940338;0.15592415779829025;-0.228495991230011;0.5977890491485596;0.4360101595520973;-0.1915181390941143;0.509445920586586;0.42900102585554123;-0.15573856607079506;0.5581492185592651;0.6789834101994833;0.13008629033962885;0.53558882077535;0.6325898965199789;0.2949022948741913;;acercandose
2.5;0.5589068531990051;0.17787115275859833;-0.23461349308490753;0.5987311601638794;0.23787188529968262;-0.09387651830911636;0.526678740978241;0.22847911715507507;-0.11027489602565765;0.6045739054679871;0.3375466465950012;-0.06024801358580589;0.5132211446762085;0.3234681487083435;-0.0697016641497612;0.5742918252944946;0.4255618751049042;0.0072713252156972885;0.5359014272689819;0.4189383089542389;-0.00729989493265748;0.5662215352058411;0.5563863515853882;0.006294442340731621;0.5330223441123962;0.5532199740409851;0.04344381019473076;0.5652884542942047;0.15528624951839448;-0.2391146555542946;0.5990788787603378;0.4377908557653427;-0.18034221231937408;0.5099391937255859;0.4294541999697685;-0.16186675801873207;0.5580906271934509;0.6790148615837097;0.16320721060037613;0.5351645151774088;0.6364555756251017;0.28205091257890064;;acercandose
2.53;0.5603733658790588;0.17765618860721588;-0.24836958944797516;0.5997209548950195;0.23784805834293365;-0.10488913953304291;0.5272024869918823;0.22839930653572083;-0.1254642754793167;0.6045829057693481;0.3385736346244812;-0.060492075979709625;0.5144917368888855;0.3239418864250183;-0.08496824651956558;0.5752208828926086;0.42489418387413025;0.009037000127136707;0.5370470285415649;0.4186818301677704;-0.009089119732379913;0.5672968626022339;0.5549801588058472;0.023491034284234047;0.5354228019714355;0.552606463432312;0.03648438677191734;0.5665190935134887;0.15446721762418747;-0.25304175168275833;0.5998980104923248;0.44004759937524796;-0.17386680096387863;0.5098884254693985;0.4296644702553749;-0.1754227764904499;0.5581916173299154;0.6783219377199808;0.19047207136948904;0.5346904993057251;0.6443332433700562;0.2416975498199463;;acercandose
2.57;0.5607975125312805;0.1769876927137375;-0.245425745844841;0.600078284740448;0.2376764714717865;-0.10536640882492065;0.5275336503982544;0.22826902568340302;-0.12317357212305069;0.6045087575912476;0.33864912390708923;-0.0593118891119957;0.5148868560791016;0.32400739192962646;-0.08475959300994873;0.5762144923210144;0.4244787096977234;0.009007662534713745;0.5385392308235168;0.41844770312309265;-0.009069091640412807;0.5671218633651733;0.5544615983963013;0.03216404467821121;0.5369014143943787;0.5524078607559204;0.032801710069179535;0.5667486369609833;0.1535439297556877;-0.2500563070178032;0.601478710770607;0.4403837099671364;-0.17089105769991875;0.508915588259697;0.42957672476768494;-0.17672057822346687;0.5581738154093424;0.6778385241826376;0.21955438454945883;0.5340133706728617;0.6527870694796244;0.2246954341729482;;acercandose
2.6;0.5608062744140625;0.17619095742702484;-0.26378124952316284;0.6008093953132629;0.2376249134540558;-0.11937076598405838;0.5277699828147888;0.228298157453537;-0.13188959658145905;0.6051360368728638;0.33934101462364197;-0.07183722406625748;0.5151683688163757;0.3243190348148346;-0.09244054555892944;0.5777167081832886;0.4242705702781677;0.008785662241280079;0.5397717356681824;0.41832688450813293;-0.008844254538416862;0.5673975944519043;0.5541538596153259;0.041895415633916855;0.5379164814949036;0.5527019500732422;0.034806542098522186;0.5666653752326966;0.15276736170053482;-0.2682880312204361;0.6034712195396423;0.44125959277153015;-0.18611089885234833;0.5084085762500763;0.42953354120254517;-0.18853558972477913;0.5579846302668253;0.6780390938123068;0.24379598100980124;0.5341739257176717;0.6651503046353658;0.2258962094783783;;acercandose
2.63;0.5606567859649658;0.17581409215927124;-0.2544066607952118;0.601362943649292;0.23741455376148224;-0.11758919805288315;0.5278735160827637;0.2283247858285904;-0.12742820382118225;0.6061297059059143;0.3400129973888397;-0.059870366007089615;0.5153198838233948;0.325016587972641;-0.08916910737752914;0.5788162350654602;0.4259439706802368;0.009747685864567757;0.5405925512313843;0.41952210664749146;-0.009825662709772587;0.5672892928123474;0.5586662292480469;0.051628656685352325;0.5383338332176208;0.5555720925331116;0.03137750178575516;0.5664398908615113;0.15245664417743682;-0.25929787904024126;0.6052113771438599;0.4430917203426361;-0.16766979917883873;0.5072988569736481;0.4303858354687691;-0.18098365887999535;0.557775100072225;0.6788710554440817;0.2657006233930588;0.5347682038942972;0.679843803246816;0.21060603857040405;;acercandose
2.67;0.5609915256500244;0.17590874433517456;-0.25050118565559387;0.6017832159996033;0.23706158995628357;-0.10920985788106918;0.5277969837188721;0.22855167090892792;-0.12620809674263;0.6071036458015442;0.34005847573280334;-0.05472584441304207;0.5153666734695435;0.3277032971382141;-0.08693971484899521;0.579858660697937;0.42780977487564087;0.009878522716462612;0.541810929775238;0.42247042059898376;-0.009950431995093822;0.5674883127212524;0.5617311000823975;0.0639740377664566;0.5392349362373352;0.5600962042808533;0.03144853562116623;0.5666380107402802;0.15246228724718094;-0.2555819943547249;0.6065492779016495;0.4437500685453415;-0.16730466485023499;0.5071206241846085;0.43314748257398605;-0.18432701006531715;0.5574935674667358;0.6803265611330668;0.28227601448694867;0.5350140333175659;0.6915765206019083;0.20681536694367728;;acercandose
2.7;0.5609652400016785;0.17582903802394867;-0.24489350616931915;0.6018737554550171;0.23703359067440033;-0.08829956501722336;0.5277830958366394;0.22881649434566498;-0.11918558925390244;0.6078814268112183;0.34076887369155884;-0.04214101284742355;0.5151948928833008;0.3289373815059662;-0.08654452115297318;0.5796667337417603;0.43011319637298584;0.014164053834974766;0.5423575043678284;0.4252276122570038;-0.01422849204391241;0.5674681067466736;0.5643023252487183;0.09083827584981918;0.5402098894119263;0.5661419630050659;0.030180798843503;0.566640317440033;0.1522841289639473;-0.24747231602668762;0.6079408824443817;0.44479430466890335;-0.1665222831070423;0.5070538371801376;0.4361637607216835;-0.19380958750844002;0.5571669538815817;0.6816345453262329;0.3212188382943471;0.5360070069630941;0.7004951238632202;0.1932215690612793;;acercandose
2.73;0.5609175562858582;0.17580141127109528;-0.23590390384197235;0.6022973656654358;0.2371450960636139;-0.07739709317684174;0.5278268456459045;0.2293282002210617;-0.11104610562324524;0.6080959439277649;0.3429204821586609;-0.03537273406982422;0.5151551365852356;0.3308984935283661;-0.08438991755247116;0.5794432163238525;0.4317396283149719;0.01824668049812317;0.5423232913017273;0.4267596900463104;-0.0182817280292511;0.5673627853393555;0.5632155537605286;0.07598191499710083;0.5409853458404541;0.56923907995224;-0.0034185554832220078;0.5666212677955628;0.1519860088825226;-0.23797364830970763;0.6089910864830017;0.44698742777109146;-0.16544264554977417;0.5070413649082184;0.4396459385752678;-0.1910412758588791;0.5571846763292948;0.6820892294247946;0.29943525791168213;0.5395252108573914;0.7106603781382242;0.12071180591980617;;acercandose
2.77;0.5609251856803894;0.17586733400821686;-0.24873515963554382;0.60273277759552;0.23788444697856903;-0.08496639132499695;0.5278087258338928;0.2302388697862625;-0.12369174510240555;0.6087586283683777;0.34645146131515503;-0.04210173711180687;0.5151570439338684;0.3331771194934845;-0.09672803431749344;0.5791774392127991;0.4346561133861542;0.023154497146606445;0.5422450304031372;0.4293197989463806;-0.023192571476101875;0.5674219131469727;0.5641937255859375;0.12156721204519272;0.5407801270484924;0.5719240307807922;-0.016652235761284828;0.5665521740913391;0.1518487185239792;-0.25103914439678193;0.6094832420349121;0.45030369609594345;-0.17707369476556778;0.5071098655462265;0.443018801510334;-0.20755784586071968;0.5569976965586344;0.6845650474230448;0.34910160303115845;0.5404171744982401;0.7189172705014547;0.08746161311864853;;acercandose
2.8;0.5608330965042114;0.17663532495498657;-0.2630634903907776;0.6028776168823242;0.2382546365261078;-0.09015601873397827;0.5277588367462158;0.23163940012454987;-0.1355246752500534;0.609279215335846;0.34852802753448486;-0.04878941550850868;0.5151013731956482;0.33626800775527954;-0.10693914443254471;0.5794119834899902;0.43664655089378357;0.02552158571779728;0.5423768758773804;0.43250730633735657;-0.025564085692167282;0.5680238604545593;0.5654479265213013;0.1308281421661377;0.5407060980796814;0.5737675428390503;-0.012096897698938847;0.5663430154323578;0.15205772668123246;-0.2662220999598503;0.6103648543357849;0.45234547555446625;-0.18714824691414833;0.5075822621583939;0.4477889910340309;-0.21862248703837395;0.5573771993319193;0.6861349940299988;0.3538927932580312;0.5407761335372925;0.7164637645085653;0.10837151731053989;;acercandose
2.83;0.5605553984642029;0.17844416201114655;-0.2721642255783081;0.6030097603797913;0.238506481051445;-0.09811459481716156;0.5277345776557922;0.2327633500099182;-0.14171350002288818;0.6094446182250977;0.3494006097316742;-0.052890460938215256;0.515142023563385;0.3383406400680542;-0.11087876558303833;0.5797180533409119;0.4366542100906372;0.024722382426261902;0.5423329472541809;0.4328899681568146;-0.02475973777472973;0.5687878727912903;0.5659142732620239;0.11415565013885498;0.5405969619750977;0.5735376477241516;-0.0161120742559433;0.5659579038619995;0.15340382605791092;-0.27603999972343446;0.6108987927436829;0.4526757448911667;-0.18732142448425293;0.5076381713151932;0.45008040219545364;-0.22124168649315834;0.5574256976445516;0.6870619058609009;0.33163249492645264;0.5418777267138163;0.715329647064209;0.10571976751089096;;acercandose
2.87;0.5595635175704956;0.17930498719215393;-0.26368874311447144;0.6028769016265869;0.2387399971485138;-0.09160258620977402;0.5271785855293274;0.23398689925670624;-0.13680538535118103;0.6095119714736938;0.3501204252243042;-0.04632590711116791;0.5151076316833496;0.3393888771533966;-0.109341099858284;0.5798414945602417;0.4379638433456421;0.02329767681658268;0.5422734022140503;0.43476369976997375;-0.023325486108660698;0.5693978667259216;0.5675437450408936;0.10504081100225449;0.5406407117843628;0.5783507823944092;-0.006292934063822031;0.5650741755962372;0.15397189557552338;-0.26835725605487826;0.6114046722650528;0.45275216549634933;-0.18518269807100296;0.5077972412109375;0.45305177569389343;-0.21047009155154228;0.5570006966590881;0.6871018012364706;0.34246698021888733;0.544588585694631;0.726214071114858;0.10793182874719302;;acercandose
2.9;0.5583836436271667;0.17969520390033722;-0.2632618546485901;0.6028171181678772;0.2387373000383377;-0.0921674519777298;0.5256497859954834;0.23486454784870148;-0.13332781195640564;0.6094853281974792;0.3501532971858978;-0.04754885658621788;0.514453649520874;0.3397647440433502;-0.10312571376562119;0.5797891020774841;0.43804123997688293;0.022473778575658798;0.5421929359436035;0.4354749023914337;-0.022501537576317787;0.5702618360519409;0.5687138438224792;0.09593494236469269;0.5407308340072632;0.5810401439666748;-0.003693693084642291;0.5637277841567994;0.15425239503383636;-0.2678625836968422;0.611557275056839;0.4536874517798424;-0.1839585043489933;0.5079972296953201;0.45574528723955154;-0.20749831199645996;0.5567259987195333;0.6868233879407247;0.3240626056989034;0.5453783472379049;0.7278822263081869;0.11451668913165729;;acercandose
2.93;0.556303083896637;0.17956142127513885;-0.267790824174881;0.602212131023407;0.2384621649980545;-0.0996771827340126;0.5240195989608765;0.23538930714130402;-0.1321713924407959;0.6095439791679382;0.35004743933677673;-0.05512578412890434;0.5137028694152832;0.34013181924819946;-0.10078522562980652;0.5800073146820068;0.43798163533210754;0.02110578864812851;0.5421223044395447;0.4365028142929077;-0.021099664270877838;0.5710671544075012;0.5689217448234558;0.08539159595966339;0.5407780408859253;0.5838043689727783;-0.0021313743200153112;0.5619405508041382;0.15413615554571153;-0.2723821848630905;0.6113308072090149;0.45459911972284317;-0.18732383102178574;0.5082798302173615;0.45792320370674133;-0.20813458040356636;0.5568228165308634;0.6862945357958475;0.33010249336560565;0.5462520917256674;0.7350820700327555;0.11201728383700053;;acercandose
2.97;0.5536953806877136;0.17792709171772003;-0.2666490375995636;0.6019405722618103;0.23802997171878815;-0.10322245210409164;0.5228633880615234;0.2354702204465866;-0.13160131871700287;0.6096729636192322;0.34977176785469055;-0.055952996015548706;0.5131810307502747;0.3402813971042633;-0.09540029615163803;0.5803294777870178;0.4379292130470276;0.01894764043390751;0.5420756340026855;0.43675240874290466;-0.0189500842243433;0.571532130241394;0.5700436234474182;0.07073665410280228;0.5407550930976868;0.5868847370147705;-0.0009239646606147289;0.5596626698970795;0.15237938463687897;-0.27171326577663424;0.6115147620439529;0.455106645822525;-0.18625416606664658;0.5083733797073364;0.45913300663232803;-0.20255963876843452;0.556464433670044;0.6863542397816976;0.3307061791419983;0.546133279800415;0.7384334802627563;0.12505977849165598;;acercandose
3.0;0.5523810386657715;0.17601481080055237;-0.2880055010318756;0.6018210649490356;0.23707567155361176;-0.123332679271698;0.5223724842071533;0.23540696501731873;-0.13979285955429077;0.61002516746521;0.34934481978416443;-0.08036106824874878;0.5122410655021667;0.34011757373809814;-0.10087157785892487;0.5804157853126526;0.43789416551589966;0.016178235411643982;0.5418158769607544;0.43660005927085876;-0.016189148649573326;0.5720505714416504;0.5713078379631042;0.06917670369148254;0.5412154793739319;0.5868266224861145;-0.0007683630101382732;0.5584014832973481;0.14994643479585648;-0.29386026561260226;0.6115733236074448;0.4546334072947502;-0.21187196299433708;0.5080648362636566;0.45900759100914;-0.21141471713781357;0.5569468140602112;0.6862839460372925;0.34849774837493896;0.5460501710573832;0.7375371257464091;0.13479323064287504;;acercandose
3.03;0.551379919052124;0.17281648516654968;-0.28965243697166443;0.6012762784957886;0.23526810109615326;-0.13175390660762787;0.5215840339660645;0.2353890985250473;-0.13678903877735138;0.6103223562240601;0.3491913080215454;-0.09339215606451035;0.5117931962013245;0.34029772877693176;-0.09418635815382004;0.5808864235877991;0.4383915662765503;0.00934432353824377;0.5417251586914062;0.4367324113845825;-0.009347607381641865;0.572881817817688;0.5737887620925903;0.040959637612104416;0.5411235690116882;0.5877845883369446;0.005491620860993862;0.5575296521186829;0.14701398313045502;-0.2952971562743187;0.6114472299814224;0.454723559319973;-0.23068156093358994;0.507347360253334;0.45838041603565216;-0.21064811572432518;0.5573004682858785;0.6870995759963989;0.3347194989522298;0.5463634133338928;0.7386588454246521;0.15354987233877182;;acercandose
3.07;0.5504392385482788;0.17082613706588745;-0.2831135392189026;0.6009551882743835;0.23377540707588196;-0.13017860054969788;0.5207734107971191;0.23518580198287964;-0.1279541254043579;0.6106697916984558;0.349044531583786;-0.08326829969882965;0.5110819935798645;0.3403576910495758;-0.0767042487859726;0.5813553333282471;0.4391619563102722;0.003576685208827257;0.5417072176933289;0.4372216761112213;-0.0036051026545464993;0.5745255351066589;0.5791199803352356;0.006802695337682962;0.5407205820083618;0.5903483629226685;0.01114728208631277;0.556700199842453;0.14493693113327027;-0.28919048309326173;0.6115343272686005;0.4554790034890175;-0.21369165554642677;0.506762832403183;0.45797979831695557;-0.18545830994844437;0.556645393371582;0.686902662118276;0.3243970076243083;0.5470084150632223;0.7395374377568563;0.17382959524790445;;acercandose
3.1;0.5496712327003479;0.16981759667396545;-0.281014621257782;0.6007769107818604;0.2325100302696228;-0.12416254729032516;0.5201340317726135;0.23481988906860352;-0.12654249370098114;0.61072838306427;0.3489309251308441;-0.08162020891904831;0.5098363757133484;0.3406922221183777;-0.07705338299274445;0.5813254714012146;0.4397551119327545;0.0058480724692344666;0.5411089658737183;0.4378964304924011;-0.005876362789422274;0.5764667391777039;0.5827441811561584;0.007294941693544388;0.5406976938247681;0.5919210910797119;0.004984647035598755;0.556001728773117;0.1436311662197113;-0.287231869995594;0.6117041558027267;0.4559667259454727;-0.20088889822363853;0.5064419806003571;0.45888934284448624;-0.18601292371749878;0.556865930557251;0.6848248640696207;0.3234724799791972;0.5466728210449219;0.7403613527615865;0.165481835603714;;acercandose
3.13;0.5493776798248291;0.1689755767583847;-0.28170475363731384;0.6006062626838684;0.23145245015621185;-0.12148619443178177;0.5196146965026855;0.23399074375629425;-0.12663111090660095;0.6106996536254883;0.3486318290233612;-0.071632519364357;0.5086493492126465;0.34085604548454285;-0.08023370802402496;0.5812817811965942;0.440298467874527;0.006867815274745226;0.5402061343193054;0.4388830065727234;-0.006898391991853714;0.5773310661315918;0.5858278870582581;0.019744614139199257;0.5406889915466309;0.5946767926216125;0.006623018998652697;0.5556481957435608;0.1424329996109009;-0.2876070812344551;0.6115760803222656;0.4566454067826271;-0.1845419965684414;0.5059207230806351;0.4601665735244751;-0.18889551609754562;0.5585758090019226;0.677629808584849;0.35314108928044635;0.5465463995933533;0.7408807476361593;0.177900530397892;;acercandose
3.17;0.549443781375885;0.16804338991641998;-0.29397091269493103;0.6005010604858398;0.23046161234378815;-0.13006502389907837;0.5191401839256287;0.23341037333011627;-0.13574503362178802;0.6105790734291077;0.34818366169929504;-0.07278542965650558;0.5078714489936829;0.3411935865879059;-0.08729688078165054;0.5811428427696228;0.44018515944480896;0.007752504199743271;0.5392591953277588;0.4391394555568695;-0.0077833267860114574;0.5776313543319702;0.5873872637748718;0.007346171420067549;0.5406153798103333;0.5956524014472961;0.01020338200032711;0.5556875586509704;0.14136657863855362;-0.3002414643764496;0.6112064272165298;0.45645325630903244;-0.18546205386519432;0.5050703436136246;0.46099402010440826;-0.19652119651436806;0.5610808730125427;0.6782545646031698;0.3444991409778595;0.5465057889620463;0.7396581967671713;0.19527951379617056;;acercandose
3.2;0.5495433211326599;0.16661839187145233;-0.3059854805469513;0.6003925204277039;0.22909881174564362;-0.14342287182807922;0.518732488155365;0.23288264870643616;-0.14250066876411438;0.6104087233543396;0.346945196390152;-0.09191934764385223;0.5075450539588928;0.34165069460868835;-0.09436553716659546;0.5811020731925964;0.43942129611968994;0.006214453838765621;0.5388148427009583;0.4389556646347046;-0.006243095733225346;0.5773544907569885;0.585812509059906;0.009277206845581532;0.5406035780906677;0.5945616364479065;0.0174487866461277;0.555791848897934;0.14030104726552964;-0.31273608058691027;0.611166387796402;0.45627956092357635;-0.22107800468802452;0.5043077915906906;0.46145491302013397;-0.20841481164097786;0.56485915184021;0.6861081520716349;0.34150147438049316;0.54643714427948;0.7389580806096395;0.2015854318936666;;acercandose
3.23;0.5495933890342712;0.16473935544490814;-0.3198804259300232;0.6003132462501526;0.2283322811126709;-0.1573350429534912;0.5182100534439087;0.23261508345603943;-0.15384122729301453;0.6103549003601074;0.3465031087398529;-0.12109768390655518;0.5067892670631409;0.3417523205280304;-0.10706008225679398;0.5810773372650146;0.4389384090900421;0.005644851829856634;0.5383577942848206;0.4388137757778168;-0.005681907292455435;0.5773983597755432;0.5850812792778015;0.01970379240810871;0.5405986309051514;0.5943027138710022;0.03053107298910618;0.5558134257793427;0.1388402298092842;-0.3268264144659042;0.6110282391309738;0.45622675865888596;-0.26587088778615;0.5034008771181107;0.46201232820749283;-0.2199317328631878;0.5674746433893839;0.6978560288747152;0.3329211274782817;0.5463415582974752;0.7388187050819397;0.23020217816034952;;acercandose
3.27;0.5493952631950378;0.16402162611484528;-0.3160620331764221;0.6003524661064148;0.2282862812280655;-0.15667828917503357;0.5181477069854736;0.2324446141719818;-0.15520800650119781;0.6103196740150452;0.34631115198135376;-0.11616748571395874;0.5061081051826477;0.3419209122657776;-0.10477270931005478;0.5810173153877258;0.43853920698165894;0.005769134499132633;0.5379155278205872;0.43869876861572266;-0.005829308182001114;0.5774783492088318;0.5874705910682678;0.027272168546915054;0.5406511425971985;0.5949100852012634;0.03404729813337326;0.5556634068489075;0.138545960187912;-0.3238611504435539;0.6109681874513626;0.45606373250484467;-0.2546997554600239;0.5026725381612778;0.46246275305747986;-0.2154768481850624;0.5696346362431844;0.7164667844772339;0.2964896857738495;0.5465025107065836;0.7400516271591187;0.22719054420789084;;acercandose
3.3;0.5499669909477234;0.16363687813282013;-0.35009765625;0.6004677414894104;0.22832991182804108;-0.18093739449977875;0.5182467699050903;0.23199446499347687;-0.1854819506406784;0.6102964878082275;0.3462986946105957;-0.14830654859542847;0.5054267048835754;0.34196749329566956;-0.13954298198223114;0.580944836139679;0.43838611245155334;0.006099377758800983;0.537588894367218;0.43855059146881104;-0.0061866813339293;0.5775755643844604;0.5906552672386169;0.03121616318821907;0.5409172773361206;0.5956737399101257;0.02870066463947296;0.5560328602790833;0.13780643045902252;-0.3573162704706192;0.6108245551586151;0.4568047672510147;-0.2942058965563774;0.5021027699112892;0.46326036006212234;-0.24313270673155785;0.5714695652325948;0.7354952494303385;0.25398172934850055;0.546602706114451;0.7406587600708008;0.22022119661172232;;acercandose
3.33;0.5503888130187988;0.16381964087486267;-0.32853999733924866;0.6007705330848694;0.2284286767244339;-0.16781304776668549;0.5182506442070007;0.23160091042518616;-0.17342403531074524;0.6102762222290039;0.34689319133758545;-0.12836189568042755;0.5049278140068054;0.3421449661254883;-0.1278761327266693;0.5809341669082642;0.4386928379535675;0.006269771605730057;0.5373564958572388;0.4384852349758148;-0.00636292016133666;0.577475368976593;0.596331000328064;0.026785507798194885;0.5414979457855225;0.5966932773590088;0.02610015496611595;0.5564675509929657;0.13775195628404618;-0.33546786308288573;0.6109454333782196;0.4587631821632385;-0.26232053712010384;0.5013639107346535;0.46413470804691315;-0.22851216420531273;0.572786291440328;0.753604511419932;0.19681794941425323;0.5465231736501058;0.7436232964197794;0.21785404284795126;;acercandose
3.37;0.5505253672599792;0.16327184438705444;-0.32177186012268066;0.6012641191482544;0.22847384214401245;-0.1588781625032425;0.5181593894958496;0.23135524988174438;-0.1663944125175476;0.6103882193565369;0.347976416349411;-0.11743488907814026;0.5043098330497742;0.3425977826118469;-0.12141957134008408;0.5809285640716553;0.44077804684638977;0.0070582167245447636;0.5372646450996399;0.44008907675743103;-0.007203332148492336;0.5774316787719727;0.6019512414932251;0.027370095252990723;0.5429263114929199;0.5995844602584839;0.02464662492275238;0.5567831695079803;0.1372196450829506;-0.3284695878624916;0.6113605052232742;0.4604716897010803;-0.2519325949251652;0.5010686367750168;0.4654313251376152;-0.22545037418603897;0.5739877422650655;0.7655693888664246;0.20927232007185617;0.5465899109840393;0.7432669997215271;0.22748193641503653;;acercandose
3.4;0.5508002638816833;0.1632806956768036;-0.29021409153938293;0.601856529712677;0.22863371670246124;-0.137825608253479;0.5181609988212585;0.23125940561294556;-0.1498757153749466;0.6104096174240112;0.3494517207145691;-0.09520231187343597;0.5039879679679871;0.34326738119125366;-0.10420218855142593;0.5809129476547241;0.44259509444236755;0.006453178357332945;0.537085235118866;0.44180023670196533;-0.006605731323361397;0.5767190456390381;0.6067711710929871;0.008271938189864159;0.5435970425605774;0.6019755601882935;0.025579575449228287;0.5572690904140473;0.13719964325428008;-0.29678561687469485;0.6115303486585617;0.4628174379467964;-0.22598471119999886;0.5010451227426529;0.46729443967342377;-0.19470128044486046;0.5743877291679382;0.7766754229863485;0.16623195757468542;0.5468173821767172;0.7418882449467977;0.2592897216478984;;acercandose
3.43;0.5508588552474976;0.16340285539627075;-0.2897217273712158;0.6026690602302551;0.22879146039485931;-0.1323491483926773;0.518195629119873;0.23116949200630188;-0.1449236124753952;0.6108949780464172;0.3501858711242676;-0.08346263319253922;0.5036545395851135;0.34530648589134216;-0.09775810688734055;0.5807852745056152;0.445962518453598;0.005781315267086029;0.5367063879966736;0.4451977610588074;-0.005933403503149748;0.5761942863464355;0.6106785535812378;-0.0015685183461755514;0.5437219142913818;0.6068603992462158;0.025154467672109604;0.5576275229454041;0.13733876943588258;-0.29677501171827314;0.6122809499502182;0.46591780334711075;-0.20944184809923172;0.5011321902275085;0.4708242118358612;-0.19311197474598885;0.5758099357287089;0.7859160701433817;0.15686660508314768;0.5471293727556864;0.7427789370218912;0.2683226714531581;;acercandose
3.47;0.5521161556243896;0.16331301629543304;-0.2810569703578949;0.6039618253707886;0.22943754494190216;-0.12664781510829926;0.5185285806655884;0.23060184717178345;-0.13911285996437073;0.6114295125007629;0.352335125207901;-0.07967788726091385;0.503559947013855;0.34606459736824036;-0.09354405105113983;0.5807575583457947;0.44999077916145325;0.004929398652166128;0.5365369319915771;0.4494704008102417;-0.00506566883996129;0.5761576890945435;0.6128413677215576;-0.008526327088475227;0.5436347723007202;0.6115585565567017;0.030361352488398552;0.5587278604507446;0.13740836530923844;-0.28778605759143827;0.6133846491575241;0.47000135481357574;-0.20455214753746986;0.5011871084570885;0.4718239828944206;-0.19048773497343063;0.5762669046719869;0.7932949860890707;0.13167624299724898;0.5471438765525818;0.743254820505778;0.280718872944514;;acercandose
3.5;0.5536966323852539;0.1629030704498291;-0.3022506535053253;0.6052296757698059;0.23049034178256989;-0.13933496177196503;0.5190789699554443;0.22999657690525055;-0.15582993626594543;0.6125420331954956;0.35471779108047485;-0.09249386936426163;0.5036477446556091;0.34747961163520813;-0.1099175438284874;0.5807530283927917;0.4537333548069;0.004883670713752508;0.5365308523178101;0.452941358089447;-0.005011263303458691;0.576162576675415;0.6148195266723633;-0.011546621099114418;0.543567955493927;0.6132404804229736;0.04131036996841431;0.560367739200592;0.13718434274196625;-0.3092920407652855;0.6148453652858734;0.4758044332265854;-0.2208913490176201;0.5012873411178589;0.4750749468803406;-0.2105344571173191;0.57600865761439;0.796826442082723;0.14879476527372995;0.5472769339879354;0.7409870823224386;0.3364556034406026;;acercandose
3.53;0.5559666752815247;0.16254831850528717;-0.29011598229408264;0.6069245338439941;0.23102335631847382;-0.13255266845226288;0.5199295878410339;0.22993309795856476;-0.14414386451244354;0.6135773062705994;0.3552958071231842;-0.08935016393661499;0.503721296787262;0.34855565428733826;-0.10067643970251083;0.5807780027389526;0.4566103518009186;0.003157195635139942;0.5365434288978577;0.4549786150455475;-0.003287307219579816;0.5759340524673462;0.6180381178855896;-0.01210605539381504;0.543228030204773;0.615147054195404;0.04231451079249382;0.5626148641109466;0.1367008790373802;-0.2958991974592209;0.615101233124733;0.4770010933279991;-0.2211063914000988;0.5015873312950134;0.4767526015639305;-0.20450954511761665;0.5758033196131388;0.7998226284980774;0.14148915310700735;0.5472190976142883;0.7395173907279968;0.33648210763931274;;acercandose
3.57;0.5575343370437622;0.16250275075435638;-0.2776356339454651;0.6082003712654114;0.23254412412643433;-0.11778788268566132;0.5211142301559448;0.2298397719860077;-0.13603541254997253;0.6153061985969543;0.3575338125228882;-0.07079724222421646;0.5039187669754028;0.3493556082248688;-0.09462679922580719;0.5812391042709351;0.4598221778869629;0.0032446151599287987;0.5367565751075745;0.4575709104537964;-0.003368072910234332;0.5759108662605286;0.6219984889030457;-0.006684713996946812;0.5432523488998413;0.6204490065574646;0.03846873715519905;0.5645369589328766;0.1364719271659851;-0.28237764090299605;0.6162673383951187;0.47960618883371353;-0.20207898318767548;0.5027908086776733;0.4787821024656296;-0.19894954562187195;0.5753520131111145;0.8036111195882162;0.1543202425042788;0.5472006797790527;0.7400718530019125;0.3125523626804352;;acercandose
3.6;0.5590782761573792;0.16184303164482117;-0.2791937291622162;0.6105647683143616;0.23335498571395874;-0.12166833132505417;0.523207426071167;0.22963865101337433;-0.13762491941452026;0.6174044609069824;0.35975906252861023;-0.07612157613039017;0.5049800276756287;0.3498629033565521;-0.09477076679468155;0.5823066830635071;0.46267449855804443;0.003676807740703225;0.5374014973640442;0.45872756838798523;-0.003810964757576585;0.5759117007255554;0.6252429485321045;-0.007631204556673765;0.5435961484909058;0.6286627054214478;0.026594216004014015;0.5664068818092346;0.13534285128116608;-0.2844681695103645;0.6171310096979141;0.4839586094021797;-0.20528755709528923;0.5033052787184715;0.47988981008529663;-0.1970445178449154;0.5750200351079305;0.8052494724591573;0.1472774421175321;0.5471780697504679;0.741036852200826;0.31654884417851764;;acercandose
3.63;0.5611971020698547;0.16121765971183777;-0.28434720635414124;0.6131605505943298;0.23475532233715057;-0.12257511168718338;0.5243265628814697;0.22958119213581085;-0.14378033578395844;0.6195651292800903;0.3628162443637848;-0.07823945581912994;0.5061751008033752;0.35168400406837463;-0.10139507800340652;0.583666980266571;0.46524444222450256;0.005618606694042683;0.5383511781692505;0.46082210540771484;-0.005759289022535086;0.5759083032608032;0.6295830011367798;-0.004679168574512005;0.5443570017814636;0.6333523988723755;0.019291887059807777;0.568611353635788;0.13390819430351258;-0.28801656812429427;0.6186454147100449;0.48695819079875946;-0.21570542454719543;0.5039282739162445;0.4825756624341011;-0.20482691004872322;0.5747989416122437;0.8076294263203939;0.16498639931281409;0.5460547804832458;0.742421825726827;0.3181341787179311;;acercandose
3.67;0.5630365014076233;0.1598975509405136;-0.2850772738456726;0.6155129671096802;0.23575250804424286;-0.12495158612728119;0.5254231691360474;0.2292483001947403;-0.1439158171415329;0.6211031675338745;0.36448103189468384;-0.07856205105781555;0.5072140693664551;0.3516594469547272;-0.1010705903172493;0.5848972797393799;0.46635088324546814;0.006483806297183037;0.5390231013298035;0.4618757367134094;-0.006625891197472811;0.577075719833374;0.6319005489349365;-0.005587472580373287;0.5447523593902588;0.636225700378418;0.012910662218928337;0.5705680429935456;0.13227612823247908;-0.2896421059966087;0.6201837062835693;0.4890100806951523;-0.2079421877861023;0.504532516002655;0.48307792097330093;-0.20268895477056503;0.5747119386990865;0.8088738918304443;0.16796871771415076;0.545521100362142;0.7427530288696289;0.31386420130729675;;acercandose
3.7;0.5653010010719299;0.1590663641691208;-0.28587427735328674;0.6173250675201416;0.23598821461200714;-0.12274333089590073;0.5262734293937683;0.2287304550409317;-0.14393892884254456;0.6221994161605835;0.3649372160434723;-0.07665197551250458;0.508461058139801;0.3516654074192047;-0.10118477046489716;0.5855780243873596;0.46785444021224976;0.009008078835904598;0.5391330122947693;0.4633041322231293;-0.009119921363890171;0.5780774354934692;0.6349078416824341;-0.01059938408434391;0.5445863008499146;0.6385149359703064;0.015770554542541504;0.5729642629623413;0.13133299052715303;-0.2904838755726814;0.6223920732736588;0.4894145280122757;-0.21001949161291122;0.5059715807437897;0.485012024641037;-0.20312979072332382;0.5746331810951233;0.811751663684845;0.15297671655813852;0.5450742244720459;0.7424980799357096;0.33551554878552753;;acercandose
3.73;0.5669066309928894;0.15845318138599396;-0.28617680072784424;0.6189560294151306;0.23634947836399078;-0.11582734435796738;0.5271462798118591;0.22834405303001404;-0.14228013157844543;0.6234503984451294;0.3667246103286743;-0.07356498390436172;0.5101877450942993;0.35156935453414917;-0.09760184586048126;0.5869585871696472;0.4695895314216614;0.010766721330583096;0.5395315885543823;0.46448978781700134;-0.010859450325369835;0.5795674324035645;0.6393764019012451;-0.016792364418506622;0.5441995859146118;0.6398362517356873;0.02242559753358364;0.5745525062084198;0.13055417835712432;-0.29082169085741044;0.6231819540262222;0.4898359626531601;-0.21596761047840118;0.5079328268766403;0.485355481505394;-0.20198746398091316;0.5748174587885538;0.815117875734965;0.14595312376817068;0.5440990328788757;0.7436061898867289;0.3496394952138265;;acercandose
3.77;0.5682352781295776;0.15780159831047058;-0.29310423135757446;0.6204251050949097;0.23692719638347626;-0.11533751338720322;0.5278951525688171;0.22779777646064758;-0.1471724808216095;0.6247223615646362;0.3679676353931427;-0.06906896829605103;0.5109878182411194;0.351523756980896;-0.10029973834753036;0.5880767107009888;0.47091519832611084;0.014523802325129509;0.5396750569343567;0.46531596779823303;-0.014609169214963913;0.5801934003829956;0.6412638425827026;-0.01540309563279152;0.543340265750885;0.639799177646637;0.029768766835331917;0.5759695827960968;0.12976574823260306;-0.29787949472665787;0.6236069798469543;0.49045196175575256;-0.21528908237814903;0.5087211281061172;0.48557300865650177;-0.20744521170854568;0.5750046173731486;0.8159333268801371;0.1463202362259229;0.5428045193354288;0.7420138120651245;0.3837258219718933;;acercandose
3.8;0.569415271282196;0.15651552379131317;-0.2936479151248932;0.6215789914131165;0.2370418757200241;-0.11326056718826294;0.5286430716514587;0.22763068974018097;-0.14708760380744934;0.6253321170806885;0.3680134415626526;-0.068752221763134;0.5126702785491943;0.35144907236099243;-0.09886907786130905;0.589859664440155;0.4713284373283386;0.015590826980769634;0.5404326319694519;0.4659862220287323;-0.015672681853175163;0.5808382034301758;0.6416102051734924;-0.01861334592103958;0.543117880821228;0.6414719223976135;0.029188890010118484;0.5772489190101624;0.1286022759974003;-0.2983978569507599;0.6244028806686401;0.4908766895532608;-0.2194644920527935;0.5098000317811966;0.48722026497125626;-0.20732738822698593;0.5750656922658285;0.8158153494199117;0.15297159800926843;0.5426696538925171;0.7348283131917318;0.4012264013290405;;acercandose
3.83;0.57094806432724;0.15586501359939575;-0.2984844148159027;0.6223269104957581;0.23701316118240356;-0.11267554014921188;0.5291559100151062;0.2275184690952301;-0.15320155024528503;0.6259039640426636;0.36798733472824097;-0.05970748886466026;0.5144538283348083;0.351430207490921;-0.10668805241584778;0.5914275050163269;0.47184258699417114;0.01689082197844982;0.541860818862915;0.46648791432380676;-0.016979947686195374;0.5814316272735596;0.6415401697158813;-0.015984468162059784;0.5426097512245178;0.6399503350257874;0.03127805516123772;0.5786685526371003;0.12784443274140359;-0.3027332857251167;0.6247937381267548;0.49099452048540115;-0.20687958598136902;0.5104374587535858;0.4877639040350914;-0.21829193830490112;0.5750355919202169;0.8145793279012045;0.15660707900921503;0.5420611302057902;0.7354275782903036;0.38729087511698407;;acercandose
3.87;0.5713383555412292;0.15522605180740356;-0.30198270082473755;0.6230032444000244;0.23698590695858002;-0.1154693141579628;0.5299076437950134;0.22747930884361267;-0.15612462162971497;0.6269046664237976;0.36783185601234436;-0.0643998384475708;0.5160245895385742;0.35145553946495056;-0.10864709317684174;0.5928024053573608;0.4714382290840149;0.01629864051938057;0.5435327887535095;0.46608638763427734;-0.01639273762702942;0.5823500752449036;0.6419424414634705;-0.015047448687255383;0.5426681637763977;0.6401723027229309;0.024803772568702698;0.579030567407608;0.12731031477451324;-0.3064245209097862;0.6249659955501556;0.49175816029310226;-0.2087506428360939;0.5118202418088913;0.48757364600896835;-0.21990033611655235;0.5746800700823466;0.8139100670814514;0.17368909964958826;0.5420224070549011;0.7391155362129211;0.3654906253019969;;acercandose
3.9;0.5715135931968689;0.15428240597248077;-0.30490148067474365;0.6237562894821167;0.2366572916507721;-0.11651287227869034;0.5302744507789612;0.22741088271141052;-0.1616494357585907;0.6281090378761292;0.36760303378105164;-0.06634589284658432;0.5169457793235779;0.3514247536659241;-0.11534982919692993;0.5936025977134705;0.47171875834465027;0.018287446349859238;0.5443858504295349;0.46588200330734253;-0.01840125024318695;0.5826948881149292;0.641930878162384;-0.0013088315026834607;0.5429717898368835;0.6410773992538452;0.01807004027068615;0.5789785623550415;0.12653733119368554;-0.3103268533945084;0.6249700784683228;0.4917479008436203;-0.20921391248703003;0.5124331712722778;0.48820942640304565;-0.22264091297984123;0.5745678345362345;0.8137580156326294;0.1979129115740458;0.5407548348108927;0.7454418540000916;0.36053501566251117;;acercandose
3.93;0.5720890760421753;0.15433642268180847;-0.3039771318435669;0.62453293800354;0.23654848337173462;-0.12494704127311707;0.5306272506713867;0.22709251940250397;-0.1592438966035843;0.6289994716644287;0.3675067722797394;-0.0669451653957367;0.5175952911376953;0.35153451561927795;-0.11364372074604034;0.5940002799034119;0.47187039256095886;0.015110916458070278;0.544645369052887;0.4656650722026825;-0.015227990224957466;0.582693874835968;0.6417661905288696;0.006431858986616135;0.5432770848274231;0.6403816342353821;0.02385530434548855;0.5789934694766998;0.12642039656639098;-0.30983753204345704;0.6252402365207672;0.4931904301047325;-0.20326019823551178;0.5123532712459564;0.48882830142974854;-0.22009532526135445;0.5741095741589864;0.8131042122840881;0.20245210826396942;0.539811889330546;0.7587568759918213;0.31848035256067914;;acercandose
3.97;0.5720019936561584;0.15426629781723022;-0.310122549533844;0.6246808767318726;0.2361891120672226;-0.13893945515155792;0.5308526158332825;0.22685833275318146;-0.15839964151382446;0.6300113797187805;0.36738911271095276;-0.07865317910909653;0.5173602104187012;0.35152116417884827;-0.11257444322109222;0.5943993926048279;0.4717160761356354;0.011043485254049301;0.5451943278312683;0.4654995799064636;-0.011173580773174763;0.582674503326416;0.6416529417037964;0.019123900681734085;0.5433030724525452;0.6400238275527954;0.018798813223838806;0.5787848114967347;0.12618759796023368;-0.31693232953548434;0.625510185956955;0.4937586337327957;-0.20507314056158066;0.5121352076530457;0.48873071372509;-0.21876615285873413;0.5737622578938802;0.8129640420277914;0.2215056816736857;0.5393772721290588;0.7837042808532715;0.2268141359090805;;acercandose
4.0;0.5719668865203857;0.15394191443920135;-0.3253813683986664;0.6247193813323975;0.23592492938041687;-0.14201824367046356;0.5308454036712646;0.22657394409179688;-0.16668598353862762;0.6302744150161743;0.36736729741096497;-0.08079664409160614;0.5170544385910034;0.35155442357063293;-0.11976515501737595;0.5947502255439758;0.4719248116016388;0.011598889715969563;0.5455969572067261;0.46538496017456055;-0.011736864224076271;0.582573413848877;0.6423950791358948;0.02865113876760006;0.5434088110923767;0.6415443420410156;0.008953046053647995;0.5787922501564026;0.12551310658454895;-0.33195674419403076;0.6259698867797852;0.49486248195171356;-0.21230534464120865;0.5120106339454651;0.4886064901947975;-0.22884633019566536;0.5733814239501953;0.8134978612263998;0.24419668316841125;0.5395805438359579;0.7947591543197632;0.22208153208096823;;acercandose
4.03;0.5716875791549683;0.15380938351154327;-0.29806777834892273;0.6247075200080872;0.23579974472522736;-0.11933206021785736;0.5307378172874451;0.22652430832386017;-0.14401721954345703;0.6303430795669556;0.36735621094703674;-0.061293646693229675;0.5167416334152222;0.35198429226875305;-0.09982490539550781;0.5945357084274292;0.4729810953140259;0.013670345768332481;0.5455229878425598;0.46553176641464233;-0.013803140260279179;0.5825193524360657;0.6471356153488159;0.028805924579501152;0.5432164072990417;0.6422432661056519;0.005338183604180813;0.5786273121833801;0.12469576448202133;-0.30383871495723724;0.6269665658473969;0.4960350915789604;-0.19638081640005112;0.5119271874427795;0.4890798330307007;-0.2103586569428444;0.5729385018348694;0.8155168096224467;0.22372613847255707;0.5392744938532511;0.8096076846122742;0.18351124972105026;;acercandose
4.07;0.5716554522514343;0.15364541113376617;-0.28726518154144287;0.6245294809341431;0.23542548716068268;-0.11309511214494705;0.5306832194328308;0.22629030048847198;-0.13525919616222382;0.630348801612854;0.36731913685798645;-0.05765582621097565;0.5161025524139404;0.35204175114631653;-0.09219656884670258;0.5943143367767334;0.4731629490852356;0.013704207725822926;0.5454087257385254;0.46555429697036743;-0.013833161443471909;0.5824522972106934;0.6477207541465759;0.03331715613603592;0.5430094003677368;0.6422663331031799;0.008170359767973423;0.5784265398979187;0.12410750314593315;-0.29310993254184725;0.62718266248703;0.49664856493473053;-0.19192662090063095;0.5118487328290939;0.49008800089359283;-0.20419538021087646;0.5729514559110006;0.8180410464604696;0.21673626701037088;0.5393615563710531;0.8158949414889017;0.17449585596720377;;acercandose
4.1;0.5712510943412781;0.15358130633831024;-0.28513532876968384;0.6243822574615479;0.23497942090034485;-0.11432328075170517;0.5306543707847595;0.2260429412126541;-0.1315159946680069;0.6303642392158508;0.3672833740711212;-0.05919545888900757;0.5155087113380432;0.3520135283470154;-0.08726309984922409;0.5941795706748962;0.47342121601104736;0.01118058618158102;0.545356810092926;0.4657655656337738;-0.011278298683464527;0.5823803544044495;0.6478936076164246;0.026194142177700996;0.5428188443183899;0.6431052684783936;0.008276905864477158;0.5779419720172883;0.12381897494196892;-0.29141476899385454;0.6270750164985657;0.4967780336737633;-0.18777421116828918;0.5117746591567993;0.49088483303785324;-0.19863244891166687;0.5728748043378195;0.8199376662572225;0.18950867901245752;0.5394775072733561;0.8195164601008097;0.16307742148637772;;acercandose
4.13;0.5705438852310181;0.1529557704925537;-0.2883443534374237;0.6242627501487732;0.23430542647838593;-0.11523661762475967;0.530308723449707;0.22561010718345642;-0.13454338908195496;0.63033127784729;0.3672480881214142;-0.06081336736679077;0.5140219926834106;0.35200485587120056;-0.08963814377784729;0.5940740704536438;0.47358980774879456;0.008909443393349648;0.5452630519866943;0.4658423662185669;-0.00899429339915514;0.5823588967323303;0.6481172442436218;0.02365146018564701;0.5425974726676941;0.6432459950447083;0.009619896300137043;0.5773383796215057;0.12301031053066254;-0.29443117380142214;0.626985490322113;0.4975144639611244;-0.18602896109223366;0.5114690661430359;0.49169109016656876;-0.20108682662248611;0.5728138287862142;0.820502241452535;0.19074994573990503;0.5396233598391215;0.8196859161059061;0.17350758612155914;;acercandose
4.17;0.5694621205329895;0.15259261429309845;-0.2918474078178406;0.6235615611076355;0.23396192491054535;-0.11867453157901764;0.529471755027771;0.22549279034137726;-0.13699963688850403;0.6302199363708496;0.3673747181892395;-0.06264107674360275;0.5124184489250183;0.351998507976532;-0.09177260845899582;0.593791127204895;0.47411438822746277;0.00901051051914692;0.5446641445159912;0.4665693938732147;-0.009097362868487835;0.5823462009429932;0.6486112475395203;0.02974149025976658;0.5423300266265869;0.6438027620315552;0.011840767227113247;0.5764046967029571;0.12209921032190323;-0.29801091104745864;0.626920759677887;0.497771181166172;-0.18999744206666946;0.5112538635730743;0.4930243566632271;-0.20264393836259842;0.572777529557546;0.8205900192260742;0.2024662916858991;0.5397938092549642;0.8202156027158102;0.18407021462917328;;acercandose
4.2;0.5686318278312683;0.15198718011379242;-0.29000023007392883;0.6231086850166321;0.2334154099225998;-0.1185264140367508;0.5282487869262695;0.22547219693660736;-0.13458074629306793;0.630168080329895;0.3674127161502838;-0.061763323843479156;0.5111910104751587;0.35202568769454956;-0.0898704007267952;0.5930463671684265;0.4759121239185333;0.00917238648980856;0.5438675880432129;0.46902281045913696;-0.00926155038177967;0.5820958614349365;0.649357259273529;0.045647889375686646;0.5420809388160706;0.6449920535087585;0.02438168413937092;0.5753830671310425;0.12118272110819817;-0.2960750997066498;0.6266466677188873;0.49768539518117905;-0.18855226412415504;0.5107092559337616;0.4942576140165329;-0.20240480825304985;0.5727866689364115;0.8204179803530375;0.22859084606170654;0.5399420857429504;0.8195172746976217;0.20231196532646814;;acercandose
4.23;0.5674721002578735;0.15082941949367523;-0.29156771302223206;0.6227272748947144;0.23251694440841675;-0.11937595158815384;0.5267466306686401;0.22545453906059265;-0.13556969165802002;0.6301390528678894;0.366833359003067;-0.062064655125141144;0.5106887817382812;0.35226085782051086;-0.09109281748533249;0.5928546786308289;0.47578391432762146;0.0093879085034132;0.5433937907218933;0.4690648019313812;-0.009482351131737232;0.5815735459327698;0.6493855118751526;0.04425135254859924;0.5418829917907715;0.6453269720077515;0.02347744256258011;0.5741143226623535;0.11986463889479637;-0.29747839123010633;0.6265894174575806;0.4973164349794388;-0.1893780156970024;0.510142982006073;0.49470354616642;-0.20281993970274925;0.5728050669034322;0.8203955690066019;0.2261949678262075;0.5399857958157858;0.8194695313771566;0.19003161042928696;;acercandose
4.27;0.5664485096931458;0.14929793775081635;-0.30468305945396423;0.622252345085144;0.23211365938186646;-0.13001523911952972;0.5255276560783386;0.22545231878757477;-0.14761294424533844;0.6300433278083801;0.3666873574256897;-0.07261215150356293;0.5105149745941162;0.353157639503479;-0.10117507725954056;0.5925381183624268;0.4757002890110016;0.009406527504324913;0.5429673194885254;0.4693044126033783;-0.009513898752629757;0.5811538696289062;0.6496768593788147;0.04198738932609558;0.5418016910552979;0.6452412009239197;0.023376552388072014;0.573051255941391;0.11861464977264405;-0.3105913296341896;0.6263490170240402;0.4970056116580963;-0.20394260063767433;0.5090442150831223;0.495634488761425;-0.20949417352676392;0.5728975534439087;0.8202972809473673;0.23636868596076965;0.5400490959485372;0.8180564045906067;0.1969974214831988;;acercandose
4.3;0.5655289888381958;0.14904674887657166;-0.3059702217578888;0.6212996244430542;0.2318606823682785;-0.12897352874279022;0.5247206687927246;0.22541774809360504;-0.1513061374425888;0.6296438574790955;0.3667028248310089;-0.07190326601266861;0.5102052688598633;0.35384947061538696;-0.10630469024181366;0.5918366312980652;0.47574692964553833;0.012267437763512135;0.5424567461013794;0.46981585025787354;-0.01239862572401762;0.5806667804718018;0.6495607495307922;0.053643371909856796;0.5417936444282532;0.6452016830444336;0.022282253950834274;0.5720581173896789;0.11840763837099075;-0.3116821587085724;0.6262087225914001;0.49708744138479233;-0.20320172607898712;0.5082312077283859;0.496450811624527;-0.21385661140084267;0.5731549660364786;0.8197653690973917;0.2512303590774536;0.5407811403274536;0.8171661098798116;0.19662603984276453;;acercandose
4.33;0.5644814968109131;0.14858049154281616;-0.3052197992801666;0.6204602122306824;0.23163335025310516;-0.12902608513832092;0.5237634181976318;0.22541527450084686;-0.15064717829227448;0.6293633580207825;0.36667776107788086;-0.07172425091266632;0.5099084973335266;0.3544852137565613;-0.10518049448728561;0.5908952951431274;0.4759100675582886;0.013277046382427216;0.5419789552688599;0.47008657455444336;-0.013415487483143806;0.5802345275878906;0.6495311260223389;0.05091775953769684;0.5417829751968384;0.6451117396354675;0.022178420796990395;0.570966762304306;0.11812920197844505;-0.3108081355690956;0.6259568631649017;0.49725600332021713;-0.2030026875436306;0.5074880570173264;0.49697326868772507;-0.2136697992682457;0.5732609430948893;0.8194180727005005;0.24623477458953857;0.5416500965754191;0.8164356549580892;0.2006202166279157;;acercandose
4.37;0.5636182427406311;0.14802893996238708;-0.30528005957603455;0.6197792887687683;0.23148751258850098;-0.1287197321653366;0.5232906341552734;0.22538433969020844;-0.1505158245563507;0.6289884448051453;0.3666084110736847;-0.07137078046798706;0.509672999382019;0.35503149032592773;-0.1054375022649765;0.5900959968566895;0.47598108649253845;0.013967244885861874;0.5413913130760193;0.4702223837375641;-0.014101528562605381;0.5799077749252319;0.6495171785354614;0.05838090926408768;0.5417056083679199;0.6450286507606506;0.023097580298781395;0.5702316522598266;0.11766894832253456;-0.31065442115068437;0.6250309646129608;0.4975861832499504;-0.20096614956855774;0.5072476267814636;0.4973673075437546;-0.21372399851679802;0.5731312036514282;0.8189707597096761;0.25704612334569293;0.541919986406962;0.816562831401825;0.20285183688004813;;acercandose
4.4;0.5626609921455383;0.1470089852809906;-0.3043016791343689;0.6190848350524902;0.2313571721315384;-0.12849409878253937;0.5226923823356628;0.22541522979736328;-0.15003378689289093;0.6284753084182739;0.3666011691093445;-0.07129701226949692;0.5092845559120178;0.355636328458786;-0.10510898381471634;0.5894814133644104;0.47632116079330444;0.014143580570816994;0.5407695174217224;0.47057902812957764;-0.014271811582148075;0.5796592831611633;0.6496809720993042;0.064653180539608;0.5415999293327332;0.6449735760688782;0.023329950869083405;0.5694506227970123;0.11694476455450058;-0.3087701961398125;0.6239822506904602;0.4985562935471535;-0.1957177110016346;0.5071583688259125;0.4982037767767906;-0.21343689411878586;0.5731263955434164;0.8188881675402323;0.25769125918547314;0.5419567227363586;0.8169978459676107;0.1986623133222262;;acercandose
4.43;0.5612055659294128;0.14488433301448822;-0.30878499150276184;0.6186818480491638;0.23124077916145325;-0.13779446482658386;0.5220380425453186;0.22559615969657898;-0.15321627259254456;0.6282299757003784;0.36661168932914734;-0.08124462515115738;0.5088924765586853;0.3559761047363281;-0.10706464946269989;0.5891001224517822;0.4771038293838501;0.01408274658024311;0.5403771996498108;0.4712258577346802;-0.014207716099917889;0.5795793533325195;0.6497275829315186;0.0754813402891159;0.5414825081825256;0.6449159979820251;0.028813863173127174;0.568487697839737;0.11579284071922302;-0.3134699746966362;0.6224479079246521;0.49998561292886734;-0.200758196413517;0.507157176733017;0.49893683195114136;-0.2146238461136818;0.5731632312138876;0.8187828660011292;0.28057917952537537;0.5420486529668173;0.8170307675997416;0.20946686466534933;;acercandose
4.47;0.5594486594200134;0.1432364284992218;-0.31712856888771057;0.618182897567749;0.23109905421733856;-0.1480666548013687;0.5213881731033325;0.2256685346364975;-0.1590069979429245;0.6279865503311157;0.3666590452194214;-0.09120374172925949;0.5084371566772461;0.35611870884895325;-0.11098352819681168;0.5887501239776611;0.4780092239379883;0.013670632615685463;0.5398218035697937;0.47183647751808167;-0.013792975805699825;0.5795465707778931;0.6497063040733337;0.08037270605564117;0.5413113236427307;0.6448279619216919;0.033479489386081696;0.5672591626644135;0.11493940129876137;-0.32256190925836564;0.6209721714258194;0.5010839700698853;-0.20839979499578476;0.5072180032730103;0.4990333691239357;-0.21839112043380737;0.5732240080833435;0.8181390563646952;0.2999767909447352;0.5422210097312927;0.8166813651720682;0.22751466929912567;;acercandose
4.5;0.5588453412055969;0.1425679326057434;-0.32065171003341675;0.6176009178161621;0.23082943260669708;-0.14844661951065063;0.5209612846374512;0.22562555968761444;-0.1628200113773346;0.6272726058959961;0.36684301495552063;-0.09095986187458038;0.5081288814544678;0.3561571538448334;-0.11487964540719986;0.5886763334274292;0.47803956270217896;0.013666664250195026;0.5397024750709534;0.4719245731830597;-0.013787352479994297;0.5795401930809021;0.649165689945221;0.088376984000206;0.5412201285362244;0.644571840763092;0.03214357793331146;0.5669277012348175;0.11453525125980377;-0.32596258968114855;0.6185624003410339;0.5023298114538193;-0.21101431548595428;0.5071916729211807;0.4991224631667137;-0.2230268530547619;0.5733032623926798;0.8179865876833597;0.2985178977251053;0.5424686670303345;0.8164681990941366;0.22287059326966605;;acercandose
4.53;0.5583077669143677;0.14226603507995605;-0.31739342212677;0.6169845461845398;0.23034904897212982;-0.1445535272359848;0.5205838680267334;0.2256144881248474;-0.1603793352842331;0.6263590455055237;0.3669971823692322;-0.08726747334003448;0.5078522562980652;0.3563311696052551;-0.11304711550474167;0.5884454846382141;0.47808152437210083;0.014340548776090145;0.5394073128700256;0.47211048007011414;-0.014455615542829037;0.5795317888259888;0.6489849090576172;0.08920079469680786;0.5411962270736694;0.6441804766654968;0.02756030671298504;0.5665201902389526;0.11426466926932335;-0.32285158783197404;0.6173481792211533;0.5031090453267097;-0.2092474177479744;0.5069385021924973;0.49985719472169876;-0.22127076983451843;0.5734286308288574;0.8179503281911215;0.2883672018845876;0.542679488658905;0.8165578246116638;0.20571134984493256;;acercandose
4.57;0.558002233505249;0.141965851187706;-0.31675583124160767;0.6164990663528442;0.23007832467556;-0.14477211236953735;0.5202619433403015;0.2255943864583969;-0.15951043367385864;0.6254307627677917;0.3673073947429657;-0.09010396897792816;0.5074280500411987;0.3566659986972809;-0.11258474737405777;0.5881842374801636;0.4783425033092499;0.01447172462940216;0.5390945672988892;0.47274118661880493;-0.014584489166736603;0.5795096158981323;0.648969292640686;0.09235142916440964;0.5411587953567505;0.6441484689712524;0.026443513110280037;0.5662832915782928;0.11400099694728852;-0.32205380499362946;0.6161451488733292;0.5039039254188538;-0.21596161276102066;0.5066617280244827;0.5005520582199097;-0.22179517522454262;0.5735619862874349;0.8178891142209371;0.29451678693294525;0.5427551666895548;0.8164897362391154;0.20556684086720148;;acercandose
4.6;0.5578882694244385;0.1420157551765442;-0.3184281587600708;0.6162799596786499;0.23004016280174255;-0.1450478583574295;0.5201265811920166;0.2255736142396927;-0.15998950600624084;0.6247711181640625;0.36796462535858154;-0.09021065384149551;0.5072923898696899;0.35735559463500977;-0.11272021383047104;0.5880016684532166;0.4787425696849823;0.014545992948114872;0.5387577414512634;0.47363966703414917;-0.014659815467894077;0.5795072317123413;0.6493025422096252;0.09234141558408737;0.5411427021026611;0.6444064378738403;0.028057392686605453;0.5661814630031585;0.11397253796458244;-0.3237292841076851;0.6156667768955231;0.5054800435900688;-0.2191743664443493;0.5062238872051239;0.5014094561338425;-0.223199013620615;0.5736562609672546;0.8178844451904297;0.30877573788166046;0.5427523255348206;0.8164190649986267;0.22222926219304404;;acercandose
4.63;0.557961106300354;0.14209960401058197;-0.31800055503845215;0.6161447167396545;0.23001985251903534;-0.1443074494600296;0.5199560523033142;0.22554750740528107;-0.16009676456451416;0.6244277954101562;0.36878055334091187;-0.08953598141670227;0.507133960723877;0.35825079679489136;-0.11339477449655533;0.5878748297691345;0.48005616664886475;0.014561732299625874;0.5384688377380371;0.47525161504745483;-0.014677275903522968;0.5795119404792786;0.6503023505210876;0.0901796743273735;0.541092574596405;0.6453463435173035;0.044265903532505035;0.5662248194217682;0.11399327367544174;-0.32322550266981126;0.615081712603569;0.5074182003736496;-0.22136109694838524;0.5058220475912094;0.5027862712740898;-0.22464505955576897;0.5736217697461446;0.8179586132367452;0.322944055000941;0.5427420139312744;0.816036323706309;0.2617550194263458;;acercandose
4.67;0.5580533146858215;0.14216341078281403;-0.32827696204185486;0.6160708069801331;0.23001931607723236;-0.15255580842494965;0.5197478532791138;0.2255498468875885;-0.16959573328495026;0.6243276596069336;0.36923104524612427;-0.09886103123426437;0.5070062875747681;0.35926997661590576;-0.1243186816573143;0.5878829956054688;0.4804268777370453;0.014519685879349709;0.5384727120399475;0.4763416051864624;-0.014637433923780918;0.5795255303382874;0.6504338979721069;0.09598219394683838;0.5409641861915588;0.6453144550323486;0.04542497918009758;0.5662787914276123;0.11401769742369652;-0.33343823850154874;0.6143259108066559;0.5082939639687538;-0.23234063386917114;0.5057175010442734;0.5037595555186272;-0.23590875416994095;0.5736351013183594;0.8182352582613627;0.3378630479176839;0.542741596698761;0.8160184621810913;0.2638273239135742;;acercandose
4.7;0.5581411719322205;0.14227049052715302;-0.33713066577911377;0.6160651445388794;0.2300388216972351;-0.15979041159152985;0.519461452960968;0.2255847007036209;-0.17708100378513336;0.6243352293968201;0.36939355731010437;-0.1074361801147461;0.5068928599357605;0.3601747751235962;-0.13344787061214447;0.5878747701644897;0.4809340536594391;0.014219452627003193;0.5384450554847717;0.47793301939964294;-0.014336551539599895;0.5795240998268127;0.6504252552986145;0.10753114521503448;0.5406854152679443;0.6451374292373657;0.04860778898000717;0.5663308501243591;0.11409656330943108;-0.3423373460769653;0.6136862188577652;0.5083140060305595;-0.2439301572740078;0.5059216618537903;0.5038802325725555;-0.24772372096776962;0.5737030704816183;0.8182923197746277;0.35680567224820453;0.5426050623257955;0.8156534830729166;0.2689124544461568;;acercandose
4.73;0.5581904649734497;0.14232154190540314;-0.33774495124816895;0.6160076260566711;0.23005659878253937;-0.15907330811023712;0.5193239450454712;0.2256588488817215;-0.1775883138179779;0.6243515610694885;0.3694199025630951;-0.10688221454620361;0.5068275332450867;0.36066576838493347;-0.13486339151859283;0.58779376745224;0.481158047914505;0.013731165789067745;0.5384271144866943;0.4780448377132416;-0.01385114248842001;0.5795125961303711;0.6505225300788879;0.10486465692520142;0.5404447913169861;0.6451131701469421;0.05485601723194122;0.5663591682910919;0.11412102207541466;-0.3425623714923859;0.6137577444314957;0.5081419125199318;-0.24555590376257896;0.5064102709293365;0.5038061812520027;-0.24915966391563416;0.5737225015958151;0.8184289932250977;0.3539808392524719;0.5424652695655823;0.8150210579236349;0.2809897909561793;;acercandose
4.77;0.5582496523857117;0.14222213625907898;-0.3401568531990051;0.6159942746162415;0.2300592064857483;-0.16438113152980804;0.5193175077438354;0.22566384077072144;-0.17869360744953156;0.6244842410087585;0.3694635033607483;-0.11347724497318268;0.506771981716156;0.3607484698295593;-0.13615979254245758;0.5876858830451965;0.48129257559776306;0.012049256823956966;0.5383530259132385;0.47794002294540405;-0.012168755754828453;0.5794488787651062;0.6505441069602966;0.10032769292593002;0.5401700735092163;0.6450232267379761;0.05333636328577995;0.5663965225219727;0.11403733789920807;-0.34505977034568786;0.6139176189899445;0.5081369876861572;-0.24996743351221085;0.5070194154977798;0.5037534907460213;-0.2506469860672951;0.5737339655558268;0.8188239733378092;0.34091687202453613;0.5424843430519104;0.8150442043940226;0.2719302823146184;;acercandose
4.8;0.5582913160324097;0.14219188690185547;-0.3519446551799774;0.6160121560096741;0.23016038537025452;-0.175562784075737;0.5193368792533875;0.2256307303905487;-0.18785157799720764;0.6246339082717896;0.36965683102607727;-0.1254536360502243;0.5067101716995239;0.3606835603713989;-0.14680516719818115;0.5875452160835266;0.48147982358932495;0.011336596682667732;0.5382822155952454;0.4778377413749695;-0.011449821293354034;0.5793017745018005;0.6505447626113892;0.09932214021682739;0.5398074984550476;0.6447402238845825;0.05031117796897888;0.5664229094982147;0.11393281817436218;-0.35687950253486633;0.6140171736478806;0.5083994567394257;-0.25613168254494667;0.5076265186071396;0.5036646723747253;-0.2622072398662567;0.5737908085187277;0.8190726240475973;0.34052013357480365;0.5425534645716349;0.8152276476224264;0.26299845178922016;;acercandose
4.83;0.558594286441803;0.1422257423400879;-0.35726025700569153;0.6162323951721191;0.23038934171199799;-0.1812199354171753;0.519355058670044;0.22565433382987976;-0.1932680755853653;0.6249507069587708;0.3699309527873993;-0.12773633003234863;0.5065778493881226;0.360508531332016;-0.15214546024799347;0.5875198841094971;0.4818732440471649;0.01098916120827198;0.5382544994354248;0.4777907431125641;-0.0111008882522583;0.5792660117149353;0.6506173014640808;0.09297766536474228;0.5397297739982605;0.6448045969009399;0.04897325858473778;0.5667033851146698;0.11393474861979484;-0.36219232678413393;0.6140721887350082;0.5087900310754776;-0.2508142963051796;0.5084085017442703;0.5034185275435448;-0.26546020060777664;0.5738383730252584;0.8191919724146525;0.3385056257247925;0.5427195231119791;0.8155847390492758;0.26223515967528027;;acercandose
4.87;0.5588944554328918;0.1422373354434967;-0.3612915575504303;0.6165854930877686;0.23067058622837067;-0.18383362889289856;0.5193653702735901;0.22571590542793274;-0.19659270346164703;0.6253293752670288;0.3703896403312683;-0.1278432160615921;0.5064578652381897;0.3604040741920471;-0.15503568947315216;0.5874871611595154;0.48216569423675537;0.010718421079218388;0.5381568670272827;0.47772276401519775;-0.010830825194716454;0.5792502164840698;0.6508587598800659;0.08141957223415375;0.5396873354911804;0.6455616354942322;0.05043930932879448;0.566961020231247;0.11391053572297097;-0.36625869274139405;0.6141140460968018;0.5094383135437965;-0.24728484451770782;0.5089273303747177;0.5033375695347786;-0.2677137739956379;0.573950449625651;0.8191910982131958;0.32896090547243756;0.543025275071462;0.8159902095794678;0.26918236414591473;;acercandose
4.9;0.5594372153282166;0.1422569900751114;-0.3609587252140045;0.6171024441719055;0.23099470138549805;-0.1839602291584015;0.5195068717002869;0.22571641206741333;-0.19646798074245453;0.6256199479103088;0.3707299828529358;-0.1271798312664032;0.5064287781715393;0.36019882559776306;-0.15403620898723602;0.5874702334403992;0.4822445213794708;0.010268209502100945;0.5380790829658508;0.47772449254989624;-0.010383471846580505;0.5792450308799744;0.6509122252464294;0.07469451427459717;0.5396637320518494;0.6461607813835144;0.05223297327756882;0.5673171818256378;0.11382795199751854;-0.36611040532588957;0.614373117685318;0.5094215795397758;-0.2455301433801651;0.5090318769216537;0.5032619088888168;-0.26608051359653473;0.574035664399465;0.819291889667511;0.3164022316535314;0.5431391000747681;0.8163604140281677;0.27501383423805237;;acercandose
4.93;0.5598061680793762;0.1425449699163437;-0.3566064238548279;0.6174424886703491;0.231200709939003;-0.1795959621667862;0.5196501016616821;0.22570328414440155;-0.1930849552154541;0.6259210705757141;0.37082919478416443;-0.12447917461395264;0.5064119696617126;0.35991811752319336;-0.15012972056865692;0.5874660611152649;0.48233848810195923;0.010119461454451084;0.5380445718765259;0.4777221083641052;-0.010236529633402824;0.579242467880249;0.651008665561676;0.06895791739225388;0.5396607518196106;0.6467215418815613;0.0532521978020668;0.5675803899765015;0.1138767994940281;-0.3619040161371231;0.6158014237880707;0.5093783661723137;-0.23419242724776268;0.509153887629509;0.5032320693135262;-0.26181576400995255;0.5741440256436666;0.8193544944127401;0.3047378212213516;0.5431971351305643;0.8166060646375021;0.2761158247788747;;acercandose
4.97;0.5601579546928406;0.1428717076778412;-0.3514440953731537;0.6176913380622864;0.2314165234565735;-0.17176932096481323;0.5197637677192688;0.22572091221809387;-0.19082891941070557;0.6260195970535278;0.37106409668922424;-0.10892461240291595;0.5064705610275269;0.3599781095981598;-0.1473141312599182;0.58746737241745;0.4824475347995758;0.0101457629352808;0.5380411148071289;0.47783803939819336;-0.010266304016113281;0.5792359113693237;0.6512354612350464;0.07210566848516464;0.5396596193313599;0.6470593214035034;0.05331006273627281;0.5678198754787445;0.11395172327756882;-0.35654454827308657;0.6175478249788284;0.509352833032608;-0.22373104840517044;0.5092288255691528;0.5033857375383377;-0.2560231052339077;0.5742253263791403;0.8193755149841309;0.30753036836783093;0.5432133873303732;0.8167292873064677;0.27562131484349567;;acercandose
5.0;0.5606977939605713;0.1434355229139328;-0.3382031321525574;0.6179044246673584;0.23151542246341705;-0.16186262667179108;0.5197737216949463;0.22583132982254028;-0.1792486011981964;0.6262178421020508;0.37119728326797485;-0.10043491423130035;0.5065193176269531;0.3601782023906708;-0.13577577471733093;0.5874584913253784;0.48291102051734924;0.010098596103489399;0.5379986763000488;0.47832730412483215;-0.010219346731901169;0.5792273879051208;0.6514798402786255;0.07323402911424637;0.5396571755409241;0.6476913094520569;0.05845193564891815;0.5681790351867676;0.11409724056720734;-0.3432181149721146;0.6184971928596497;0.5095089301466942;-0.2202114351093769;0.5092434138059616;0.5038705244660378;-0.24615336582064629;0.5743005474408468;0.8194196025530497;0.3097728689511617;0.5432126124699911;0.8169527252515157;0.2810943176349004;;acercandose
5.03;0.5611464381217957;0.14496108889579773;-0.3337382674217224;0.6181758642196655;0.2315661907196045;-0.15435272455215454;0.5197885036468506;0.22608442604541779;-0.17819422483444214;0.626671314239502;0.37112441658973694;-0.08998054265975952;0.5067612528800964;0.36074596643447876;-0.1360051929950714;0.5875519514083862;0.48336994647979736;0.010645563714206219;0.5379883646965027;0.47943300008773804;-0.01077228132635355;0.5792275667190552;0.6516538858413696;0.07485519349575043;0.5397023558616638;0.6485172510147095;0.062446873635053635;0.5684682488441467;0.11467767208814621;-0.33870990872383117;0.6198321133852005;0.5091362148523331;-0.21044829860329628;0.5094228833913803;0.5042500197887421;-0.24656090512871742;0.5743392705917358;0.8193788925806681;0.31089768807093304;0.5432126124699911;0.8165149092674255;0.2924049198627472;;acercandose
5.07;0.5616447329521179;0.1460157334804535;-0.33046525716781616;0.618403434753418;0.23159590363502502;-0.1490180790424347;0.5199137926101685;0.22616949677467346;-0.17754153907299042;0.6268221139907837;0.3711104393005371;-0.08274772763252258;0.5068871974945068;0.3610106110572815;-0.13646340370178223;0.5875900387763977;0.48375388979911804;0.011936891824007034;0.5379127860069275;0.48027315735816956;-0.012065110728144646;0.579211413860321;0.651724636554718;0.08682462573051453;0.5397120118141174;0.6487911343574524;0.062003351747989655;0.5688619673252105;0.11514650955796242;-0.3353413313627243;0.6206923872232437;0.5089612901210785;-0.20153209567070007;0.5095755308866501;0.5045063719153404;-0.24809391051530838;0.5743799805641174;0.8192107081413269;0.3256523211797078;0.5432238578796387;0.8166585564613342;0.2862044523159663;;acercandose
5.1;0.5618129968643188;0.1468246430158615;-0.3207508623600006;0.6186040043830872;0.23160676658153534;-0.1411352902650833;0.5200890302658081;0.22624514997005463;-0.1685706079006195;0.6269242763519287;0.37109172344207764;-0.07672436535358429;0.5069454312324524;0.3612402379512787;-0.1313265562057495;0.5876195430755615;0.4841381907463074;0.012168418616056442;0.5378825664520264;0.4809845983982086;-0.012290668673813343;0.5791848301887512;0.6519584655761719;0.09161445498466492;0.5397120714187622;0.6491347551345825;0.0606197863817215;0.569050794839859;0.11557819992303849;-0.32549389600753786;0.6210997700691223;0.5087105259299278;-0.1979227103292942;0.5096752792596817;0.5045375972986221;-0.24643444269895554;0.5743972659111023;0.8191090226173401;0.3299478491147359;0.5432852506637573;0.8177335262298584;0.2825413296620051;;acercandose
5.13;0.5619970560073853;0.14744968712329865;-0.31645599007606506;0.6188849210739136;0.23160426318645477;-0.1406104564666748;0.5205873250961304;0.2262478768825531;-0.16280606389045715;0.6270104646682739;0.37103262543678284;-0.07734990864992142;0.5069685578346252;0.36129993200302124;-0.12574976682662964;0.5876342058181763;0.48426735401153564;0.011382060125470161;0.5378742814064026;0.48114973306655884;-0.011487772688269615;0.5791721343994141;0.6521584987640381;0.08826228976249695;0.5397091507911682;0.6494660973548889;0.06007065996527672;0.5692381501197815;0.11595519185066223;-0.3214773878455162;0.6212667971849442;0.5085568875074387;-0.1973983198404312;0.5097676217556;0.5046016573905945;-0.24203893169760704;0.5744632482528687;0.8190902670224508;0.3150515854358673;0.5432937542597452;0.8184838891029358;0.27517393231391907;;acercandose
5.17;0.5620796084403992;0.14775539934635162;-0.3110235333442688;0.6191158890724182;0.23159395158290863;-0.1375333070755005;0.5211636424064636;0.22625046968460083;-0.15660791099071503;0.6271628737449646;0.37093761563301086;-0.07540948688983917;0.5070973634719849;0.3613312542438507;-0.11876729130744934;0.587681233882904;0.48460158705711365;0.011067117564380169;0.5378497242927551;0.48149576783180237;-0.011165274307131767;0.5791616439819336;0.6525614857673645;0.08357907831668854;0.5396836400032043;0.6499035954475403;0.05946920067071915;0.5693497657775879;0.11626107469201089;-0.31620662063360216;0.6215291917324066;0.5081354007124901;-0.1962364725768566;0.5098289102315903;0.5047670155763626;-0.23592648655176163;0.5744839708010355;0.8190672596295675;0.30862302084763843;0.5431706309318542;0.8190073768297831;0.27088434000809986;;acercandose
5.2;0.5621644854545593;0.14809948205947876;-0.3087342083454132;0.6194354295730591;0.23159609735012054;-0.1354948729276657;0.521798312664032;0.22625276446342468;-0.15499337017536163;0.6274128556251526;0.3709266483783722;-0.07337915897369385;0.5073094367980957;0.3613601624965668;-0.11737186461687088;0.5877613425254822;0.4850972294807434;0.011020307429134846;0.5378803610801697;0.48204120993614197;-0.011116202920675278;0.5791934728622437;0.6530717611312866;0.08441966772079468;0.5396804809570312;0.6502221822738647;0.060419999063014984;0.5694534420967102;0.11664345636963844;-0.31407529264688494;0.6217620968818665;0.5078692436218262;-0.19501418992877007;0.5099506378173828;0.505048118531704;-0.2352098412811756;0.5745176871617635;0.8189862966537476;0.3102977325518926;0.5431379675865173;0.8192923863728842;0.27200402816136676;;acercandose
