segundo;landmark_10_x;landmark_10_y;landmark_10_z;landmark_11_x;landmark_11_y;landmark_11_z;landmark_12_x;landmark_12_y;landmark_12_z;landmark_13_x;landmark_13_y;landmark_13_z;landmark_14_x;landmark_14_y;landmark_14_z;landmark_23_x;landmark_23_y;landmark_23_z;landmark_24_x;landmark_24_y;landmark_24_z;landmark_25_x;landmark_25_y;landmark_25_z;landmark_26_x;landmark_26_y;landmark_26_z;cara_prom_x;cara_prom_y;cara_prom_z;mano_izquierda_prom_x;mano_izquierda_prom_y;mano_izquierda_prom_z;mano_derecha_prom_x;mano_derecha_prom_y;mano_derecha_prom_z;pie_izquierdo_prom_x;pie_izquierdo_prom_y;pie_izquierdo_prom_z;pie_derecho_prom_x;pie_derecho_prom_y;pie_derecho_prom_z;;Etiqueta ;Vista
0.03;0.5694268345832825;0.2904830276966095;-0.2857881486415863;0.6152285933494568;0.3576149344444275;-0.13189756870269775;0.5355691313743591;0.34923553466796875;-0.1424587368965149;0.6244006156921387;0.46675869822502136;-0.07116696983575821;0.5211854577064514;0.45872974395751953;-0.0957782194018364;0.5958486795425415;0.564860463142395;0.001972862984985113;0.5527944564819336;0.5640864968299866;-0.002071624854579568;0.5944628715515137;0.7111815214157104;0.014763674698770046;0.5533342957496643;0.7144187688827515;0.027256835252046585;0.5750277936458588;0.266349858045578;-0.29236488938331606;0.6406485736370087;0.5736793130636215;-0.17238987237215042;0.5111168324947357;0.5772838592529297;-0.18747872486710548;0.5926284790039062;0.8581440647443136;0.1894844820102056;0.559050182501475;0.8541750311851501;0.2003665417432785;;vertical;frontal
0.07;0.5691618919372559;0.29049649834632874;-0.2678189277648926;0.6152143478393555;0.35777562856674194;-0.12304919958114624;0.5355616807937622;0.3492375910282135;-0.1280520260334015;0.6244956851005554;0.4667554199695587;-0.07011298090219498;0.5211589336395264;0.45867007970809937;-0.08676672726869583;0.5957416296005249;0.5650848150253296;0.0026678743306547403;0.5527932047843933;0.5643949508666992;-0.0027518421411514282;0.5936446785926819;0.7111636400222778;0.032952673733234406;0.5533348917961121;0.7136107683181763;0.033793799579143524;0.5749414086341857;0.2669136613607407;-0.2735148027539253;0.6427086591720581;0.5719784796237946;-0.17554770782589912;0.5112009942531586;0.5759733468294144;-0.18283355236053467;0.5924451947212219;0.8576643268267313;0.18946389853954315;0.5590747396151224;0.8528438210487366;0.1994976500670115;;vertical;frontal
0.1;0.5691103935241699;0.2903664708137512;-0.265466570854187;0.6151926517486572;0.35790207982063293;-0.12035074084997177;0.5355650186538696;0.3492542505264282;-0.1281994879245758;0.6244672536849976;0.46671465039253235;-0.06776297837495804;0.5211719870567322;0.4586700201034546;-0.08786292374134064;0.5956631302833557;0.565191924571991;0.00332465092651546;0.5527955293655396;0.5645105838775635;-0.003404078306630254;0.5931791663169861;0.7109178900718689;0.03745632246136665;0.5533177852630615;0.7128146886825562;0.0339108407497406;0.5749196648597718;0.2669252097606659;-0.2709785133600235;0.6427149176597595;0.5701798051595688;-0.17428399994969368;0.5119190067052841;0.575861006975174;-0.18304310366511345;0.5922898054122925;0.857306182384491;0.18806415796279907;0.5590664148330688;0.8523595333099365;0.19221116105715433;;vertical;frontal
0.13;0.5690861940383911;0.29027611017227173;-0.27410200238227844;0.6151913404464722;0.357918381690979;-0.13187700510025024;0.5355712175369263;0.34930193424224854;-0.1327480524778366;0.6246999502182007;0.4667128324508667;-0.08171349763870239;0.5214045643806458;0.4590364098548889;-0.09105765074491501;0.5956231951713562;0.5652304291725159;0.0033604383934289217;0.5527947545051575;0.5645406246185303;-0.003435999620705843;0.5929754972457886;0.710693895816803;0.0329030342400074;0.5532867312431335;0.7118467688560486;0.035257574170827866;0.5748888790607453;0.2669133484363556;-0.28007575422525405;0.6421751528978348;0.5702572613954544;-0.1880853772163391;0.5123326331377029;0.5765206813812256;-0.18700364232063293;0.5922154982884725;0.857287069161733;0.18588850647211075;0.5590342481931051;0.8520262638727824;0.19285870591799417;;vertical;frontal
0.17;0.5689948201179504;0.29028353095054626;-0.25209343433380127;0.6151214241981506;0.35789960622787476;-0.11341078579425812;0.5355625152587891;0.3494216799736023;-0.11532431840896606;0.6250699758529663;0.4662021994590759;-0.06815987825393677;0.5214889049530029;0.45927417278289795;-0.07555043697357178;0.5954295992851257;0.5652691721916199;0.0033713877201080322;0.5526667833328247;0.564542829990387;-0.003444710513576865;0.592840313911438;0.7104782462120056;0.030407225713133812;0.5532845854759216;0.710956871509552;0.03472721204161644;0.5748321652412415;0.2669523894786835;-0.25742567926645277;0.6403509229421616;0.568511039018631;-0.18509497493505478;0.5141946971416473;0.5763994455337524;-0.17119500413537025;0.5921542247136434;0.8572172323862711;0.17269539336363474;0.5589821736017863;0.8518697420756022;0.18960327406724295;;vertical;frontal
0.2;0.5687985420227051;0.29053905606269836;-0.2504442632198334;0.6149947643280029;0.35789772868156433;-0.11096077412366867;0.5355240702629089;0.3496013879776001;-0.11286279559135437;0.6252350211143494;0.4657675325870514;-0.06838256120681763;0.5217731595039368;0.4596515893936157;-0.07244937121868134;0.595348596572876;0.5652700066566467;0.003358387155458331;0.5526477098464966;0.5644630193710327;-0.0034286356531083584;0.5927000045776367;0.7099621295928955;0.030204318463802338;0.5533012747764587;0.7100041508674622;0.0342925526201725;0.5747614860534668;0.26722600758075715;-0.2557035148143768;0.6359571069478989;0.5684733539819717;-0.18760983645915985;0.5158355981111526;0.5763804465532303;-0.16731134429574013;0.592131773630778;0.8572357296943665;0.16199238846699396;0.5588839451471964;0.8516567945480347;0.184326541920503;;vertical;frontal
0.23;0.5685699582099915;0.2909799814224243;-0.2485964596271515;0.6149116158485413;0.3578255772590637;-0.11002255231142044;0.5354660153388977;0.34991538524627686;-0.11096441745758057;0.6254849433898926;0.4650525450706482;-0.06849604099988937;0.5217698812484741;0.46025267243385315;-0.07348265498876572;0.5953312516212463;0.565804660320282;0.0032981988042593002;0.5526025295257568;0.5647155046463013;-0.0033607606310397387;0.5926400423049927;0.7099506855010986;0.03200352191925049;0.5533115863800049;0.7095130681991577;0.04190961271524429;0.5746799170970917;0.26775740683078764;-0.2538913697004318;0.6319115310907364;0.5681975185871124;-0.18884385749697685;0.5175825953483582;0.5766664892435074;-0.16853656619787216;0.5920997659365336;0.8572658896446228;0.16827028493086496;0.558753232161204;0.8511561950047811;0.19556895891825357;;vertical;frontal
0.27;0.5680522918701172;0.29149121046066284;-0.23204997181892395;0.6148800253868103;0.35763537883758545;-0.09759898483753204;0.5354479551315308;0.35007140040397644;-0.09534789621829987;0.6257159113883972;0.4650171399116516;-0.06289684772491455;0.5218914747238159;0.46032583713531494;-0.06577170640230179;0.5952499508857727;0.5667875409126282;0.0023919441737234592;0.5525858402252197;0.5648318529129028;-0.0024268615525215864;0.5925459861755371;0.7099675536155701;0.031517211347818375;0.5533114075660706;0.7095209956169128;0.04341331869363785;0.5743648409843445;0.26826286017894746;-0.2371894747018814;0.629768893122673;0.5684247463941574;-0.1870688907802105;0.5208852291107178;0.5763248801231384;-0.16959477588534355;0.5920649369557699;0.8573276003201803;0.16803482671578726;0.5586787859598795;0.8508463700612386;0.19948056836922964;;vertical;frontal
0.3;0.5679084658622742;0.2917128801345825;-0.22324417531490326;0.6147239208221436;0.3573753535747528;-0.08959025144577026;0.5354321599006653;0.3501262962818146;-0.08878734707832336;0.6257136464118958;0.46499577164649963;-0.04980069771409035;0.5225974321365356;0.46032485365867615;-0.05960504338145256;0.5950940847396851;0.5677040815353394;0.002022328320890665;0.5522729158401489;0.5649035573005676;-0.0020407307893037796;0.5925271511077881;0.7100091576576233;0.030617229640483856;0.5532712340354919;0.7094195485115051;0.04427221044898033;0.5742237448692322;0.268426913022995;-0.22803358137607574;0.6264929920434952;0.5687505155801773;-0.1618938148021698;0.524687796831131;0.5759832710027695;-0.16202304139733315;0.5920948584874471;0.85726930697759;0.16462235152721405;0.5585823853810629;0.8502492705980936;0.20221894482771555;;vertical;frontal
0.33;0.567873477935791;0.291900634765625;-0.22868746519088745;0.6146296262741089;0.35726192593574524;-0.09248876571655273;0.5354311466217041;0.3501776158809662;-0.09615848958492279;0.6253264546394348;0.46586477756500244;-0.047963887453079224;0.5234118700027466;0.46041977405548096;-0.06422688812017441;0.5949106216430664;0.5685722231864929;0.002055093180388212;0.5522430539131165;0.5649682879447937;-0.0020693906117230654;0.5925127267837524;0.710084080696106;0.030184077098965645;0.5531169176101685;0.7092929482460022;0.04312877357006073;0.5741535723209381;0.2685832381248474;-0.2335420310497284;0.623516246676445;0.575498953461647;-0.15439900755882263;0.5280221104621887;0.5762539654970169;-0.16171063482761383;0.5920588771502177;0.8572972615559896;0.16281554599603018;0.5583200256029764;0.8501003781954447;0.19945772488911948;;vertical;frontal
0.37;0.567859947681427;0.2920010983943939;-0.2364562600851059;0.6146159768104553;0.3571510910987854;-0.09774331003427505;0.53538578748703;0.3504813313484192;-0.10017802566289902;0.6249719262123108;0.4660036265850067;-0.0513174943625927;0.5239078402519226;0.4612833559513092;-0.06963761150836945;0.5948924422264099;0.56904536485672;0.002427564701065421;0.5522525906562805;0.5655117630958557;-0.0024383096024394035;0.5925487875938416;0.7103943228721619;0.03264797851443291;0.5529442429542542;0.709312379360199;0.04255293309688568;0.5741100192070008;0.2686586707830429;-0.24155130684375764;0.6210074722766876;0.5776002705097198;-0.15633359923958778;0.5298616290092468;0.5785918831825256;-0.16346197947859764;0.592143694559733;0.8574341734250387;0.16399697959423065;0.5581291516621908;0.8501266837120056;0.1959718863169352;;vertical;frontal
0.4;0.5677632689476013;0.2920520007610321;-0.23686853051185608;0.6144415140151978;0.3570980131626129;-0.09971250593662262;0.5352428555488586;0.3507157564163208;-0.10320726782083511;0.6233090162277222;0.46600475907325745;-0.05363164469599724;0.5241245627403259;0.46184566617012024;-0.07084207236766815;0.5948814749717712;0.5694450736045837;0.0024291127920150757;0.552314281463623;0.5659763813018799;-0.002439760137349367;0.5925871133804321;0.7107337117195129;0.03379547968506813;0.5527424216270447;0.7094712853431702;0.04543096572160721;0.5739740133285522;0.2687060505151749;-0.24206576645374298;0.6157618165016174;0.5799660980701447;-0.16015799716114998;0.531140610575676;0.5801563709974289;-0.1653837487101555;0.5921257734298706;0.8574658830960592;0.16502574582894644;0.5579408009847006;0.8502435485521952;0.1983013153076172;;vertical;frontal
0.43;0.5675769448280334;0.29205235838890076;-0.23432253301143646;0.6142269372940063;0.3570530116558075;-0.10037524998188019;0.5351377129554749;0.35076048970222473;-0.10231287777423859;0.6207400560379028;0.4660070836544037;-0.057458359748125076;0.5241453647613525;0.46205949783325195;-0.07157818228006363;0.5948074460029602;0.5694486498832703;0.0022145044058561325;0.552355945110321;0.5659990310668945;-0.002219504676759243;0.5925850868225098;0.7107147574424744;0.03650509566068649;0.5526066422462463;0.7094865441322327;0.05221635475754738;0.573761397600174;0.2686969071626663;-0.23934157341718673;0.6107925176620483;0.5805596560239792;-0.16542647778987885;0.5324313342571259;0.5807208865880966;-0.16648240387439728;0.5921377340952555;0.8575456937154134;0.1636591056982676;0.5577051639556885;0.8503645261128744;0.2069374918937683;;vertical;frontal
0.47;0.5673198103904724;0.29189833998680115;-0.22811657190322876;0.6139585375785828;0.35702210664749146;-0.09814202040433884;0.5350582003593445;0.35076528787612915;-0.09710725396871567;0.6188916563987732;0.46603426337242126;-0.05752535164356232;0.5241237282752991;0.462159126996994;-0.06883121281862259;0.5947847366333008;0.5694354772567749;0.0016190474852919579;0.5524047017097473;0.5660098791122437;-0.0016153653850778937;0.5925756096839905;0.7106643915176392;0.03453945741057396;0.5524206757545471;0.7095000743865967;0.05183974280953407;0.5735153496265412;0.26833902597427367;-0.23269462138414382;0.6085749119520187;0.5815418809652328;-0.16606175526976585;0.5331509113311768;0.5807375311851501;-0.1648160070180893;0.5921054482460022;0.8575858076413473;0.1567411944270134;0.5575031240781149;0.8504323959350586;0.2072625309228897;;vertical;frontal
0.5;0.5670409798622131;0.29170146584510803;-0.2309604287147522;0.6138312220573425;0.35700082778930664;-0.0989227443933487;0.5349535346031189;0.35077911615371704;-0.09953325986862183;0.6181744337081909;0.4662459194660187;-0.06199653819203377;0.5241074562072754;0.4622519612312317;-0.0695982351899147;0.5947827100753784;0.5694290399551392;0.001348382793366909;0.5524616837501526;0.5660161972045898;-0.0013441256014630198;0.5925694108009338;0.7103688716888428;0.03382563218474388;0.5522992014884949;0.709453821182251;0.05176374316215515;0.5732829630374908;0.2680128842592239;-0.23556458204984665;0.6076789498329163;0.5826889425516129;-0.16839151456952095;0.5334243923425674;0.5807583928108215;-0.16559094563126564;0.5920556783676147;0.8577777147293091;0.15516578406095505;0.5573520461718241;0.8505799571673075;0.2063210109869639;;vertical;frontal
0.53;0.5668333768844604;0.2915772497653961;-0.23285739123821259;0.6137217879295349;0.3569343388080597;-0.09959675371646881;0.5348539352416992;0.3508360981941223;-0.10080074518918991;0.6177060604095459;0.4662478268146515;-0.06548074632883072;0.5240954756736755;0.4625401794910431;-0.0701354593038559;0.5947807431221008;0.5693874359130859;0.0012279499787837267;0.552476704120636;0.5660219192504883;-0.0012248619459569454;0.5925613045692444;0.7101077437400818;0.0328679122030735;0.5521998405456543;0.7093871235847473;0.05060046911239624;0.5730691909790039;0.26783751547336576;-0.23754795789718627;0.6072533130645752;0.5824510455131531;-0.17330589145421982;0.5332538485527039;0.5815942287445068;-0.1661083847284317;0.5919773578643799;0.8579072952270508;0.1541531483332316;0.5572482148806254;0.8505722880363464;0.20552904407183328;;vertical;frontal
0.57;0.5664987564086914;0.2914300560951233;-0.23020264506340027;0.6135508418083191;0.3568931519985199;-0.10016784816980362;0.5347726941108704;0.3508530855178833;-0.097165048122406;0.6175196170806885;0.46624815464019775;-0.06682033091783524;0.5240595936775208;0.4624637961387634;-0.06861694157123566;0.5947951078414917;0.5693772435188293;0.0007209120667539537;0.5525373220443726;0.5661953687667847;-0.0007150548626668751;0.5925577282905579;0.7100701928138733;0.029801540076732635;0.5520400404930115;0.7093983888626099;0.051133763045072556;0.5727230250835419;0.2676670402288437;-0.23506095111370087;0.6077569276094437;0.5822203606367111;-0.17527858912944794;0.5327589213848114;0.581733375787735;-0.16635315120220184;0.5919362902641296;0.8579750259717306;0.15335947026809058;0.5572003722190857;0.8506108721097311;0.20780526598294577;;vertical;frontal
0.6;0.5662667155265808;0.29142430424690247;-0.22985216975212097;0.6134483218193054;0.35687750577926636;-0.10049619525671005;0.5347424149513245;0.3508521318435669;-0.09574024379253387;0.6176543831825256;0.4662490785121918;-0.06643158942461014;0.524066686630249;0.4624592363834381;-0.061342500150203705;0.5947705507278442;0.5693643093109131;0.0005807157722301781;0.5524703860282898;0.5662022233009338;-0.0005764245870523155;0.5925543308258057;0.7100632786750793;0.02653045766055584;0.5520327687263489;0.7093848586082458;0.05089809000492096;0.5724249422550202;0.2676635801792145;-0.23517206609249114;0.608624130487442;0.582573264837265;-0.17498642206192017;0.5324743986129761;0.5818856656551361;-0.15618260577321053;0.591851552327474;0.8581252098083496;0.1496373564004898;0.5572058161099752;0.8505507906277975;0.20674389600753784;;vertical;frontal
0.63;0.5657914280891418;0.2915099263191223;-0.22836843132972717;0.6134011745452881;0.3568541705608368;-0.10079772770404816;0.5347071290016174;0.35085541009902954;-0.0901121124625206;0.6177568435668945;0.4662656784057617;-0.06628833711147308;0.524253249168396;0.46247345209121704;-0.052573803812265396;0.5947473645210266;0.5693680047988892;-7,40E+10;0.5521796345710754;0.5662060976028442;7,72E+10;0.5925207138061523;0.7100875973701477;0.02093094028532505;0.5520143508911133;0.7093877792358398;0.0460207462310791;0.5719748914241791;0.26775664985179903;-0.23443586379289627;0.6094781905412674;0.5824376940727234;-0.17234066873788834;0.5301165580749512;0.5806043148040771;-0.15403269976377487;0.5917813777923584;0.8582297960917155;0.14422263205051422;0.5571826299031576;0.8505648374557495;0.1953084667523702;;vertical;frontal
0.67;0.5653284788131714;0.2915152609348297;-0.23306584358215332;0.613300085067749;0.35686907172203064;-0.10713668167591095;0.5345643162727356;0.3510931730270386;-0.09229535609483719;0.6180046796798706;0.46633288264274597;-0.06832791119813919;0.5241153836250305;0.46358588337898254;-0.054816145449876785;0.5946942567825317;0.5694133639335632;-0.00021463006851263344;0.5518362522125244;0.5663607716560364;0.00021200452465564013;0.5924728512763977;0.7102457284927368;0.021935120224952698;0.5520089864730835;0.7091889977455139;0.045100532472133636;0.5716240227222442;0.26775766015052793;-0.23973774313926696;0.612993597984314;0.5832922011613846;-0.17238129675388336;0.5241562873125076;0.5795781910419464;-0.1536511369049549;0.5916776458422343;0.8582244714101156;0.14597843339045843;0.5571938554445902;0.8505302866299947;0.19580672681331635;;vertical;frontal
0.7;0.5649212598800659;0.291690856218338;-0.2366790473461151;0.6132543087005615;0.35691699385643005;-0.11026140302419662;0.5344882607460022;0.35127580165863037;-0.09359319508075714;0.6200627088546753;0.46613243222236633;-0.06921587884426117;0.5238200426101685;0.4638339579105377;-0.04744015261530876;0.5947129130363464;0.5695554614067078;-0.0004725205071736127;0.5517414808273315;0.5667192339897156;0.000463993230368942;0.5921990275382996;0.7104571461677551;0.018642421811819077;0.5520694851875305;0.709234356880188;0.0367947518825531;0.5712925314903259;0.26802154779434206;-0.2436900407075882;0.6206858307123184;0.5799141228199005;-0.1755850650370121;0.5163789391517639;0.5786655992269516;-0.14443635381758213;0.5915403962135315;0.8582639098167419;0.14836188405752182;0.5572367906570435;0.8503736654917399;0.18985304733117422;;vertical;frontal
0.73;0.5645425319671631;0.2918239235877991;-0.24237288534641266;0.6131561994552612;0.35688120126724243;-0.11556287109851837;0.5344746708869934;0.35128307342529297;-0.09413904696702957;0.6221016645431519;0.46535035967826843;-0.07285824418067932;0.5227476954460144;0.4641566276550293;-0.048851173371076584;0.5947262644767761;0.5697248578071594;-0.001251698937267065;0.551705002784729;0.5670716762542725;0.0012285944540053606;0.5920892357826233;0.7104402780532837;0.02086801640689373;0.5520790219306946;0.7092529535293579;0.03826187178492546;0.570980167388916;0.2682309657335281;-0.24934166073799133;0.6276730448007584;0.5758247971534729;-0.18048520758748055;0.5085533112287521;0.5780264139175415;-0.14562482945621014;0.5913594365119934;0.8582272926966349;0.16687651971975961;0.5573199788729349;0.8503784735997518;0.19173131386439005;;vertical;frontal
0.77;0.5641170144081116;0.2918093800544739;-0.2578623592853546;0.6129278540611267;0.35688161849975586;-0.13009586930274963;0.534525454044342;0.35129088163375854;-0.10960250347852707;0.6239514350891113;0.46473780274391174;-0.09108202159404755;0.5219883918762207;0.4639674425125122;-0.054679661989212036;0.5946812629699707;0.5695657134056091;-0.0011275376891717315;0.5517117381095886;0.5670430064201355;0.0010954579338431358;0.5918794870376587;0.7102329730987549;0.035880763083696365;0.5521154403686523;0.7090815901756287;0.03898565098643303;0.570659214258194;0.26824442446231844;-0.26477313339710234;0.6397761106491089;0.5702408254146576;-0.20565614476799965;0.49740543961524963;0.5757236629724503;-0.1486101821064949;0.5912760496139526;0.8582765062650045;0.18070458620786667;0.5575384497642517;0.8503881692886353;0.19275506337483725;;vertical;frontal
0.8;0.563378632068634;0.2918064296245575;-0.28284066915512085;0.6127818822860718;0.3569965958595276;-0.1478067934513092;0.534538745880127;0.35133180022239685;-0.13342629373073578;0.6272007822990417;0.4644319713115692;-0.1033630296587944;0.5189104080200195;0.4633317291736603;-0.0832408145070076;0.5945625901222229;0.5691677927970886;-0.00011872829782078043;0.5517184138298035;0.5666634440422058;6,13E+10;0.5912755131721497;0.7102329134941101;0.05040726065635681;0.5524209141731262;0.7089222073554993;0.039508845657110214;0.5701312363147736;0.2683223754167557;-0.289714153110981;0.6554717421531677;0.5641686767339706;-0.21096666902303696;0.4827367216348648;0.5667675286531448;-0.1766778789460659;0.5912365516026815;0.8582857847213745;0.18766528367996216;0.557704746723175;0.8503799041112264;0.1886209895213445;;vertical;frontal
0.83;0.5624805092811584;0.2917662560939789;-0.28385937213897705;0.6123635172843933;0.3568257689476013;-0.14576515555381775;0.5345395803451538;0.35111966729164124;-0.1387118101119995;0.6334776878356934;0.45527932047843933;-0.09611541777849197;0.5132764577865601;0.45643508434295654;-0.09417161345481873;0.5944784879684448;0.5683485865592957;0.0007478268817067146;0.551720380783081;0.5661780834197998;-0.0008200778975151479;0.5907661318778992;0.710198163986206;0.04779953882098198;0.5524173974990845;0.7086632251739502;0.0395161509513855;0.5693772315979004;0.26835229694843293;-0.29091658592224123;0.6695906966924667;0.5501981824636459;-0.20192620903253555;0.4697272926568985;0.553708091378212;-0.186714306473732;0.5911335349082947;0.858361562093099;0.1825966015458107;0.5577134291330973;0.850394626458486;0.17907282958428064;;vertical;frontal
0.87;0.5616346597671509;0.29167836904525757;-0.29380279779434204;0.6121300458908081;0.3563987612724304;-0.16106915473937988;0.5342415571212769;0.3511170744895935;-0.13853366672992706;0.6391783952713013;0.44743621349334717;-0.12296238541603088;0.5057414174079895;0.4499707818031311;-0.09083123505115509;0.5942338109016418;0.568214476108551;0.000563563487958163;0.5515571236610413;0.56574946641922;-0.0006342453416436911;0.5903162956237793;0.7101483941078186;0.05993303656578064;0.5523074269294739;0.7083158493041992;0.05201217904686928;0.5685867309570313;0.2683662623167038;-0.30163940638303754;0.6871303170919418;0.5342284590005875;-0.23370090126991272;0.4528036490082741;0.5393674224615097;-0.18740547820925713;0.5909623901049296;0.8583686947822571;0.19448020060857138;0.5576903223991394;0.8506075541178385;0.1954734722773234;;vertical;frontal
0.9;0.5614635348320007;0.2916335165500641;-0.29300394654273987;0.6121299862861633;0.3549259305000305;-0.16334596276283264;0.5340724587440491;0.3506494164466858;-0.13443444669246674;0.6465398669242859;0.43884751200675964;-0.13924041390419006;0.4991031885147095;0.4400722086429596;-0.08903230726718903;0.5940649509429932;0.5680454969406128;-0.0003959971945732832;0.5514761805534363;0.5653390884399414;0.000351999158738181;0.5901789665222168;0.7101895809173584;0.06828806549310684;0.5521028637886047;0.7079664468765259;0.05924316123127937;0.568321681022644;0.2683751493692398;-0.3013517126441002;0.7024747729301453;0.5087072476744652;-0.2702505700290203;0.44123661518096924;0.5139790996909142;-0.19404326006770134;0.5906951626141866;0.858380119005839;0.21213270723819733;0.5576352874437968;0.850762685139974;0.21110784510771433;;vertical;frontal
0.93;0.5603631734848022;0.2913903295993805;-0.3086608946323395;0.6122325658798218;0.35323601961135864;-0.18672871589660645;0.5333980917930603;0.3502550721168518;-0.1541423499584198;0.6533881425857544;0.432382196187973;-0.17009237408638;0.494224488735199;0.43415069580078125;-0.11263439804315567;0.5940185189247131;0.5680009126663208;-0.002465522848069668;0.5512531995773315;0.5652111172676086;0.002432681852951646;0.5900095701217651;0.7103303670883179;0.07549818605184555;0.5517206788063049;0.7079680562019348;0.07463280856609344;0.5669097185134888;0.2683546543121338;-0.3186284005641937;0.7163809537887573;0.48902957886457443;-0.2902750298380852;0.4301222190260887;0.49332641065120697;-0.21790697798132896;0.5903816024462382;0.8583023349444071;0.23027213911215463;0.5575056076049805;0.8511896133422852;0.22905360658963522;;vertical;frontal
0.97;0.5596112012863159;0.2910845875740051;-0.32370123267173767;0.6124840974807739;0.3523792028427124;-0.2003033459186554;0.5318513512611389;0.3498443365097046;-0.16762545704841614;0.6570010781288147;0.42466703057289124;-0.18469856679439545;0.49103227257728577;0.4281230568885803;-0.1080661341547966;0.5938840508460999;0.5679181814193726;-0.004406283609569073;0.5509852766990662;0.5650556087493896;0.004388033412396908;0.5898981094360352;0.7105554938316345;0.08666171133518219;0.5511647462844849;0.7084499597549438;0.08387219905853271;0.5660432755947113;0.2683098614215851;-0.3345786571502686;0.7242714166641235;0.45925018936395645;-0.30914445221424103;0.4246820956468582;0.4674675986170769;-0.19482328370213509;0.5901561180750529;0.857616643110911;0.2560310711463292;0.5574066042900085;0.8518301248550415;0.24888708194096884;;vertical;frontal
1.0;0.5591939687728882;0.2908448576927185;-0.3098028600215912;0.6125484108924866;0.3516702353954315;-0.18834106624126434;0.5303120613098145;0.3494391441345215;-0.16317357122898102;0.6603373289108276;0.4070203900337219;-0.17069204151630402;0.4865038990974426;0.4221392273902893;-0.11075828969478607;0.5936385989189148;0.5680415034294128;-0.004995526745915413;0.5508996248245239;0.5651048421859741;0.004964855965226889;0.5898773670196533;0.7106769680976868;0.08215779066085815;0.5509623289108276;0.7089411020278931;0.08337349444627762;0.5655523121356965;0.26816332042217256;-0.3205552712082863;0.7299342453479767;0.4361320436000824;-0.2873646095395088;0.4189700707793236;0.4468744397163391;-0.1893225722014904;0.589981734752655;0.857008159160614;0.25392315288384754;0.5573854843775431;0.8520911931991577;0.2517280578613281;;vertical;frontal
1.03;0.5589057207107544;0.2896108031272888;-0.30061301589012146;0.6126515865325928;0.3496110737323761;-0.17541778087615967;0.5292463302612305;0.3491964340209961;-0.15548887848854065;0.6634364724159241;0.395052045583725;-0.15234965085983276;0.483808308839798;0.41192805767059326;-0.11115539073944092;0.5936489701271057;0.5680512189865112;-0.004892868455499411;0.5508853197097778;0.5653289556503296;0.004857480060309172;0.5898823142051697;0.7109822034835815;0.07494208216667175;0.5508243441581726;0.7098950743675232;0.08448652178049088;0.5652201473712921;0.26758705973625185;-0.310133695602417;0.7319753766059875;0.41621991991996765;-0.2670845352113247;0.41472769528627396;0.42645352333784103;-0.1927092894911766;0.5898756980895996;0.856810470422109;0.2594342629114787;0.557382067044576;0.8519462943077087;0.2674865821997325;;vertical;frontal
1.07;0.5588355660438538;0.2878364324569702;-0.2839938700199127;0.612645149230957;0.34745216369628906;-0.15888741612434387;0.5286660194396973;0.34887924790382385;-0.1350799798965454;0.6632288098335266;0.3874455690383911;-0.15100927650928497;0.4828662872314453;0.40616491436958313;-0.10539652407169342;0.5937713384628296;0.5669173002243042;-0.006468594074249268;0.5509228706359863;0.5649808049201965;0.006387931760400534;0.5898795127868652;0.7109516859054565;0.06340762227773666;0.5507624745368958;0.7103108763694763;0.08260384947061539;0.5651911854743957;0.26620444655418396;-0.2935025364160538;0.7247293442487717;0.395268052816391;-0.2850257381796837;0.41239385306835175;0.4131153002381325;-0.1898484118282795;0.5898510018984476;0.8568662802378336;0.2478662778933843;0.5573784510294596;0.8517208695411682;0.2672789792219798;;vertical;frontal
1.1;0.5589326620101929;0.2865987718105316;-0.2852514684200287;0.6122772097587585;0.3456473648548126;-0.1566099375486374;0.5277024507522583;0.3487088084220886;-0.13560457527637482;0.6643120646476746;0.37982699275016785;-0.15182296931743622;0.47995525598526;0.40110859274864197;-0.10260719805955887;0.5941246747970581;0.5657539367675781;-0.006367317866533995;0.551029622554779;0.5648345947265625;0.006272526457905769;0.5898637175559998;0.71077561378479;0.06282985955476761;0.5507093667984009;0.7107740044593811;0.08173435181379318;0.5652213931083679;0.26532019674777985;-0.2934895634651184;0.7247826009988785;0.3904234990477562;-0.28652389347553253;0.4094248488545418;0.40427543967962265;-0.18188751116394997;0.5898436705271403;0.857057253519694;0.2474008103211721;0.5573835372924805;0.8516196211179098;0.26462025940418243;;vertical;frontal
1.13;0.5590059161186218;0.28627869486808777;-0.28976970911026;0.6117899417877197;0.3438669443130493;-0.15666136145591736;0.5270547270774841;0.3481364846229553;-0.13941557705402374;0.6639571189880371;0.3751458525657654;-0.1502140611410141;0.47971001267433167;0.39917829632759094;-0.10084516555070877;0.5943753719329834;0.5642510652542114;-0.0067580933682620525;0.5510329008102417;0.5643870830535889;0.006649625953286886;0.5898509621620178;0.7106289267539978;0.06007538363337517;0.5506488680839539;0.71135413646698;0.07948698103427887;0.5652645885944366;0.26522051095962523;-0.2976468577980995;0.7256871163845062;0.38679181784391403;-0.2603549361228943;0.40933196246623993;0.3998626843094826;-0.16286540031433105;0.5900222261746725;0.8574233651161194;0.2470164348681768;0.5574516256650289;0.8516199390093485;0.2629406303167343;;vertical;frontal
1.17;0.5590387582778931;0.2863456904888153;-0.2802661061286926;0.611594021320343;0.34369754791259766;-0.149437814950943;0.5270047187805176;0.34741419553756714;-0.13016806542873383;0.6623930335044861;0.37272369861602783;-0.15794183313846588;0.47889724373817444;0.3967427909374237;-0.10070163011550903;0.594562292098999;0.5634771585464478;-0.006999935954809189;0.5510641932487488;0.5639004111289978;0.006887530907988548;0.5898897647857666;0.7101971507072449;0.044449806213378906;0.5505051612854004;0.7115499973297119;0.06256169825792313;0.5653264045715332;0.26525525748729706;-0.28817512691020963;0.7210067063570023;0.38220981508493423;-0.29667913168668747;0.40923939645290375;0.39989709854125977;-0.16915446147322655;0.5901558001836141;0.8576377431551615;0.23140363891919455;0.5575517614682516;0.8518349726994833;0.2421570122241974;;vertical;frontal
1.2;0.5596874356269836;0.28647559881210327;-0.29435449838638306;0.6114314198493958;0.3433787226676941;-0.14974385499954224;0.5268799066543579;0.3470781147480011;-0.14511911571025848;0.6621909737586975;0.37208715081214905;-0.1295718401670456;0.4773302674293518;0.3953370153903961;-0.11046998202800751;0.5945876240730286;0.5628588199615479;-0.006069675553590059;0.5510254502296448;0.563511312007904;0.005931236781179905;0.5904935598373413;0.7097992300987244;0.04648496210575104;0.5503643751144409;0.7115909457206726;0.06385523825883865;0.5660175919532776;0.2654529631137848;-0.30176864713430407;0.7238253504037857;0.3841910809278488;-0.2254725769162178;0.407485231757164;0.39997731894254684;-0.1897062547504902;0.5901745756467184;0.8577180902163187;0.23010578751564026;0.5575461188952128;0.8520751794179281;0.24137433369954428;;girando;frontal
1.23;0.5597125887870789;0.28747424483299255;-0.30408570170402527;0.611333429813385;0.3433615565299988;-0.15073002874851227;0.52681964635849;0.3467441201210022;-0.15078972280025482;0.6611623764038086;0.37167084217071533;-0.11382149159908295;0.47744452953338623;0.3948785662651062;-0.1104721873998642;0.5945870876312256;0.5627033114433289;-0.0032794270664453506;0.5510157942771912;0.5635396838188171;0.003130687866359949;0.5913045406341553;0.7095614671707153;0.04294813424348831;0.5502597093582153;0.7119391560554504;0.052636489272117615;0.5660702466964722;0.2662846386432648;-0.3128459811210632;0.7196746319532394;0.3855793997645378;-0.18779555335640907;0.40774597972631454;0.4003429412841797;-0.18777909129858017;0.5904067357381185;0.8577966888745626;0.22600513696670532;0.5575107137362162;0.8527524868647257;0.23065833747386932;;girando;frontal
1.27;0.5609021782875061;0.28906312584877014;-0.3021206855773926;0.6112972497940063;0.34341105818748474;-0.1412462294101715;0.5267911553382874;0.3464067578315735;-0.1530635803937912;0.6607434749603271;0.37191343307495117;-0.1083090603351593;0.47726115584373474;0.3953642249107361;-0.12290073931217194;0.5946914553642273;0.5625182390213013;0.0018841801211237907;0.5511261820793152;0.5638482570648193;-0.0019860502798110247;0.5925365090370178;0.7085869312286377;0.04403070732951164;0.5501763224601746;0.7118996381759644;0.05016651377081871;0.5671844840049743;0.26692962646484375;-0.31003838777542114;0.7140429317951202;0.389065757393837;-0.20895188301801682;0.40802719444036484;0.4044262319803238;-0.20889994874596596;0.5915314356486002;0.8588581879933676;0.21550999085108438;0.5574878652890524;0.8533491094907125;0.23052691916624704;;girando;frontal
1.3;0.56166011095047;0.2905214726924896;-0.29968351125717163;0.6112822890281677;0.3434930145740509;-0.13791336119174957;0.5268620252609253;0.34600919485092163;-0.15258410573005676;0.6604138016700745;0.3757457137107849;-0.1383940577507019;0.47851184010505676;0.3969244360923767;-0.13011924922466278;0.5949732661247253;0.5623020529747009;0.003553023561835289;0.5513641238212585;0.5639625787734985;-0.003588244318962097;0.593548059463501;0.7082967162132263;0.03848815709352493;0.5501435995101929;0.7112440466880798;0.07334838062524796;0.5679584503173828;0.2675541818141937;-0.3069183960556984;0.7139995843172073;0.3945232257246971;-0.3101763054728508;0.4090564250946045;0.4077167883515358;-0.23164784535765648;0.5921872854232788;0.8594891230265299;0.18358574310938516;0.5573612054189047;0.8525822361310323;0.26367804408073425;;girando;frontal
1.33;0.5658951997756958;0.29261207580566406;-0.25952133536338806;0.6112571358680725;0.34352293610572815;-0.10067418962717056;0.5269268155097961;0.34601321816444397;-0.13321980834007263;0.6591345071792603;0.37755313515663147;-0.09721231460571289;0.4792449176311493;0.39834803342819214;-0.1261143535375595;0.595508337020874;0.562414824962616;0.0076097287237644196;0.5523791909217834;0.5649950504302979;-0.007586642634123564;0.5936928987503052;0.7078790068626404;0.04053512215614319;0.5504392981529236;0.7108994126319885;0.07551085203886032;0.5706727564334869;0.26877235174179076;-0.2635542467236519;0.7136237919330597;0.3949652388691902;-0.2892259880900383;0.4110507294535637;0.410360150039196;-0.21789593622088432;0.5911925832430521;0.8594445188840231;0.1756266007820765;0.5574067433675131;0.8523149291674296;0.2582927445570628;;girando;frontal
1.37;0.5716944932937622;0.2954331040382385;-0.25261390209198;0.6112092733383179;0.3435829281806946;-0.0969487875699997;0.5271409749984741;0.3460795283317566;-0.13857683539390564;0.6589993834495544;0.37840452790260315;-0.09747959673404694;0.47953346371650696;0.39867374300956726;-0.14128205180168152;0.5961511135101318;0.5624430775642395;0.011640071868896484;0.5539194941520691;0.5659978985786438;-0.01160362083464861;0.593890368938446;0.7058747410774231;0.045947980135679245;0.5510370135307312;0.709614098072052;0.0743660256266594;0.5742403864860535;0.27087427377700807;-0.25432860255241396;0.7133427560329437;0.39488355815410614;-0.2762949913740158;0.41216595470905304;0.41163916140794754;-0.24341243505477905;0.5897860328356425;0.859336276849111;0.17903219908475876;0.5574640432993571;0.8526418407758077;0.2493806928396225;;girando;frontal
1.4;0.5756100416183472;0.2960525453090668;-0.2195410132408142;0.610949695110321;0.3435177505016327;-0.06912746280431747;0.5283528566360474;0.34615662693977356;-0.1333739459514618;0.6562077403068542;0.3791428506374359;-0.06309641897678375;0.4818842113018036;0.399383544921875;-0.13668183982372284;0.5969464778900146;0.562512993812561;0.014961975626647472;0.5558455586433411;0.5668362975120544;-0.014915956184267998;0.5941043496131897;0.7041914463043213;0.05290671065449715;0.5522655248641968;0.7094876766204834;0.07227928936481476;0.5781625211238861;0.27179651856422427;-0.2188953384757042;0.7097356617450714;0.39398229122161865;-0.21550846472382545;0.4172082170844078;0.4152972772717476;-0.23096640035510063;0.589150627454122;0.8590318163235983;0.17545543362696966;0.5574215849240621;0.8536949952443441;0.2283192127943039;;girando;frontal
1.43;0.5800732970237732;0.29632270336151123;-0.16588933765888214;0.6109622716903687;0.3435383141040802;-0.02343929558992386;0.5306843519210815;0.34627294540405273;-0.11133690923452377;0.6531265377998352;0.3813309073448181;-0.002258063992485404;0.484173983335495;0.40003976225852966;-0.11530546844005585;0.5974434614181519;0.5643966197967529;0.019960882142186165;0.5567597150802612;0.5696023106575012;-0.01990574412047863;0.5944421291351318;0.7054611444473267;0.054844655096530914;0.553076446056366;0.7115942239761353;0.054932739585638046;0.5816356897354126;0.2718745231628418;-0.16410506516695023;0.7060576528310776;0.39435259252786636;-0.132059745490551;0.423147514462471;0.42118387669324875;-0.18780703842639923;0.5891644557317098;0.8599762320518494;0.1736180583635966;0.5571964979171753;0.8555984298388163;0.20292367537816366;;girando;frontal
1.47;0.5828306078910828;0.29649296402931213;-0.1476493626832962;0.6109563708305359;0.34341180324554443;0.0005591194494627416;0.5329862833023071;0.34628090262413025;-0.08709756284952164;0.6490136384963989;0.3820382058620453;0.00805047620087862;0.48931705951690674;0.4012210965156555;-0.06630533933639526;0.5975417494773865;0.5649177432060242;0.021421154960989952;0.5574760437011719;0.5699770450592041;-0.021354664117097855;0.594640851020813;0.705477774143219;0.04236481338739395;0.5550854802131653;0.7115823030471802;0.039511144161224365;0.5843429923057556;0.2720450788736343;-0.1443224258720875;0.6902638375759125;0.3937387764453888;-0.13789444230496883;0.4319331645965576;0.4304935038089752;-0.10787789151072502;0.5890532732009888;0.8607118725776672;0.131460669140021;0.5569915175437927;0.8562542597452799;0.17393147200345993;;girando;frontal
1.5;0.5860931277275085;0.29706329107284546;-0.1313011795282364;0.6110200881958008;0.3432677686214447;0.016436483711004257;0.5361722707748413;0.34597906470298767;-0.07229893654584885;0.6482141613960266;0.3821491599082947;0.05909861624240875;0.49577754735946655;0.4020225405693054;-0.05779290199279785;0.5976985096931458;0.5647113919258118;0.023844309151172638;0.5587483048439026;0.5696538090705872;-0.023809393867850304;0.594656765460968;0.7051637172698975;0.046476811170578;0.5574826002120972;0.709391176700592;0.02730926312506199;0.5870464384555817;0.2724279373884201;-0.12697356790304185;0.6941285729408264;0.39477918297052383;-0.04070239374414086;0.44090714305639267;0.43436259031295776;-0.11937692947685719;0.5887294411659241;0.8610299825668335;0.13095246503750482;0.5565929015477499;0.8569369316101074;0.14087054630120596;;girando;frontal
1.53;0.5885135531425476;0.2970243990421295;-0.12066847085952759;0.6111637949943542;0.34317129850387573;0.031004872173070908;0.539588212966919;0.3458651304244995;-0.06921502202749252;0.6478250622749329;0.3823160231113434;0.11063671857118607;0.5015099048614502;0.4022158682346344;-0.03674513101577759;0.5980639457702637;0.5643002390861511;0.03276392072439194;0.5607039332389832;0.5689992904663086;-0.03279022127389908;0.5945974588394165;0.7052069902420044;0.0706271156668663;0.559918999671936;0.7093983292579651;0.007508711889386177;0.5888492286205291;0.2724580019712448;-0.1148228794336319;0.6950132101774216;0.39537588506937027;0.059425768442451954;0.4499815031886101;0.4379822537302971;-0.05916029028594494;0.5884813666343689;0.8609357476234436;0.148854893942674;0.5567668875058492;0.8590180277824402;0.11241074527303378;;girando;frontal
1.57;0.5916129946708679;0.2969842553138733;-0.12921087443828583;0.6112757921218872;0.34318459033966064;0.04946985840797424;0.5436721444129944;0.3458474278450012;-0.08774825185537338;0.6431296467781067;0.38244184851646423;0.17725330591201782;0.5092393159866333;0.4024713337421417;-0.14110101759433746;0.5982226729393005;0.5638502836227417;0.05075611174106598;0.5622661113739014;0.5685341954231262;-0.05079934373497963;0.5942702293395996;0.7048026919364929;0.09975314885377884;0.5623575448989868;0.7080391049385071;0.0031522728968411684;0.5913044929504394;0.2726129651069641;-0.12152567766606807;0.6886024177074432;0.3957640752196312;0.20731840655207634;0.4608568847179413;0.43916717171669006;-0.24856673553586006;0.5884238084157308;0.8596473534901937;0.1799933910369873;0.5573874711990356;0.8599331974983215;0.11803176750739415;;girando;frontal
1.6;0.5942733883857727;0.29681795835494995;-0.11744783818721771;0.6111950874328613;0.3431646227836609;0.08627461642026901;0.5489020347595215;0.345543771982193;-0.13533000648021698;0.6369795799255371;0.38253435492515564;0.2729083299636841;0.5173994898796082;0.40185025334358215;-0.2777850031852722;0.5982291102409363;0.5609197020530701;0.0701303780078888;0.5649202466011047;0.5646803975105286;-0.0703430026769638;0.593860387802124;0.7038673758506775;0.10479535162448883;0.565994381904602;0.7078264355659485;-0.02997688390314579;0.5938207685947419;0.27249512672424314;-0.10615403847768903;0.6850182265043259;0.39614008367061615;0.40562694519758224;0.4766112416982651;0.43915464729070663;-0.4717143326997757;0.5884106357892355;0.8574270208676656;0.18162631491820017;0.5605029463768005;0.8642511169115702;0.06626959641774495;;girando;frontal
1.63;0.5982037782669067;0.29609379172325134;-0.11653605848550797;0.6095625758171082;0.34118080139160156;0.09208565950393677;0.5532435774803162;0.34302985668182373;-0.1582634598016739;0.633996844291687;0.3800836503505707;0.29335445165634155;0.5227224826812744;0.3999251425266266;-0.30465227365493774;0.5974928736686707;0.5572546720504761;0.07652250677347183;0.5668757557868958;0.5603579878807068;-0.0767822191119194;0.5938858389854431;0.7017387747764587;0.11132194101810455;0.5710924863815308;0.7050917148590088;-0.049156468361616135;0.5968305885791778;0.27200680077075956;-0.10294883130118251;0.6786894500255585;0.3961016684770584;0.444121778011322;0.49045997858047485;0.43921467661857605;-0.4885428249835968;0.588254431883494;0.8531414270401001;0.18838557104269663;0.5651965936024984;0.8682342966397604;0.020135680834452312;;girando;frontal
1.67;0.6006253361701965;0.29515811800956726;-0.12097533047199249;0.6054238080978394;0.3399902582168579;0.08983713388442993;0.5565454959869385;0.341426819562912;-0.18280534446239471;0.6239962577819824;0.38024502992630005;0.3045373260974884;0.5275629758834839;0.399586021900177;-0.33929741382598877;0.5967710614204407;0.5536912083625793;0.08038467913866043;0.5690636038780212;0.5577487349510193;-0.0806589275598526;0.5939140915870667;0.7001678347587585;0.10890541970729828;0.5761943459510803;0.7032096982002258;-0.08164608478546143;0.5988185167312622;0.27133665084838865;-0.10591233782470226;0.6660031825304031;0.3960447758436203;0.48588527739048004;0.5010721310973167;0.4392263889312744;-0.5148964077234268;0.5877710382143656;0.8516369064648946;0.1847669780254364;0.5690507094065348;0.8728207548459371;-0.04040089094390472;;girando;frontal
1.7;0.6037107110023499;0.29435601830482483;-0.09156212955713272;0.6012976169586182;0.33832114934921265;0.10872957855463028;0.5618757605552673;0.3381686508655548;-0.16914527118206024;0.6148146986961365;0.38046994805336;0.3029644191265106;0.5368384122848511;0.39625969529151917;-0.31501126289367676;0.5945183634757996;0.5481680035591125;0.08244718611240387;0.5708048939704895;0.5521569848060608;-0.08264125883579254;0.5937606692314148;0.698408842086792;0.10082803666591644;0.5816254615783691;0.702532172203064;-0.090831458568573;0.6016790390014648;0.2708445727825165;-0.07728668795898556;0.6553549915552139;0.39169010519981384;0.4663260281085968;0.5128926038742065;0.4389348700642586;-0.47390951216220856;0.5872785051663717;0.8520323634147644;0.12390235314766566;0.574648380279541;0.8761508067448934;-0.08524688581625621;;girando;frontal
1.73;0.6056863069534302;0.2929103672504425;-0.07425425201654434;0.5953091979026794;0.3355974853038788;0.12262244522571564;0.5654222369194031;0.33374983072280884;-0.17051005363464355;0.6060231328010559;0.3751201033592224;0.33976247906684875;0.5461909174919128;0.38645607233047485;-0.3397842347621918;0.5911694169044495;0.5451114177703857;0.08695824444293976;0.574349582195282;0.5483205318450928;-0.08719158172607422;0.5921581387519836;0.6954323053359985;0.09462353587150574;0.5855105519294739;0.7019271850585938;-0.09595257043838501;0.6037124574184418;0.2697059899568558;-0.059824240207672116;0.6366493254899979;0.38677773624658585;0.5253483951091766;0.5263801217079163;0.43774279206991196;-0.5182898342609406;0.587308386961619;0.8533552885055542;0.11736212422450383;0.5790585080782572;0.8782969315846761;-0.09302664051453273;;girando;frontal
1.77;0.6069343686103821;0.2916935682296753;-0.08271285146474838;0.5963028073310852;0.3357418477535248;0.11316481232643127;0.5689527988433838;0.3297845423221588;-0.17095287144184113;0.6042741537094116;0.37730783224105835;0.3009997606277466;0.5548024773597717;0.37368106842041016;-0.33992668986320496;0.5915983319282532;0.543322741985321;0.08793096989393234;0.5742678046226501;0.5441655516624451;-0.08814144879579544;0.5921895503997803;0.6940818428993225;0.09838920086622238;0.5878601670265198;0.701592206954956;-0.1126052737236023;0.6047411262989044;0.26848268806934356;-0.07021187720820307;0.632447361946106;0.3879052698612213;0.43705950677394867;0.5424094498157501;0.4330320954322815;-0.5320799350738525;0.589134136835734;0.8534682393074036;0.13025639206171036;0.582966148853302;0.8791236082712809;-0.11867986619472504;;girando;frontal
1.8;0.6101962327957153;0.2914626896381378;-0.06833502650260925;0.5914666652679443;0.33578726649284363;0.11629150807857513;0.5755438804626465;0.3249469995498657;-0.1701415479183197;0.6007639169692993;0.3807216286659241;0.30680790543556213;0.5588441491127014;0.36564943194389343;-0.3415710926055908;0.5891796946525574;0.5445844531059265;0.0888017788529396;0.5769883394241333;0.5458804368972778;-0.08897135406732559;0.5922099947929382;0.6946724057197571;0.1142444908618927;0.5914811491966248;0.7010059356689453;-0.07760240137577057;0.6080241978168488;0.2680611550807953;-0.05586240403354168;0.6271942108869553;0.38686947524547577;0.4480786994099617;0.5545165687799454;0.4245913028717041;-0.533485546708107;0.5919278462727865;0.8549456199010214;0.14889035622278848;0.5900992949803671;0.8813232183456421;-0.046329802523056664;;girando;frontal
1.83;0.6116727590560913;0.2910877764225006;-0.03597613424062729;0.5913993120193481;0.33565476536750793;0.13668982684612274;0.5764790177345276;0.3203340768814087;-0.14617203176021576;0.6018928289413452;0.38173815608024597;0.31041771173477173;0.5591250658035278;0.3646205961704254;-0.30261990427970886;0.5889214873313904;0.5455649495124817;0.08701623231172562;0.5796874165534973;0.547002375125885;-0.08713424205780029;0.5919041037559509;0.6960576176643372;0.09562089294195175;0.5937144160270691;0.701154351234436;-0.09178856015205383;0.6100592315196991;0.26794862747192383;-0.023404732532799243;0.6260344088077545;0.3860130310058594;0.4402976781129837;0.569163903594017;0.42383166402578354;-0.4737831875681877;0.5962234735488892;0.8616332610448202;0.10280585289001465;0.595352033774058;0.8844151894251505;-0.0932852104306221;;girando;frontal
1.87;0.6127007007598877;0.29078245162963867;-0.010847709141671658;0.5888060331344604;0.335330069065094;0.15192028880119324;0.5777450799942017;0.3211821913719177;-0.13052640855312347;0.5887917876243591;0.3987445831298828;0.2438332885503769;0.5678350925445557;0.3640997111797333;-0.2787122428417206;0.5887108445167542;0.5459072589874268;0.0865069329738617;0.5814200639724731;0.547378659248352;-0.08652616292238235;0.5916268229484558;0.6981024146080017;0.0672052651643753;0.5968725681304932;0.7017489075660706;-0.08943912386894226;0.6111874461174012;0.26833891570568086;0.0021734699141234158;0.6032813042402267;0.46697887778282166;0.23215920105576515;0.5906393080949783;0.4206537455320358;-0.40040692687034607;0.5976441502571106;0.8674697081247965;0.06687311207254727;0.60099196434021;0.8857453862826029;-0.10316532850265503;;girando;frontal
1.9;0.6137757897377014;0.2905697524547577;-0.0006692192400805652;0.5862514972686768;0.3328954577445984;0.1573193371295929;0.5811547040939331;0.3216688334941864;-0.13522231578826904;0.5792123079299927;0.4198269248008728;0.19347655773162842;0.5776369571685791;0.3668699264526367;-0.2763565182685852;0.5878641605377197;0.5464562177658081;0.09216222912073135;0.5840851068496704;0.5475519895553589;-0.09218279272317886;0.5904501676559448;0.6972787976264954;0.07362111657857895;0.6007882952690125;0.7025551199913025;-0.09283019602298737;0.6124313592910766;0.2687354564666748;0.014431783207692206;0.5790598541498184;0.5168767496943474;0.15176337957382202;0.6082135587930679;0.42083022743463516;-0.39154231548309326;0.5966375867525736;0.8662798007329305;0.08955167730649312;0.6049834489822388;0.8852996031443278;-0.10077473024527232;;girando;frontal
1.93;0.6157302856445312;0.2899675667285919;-0.0048288870602846146;0.586358368396759;0.33138540387153625;0.15593241155147552;0.5832263231277466;0.32266420125961304;-0.1351267397403717;0.5827869772911072;0.41524526476860046;0.20718438923358917;0.5824223756790161;0.37833720445632935;-0.26735246181488037;0.5880772471427917;0.546684205532074;0.0899512991309166;0.5852980017662048;0.547375500202179;-0.08995255827903748;0.590531051158905;0.6973398327827454;0.07338691502809525;0.6005854606628418;0.7044664621353149;-0.08958464860916138;0.6141444027423859;0.2687301695346832;0.008189196418970823;0.5906706601381302;0.49282051622867584;0.23400529846549034;0.6257189810276031;0.4186737611889839;-0.3757565841078758;0.5971397161483765;0.866468091805776;0.08612420782446861;0.6040072441101074;0.8863815069198608;-0.09407767156759898;;girando;frontal
1.97;0.6170556545257568;0.2894119322299957;-0.008090008981525898;0.5853654742240906;0.3311378061771393;0.15480811893939972;0.5844972133636475;0.32307687401771545;-0.1452174037694931;0.5821213126182556;0.42345985770225525;0.20136021077632904;0.5910751223564148;0.3899056017398834;-0.26743414998054504;0.5883424878120422;0.5470958352088928;0.09276867657899857;0.5861104726791382;0.5476478934288025;-0.09278344362974167;0.5915252566337585;0.6987436413764954;0.08135534822940826;0.5995957255363464;0.7056816816329956;-0.08668383955955505;0.6157236695289612;0.2685925841331482;0.006832909490913153;0.5843530595302582;0.5242472141981125;0.18062679842114449;0.644488513469696;0.41666509211063385;-0.36389410495758057;0.59778360525767;0.8669350345929464;0.10025801509618759;0.6035917202631632;0.8877368569374084;-0.08322600896159808;;girando;frontal
2.0;0.6189664006233215;0.2880736291408539;-0.008894605562090874;0.5850194692611694;0.33108675479888916;0.1610807627439499;0.5874791145324707;0.3245721459388733;-0.1548239141702652;0.5722208023071289;0.4454483687877655;0.20061032474040985;0.6018313765525818;0.39638158679008484;-0.2747209072113037;0.5881856679916382;0.5456726551055908;0.09791058301925659;0.5856029987335205;0.5467462539672852;-0.09794928878545761;0.5946265459060669;0.6993733048439026;0.09952424466609955;0.5987803339958191;0.7058473229408264;-0.08758465945720673;0.6172522723674774;0.26798717081546786;0.0076022399589419365;0.5845306813716888;0.5493399649858475;0.1655273139476776;0.6634856909513474;0.41532955318689346;-0.37288040667772293;0.5981904864311218;0.8670162757237753;0.13218635569016138;0.6037603219350179;0.8898943463961283;-0.07932307446996371;;girando;frontal
2.03;0.6204732656478882;0.2879914343357086;-0.017560452222824097;0.5860580801963806;0.3312057554721832;0.15671126544475555;0.592080295085907;0.3299597501754761;-0.15804560482501984;0.5785862803459167;0.4420624077320099;0.19294720888137817;0.6149678230285645;0.40280839800834656;-0.26401105523109436;0.5878493785858154;0.5434871912002563;0.09975659102201462;0.5859785079956055;0.5466814041137695;-0.09978707879781723;0.5958287119865417;0.6975496411323547;0.12107338011264801;0.5995017290115356;0.7058447599411011;-0.09879027307033539;0.6183868467807769;0.26785413920879364;-0.001197191490791738;0.5877958834171295;0.542720764875412;0.13169758580625057;0.6779206693172455;0.41289523243904114;-0.3280600309371948;0.5978477597236633;0.862804631392161;0.1703843673070272;0.6042974789937338;0.8896471063296;-0.10661519070466359;;girando;frontal
2.07;0.621726930141449;0.28734639286994934;-0.022633107379078865;0.5842520594596863;0.33115074038505554;0.14718809723854065;0.5976555943489075;0.3357096314430237;-0.16568835079669952;0.571664571762085;0.4385553002357483;0.18507763743400574;0.6258686780929565;0.40494757890701294;-0.27056148648262024;0.5870911478996277;0.5399190783500671;0.10052322596311569;0.5863978266716003;0.5464601516723633;-0.10063128173351288;0.5975708365440369;0.691486120223999;0.16382789611816406;0.5993740558624268;0.7053765654563904;-0.10544205456972122;0.6188594102859497;0.2674072444438934;-0.006539933383464813;0.5820587128400803;0.5383326262235641;0.1562195010483265;0.6955534368753433;0.4127085730433464;-0.35179462283849716;0.5959125558535258;0.8524684111277262;0.2519327849149704;0.6050578951835632;0.8894260923067728;-0.1277549167474111;;girando;frontal
2.1;0.6221641898155212;0.2868083119392395;-0.002922895597293973;0.5757704973220825;0.33119475841522217;0.14656659960746765;0.6063745021820068;0.34011638164520264;-0.1617516428232193;0.555629551410675;0.40730372071266174;0.3335008919239044;0.6397281289100647;0.4070572257041931;-0.2876468002796173;0.5813004970550537;0.5344430208206177;0.1009208932518959;0.589871346950531;0.545090913772583;-0.10115952044725418;0.5981108546257019;0.6822836399078369;0.149960458278656;0.5999874472618103;0.7021112442016602;-0.11360110342502594;0.61936075091362;0.26681296825408934;0.010408108355477452;0.5381480902433395;0.41406240314245224;0.5555618554353714;0.7096762955188751;0.4136515185236931;-0.38599617034196854;0.5956267515818278;0.8464775681495667;0.21436352034409842;0.6049075325330099;0.8886045217514038;-0.14109931886196136;;girando;frontal
2.13;0.6222966909408569;0.2868497967720032;0.007397026754915714;0.5686711668968201;0.33124616742134094;0.1463600993156433;0.6102302074432373;0.3404262661933899;-0.160032719373703;0.5555511713027954;0.4001031517982483;0.31780532002449036;0.6480639576911926;0.4054723381996155;-0.2833506464958191;0.5773377418518066;0.5344444513320923;0.09940498322248459;0.5898609757423401;0.5441730618476868;-0.0996406301856041;0.5984869599342346;0.6782979965209961;0.14407333731651306;0.600030779838562;0.7000163793563843;-0.11048268526792526;0.6197214126586914;0.2668432116508484;0.019572882913053036;0.541455015540123;0.40965230762958527;0.5276465266942978;0.7226115018129349;0.4121468514204025;-0.36125582456588745;0.5964921712875366;0.8452340165774027;0.20596295595169067;0.6057699918746948;0.887967069943746;-0.1447967290878296;;girando;frontal
2.17;0.6213162541389465;0.2864934206008911;0.004338165279477835;0.5647054314613342;0.3323759138584137;0.12697048485279083;0.6159998774528503;0.34105226397514343;-0.15881851315498352;0.5433900952339172;0.3978094756603241;0.31861406564712524;0.657694935798645;0.4041232466697693;-0.24645093083381653;0.5748583674430847;0.5341771841049194;0.09979964792728424;0.5908303260803223;0.5423282384872437;-0.10009583830833435;0.6007221937179565;0.6710686087608337;0.171174556016922;0.5997284650802612;0.6998967528343201;-0.09144185483455658;0.6192842662334442;0.2660368651151657;0.013511914177797735;0.5417493730783463;0.3878563791513443;0.5394009351730347;0.731299877166748;0.4095292165875435;-0.28748949617147446;0.6031065583229065;0.8428945938746134;0.2631387809912364;0.6060852805773417;0.8878366549809774;-0.09199951340754826;;girando;frontal
2.2;0.6212359666824341;0.2858589291572571;0.01958930864930153;0.5629563331604004;0.33252662420272827;0.08904000371694565;0.6245518326759338;0.34163549542427063;-0.15130670368671417;0.5411147475242615;0.39711686968803406;0.28869813680648804;0.6708436608314514;0.4030025899410248;-0.21879787743091583;0.5712435245513916;0.5342444777488708;0.09857254475355148;0.5958030223846436;0.5428670048713684;-0.09899091720581055;0.5996979475021362;0.6650033593177795;0.23960642516613007;0.6001021265983582;0.7023535370826721;-0.07073672860860825;0.6173878312110901;0.26516367495059967;0.020730668492615224;0.5266675800085068;0.389730267226696;0.4528757408261299;0.7422744482755661;0.41025595366954803;-0.2652588337659836;0.6024564901987711;0.8203749656677246;0.3887457847595215;0.606144388516744;0.8872803449630737;-0.06934552143017451;;girando;frontal
2.23;0.6210062503814697;0.2841961979866028;0.021995477378368378;0.56105637550354;0.33258169889450073;0.08140722662210464;0.6275449991226196;0.3413476049900055;-0.15082864463329315;0.5285283327102661;0.3907908499240875;0.26757103204727173;0.6743534207344055;0.40230855345726013;-0.21805433928966522;0.5699313282966614;0.5360288619995117;0.09495940059423447;0.5998180508613586;0.5438152551651001;-0.09535472840070724;0.5953428745269775;0.6655382513999939;0.2761264443397522;0.6018242835998535;0.7047637701034546;-0.05810326337814331;0.6160308957099915;0.26316127479076384;0.021959972381591798;0.5280134528875351;0.3898076117038727;0.4496408775448799;0.7491149306297302;0.4093875363469124;-0.2611197605729103;0.602428138256073;0.7988167802492777;0.4538823962211609;0.6072971622149149;0.8865969578425089;-0.05778105556964874;;girando;frontal
2.27;0.6191001534461975;0.28367412090301514;0.013340900652110577;0.5565536022186279;0.3343198597431183;0.05093545839190483;0.6288073658943176;0.3411223292350769;-0.14937345683574677;0.525813639163971;0.3929959237575531;0.1882060319185257;0.6752998232841492;0.4016013741493225;-0.19150260090827942;0.5693479776382446;0.5386114716529846;0.08664774149656296;0.6019927263259888;0.545232892036438;-0.08694638311862946;0.5936662554740906;0.6617001295089722;0.28719091415405273;0.6031085848808289;0.7067095637321472;-0.03715093806385994;0.6137992441654205;0.26239983439445497;0.012809383193962276;0.5142773687839508;0.3920240178704262;0.35034308582544327;0.7536567151546478;0.4086369201540947;-0.20561399683356285;0.6024930675824484;0.7904144128163656;0.4851740598678589;0.607666810353597;0.8862683971722921;-0.018911226699856343;;girando;frontal
2.3;0.6146849989891052;0.2831610441207886;0.045624129474163055;0.553790271282196;0.3381851315498352;0.058662883937358856;0.6304461359977722;0.34093979001045227;-0.1302400678396225;0.5227221250534058;0.39472612738609314;0.20045140385627747;0.679629921913147;0.39960041642189026;-0.15798208117485046;0.5697258710861206;0.5424966216087341;0.082283154129982;0.6028379201889038;0.546090304851532;-0.08248607814311981;0.5926795601844788;0.6646419167518616;0.2676827013492584;0.6045964956283569;0.7077522873878479;-0.04360666498541832;0.6101076602935791;0.26206099092960355;0.04009037297219038;0.5306817442178726;0.3846496418118477;0.3757968097925186;0.7586191296577454;0.40827643871307373;-0.15364313498139381;0.6014534036318461;0.7892800768216451;0.44930681586265564;0.6082672874132792;0.8857109347979227;-0.03669630860288938;;girando;frontal
2.33;0.610959529876709;0.28308171033859253;0.038541898131370544;0.5537987351417542;0.33896395564079285;0.034440912306308746;0.6316192746162415;0.3418528139591217;-0.1303585022687912;0.5187259912490845;0.39388811588287354;0.11373256891965866;0.6809856295585632;0.3976389765739441;-0.180355966091156;0.5709527134895325;0.5437002182006836;0.07903067022562027;0.6018031239509583;0.5463133454322815;-0.0792241245508194;0.5927556157112122;0.6666969656944275;0.27156582474708557;0.6047142148017883;0.7076778411865234;-0.054449982941150665;0.6083535611629486;0.26210353076457976;0.0332997765392065;0.4852501079440117;0.3928959295153618;0.20179881528019905;0.7579371780157089;0.40597331523895264;-0.21777385100722313;0.6024616161982218;0.7973358035087585;0.4623289306958516;0.608645518620809;0.8848450779914856;-0.05491878340641657;;girando;frontal
2.37;0.6094828844070435;0.28226515650749207;0.04309617355465889;0.5533115267753601;0.3392861485481262;0.02381005510687828;0.6330337524414062;0.3421230912208557;-0.1236073225736618;0.5145597457885742;0.39241108298301697;0.08106813579797745;0.6814085245132446;0.39619797468185425;-0.15648068487644196;0.5715895891189575;0.5449548959732056;0.07203428447246552;0.604171633720398;0.5470133423805237;-0.07229465246200562;0.5926281809806824;0.6712979674339294;0.24219807982444763;0.6071876883506775;0.7088542580604553;-0.037741806358098984;0.6070743680000306;0.2615231066942215;0.036093683552462605;0.4753769412636757;0.3973481059074402;0.14732776209712029;0.7587857246398926;0.40594716370105743;-0.16127900779247284;0.6020475625991821;0.8236810366312662;0.392041544119517;0.609204113483429;0.884312093257904;-0.01762743542591731;;girando;frontal
2.4;0.6066004633903503;0.2821424603462219;0.07033917307853699;0.5509427189826965;0.33984169363975525;0.031594518572092056;0.6336058974266052;0.3423643410205841;-0.10215988010168076;0.5110418796539307;0.3928561210632324;0.07789026945829391;0.6829306483268738;0.39291638135910034;-0.1378122717142105;0.5702085494995117;0.5503279566764832;0.06945536285638809;0.6076703071594238;0.5491653084754944;-0.06977608799934387;0.5884512066841125;0.6782979369163513;0.22788900136947632;0.6147825121879578;0.7098003625869751;-0.04344931244850159;0.6036790549755097;0.26098719239234924;0.060763676464557645;0.46979019045829773;0.4001324474811554;0.128374844789505;0.7578379362821579;0.40476010739803314;-0.14555694162845612;0.6009283463160197;0.8299500743548075;0.37690097093582153;0.6106307705243429;0.8815219402313232;-0.029851036922385294;;girando;frontal
2.43;0.6043875217437744;0.28194567561149597;0.06643740832805634;0.5514145493507385;0.3404172658920288;0.0012306299759075046;0.635963499546051;0.34381142258644104;-0.0960315614938736;0.509117603302002;0.3934617340564728;0.02117941714823246;0.6810892820358276;0.3912208676338196;-0.10355199128389359;0.5702298283576965;0.5535467267036438;0.06466589868068695;0.6091853380203247;0.5506411790847778;-0.06502258032560349;0.5889812111854553;0.6813897490501404;0.2176325023174286;0.6181289553642273;0.7093622088432312;-0.06963692605495453;0.6014306604862213;0.26088068783283236;0.0547579477308318;0.46016722172498703;0.4021451249718666;0.056642429903149605;0.7489273101091385;0.40355659276247025;-0.07258065044879913;0.6011436184247335;0.8344330390294393;0.36781632900238037;0.6115726232528687;0.8778617183367411;-0.05515651280681292;;girando;frontal
2.47;0.6017942428588867;0.28175094723701477;0.12420466542243958;0.5506182909011841;0.3412199914455414;0.023173395544290543;0.6369975209236145;0.3440771996974945;-0.04645344614982605;0.5070900321006775;0.3934977948665619;0.03478440269827843;0.6806313395500183;0.3887995183467865;-0.029262002557516098;0.570042610168457;0.5542823076248169;0.06013796478509903;0.6102983951568604;0.5509431958198547;-0.06051986292004585;0.588499903678894;0.6859522461891174;0.18623635172843933;0.6221888065338135;0.7037841081619263;-0.0787549763917923;0.5991064012050629;0.2607846111059189;0.11114440727978944;0.4583396390080452;0.403281070291996;0.08758118189871311;0.7345203310251236;0.4017525836825371;0.05660315416753292;0.6010785301526388;0.8471420605977377;0.25334736208120984;0.6128502488136292;0.8715933760007223;-0.08673477172851562;;girando;frontal
2.5;0.6007527709007263;0.2804512679576874;0.11312596499919891;0.5511617660522461;0.34207025170326233;0.025762321427464485;0.6379936337471008;0.3440273106098175;-0.06099284067749977;0.5056343078613281;0.3929266929626465;0.03890438750386238;0.6809217929840088;0.38906535506248474;-0.0924961045384407;0.5695058107376099;0.553963303565979;0.06200353428721428;0.6113954782485962;0.5508976578712463;-0.06239240616559982;0.5870012044906616;0.6879672408103943;0.16377495229244232;0.624021589756012;0.6924335360527039;-0.07900264114141464;0.5979035079479218;0.25981093347072604;0.10215604938566684;0.4528796896338463;0.40383099019527435;0.07642568089067936;0.7485538274049759;0.40049155056476593;-0.08641744777560234;0.601013203461965;0.8527084191640218;0.23813352485497793;0.6161235570907593;0.8670506874720255;-0.08181683346629143;;girando;frontal
2.53;0.600645899772644;0.28010284900665283;0.12479525804519653;0.5515737533569336;0.3419613838195801;0.013559998944401741;0.638964831829071;0.34394964575767517;-0.04322461411356926;0.5035138130187988;0.39187443256378174;0.04640042409300804;0.6813039779663086;0.388685405254364;-0.012257751077413559;0.569290816783905;0.5535642504692078;0.048523690551519394;0.6135291457176208;0.5504810810089111;-0.048868220299482346;0.5860723257064819;0.6906554102897644;0.1257009655237198;0.6240227818489075;0.6861793994903564;-0.048365794122219086;0.5975869536399842;0.2595404118299484;0.11010207515209913;0.4629415050148964;0.40182043612003326;0.12675909511744976;0.7262846380472183;0.3949231058359146;0.09836229681968689;0.6009978453318278;0.8580165902773539;0.17861078679561615;0.6210766235987345;0.8645827770233154;-0.024756656338771183;;girando;frontal
2.57;0.600391685962677;0.27778351306915283;0.10876242071390152;0.5522377490997314;0.34143030643463135;-0.048515453934669495;0.6402885317802429;0.3438462018966675;-0.06267569214105606;0.5032590627670288;0.3904810845851898;-0.03724479302763939;0.6805915236473083;0.388525128364563;-0.037759602069854736;0.570013701915741;0.5532721877098083;0.021767931059002876;0.6148726344108582;0.5494058132171631;-0.02216954715549946;0.5856630206108093;0.6956478953361511;0.1256309151649475;0.6217065453529358;0.6874016523361206;0.038695964962244034;0.5972444772720337;0.258666455745697;0.07842967268079519;0.4473491311073303;0.4023585319519043;-0.0004961127124261111;0.7332060039043427;0.39522504061460495;0.03082398185506463;0.6024922529856364;0.8656089305877686;0.24557041625181833;0.624558170636495;0.8632928530375162;0.12316863983869553;;girando;frontal
2.6;0.6011590361595154;0.2775764763355255;0.11201168596744537;0.5524989366531372;0.3413657248020172;-0.025643467903137207;0.6409728527069092;0.34307825565338135;-0.03282938525080681;0.5024501085281372;0.39029499888420105;-0.028401415795087814;0.6806418895721436;0.3882140815258026;0.02477620542049408;0.5712361335754395;0.5542576313018799;0.014338552951812744;0.617673397064209;0.5487061738967896;-0.014774128794670105;0.5852940678596497;0.7015677094459534;0.1040770635008812;0.6213898658752441;0.6874420642852783;0.015156225301325321;0.5978789687156677;0.2584467202425003;0.09237438999116421;0.4426809251308441;0.40276461839675903;-0.00600134902560967;0.7356022447347641;0.395113505423069;0.1491800993680954;0.600281556447347;0.8691670695940653;0.22167593240737915;0.6288067102432251;0.8571730057398478;0.08753865584731102;;girando;frontal
2.63;0.6016193628311157;0.2762293219566345;0.10141653567552567;0.5533674359321594;0.34134066104888916;-0.06695488840341568;0.641966700553894;0.3417471945285797;-0.032593633979558945;0.5031408667564392;0.3904191553592682;-0.07602033764123917;0.6813104152679443;0.38797667622566223;0.023795543238520622;0.5731542110443115;0.5559444427490234;-0.008127495646476746;0.6196051836013794;0.5486982464790344;0.00764110591262579;0.5852097272872925;0.7054644823074341;0.11701470613479614;0.6214752197265625;0.68755704164505;0.10958343744277954;0.5983309149742126;0.257555690407753;0.08085508560761809;0.4400782585144043;0.4033942446112633;-0.05521756038069725;0.7357245683670044;0.3956482857465744;0.12752383574843407;0.6006444692611694;0.8701876799265543;0.24774429698785147;0.6342349648475647;0.8536073168118795;0.224296768506368;;girando;frontal
2.67;0.6012871861457825;0.2762756049633026;0.10890401154756546;0.5557799339294434;0.3413039743900299;-0.05442529171705246;0.6433653831481934;0.3415262997150421;-0.0032551789190620184;0.5048409700393677;0.390571653842926;-0.07453334331512451;0.6814731955528259;0.3892807960510254;0.08033180981874466;0.576264500617981;0.5559340119361877;-0.008846009150147438;0.6222641468048096;0.5483677387237549;0.008387120440602303;0.58455890417099;0.7034924626350403;0.07670291513204575;0.6233946681022644;0.6831027269363403;0.05099755898118019;0.5973429143428802;0.2575658828020096;0.088831327855587;0.4401695802807808;0.4037898778915405;-0.0470262486487627;0.7351325452327728;0.3965941295027733;0.23461458459496498;0.6006932854652405;0.8683406710624695;0.1649604688088099;0.6375510096549988;0.8520396749178568;0.11142956713835399;;girando;frontal
2.7;0.6002481579780579;0.27625003457069397;0.11897751688957214;0.5591785907745361;0.3405206799507141;-0.05840953812003136;0.6436620950698853;0.3404901325702667;0.02978367917239666;0.5058858394622803;0.39059486985206604;-0.09608355909585953;0.6812778115272522;0.3893013298511505;0.11629342287778854;0.579847514629364;0.5542926788330078;-0.025460051372647285;0.6225184798240662;0.5464332103729248;0.025046177208423615;0.583927571773529;0.7030683159828186;0.0335613451898098;0.6237216591835022;0.6756246089935303;0.05512285232543945;0.596199381351471;0.2573936641216278;0.09759993376210332;0.44101347774267197;0.40402645617723465;-0.08577213995158672;0.7284989356994629;0.3968844711780548;0.26441266387701035;0.6011885404586792;0.8665693998336792;0.08262758205334346;0.6395386457443237;0.8491198817888895;0.09135473147034645;;girando;frontal
2.73;0.5986722111701965;0.2774859666824341;0.1112792119383812;0.5621500015258789;0.33944717049598694;-0.09208592772483826;0.6449075937271118;0.34031251072883606;0.043446432799100876;0.5091657042503357;0.39070531725883484;-0.12428604811429977;0.6807944774627686;0.392396479845047;0.14842116832733154;0.5828552842140198;0.5545586943626404;-0.049820609390735626;0.623480498790741;0.5464618802070618;0.04942810907959938;0.5836322903633118;0.7015569806098938;0.025674784556031227;0.6246750950813293;0.6731500029563904;0.11935526132583618;0.5952049255371094;0.2580927312374115;0.09011656548827887;0.443746380507946;0.4044199287891388;-0.09648420661687851;0.7046729177236557;0.39456944167613983;0.3063933625817299;0.6010019977887472;0.8653459151585897;0.11900129665931065;0.6378462314605713;0.8437364300092062;0.20261632402737936;;girando;frontal
2.77;0.5986353158950806;0.2787243127822876;0.130484476685524;0.5653886198997498;0.33793482184410095;-0.07245771586894989;0.6461836695671082;0.33985191583633423;0.0580735057592392;0.5162666440010071;0.39043787121772766;-0.10384774953126907;0.680656373500824;0.39339786767959595;0.16063740849494934;0.5851324796676636;0.5547083020210266;-0.04506862536072731;0.625677227973938;0.5464785695075989;0.044612713158130646;0.5837774872779846;0.7006003856658936;0.029830191284418106;0.6264811754226685;0.6726847887039185;0.10922404378652573;0.5954243063926696;0.2594304233789444;0.10597010420169681;0.44699666649103165;0.404024638235569;-0.07539026066660881;0.7045657187700272;0.39562342315912247;0.3240010291337967;0.6011907060941061;0.8648020625114441;0.09569945683081944;0.6413550774256388;0.8437095483144125;0.16408785184224448;;girando;frontal
2.8;0.5955862998962402;0.2803170084953308;0.11865801364183426;0.5698800683021545;0.33410561084747314;-0.09769824892282486;0.6466637849807739;0.33944252133369446;0.08498650789260864;0.5224977731704712;0.3903389573097229;-0.12437087297439575;0.6775999069213867;0.39590686559677124;0.21044228971004486;0.5881385207176208;0.5548067092895508;-0.060939986258745193;0.6272253394126892;0.54742032289505;0.06040466949343681;0.5838930010795593;0.7027974724769592;-0.003465150948613882;0.6278042197227478;0.6744725704193115;0.1380162239074707;0.5934424102306366;0.2614366143941879;0.09807975413277745;0.45521771162748337;0.4021833837032318;-0.07382679544389248;0.6962227821350098;0.3957006633281708;0.3926725387573242;0.6013503869374593;0.8651808102925619;0.043638087809085846;0.6391156315803528;0.8436343868573507;0.19257105390230814;;girando;frontal
2.83;0.5935001373291016;0.2810121178627014;0.07928155362606049;0.5738495588302612;0.32990559935569763;-0.1363937109708786;0.6467541456222534;0.3387325406074524;0.07605218142271042;0.5288612246513367;0.390229731798172;-0.21148526668548584;0.6751396656036377;0.39719703793525696;0.23823003470897675;0.5911589860916138;0.5547721982002258;-0.06719563901424408;0.6295442581176758;0.5475877523422241;0.06663257628679276;0.5843554139137268;0.7021113634109497;0.027004467323422432;0.6281911134719849;0.6750332713127136;0.16052131354808807;0.5919300496578217;0.26245694756507876;0.05084119662642479;0.46144070476293564;0.404666543006897;-0.21896269917488098;0.6898868829011917;0.39571403712034225;0.4663025662302971;0.6017752091089884;0.8653759558995565;0.10347302754720052;0.6358577807744344;0.8419168591499329;0.2423370877901713;;girando;frontal
2.87;0.5921355485916138;0.28228670358657837;0.06850957870483398;0.5791944861412048;0.32654696702957153;-0.13334694504737854;0.6462221145629883;0.3381378948688507;0.09362180531024933;0.5315402746200562;0.38911309838294983;-0.18043968081474304;0.6717675924301147;0.39739546179771423;0.25042665004730225;0.596644401550293;0.5479052066802979;-0.07178327441215515;0.6328668594360352;0.5431962609291077;0.07133422046899796;0.5858492851257324;0.695130467414856;-0.03079758770763874;0.6290179491043091;0.6728991866111755;0.12972241640090942;0.5910022497177124;0.263482803106308;0.040982558950781824;0.4656771346926689;0.4078468903899193;-0.14664609357714653;0.6717960089445114;0.3907225504517555;0.4563938081264496;0.6010906100273132;0.8649240136146545;-0.02031263926376899;0.6355477770169576;0.840795616308848;0.17657166222731271;;girando;frontal
2.9;0.5917354226112366;0.2837353050708771;0.07737833261489868;0.5852504372596741;0.3208152651786804;-0.11937912553548813;0.6458555459976196;0.3383547365665436;0.12249806523323059;0.5369297862052917;0.389068603515625;-0.1486794650554657;0.6642765402793884;0.40751105546951294;0.2609693109989166;0.6015527248382568;0.5408080220222473;-0.07574827969074249;0.6356838345527649;0.5370029211044312;0.0755573958158493;0.5894497036933899;0.6885469555854797;-0.047432418912649155;0.6288329362869263;0.6691303253173828;0.11792533099651337;0.5910802602767944;0.2643584430217743;0.055249950662255284;0.47444500029087067;0.41294248402118683;-0.10330884344875813;0.6189412474632263;0.391783632338047;0.42590098083019257;0.5976783235867819;0.86390088001887;-0.051431446025768913;0.6342365543047587;0.8408536513646444;0.1489290197690328;;girando;frontal
2.93;0.5911263823509216;0.28416040539741516;0.07498230040073395;0.5892621278762817;0.31778424978256226;-0.1328909546136856;0.6444673538208008;0.3382120132446289;0.1203237995505333;0.5421569347381592;0.38900843262672424;-0.17504706978797913;0.656651496887207;0.41258999705314636;0.2507885992527008;0.6041318774223328;0.5388489365577698;-0.07880847901105881;0.6370670199394226;0.53532475233078;0.07861809432506561;0.5925004482269287;0.6866653561592102;-0.02845209278166294;0.6286877393722534;0.669685959815979;0.1385403573513031;0.5909945666790009;0.2645651400089264;0.046537576243281364;0.47933509200811386;0.42085643112659454;-0.1345887929201126;0.6067970544099808;0.41947200149297714;0.3811393529176712;0.5953019062678019;0.8621108333269755;0.0009177712102731069;0.6351736783981323;0.8410655856132507;0.18218843142191568;;girando;frontal
2.97;0.5900264382362366;0.28526571393013;0.06495855748653412;0.5926373600959778;0.3190340995788574;-0.13981907069683075;0.6423512697219849;0.3377624750137329;0.11396081745624542;0.5480549931526184;0.3890351951122284;-0.19054237008094788;0.6462302207946777;0.41677325963974;0.22597636282444;0.6062959432601929;0.5400581955909729;-0.080895334482193;0.6377953290939331;0.5357182025909424;0.08071569353342056;0.5941056609153748;0.6834770441055298;-0.03190809488296509;0.628317654132843;0.6687862873077393;0.1541339010000229;0.5904838860034942;0.26528959572315214;0.035923443362116815;0.48932747542858124;0.42401711642742157;-0.1662888303399086;0.5910133570432663;0.4363631010055542;0.3517487719655037;0.597136934598287;0.8594170610109965;-0.0042746554148228215;0.6355570753415426;0.8388592998186747;0.20035172998905182;;girando;frontal
3.0;0.5876997709274292;0.28761035203933716;0.03614923730492592;0.5957278609275818;0.32019346952438354;-0.16449275612831116;0.6396476030349731;0.3366425633430481;0.10057834535837173;0.5536966919898987;0.3910583555698395;-0.21940992772579193;0.6338098645210266;0.41546544432640076;0.20790444314479828;0.6087964177131653;0.540622353553772;-0.08433087915182114;0.6367734670639038;0.5364484190940857;0.08419600129127502;0.5934382081031799;0.6838492751121521;-0.034962594509124756;0.6281648874282837;0.6691240668296814;0.17666347324848175;0.5885106086730957;0.26695950627326964;0.007330880244262516;0.4980754181742668;0.42722897231578827;-0.1967785470187664;0.5844025760889053;0.44966690242290497;0.2928790748119354;0.5997243722279867;0.8573074142138163;-0.008601025658814857;0.6360601584116617;0.837123692035675;0.22812391817569733;;girando;frontal
3.03;0.5870383381843567;0.2889975607395172;0.03353756293654442;0.5990334153175354;0.321603924036026;-0.1603420525789261;0.6362355351448059;0.333281546831131;0.10407165437936783;0.5609628558158875;0.391611248254776;-0.20951513946056366;0.6308423280715942;0.41360175609588623;0.20811858773231506;0.6107670068740845;0.5410468578338623;-0.08637120574712753;0.6358343958854675;0.5360919237136841;0.086268350481987;0.593010425567627;0.683584451675415;-0.06516534090042114;0.6280481815338135;0.6697666645050049;0.16586902737617493;0.5878296196460724;0.2672916352748871;0.005109676146548736;0.5083902329206467;0.4296095371246338;-0.17594321444630623;0.5825051069259644;0.45572712272405624;0.28113584965467453;0.6025890509287516;0.8556819756825765;-0.06164450446764628;0.6358270446459452;0.833194355169932;0.20956500371297201;;girando;frontal
3.07;0.5861557722091675;0.2904254198074341;0.026813309639692307;0.6032862663269043;0.32360127568244934;-0.15239553153514862;0.6322392225265503;0.32843297719955444;0.10570816695690155;0.5741426944732666;0.3916034400463104;-0.25541073083877563;0.6343560814857483;0.41261470317840576;0.22478805482387543;0.6120672225952148;0.5415109992027283;-0.08672692626714706;0.6351990699768066;0.534767210483551;0.08658333867788315;0.5931211113929749;0.6827096343040466;-0.0669558048248291;0.6281782984733582;0.6701177358627319;0.14941729605197906;0.5869595944881439;0.2679912060499191;-0.0009521939791738987;0.5202269852161407;0.4294777065515518;-0.30542027205228806;0.5975357294082642;0.47192544490098953;0.30852217972278595;0.6052825450897217;0.8552436629931132;-0.056712474673986435;0.6361501018206278;0.8334865967432658;0.18905950089295706;;girando;frontal
3.1;0.5857762098312378;0.2916669249534607;0.02894032932817936;0.60687255859375;0.32709065079689026;-0.15102125704288483;0.6289260983467102;0.32560569047927856;0.1167011559009552;0.5843554139137268;0.3915947377681732;-0.3042954206466675;0.6370801329612732;0.40734419226646423;0.27300551533699036;0.613862156867981;0.5411557555198669;-0.08867746591567993;0.6348918676376343;0.5319054126739502;0.08853902667760849;0.5940461158752441;0.6789602637290955;-0.08673800528049469;0.6280718445777893;0.6703203320503235;0.10635960847139359;0.5866848528385162;0.2688638538122177;0.0007768691517412663;0.5308012813329697;0.4286208599805832;-0.417585164308548;0.6124122589826584;0.465451255440712;0.42442066967487335;0.6068080067634583;0.855599065621694;-0.07539078096548717;0.635738472143809;0.8341355919837952;0.12856139242649078;;girando;frontal
3.13;0.5858668684959412;0.2920161783695221;0.026551607996225357;0.6137844920158386;0.3261411786079407;-0.14659351110458374;0.6214653849601746;0.3263898491859436;0.13291330635547638;0.5924335718154907;0.38782799243927;-0.26410675048828125;0.61434006690979;0.40740808844566345;0.25315213203430176;0.6172381043434143;0.5393703579902649;-0.08903347700834274;0.6321080327033997;0.5313684344291687;0.08899624645709991;0.5953464508056641;0.6790506839752197;-0.09147099405527115;0.6272321939468384;0.6703194379806519;0.11226765066385269;0.5865239202976227;0.2690420389175415;-0.0017776747699826956;0.5423326045274734;0.42914874106645584;-0.34381332993507385;0.5814304202795029;0.4748194217681885;0.389100544154644;0.6079033811887106;0.856721301873525;-0.09093918402989705;0.6345242857933044;0.8367097973823547;0.13322548071543375;;girando;frontal
3.17;0.5860813856124878;0.2923349142074585;0.03240993618965149;0.6166738867759705;0.3252292275428772;-0.142471581697464;0.6169574856758118;0.3268556594848633;0.1417166292667389;0.6019291877746582;0.3868279457092285;-0.24249203503131866;0.6115133166313171;0.40775856375694275;0.24170370399951935;0.6212301254272461;0.536375105381012;-0.08859162777662277;0.6283348798751831;0.5307609438896179;0.08858753740787506;0.5998350381851196;0.679259717464447;-0.10287714749574661;0.625361442565918;0.670344352722168;0.10142233967781067;0.5867480039596558;0.26902916431427004;0.003979793121106923;0.5568685829639435;0.4281189739704132;-0.3025426119565964;0.5905205756425858;0.4742380231618881;0.2893839403986931;0.6088548302650452;0.8579385081926981;-0.11970858524243037;0.6344151099522909;0.8392123381296793;0.10114673028389613;;girando;frontal
3.2;0.5855882167816162;0.2921117842197418;0.03593848645687103;0.6157635450363159;0.32236799597740173;-0.14079371094703674;0.6144061088562012;0.32668110728263855;0.154039666056633;0.6085352897644043;0.3805188536643982;-0.28353187441825867;0.6137305498123169;0.39988893270492554;0.269525408744812;0.6219229102134705;0.532414436340332;-0.09260069578886032;0.6225482821464539;0.5293882489204407;0.09255862981081009;0.6051031351089478;0.6776434779167175;-0.10457725077867508;0.6168878078460693;0.6703363060951233;0.09243544936180115;0.5863249897956848;0.26888392567634584;0.007403763721231371;0.5730490237474442;0.4177796095609665;-0.4075462073087692;0.5903254747390747;0.4652114510536194;0.3242046386003494;0.6128054261207581;0.8583449522654215;-0.1243434523542722;0.6282190879185995;0.8407126267751058;0.08326227466265361;;girando;frontal
3.23;0.5845233201980591;0.29198965430259705;0.04535854980349541;0.6145743727684021;0.32073864340782166;-0.13821281492710114;0.6127000451087952;0.32692083716392517;0.16344882547855377;0.6082180738449097;0.3812141418457031;-0.2654251456260681;0.6207833886146545;0.4107207953929901;0.266498863697052;0.6216955184936523;0.5297845602035522;-0.09353946149349213;0.62071692943573;0.5297980308532715;0.09347210079431534;0.606368899345398;0.6762380599975586;-0.10619260370731354;0.6133477091789246;0.6703621745109558;0.09079255908727646;0.5849978029727936;0.2680990666151047;0.014379992056638003;0.5753004550933838;0.41795138269662857;-0.3652663975954056;0.5981783270835876;0.493661530315876;0.21480442956089973;0.614497184753418;0.8584602276484171;-0.1255733147263527;0.6242143114407858;0.8422742486000061;0.07880369822184245;;girando;frontal
3.27;0.5829243659973145;0.290741890668869;0.010897846892476082;0.6176601648330688;0.32087036967277527;-0.15194609761238098;0.6010640859603882;0.32697445154190063;0.15380826592445374;0.615419328212738;0.37643197178840637;-0.348135381937027;0.5890403389930725;0.3877251446247101;0.2931599020957947;0.620538055896759;0.5335158705711365;-0.09637077897787094;0.610846996307373;0.5363361835479736;0.09631212800741196;0.606126606464386;0.6766790151596069;-0.1314723789691925;0.610675573348999;0.6771819591522217;0.08466418832540512;0.5838577628135682;0.26737715899944303;-0.01658415263518691;0.5974453687667847;0.4172772988677025;-0.5268507897853851;0.5394291132688522;0.4107905626296997;0.37500347942113876;0.6132862369219462;0.8584290146827698;-0.16703938444455466;0.6249669392903646;0.8393387397130331;0.08376391604542732;;girando;frontal
3.3;0.581896185874939;0.2903814911842346;-0.0008565352181904018;0.6208539009094238;0.3210749328136444;-0.155389204621315;0.5964758992195129;0.32717350125312805;0.14562824368476868;0.6217125654220581;0.36910003423690796;-0.3636777698993683;0.5804146528244019;0.38263580203056335;0.29060277342796326;0.6192283034324646;0.5464038252830505;-0.09654446691274643;0.6071121096611023;0.5448397994041443;0.0964462086558342;0.6050707697868347;0.6863775253295898;-0.10245399922132492;0.6066652536392212;0.6776772737503052;0.14467008411884308;0.5830297708511353;0.2671279668807983;-0.03008685652166605;0.6151933372020721;0.416298970580101;-0.5785580724477768;0.5306313931941986;0.4019070938229561;0.38071897625923157;0.6125617424647013;0.8609557151794434;-0.12053412695725758;0.6264525453249613;0.8331117033958435;0.19547210137049356;;girando;frontal
3.33;0.5818179249763489;0.28933385014533997;0.004372099414467812;0.6230188608169556;0.32138529419898987;-0.1431555598974228;0.5927075147628784;0.3314013183116913;0.1570795774459839;0.6262040734291077;0.36815115809440613;-0.3380744457244873;0.572239100933075;0.3866863548755646;0.30154213309288025;0.6207730770111084;0.5449849367141724;-0.0945468321442604;0.6034581065177917;0.5440801978111267;0.09442830830812454;0.6055464148521423;0.6861467957496643;-0.11845511198043823;0.6000183820724487;0.6786078214645386;0.09567894786596298;0.583069258928299;0.2666476398706436;-0.02312304237857461;0.6272552162408829;0.41523541510105133;-0.5545795112848282;0.5232851058244705;0.4028436243534088;0.38987790048122406;0.6113781134287516;0.8599918683369955;-0.12651240080595016;0.6271750728289286;0.8289961616198221;0.17361928025881448;;girando;frontal
3.37;0.5819059610366821;0.28821566700935364;-0.015286261215806007;0.6242408752441406;0.3225208520889282;-0.13366997241973877;0.5882837772369385;0.3361247777938843;0.14961281418800354;0.6327017545700073;0.3694619834423065;-0.32115018367767334;0.5687494277954102;0.38680803775787354;0.2876541018486023;0.6212146878242493;0.5446110367774963;-0.09384996443986893;0.6001425385475159;0.5440267324447632;0.0936480388045311;0.6067871451377869;0.6861318945884705;-0.1170097291469574;0.5925276875495911;0.6788560152053833;0.09047804772853851;0.5833516597747803;0.2659292459487915;-0.03983743451535702;0.640916720032692;0.4079490900039673;-0.5508946925401688;0.51469287276268;0.4021548256278038;0.3149191439151764;0.6099996964136759;0.8590391476949056;-0.1249476249019305;0.6246477365493774;0.8242143591245016;0.16733715931574503;;girando;frontal
3.4;0.5810642242431641;0.2874758541584015;-0.042477767914533615;0.6271147727966309;0.32275763154029846;-0.13066688179969788;0.5833600163459778;0.3396250903606415;0.11850716173648834;0.6414556503295898;0.37033188343048096;-0.31104743480682373;0.560509979724884;0.38888657093048096;0.21959935128688812;0.6217414736747742;0.5446560382843018;-0.09116409718990326;0.5956657528877258;0.5461730360984802;0.09109986573457718;0.607160747051239;0.686099112033844;-0.1094239130616188;0.585249662399292;0.6804102063179016;0.0828990563750267;0.5829145073890686;0.26539674699306487;-0.06496335007250309;0.6541556119918823;0.4077529311180115;-0.5460211783647537;0.4998216778039932;0.401273638010025;0.2183312326669693;0.6102253198623657;0.8535276452700297;-0.10454284399747849;0.6139869093894958;0.8268695672353109;0.16114943226178488;;girando;frontal
3.43;0.5802199244499207;0.28698834776878357;-0.04560016095638275;0.6280210018157959;0.3228841722011566;-0.11368237435817719;0.5790550112724304;0.3412812352180481;0.11689659208059311;0.6464372277259827;0.37168774008750916;-0.2756274938583374;0.5551766753196716;0.38980621099472046;0.2037634700536728;0.6221907138824463;0.54437655210495;-0.08519861847162247;0.5922962427139282;0.5458021759986877;0.08521271497011185;0.6084409952163696;0.6859857439994812;-0.10880595445632935;0.5787048935890198;0.680815577507019;0.08509901911020279;0.5825275003910064;0.2649501621723175;-0.06668624803423881;0.6621345728635788;0.4085051491856575;-0.5006557479500771;0.4944830536842346;0.39876723289489746;0.18411291763186455;0.6087543567021688;0.8503753741582235;-0.10475731641054153;0.6059522231419882;0.8278714219729105;0.1585886130730311;;girando;frontal
3.47;0.5793775916099548;0.28673455119132996;-0.0596919059753418;0.6300999522209167;0.3240238428115845;-0.10703232884407043;0.5752867460250854;0.34104639291763306;0.11183042079210281;0.6501190662384033;0.3726412057876587;-0.25367289781570435;0.5512330532073975;0.3918449282646179;0.17329932749271393;0.6220961809158325;0.5439437031745911;-0.08249644190073013;0.5906046032905579;0.545420229434967;0.08253475278615952;0.6080585718154907;0.684781014919281;-0.1195785403251648;0.5772041082382202;0.6806347966194153;0.0746864527463913;0.5822134494781495;0.26475860774517057;-0.07915904466062784;0.6713303327560425;0.40897218883037567;-0.48067303001880646;0.4896017163991928;0.3938750624656677;0.12314893305301666;0.6066048741340637;0.8491605321566263;-0.126448392868042;0.5975223580996195;0.8280222415924072;0.1413769672314326;;girando;frontal
3.5;0.5790252089500427;0.28667697310447693;-0.08373671770095825;0.6312999129295349;0.32579323649406433;-0.11049824208021164;0.5710969567298889;0.34142109751701355;0.08728853613138199;0.6534079909324646;0.37866365909576416;-0.24094150960445404;0.5422167778015137;0.39271658658981323;0.13588747382164001;0.6219461560249329;0.5461989641189575;-0.07539717108011246;0.5870550870895386;0.5479350686073303;0.07544714212417603;0.6079142689704895;0.684761106967926;-0.08689669519662857;0.5760492086410522;0.6811670064926147;0.04899091273546219;0.5821653723716735;0.2646659821271896;-0.10149699496105313;0.6807961314916611;0.4096044972538948;-0.4544346258044243;0.4791206791996956;0.39656639844179153;0.06424804031848907;0.6058687965075175;0.8478652636210123;-0.03788704052567482;0.589285651842753;0.8304124077161154;0.12100695073604584;;girando;frontal
3.53;0.578178882598877;0.28678709268569946;-0.11689871549606323;0.6329401731491089;0.32784807682037354;-0.11085140705108643;0.5666629672050476;0.3410271108150482;0.06536415964365005;0.6594218015670776;0.3827231824398041;-0.23314516246318817;0.5353634357452393;0.3927057385444641;0.09359696507453918;0.621841549873352;0.5489665865898132;-0.06776946783065796;0.5841080546379089;0.5483881235122681;0.06787507236003876;0.6089158654212952;0.6885404586791992;-0.07381097972393036;0.5740406513214111;0.6838154196739197;0.035405997186899185;0.5816149175167084;0.264707612991333;-0.13483997099101544;0.6916202902793884;0.40996522456407547;-0.4513550028204918;0.47500424832105637;0.3967943638563156;-0.018277709372341633;0.6038705507914225;0.8483180999755859;-0.018674100438753765;0.5786051750183105;0.8349087635676066;0.11607471605141957;;girando;frontal
3.57;0.5777521133422852;0.2865312695503235;-0.12598013877868652;0.6324272751808167;0.32857105135917664;-0.08665578067302704;0.5627809762954712;0.34078773856163025;0.05107111856341362;0.6600001454353333;0.38280877470970154;-0.19244670867919922;0.5293887853622437;0.3918924629688263;0.03090294823050499;0.6220267415046692;0.5485402345657349;-0.0526137575507164;0.5827048420906067;0.5479704141616821;0.0527220256626606;0.6095901131629944;0.6897062659263611;-0.052102915942668915;0.572083592414856;0.6846405267715454;0.022515229880809784;0.5813100159168243;0.26457264721393586;-0.140073649212718;0.6981890946626663;0.4097006097435951;-0.4093010798096657;0.49266523867845535;0.3848245218396187;-0.14193676598370075;0.602320392926534;0.8483083645502726;0.01952598864833514;0.5712506175041199;0.8361170689264933;0.11393164098262787;;girando;frontal
3.6;0.5765113830566406;0.28657808899879456;-0.13425269722938538;0.6320188045501709;0.330152302980423;-0.08687635511159897;0.5596855878829956;0.34056857228279114;0.03665507584810257;0.6616740226745605;0.3826681971549988;-0.19412636756896973;0.5234710574150085;0.38997453451156616;0.04901491105556488;0.6218982338905334;0.5492780804634094;-0.04716945439577103;0.580832302570343;0.547961413860321;0.0472593680024147;0.6101705431938171;0.6905481815338135;-0.03450552001595497;0.5702223777770996;0.6846272349357605;0.026843398809432983;0.5805660903453826;0.26456227600574495;-0.1477330021560192;0.7041261941194534;0.4070483148097992;-0.41561899334192276;0.46406450122594833;0.3890287056565285;-0.07683018315583467;0.6022200981775919;0.848219096660614;0.04380107422669729;0.5690083901087443;0.8371095061302185;0.12369892746210098;;girando;frontal
3.63;0.5760436654090881;0.2862273156642914;-0.14875102043151855;0.6309995651245117;0.33107706904411316;-0.08566399663686752;0.5562154054641724;0.34050872921943665;0.01896188035607338;0.6617558598518372;0.3819054365158081;-0.17106421291828156;0.5169217586517334;0.3885875344276428;0.010956648737192154;0.6215487122535706;0.5493273138999939;-0.04309383034706116;0.5790613889694214;0.5480577945709229;0.043182287365198135;0.6104799509048462;0.690511167049408;-0.026703208684921265;0.5693013668060303;0.684811532497406;0.024742020294070244;0.5802974045276642;0.264180114865303;-0.1595270849764347;0.7111254185438156;0.4036928042769432;-0.37043698877096176;0.45936087518930435;0.3922489434480667;-0.1424383595585823;0.6022864580154419;0.8472826878229777;0.04524786646167437;0.5693145791689554;0.8379059433937073;0.12203202644983928;;girando;frontal
3.67;0.5756604075431824;0.2854853570461273;-0.18913444876670837;0.6305455565452576;0.33222731947898865;-0.11023017019033432;0.5523300170898438;0.340575248003006;-0.02607153356075287;0.6625133156776428;0.3805409073829651;-0.1876613199710846;0.5087708830833435;0.3872104287147522;-0.024674203246831894;0.6210158467292786;0.5490931272506714;-0.04325537756085396;0.5774526596069336;0.547986626625061;0.04329555109143257;0.6103373169898987;0.6887996792793274;-0.011318178847432137;0.5688371658325195;0.684968113899231;0.03186146914958954;0.5801439344882965;0.2634920299053192;-0.19962163642048836;0.7151125371456146;0.399903267621994;-0.3718331903219223;0.44374895840883255;0.3939303010702133;-0.15902379900217056;0.6021524667739868;0.8468645413716634;0.06804578169248998;0.5697849988937378;0.8379660646120707;0.16791120419899622;;girando;frontal
3.7;0.5754233002662659;0.2846006453037262;-0.1926998794078827;0.6296562552452087;0.3322334289550781;-0.10550952702760696;0.548473060131073;0.3404923379421234;-0.04157818853855133;0.6639209985733032;0.3763335049152374;-0.13064496219158173;0.5037930607795715;0.3871935307979584;-0.02998076006770134;0.6193607449531555;0.5489240884780884;-0.03726928308606148;0.5750542283058167;0.5479181408882141;0.037289246916770935;0.6101958751678467;0.6877374053001404;0.006300356704741716;0.5683313608169556;0.6858700513839722;0.04350898414850235;0.580395644903183;0.26260877549648287;-0.20042847990989685;0.7171494513750076;0.3937702998518944;-0.2683405987918377;0.4393332377076149;0.3948804438114166;-0.1468908116221428;0.6020125150680542;0.8458052674929301;0.09399880282580853;0.5689109365145365;0.838402529557546;0.17828670144081116;;girando;frontal
3.73;0.5746843814849854;0.2828962206840515;-0.1932295858860016;0.6279333829879761;0.3327164351940155;-0.10281263291835785;0.5451365113258362;0.3403269946575165;-0.04201836138963699;0.6656217575073242;0.37492042779922485;-0.13831235468387604;0.5006613731384277;0.3872079849243164;-0.0296067725867033;0.6164556741714478;0.5488673448562622;-0.03325949236750603;0.5715525150299072;0.5478962063789368;0.03325018286705017;0.6101335287094116;0.686924397945404;0.012612001970410347;0.5675501823425293;0.6857419610023499;0.05743967369198799;0.5799110770225525;0.2611140251159668;-0.19985541552305222;0.7199307680130005;0.39101357012987137;-0.29453879594802856;0.43522122502326965;0.3955086022615433;-0.15101060271263123;0.6023947993914286;0.8460559844970703;0.09999323512117068;0.5681216319402059;0.8384689688682556;0.18639816343784332;;girando;frontal
3.77;0.5745444297790527;0.2828822731971741;-0.20698294043540955;0.6261919736862183;0.3329913914203644;-0.10479948669672012;0.5432639122009277;0.3401450514793396;-0.052212174981832504;0.6658669114112854;0.37301430106163025;-0.15141834318637848;0.4987954795360565;0.38691845536231995;-0.05101563781499863;0.6128706932067871;0.5487561821937561;-0.03402896970510483;0.568821132183075;0.5479472279548645;0.03401177376508713;0.6096372008323669;0.6864601969718933;0.0053390259854495525;0.566231369972229;0.6859633326530457;0.09027030318975449;0.5798146665096283;0.2609595894813538;-0.21318666487932206;0.723211407661438;0.38931266963481903;-0.3186050131917;0.4322426989674568;0.3958275839686394;-0.19072682037949562;0.6017123262087504;0.8473973274230957;0.07908983482047915;0.5675914486249288;0.8375163276990255;0.22994732360045114;;girando;frontal
3.8;0.5745922923088074;0.28252798318862915;-0.22237223386764526;0.6240278482437134;0.33311209082603455;-0.12396325916051865;0.5414521098136902;0.3401263356208801;-0.05827725678682327;0.6646378040313721;0.3728342652320862;-0.16904273629188538;0.49645349383354187;0.38676637411117554;-0.0333283431828022;0.6106109619140625;0.548672616481781;-0.038028739392757416;0.5673631429672241;0.5479964017868042;0.03802333399653435;0.607459306716919;0.6852015852928162;-0.0037389881908893585;0.5636375546455383;0.6860467791557312;0.07934840023517609;0.579914391040802;0.2606330305337906;-0.22843288779258727;0.7249165624380112;0.38734132796525955;-0.3433949276804924;0.42879651486873627;0.39575669169425964;-0.14833888970315456;0.600501815478007;0.8480164011319479;0.08186768026401599;0.5681102871894836;0.8372461795806885;0.21487818658351898;;girando;frontal
3.83;0.5745759010314941;0.28254708647727966;-0.2487153857946396;0.6225628852844238;0.33312565088272095;-0.1385788768529892;0.5400950312614441;0.34010031819343567;-0.08626973628997803;0.6645990610122681;0.3730317950248718;-0.15988636016845703;0.4947219491004944;0.38678231835365295;-0.06099976226687431;0.6086165904998779;0.5490108132362366;-0.036072857677936554;0.5659646987915039;0.5488401651382446;0.0360574908554554;0.6034737229347229;0.6852942705154419;0.013565323315560818;0.5624613165855408;0.6877626180648804;0.09353594481945038;0.5800218760967255;0.26055578589439393;-0.2552545204758644;0.7278003543615341;0.3870856761932373;-0.3078039512038231;0.4262373596429825;0.3959853947162628;-0.17612679675221443;0.5979593992233276;0.8480429649353027;0.1198854756851991;0.5677926937739054;0.8367859522501627;0.24452224373817444;;girando;frontal
3.87;0.574627161026001;0.2824653387069702;-0.25681406259536743;0.6218926906585693;0.3334127962589264;-0.1348636895418167;0.5395895838737488;0.3401164412498474;-0.09845557063817978;0.6653168201446533;0.3731350600719452;-0.14648649096488953;0.4932989776134491;0.38637638092041016;-0.07506826519966125;0.6074760556221008;0.5504690408706665;-0.027225201949477196;0.565156102180481;0.5507556796073914;0.027183905243873596;0.600625216960907;0.6875552535057068;0.02818223647773266;0.5620869398117065;0.6893978714942932;0.09316560626029968;0.5801588892936707;0.260436087846756;-0.26182776391506196;0.7281357198953629;0.38527657836675644;-0.2976059094071388;0.42615433037281036;0.39571257680654526;-0.19299974292516708;0.5949318210283915;0.84879070520401;0.15906925251086554;0.5687161485354105;0.8354600866635641;0.25840412576993305;;girando;frontal
3.9;0.5740352272987366;0.2815062701702118;-0.2513473629951477;0.6217615604400635;0.3339453935623169;-0.1306837946176529;0.5393068790435791;0.34007951617240906;-0.0917072743177414;0.6665652990341187;0.3732735812664032;-0.13767898082733154;0.49292853474617004;0.38572242856025696;-0.061431173235177994;0.6061081886291504;0.5528955459594727;-0.024343978613615036;0.5637003779411316;0.5529542565345764;0.02429152838885784;0.5994837284088135;0.6907724142074585;0.030128344893455505;0.5610052943229675;0.6903097033500671;0.1058933213353157;0.5799146175384522;0.25973611176013944;-0.2564945831894875;0.7305193096399307;0.38442395627498627;-0.2853930741548538;0.42659230530261993;0.3955535739660263;-0.17448503151535988;0.5936578313509623;0.8496937950452169;0.1628200908501943;0.5687055190404257;0.8324475685755411;0.2962411443392436;;girando;frontal
3.93;0.5737230777740479;0.28140100836753845;-0.2641313076019287;0.621856689453125;0.33530664443969727;-0.14017796516418457;0.5392239689826965;0.33985793590545654;-0.10098649561405182;0.6685950756072998;0.373359352350235;-0.14703314006328583;0.49256306886672974;0.38549894094467163;-0.06326383352279663;0.6050376892089844;0.5547441840171814;-0.025226976722478867;0.5626124739646912;0.5543980002403259;0.025180574506521225;0.5979272723197937;0.6918269395828247;0.02743360958993435;0.5595917701721191;0.6917390823364258;0.1189495176076889;0.5798502802848816;0.2595901072025299;-0.2696147695183754;0.732931911945343;0.3827042207121849;-0.2893811762332916;0.42608506232500076;0.3950893208384514;-0.1651022881269455;0.5905962586402893;0.8500057458877563;0.15583852430184683;0.566959540049235;0.8325285116831461;0.30957670013109845;;girando;frontal
3.97;0.5738593935966492;0.28064408898353577;-0.2859004735946655;0.6220011711120605;0.33741146326065063;-0.16151104867458344;0.5394735336303711;0.3395477831363678;-0.11862058192491531;0.6723941564559937;0.3725211024284363;-0.15696023404598236;0.4924401044845581;0.38494741916656494;-0.07358726859092712;0.6041532754898071;0.556532084941864;-0.026117663830518723;0.5616306662559509;0.5554035902023315;0.026068344712257385;0.5966074466705322;0.6925984621047974;0.03034253604710102;0.5585476756095886;0.6927661895751953;0.1300312727689743;0.5802639484405517;0.25902803242206573;-0.2912221014499664;0.7375450730323792;0.38269004970788956;-0.29896120727062225;0.4257839173078537;0.3951612636446953;-0.16021065041422844;0.5898850957552592;0.8502077062924703;0.16911709060271582;0.5665535926818848;0.8316026926040649;0.3291882475217183;;girando;frontal
4.0;0.5742555856704712;0.279159814119339;-0.3042732775211334;0.6230165958404541;0.3388556241989136;-0.18132860958576202;0.5396068692207336;0.33939045667648315;-0.13792218267917633;0.674616813659668;0.372185617685318;-0.18284912407398224;0.49285876750946045;0.38447487354278564;-0.0816742554306984;0.6037359833717346;0.557043731212616;-0.025673428550362587;0.5608448386192322;0.5552188754081726;0.02561809867620468;0.5963208675384521;0.6934317350387573;0.040178339928388596;0.558460533618927;0.6944770812988281;0.1399717479944229;0.5806113719940186;0.258199068903923;-0.31012341678142546;0.7424594163894653;0.38181982189416885;-0.30735984444618225;0.42632994055747986;0.39514701068401337;-0.1518729403614998;0.5892417430877686;0.8496953845024109;0.19083696603775024;0.5663985013961792;0.8301883935928345;0.34157853325208026;;girando;frontal
4.03;0.574626624584198;0.27911511063575745;-0.3120611011981964;0.6237556338310242;0.3388892114162445;-0.18252962827682495;0.5399894118309021;0.3393729031085968;-0.14273129403591156;0.6762567162513733;0.37189656496047974;-0.18140845000743866;0.49306032061576843;0.38442590832710266;-0.08963334560394287;0.6034530401229858;0.5571390390396118;-0.024431662634015083;0.5606687068939209;0.5550718903541565;0.024385876953601837;0.5958124995231628;0.6945745944976807;0.02844953164458275;0.5591537356376648;0.698527991771698;0.1441294103860855;0.5810744166374207;0.2581197112798691;-0.3183939665555954;0.746477335691452;0.381900854408741;-0.30478518456220627;0.42719051241874695;0.3960963934659958;-0.16169393435120583;0.5881409446398417;0.849981685479482;0.16292749593655267;0.5665215055147806;0.8288047909736633;0.36354466279347736;;vertical;frontal
4.07;0.5753321051597595;0.2791151702404022;-0.3119890093803406;0.6242144107818604;0.33879348635673523;-0.18093743920326233;0.5404176712036133;0.339313805103302;-0.14498074352741241;0.6775155663490295;0.37077727913856506;-0.17970845103263855;0.49328768253326416;0.38373997807502747;-0.09626313298940659;0.6033870577812195;0.5573568940162659;-0.022269651293754578;0.5606817007064819;0.5549880266189575;0.022207820788025856;0.5959389209747314;0.6967629194259644;0.02974877506494522;0.559001088142395;0.7013461589813232;0.13795265555381775;0.5815064668655395;0.25802369713783263;-0.3184270739555359;0.7480831444263458;0.3801119551062584;-0.3032870292663574;0.4271329343318939;0.3966293931007385;-0.17521439492702484;0.5883941054344177;0.8497762680053711;0.1966022551059723;0.566370964050293;0.8278901775677999;0.3596799373626709;;vertical;frontal
4.1;0.5756805539131165;0.2791517376899719;-0.2959631681442261;0.6249922513961792;0.3387327790260315;-0.1749221384525299;0.540828287601471;0.339211642742157;-0.1376194953918457;0.6786539554595947;0.36986732482910156;-0.1784253567457199;0.4933745265007019;0.3826190233230591;-0.09228529781103134;0.6036602258682251;0.5573612451553345;-0.021864650771021843;0.5608236193656921;0.5549216866493225;0.02180933952331543;0.5962475538253784;0.6969332098960876;0.029389433562755585;0.5588950514793396;0.7017756104469299;0.12908987700939178;0.5816190540790558;0.2579952269792557;-0.30346481651067736;0.7499231100082397;0.378632053732872;-0.292406402528286;0.42681005597114563;0.3971315622329712;-0.17331232875585556;0.5884088277816772;0.8495597044626871;0.18988248954216638;0.566520631313324;0.8283695777257284;0.3286447326342265;;vertical;frontal
4.13;0.5758755803108215;0.27918311953544617;-0.2848564088344574;0.6255419254302979;0.3392358422279358;-0.16883987188339233;0.5410879850387573;0.3391983211040497;-0.12855784595012665;0.6788710951805115;0.36956775188446045;-0.17074868083000183;0.493632048368454;0.38198772072792053;-0.07974415272474289;0.6037372350692749;0.5577268600463867;-0.021398456767201424;0.5607144832611084;0.5552714467048645;0.021352248266339302;0.5965081453323364;0.6972737908363342;0.02665627934038639;0.5578874349594116;0.7021411657333374;0.11735042184591293;0.5817030370235443;0.2580119907855988;-0.29250035136938096;0.7499516606330872;0.37830667942762375;-0.28616224974393845;0.42727623134851456;0.39722830802202225;-0.15713108703494072;0.5887929399808248;0.8494644165039062;0.18854498863220215;0.5665650566418966;0.8293069998423258;0.3196796973546346;;vertical;frontal
4.17;0.5764672756195068;0.2792000472545624;-0.27949848771095276;0.6258267760276794;0.3392691910266876;-0.1661331206560135;0.5412558317184448;0.3390612304210663;-0.12621742486953735;0.6789201498031616;0.36950549483299255;-0.16254231333732605;0.4940030872821808;0.38197988271713257;-0.07567748427391052;0.6038482189178467;0.5575658082962036;-0.019796287640929222;0.5609813332557678;0.5550382733345032;0.019759731367230415;0.5966545939445496;0.6972498297691345;0.0232473686337471;0.5575850605964661;0.7016114592552185;0.09306225925683975;0.582036417722702;0.2580473214387894;-0.2874969705939293;0.749398946762085;0.37765949219465256;-0.27749792486429214;0.42770784348249435;0.3973275423049927;-0.14662974327802658;0.5892323652903239;0.8494281768798828;0.17533843715985617;0.5662843783696493;0.8317054708798727;0.2648533334334691;;vertical;frontal
4.2;0.5768232345581055;0.27937260270118713;-0.2795215845108032;0.6260735988616943;0.33922383189201355;-0.16495542228221893;0.541377067565918;0.33892813324928284;-0.13037826120853424;0.6785746216773987;0.3695470690727234;-0.15419916808605194;0.49426865577697754;0.38199716806411743;-0.0839572325348854;0.6039549708366394;0.5570926666259766;-0.01594199240207672;0.5612160563468933;0.5540674328804016;0.015897735953330994;0.5967854261398315;0.6973070502281189;0.02550431713461876;0.5576854348182678;0.7015146613121033;0.0712045431137085;0.5822846233844757;0.25823926329612734;-0.2867805138230324;0.7489577233791351;0.3772616758942604;-0.26953693479299545;0.4280896410346031;0.3979625850915909;-0.15976594388484955;0.5899079243342081;0.849230428536733;0.18392674873272577;0.5655613541603088;0.8343554139137268;0.23178333044052124;;vertical;frontal
4.23;0.5769789814949036;0.2794082760810852;-0.27998748421669006;0.6263778209686279;0.33918917179107666;-0.15953992307186127;0.5414319038391113;0.3386518359184265;-0.13076530396938324;0.6785928010940552;0.3695850670337677;-0.14937999844551086;0.49447542428970337;0.38214316964149475;-0.0873505100607872;0.6040428876876831;0.5564283728599548;-0.014173698611557484;0.5613878965377808;0.5528647899627686;0.014139590784907341;0.5967878699302673;0.6972224116325378;0.03171860799193382;0.5576184988021851;0.6995053887367249;0.06358528882265091;0.5823923289775849;0.25831635296344757;-0.2868405893445015;0.7486452758312225;0.37735388427972794;-0.2675280347466469;0.4283212572336197;0.39867768436670303;-0.1706930212676525;0.5901950200398763;0.8491169412930807;0.18757649262746176;0.5641593138376871;0.8373395601908366;0.22113769749800363;;vertical;frontal
4.27;0.576991081237793;0.2796235978603363;-0.2854016423225403;0.626653790473938;0.33902889490127563;-0.1528400033712387;0.5414433479309082;0.33834418654441833;-0.1366124302148819;0.6787979006767273;0.36959657073020935;-0.137782022356987;0.49459245800971985;0.3822486996650696;-0.09456070512533188;0.6041027307510376;0.5559547543525696;-0.009321000427007675;0.5615075826644897;0.5521911382675171;0.009298335760831833;0.5967945456504822;0.6973034739494324;0.037389662116765976;0.5576235055923462;0.699400782585144;0.04244522750377655;0.582396286725998;0.2584870636463165;-0.29193065911531446;0.7485483139753342;0.3774753659963608;-0.25539199635386467;0.4284238666296005;0.3990721330046654;-0.18179943040013313;0.5902992089589437;0.8496838410695394;0.18718750029802322;0.5624546408653259;0.8426692883173624;0.19191365937391916;;vertical;frontal
4.3;0.5769482254981995;0.27964162826538086;-0.28449010848999023;0.6266549229621887;0.3389052748680115;-0.15065327286720276;0.5413153171539307;0.3379528224468231;-0.1377001851797104;0.67867112159729;0.36961546540260315;-0.138539120554924;0.49470096826553345;0.3825085759162903;-0.10565917193889618;0.6041256785392761;0.5552322268486023;-0.007726054172962904;0.5615270137786865;0.5512468218803406;0.00771560613065958;0.5967336893081665;0.6970863938331604;0.0398460254073143;0.5574177503585815;0.6974500417709351;0.034729212522506714;0.5823803722858429;0.2585164815187454;-0.2910591185092926;0.7478848844766617;0.377652145922184;-0.255170363932848;0.4285244792699814;0.3993697091937065;-0.20575552061200142;0.5901215076446533;0.8499456246693929;0.18190771092971167;0.560595174630483;0.8461868564287821;0.17318552484114966;;vertical;frontal
4.33;0.5769466757774353;0.27965250611305237;-0.2752435505390167;0.6266384720802307;0.3387351334095001;-0.13916710019111633;0.5412440299987793;0.3376118540763855;-0.13335451483726501;0.6784993410110474;0.369626522064209;-0.12759371101856232;0.49471306800842285;0.38254421949386597;-0.10703425854444504;0.604137122631073;0.5552698969841003;-0.004778739530593157;0.5616822242736816;0.551252543926239;0.004784316755831242;0.596576452255249;0.6970314383506775;0.053483232855796814;0.5569356083869934;0.6964108347892761;0.02111932449042797;0.5823680698871613;0.25849469602108;-0.2813507154583931;0.7475173771381378;0.37774287164211273;-0.24252096936106682;0.4284888803958893;0.3994572013616562;-0.214491568505764;0.5899168650309244;0.8500683705012003;0.18811878561973572;0.5586754679679871;0.8494535088539124;0.14358342438936234;;vertical;frontal
4.37;0.5766544938087463;0.27966204285621643;-0.2752455174922943;0.6266313195228577;0.3386988937854767;-0.13619323074817657;0.5410299897193909;0.3372654616832733;-0.13288088142871857;0.678385317325592;0.3696780502796173;-0.12362883985042572;0.4945402443408966;0.38219040632247925;-0.10365475714206696;0.6041642427444458;0.555835485458374;-0.003851830493658781;0.5617579817771912;0.5517730712890625;0.0038520661182701588;0.5964214205741882;0.6971381902694702;0.06724582612514496;0.556727945804596;0.6964989900588989;0.03016403689980507;0.5822257578372956;0.25848157703876495;-0.2812449783086777;0.7476415634155273;0.37780947238206863;-0.24160749837756157;0.4284230247139931;0.39955170452594757;-0.2026601918041706;0.5898326635360718;0.8500678936640421;0.21436127026875815;0.5578847726186117;0.8502665162086487;0.16575191666682562;;vertical;frontal
4.4;0.5765284895896912;0.2795880436897278;-0.2834385633468628;0.6266055107116699;0.33841049671173096;-0.1397041380405426;0.5406919121742249;0.3368705213069916;-0.13689248263835907;0.6782920360565186;0.3697570562362671;-0.1289490908384323;0.49412620067596436;0.38208964467048645;-0.10573060810565948;0.6041898131370544;0.5558794736862183;-0.004286699462682009;0.5618137717247009;0.5519134998321533;0.0042802998796105385;0.5960534811019897;0.697081983089447;0.07382457703351974;0.5564618110656738;0.6965681314468384;0.03955540433526039;0.58214470744133;0.25827415883541105;-0.2892475500702858;0.7475186884403229;0.3778744414448738;-0.2505356930196285;0.427726648747921;0.3999558836221695;-0.20253979414701462;0.5899332364400228;0.849844733874003;0.22587046523888907;0.5579952796300253;0.8503674268722534;0.1828311855594317;;vertical;frontal
4.43;0.5757882595062256;0.279300719499588;-0.2831604778766632;0.6265243887901306;0.3382609188556671;-0.14080139994621277;0.5401996970176697;0.3365571200847626;-0.13585495948791504;0.6782128214836121;0.3697752058506012;-0.13079509139060974;0.4935515820980072;0.38209861516952515;-0.10344089567661285;0.6042219996452332;0.5563609600067139;-0.005089215934276581;0.5616993308067322;0.5526548027992249;0.0050749462097883224;0.5956752300262451;0.6971396803855896;0.07084888964891434;0.5561165809631348;0.6971299052238464;0.045296937227249146;0.5815855264663696;0.25792638659477235;-0.2890098839998245;0.7473426908254623;0.3774823844432831;-0.2524961903691292;0.4269694462418556;0.4004923477768898;-0.19846901297569275;0.5899314483006796;0.8498449325561523;0.22234673301378885;0.5578974882761637;0.8506295879681905;0.1935321440299352;;vertical;frontal
4.47;0.574770450592041;0.27898871898651123;-0.28218626976013184;0.626496434211731;0.3381717801094055;-0.13970981538295746;0.5397409200668335;0.33634769916534424;-0.13505516946315765;0.6781946420669556;0.3698412775993347;-0.12949883937835693;0.49317580461502075;0.38212698698043823;-0.102265864610672;0.6040799617767334;0.5567842721939087;-0.005402107257395983;0.5612342953681946;0.5531800985336304;0.005378227215260267;0.5954952836036682;0.6977932453155518;0.06591004133224487;0.5558286309242249;0.6976706385612488;0.04842790216207504;0.5807138562202454;0.25755984485149386;-0.28812979757785795;0.7470678240060806;0.37722931802272797;-0.25153907388448715;0.42676669359207153;0.4010382518172264;-0.19683335348963737;0.5898813803990682;0.8498743573824564;0.21870074172814688;0.557820737361908;0.850574254989624;0.19848158458868662;;vertical;frontal
4.5;0.5741406679153442;0.27768245339393616;-0.2780977487564087;0.6262570023536682;0.3379516005516052;-0.13902243971824646;0.5393178462982178;0.3361673653125763;-0.13407054543495178;0.6777001023292542;0.3698548972606659;-0.12773677706718445;0.49280354380607605;0.3821417987346649;-0.10031772404909134;0.6036058068275452;0.556860625743866;-0.005153533071279526;0.5606280565261841;0.5532160401344299;0.005121386144310236;0.5952756404876709;0.6987248659133911;0.06475460529327393;0.5555621385574341;0.6979711651802063;0.04921841248869896;0.57993785738945;0.2565717577934265;-0.2842691525816917;0.7452898919582367;0.3769143223762512;-0.24746307358145714;0.42650020122528076;0.4011010229587555;-0.193994402885437;0.589863916238149;0.8498667478561401;0.21830119689305624;0.5576310157775879;0.8504449129104614;0.20085824032624564;;vertical;frontal
4.53;0.5735229849815369;0.27665236592292786;-0.27784502506256104;0.625849723815918;0.3375836908817291;-0.1398518830537796;0.5390110611915588;0.3357997238636017;-0.13605621457099915;0.677076518535614;0.36974573135375977;-0.12738081812858582;0.4922686517238617;0.3821599781513214;-0.103827565908432;0.6029978394508362;0.5568596720695496;-0.004745486192405224;0.5599852800369263;0.5530425906181335;0.004707617685198784;0.595069408416748;0.6991377472877502;0.06993881613016129;0.5553076267242432;0.6981050968170166;0.04948369041085243;0.5792521238327026;0.25578695833683013;-0.2843687504529953;0.743132084608078;0.37627268582582474;-0.24437081068754196;0.4259583428502083;0.4012291952967644;-0.19704806059598923;0.5899351835250854;0.8497708241144816;0.22620564699172974;0.5574544866879781;0.8503814935684204;0.20169608294963837;;vertical;frontal
4.57;0.5726853013038635;0.2762719988822937;-0.27783912420272827;0.6252894997596741;0.3374795913696289;-0.1402996927499771;0.538585901260376;0.3352822959423065;-0.13591927289962769;0.6768705248832703;0.3696204423904419;-0.1291647106409073;0.49173444509506226;0.38234370946884155;-0.10338301211595535;0.6025028824806213;0.5568472146987915;-0.004731537774205208;0.5591631531715393;0.5529193878173828;0.004687217529863119;0.5949317812919617;0.6996126174926758;0.07102631777524948;0.555040717124939;0.698336660861969;0.05720751732587814;0.5785110175609589;0.25539053678512574;-0.28439671397209165;0.742870956659317;0.37605733424425125;-0.24754973128437996;0.42540671676397324;0.40160296857357025;-0.19609703868627548;0.5898724794387817;0.8497066497802734;0.2276433308919271;0.5570345123608907;0.8502274950345358;0.214226966102918;;vertical;frontal
4.6;0.572062075138092;0.2762409448623657;-0.28730785846710205;0.6246026754379272;0.33737117052078247;-0.14928476512432098;0.5382246971130371;0.3346956670284271;-0.14162230491638184;0.6766743063926697;0.3695177435874939;-0.13741253316402435;0.4910394251346588;0.38258641958236694;-0.10825343430042267;0.6019947528839111;0.5567705035209656;-0.00503862090408802;0.5583764910697937;0.5527346134185791;0.0049940356984734535;0.5946584939956665;0.6999135613441467;0.07145131379365921;0.5546801686286926;0.6991192698478699;0.0662192851305008;0.577908581495285;0.2552719622850418;-0.29474775195121766;0.7429354190826416;0.3760002329945564;-0.25692835822701454;0.4247294142842293;0.402603879570961;-0.2015937902033329;0.5898414254188538;0.8493452866872152;0.2392778992652893;0.5571456948916117;0.8501603205998739;0.2329784482717514;;vertical;frontal
4.63;0.57081139087677;0.27594658732414246;-0.2893124222755432;0.6241286396980286;0.3372161090373993;-0.15515148639678955;0.537846028804779;0.33409175276756287;-0.14404425024986267;0.6766193509101868;0.36929851770401;-0.14438806474208832;0.49023985862731934;0.3830530345439911;-0.11350823193788528;0.6015114188194275;0.5566133260726929;-0.005248812958598137;0.557746410369873;0.5523422956466675;0.005206828936934471;0.5941409468650818;0.6998862028121948;0.0742705836892128;0.5541105270385742;0.6997683048248291;0.06730473041534424;0.5769724667072296;0.25491530299186704;-0.2975443825125694;0.7432889342308044;0.37548933178186417;-0.2603357918560505;0.4242194965481758;0.40339235961437225;-0.21085267513990402;0.5898614525794983;0.8487561941146851;0.24045992890993753;0.5572318037350973;0.850079079469045;0.22909503678480783;;vertical;frontal
4.67;0.5703639984130859;0.275863915681839;-0.29157590866088867;0.623620867729187;0.33698588609695435;-0.15589465200901031;0.5375393629074097;0.33371907472610474;-0.14371898770332336;0.6764644384384155;0.36905235052108765;-0.14486326277256012;0.4895126521587372;0.38314786553382874;-0.11213351786136627;0.6010990738868713;0.556605875492096;-0.005509749986231327;0.5572413206100464;0.5523372292518616;0.005454348400235176;0.5936135053634644;0.6998608112335205;0.07757290452718735;0.5538145303726196;0.7005872130393982;0.06879831105470657;0.5766993224620819;0.25469979643821716;-0.299524712562561;0.7438254356384277;0.3742931857705116;-0.2604903504252434;0.42341893911361694;0.4037298113107681;-0.20815083757042885;0.5898665984471639;0.8485888044039408;0.24332389732201895;0.557276169459025;0.8502105673154196;0.22761490941047668;;vertical;frontal
4.7;0.5700505375862122;0.2753923237323761;-0.2937355637550354;0.6229719519615173;0.33665770292282104;-0.15685591101646423;0.5371680855751038;0.3332797884941101;-0.14480815827846527;0.6763388514518738;0.3688356578350067;-0.14466314017772675;0.4891168177127838;0.3833676278591156;-0.1105228066444397;0.6005727052688599;0.5563612580299377;-0.005620446987450123;0.5567477345466614;0.5519130825996399;0.00556939234957099;0.5932614803314209;0.6997926235198975;0.07520119845867157;0.5535684823989868;0.7009279131889343;0.06782471388578415;0.5764538526535035;0.25418577492237093;-0.3015460804104805;0.7444669902324677;0.3740657642483711;-0.2604241706430912;0.4229680895805359;0.4040853977203369;-0.2061643749475479;0.5898910760879517;0.848550041516622;0.24157444139321646;0.5573254028956095;0.8502213358879089;0.2280164659023285;;vertical;frontal
4.73;0.5697135329246521;0.27528610825538635;-0.3022869825363159;0.6228154897689819;0.33652591705322266;-0.16321389377117157;0.5368682146072388;0.33297833800315857;-0.15119919180870056;0.6761807799339294;0.36883315443992615;-0.15100392699241638;0.4888371527194977;0.38370993733406067;-0.11386042833328247;0.6002233028411865;0.5563189387321472;-0.005727970506995916;0.5561829209327698;0.5517503023147583;0.005675113294273615;0.5928560495376587;0.699771523475647;0.07769480347633362;0.5534114837646484;0.701433539390564;0.07417311519384384;0.5762728393077851;0.2537411168217659;-0.31047901064157485;0.744720846414566;0.3748472034931183;-0.2702404856681824;0.42234423011541367;0.40590011328458786;-0.2044357843697071;0.5899001757303873;0.8486070235570272;0.25120678047339123;0.5573829213778178;0.8495434522628784;0.24401980141798654;;vertical;frontal
4.77;0.5692731142044067;0.27440670132637024;-0.2989397644996643;0.6221312284469604;0.3362552523612976;-0.16122940182685852;0.5365591049194336;0.3325923979282379;-0.14872704446315765;0.6748464107513428;0.36883410811424255;-0.1494351476430893;0.4885954260826111;0.3849497437477112;-0.11629267781972885;0.5998259782791138;0.5557534694671631;-0.005801203195005655;0.5557671785354614;0.5507124662399292;0.005750146694481373;0.5922090411186218;0.6996629238128662;0.07586141675710678;0.5533825755119324;0.7016667723655701;0.0721532553434372;0.5759592115879059;0.25264889299869536;-0.3068429544568062;0.7431982904672623;0.37599118053913116;-0.2691635638475418;0.42180541902780533;0.4088740199804306;-0.21263262256979942;0.5898875991503397;0.8486229777336121;0.24392891923586527;0.5573849280675253;0.8492981990178426;0.2369017998377482;;vertical;frontal
