segundo;landmark_10_x;landmark_10_y;landmark_10_z;landmark_11_x;landmark_11_y;landmark_11_z;landmark_12_x;landmark_12_y;landmark_12_z;landmark_13_x;landmark_13_y;landmark_13_z;landmark_14_x;landmark_14_y;landmark_14_z;landmark_23_x;landmark_23_y;landmark_23_z;landmark_24_x;landmark_24_y;landmark_24_z;landmark_25_x;landmark_25_y;landmark_25_z;landmark_26_x;landmark_26_y;landmark_26_z;cara_prom_x;cara_prom_y;cara_prom_z;mano_izquierda_prom_x;mano_izquierda_prom_y;mano_izquierda_prom_z;mano_derecha_prom_x;mano_derecha_prom_y;mano_derecha_prom_z;pie_izquierdo_prom_x;pie_izquierdo_prom_y;pie_izquierdo_prom_z;pie_derecho_prom_x;pie_derecho_prom_y;pie_derecho_prom_z;;Etiqueta
0.03;0.48238199949264526;0.1968194991350174;-0.16350410878658295;0.5119805932044983;0.2447168081998825;-0.0576501190662384;0.46230027079582214;0.24422124028205872;-0.06746438145637512;0.5141926407814026;0.3209131360054016;-0.020773928612470627;0.4563177525997162;0.3218691647052765;-0.04310493916273117;0.49936947226524353;0.3800937831401825;-0.0006558996974490583;0.4701102375984192;0.38012757897377014;0.0006405905587598681;0.50029057264328;0.4867519736289978;-0.015323325991630554;0.4688072204589844;0.4874688982963562;-0.006475425325334072;0.48623996376991274;0.1817062482237816;-0.16456493362784386;0.5138244926929474;0.4051908776164055;-0.08427995815873146;0.45610708743333817;0.4101429358124733;-0.11301079951226711;0.4955604076385498;0.6039746999740601;0.04227717391525706;0.46866270899772644;0.6015481948852539;0.05548117868602276;;acercandose
0.07;0.4823637902736664;0.19669808447360992;-0.15397663414478302;0.51194828748703;0.24475429952144623;-0.056438833475112915;0.46219775080680847;0.2437894195318222;-0.054808493703603745;0.5141890645027161;0.3218350112438202;-0.022424116730690002;0.45587342977523804;0.32096391916275024;-0.030208369717001915;0.49938318133354187;0.38010773062705994;-0.002628019778057933;0.47010549902915955;0.3801704943180084;0.0026175754610449076;0.49949634075164795;0.49044033885002136;-0.01533516962081194;0.46886131167411804;0.49151837825775146;-0.0017656248528510332;0.4863282024860382;0.18178809583187103;-0.15532832220196724;0.5139133483171463;0.40513453632593155;-0.09183960035443306;0.4559532552957535;0.4091087430715561;-0.10296100750565529;0.4958174427350362;0.6060957908630371;0.03222673386335373;0.46901175379753113;0.603579560915629;0.05564237882693609;;acercandose
0.1;0.48235151171684265;0.19657713174819946;-0.151216521859169;0.5119115710258484;0.24475601315498352;-0.05552870035171509;0.46210941672325134;0.2435488998889923;-0.052158016711473465;0.5141828656196594;0.32210639119148254;-0.023217754438519478;0.4555526375770569;0.3205811381340027;-0.027583839371800423;0.49941134452819824;0.3801785111427307;-0.0036229428369551897;0.47010576725006104;0.3802765905857086;0.0036148831713944674;0.49907028675079346;0.49183371663093567;-0.015381175093352795;0.4689256250858307;0.49313098192214966;1,15E+08;0.48639398217201235;0.18184223771095276;-0.1525311551988125;0.51412333548069;0.4048900455236435;-0.09405177645385265;0.4558809772133827;0.40868037939071655;-0.1001803707331419;0.4959668517112732;0.6070213317871094;0.030680203189452488;0.4692145089308421;0.6044989228248596;0.0562746354068319;;acercandose
0.13;0.4823557436466217;0.1965761035680771;-0.1486009955406189;0.5119255781173706;0.24479098618030548;-0.05400176718831062;0.4621087312698364;0.24337415397167206;-0.05012534558773041;0.5141913294792175;0.3226451277732849;-0.023090308532118797;0.45545434951782227;0.32028454542160034;-0.025720324367284775;0.4994850754737854;0.3806663751602173;-0.004250059369951487;0.47012075781822205;0.38073471188545227;0.0042440928518772125;0.49887341260910034;0.4927133023738861;-0.015428286977112293;0.46894580125808716;0.49416834115982056;0.0007717842236161232;0.48651022613048556;0.18199144750833512;-0.1499973826110363;0.5144181549549103;0.40480978786945343;-0.09337711147964001;0.45584482699632645;0.4085072875022888;-0.09847276099026203;0.4960511326789856;0.607484499613444;0.031692160914341606;0.46931231021881104;0.6050593455632528;0.057566430109242596;;acercandose
0.17;0.48239147663116455;0.19661636650562286;-0.1526368111371994;0.5119402408599854;0.24502600729465485;-0.05868155136704445;0.46210917830467224;0.2432623952627182;-0.0511472187936306;0.5142050981521606;0.3242902159690857;-0.02763291262090206;0.4554240107536316;0.3202403783798218;-0.02767367847263813;0.49954670667648315;0.3807309567928314;-0.0041708191856741905;0.47018152475357056;0.38091060519218445;0.004161562770605087;0.4987432062625885;0.4932522475719452;-0.014875554479658604;0.4689682722091675;0.49471768736839294;0.0007609216263517737;0.48666476011276244;0.18226318210363388;-0.15448029562830926;0.5146737098693848;0.4049312621355057;-0.09788594208657742;0.4558301642537117;0.40852659195661545;-0.10036836005747318;0.49615098039309186;0.6078175703684489;0.03298669494688511;0.46937315662701923;0.6054156223932902;0.05749604540566603;;acercandose
0.2;0.482427716255188;0.19667509198188782;-0.14731846749782562;0.5119572281837463;0.24519114196300507;-0.05427488684654236;0.46212226152420044;0.24314485490322113;-0.04799431562423706;0.5142953395843506;0.3246622383594513;-0.027116375043988228;0.45540300011634827;0.3201885223388672;-0.02525232918560505;0.4996338486671448;0.3809739649295807;-0.004599971231073141;0.47022920846939087;0.3812721371650696;0.004593726247549057;0.49873900413513184;0.4934803247451782;-0.014514744281768799;0.4689691662788391;0.49515512585639954;0.0017363724764436483;0.4868093729019165;0.18254964798688889;-0.14871562123298646;0.5149452239274979;0.40492718666791916;-0.097019512206316;0.45579708367586136;0.40847331285476685;-0.09968255273997784;0.49620073040326435;0.6083605488141378;0.03355765466888746;0.46921710173288983;0.6060922940572103;0.05813958620031675;;acercandose
0.23;0.4824398458003998;0.19675442576408386;-0.14654716849327087;0.5119817852973938;0.24547351896762848;-0.05351187661290169;0.4621632993221283;0.24309398233890533;-0.04713776335120201;0.5143654942512512;0.32572996616363525;-0.026409883052110672;0.45540961623191833;0.3200955092906952;-0.024321645498275757;0.49971598386764526;0.3812349736690521;-0.005098303314298391;0.470308780670166;0.3817746341228485;0.005093175917863846;0.4986732304096222;0.49370861053466797;-0.013221772387623787;0.4689733684062958;0.49558258056640625;0.004061818588525057;0.4868995934724808;0.18278026282787324;-0.14778795540332795;0.5152121335268021;0.40508320927619934;-0.09774059802293777;0.455791674554348;0.4082919582724571;-0.09941980801522732;0.4963175058364868;0.608595093091329;0.03468752714494864;0.4691167672475179;0.6063206195831299;0.062344079837203026;;acercandose
0.27;0.4824419915676117;0.19690026342868805;-0.1476411521434784;0.5120469331741333;0.24592380225658417;-0.05374680086970329;0.4621870219707489;0.24307943880558014;-0.04769212380051613;0.5144586563110352;0.3262978494167328;-0.0268467515707016;0.45540404319763184;0.32009798288345337;-0.024527093395590782;0.49984148144721985;0.3818848431110382;-0.0056205750443041325;0.470393568277359;0.3825379014015198;0.005615956149995327;0.49867716431617737;0.49390023946762085;-0.011483871378004551;0.4689764678478241;0.49607113003730774;0.005549261812120676;0.4869840770959854;0.1830103486776352;-0.1489394836127758;0.5153405666351318;0.40531590580940247;-0.09947455860674381;0.4558403939008713;0.40819544345140457;-0.09981505572795868;0.4964694082736969;0.6087686618169149;0.036797186670204006;0.4689566493034363;0.60671333471934;0.06366509975244601;;acercandose
0.3;0.48246243596076965;0.19695666432380676;-0.14893679320812225;0.5121302604675293;0.2461674064397812;-0.05412532389163971;0.46223965287208557;0.24306602776050568;-0.049226731061935425;0.5146235227584839;0.32679006457328796;-0.026742326095700264;0.45541566610336304;0.32009050250053406;-0.025722214952111244;0.4999396800994873;0.3823147416114807;-0.005811396986246109;0.4704599976539612;0.3830336332321167;0.005805375054478645;0.498686820268631;0.49395817518234253;-0.010861163958907127;0.4689745306968689;0.49644380807876587;0.005851821508258581;0.48705760538578036;0.18308508396148682;-0.15022036656737328;0.5154826939105988;0.40561625361442566;-0.0988145973533392;0.4559442102909088;0.4079558327794075;-0.10060116648674011;0.49659120043118793;0.6088099678357443;0.0378991924226284;0.46884577473004657;0.6070582469304403;0.06373297174771626;;acercandose
0.33;0.48254308104515076;0.19703911244869232;-0.15202072262763977;0.5122509598731995;0.24648822844028473;-0.05716141313314438;0.4622785747051239;0.243100106716156;-0.05054936185479164;0.5147802233695984;0.32731354236602783;-0.02794007956981659;0.45547834038734436;0.3201935589313507;-0.025845620781183243;0.5001220107078552;0.382588654756546;-0.005958280526101589;0.4705713093280792;0.3834359347820282;0.005949435755610466;0.49869421124458313;0.49390676617622375;-0.008834410458803177;0.4689735174179077;0.4964917302131653;0.006184534169733524;0.4871698796749115;0.1831821084022522;-0.1533666230738163;0.5156332850456238;0.40595555305480957;-0.0992311742156744;0.45607975870370865;0.4078071564435959;-0.10147164948284626;0.49669666091601056;0.6087965567906698;0.03911519392083088;0.468705415725708;0.6073526740074158;0.06305333382139604;;acercandose
0.37;0.482638418674469;0.19707421958446503;-0.15802419185638428;0.512390673160553;0.24668702483177185;-0.061969317495822906;0.46231281757354736;0.24313189089298248;-0.0572199784219265;0.5150264501571655;0.3278738856315613;-0.030135352164506912;0.4555341303348541;0.32053476572036743;-0.03179650008678436;0.5003703236579895;0.38323166966438293;-0.00595046067610383;0.4706878662109375;0.3839891254901886;0.005938581191003323;0.4986998736858368;0.49419859051704407;-0.0076490649953484535;0.46896055340766907;0.4965676963329315;0.0066230930387973785;0.4872844934463501;0.18320413827896118;-0.15931541249155998;0.5157887190580368;0.4066488444805145;-0.09911220520734787;0.4563850834965706;0.4078746438026428;-0.1057780385017395;0.49673742055892944;0.6087698141733805;0.042678454890847206;0.4686349034309387;0.6073823769887289;0.06349046186854441;;acercandose
0.4;0.4828331470489502;0.19707606732845306;-0.15761421620845795;0.512499213218689;0.24696961045265198;-0.06148964539170265;0.4623761773109436;0.24325278401374817;-0.057781387120485306;0.5152035355567932;0.3280591666698456;-0.029472315683960915;0.4557260572910309;0.32096120715141296;-0.03279579430818558;0.5005404353141785;0.3839808702468872;-0.005944996140897274;0.4707967936992645;0.3844926655292511;0.005931281950324774;0.4987030029296875;0.4946766197681427;-0.007311561144888401;0.46895790100097656;0.4968043267726898;0.006746238563209772;0.4874240130186081;0.18321453332901;-0.15879650488495828;0.5159411430358887;0.4071979448199272;-0.09857126697897911;0.45663365721702576;0.40803514420986176;-0.10637000761926174;0.4968027671178182;0.6087753971417745;0.04545146506279707;0.46863774458567303;0.6073687473932902;0.06510013528168201;;acercandose
0.43;0.48299992084503174;0.19712723791599274;-0.15924020111560822;0.5125647783279419;0.24710583686828613;-0.06264780461788177;0.46247968077659607;0.24328012764453888;-0.05962764099240303;0.5153719782829285;0.32810458540916443;-0.02969323843717575;0.45594555139541626;0.3211212754249573;-0.034395165741443634;0.5006716847419739;0.3842065632343292;-0.005902544129639864;0.47093772888183594;0.3845629394054413;0.005887925159186125;0.4987073838710785;0.49467799067497253;-0.007582246791571379;0.46896710991859436;0.49673688411712646;0.006443799007683992;0.4875278979539871;0.18326571434736252;-0.16050255447626113;0.5161115378141403;0.40749622881412506;-0.09822874888777733;0.4568643122911453;0.4081619307398796;-0.10737713985145092;0.4968346953392029;0.6087584694226583;0.0445877481251955;0.46864331761995953;0.6073388457298279;0.06455894062916438;;acercandose
0.47;0.48316940665245056;0.19713208079338074;-0.15881823003292084;0.5126289129257202;0.24717500805854797;-0.0621364489197731;0.4626161754131317;0.24328041076660156;-0.059310004115104675;0.5154790282249451;0.32805880904197693;-0.029365476220846176;0.4561111032962799;0.3211103677749634;-0.03418190777301788;0.5007211565971375;0.38423699140548706;-0.005874513648450375;0.4709836542606354;0.3845389485359192;0.005859539844095707;0.4987041652202606;0.4946781098842621;-0.0077906702645123005;0.4689691662788391;0.4966781437397003;0.006262278649955988;0.4876227766275406;0.18328399062156678;-0.16010842174291612;0.5162338763475418;0.4075624495744705;-0.09778483025729656;0.4570692777633667;0.4081799387931824;-0.1071839053183794;0.49687276283899945;0.6087078253428141;0.04406988651802143;0.4686259826024373;0.6073309183120728;0.06394409636656444;;acercandose
0.5;0.48342588543891907;0.19711357355117798;-0.15708774328231812;0.5127443075180054;0.247173011302948;-0.061505191028118134;0.4627031683921814;0.24335983395576477;-0.05817939713597298;0.5156888961791992;0.32801467180252075;-0.029065793380141258;0.45637258887290955;0.32113945484161377;-0.033319421112537384;0.5008767247200012;0.38427942991256714;-0.005856876727193594;0.4711028039455414;0.38456231355667114;0.005841753911226988;0.49870678782463074;0.4948553740978241;-0.00790267065167427;0.4689723551273346;0.49664178490638733;0.00607776315882802;0.48780056834220886;0.1832474112510681;-0.15815976411104202;0.5165104866027832;0.4075957164168358;-0.09718165174126625;0.4571703225374222;0.4082721546292305;-0.1059972308576107;0.49689847230911255;0.6086971958478292;0.04360845824703574;0.46859678626060486;0.6073267658551534;0.0638683798412482;;acercandose
0.53;0.4835781157016754;0.19711421430110931;-0.15798181295394897;0.5129582285881042;0.24717041850090027;-0.06167390197515488;0.4628100097179413;0.24348820745944977;-0.05892017111182213;0.5158863067626953;0.32798290252685547;-0.02889726683497429;0.45657292008399963;0.32142871618270874;-0.033827461302280426;0.5011013746261597;0.3843092620372772;-0.005842935293912888;0.47126439213752747;0.38457581400871277;0.005826178938150406;0.4987010359764099;0.49495479464530945;-0.008008533157408237;0.46901074051856995;0.49660757184028625;0.005996758583933115;0.48792406022548673;0.18323038518428802;-0.1591984398663044;0.516701802611351;0.40771259367465973;-0.09669239446520805;0.4572681337594986;0.40849657356739044;-0.10614906251430511;0.4969151020050049;0.6086826125780741;0.04356242266173164;0.468549907207489;0.6073609193166097;0.06355765958627065;;acercandose
0.57;0.48384955525398254;0.19711272418498993;-0.15783266723155975;0.5130982398986816;0.2471696436405182;-0.06162954866886139;0.4629358649253845;0.24355913698673248;-0.05876249074935913;0.5161470770835876;0.32797327637672424;-0.027986949309706688;0.45664316415786743;0.3214998245239258;-0.0338452085852623;0.5012876987457275;0.38444578647613525;-0.005763900000602007;0.4713932275772095;0.3846793472766876;0.005745495203882456;0.4987007975578308;0.4953724443912506;-0.007639517541974783;0.4690397083759308;0.49672427773475647;0.0058320751413702965;0.48811441361904145;0.18320526778697968;-0.15905618891119958;0.5169055163860321;0.40782834589481354;-0.09512301720678806;0.45729490369558334;0.4085981920361519;-0.10622026585042477;0.49692413210868835;0.6087154348691305;0.04463295126333833;0.4683823188145955;0.6076639493306478;0.06335787226756413;;acercandose
0.6;0.48399433493614197;0.1971137374639511;-0.15852005779743195;0.5132049918174744;0.2471631020307541;-0.06142556294798851;0.4630069136619568;0.24374403059482574;-0.05897071212530136;0.5163155794143677;0.3279511332511902;-0.02771025523543358;0.4567848742008209;0.3216000199317932;-0.033926017582416534;0.5013900399208069;0.3844461143016815;-0.005731120239943266;0.471520334482193;0.38470014929771423;0.005710928700864315;0.4986954927444458;0.49539947509765625;-0.00772870983928442;0.46905407309532166;0.49691855907440186;0.005503689870238304;0.48824175298213957;0.1832021802663803;-0.1597398079931736;0.5172389298677444;0.40789414942264557;-0.09496252238750458;0.45733244717121124;0.4087190702557564;-0.10636011883616447;0.4969326953093211;0.6086586713790894;0.04489299654960632;0.46828945477803546;0.6081544359525045;0.06289612874388695;;acercandose
0.63;0.4842928349971771;0.19711469113826752;-0.15892425179481506;0.513304591178894;0.24715834856033325;-0.061296477913856506;0.46306735277175903;0.24387413263320923;-0.0594954676926136;0.5165224671363831;0.327814519405365;-0.02767830714583397;0.45688068866729736;0.3218952417373657;-0.034561995416879654;0.5014928579330444;0.3844980001449585;-0.005640656221657991;0.4716395139694214;0.38480016589164734;0.005617978051304817;0.4986957311630249;0.4954060912132263;-0.007777299731969833;0.4690605103969574;0.4970124661922455;0.005112664774060249;0.48846152126789094;0.1832021504640579;-0.1600814275443554;0.5176069736480713;0.40791091322898865;-0.09496856667101383;0.45740432292222977;0.40908585488796234;-0.10679660364985466;0.49698670705159503;0.6086349884668986;0.04474654980003834;0.468222975730896;0.608624279499054;0.06101575866341591;;acercandose
0.67;0.4844823479652405;0.19711542129516602;-0.15957395732402802;0.5133952498435974;0.24715431034564972;-0.06143471971154213;0.46316394209861755;0.24393077194690704;-0.06042337790131569;0.5166208744049072;0.3277986943721771;-0.02770785056054592;0.45696917176246643;0.3219883143901825;-0.03541139140725136;0.501568078994751;0.38453438878059387;-0.00546553498134017;0.47172629833221436;0.384827196598053;0.005439227446913719;0.49869656562805176;0.4954010844230652;-0.007809169590473175;0.469085693359375;0.4970027804374695;0.004291408695280552;0.48861283659934995;0.18319221287965776;-0.16072819903492927;0.5178608745336533;0.40790993720293045;-0.09521118551492691;0.45746611803770065;0.4091375470161438;-0.106997175142169;0.49701789021492004;0.6086082061131796;0.0432779910042882;0.46821262439092;0.6087156931559244;0.05839534957582752;;acercandose
0.7;0.4846193492412567;0.19720478355884552;-0.15992075204849243;0.5134996175765991;0.24715323746204376;-0.061475690454244614;0.46323779225349426;0.24399732053279877;-0.06040564924478531;0.5166610479354858;0.3277749717235565;-0.02775789238512516;0.45701733231544495;0.32210013270378113;-0.03535237908363342;0.5016103982925415;0.38466042280197144;-0.005460698157548904;0.4717937409877777;0.3850225806236267;0.005434941966086626;0.4986969232559204;0.4956204295158386;-0.007784045301377773;0.4690874218940735;0.4971781373023987;0.004288580734282732;0.4887412041425705;0.18324175328016282;-0.161171492934227;0.5180159509181976;0.40790265798568726;-0.09606269560754299;0.45754703879356384;0.4092082679271698;-0.10710176639258862;0.4970114827156067;0.6086101134618124;0.044090439875920616;0.46816037098566693;0.608896791934967;0.05888290765384833;;acercandose
0.73;0.484748899936676;0.1972319781780243;-0.160633847117424;0.5136017203330994;0.2471598982810974;-0.06162714213132858;0.4633050560951233;0.24408374726772308;-0.060892995446920395;0.5167163014411926;0.32781270146369934;-0.02780960127711296;0.45715972781181335;0.3222547471523285;-0.03579122573137283;0.5016381740570068;0.3846936821937561;-0.00527526531368494;0.47184908390045166;0.3850838541984558;0.005246901884675026;0.4986945390701294;0.49567699432373047;-0.007397279608994722;0.4690942168235779;0.49731314182281494;0.003948505502194166;0.4888631463050842;0.18324991017580033;-0.16190235018730165;0.5181409865617752;0.4079100713133812;-0.09646368026733398;0.45758024603128433;0.4093133881688118;-0.10773487761616707;0.4969213803609212;0.6085564096768697;0.04737251407156388;0.46807997425397235;0.6090665856997172;0.05946226635326942;;acercandose
0.77;0.48489341139793396;0.1972576528787613;-0.1604446917772293;0.5137181878089905;0.24716567993164062;-0.06157516688108444;0.4633914530277252;0.24419766664505005;-0.0607650987803936;0.5167829990386963;0.32783570885658264;-0.027758728712797165;0.4572165906429291;0.322461873292923;-0.035749178379774094;0.5016568899154663;0.38479331135749817;-0.005187327042222023;0.4718968868255615;0.3851698338985443;0.005158261861652136;0.4986993968486786;0.49572956562042236;-0.007391078397631645;0.4691007435321808;0.4973686635494232;0.0036882837302982807;0.4890159457921982;0.18326341807842256;-0.1617111496627331;0.5182329267263412;0.4079044833779335;-0.09644292294979095;0.4576686844229698;0.4095393419265747;-0.10774349980056286;0.4968696137269338;0.6084903478622437;0.04745508714889487;0.4680258532365163;0.6092196305592855;0.059515126359959446;;acercandose
0.8;0.48496943712234497;0.19726990163326263;-0.16142648458480835;0.5138314962387085;0.24723564088344574;-0.06240371987223625;0.4634898900985718;0.24434924125671387;-0.06209392845630646;0.516822874546051;0.3280085325241089;-0.027978239580988884;0.45730942487716675;0.32262521982192993;-0.03679319843649864;0.5016738176345825;0.3847957253456116;-0.004935460165143013;0.47191670536994934;0.3851736783981323;0.0049012815579771996;0.49873074889183044;0.49575623869895935;-0.007419077213853598;0.4691574275493622;0.497365802526474;0.002611609175801277;0.48910977840423586;0.1832761287689209;-0.16277950406074523;0.518401101231575;0.40797853469848633;-0.0963363666087389;0.4577252268791199;0.40977921336889267;-0.10781488195061684;0.4968460599581401;0.6085384686787924;0.04694478951084117;0.46796517570813495;0.6094517906506857;0.05782710202038288;;acercandose
0.83;0.4850121736526489;0.19728907942771912;-0.1602744311094284;0.5139133334159851;0.2472742348909378;-0.06168176233768463;0.4635518193244934;0.24453680217266083;-0.06155512481927872;0.5169273614883423;0.3280288875102997;-0.02700904570519924;0.4573693871498108;0.3228945732116699;-0.03635527566075325;0.5016982555389404;0.38492918014526367;-0.004847260192036629;0.4719361662864685;0.3852820098400116;0.004812761675566435;0.498730331659317;0.4959203004837036;-0.007500608451664448;0.46916523575782776;0.4974600374698639;0.002238464541733265;0.4891637623310089;0.18329224437475206;-0.16153724268078803;0.5185174196958542;0.40801747888326645;-0.0945540051907301;0.4578113928437233;0.4099214971065521;-0.10709742270410061;0.4967556099096934;0.6086063385009766;0.04661308228969574;0.4678685665130615;0.6096893151601156;0.05811233461524049;;acercandose
0.87;0.48505333065986633;0.1972918063402176;-0.16021358966827393;0.5139632225036621;0.24732251465320587;-0.06164925917983055;0.46357837319374084;0.2448800504207611;-0.06142788380384445;0.5170311331748962;0.3280516266822815;-0.027015445753932;0.4574163854122162;0.32320985198020935;-0.03626695275306702;0.5017263889312744;0.3850441575050354;-0.004704241640865803;0.47197458148002625;0.3853701949119568;0.004669586196541786;0.49873194098472595;0.49611538648605347;-0.007479205261915922;0.46922439336776733;0.4974658787250519;0.002067500725388527;0.48920326232910155;0.18329346179962158;-0.16147224977612495;0.5186127722263336;0.4081181511282921;-0.0945240929722786;0.4578796699643135;0.4100847691297531;-0.10704771615564823;0.49670461813608807;0.6087092359860738;0.04666339047253132;0.46783573428789776;0.6097496549288431;0.05820317737137278;;acercandose
0.9;0.4850872755050659;0.19729550182819366;-0.1606777459383011;0.5140048861503601;0.24733760952949524;-0.06199689209461212;0.4635981023311615;0.24508072435855865;-0.06190665438771248;0.5171204209327698;0.32804858684539795;-0.02710452303290367;0.45748430490493774;0.323327898979187;-0.036464981734752655;0.5017789006233215;0.38505300879478455;-0.004592967219650745;0.47201821208000183;0.38539090752601624;0.004556997213512659;0.4987391233444214;0.4961380064487457;-0.007433947175741196;0.4692615568637848;0.4974067807197571;0.0018793928902596235;0.48924461007118225;0.183299158513546;-0.16196201965212823;0.5186799019575119;0.408171609044075;-0.09445241466164589;0.45793715864419937;0.41016943007707596;-0.10701679810881615;0.49666906396547955;0.6088088750839233;0.046269175906976066;0.4677523175875346;0.6099620660146078;0.05782724435751637;;acercandose
0.93;0.4851275682449341;0.19730308651924133;-0.16098721325397491;0.5140183568000793;0.24736979603767395;-0.062368299812078476;0.4636479914188385;0.24515649676322937;-0.06209244206547737;0.5172191858291626;0.32806462049484253;-0.027194106951355934;0.45757657289505005;0.3233429789543152;-0.03646627068519592;0.5018606781959534;0.38511085510253906;-0.00447210343554616;0.47208720445632935;0.3854704201221466;0.00443508243188262;0.49873965978622437;0.49635982513427734;-0.00695717241615057;0.46932846307754517;0.4974157214164734;0.0018614578293636441;0.489295968413353;0.1833047464489937;-0.16229255124926567;0.5187122821807861;0.40829674154520035;-0.09434372000396252;0.457966610789299;0.4102652966976166;-0.1069787535816431;0.49666959047317505;0.6090238094329834;0.0462241368368268;0.4676997164885203;0.6100889444351196;0.05798440705984831;;acercandose
0.97;0.48514580726623535;0.197318896651268;-0.1611434519290924;0.5140494704246521;0.24738441407680511;-0.06251722574234009;0.46368274092674255;0.24517497420310974;-0.062080446630716324;0.5173938274383545;0.32807719707489014;-0.027211328968405724;0.45763322710990906;0.3233450651168823;-0.0364353246986866;0.5019073486328125;0.3851911425590515;-0.004359712824225426;0.4721394181251526;0.3855694532394409;0.004322139546275139;0.4987400770187378;0.4966548979282379;-0.006826131604611874;0.4693748950958252;0.49748221039772034;0.0016709128394722939;0.4893245160579681;0.18331922441720963;-0.16246632263064384;0.5187411606311798;0.4084828570485115;-0.09400027617812157;0.45798079669475555;0.41036491096019745;-0.10697520710527897;0.49666642149289447;0.6090479095776876;0.0469876240628461;0.4676276346047719;0.6101638078689575;0.058089688109854855;;acercandose
1.0;0.4852440357208252;0.1973274201154709;-0.16056424379348755;0.5141983032226562;0.24741974472999573;-0.06191656365990639;0.46384191513061523;0.245195671916008;-0.061931364238262177;0.517569899559021;0.32807934284210205;-0.026947272941470146;0.45770224928855896;0.3233594298362732;-0.03640352562069893;0.5019755959510803;0.38530680537223816;-0.003984788432717323;0.47219952940940857;0.3856446444988251;0.003946954850107431;0.49873965978622437;0.49680089950561523;-0.00713665084913373;0.46941396594047546;0.49748337268829346;4,02E+10;0.48942341208457946;0.18332888036966324;-0.16189211681485177;0.5187438875436783;0.40864110738039017;-0.09392202086746693;0.4579995945096016;0.4103997126221657;-0.10686786845326424;0.49660653869311017;0.6090923945109049;0.047704105343048774;0.46751806139945984;0.6102362871170044;0.05804803936431805;;acercandose
1.03;0.48526424169540405;0.1973806470632553;-0.1597452014684677;0.5145336389541626;0.24767422676086426;-0.062343645840883255;0.46399495005607605;0.24531182646751404;-0.06094277650117874;0.5179011225700378;0.32817378640174866;-0.02932707592844963;0.45788082480430603;0.32355228066444397;-0.035443224012851715;0.5023406147956848;0.38582655787467957;-0.004069346468895674;0.47243598103523254;0.3863230049610138;0.004032892640680075;0.49875903129577637;0.49690407514572144;-0.007859045639634132;0.46955716609954834;0.4982050657272339;9,02E+10;0.48946780264377593;0.18335821479558945;-0.16111382693052292;0.5187183320522308;0.4087498188018799;-0.09839979000389576;0.4580750837922096;0.41051115095615387;-0.10637392662465572;0.4965428610642751;0.6095959742863973;0.04920227899371336;0.4675002892812093;0.6102729638417562;0.06211364238212506;;acercandose
1.07;0.4853639006614685;0.19742245972156525;-0.15974558889865875;0.5148978233337402;0.247883141040802;-0.06280175596475601;0.4641836881637573;0.24540212750434875;-0.06110718473792076;0.5182009935379028;0.3283502161502838;-0.03009192831814289;0.45812636613845825;0.323583722114563;-0.035482022911310196;0.502657949924469;0.38601455092430115;-0.0039018425159156322;0.47274306416511536;0.3864628076553345;0.003865807084366679;0.4987689256668091;0.4969155192375183;-0.00697500491514802;0.4699157774448395;0.4982602894306183;0.0001798003213480115;0.48958489000797273;0.18338112980127336;-0.16112452745437622;0.5187141448259354;0.4089372083544731;-0.09875751473009586;0.4581014961004257;0.4105447828769684;-0.10620691999793053;0.4964906573295593;0.6099522312482198;0.049249040855405234;0.4674919346968333;0.6102715730667114;0.062024629985292755;;acercandose
1.1;0.485539972782135;0.19741953909397125;-0.15290407836437225;0.5152979493141174;0.24803663790225983;-0.058010492473840714;0.4644392728805542;0.24551378190517426;-0.05799269676208496;0.5185045003890991;0.3283854126930237;-0.027980953454971313;0.4582998752593994;0.323582261800766;-0.03369305655360222;0.5028783082962036;0.38628968596458435;-0.0024429759941995144;0.4729152321815491;0.3865759074687958;0.0024129583034664392;0.4987843334674835;0.4972730278968811;-0.004895089194178581;0.4703238606452942;0.4982563853263855;-0.0017089638859033585;0.48975080251693726;0.18335884809494019;-0.15390019863843918;0.5187093913555145;0.40898046642541885;-0.09740628488361835;0.4580953046679497;0.4104674682021141;-0.1028506699949503;0.49652552604675293;0.610167404015859;0.050451921415515244;0.4674214820067088;0.6103315353393555;0.05968290070692698;;acercandose
1.13;0.4858698546886444;0.19742240011692047;-0.15317928791046143;0.5158181190490723;0.24814912676811218;-0.05720939859747887;0.46479594707489014;0.24576392769813538;-0.05803762003779411;0.5187127590179443;0.3284375071525574;-0.027119887992739677;0.45851078629493713;0.32361355423927307;-0.03427547588944435;0.5030509829521179;0.3864232897758484;-0.0003761686384677887;0.4731104373931885;0.38655582070350647;0.00034153120941482484;0.4989081919193268;0.49740269780158997;-0.00428669573739171;0.4711143672466278;0.4987075626850128;-0.0058851223438978195;0.49005142152309417;0.18334998339414596;-0.15420452356338502;0.5186976492404938;0.4091246724128723;-0.095600550994277;0.4579932391643524;0.41087130457162857;-0.10296978056430817;0.49667369325955707;0.6101174751917521;0.05179596428448955;0.4670938750108083;0.6104799509048462;0.05398345567906896;;acercandose
1.17;0.4859355092048645;0.19766074419021606;-0.13851387798786163;0.516385018825531;0.2482573539018631;-0.04358489066362381;0.4651440382003784;0.2462760955095291;-0.05160847306251526;0.5190746188163757;0.3286329507827759;-0.01760224439203739;0.45867905020713806;0.3244855999946594;-0.03003610298037529;0.5034429430961609;0.38830432295799255;0.004094081465154886;0.47347521781921387;0.38682663440704346;-0.004126892890781164;0.49934330582618713;0.498573362827301;-0.0036315724719315767;0.47176167368888855;0.4987044632434845;-0.01394263282418251;0.49015246629714965;0.1835077866911888;-0.138957230001688;0.5185922384262085;0.40933968126773834;-0.08875726535916328;0.4579172432422638;0.4118162766098976;-0.09457591734826565;0.496894250313441;0.6092636386553446;0.05793737837423881;0.4663492739200592;0.6103661060333252;0.047720165768017374;;acercandose
1.2;0.48626619577407837;0.19800297915935516;-0.13811030983924866;0.5169988870620728;0.2485058754682541;-0.04346179962158203;0.46551012992858887;0.24716739356517792;-0.051237426698207855;0.5194895267486572;0.3287423849105835;-0.017674434930086136;0.45894289016723633;0.3249839246273041;-0.028885429725050926;0.5040562748908997;0.39003637433052063;0.006131378002464771;0.47418802976608276;0.3873070180416107;-0.0061599514447152615;0.5002825856208801;0.4994717240333557;-0.0010926758404821157;0.47334256768226624;0.498524010181427;-0.015897294506430626;0.4903932482004166;0.18380012810230256;-0.1386674650013447;0.5184659212827682;0.4104446470737457;-0.08756633661687374;0.4576819911599159;0.4118887633085251;-0.09214569441974163;0.49764909346898395;0.6091618140538534;0.057849230244755745;0.46592573324839276;0.610199491182963;0.041155256951848664;;acercandose
1.23;0.48634830117225647;0.19894756376743317;-0.13515101373195648;0.51750248670578;0.249388188123703;-0.04234326630830765;0.4657330811023712;0.249088853597641;-0.048019036650657654;0.5201038718223572;0.329481303691864;-0.018907027319073677;0.45904111862182617;0.3276718854904175;-0.025344327092170715;0.5044997334480286;0.3925991654396057;0.006811206229031086;0.4748063087463379;0.3892657160758972;-0.006837112363427877;0.5011956691741943;0.5003659725189209;0.0014362800866365433;0.47435325384140015;0.4984833002090454;-0.01525839976966381;0.4904983639717102;0.184873266518116;-0.1355631932616234;0.5183968991041183;0.4116051495075226;-0.0881293248385191;0.4575876221060753;0.4139989987015724;-0.0890213418751955;0.4978959262371063;0.6095167597134908;0.05858571641147137;0.46607396999994916;0.6099568406740824;0.04239257533724109;;acercandose
1.27;0.4864010810852051;0.19945932924747467;-0.13942334055900574;0.5177836418151855;0.2502179741859436;-0.04574131220579147;0.4659140110015869;0.249978706240654;-0.04958963021636009;0.5205107927322388;0.3300354778766632;-0.020121581852436066;0.4593823552131653;0.3287903070449829;-0.02641018107533455;0.5047762989997864;0.39283671975135803;0.005537215154618025;0.47524765133857727;0.3894401788711548;-0.005565158557146788;0.5016695261001587;0.501564621925354;0.00039794115582481027;0.47461453080177307;0.49790123105049133;-0.013587886467576027;0.4906052082777023;0.18541524857282637;-0.14005157202482224;0.518427312374115;0.41242843121290207;-0.0909406952559948;0.4575199484825134;0.4145900085568428;-0.09189187362790108;0.4980788727601369;0.6103042165438334;0.05731748230755329;0.4662309189637502;0.6104516784350077;0.04411403788253665;;acercandose
1.3;0.48642927408218384;0.19966349005699158;-0.14042674005031586;0.5180692672729492;0.2506413757801056;-0.044738397002220154;0.46601158380508423;0.2506624162197113;-0.050432946532964706;0.520836353302002;0.3304390609264374;-0.018578941002488136;0.45982640981674194;0.32939091324806213;-0.027095971629023552;0.5050597786903381;0.393059641122818;0.005642379634082317;0.4756481647491455;0.38982850313186646;-0.005672515369951725;0.5017622113227844;0.5030924081802368;-0.00011704091593855992;0.4748961329460144;0.4979032278060913;-0.015159749425947666;0.49066337049007414;0.18559170812368392;-0.14108571857213975;0.5184792280197144;0.4129999876022339;-0.09029209055006504;0.4574565440416336;0.4144924730062485;-0.09341852553188801;0.4977499047915141;0.6107069253921509;0.05798346549272537;0.4671704073746999;0.6141169865926107;0.04306617363666495;;acercandose
1.33;0.48644787073135376;0.19972796738147736;-0.14610999822616577;0.5182728171348572;0.2506355941295624;-0.04680841416120529;0.4660642147064209;0.25112706422805786;-0.05550655722618103;0.520989716053009;0.33080121874809265;-0.02162439003586769;0.4601808190345764;0.3299543261528015;-0.030661264434456825;0.5052487850189209;0.3928062617778778;0.005270390771329403;0.47578155994415283;0.38976797461509705;-0.005296604707837105;0.5018600225448608;0.5030567646026611;0.00029299192829057574;0.47526395320892334;0.49789124727249146;-0.018873903900384903;0.4906960755586624;0.18564907759428023;-0.147216360270977;0.5186213254928589;0.41343866288661957;-0.09460362046957016;0.45747260004282;0.41444648057222366;-0.09694913774728775;0.4974832634131114;0.610821266969045;0.05739802525689205;0.46800220012664795;0.6204084157943726;0.028010070323944092;;acercandose
1.37;0.4864400327205658;0.1998285949230194;-0.13790380954742432;0.5183624625205994;0.2506169378757477;-0.0351245254278183;0.4661220908164978;0.2513417601585388;-0.05013047158718109;0.5211436152458191;0.3308391571044922;-0.011143684387207031;0.46035176515579224;0.33004531264305115;-0.02803446352481842;0.5053314566612244;0.3930208384990692;0.008020390756428242;0.4758327007293701;0.39008206129074097;-0.00804141815751791;0.5018022060394287;0.503291130065918;0.006593777798116207;0.47539880871772766;0.5003466010093689;-0.027022968977689743;0.4906959444284439;0.18575807511806489;-0.13862139284610747;0.5188762992620468;0.41359976679086685;-0.09161575324833393;0.4575466066598892;0.4144134446978569;-0.09655068442225456;0.4974053700764974;0.6114816069602966;0.07219735284646352;0.46774714191754657;0.6250657637914022;0.017590391139189403;;acercandose
1.4;0.4862249791622162;0.20046158134937286;-0.13965900242328644;0.5184141397476196;0.25073444843292236;-0.038258038461208344;0.4661421477794647;0.25184714794158936;-0.050254058092832565;0.5214787721633911;0.33097586035728455;-0.012822866439819336;0.46041494607925415;0.3305991590023041;-0.029804229736328125;0.5053786635398865;0.3939754366874695;0.008378962054848671;0.47580423951148987;0.39110657572746277;-0.00840147864073515;0.5017685890197754;0.5052928328514099;0.008259649388492107;0.4753066599369049;0.5060380101203918;-0.0267654899507761;0.49056909382343294;0.1863821715116501;-0.14015391170978547;0.5191061347723007;0.4139823839068413;-0.09237644821405411;0.4575633183121681;0.41527561098337173;-0.10183116234838963;0.497358371814092;0.6126099626223246;0.07961096862951915;0.46749623616536456;0.6288764278093973;0.018450068930784862;;acercandose
1.43;0.48603346943855286;0.20140083134174347;-0.1383201628923416;0.518400251865387;0.25111502408981323;-0.033867571502923965;0.4661174416542053;0.25346237421035767;-0.050191670656204224;0.5218141674995422;0.3310469090938568;-0.009630277752876282;0.4604005217552185;0.3329562842845917;-0.02981177158653736;0.5053642988204956;0.3960942029953003;0.010093473829329014;0.4756981432437897;0.3933083415031433;-0.010121979750692844;0.5015708804130554;0.5078286528587341;0.00951169803738594;0.4752873480319977;0.5087063312530518;-0.02765890769660473;0.4904633492231369;0.18724757581949233;-0.13875382542610168;0.5195352286100388;0.4145900830626488;-0.09254227764904499;0.4575536921620369;0.4175393283367157;-0.10146588273346424;0.4972441891829173;0.6128686666488647;0.089837151269118;0.4679553210735321;0.6281114816665649;0.02388029731810093;;acercandose
1.47;0.48569193482398987;0.20253890752792358;-0.14530973136425018;0.5183772444725037;0.252155601978302;-0.03709059953689575;0.4658523499965668;0.2551386058330536;-0.05465197190642357;0.5219894051551819;0.3318772614002228;-0.01315361075103283;0.4603920578956604;0.3344750702381134;-0.03264624997973442;0.5053079128265381;0.396968811750412;0.009414110332727432;0.47542262077331543;0.3946751356124878;-0.009445548988878727;0.5010146498680115;0.5088999271392822;0.011731324717402458;0.4743862450122833;0.5100635290145874;-0.024731246754527092;0.4901207387447357;0.18819717317819595;-0.14642015546560289;0.519783228635788;0.41592520475387573;-0.09902314282953739;0.45749326050281525;0.4194587767124176;-0.10410010442137718;0.4961581031481425;0.6129763126373291;0.09455885986487071;0.46849381923675537;0.6277092496554056;0.025668378919363022;;acercandose
1.5;0.4849078059196472;0.20344433188438416;-0.14454790949821472;0.5182996392250061;0.2539011538028717;-0.03832384943962097;0.46561741828918457;0.2564944326877594;-0.054403819143772125;0.5220816135406494;0.3341122567653656;-0.014087031595408916;0.46038347482681274;0.3351868689060211;-0.03253738582134247;0.5047672390937805;0.3983928859233856;0.009948741644620895;0.47465550899505615;0.3963017463684082;-0.00998439360409975;0.5004819631576538;0.509811520576477;0.013641351833939552;0.47385039925575256;0.5110566020011902;-0.031636808067560196;0.489364942908287;0.18892561346292497;-0.14539823904633523;0.5201172828674316;0.4179397448897362;-0.09899427555501461;0.4569949135184288;0.42083434015512466;-0.10433891229331493;0.4952455659707387;0.6128302613894144;0.1037097026904424;0.4689798851807912;0.6281515955924988;0.02153920754790306;;acercandose
1.53;0.4838903248310089;0.2045539766550064;-0.14956766366958618;0.5180301070213318;0.2555117607116699;-0.03930481895804405;0.4651055634021759;0.2575264275074005;-0.059473924338817596;0.5221461057662964;0.33620813488960266;-0.013559678569436073;0.4603254795074463;0.33568498492240906;-0.04027102142572403;0.5038012862205505;0.4002498984336853;0.011860938742756844;0.47360557317733765;0.39869850873947144;-0.011895800940692425;0.5003519058227539;0.5109276175498962;0.01884000189602375;0.47380495071411133;0.5137952566146851;-0.04301021248102188;0.4884400010108948;0.19001164436340331;-0.15047736540436746;0.5205675065517426;0.42040012776851654;-0.09831119887530804;0.4561416879296303;0.4224254712462425;-0.11583972536027431;0.49469881256421405;0.6127991875012716;0.11991345634063084;0.4695293605327606;0.6323598225911459;0.0025169681757688522;;acercandose
1.57;0.4829864799976349;0.2048892080783844;-0.14788629114627838;0.5173550844192505;0.25628677010536194;-0.03408162295818329;0.4641886055469513;0.25886332988739014;-0.05879012867808342;0.522121012210846;0.3369595408439636;-0.008685873821377754;0.4601620137691498;0.336446613073349;-0.03916523978114128;0.5029866099357605;0.40178948640823364;0.013107988983392715;0.4727819859981537;0.4009127616882324;-0.013132020831108093;0.49999144673347473;0.5134398937225342;0.023760521784424782;0.4739665389060974;0.5173733234405518;-0.05388660728931427;0.48764031529426577;0.1903757005929947;-0.1484406605362892;0.5212691128253937;0.421495720744133;-0.0931971576064825;0.45598071068525314;0.4234902337193489;-0.11357385106384754;0.49464919169743854;0.6142381032307943;0.12017832944790523;0.46964798370997113;0.6387307643890381;-0.02186111422876517;;acercandose
1.6;0.48198410868644714;0.20506376028060913;-0.14297141134738922;0.5166102647781372;0.2565847337245941;-0.0337388701736927;0.46328097581863403;0.25875920057296753;-0.05390072613954544;0.5220674276351929;0.33843082189559937;-0.01013591606169939;0.4600045084953308;0.3370991349220276;-0.03439720720052719;0.5021783113479614;0.4024251699447632;0.012439626269042492;0.47194135189056396;0.4015694260597229;-0.012458556331694126;0.4994833171367645;0.5150731801986694;0.026686005294322968;0.47402024269104004;0.5187317132949829;-0.06262379884719849;0.4867153286933899;0.19054265320301056;-0.14369303807616235;0.5217113345861435;0.4228471890091896;-0.09190762974321842;0.45535969734191895;0.42435474693775177;-0.11052734032273293;0.4946896235148112;0.6161571542421976;0.11306936790545781;0.47032634417215985;0.6416191856066386;-0.04377958116432031;;acercandose
1.63;0.4811912178993225;0.20509757101535797;-0.13830329477787018;0.5155461430549622;0.2563718259334564;-0.03306647017598152;0.46202245354652405;0.25872769951820374;-0.05041024833917618;0.5215690732002258;0.33847054839134216;-0.009159236215054989;0.4594970643520355;0.33785387873649597;-0.02928893268108368;0.5011543035507202;0.4021567106246948;0.011903449892997742;0.4707935154438019;0.40143102407455444;-0.011906560510396957;0.498636394739151;0.5137205719947815;0.015435739420354366;0.4740169048309326;0.5191299915313721;-0.05890824273228645;0.48586583137512207;0.19051190614700317;-0.13886859118938447;0.5221521407365799;0.4225296080112457;-0.08644924685359001;0.4542292058467865;0.4252055361866951;-0.09864567406475544;0.4947371582190196;0.6159714261690775;0.10809574648737907;0.4710102578004201;0.6431742906570435;-0.031808833281199135;;acercandose
1.67;0.48045772314071655;0.20503059029579163;-0.14669188857078552;0.5143306851387024;0.2559354603290558;-0.040851522237062454;0.4603704512119293;0.25857439637184143;-0.05641502887010574;0.5211159586906433;0.33819764852523804;-0.014351839199662209;0.4585034251213074;0.33902719616889954;-0.033596884459257126;0.5007026195526123;0.40154996514320374;0.011056286282837391;0.47037893533706665;0.40089794993400574;-0.011069304309785366;0.4979510009288788;0.5103703737258911;0.012912631034851074;0.47394251823425293;0.5182806849479675;-0.05927892029285431;0.4850492596626282;0.1903990015387535;-0.14714573547244073;0.5222579389810562;0.4228781685233116;-0.08821346424520016;0.451872780919075;0.4265163764357567;-0.10158002376556396;0.49463991324106854;0.6158182422320048;0.0985441009203593;0.4711751639842987;0.6434929768244425;-0.03460949504127105;;acercandose
1.7;0.47899019718170166;0.20476533472537994;-0.1537942737340927;0.5135716795921326;0.25532838702201843;-0.04944296553730965;0.4584830403327942;0.2584570050239563;-0.058923058211803436;0.5208995938301086;0.33802589774131775;-0.022213928401470184;0.45700085163116455;0.33962738513946533;-0.033915191888809204;0.49981555342674255;0.40028637647628784;0.008329411037266254;0.4692942798137665;0.4006562829017639;-0.008351895958185196;0.49642378091812134;0.5078806281089783;0.013455413281917572;0.4733891487121582;0.5177106261253357;-0.0589347705245018;0.48339258432388305;0.18963963091373442;-0.15503353029489517;0.5222260802984238;0.4232677146792412;-0.0955208819359541;0.449666865170002;0.4262576028704643;-0.1037680022418499;0.4943187435468038;0.6158866683642069;0.09775327146053314;0.47125213344891864;0.6439446409543356;-0.030781129268386092;;acercandose
1.73;0.477607399225235;0.20425668358802795;-0.15482835471630096;0.5123752355575562;0.25434988737106323;-0.05311831831932068;0.45713159441947937;0.2583584189414978;-0.05850651487708092;0.5205408334732056;0.3378898799419403;-0.02419341914355755;0.45556360483169556;0.34030696749687195;-0.032787177711725235;0.49921780824661255;0.3980991542339325;0.005063924938440323;0.4684842526912689;0.3998141288757324;-0.005085472948849201;0.4953303933143616;0.5051913857460022;-0.013082505203783512;0.47262194752693176;0.5170137882232666;-0.05475781485438347;0.4818022310733795;0.18873563706874846;-0.15631505623459815;0.5221098810434341;0.4231274276971817;-0.09543786384165287;0.4480322003364563;0.42591342329978943;-0.10293471999466419;0.49358726541201275;0.6162796417872111;0.06123246935506662;0.47128330667813617;0.6441881060600281;-0.02271234228586157;;acercandose
1.77;0.4763059914112091;0.20333878695964813;-0.1607639193534851;0.5111308097839355;0.2532368302345276;-0.06104324012994766;0.4557226002216339;0.2582966983318329;-0.058962322771549225;0.5199646353721619;0.3373672366142273;-0.03310864046216011;0.4533805847167969;0.340231329202652;-0.03244642913341522;0.49846968054771423;0.3976975083351135;0.001570049556903541;0.46748852729797363;0.3996225595474243;-0.001594367204234004;0.49525243043899536;0.5052969455718994;-0.008527295663952827;0.4714165925979614;0.5170673727989197;-0.05206147953867912;0.4804797500371933;0.18758606910705566;-0.16248155534267425;0.5218456238508224;0.423096239566803;-0.10853726603090763;0.44576114416122437;0.42584333568811417;-0.1049806047230959;0.49390435218811035;0.6163476904233297;0.09808742130796115;0.4714357256889343;0.6443978945414225;-0.020089301591118176;;acercandose
1.8;0.475338339805603;0.20261618494987488;-0.16041027009487152;0.509920060634613;0.2520902454853058;-0.05902361497282982;0.45435214042663574;0.25821569561958313;-0.05963509529829025;0.5187931656837463;0.3357345163822174;-0.03059528023004532;0.4510572552680969;0.34020498394966125;-0.03282051533460617;0.4977574944496155;0.3977140486240387;0.0014198275748640299;0.46609753370285034;0.3995552361011505;-0.0014479263918474317;0.4954070448875427;0.5078395009040833;-0.006135141476988792;0.4698113799095154;0.5185033082962036;-0.041502200067043304;0.4795560508966446;0.18668430745601655;-0.1620548538863659;0.5212180763483047;0.42288339883089066;-0.10826943255960941;0.4440436214208603;0.4261225536465645;-0.10581844113767147;0.49427830179532367;0.616040825843811;0.11748030285040538;0.47151543696721393;0.6446833809216818;-0.003177123765150706;;acercandose
1.83;0.4743272662162781;0.2020532786846161;-0.16018450260162354;0.5089558959007263;0.2513313293457031;-0.05709656700491905;0.453302264213562;0.2575543224811554;-0.05927859991788864;0.5172856450080872;0.33479151129722595;-0.02890678122639656;0.44918525218963623;0.3400287330150604;-0.03276377171278;0.49692684412002563;0.39788639545440674;0.0016037564491853118;0.46499964594841003;0.39956146478652954;-0.0016302155563607812;0.4952329695224762;0.5098463892936707;0.010852386243641376;0.4686311185359955;0.5195452570915222;-0.0489286445081234;0.478612357378006;0.185982546210289;-0.16169071868062018;0.520049512386322;0.42273929715156555;-0.10686447285115719;0.4430283084511757;0.42621415853500366;-0.10640908032655716;0.4947803815205892;0.6146683096885681;0.14340525368849436;0.47159992655118305;0.64507528146108;-0.020512271982928116;;acercandose
1.87;0.4735349118709564;0.2013094127178192;-0.17677859961986542;0.5082390904426575;0.25131702423095703;-0.06922484934329987;0.45226043462753296;0.25745245814323425;-0.06874412298202515;0.5151950120925903;0.33509647846221924;-0.03840680420398712;0.4470684230327606;0.34004679322242737;-0.040949124842882156;0.49618393182754517;0.3996659219264984;0.0012306437129154801;0.46411120891571045;0.4013109803199768;-0.0012680856743827462;0.49462559819221497;0.513693630695343;0.013157694600522518;0.46749716997146606;0.5214372277259827;-0.0433666929602623;0.47806271016597746;0.18512962609529496;-0.1785749115049839;0.5185021013021469;0.4227449521422386;-0.11857031472027302;0.440771259367466;0.4290366396307945;-0.11735684797167778;0.49486146370569867;0.6121696432431539;0.16405798743168512;0.47160420815149945;0.6457702914873759;0.002446260303258896;;acercandose
1.9;0.47313588857650757;0.20045723021030426;-0.18802888691425323;0.507602334022522;0.2512916624546051;-0.07658811658620834;0.45137521624565125;0.25692811608314514;-0.07498405873775482;0.5130743384361267;0.33525627851486206;-0.04126334935426712;0.44572603702545166;0.3399895131587982;-0.046963516622781754;0.4957992732524872;0.4003663659095764;-6,58E+10;0.46396583318710327;0.4025064706802368;2,62E+10;0.49433115124702454;0.5166447758674622;-0.004717721603810787;0.46714380383491516;0.5241776704788208;-0.018418459221720695;0.47780235707759855;0.18419784903526307;-0.19009361714124678;0.517575591802597;0.42270421981811523;-0.12267147935926914;0.43938925117254257;0.43076085299253464;-0.12703349627554417;0.49446171522140503;0.611613392829895;0.1543640891710917;0.4717658460140228;0.6465926567713419;0.05223336908966303;;acercandose
1.93;0.4728447496891022;0.19942903518676758;-0.18658049404621124;0.5069907307624817;0.25122201442718506;-0.06870249658823013;0.450616717338562;0.255615770816803;-0.07913953065872192;0.510760486125946;0.3356185853481293;-0.040067486464977264;0.44451630115509033;0.3399282395839691;-0.05420832708477974;0.49567481875419617;0.40202194452285767;0.004377830307930708;0.46380186080932617;0.4043066203594208;-0.0044271997176110744;0.49442651867866516;0.5190702676773071;0.02090289071202278;0.4669530689716339;0.5264537930488586;-0.015159139409661293;0.47767090797424316;0.18296412229537964;-0.18783182948827742;0.5157666653394699;0.4226954057812691;-0.11857291497290134;0.4374253526329994;0.4317866340279579;-0.13433333858847618;0.49448370933532715;0.612914244333903;0.17795567214488983;0.4717414180437724;0.6469327608744303;0.05865411495324224;;acercandose
1.97;0.4725801348686218;0.19891056418418884;-0.19880735874176025;0.5063478946685791;0.25090745091438293;-0.07790740579366684;0.44976872205734253;0.2546931207180023;-0.08512415736913681;0.5101282000541687;0.3348790109157562;-0.043052852153778076;0.4434445798397064;0.33971884846687317;-0.0556444451212883;0.4955817461013794;0.4019007682800293;0.004347951151430607;0.46342241764068604;0.40450841188430786;-0.004398305434733629;0.4945075511932373;0.5186111330986023;0.01795876957476139;0.4669210910797119;0.5273835062980652;-0.009928330779075623;0.4774878740310669;0.1823891893029213;-0.20080884993076326;0.5139355808496475;0.42169883102178574;-0.12571352161467075;0.43493256717920303;0.43220798671245575;-0.13371185399591923;0.49461816747983295;0.6195948521296183;0.15408234794934592;0.47155746817588806;0.6477451125780741;0.07045061296472947;;acercandose
2.0;0.47262483835220337;0.19864313304424286;-0.19395221769809723;0.5062547922134399;0.2508927881717682;-0.08033187687397003;0.44931063055992126;0.2538639307022095;-0.08188612014055252;0.5096033811569214;0.33487483859062195;-0.04526016116142273;0.4425831139087677;0.3396126627922058;-0.05101464316248894;0.495568186044693;0.4022411108016968;0.002446637721732259;0.463323175907135;0.405365914106369;-0.0025076766032725573;0.49468809366226196;0.5190656185150146;0.002039599232375622;0.4668402373790741;0.5281728506088257;-0.0010395313147455454;0.47755570709705353;0.18190547674894333;-0.19647459238767623;0.5133432596921921;0.4215658903121948;-0.12385501712560654;0.43317265808582306;0.4320800453424454;-0.12794950231909752;0.4958593448003133;0.6332139174143473;0.09809934720396996;0.47153177857398987;0.6494975884755453;0.08854664986332257;;acercandose
2.03;0.4726634919643402;0.19839902222156525;-0.18872278928756714;0.5062643885612488;0.25089725852012634;-0.0758819729089737;0.44929829239845276;0.2529272437095642;-0.08149158954620361;0.5092632174491882;0.33495718240737915;-0.04293368384242058;0.441960871219635;0.3394869267940521;-0.04329327493906021;0.4956744313240051;0.40277373790740967;0.0006029514479450881;0.4632076025009155;0.4061832129955292;-0.0006592542631551623;0.4947252571582794;0.5202822685241699;-0.009718972258269787;0.4668164551258087;0.5311586260795593;-0.0027477522380650043;0.47768614292144773;0.18115971684455873;-0.19130323082208633;0.5133458375930786;0.4213869795203209;-0.12445371598005295;0.4318518117070198;0.43156809359788895;-0.12356756441295147;0.49600138266881305;0.6435648798942566;0.08706532667080562;0.47160672148068744;0.6520564357439677;0.08964581415057182;;acercandose
2.07;0.47280967235565186;0.19846086204051971;-0.18667562305927277;0.5065023899078369;0.25169163942337036;-0.07441264390945435;0.44937798380851746;0.25279808044433594;-0.07773385941982269;0.5094656348228455;0.33602485060691833;-0.04274551197886467;0.44154900312423706;0.3394688665866852;-0.03954564034938812;0.4957634210586548;0.40479516983032227;-0.0006216635229066014;0.4632189869880676;0.4087115228176117;0.0005742648500017822;0.4948125183582306;0.5223941206932068;-0.01295617874711752;0.4669385552406311;0.5339639186859131;-0.0027063162997365;0.4778025597333908;0.18121780157089235;-0.18904391229152678;0.5136599987745285;0.4216748774051666;-0.12441395968198776;0.4310902878642082;0.43116168677806854;-0.11944301426410675;0.496322105328242;0.6504248181978861;0.07496530500551064;0.47179971138636273;0.6543742418289185;0.0839458703994751;;acercandose
2.1;0.47293969988822937;0.1987716257572174;-0.1973293125629425;0.5065326690673828;0.25372880697250366;-0.08732204884290695;0.44948944449424744;0.2528419494628906;-0.07748372852802277;0.5095635652542114;0.33852556347846985;-0.054054658859968185;0.4412916302680969;0.33943164348602295;-0.03971601277589798;0.49577975273132324;0.40659987926483154;-0.004474233835935593;0.46295398473739624;0.4102642834186554;0.00442045833915472;0.49512118101119995;0.5251591801643372;-0.013887484557926655;0.46698933839797974;0.5362776517868042;0.019080843776464462;0.4778820097446442;0.18130735754966737;-0.20034186840057372;0.5138949900865555;0.4235832467675209;-0.13378710485994816;0.43050363659858704;0.42969759553670883;-0.11894096434116364;0.4970625340938568;0.6616935928662618;0.04185447841882706;0.47205231587092084;0.6556628545125326;0.10617017870148023;;acercandose
2.13;0.47299036383628845;0.19924858212471008;-0.19158479571342468;0.5067064762115479;0.254934698343277;-0.08145419508218765;0.44972434639930725;0.2528528571128845;-0.07012002915143967;0.5097097158432007;0.34022143483161926;-0.048668213188648224;0.4412548840045929;0.3394089341163635;-0.03273439779877663;0.4957256019115448;0.4091411828994751;-0.006088576279580593;0.4627934992313385;0.4122958481311798;0.0060484823770821095;0.49547073245048523;0.5290598273277283;-0.01505881454795599;0.4670902490615845;0.5382328629493713;0.023597633466124535;0.47801935374736787;0.18142224252223968;-0.19429140388965607;0.5146553218364716;0.4256550073623657;-0.12944495491683483;0.43090900778770447;0.42798419296741486;-0.11254890635609627;0.4989342888196309;0.6705862681070963;0.028469637036323547;0.47240251302719116;0.6578498880068461;0.1069691168765227;;acercandose
2.17;0.4731750190258026;0.1994975358247757;-0.18964220583438873;0.5072195529937744;0.2567273676395416;-0.07906012237071991;0.4497552216053009;0.2530568838119507;-0.067976213991642;0.510613739490509;0.34245702624320984;-0.04633607342839241;0.44139209389686584;0.3394860029220581;-0.03163541108369827;0.49572253227233887;0.41193169355392456;-0.005947817116975784;0.46272075176239014;0.4143466651439667;0.005903522949665785;0.4954849183559418;0.5331613421440125;-0.011230732314288616;0.4671494960784912;0.5392245650291443;0.020849451422691345;0.4783154398202896;0.18149668872356414;-0.19215820878744125;0.5161433815956116;0.4297330528497696;-0.12709091417491436;0.4318881034851074;0.42806317657232285;-0.11046352423727512;0.5010503431161245;0.6731472214063009;0.03230589752395948;0.4724001387755076;0.6579586863517761;0.10203360890348752;;acercandose
2.2;0.47461315989494324;0.2001396119594574;-0.1966996043920517;0.5082646608352661;0.25850120186805725;-0.08505941927433014;0.4504011571407318;0.25330716371536255;-0.08138074725866318;0.511346161365509;0.3479550778865814;-0.04737722501158714;0.441742867231369;0.34001466631889343;-0.049319490790367126;0.49574679136276245;0.4123680889606476;-0.0054758586920797825;0.4627070426940918;0.41477757692337036;0.00542067363858223;0.49556294083595276;0.5341345071792603;-0.012014889158308506;0.46718594431877136;0.5396402478218079;0.01871425099670887;0.4795484870672226;0.18235788196325303;-0.1992580622434616;0.5182704031467438;0.4369392469525337;-0.12634829618036747;0.4325445741415024;0.42875057458877563;-0.12581471726298332;0.5021888017654419;0.6740866502126058;0.028414020935694378;0.47245457768440247;0.6576288938522339;0.09641024842858315;;acercandose
2.23;0.4760128855705261;0.20066793262958527;-0.19352121651172638;0.5095720291137695;0.26004865765571594;-0.08231469988822937;0.45169517397880554;0.2540784776210785;-0.07900887727737427;0.5126447677612305;0.3508179485797882;-0.04663544148206711;0.4417742192745209;0.340548038482666;-0.047351084649562836;0.49591881036758423;0.4138103127479553;-0.005603748839348555;0.4627516269683838;0.4165014624595642;0.005548644810914993;0.4960639178752899;0.5372915267944336;-0.0331316702067852;0.46727409958839417;0.5413332581520081;0.02841063402593136;0.4808412104845047;0.18320432156324387;-0.19571757018566133;0.520221546292305;0.44039128720760345;-0.12423848919570446;0.4342256560921669;0.42977479845285416;-0.12390475161373615;0.5029278596242269;0.6774462660153707;-0.009203517188628515;0.47249576449394226;0.6570974191029867;0.11951760699351628;;acercandose
2.27;0.4776974022388458;0.20155766606330872;-0.18748652935028076;0.5115633010864258;0.2612060308456421;-0.08092866837978363;0.4530572295188904;0.25491175055503845;-0.07419133931398392;0.5142710208892822;0.3515019416809082;-0.04716182127594948;0.44242626428604126;0.340896338224411;-0.04681825637817383;0.4965047538280487;0.417208194732666;-0.007906828075647354;0.46287089586257935;0.41988641023635864;0.007862632162868977;0.4964543879032135;0.5420099496841431;-0.04828689619898796;0.46764692664146423;0.5454608201980591;0.0436658039689064;0.48246907293796537;0.18434358090162278;-0.19073349833488465;0.5215637534856796;0.44217438995838165;-0.1257887464016676;0.43647773563861847;0.4328306019306183;-0.1228089053183794;0.5033966700236002;0.6807553569475809;-0.0339769110432826;0.4726295967896779;0.6569056908289591;0.15279542158047357;;acercandose
2.3;0.47956350445747375;0.2022554874420166;-0.18917539715766907;0.5139715075492859;0.2623741924762726;-0.08610852807760239;0.455120712518692;0.25599944591522217;-0.07431155443191528;0.5155345797538757;0.3521614074707031;-0.05095254257321358;0.4436730742454529;0.3432213068008423;-0.04669271409511566;0.4979304075241089;0.4200049936771393;-0.008799021132290363;0.4635809361934662;0.42207589745521545;0.00874930527061224;0.4972064793109894;0.5473780035972595;-0.03263907879590988;0.4682465195655823;0.5481113195419312;0.03924683481454849;0.4841518759727478;0.18507495373487473;-0.19251081943511963;0.5223705768585205;0.4475599527359009;-0.12555506452918053;0.4380163997411728;0.4363333657383919;-0.12207341194152832;0.5037034352620443;0.6836767792701721;0.005420989046494166;0.4727929135163625;0.6574707428614298;0.16050655394792557;;acercandose
2.33;0.48144370317459106;0.20234651863574982;-0.18877819180488586;0.5163885354995728;0.26286083459854126;-0.08641628175973892;0.4568275213241577;0.25616246461868286;-0.07459290325641632;0.5169881582260132;0.3526778519153595;-0.04949019476771355;0.446605384349823;0.34304532408714294;-0.04392320290207863;0.5003457069396973;0.41982972621917725;-0.009225602261722088;0.4653415083885193;0.4219678044319153;0.009191205725073814;0.4983234703540802;0.5474464297294617;-0.03647174313664436;0.4697117209434509;0.546819806098938;0.043298978358507156;0.4859642952680588;0.18514623492956161;-0.19206607341766357;0.523761436343193;0.4480725899338722;-0.11287344433367252;0.4394710212945938;0.4367509260773659;-0.111286336556077;0.5041000445683798;0.6898585160573324;-0.01612886382887761;0.47328712542851764;0.660249133904775;0.14521215359369913;;acercandose
2.37;0.48364242911338806;0.20239704847335815;-0.18797335028648376;0.5180776715278625;0.2625085711479187;-0.08050289750099182;0.45920446515083313;0.25619083642959595;-0.07452402263879776;0.5187844038009644;0.35191610455513;-0.03989538550376892;0.44906046986579895;0.3442443609237671;-0.04360164701938629;0.5030226707458496;0.4203074872493744;-0.008865594863891602;0.4678286015987396;0.42153987288475037;0.008795412257313728;0.4997718632221222;0.5490601658821106;-0.05842718482017517;0.4711672365665436;0.5472322106361389;0.03970126062631607;0.48812388479709623;0.18515064269304277;-0.19135408401489257;0.5254006534814835;0.44619036465883255;-0.10792551562190056;0.4413154423236847;0.43895094841718674;-0.11247607320547104;0.5048666993776957;0.6980711817741394;-0.061651344721515976;0.47321335474650067;0.6630862752596537;0.13530108580986658;;acercandose
2.4;0.4854583144187927;0.20232835412025452;-0.18779818713665009;0.5196689963340759;0.2617080509662628;-0.06990207731723785;0.4604369103908539;0.2562107741832733;-0.08103148639202118;0.5200350880622864;0.3516828715801239;-0.03284693509340286;0.45070594549179077;0.34616756439208984;-0.05300004407763481;0.506212055683136;0.4205557107925415;-0.002645095344632864;0.47046852111816406;0.42185550928115845;0.0026422294322401285;0.5015454888343811;0.5477887392044067;-0.09042300283908844;0.4744682312011719;0.5497461557388306;0.036546409130096436;0.49013866782188414;0.18488627076148986;-0.190866419672966;0.5268197506666183;0.4448736608028412;-0.11064228415489197;0.44247449934482574;0.4426939785480499;-0.11714849434792995;0.5058398246765137;0.7020157774289449;-0.1096742774049441;0.4738137523333232;0.6638877789179484;0.1495020811756452;;acercandose
2.43;0.4872600734233856;0.20176278054714203;-0.19037798047065735;0.5213330984115601;0.26152223348617554;-0.06925372779369354;0.46141326427459717;0.2560696303844452;-0.08655717968940735;0.5211920738220215;0.3527718484401703;-0.03075500950217247;0.4523160755634308;0.3468620181083679;-0.05670337751507759;0.50911945104599;0.4201837182044983;0.0004434461297933012;0.4732948839664459;0.42162808775901794;-0.00044551960309036076;0.5040991902351379;0.5467787981033325;-0.12857621908187866;0.4774250090122223;0.5521976351737976;0.03635427728295326;0.49204116463661196;0.1840566024184227;-0.1929914250969887;0.5294382721185684;0.4466622844338417;-0.10937663540244102;0.4437893182039261;0.44508448243141174;-0.11747283674776554;0.5056463082631429;0.7011419932047526;-0.13259189079205194;0.4747348427772522;0.6623008251190186;0.1989944577217102;;acercandose
2.47;0.4889102578163147;0.20072725415229797;-0.1855296939611435;0.522799015045166;0.26061537861824036;-0.06068328022956848;0.46236786246299744;0.25542202591896057;-0.08381252735853195;0.5230511426925659;0.3522650897502899;-0.027382317930459976;0.45383918285369873;0.347260057926178;-0.05370600149035454;0.5110259652137756;0.4197937846183777;0.001067486358806491;0.4753492474555969;0.42152705788612366;-0.001064022071659565;0.5052369832992554;0.5455595254898071;-0.15568837523460388;0.4795936346054077;0.5514481067657471;0.03450576588511467;0.4935602396726608;0.18279991596937178;-0.18739234656095505;0.5331302732229233;0.4462297335267067;-0.10990088060498238;0.4446900114417076;0.4470973014831543;-0.12029135413467884;0.505533238252004;0.7007620334625244;-0.15503104279438654;0.4764113128185272;0.6578590671221415;0.21532303094863892;;acercandose
2.5;0.49063143134117126;0.19964341819286346;-0.18800510466098785;0.52409827709198;0.2599483132362366;-0.06407485902309418;0.46324771642684937;0.25470998883247375;-0.08225105702877045;0.5246815085411072;0.35297685861587524;-0.030351217836141586;0.45526212453842163;0.3474292457103729;-0.056146375834941864;0.5123736262321472;0.4201489984989166;0.000520623754709959;0.47603118419647217;0.42216819524765015;-0.0005231394898146391;0.5067940950393677;0.547371506690979;-0.14670330286026;0.48014184832572937;0.5563371181488037;0.02339206635951996;0.4950942903757095;0.18143946975469588;-0.18977317288517953;0.5355734080076218;0.4463391676545143;-0.12002653814852238;0.4457428380846977;0.4480639696121216;-0.12935580499470234;0.5053424636522929;0.7012490828831991;-0.11706358939409256;0.47945699095726013;0.6580520868301392;0.20281347135702768;;acercandose
2.53;0.4919382929801941;0.19832009077072144;-0.20045629143714905;0.5255435705184937;0.25839510560035706;-0.06664302945137024;0.4642571210861206;0.25404226779937744;-0.0897199735045433;0.5280172824859619;0.3526538610458374;-0.0315784215927124;0.45632055401802063;0.3479030430316925;-0.06438809633255005;0.5129531621932983;0.4200088381767273;0.0011038838420063257;0.4762357771396637;0.4223065674304962;-0.0011169648496434093;0.5103449821472168;0.5493612289428711;-0.1488543003797531;0.480618417263031;0.5575188994407654;0.022606950253248215;0.4962293475866318;0.1799387142062187;-0.20266825556755066;0.538224458694458;0.44603022187948227;-0.12700513936579227;0.44687188416719437;0.4494643807411194;-0.13871904090046883;0.5058451692263285;0.7044742703437805;-0.12800376117229462;0.48001915216445923;0.6587074597676595;0.19822278122107187;;acercandose
2.57;0.492669939994812;0.1969938725233078;-0.1983223557472229;0.5268030762672424;0.2567926049232483;-0.06537358462810516;0.46511784195899963;0.2535425126552582;-0.08972375094890594;0.5312294960021973;0.3515625596046448;-0.02659602276980877;0.4571617841720581;0.34840190410614014;-0.06321369111537933;0.5134380459785461;0.42080336809158325;0.0050498065538704395;0.476672500371933;0.4233267903327942;-0.005099722184240818;0.5105119943618774;0.5545159578323364;-0.10040257126092911;0.48140382766723633;0.5584995150566101;-0.0003617808688431978;0.4970992922782898;0.1785091608762741;-0.2004776656627655;0.5401033908128738;0.44577620178461075;-0.12309958226978779;0.44848476350307465;0.4499206095933914;-0.13845116272568703;0.5059637029965719;0.7045180598894755;-0.04395089391618967;0.4800843397776286;0.6678928136825562;0.15130266298850378;;acercandose
2.6;0.4928704500198364;0.19579008221626282;-0.19311514496803284;0.5282645225524902;0.2552799582481384;-0.05735054984688759;0.46599081158638;0.25300705432891846;-0.08765812963247299;0.5346529483795166;0.3500983417034149;-0.010672229342162609;0.45784175395965576;0.3486657738685608;-0.06268065422773361;0.5134932398796082;0.42200660705566406;0.009645748883485794;0.47722142934799194;0.42437130212783813;-0.009723122231662273;0.5109349489212036;0.5584733486175537;-0.020353002473711967;0.481930673122406;0.5603666305541992;-0.013237463310360909;0.49755185544490815;0.17733697444200516;-0.19481432139873506;0.5425205230712891;0.4456416368484497;-0.09830503351986408;0.449687197804451;0.45032117515802383;-0.13596792705357075;0.505882183710734;0.705721934636434;0.04069024138152599;0.4799687663714091;0.6805002490679423;0.09083875020345052;;acercandose
2.63;0.4931255578994751;0.19540341198444366;-0.1944132000207901;0.5294433236122131;0.2545079290866852;-0.060649849474430084;0.4665567874908447;0.25264108180999756;-0.08735624700784683;0.536590576171875;0.349517822265625;-0.014438687823712826;0.458210825920105;0.34888511896133423;-0.06241321563720703;0.5137147903442383;0.42362040281295776;0.009741473011672497;0.47743168473243713;0.42596715688705444;-0.009822969324886799;0.5105999112129211;0.5652656555175781;-0.001824788167141378;0.4818688929080963;0.565193235874176;-0.01610550656914711;0.4978356510400772;0.17674760073423385;-0.19681380838155746;0.5440933406352997;0.4462552145123482;-0.0988389328122139;0.4500209242105484;0.4505312368273735;-0.13374819420278072;0.5052574574947357;0.7074397802352905;0.07117592450231314;0.4796353280544281;0.6934109528859457;0.06878095321978132;;acercandose
2.67;0.4928297996520996;0.19519558548927307;-0.18852129578590393;0.530410885810852;0.25362342596054077;-0.05662909895181656;0.4668982923030853;0.25262242555618286;-0.07673295587301254;0.5377110242843628;0.34821033477783203;-0.010512028820812702;0.45852765440940857;0.3491631746292114;-0.0444900207221508;0.5141227841377258;0.4262385070323944;0.00865243747830391;0.4777684807777405;0.42841875553131104;-0.008724668994545937;0.5103592872619629;0.5683234333992004;-0.010905547998845577;0.4817711114883423;0.5680367946624756;-0.02090546488761902;0.49779294729232787;0.1764410153031349;-0.19135468006134032;0.5450251698493958;0.4463653042912483;-0.09789435379207134;0.45024262368679047;0.4519540145993233;-0.12589171156287193;0.5043782492478689;0.7068829536437988;0.08532248437404633;0.47949891289075214;0.7042283614476522;0.07067372929304838;;acercandose
2.7;0.49258890748023987;0.1951439380645752;-0.18212927877902985;0.531573474407196;0.2536734342575073;-0.04908611625432968;0.46721047163009644;0.25278931856155396;-0.07158029824495316;0.538436233997345;0.3482097089290619;-0.005317938979715109;0.4589373767375946;0.3505558967590332;-0.03890988230705261;0.5142551064491272;0.42787638306617737;0.011542164720594883;0.47797128558158875;0.42979633808135986;-0.011609070003032684;0.5102074146270752;0.570109486579895;-4,86E+10;0.4818356931209564;0.5691511631011963;-0.027117349207401276;0.4976588159799576;0.17621974050998687;-0.18498663008213043;0.5457148551940918;0.44850223511457443;-0.09559205919504166;0.450796939432621;0.45344211161136627;-0.12169209867715836;0.5042262176672617;0.7083746592203776;0.08644265495240688;0.4793271521727244;0.7184889316558838;0.04865222175916036;;acercandose
2.73;0.4925803542137146;0.19516228139400482;-0.1789117306470871;0.5325011610984802;0.25371047854423523;-0.040692053735256195;0.4674362540245056;0.25300708413124084;-0.06958889216184616;0.5394800305366516;0.3482479453086853;0.002277153078466654;0.45952272415161133;0.35143810510635376;-0.03809760510921478;0.5145822763442993;0.43081843852996826;0.01443934254348278;0.478228360414505;0.4322686195373535;-0.014486778527498245;0.5101977586746216;0.5751457214355469;0.007311677560210228;0.48185667395591736;0.5734321475028992;-0.031169887632131577;0.49761355519294737;0.17608979642391204;-0.18187457844614982;0.5465050935745239;0.4519122689962387;-0.09448401443660259;0.451381653547287;0.455467090010643;-0.12266870215535164;0.5036691427230835;0.7144360939661661;0.08990680674711864;0.47910240292549133;0.7321836749712626;0.032105320443709694;;acercandose
2.77;0.49274924397468567;0.19520220160484314;-0.17796482145786285;0.5333943367004395;0.2541927397251129;-0.03186860308051109;0.4676310122013092;0.2544865906238556;-0.07126668840646744;0.5402401685714722;0.34964609146118164;0.010162902064621449;0.4598817527294159;0.35390278697013855;-0.039095185697078705;0.514912486076355;0.4352366030216217;0.02108711749315262;0.47865623235702515;0.43603068590164185;-0.02112017199397087;0.5101709365844727;0.5804174542427063;0.0425601527094841;0.48231807351112366;0.5797014832496643;-0.06934421509504318;0.49781067967414855;0.17609699815511703;-0.18024520352482795;0.5469963252544403;0.45481203496456146;-0.09066591411828995;0.45259828865528107;0.4594450443983078;-0.1306468341499567;0.5039626856644949;0.7162189284960429;0.15791038423776627;0.4790175457795461;0.7435513734817505;-0.04746523406356573;;acercandose
2.8;0.4929785132408142;0.195552259683609;-0.18471884727478027;0.5340155363082886;0.25518563389778137;-0.034642886370420456;0.4676513373851776;0.2564382255077362;-0.07605630159378052;0.5410578846931458;0.3519028127193451;0.008468867279589176;0.4600847065448761;0.3557858169078827;-0.04908121004700661;0.515527606010437;0.4386610686779022;0.024198662489652634;0.4790405035018921;0.44012343883514404;-0.02422513999044895;0.5100836157798767;0.5839077830314636;0.052048660814762115;0.48262426257133484;0.5855823755264282;-0.07848291844129562;0.49810898005962373;0.17640486508607864;-0.18675260245800018;0.5475441217422485;0.45716774463653564;-0.09401215426623821;0.4535081386566162;0.46273551881313324;-0.1428135186433792;0.5040519038836161;0.7142308354377747;0.19668382902940115;0.47948052485783893;0.7477904160817465;-0.04969301261007786;;acercandose
2.83;0.4928428828716278;0.19628648459911346;-0.1853625327348709;0.5344612002372742;0.2569205164909363;-0.03960076719522476;0.46758854389190674;0.2587718069553375;-0.07602885365486145;0.5409812331199646;0.35538217425346375;0.00284556089900434;0.4602363407611847;0.35848334431648254;-0.04905283823609352;0.515756368637085;0.4399341344833374;0.020759209990501404;0.47907641530036926;0.44135981798171997;-0.02078336291015148;0.5101611018180847;0.5832545161247253;0.03944011405110359;0.4824749231338501;0.5860694050788879;-0.07607971876859665;0.49802803695201875;0.1770288422703743;-0.1876460462808609;0.5477119237184525;0.46111471951007843;-0.09465061873197556;0.4538804963231087;0.46492036432027817;-0.13913710787892342;0.5038963556289673;0.7143530050913492;0.16891047358512878;0.47973455985387164;0.7465888261795044;-0.042787188043197;;acercandose
2.87;0.49274444580078125;0.1977178305387497;-0.21177709102630615;0.5345543026924133;0.2599180340766907;-0.055960603058338165;0.46746137738227844;0.26182347536087036;-0.0934806615114212;0.5408761501312256;0.3609974980354309;-0.008832504041492939;0.46010300517082214;0.3642018735408783;-0.0671553760766983;0.5161947011947632;0.44218239188194275;0.019061090424656868;0.47908246517181396;0.4441259801387787;-0.019090469926595688;0.5101192593574524;0.5850954055786133;0.05847018212080002;0.4823915362358093;0.5893149971961975;-0.0776258111000061;0.49796654284000397;0.17821642011404037;-0.21362045556306838;0.5476523488759995;0.4660240188241005;-0.1065488588064909;0.45367246121168137;0.4719961956143379;-0.1626773290336132;0.5036854445934296;0.7138327757517496;0.21590408186117807;0.48030582070350647;0.7475608388582865;-0.04240350192412734;;acercandose
2.9;0.49272051453590393;0.19950224459171295;-0.21405869722366333;0.5343509316444397;0.2634469270706177;-0.05608430504798889;0.46744367480278015;0.26471930742263794;-0.09710746258497238;0.540349006652832;0.3668759763240814;-0.012599301524460316;0.46000808477401733;0.3672567903995514;-0.07320725917816162;0.5162009596824646;0.44638124108314514;0.022379647940397263;0.47899308800697327;0.4479588270187378;-0.022437309846282005;0.5103111863136292;0.5873871445655823;0.09125985950231552;0.48231589794158936;0.5941649079322815;-0.11796511709690094;0.49791871607303617;0.1798898383975029;-0.2154247745871544;0.5471147149801254;0.4728596955537796;-0.11268125846982002;0.45344745367765427;0.47785821557044983;-0.17140939459204674;0.5039125780264536;0.7158510287602743;0.2631780207157135;0.4807215730349223;0.7556736469268799;-0.12176333367824554;;acercandose
2.93;0.4925934672355652;0.20239169895648956;-0.22155572474002838;0.5342251658439636;0.2661881148815155;-0.05972231552004814;0.46700599789619446;0.2670217454433441;-0.10131050646305084;0.5399780869483948;0.3697455823421478;-0.017817379906773567;0.4599111080169678;0.3698723614215851;-0.07732873409986496;0.5163183212280273;0.44984278082847595;0.02251589298248291;0.4789695739746094;0.4512549936771393;-0.02257072553038597;0.510387122631073;0.5895656943321228;0.09828025847673416;0.4827844798564911;0.5987383127212524;-0.11610978841781616;0.4978432893753052;0.1823571190237999;-0.22372951209545136;0.5468819737434387;0.4755523130297661;-0.125484187155962;0.4532948136329651;0.48270681500434875;-0.1794816590845585;0.503852109114329;0.7170232534408569;0.28037403523921967;0.48090866208076477;0.7653815150260925;-0.12226685881614685;;acercandose
2.97;0.49203264713287354;0.2034750133752823;-0.2165696918964386;0.5339810252189636;0.26760995388031006;-0.05842534825205803;0.4660398066043854;0.26930683851242065;-0.09698216617107391;0.5397164225578308;0.37128913402557373;-0.01663505844771862;0.45956358313560486;0.3719345033168793;-0.07233233749866486;0.5162901878356934;0.45313265919685364;0.021797573193907738;0.4789215326309204;0.4551108479499817;-0.02184893935918808;0.5103153586387634;0.5921764969825745;0.07576563954353333;0.48310887813568115;0.603480339050293;-0.09799298644065857;0.4975549578666687;0.1834222838282585;-0.21826073229312898;0.5463732033967972;0.4773031622171402;-0.1260296944528818;0.45288337022066116;0.4841778427362442;-0.17376765608787537;0.5035176773866018;0.7185202836990356;0.2591569771369298;0.48175052801767987;0.7700120011965433;-0.0790555514395237;;acercandose
3.0;0.4908727705478668;0.20362895727157593;-0.22722451388835907;0.5338137745857239;0.2683040499687195;-0.07000809162855148;0.46478572487831116;0.26982930302619934;-0.1036815270781517;0.5395222902297974;0.37097346782684326;-0.030341118574142456;0.45873966813087463;0.37359362840652466;-0.07758975774049759;0.5162122249603271;0.4539533257484436;0.021068386733531952;0.4783017933368683;0.4561536908149719;-0.02112041972577572;0.5102831721305847;0.5899347066879272;0.0637684240937233;0.48305168747901917;0.6062851548194885;-0.09809007495641708;0.4967087090015411;0.1836795002222061;-0.229088893532753;0.5462357997894287;0.4780646562576294;-0.138906329870224;0.4525483325123787;0.48721613734960556;-0.17794903367757797;0.5030686954657236;0.7183558543523153;0.2601962635914485;0.4832088351249695;0.7709000110626221;-0.06590562872588634;;acercandose
3.03;0.4897834062576294;0.20351092517375946;-0.22507739067077637;0.533237636089325;0.26791059970855713;-0.07916494458913803;0.46334683895111084;0.27015841007232666;-0.0995420515537262;0.5394208431243896;0.37017038464546204;-0.038911934942007065;0.4569415748119354;0.37553870677948;-0.07489967346191406;0.5158324837684631;0.4521074891090393;0.011627393774688244;0.4766954481601715;0.4555213749408722;-0.011666206642985344;0.5102184414863586;0.5889894962310791;0.03918864578008652;0.4827043116092682;0.6089678406715393;-0.09344557672739029;0.4957295387983322;0.18358637243509293;-0.22730342596769332;0.5452452003955841;0.477689191699028;-0.13889148458838463;0.4500013738870621;0.48777204006910324;-0.17058660835027695;0.5039334297180176;0.7176008820533752;0.22269217173258463;0.48478485147158307;0.7727020780245463;-0.052377875273426376;;acercandose
3.07;0.48844194412231445;0.20347362756729126;-0.23740172386169434;0.532555878162384;0.26747292280197144;-0.10330256074666977;0.4615330994129181;0.26953327655792236;-0.09909479320049286;0.5392997860908508;0.370251327753067;-0.06606942415237427;0.4554119408130646;0.37709715962409973;-0.0701696053147316;0.5149115324020386;0.4508568346500397;-0.0003308441664557904;0.47498655319213867;0.45449984073638916;0.0002931071212515235;0.5102064609527588;0.5891768932342529;-0.01624947413802147;0.4811224937438965;0.6088758707046509;-0.053520046174526215;0.494664603471756;0.18332537710666658;-0.24177947789430618;0.5443952977657318;0.48026586323976517;-0.16579117998480797;0.44766852259635925;0.48899705708026886;-0.1676705926656723;0.5050960580507914;0.7139498392740885;0.20622427761554718;0.4857342441876729;0.7717963059743246;0.004517727841933568;;acercandose
3.1;0.48746928572654724;0.20281991362571716;-0.2447274923324585;0.5316094160079956;0.26716598868370056;-0.10885675251483917;0.45948565006256104;0.2691521942615509;-0.10016696155071259;0.5392745137214661;0.3697296977043152;-0.06849294155836105;0.4542580246925354;0.3776335120201111;-0.06711157411336899;0.5138435959815979;0.45024898648262024;-0.004793258849531412;0.4730153977870941;0.4545048177242279;0.004759376868605614;0.5101650357246399;0.5914177298545837;-0.031004581600427628;0.47973912954330444;0.610504150390625;-0.04155339300632477;0.4938339293003082;0.1823353573679924;-0.24936265945434571;0.5438830107450485;0.48039717227220535;-0.16834504902362823;0.4460147097706795;0.4892738610506058;-0.16550061106681824;0.5065839290618896;0.7078668673833212;0.20352732638518015;0.4860334098339081;0.7737326224644979;0.028585826357205708;;acercandose
3.13;0.48655179142951965;0.201469287276268;-0.23946622014045715;0.530972421169281;0.2671032249927521;-0.09677986800670624;0.4578041434288025;0.26890304684638977;-0.09892164170742035;0.5390534996986389;0.3696958124637604;-0.05269506573677063;0.4522496461868286;0.37718167901039124;-0.06407662481069565;0.5130520462989807;0.45124518871307373;-0.0014238168951123953;0.47153642773628235;0.4557693600654602;0.00139024225063622;0.5101444125175476;0.5986884832382202;-0.00901640485972166;0.4786933958530426;0.6141646504402161;-0.04440111666917801;0.49302131235599517;0.1807771310210228;-0.24334480613470078;0.5433477461338043;0.47987230867147446;-0.15320425480604172;0.44439008831977844;0.4895412102341652;-0.16441501304507256;0.5068600376447042;0.7051512201627096;0.2449459433555603;0.4858978788057963;0.7765645980834961;0.02148835112651189;;acercandose
3.17;0.48598068952560425;0.1997213065624237;-0.24070779979228973;0.5303924679756165;0.26706206798553467;-0.09560871124267578;0.45660701394081116;0.2687601149082184;-0.09847477078437805;0.5389476418495178;0.37065890431404114;-0.047180548310279846;0.45001858472824097;0.3767434060573578;-0.06122962385416031;0.5126658082008362;0.4528161585330963;-0.004310690797865391;0.4709334969520569;0.4573320746421814;0.004289075266569853;0.5095478892326355;0.6064873933792114;-0.017439264804124832;0.477216899394989;0.6176465749740601;-0.028028780594468117;0.49250139594078063;0.1787220537662506;-0.24420261681079863;0.5429752767086029;0.4817438945174217;-0.1488213799893856;0.4428437277674675;0.48866117000579834;-0.1646677367389202;0.5066375931104025;0.708656390508016;0.23206054170926413;0.4854455888271332;0.777275025844574;0.044325193390250206;;acercandose
3.2;0.4854009747505188;0.1982443630695343;-0.2462783306837082;0.5300290584564209;0.26686352491378784;-0.09838538616895676;0.4554441273212433;0.2683718800544739;-0.09951670467853546;0.5389191508293152;0.3729044198989868;-0.046362072229385376;0.4482869505882263;0.37628957629203796;-0.06322349607944489;0.5124426484107971;0.45617279410362244;-0.004146564286202192;0.47026535868644714;0.46081212162971497;0.0041203573346138;0.5095601677894592;0.6141268610954285;-0.022731011733412743;0.4757975935935974;0.6217034459114075;-0.01867840066552162;0.4920502871274948;0.17688584476709365;-0.2498895838856697;0.5428641885519028;0.48582885414361954;-0.14943914860486984;0.44113175570964813;0.4885926768183708;-0.1715208776295185;0.5062493284543356;0.7110221982002258;0.23912619551022848;0.48536579807599384;0.7774999340375265;0.07135345897404477;;acercandose
3.23;0.4849127233028412;0.19723756611347198;-0.24106340110301971;0.529141902923584;0.26622486114501953;-0.09522441029548645;0.45399460196495056;0.2678997218608856;-0.09494976699352264;0.5384860634803772;0.3733713924884796;-0.04485568404197693;0.4470926821231842;0.3764500021934509;-0.05887458100914955;0.5122812986373901;0.45791149139404297;-0.0064215026795864105;0.4698859453201294;0.4630989134311676;0.00640215864405036;0.5086542963981628;0.6161156296730042;-0.036152396351099014;0.4745183289051056;0.6231358647346497;-0.013025025837123394;0.4915958046913147;0.1756707713007927;-0.24452247172594072;0.5427505224943161;0.48633482307195663;-0.1491863951086998;0.4398063123226166;0.4935263767838478;-0.16888755932450294;0.5061322848002116;0.7220471501350403;0.21921506524085999;0.485107958316803;0.7789870897928873;0.08427526894956827;;acercandose
3.27;0.4845653474330902;0.19659972190856934;-0.23855362832546234;0.528385579586029;0.26534634828567505;-0.09325378388166428;0.45331308245658875;0.2668851912021637;-0.09065061807632446;0.5379603505134583;0.3731495141983032;-0.04445812478661537;0.44629326462745667;0.37611109018325806;-0.05234399065375328;0.5122619867324829;0.45856720209121704;-0.006951981224119663;0.4699937701225281;0.46384942531585693;0.006921224296092987;0.5086525082588196;0.6177817583084106;-0.053843166679143906;0.4738095700740814;0.6246839761734009;-0.008894859813153744;0.4912972092628479;0.17482401430606842;-0.24206433296203614;0.5426681190729141;0.48606057465076447;-0.14774074032902718;0.43794091045856476;0.4946241155266762;-0.16485221311450005;0.5068963170051575;0.742984930674235;0.15371359884738922;0.48510141173998517;0.7796449263890585;0.11436386778950691;;acercandose
3.3;0.48451313376426697;0.19640478491783142;-0.2530319392681122;0.5280526876449585;0.2649123966693878;-0.1046811118721962;0.4527296721935272;0.2661421000957489;-0.09945375472307205;0.5373439192771912;0.3737017810344696;-0.05032150074839592;0.44524434208869934;0.3761574327945709;-0.05549432709813118;0.5122880935668945;0.459432452917099;-0.007963316515088081;0.470010906457901;0.4658890962600708;0.007894828915596008;0.5085352659225464;0.6193512678146362;-0.034319933503866196;0.4736437201499939;0.6258036494255066;0.0005901032127439976;0.49118133783340456;0.17431391030550003;-0.2573518827557564;0.5426981449127197;0.48800238966941833;-0.15189527720212936;0.4362437203526497;0.497143879532814;-0.16812161728739738;0.5092606544494629;0.7641736467679342;0.13314708570639291;0.4847585658232371;0.7821348508199056;0.13730299969514212;;acercandose
3.33;0.48454204201698303;0.1963014155626297;-0.2495030164718628;0.5279427170753479;0.26486241817474365;-0.10112524777650833;0.4525831639766693;0.2657841444015503;-0.10106434673070908;0.5367346405982971;0.37471267580986023;-0.04824193939566612;0.44456255435943604;0.37606149911880493;-0.05960117653012276;0.5123109817504883;0.4597400724887848;-0.006484140641987324;0.46996310353279114;0.4670906066894531;0.006417650263756514;0.5083862543106079;0.6181325316429138;-0.05131065100431442;0.47380581498146057;0.6259399056434631;-0.01056174747645855;0.49116249680519103;0.17393058240413667;-0.2532635062932968;0.542874276638031;0.49030015617609024;-0.15037431567907333;0.4345870912075043;0.497386209666729;-0.16753660887479782;0.5112792054812113;0.7828923066457113;0.08059213093171518;0.48441027601559955;0.7861635088920593;0.10205545711020629;;acercandose
3.37;0.4846215546131134;0.19609899818897247;-0.246416836977005;0.5278801321983337;0.2648175358772278;-0.09865205734968185;0.45254406332969666;0.2657070755958557;-0.10029514133930206;0.5362740159034729;0.37492892146110535;-0.04774880036711693;0.4436700940132141;0.3765530288219452;-0.05989662557840347;0.5123201608657837;0.46181783080101013;-0.006059087812900543;0.4696913957595825;0.47040244936943054;0.0059888726100325584;0.5081401467323303;0.6175256967544556;-0.07581432163715363;0.47401130199432373;0.6276324987411499;-0.0045536598190665245;0.49119409918785095;0.17361920773983003;-0.2499019756913185;0.5431119650602341;0.49125130474567413;-0.1495872586965561;0.4320847615599632;0.49735693633556366;-0.1644088812172413;0.5112990736961365;0.7979104518890381;0.008539469291766485;0.48436350623766583;0.7894546985626221;0.09634481680889924;;acercandose
3.4;0.484680712223053;0.1960558444261551;-0.255846232175827;0.5278928279876709;0.26502761244773865;-0.10696644335985184;0.45247092843055725;0.2656674087047577;-0.10485795885324478;0.5361481308937073;0.37602099776268005;-0.05289462208747864;0.44254070520401;0.376714289188385;-0.06264649331569672;0.5123270153999329;0.464638352394104;-0.009287718683481216;0.46940112113952637;0.47275400161743164;0.009218523278832436;0.5080286264419556;0.6216278076171875;-0.06827758252620697;0.47422876954078674;0.6311780214309692;0.03477885201573372;0.49122107923030855;0.17344620376825332;-0.2587900787591934;0.543392688035965;0.49326232075691223;-0.15308813005685806;0.4301720857620239;0.4972504824399948;-0.16435084864497185;0.511286735534668;0.8089503447214762;-0.014289642373720804;0.4842354357242584;0.7889423569043478;0.15957754602034888;;acercandose
3.43;0.4847255349159241;0.19605721533298492;-0.25418567657470703;0.5280126929283142;0.26558545231819153;-0.10361649096012115;0.4525220990180969;0.26581165194511414;-0.10093573480844498;0.5361502766609192;0.3775397539138794;-0.058013271540403366;0.4415837526321411;0.37722235918045044;-0.06233852729201317;0.5123374462127686;0.4707596004009247;-0.013777526095509529;0.46900805830955505;0.4783842861652374;0.01375424675643444;0.5080311298370361;0.634067177772522;-0.12006285786628723;0.4745381474494934;0.6417939066886902;0.051973480731248856;0.4912849396467209;0.17332555949687958;-0.2574114933609962;0.5434053540229797;0.496724396944046;-0.17522260546684265;0.42817923426628113;0.49790211766958237;-0.16799946129322052;0.5117883284886678;0.8329125841458639;-0.09901566430926323;0.4849421779314677;0.7918209632237753;0.21310326953728995;;acercandose
3.47;0.48486045002937317;0.19621983170509338;-0.2835927903652191;0.5287970304489136;0.2684021294116974;-0.12927448749542236;0.4525430202484131;0.2661338746547699;-0.12186690419912338;0.5361360907554626;0.3829610049724579;-0.08141010254621506;0.4410216510295868;0.37863582372665405;-0.0802740678191185;0.5124226808547974;0.4736202359199524;-0.01412234641611576;0.46884575486183167;0.4803871810436249;0.014059973880648613;0.5083016753196716;0.6389428377151489;-0.0519833080470562;0.4754808843135834;0.6456188559532166;0.05317516252398491;0.4915547102689743;0.173390793800354;-0.2875851050019264;0.543263241648674;0.5040813535451889;-0.19181235507130623;0.42680905759334564;0.5006133019924164;-0.18812720850110054;0.5137730240821838;0.836286723613739;0.016334349910418194;0.48552606503168744;0.7952390511830648;0.21545282999674478;;acercandose
3.5;0.4853265583515167;0.1969706118106842;-0.29340872168540955;0.5300325751304626;0.2718312442302704;-0.14056628942489624;0.4526495337486267;0.2665429711341858;-0.132307231426239;0.536090612411499;0.3889985680580139;-0.09831123799085617;0.44086816906929016;0.38126832246780396;-0.0937330350279808;0.5125864148139954;0.47732579708099365;-0.013632399030029774;0.4686824381351471;0.483406126499176;0.013550875708460808;0.5091359615325928;0.6445910334587097;-0.04139821603894234;0.4758864939212799;0.6484975814819336;0.05725010484457016;0.4921190828084946;0.17386684268712999;-0.2976166859269142;0.5429940223693848;0.5099678412079811;-0.20944122225046158;0.4263866990804672;0.5050848871469498;-0.19769585132598877;0.5144210855166117;0.8389907479286194;0.018866116801897686;0.48645028471946716;0.7993180751800537;0.22258140643437704;;acercandose
3.53;0.486020028591156;0.19759249687194824;-0.29422980546951294;0.5316171646118164;0.27565571665763855;-0.14360514283180237;0.4527151584625244;0.2678229510784149;-0.13372232019901276;0.5361277461051941;0.39703062176704407;-0.10409051179885864;0.4411044716835022;0.38603416085243225;-0.09613250195980072;0.5131432414054871;0.48422497510910034;-0.013716580346226692;0.4684584140777588;0.4886889159679413;0.013619119301438332;0.5093207955360413;0.6530339121818542;-0.040566232055425644;0.47611668705940247;0.6530545353889465;0.059309326112270355;0.4929130434989929;0.17428950369358062;-0.29892901331186295;0.5429507941007614;0.5190563574433327;-0.21642639860510826;0.4273950085043907;0.5105333998799324;-0.2015569470822811;0.5149425466855367;0.8468275268872579;0.02301547055443128;0.48665780822436017;0.8005762894948324;0.24887859324614206;;acercandose
3.57;0.48692581057548523;0.19820505380630493;-0.28489184379577637;0.5330250859260559;0.2771686017513275;-0.13483116030693054;0.4533580541610718;0.26947247982025146;-0.1272333562374115;0.5365159511566162;0.3984047472476959;-0.10121913254261017;0.44139984250068665;0.3889937698841095;-0.09251993149518967;0.5137089490890503;0.4888933002948761;-0.013258927501738071;0.4684683382511139;0.4922795295715332;0.013170188292860985;0.5097243785858154;0.6552777886390686;-0.12533579766750336;0.47623568773269653;0.6537694931030273;0.07311680167913437;0.4938373565673828;0.17503443211317063;-0.2893272638320923;0.5430850684642792;0.5212376341223717;-0.2242090217769146;0.4281316250562668;0.5125813186168671;-0.19941657409071922;0.5156098008155823;0.8582243720690409;-0.10988621041178703;0.48788952827453613;0.8009257117907206;0.28572804232438404;;acercandose
3.6;0.48874300718307495;0.19885380566120148;-0.28447189927101135;0.5347790718078613;0.27904096245765686;-0.12965655326843262;0.4539526104927063;0.2709481418132782;-0.12533706426620483;0.536877453327179;0.4010896384716034;-0.09025585651397705;0.4416009187698364;0.3910597562789917;-0.08861792832612991;0.5150298476219177;0.4953794479370117;-0.012772164307534695;0.46850085258483887;0.4983924329280853;0.012687429785728455;0.5101005434989929;0.6665934324264526;-0.08797238022089005;0.4774344861507416;0.6637184023857117;0.05881589651107788;0.4955895096063614;0.17563786506652831;-0.28923439234495163;0.543312668800354;0.5246566832065582;-0.20954778790473938;0.4281218871474266;0.5171553492546082;-0.19899091869592667;0.5157066980997721;0.8715162873268127;-0.02745004991690318;0.4890916347503662;0.8054323196411133;0.2930053373177846;;acercandose
3.63;0.49074578285217285;0.1992250382900238;-0.26409852504730225;0.5364835858345032;0.27954742312431335;-0.1103128120303154;0.45508676767349243;0.27121374011039734;-0.1113126128911972;0.5381406545639038;0.4004724621772766;-0.05401168391108513;0.44328203797340393;0.3910118341445923;-0.06447520852088928;0.5174544453620911;0.49537134170532227;-0.011248292401432991;0.4694373309612274;0.499458372592926;0.011157180182635784;0.5113481879234314;0.6700162291526794;-0.04094179347157478;0.4811180531978607;0.6691782474517822;0.029768573120236397;0.49761072993278505;0.1759337991476059;-0.2677285298705101;0.543790191411972;0.5235362946987152;-0.1586417704820633;0.4284196197986603;0.5165742263197899;-0.168382178992033;0.5161718130111694;0.8631281057993571;0.043304722756147385;0.4892248511314392;0.809775173664093;0.23488344748814902;;acercandose
3.67;0.4922557771205902;0.19913630187511444;-0.28356000781059265;0.5385377407073975;0.2805974781513214;-0.13078968226909637;0.4562864601612091;0.27113479375839233;-0.13502633571624756;0.5387497544288635;0.40398988127708435;-0.06837008893489838;0.4455808997154236;0.3925236761569977;-0.08312831819057465;0.5195041298866272;0.49383479356765747;-0.0038578473031520844;0.4707072377204895;0.4975738227367401;0.0037369828205555677;0.5131217837333679;0.6693522334098816;-0.019252369180321693;0.481950044631958;0.6674582958221436;0.022171467542648315;0.4994280129671097;0.17584350407123567;-0.28722589164972306;0.5443749278783798;0.5300063341856003;-0.16614340990781784;0.42889077216386795;0.5190465375781059;-0.17180941998958588;0.5167555411656698;0.8548565904299418;0.08324214521174629;0.48697908719380695;0.8079029321670532;0.22034588952859244;;acercandose
3.7;0.49317502975463867;0.19887976348400116;-0.29317018389701843;0.540427565574646;0.27995428442955017;-0.1341911405324936;0.4575161337852478;0.2710934579372406;-0.14461207389831543;0.5400463938713074;0.40408259630203247;-0.07623440027236938;0.4477577209472656;0.3927496075630188;-0.09793875366449356;0.5222041606903076;0.4923815429210663;0.0017746762605383992;0.4730204939842224;0.49581605195999146;-0.001882979180663824;0.5151925086975098;0.6659497618675232;-0.07129163295030594;0.48214465379714966;0.6650025248527527;0.002291205571964383;0.5004937469959259;0.17537208795547485;-0.29756317734718324;0.5454453080892563;0.5314227640628815;-0.17103728279471397;0.42962174117565155;0.5210622623562813;-0.1854611337184906;0.5162530938784281;0.8590373396873474;0.020045337577660877;0.484878271818161;0.807635505994161;0.20834006865819296;;acercandose
3.73;0.49419379234313965;0.1978202760219574;-0.3011094629764557;0.54190993309021;0.27940863370895386;-0.12756669521331787;0.4584389328956604;0.27098798751831055;-0.15650933980941772;0.541621744632721;0.4027264714241028;-0.06630733609199524;0.4490289092063904;0.39476051926612854;-0.11359874904155731;0.5259023904800415;0.4946666955947876;0.01140096876770258;0.47620689868927;0.49579182267189026;-0.01148938201367855;0.5178013443946838;0.6692323684692383;-0.06075479835271835;0.48271480202674866;0.6660097241401672;-0.00045803937246091664;0.5018322199583054;0.17411589473485947;-0.3053687497973442;0.5473690927028656;0.5320155918598175;-0.17261505126953125;0.43079744279384613;0.5235331654548645;-0.20875876024365425;0.5166860222816467;0.870086669921875;0.06211304726699988;0.48309335112571716;0.8031823039054871;0.27319443225860596;;acercandose
3.77;0.4951259195804596;0.19579553604125977;-0.29284828901290894;0.5431045293807983;0.27921733260154724;-0.1165119856595993;0.45909398794174194;0.2707960307598114;-0.1451677829027176;0.5428558588027954;0.4047270119190216;-0.06523683667182922;0.4504085183143616;0.39480316638946533;-0.10353413224220276;0.5271917581558228;0.4956422746181488;0.01026719156652689;0.47754478454589844;0.49678200483322144;-0.010345100425183773;0.5197740197181702;0.6712896227836609;-0.10067468136548996;0.48255255818367004;0.6686319708824158;0.006570908706635237;0.5028522819280624;0.1722601279616356;-0.2971448540687561;0.5502597987651825;0.5368697494268417;-0.18916840478777885;0.431504562497139;0.5255015045404434;-0.20611784607172012;0.5164774854977926;0.8731820384661356;0.00316784530878067;0.48226242264111835;0.7820809284845988;0.35769641399383545;;acercandose
3.8;0.4956202208995819;0.1924101859331131;-0.28985193371772766;0.5433869361877441;0.2763737738132477;-0.11640892177820206;0.4596380293369293;0.26869237422943115;-0.13523516058921814;0.5453696846961975;0.40374308824539185;-0.06719362735748291;0.4518774449825287;0.3944167196750641;-0.10164235532283783;0.5271897315979004;0.4944847524166107;0.006017215549945831;0.47721874713897705;0.49645689129829407;-0.006098445504903793;0.5198508501052856;0.6703227758407593;-0.15051409602165222;0.4825281500816345;0.6700944304466248;0.016163762658834457;0.5034283757209778;0.16948936581611634;-0.2921227037906647;0.553340956568718;0.5379654765129089;-0.19289208576083183;0.43330274522304535;0.5259272456169128;-0.2009015530347824;0.5164307355880737;0.8720301191012064;-0.07016948486367862;0.48198334376017254;0.7901624838511149;0.3010699947675069;;acercandose
3.83;0.4959252178668976;0.1894071400165558;-0.29045766592025757;0.5444480776786804;0.2733857333660126;-0.12148521840572357;0.4601489007472992;0.26634013652801514;-0.1361212283372879;0.5478602647781372;0.40344032645225525;-0.07152334600687027;0.45280900597572327;0.39424705505371094;-0.09797568619251251;0.5266141295433044;0.49401310086250305;0.004601836670190096;0.4769640564918518;0.4965013861656189;-0.004686146043241024;0.5198913812637329;0.6733786463737488;-0.10808703303337097;0.4813617467880249;0.6729574203491211;0.01652577333152294;0.503775754570961;0.16636557281017303;-0.29388239830732343;0.5564315915107727;0.5381618142127991;-0.1932610534131527;0.43456247448921204;0.526085764169693;-0.20243236422538757;0.5163512031237284;0.8764702876408895;-0.02017665592332681;0.480599582195282;0.8101012508074442;0.2748332420984904;;acercandose
3.87;0.4961928129196167;0.1869872510433197;-0.2631089389324188;0.5456390976905823;0.27009332180023193;-0.10994996130466461;0.4605613946914673;0.2645983099937439;-0.10738524794578552;0.5498135089874268;0.40336090326309204;-0.051606565713882446;0.45372605323791504;0.3939209580421448;-0.05886557698249817;0.5264300107955933;0.49590104818344116;0.00277130794711411;0.4769866168498993;0.497647762298584;-0.00288352370262146;0.5194467902183533;0.680112898349762;-0.026213396340608597;0.47822755575180054;0.6779425144195557;0.0039247553795576096;0.5040108233690261;0.1638282999396324;-0.26658656895160676;0.5591713190078735;0.536638081073761;-0.1551363654434681;0.4353327006101608;0.5259130895137787;-0.16885684430599213;0.5160788098971049;0.8754189809163412;0.08050464633076142;0.47604308525721234;0.8362480600674947;0.13639001672466597;;acercandose
3.9;0.49618595838546753;0.1852976530790329;-0.24461345374584198;0.546715259552002;0.26784151792526245;-0.0912080705165863;0.4606092572212219;0.26331454515457153;-0.08830278366804123;0.551292896270752;0.40073689818382263;-0.03148503974080086;0.4540727734565735;0.39363893866539;-0.03936128318309784;0.5262671709060669;0.4974288046360016;0.0012876047985628247;0.476792573928833;0.49894246459007263;-0.0013801662717014551;0.5191423892974854;0.6852951049804688;-0.013463383540511131;0.47645288705825806;0.6858986020088196;-0.0009581409976817667;0.5040971130132675;0.16140115559101104;-0.2485554486513138;0.5614642202854156;0.5358562767505646;-0.13880995847284794;0.43593573570251465;0.526432603597641;-0.15406324714422226;0.5154208938280741;0.879591683546702;0.08706692637254794;0.471234271923701;0.8578174114227295;0.11210154742002487;;acercandose
3.93;0.49604544043540955;0.1834026277065277;-0.23455774784088135;0.5477608442306519;0.2657760679721832;-0.07227132469415665;0.46059608459472656;0.2622813880443573;-0.07984898239374161;0.553533136844635;0.3995231091976166;-0.012558141723275185;0.4540460407733917;0.3934391736984253;-0.03189054876565933;0.5260650515556335;0.4989708662033081;0.0023350007832050323;0.47650352120399475;0.5002077221870422;-0.0024115918204188347;0.5190055966377258;0.690113365650177;-0.009423901326954365;0.475311279296875;0.694985032081604;-0.012475409545004368;0.5040491551160813;0.158570758998394;-0.23848858326673508;0.5638238936662674;0.5349841415882111;-0.12674078159034252;0.4359882026910782;0.5265349894762039;-0.15031002275645733;0.5142329335212708;0.8843632737795512;0.09163282873729865;0.46553220351537067;0.8826125860214233;0.0900185580054919;;acercandose
3.97;0.4962020814418793;0.1824798434972763;-0.22985762357711792;0.5484899878501892;0.26407134532928467;-0.052777934819459915;0.46057558059692383;0.26164647936820984;-0.0793229341506958;0.555208683013916;0.397731214761734;0.004313935991376638;0.453849732875824;0.3933607339859009;-0.03529607504606247;0.5260272026062012;0.5015396475791931;0.008968686684966087;0.47622737288475037;0.5022444725036621;-0.009007380343973637;0.5188462734222412;0.6940174698829651;-0.001482078805565834;0.47457557916641235;0.7005429863929749;-0.02889455109834671;0.5041287064552307;0.15671151429414748;-0.23318221867084504;0.5670513361692429;0.534472718834877;-0.12272979877889156;0.4359222799539566;0.5269868820905685;-0.15666141360998154;0.5141525864601135;0.8890685637791952;0.10222311938802402;0.46264709035555523;0.9038090705871582;0.06429376701513927;;acercandose
4.0;0.4961118996143341;0.18113097548484802;-0.2188868671655655;0.5489228367805481;0.26248636841773987;-0.03717169165611267;0.46055787801742554;0.261131227016449;-0.07226753979921341;0.5569049119949341;0.39545556902885437;0.015510891564190388;0.45371830463409424;0.3932580053806305;-0.030689606443047523;0.5259113311767578;0.5042475461959839;0.013546628877520561;0.47538015246391296;0.5043761134147644;-0.013559931889176369;0.518727719783783;0.6957476735115051;-0.002068950794637203;0.4738246202468872;0.7037848234176636;-0.0429840050637722;0.5040530532598495;0.15458164513111114;-0.22153920233249663;0.5700912475585938;0.5334120988845825;-0.11949829943478107;0.4358724057674408;0.5280230492353439;-0.154545646160841;0.5134156147638956;0.8902930418650309;0.1053940411657095;0.4602203865845998;0.9170888662338257;0.038111298034588494;;acercandose
4.03;0.4960440993309021;0.18002727627754211;-0.23339109122753143;0.5490849614143372;0.2607562243938446;-0.0532735250890255;0.4605252742767334;0.26092445850372314;-0.08249517530202866;0.5580273270606995;0.3932269811630249;0.0020251909736543894;0.4535163938999176;0.3931213915348053;-0.03845036402344704;0.5258854627609253;0.5035063028335571;0.012655901722609997;0.4748055040836334;0.5041306614875793;-0.012668461538851261;0.5187071561813354;0.6979034543037415;0.0006286106654442847;0.47160810232162476;0.7055404186248779;-0.03921859338879585;0.503932210803032;0.15369651317596436;-0.23653462380170823;0.5715547204017639;0.5306686908006668;-0.1303977593779564;0.4357264041900635;0.5311043113470078;-0.1595115214586258;0.5123403271039327;0.894003669420878;0.09623534170289834;0.4586719175179799;0.9238975246747335;0.025367043912410736;;acercandose
4.07;0.49570921063423157;0.17991720139980316;-0.23595015704631805;0.5491507053375244;0.26101332902908325;-0.05333671346306801;0.4601040482521057;0.2610037624835968;-0.08634679019451141;0.5586531162261963;0.392990380525589;0.0046423315070569515;0.45273134112358093;0.3939853310585022;-0.04166628420352936;0.5258612632751465;0.5035244226455688;0.014045887626707554;0.4740067720413208;0.5041705369949341;-0.014062122441828251;0.5186511874198914;0.6994336247444153;-0.0016332374652847648;0.4702819585800171;0.7058031558990479;-0.04253231734037399;0.5035179138183594;0.15353208035230637;-0.23921453058719636;0.5729865729808807;0.5299542099237442;-0.12461410649120808;0.4355700612068176;0.5343728959560394;-0.1617056056857109;0.5096966226895651;0.8967459201812744;0.08455524349119514;0.4582108060518901;0.9217686057090759;0.02474118024110794;;acercandose
4.1;0.4946163594722748;0.18017317354679108;-0.23488043248653412;0.5488938093185425;0.26117879152297974;-0.04826601594686508;0.4589625597000122;0.26109257340431213;-0.08577974140644073;0.5580872893333435;0.39302459359169006;0.01172682922333479;0.451419472694397;0.39545124769210815;-0.04133516550064087;0.5257763862609863;0.5046775341033936;0.014726312831044197;0.47313106060028076;0.5053442716598511;-0.014740233309566975;0.5185297727584839;0.7000628709793091;-0.0065293023362755775;0.46975836157798767;0.7077863216400146;-0.0463368259370327;0.5026230603456497;0.15379758179187775;-0.23757432997226716;0.5732578784227371;0.5298324227333069;-0.11795496940612793;0.4350745305418968;0.5378210097551346;-0.16190514713525772;0.5073698659737905;0.8984584212303162;0.0816418796312064;0.4585686723391215;0.92320583264033;0.027314710120360058;;acercandose
4.13;0.49315330386161804;0.1804162710905075;-0.2207833081483841;0.5488187074661255;0.2618446946144104;-0.027295004576444626;0.45681488513946533;0.2616506814956665;-0.07828980684280396;0.5577026009559631;0.3933332860469818;0.02928892895579338;0.44945865869522095;0.39958998560905457;-0.03936528414487839;0.5257040858268738;0.5085252523422241;0.01797812432050705;0.472513884305954;0.5100814700126648;-0.01795082539319992;0.5183480978012085;0.7008926868438721;0.005181873217225075;0.46942049264907837;0.712410032749176;-0.05656639486551285;0.5013983726501465;0.15400521010160445;-0.22182602286338807;0.573451429605484;0.5297506898641586;-0.10968231223523617;0.4341034069657326;0.5408256649971008;-0.16249020397663116;0.5067378580570221;0.8970926403999329;0.10308862042923768;0.4592599968115489;0.9289688467979431;0.0014735360940297444;;acercandose
4.17;0.49197453260421753;0.18060503900051117;-0.2242797315120697;0.5480545163154602;0.2626939117908478;-0.03660496696829796;0.4544745683670044;0.26286447048187256;-0.08273547887802124;0.5574784278869629;0.3956637382507324;0.019817925989627838;0.44763216376304626;0.40406301617622375;-0.05014482140541077;0.5256085991859436;0.5119507908821106;0.021554546430706978;0.4721100628376007;0.5140158534049988;-0.02153375931084156;0.5175418257713318;0.7044597864151001;0.035517334938049316;0.46924829483032227;0.7155520915985107;-0.06298983097076416;0.5004084467887878;0.1541607618331909;-0.22748554050922393;0.573427602648735;0.5303219109773636;-0.11904272809624672;0.4330523610115051;0.5451361685991287;-0.1789054498076439;0.507288267215093;0.8955088257789612;0.16134278724590936;0.46029314398765564;0.9326373140017191;-0.015868594249089558;;acercandose
4.2;0.49023789167404175;0.18073703348636627;-0.22858048975467682;0.5468514561653137;0.2649342715740204;-0.0355687141418457;0.45119065046310425;0.26541441679000854;-0.0837876945734024;0.5573740005493164;0.39689871668815613;0.02372807450592518;0.44457241892814636;0.4070933759212494;-0.0520087331533432;0.5255618095397949;0.5167833566665649;0.02226504124701023;0.4717356562614441;0.5193741321563721;-0.02225111797451973;0.5166464447975159;0.7112024426460266;0.03386946767568588;0.46948695182800293;0.7214733362197876;-0.06258976459503174;0.4986668139696121;0.15424395948648453;-0.23162452429533004;0.5727223753929138;0.5326278060674667;-0.12050578370690346;0.43147630989551544;0.5485510230064392;-0.18012645468115807;0.5071305433909098;0.8971425096193949;0.17753573755423227;0.46067829926808673;0.9392804106076559;-0.007844038307666779;;acercandose
4.23;0.4888326823711395;0.18085311353206635;-0.22232434153556824;0.5451392531394958;0.265553742647171;-0.024059850722551346;0.4496331214904785;0.2661632299423218;-0.08011482656002045;0.5560587644577026;0.39686810970306396;0.0355079248547554;0.4418558180332184;0.40628379583358765;-0.04458436742424965;0.5247995257377625;0.5179048180580139;0.023337263613939285;0.47087547183036804;0.5212880373001099;-0.023324759677052498;0.5158608555793762;0.7148099541664124;0.026055874302983284;0.46967199444770813;0.7249078750610352;-0.06347961723804474;0.49704453647136687;0.15424788743257523;-0.22352558225393296;0.5722135007381439;0.5328688770532608;-0.10944326780736446;0.43045424669981003;0.5478884279727936;-0.17002950236201286;0.5073480904102325;0.8990568319956461;0.15871881941954294;0.46090875069300336;0.9425719777743021;-0.003864198923110962;;acercandose
4.27;0.4862074553966522;0.1808125078678131;-0.22649337351322174;0.5417765378952026;0.26545700430870056;-0.023195719346404076;0.44669222831726074;0.2670842707157135;-0.08220264315605164;0.552495002746582;0.39646416902542114;0.037725552916526794;0.4392480254173279;0.4086865782737732;-0.04748627543449402;0.5237576961517334;0.5187448263168335;0.026004139333963394;0.4696688652038574;0.5226650238037109;-0.026006624102592468;0.514471709728241;0.7192259430885315;0.024529479444026947;0.4698062837123871;0.7281011939048767;-0.06628815084695816;0.4946837931871414;0.15416432172060013;-0.22737988978624343;0.5679657459259033;0.5331611186265945;-0.1079818606376648;0.4296458810567856;0.5550321489572525;-0.17388755083084106;0.5075879693031311;0.9008483290672302;0.1770470937093099;0.4612022538979848;0.9471120238304138;0.0038587823510169983;;acercandose
4.3;0.48323193192481995;0.18049485981464386;-0.22736386954784393;0.5384637117385864;0.2647900879383087;-0.028568360954523087;0.4442206621170044;0.26709169149398804;-0.08244931697845459;0.5493870973587036;0.3965090811252594;0.0339466892182827;0.4363609254360199;0.40823760628700256;-0.050280146300792694;0.5226452946662903;0.5188835859298706;0.025653615593910217;0.4681752324104309;0.5226374864578247;-0.02566710114479065;0.5127899050712585;0.7244288921356201;0.01857057772576809;0.46934017539024353;0.7310730218887329;-0.06123518943786621;0.49209930598735807;0.15375651121139527;-0.22890239655971528;0.5631596595048904;0.5347963273525238;-0.10938851907849312;0.4266725406050682;0.5567424148321152;-0.17985154315829277;0.5065846641858419;0.9032739202181498;0.16596442461013794;0.46115278204282123;0.944362203280131;0.015804269661506016;;acercandose
4.33;0.48048874735832214;0.18007701635360718;-0.26169905066490173;0.5369921922683716;0.2647799849510193;-0.06631515175104141;0.4417198598384857;0.26695647835731506;-0.09835550934076309;0.5464118123054504;0.40085357427597046;-0.006043558940291405;0.43354514241218567;0.40768611431121826;-0.05686420947313309;0.5210433602333069;0.519038736820221;0.02401835285127163;0.46611595153808594;0.5228480100631714;-0.024060625582933426;0.5115939974784851;0.7266428470611572;0.0161507036536932;0.46869155764579773;0.7319953441619873;-0.052695926278829575;0.4894526183605194;0.15322756469249726;-0.26425559520721437;0.5592501908540726;0.5410750359296799;-0.15169747173786163;0.4237237572669983;0.5566806942224503;-0.18633125349879265;0.5060538152853647;0.9045211871465048;0.18333559234937033;0.4613332847754161;0.9420521457990011;0.05923781295617422;;acercandose
4.37;0.47806909680366516;0.17915815114974976;-0.2939956486225128;0.5361684560775757;0.265128493309021;-0.10464511066675186;0.43919283151626587;0.2668667733669281;-0.12123089283704758;0.5428133010864258;0.4089497923851013;-0.0415785014629364;0.4309758245944977;0.4075177013874054;-0.07303444296121597;0.519620954990387;0.5203520059585571;0.01745704747736454;0.463886022567749;0.5241910815238953;-0.017526911571621895;0.5112014412879944;0.7285862565040588;0.004801166709512472;0.467120885848999;0.7336689829826355;-0.04086980223655701;0.4873409539461136;0.1521734654903412;-0.29776290655136106;0.5549425035715103;0.5561670362949371;-0.17343976348638535;0.4196549877524376;0.5584116578102112;-0.19937056303024292;0.5053559939066569;0.9056978623072306;0.18905418862899145;0.46143750349680585;0.940552274386088;0.08684548425177734;;acercandose
4.4;0.4764622449874878;0.1783006638288498;-0.27903109788894653;0.5347048044204712;0.2650831639766693;-0.09109066426753998;0.4368242919445038;0.26682049036026;-0.11353740096092224;0.5384605526924133;0.40904030203819275;-0.032370686531066895;0.4289434850215912;0.40772727131843567;-0.0682242289185524;0.5178181529045105;0.5207575559616089;0.015425268560647964;0.46147778630256653;0.5251836776733398;-0.015483260154724121;0.5112513303756714;0.7269140481948853;0.002013788791373372;0.46577906608581543;0.7359698414802551;-0.041069526225328445;0.4857037842273712;0.15135636329650878;-0.2822034478187561;0.5471481829881668;0.5569480657577515;-0.17051180824637413;0.4174535945057869;0.5592574626207352;-0.1940690465271473;0.5053183933099111;0.905670702457428;0.20244212448596954;0.4618588884671529;0.9400675892829895;0.07911119858423869;;acercandose
4.43;0.4752074182033539;0.17760233581066132;-0.280536413192749;0.5331383347511292;0.26505860686302185;-0.09088503569364548;0.43532007932662964;0.2665315270423889;-0.1114288717508316;0.535402774810791;0.40826985239982605;-0.03869468346238136;0.4272374212741852;0.4075390100479126;-0.06653817743062973;0.5162729024887085;0.5212520956993103;0.015303844586014748;0.45990073680877686;0.5265188217163086;-0.015355769544839859;0.5124523043632507;0.7261341214179993;0.02559232898056507;0.4644703269004822;0.7375455498695374;-0.04263613745570183;0.48437668681144713;0.1505296066403389;-0.2840424686670303;0.5409184545278549;0.5539886504411697;-0.18730983510613441;0.41562964022159576;0.5615343302488327;-0.1921822987496853;0.5056026875972748;0.9064968824386597;0.23805705706278482;0.46221161882082623;0.9436221520105997;0.05886416013042132;;acercandose
4.47;0.4735831916332245;0.17682194709777832;-0.27446112036705017;0.5318273305892944;0.2650524973869324;-0.08897316455841064;0.43394801020622253;0.266483336687088;-0.11041884869337082;0.5334782004356384;0.40759867429733276;-0.039170973002910614;0.4251873791217804;0.4093109965324402;-0.06230686232447624;0.5159371495246887;0.5221748948097229;0.013941205106675625;0.45964375138282776;0.5276565551757812;-0.013982169330120087;0.5165280103683472;0.7250577211380005;0.028350088745355606;0.46332019567489624;0.7390245795249939;-0.062789186835289;0.4829169899225235;0.14970149993896484;-0.2775449737906456;0.5367597043514252;0.5542458295822144;-0.18483710661530495;0.4120226502418518;0.564341738820076;-0.1861165165901184;0.5088043014208475;0.9036937952041626;0.2516375382741292;0.462310125430425;0.946837584177653;-0.0032424417634805045;;acercandose
4.5;0.4723098576068878;0.17607145011425018;-0.2766604423522949;0.5311692357063293;0.2649877369403839;-0.09245652705430984;0.4326403737068176;0.2663401663303375;-0.11067133396863937;0.5326686501502991;0.4071428179740906;-0.04080159217119217;0.42361554503440857;0.4102332293987274;-0.06478513032197952;0.5157268643379211;0.5229331851005554;0.01400077249854803;0.45929405093193054;0.5284170508384705;-0.014038956724107265;0.5192030668258667;0.7248474359512329;0.0469655804336071;0.4619174003601074;0.7399221062660217;-0.05958910658955574;0.4816464275121689;0.14866301119327546;-0.2799289092421532;0.5363812893629074;0.5539175719022751;-0.18153076991438866;0.40899766981601715;0.5658196657896042;-0.18628079071640968;0.5130322575569153;0.8999425172805786;0.2587626626094182;0.4626160164674123;0.9461347063382467;0.017468556761741638;;acercandose
4.53;0.4715862572193146;0.1748889833688736;-0.2826453745365143;0.5302581787109375;0.264350950717926;-0.09697041660547256;0.4319433867931366;0.26602765917778015;-0.11634500324726105;0.5324227213859558;0.4070254862308502;-0.039139315485954285;0.422589510679245;0.4100175201892853;-0.06921439617872238;0.5156776905059814;0.5226396918296814;0.01365701761096716;0.45886510610580444;0.528146505355835;-0.013694596476852894;0.5205174088478088;0.7241708040237427;0.03657980635762215;0.460949569940567;0.7403620481491089;-0.052235063165426254;0.4809423297643661;0.14720124304294585;-0.2862774863839149;0.5374874174594879;0.5530523061752319;-0.17475787550210953;0.4078322649002075;0.567271962761879;-0.18661824241280556;0.5161813298861185;0.9086981813112894;0.23623869816462198;0.4625130593776703;0.94692595799764;0.030695997178554535;;acercandose
