segundo;landmark_10_x;landmark_10_y;landmark_10_z;landmark_11_x;landmark_11_y;landmark_11_z;landmark_12_x;landmark_12_y;landmark_12_z;landmark_13_x;landmark_13_y;landmark_13_z;landmark_14_x;landmark_14_y;landmark_14_z;landmark_23_x;landmark_23_y;landmark_23_z;landmark_24_x;landmark_24_y;landmark_24_z;landmark_25_x;landmark_25_y;landmark_25_z;landmark_26_x;landmark_26_y;landmark_26_z;cara_prom_x;cara_prom_y;cara_prom_z;mano_izquierda_prom_x;mano_izquierda_prom_y;mano_izquierda_prom_z;mano_derecha_prom_x;mano_derecha_prom_y;mano_derecha_prom_z;pie_izquierdo_prom_x;pie_izquierdo_prom_y;pie_izquierdo_prom_z;pie_derecho_prom_x;pie_derecho_prom_y;pie_derecho_prom_z;;Etiqueta;Vista
0.03;0.5271876454353333;0.28462234139442444;-0.12249145656824112;0.5585430860519409;0.3504186272621155;-0.2731788754463196;0.5486354231834412;0.3545958399772644;0.040036749094724655;0.5518130660057068;0.47882094979286194;-0.30254486203193665;0.5457515120506287;0.4706251919269562;0.08252444118261337;0.5540114045143127;0.5734838843345642;-0.09391208738088608;0.5479012727737427;0.5698433518409729;0.09387470781803131;0.5523210763931274;0.7161435484886169;-0.029626186937093735;0.5481668710708618;0.6986281275749207;0.21436399221420288;0.5313839972019195;0.25935181975364685;-0.15175698325037956;0.5261696875095367;0.5976363867521286;-0.2911614701151848;0.5335962176322937;0.5853252708911896;0.01418988045770675;0.5493664145469666;0.8843034307161967;0.019492709388335545;0.5495488047599792;0.8488633036613464;0.35079507033030194;;vertical;lateral
0.07;0.5273475646972656;0.2847752273082733;-0.11354836076498032;0.55903160572052;0.3499208092689514;-0.26095378398895264;0.5502418875694275;0.35369378328323364;0.042490921914577484;0.551420271396637;0.47624537348747253;-0.27989134192466736;0.5460079908370972;0.4704442024230957;0.08253993839025497;0.5540566444396973;0.5701344609260559;-0.0911848396062851;0.5479196310043335;0.5684599280357361;0.0911053866147995;0.5538063645362854;0.7164093852043152;-0.020874926820397377;0.548895001411438;0.7101708650588989;0.17664356529712677;0.531586903333664;0.2596424430608749;-0.1416522331535816;0.5257969349622726;0.5975050926208496;-0.2512741722166538;0.5321228802204132;0.5855900198221207;0.015653767273761332;0.5492669343948364;0.8845151662826538;0.04417952770988146;0.5501715540885925;0.8550687233606974;0.2732277313868205;;vertical;lateral
0.1;0.527389407157898;0.28526246547698975;-0.1070912554860115;0.5592226982116699;0.3496507406234741;-0.2540942430496216;0.5508432984352112;0.353510320186615;0.04610268399119377;0.5507677793502808;0.4752885699272156;-0.27181702852249146;0.5460609793663025;0.4704393148422241;0.08332064747810364;0.5540701150894165;0.5692851543426514;-0.08982831984758377;0.5479713678359985;0.568243682384491;0.08973826467990875;0.55455482006073;0.7172934412956238;-0.0215277262032032;0.5493952035903931;0.7145286798477173;0.16546593606472015;0.5316543698310852;0.26023063957691195;-0.13494546264410018;0.5256427377462387;0.5975566208362579;-0.24157890677452087;0.5315203219652176;0.586199477314949;0.017286397836869583;0.5492544770240784;0.8849408825238546;0.04247096413746476;0.5515190760294596;0.8578557372093201;0.253149355451266;;vertical;lateral
0.13;0.527355968952179;0.2857111692428589;-0.10569849610328674;0.5592267513275146;0.34947842359542847;-0.2536819577217102;0.5511899590492249;0.3531557619571686;0.047856301069259644;0.5501559972763062;0.4748740792274475;-0.2704453766345978;0.5462779998779297;0.47012093663215637;0.0841565653681755;0.5540730953216553;0.569137692451477;-0.08952964097261429;0.5482549667358398;0.5681875348091125;0.08943953365087509;0.5545445680618286;0.718011200428009;-0.021098123863339424;0.5497398376464844;0.7151350378990173;0.16587033867835999;0.5316135585308075;0.26064302325248717;-0.13396661803126336;0.525667816400528;0.5976117253303528;-0.23566800728440285;0.5316506624221802;0.5860916525125504;0.019284793015685864;0.5492430925369263;0.8854303161303202;0.04359528267135223;0.5525593956311544;0.8591086864471436;0.25525347888469696;;vertical;lateral
0.17;0.527221143245697;0.2857365906238556;-0.1012839674949646;0.5591043829917908;0.3492734134197235;-0.2496185153722763;0.5517105460166931;0.35262390971183777;0.05084215849637985;0.5494440793991089;0.4747518301010132;-0.2656558156013489;0.5466830134391785;0.4701071083545685;0.08510088175535202;0.5540170669555664;0.5689074397087097;-0.08944252878427505;0.5487719774246216;0.568034827709198;0.08935147523880005;0.5546523332595825;0.7183517217636108;-0.02117127552628517;0.5497680902481079;0.71543288230896;0.1647278368473053;0.5314717948436737;0.2607171177864075;-0.12933334782719613;0.5258007794618607;0.5979205667972565;-0.23215849325060844;0.532086193561554;0.587211400270462;0.019888838374754414;0.5492702523867289;0.8859483003616333;0.041850934736430645;0.552521804968516;0.8603672782580057;0.25566983222961426;;vertical;lateral
0.2;0.527096152305603;0.2857338488101959;-0.10417937487363815;0.558820366859436;0.3489658236503601;-0.25230056047439575;0.5519336462020874;0.35162293910980225;0.04963493347167969;0.5491163730621338;0.4747976064682007;-0.2689439356327057;0.5471466779708862;0.47009652853012085;0.08436758816242218;0.5539944767951965;0.568269670009613;-0.08947554975748062;0.5491412281990051;0.5671800971031189;0.08938374370336533;0.554646909236908;0.7184047102928162;-0.02170787751674652;0.5497621297836304;0.7146556377410889;0.16653423011302948;0.5313123345375061;0.2607898056507111;-0.13236528299748898;0.5265637189149857;0.5992684960365295;-0.23788270726799965;0.5338749438524246;0.5882978588342667;0.01957350823795423;0.5493249297142029;0.8862828214963278;0.03930852189660072;0.5524425903956095;0.8603233098983765;0.26092560589313507;;vertical;lateral
0.23;0.5269894599914551;0.2856585383415222;-0.10394985973834991;0.5584343671798706;0.34869492053985596;-0.2511787712574005;0.5521645545959473;0.3509424030780792;0.04891449958086014;0.5489436984062195;0.4747995436191559;-0.26798295974731445;0.5476073026657104;0.47009509801864624;0.08365492522716522;0.5539587736129761;0.5677022933959961;-0.08944281935691833;0.5493662357330322;0.5664047598838806;0.08934921026229858;0.5547225475311279;0.7180191278457642;-0.021427327767014503;0.549741268157959;0.7139445543289185;0.16489005088806152;0.5311722755432129;0.2607750207185745;-0.13197367899119855;0.5276979207992554;0.6002085208892822;-0.2381507270038128;0.5355639606714249;0.5894036740064621;0.019257115316577256;0.5494058132171631;0.8863716721534729;0.040361967558662094;0.5523422956466675;0.8602200547854105;0.25758013625939685;;vertical;lateral
0.27;0.5266830325126648;0.28524020314216614;-0.10350233316421509;0.5579319000244141;0.3485545217990875;-0.2490074336528778;0.552290678024292;0.3507685959339142;0.048476625233888626;0.5488899946212769;0.47482526302337646;-0.26526856422424316;0.5480586886405945;0.4704359769821167;0.08235345780849457;0.5539549589157104;0.5673567056655884;-0.08891870081424713;0.5498244762420654;0.5659664273262024;0.08881963789463043;0.5547720789909363;0.7176199555397034;-0.02019120752811432;0.5497328042984009;0.7137327790260315;0.1603715717792511;0.5309313714504242;0.2606435239315033;-0.1312542013823986;0.5291894227266312;0.6015574485063553;-0.23553863167762756;0.5367918461561203;0.5907400697469711;0.01881690685695503;0.549498995145162;0.8865916927655538;0.04275130449483792;0.5522879163424174;0.861170748869578;0.2491972545782725;;vertical;lateral
0.3;0.5262755155563354;0.2846817374229431;-0.10188110172748566;0.5571988821029663;0.34854379296302795;-0.24636806547641754;0.5523992776870728;0.3507889211177826;0.04834768921136856;0.5487433075904846;0.47489801049232483;-0.2621801793575287;0.5484474301338196;0.4712604880332947;0.08188730478286743;0.5539541244506836;0.5673310160636902;-0.08869805186986923;0.5504575967788696;0.5657364130020142;0.08859622478485107;0.5547772645950317;0.7174843549728394;-0.01919398084282875;0.5497310757637024;0.7139849066734314;0.159378319978714;0.530576890707016;0.2604417085647583;-0.12938282787799835;0.5308246314525604;0.6027388274669647;-0.23320577293634415;0.5383096635341644;0.5918108373880386;0.018646885429916438;0.5496213436126709;0.8867585261662801;0.04439255672817429;0.5521773099899292;0.8621763586997986;0.24904052913188934;;vertical;lateral
0.33;0.5258834362030029;0.28453299403190613;-0.09762919694185257;0.5563554167747498;0.34852319955825806;-0.242550790309906;0.552368700504303;0.35078853368759155;0.05096730962395668;0.5487215518951416;0.4747602045536041;-0.2584603726863861;0.5485960841178894;0.47126591205596924;0.08332989364862442;0.5539759397506714;0.5672997236251831;-0.08876322954893112;0.5508424639701843;0.5652816891670227;0.08866246044635773;0.5548675060272217;0.7173449397087097;-0.019596697762608528;0.5497053861618042;0.7138113379478455;0.15905272960662842;0.5301342308521271;0.26040259897708895;-0.12490643821656704;0.5325205326080322;0.6025097072124481;-0.23062733933329582;0.5396250039339066;0.5912736505270004;0.02100802125642076;0.5498365163803101;0.8868399659792582;0.04314355396976074;0.5521485805511475;0.8619342843691508;0.24741204579671225;;vertical;lateral
0.37;0.5251796245574951;0.28441935777664185;-0.09964904189109802;0.5560299754142761;0.34857943654060364;-0.24449054896831512;0.5523403882980347;0.35081198811531067;0.05078946799039841;0.5487255454063416;0.4750489592552185;-0.260968416929245;0.5486447215080261;0.4717558026313782;0.08261411637067795;0.5539230704307556;0.5673336386680603;-0.08878644555807114;0.5508108139038086;0.5650607943534851;0.08868616819381714;0.5551042556762695;0.7174871563911438;-0.019860537722706795;0.5495503544807434;0.7140023112297058;0.16236338019371033;0.5294726431369782;0.26037998497486115;-0.12716062925755978;0.5340541303157806;0.6024831980466843;-0.23521744832396507;0.5403126180171967;0.591132640838623;0.020680875924881548;0.5500736435254415;0.8868572314580282;0.042491581911842026;0.5519992113113403;0.8611701130867004;0.25596342980861664;;vertical;lateral
0.4;0.5245688557624817;0.2842912971973419;-0.09977007657289505;0.5555869340896606;0.34859341382980347;-0.2435767650604248;0.5522395372390747;0.35083502531051636;0.050288084894418716;0.5487361550331116;0.4750969707965851;-0.260319322347641;0.5487522482872009;0.4719642400741577;0.08252551406621933;0.5537833571434021;0.5673609972000122;-0.08871108293533325;0.550792396068573;0.5649491548538208;0.0886116549372673;0.5552210807800293;0.7176609039306641;-0.019940026104450226;0.5494498610496521;0.7140988707542419;0.1615942120552063;0.5289107918739319;0.2603591650724411;-0.12715446539223194;0.5351310968399048;0.6025132685899734;-0.23666393384337425;0.5414621531963348;0.5911137163639069;0.020484460168518126;0.5501450101534525;0.8868217666943868;0.041705588499704994;0.5518818497657776;0.8609025875727335;0.2545323818922043;;vertical;lateral
0.43;0.5240545272827148;0.28412115573883057;-0.09918329864740372;0.5550622344017029;0.34859147667884827;-0.2419978231191635;0.552031397819519;0.3509199023246765;0.04995783045887947;0.5487449765205383;0.47510799765586853;-0.2593526542186737;0.5487766861915588;0.47220033407211304;0.08251139521598816;0.5536873936653137;0.5673069357872009;-0.08861707150936127;0.5508305430412292;0.5646131038665771;0.08851957321166992;0.5553078651428223;0.717765748500824;-0.02018802799284458;0.5493376851081848;0.7140196561813354;0.16049329936504364;0.5284505605697631;0.26033390760421754;-0.1263737440109253;0.5361958593130112;0.6028858870267868;-0.23783749714493752;0.542486846446991;0.5911424905061722;0.020485647954046726;0.5501603285471598;0.8867547114690145;0.03923086977253357;0.5518174568812052;0.8602959911028544;0.2518037011226018;;vertical;lateral
0.47;0.5236643552780151;0.2841047942638397;-0.0988454669713974;0.5544942617416382;0.3485942780971527;-0.24181218445301056;0.5519963502883911;0.3509505093097687;0.04980919882655144;0.5487523078918457;0.475189745426178;-0.25929516553878784;0.5490056276321411;0.47253337502479553;0.08251967281103134;0.5535740256309509;0.5673102140426636;-0.08855725824832916;0.5510669350624084;0.5644593834877014;0.08846041560173035;0.5553671717643738;0.7181354761123657;-0.02006753720343113;0.5492485165596008;0.714099109172821;0.16024018824100494;0.5280294239521026;0.2603547930717468;-0.12592697739601136;0.5367714315652847;0.6033252030611038;-0.23836840316653252;0.5432942658662796;0.5912611484527588;0.02080191735876724;0.5501509507497152;0.8866711457570394;0.0393664687871933;0.5517325202624003;0.8596049348513285;0.25229214628537494;;vertical;lateral
0.5;0.5232536196708679;0.28411033749580383;-0.09851634502410889;0.5537473559379578;0.3485940098762512;-0.24204884469509125;0.5519822835922241;0.35096436738967896;0.04981156066060066;0.5487332344055176;0.47527170181274414;-0.2596786320209503;0.5492996573448181;0.4726877808570862;0.08259445428848267;0.5533494353294373;0.5672997236251831;-0.08855856955051422;0.5514227747917175;0.5643380284309387;0.0884614810347557;0.5554097294807434;0.7183151245117188;-0.019830288365483284;0.5491616725921631;0.7140495181083679;0.16135260462760925;0.5275300681591034;0.26041620373725893;-0.12551141008734704;0.536935955286026;0.603613018989563;-0.2387654297053814;0.5439048260450363;0.5914204269647598;0.021560715744271874;0.5501403411229452;0.8866104483604431;0.039435870945453644;0.5516393184661865;0.8586409489313761;0.25482117136319477;;vertical;lateral
0.53;0.5229058265686035;0.28413495421409607;-0.09869494289159775;0.5532721877098083;0.3486022353172302;-0.24245385825634003;0.5519750118255615;0.3509748578071594;0.04971263185143471;0.5487184524536133;0.4753653407096863;-0.2602015733718872;0.5496020317077637;0.4728390574455261;0.08253761380910873;0.5532501935958862;0.5673061609268188;-0.08855896443128586;0.5516267418861389;0.5643265843391418;0.08846156299114227;0.5554459691047668;0.7184650301933289;-0.01908418908715248;0.5490477681159973;0.7140310406684875;0.1620354950428009;0.5270976960659027;0.26048058569431304;-0.12568302266299725;0.5370287895202637;0.6037711948156357;-0.23900456354022026;0.5442680865526199;0.5915025621652603;0.021477505564689636;0.5501282016436259;0.8865997592608134;0.040901087845365204;0.5516159137090048;0.857809046904246;0.25604667762915295;;vertical;lateral
0.57;0.5225434899330139;0.2841324210166931;-0.09896945208311081;0.553122878074646;0.34867918491363525;-0.24293100833892822;0.5519298315048218;0.3510727286338806;0.04959526285529137;0.5487082600593567;0.4753786027431488;-0.2607230246067047;0.5496585965156555;0.4728752672672272;0.08238214999437332;0.5531386733055115;0.5673109889030457;-0.0885259136557579;0.5516257882118225;0.5643205642700195;0.0884273424744606;0.5554630756378174;0.7185834646224976;-0.01737034134566784;0.5489875674247742;0.7140101194381714;0.16243551671504974;0.5267267644405365;0.26049104928970335;-0.12605154253542422;0.5368712991476059;0.6037784963846207;-0.23910034075379372;0.5442194193601608;0.5915376991033554;0.021420772653073072;0.5501277248064677;0.8865967790285746;0.04487773931274811;0.5516015887260437;0.8575728138287863;0.2567734668652217;;vertical;lateral
0.6;0.5221525430679321;0.2840905785560608;-0.09811367094516754;0.552939236164093;0.34862104058265686;-0.242268368601799;0.5518612265586853;0.3510846197605133;0.049966443330049515;0.5486565232276917;0.47539299726486206;-0.26021599769592285;0.5496559143066406;0.4729011356830597;0.08271994441747665;0.5529611110687256;0.5672999620437622;-0.08847103267908096;0.5516172051429749;0.5643226504325867;0.08837079256772995;0.555473268032074;0.7187346816062927;-0.016576407477259636;0.5489442944526672;0.7139843702316284;0.16103295981884003;0.5263499081134796;0.26048187613487245;-0.12511245757341385;0.5367537289857864;0.6037310212850571;-0.23891456052660942;0.5440765172243118;0.591638833284378;0.02174539037514478;0.5501219431559244;0.8866567611694336;0.04619449136468271;0.5515610774358114;0.8575613300005595;0.2544649988412857;;vertical;lateral
0.63;0.5216793417930603;0.28405675292015076;-0.09716017544269562;0.5527330040931702;0.34860411286354065;-0.2417600452899933;0.5517985224723816;0.35108980536460876;0.05057993158698082;0.5485532879829407;0.47540631890296936;-0.25976747274398804;0.5496416687965393;0.47291094064712524;0.083130843937397;0.5528291463851929;0.5672914385795593;-0.08846826106309891;0.5516108274459839;0.5643215775489807;0.0883675143122673;0.5554779171943665;0.7187647223472595;-0.016738777980208397;0.548905611038208;0.7139577269554138;0.16062788665294647;0.525922417640686;0.2604695916175842;-0.12415266521275044;0.5366136133670807;0.6036852300167084;-0.23849811777472496;0.543940931558609;0.5918287634849548;0.02198583772405982;0.55011914173762;0.886756161848704;0.045480065823843084;0.551547626654307;0.8575833439826965;0.2538807888825734;;vertical;lateral
0.67;0.5209136605262756;0.28394559025764465;-0.09719732403755188;0.552451491355896;0.34859710931777954;-0.24209116399288177;0.5516529083251953;0.3510987162590027;0.05055028945207596;0.5484442710876465;0.4755376875400543;-0.2599363923072815;0.5496161580085754;0.47309717535972595;0.08307018131017685;0.5526897311210632;0.5672933459281921;-0.08854109048843384;0.551499605178833;0.5643215775489807;0.08843852579593658;0.5554772615432739;0.7187774181365967;-0.016907164826989174;0.5488067269325256;0.7138975858688354;0.16155827045440674;0.5253404915332794;0.26039824187755584;-0.12425921075046062;0.5362280756235123;0.603687047958374;-0.23874186724424362;0.5433248281478882;0.5920887589454651;0.02160712657496333;0.5501200358072916;0.8868531187375387;0.04508718832706412;0.5515368183453878;0.8574930826822916;0.25729117294152576;;vertical;lateral
0.7;0.5203384160995483;0.2839163839817047;-0.09784679859876633;0.5520675778388977;0.3486173748970032;-0.24356991052627563;0.5512277483940125;0.35114383697509766;0.05048059672117233;0.5483747720718384;0.47562578320503235;-0.2610476016998291;0.5494874119758606;0.47313031554222107;0.0831521600484848;0.5526597499847412;0.5674638152122498;-0.08885331451892853;0.5512990951538086;0.5645298361778259;0.08874864131212234;0.5554746985435486;0.7187817692756653;-0.016580000519752502;0.5487242937088013;0.713573157787323;0.16616208851337433;0.524822610616684;0.26038297414779665;-0.12490176893770695;0.5353653132915497;0.6035448759794235;-0.2387973591685295;0.5422679781913757;0.5920121520757675;0.02144965808838606;0.5501291950543722;0.8869059483210245;0.04685061161095897;0.5515082677205404;0.8567158977190653;0.2664477427800496;;vertical;lateral
0.73;0.5197006464004517;0.2838970422744751;-0.09776525944471359;0.5515323281288147;0.3486213982105255;-0.2440497875213623;0.5507242679595947;0.35116758942604065;0.05214487761259079;0.5482558608055115;0.4756355285644531;-0.26202288269996643;0.54942786693573;0.47306349873542786;0.08505525439977646;0.552667498588562;0.5674712061882019;-0.08922968059778214;0.5513017177581787;0.5645351409912109;0.08912041783332825;0.5554900169372559;0.7187873721122742;-0.016243113204836845;0.5487205982208252;0.7134563326835632;0.1668282300233841;0.5242720425128937;0.2603787839412689;-0.12477247714996338;0.5347191095352173;0.603410929441452;-0.23888343572616577;0.5415487736463547;0.5919276624917984;0.022327644866891205;0.5501359303792318;0.8869450887044271;0.04793942479106287;0.5514518221219381;0.8564044038454691;0.26619577904542285;;vertical;lateral
0.77;0.5191007852554321;0.2838902175426483;-0.09704260528087616;0.5512044429779053;0.3486347794532776;-0.2439960092306137;0.5502074956893921;0.35121777653694153;0.05303439125418663;0.5478503108024597;0.4756808280944824;-0.2619472146034241;0.5487427711486816;0.47304248809814453;0.08576742559671402;0.55265873670578;0.5674740076065063;-0.08934297412633896;0.5512980222702026;0.5645440816879272;0.08923066407442093;0.5554898977279663;0.7187706828117371;-0.016226962208747864;0.5486863851547241;0.7134140133857727;0.1657329797744751;0.5236916303634643;0.2603847563266754;-0.12405614778399468;0.5337179452180862;0.6036428809165955;-0.23812023177742958;0.5401627123355865;0.5923746079206467;0.022962260292842984;0.5501591165860494;0.887122392654419;0.04826106068988641;0.551394522190094;0.8565513094266256;0.26269865532716113;;vertical;lateral
0.8;0.5185048580169678;0.28395605087280273;-0.09537829458713531;0.550588846206665;0.3486529588699341;-0.24348756670951843;0.5498982667922974;0.35122939944267273;0.05442414805293083;0.5470937490463257;0.4758068025112152;-0.2618190050125122;0.5481786727905273;0.4730413258075714;0.08657719194889069;0.5524871945381165;0.5674960613250732;-0.08938578516244888;0.5512952208518982;0.564693808555603;0.08927279710769653;0.5554481744766235;0.7187628149986267;-0.016267403960227966;0.5486798286437988;0.7133945822715759;0.16427673399448395;0.5228872299194336;0.2604871243238449;-0.12233749590814114;0.5324052274227142;0.603982999920845;-0.2375529371201992;0.5390674471855164;0.5932220369577408;0.023516195244155824;0.5501282215118408;0.8871462146441141;0.04825219868992766;0.5513483087221781;0.856732706228892;0.25870654980341595;;vertical;lateral
0.83;0.518135130405426;0.2839689254760742;-0.09473682940006256;0.5501524209976196;0.34864985942840576;-0.24349109828472137;0.5496561527252197;0.35123544931411743;0.054785918444395065;0.5466454029083252;0.4758179485797882;-0.26196661591529846;0.5478171706199646;0.47266432642936707;0.08651208877563477;0.5523045659065247;0.5674455165863037;-0.08946400135755539;0.5513056516647339;0.5647196173667908;0.08934956789016724;0.5554203987121582;0.7186899781227112;-0.01620418205857277;0.548695981502533;0.7133734226226807;0.1640566885471344;0.5223094701766968;0.2605252206325531;-0.12170487828552723;0.5304280817508698;0.6040129363536835;-0.2375902496278286;0.5381050109863281;0.593593642115593;0.023419691831804812;0.5501187046368917;0.8871029019355774;0.048881776844306536;0.5513351559638977;0.8568236827850342;0.2581913669904073;;vertical;lateral
0.87;0.5177148580551147;0.2841033339500427;-0.09071498364210129;0.5496581792831421;0.34860464930534363;-0.23997975885868073;0.549149215221405;0.3512428104877472;0.056584615260362625;0.5461353063583374;0.47565212845802307;-0.25833457708358765;0.5473167300224304;0.4722362160682678;0.08692634105682373;0.5522540211677551;0.5673931241035461;-0.08934087306261063;0.5512940287590027;0.5647926926612854;0.08922632783651352;0.5553961992263794;0.7185992002487183;-0.01631857268512249;0.5486922860145569;0.7134255766868591;0.16034820675849915;0.5217677593231201;0.260665288567543;-0.11736759059131145;0.5292662531137466;0.6037676334381104;-0.23067789524793625;0.5370235741138458;0.5937350988388062;0.02392527915071696;0.5501018563906351;0.8870479861895243;0.048142184173533074;0.5512805581092834;0.8573095798492432;0.2504794845978419;;vertical;lateral
0.9;0.5168476700782776;0.28415778279304504;-0.09059840440750122;0.5489749908447266;0.3485233187675476;-0.23994280397891998;0.5480883121490479;0.35130807757377625;0.05725589394569397;0.5459138751029968;0.4755809009075165;-0.2579379677772522;0.5466755628585815;0.47216641902923584;0.08696235716342926;0.5522485971450806;0.5676281452178955;-0.08939705789089203;0.5511380434036255;0.5656301975250244;0.08928125351667404;0.5553981065750122;0.7185990214347839;-0.016330812126398087;0.5486875176429749;0.7136779427528381;0.16067276895046234;0.5207936465740204;0.26075202226638794;-0.11717749573290348;0.5278597474098206;0.6034233272075653;-0.22907434776425362;0.535036489367485;0.5937979966402054;0.02384896483272314;0.5500874718030294;0.8870282967885336;0.047655899271679424;0.5511165459950765;0.857293168703715;0.25153304636478424;;vertical;lateral
0.93;0.5159276127815247;0.28415584564208984;-0.09130352735519409;0.5486182570457458;0.3484514355659485;-0.2405436784029007;0.546825110912323;0.3513502776622772;0.05719589814543724;0.5456882119178772;0.4755692481994629;-0.25827744603157043;0.5456643104553223;0.47217312455177307;0.08649332821369171;0.5522992610931396;0.5681414008140564;-0.08944753557443619;0.5508425831794739;0.5668784976005554;0.0893305316567421;0.5555554032325745;0.7187617421150208;-0.01636175811290741;0.5488057732582092;0.7149126529693604;0.16517500579357147;0.519817566871643;0.26076720058918;-0.11761223375797272;0.5264641344547272;0.6034792810678482;-0.2299961932003498;0.5327445417642593;0.5942071229219437;0.022805887972936034;0.5501281023025513;0.8870816230773926;0.04743936793723454;0.5508730014165243;0.858271578947703;0.26203657190004986;;vertical;lateral
0.97;0.5143612027168274;0.28406766057014465;-0.09368576854467392;0.5480454564094543;0.3479650318622589;-0.2416764348745346;0.5457376837730408;0.3511315584182739;0.05594436451792717;0.5454344749450684;0.47546327114105225;-0.2588781714439392;0.5450932383537292;0.47212478518486023;0.08524889498949051;0.5523032546043396;0.5685994625091553;-0.08940284699201584;0.5507639050483704;0.5677314400672913;0.08928554505109787;0.555553138256073;0.7190507054328918;-0.01619015261530876;0.5492039322853088;0.7159808874130249;0.16561341285705566;0.5181933581829071;0.26075775623321534;-0.12006673738360404;0.525436669588089;0.6035701632499695;-0.2307645045220852;0.5317332595586777;0.5946263670921326;0.020520653342828155;0.5500426888465881;0.8871339758237203;0.04795656768449893;0.5508413712183634;0.8597112496693929;0.261714701851209;;vertical;lateral
1.0;0.5131369829177856;0.28555577993392944;-0.09390927851200104;0.5473816394805908;0.34764617681503296;-0.24189957976341248;0.5450131893157959;0.35091277956962585;0.055588871240615845;0.5452085733413696;0.47533270716667175;-0.2604973316192627;0.5449610352516174;0.4713582992553711;0.0851147398352623;0.5525159239768982;0.5685688853263855;-0.0892748013138771;0.5509055852890015;0.5677129030227661;0.0891592726111412;0.5555522441864014;0.7191020250320435;-0.016257943585515022;0.5496214032173157;0.7159385085105896;0.16660916805267334;0.5165397167205811;0.26255715191364287;-0.12017401419579983;0.5249661207199097;0.6034078896045685;-0.23218808323144913;0.5317758619785309;0.5934851914644241;0.020619076443836093;0.5499857266743978;0.8872474829355875;0.04584329117399951;0.5506822864214579;0.8598735531171163;0.262522354722023;;vertical;lateral
1.03;0.5121843218803406;0.2890547215938568;-0.09248528629541397;0.5463466644287109;0.3474281132221222;-0.24129818379878998;0.5447269082069397;0.35023191571235657;0.05541565641760826;0.5444844961166382;0.47521132230758667;-0.2603428065776825;0.545018196105957;0.46952107548713684;0.08493651449680328;0.55332350730896;0.5681585073471069;-0.08914563059806824;0.5513735413551331;0.567146360874176;0.0890306681394577;0.5555368065834045;0.7185968160629272;-0.016269616782665253;0.5502732396125793;0.7155272960662842;0.16779428720474243;0.5148681402206421;0.2658825546503067;-0.11848522573709488;0.5248124599456787;0.6033250689506531;-0.2293979711830616;0.5323137491941452;0.5886975824832916;0.024285332765430212;0.550041139125824;0.8868380586306254;0.04496933131789168;0.5502673387527466;0.8600077430407206;0.2637710819641749;;inclinandose;lateral
1.07;0.5112465620040894;0.2920522391796112;-0.09182053059339523;0.5454990267753601;0.34729257225990295;-0.24138019979000092;0.5441017746925354;0.3498758375644684;0.055600959807634354;0.543973445892334;0.4748913049697876;-0.2618352770805359;0.545049786567688;0.46837329864501953;0.08535146713256836;0.5544537901878357;0.5673811435699463;-0.08942767232656479;0.5516313910484314;0.5664779543876648;0.08931347727775574;0.5555607676506042;0.7185158133506775;-0.019927959889173508;0.5507264137268066;0.7145450115203857;0.1744416207075119;0.5133013486862182;0.2687638133764267;-0.1178504828363657;0.5248378962278366;0.6031032055616379;-0.2298598550260067;0.5326780825853348;0.58597731590271;0.02785321115516126;0.5500147342681885;0.8867392142613729;0.03323981196930011;0.5500568151473999;0.8593902985254923;0.2754427194595337;;inclinandose;lateral
1.1;0.5092617869377136;0.29491379857063293;-0.0861038789153099;0.5445587038993835;0.3471905291080475;-0.2389678955078125;0.5430601239204407;0.34988054633140564;0.05937282368540764;0.5437248945236206;0.4736654460430145;-0.2618022561073303;0.5450612306594849;0.46785062551498413;0.08900870382785797;0.5550187826156616;0.5657857656478882;-0.08943494409322739;0.5519604086875916;0.5651509165763855;0.08932160586118698;0.5555198788642883;0.7167371511459351;-0.02317177504301071;0.5514521598815918;0.7135589122772217;0.16762015223503113;0.5106070935726166;0.27151926457881925;-0.11210164800286293;0.5248448252677917;0.6028195321559906;-0.22963238880038261;0.5330244451761246;0.5859108865261078;0.03294039936736226;0.5498231053352356;0.8868476947148641;0.029545616979400318;0.5502423246701559;0.8605152368545532;0.2553268124659856;;inclinandose;lateral
1.13;0.5067897439002991;0.2973502576351166;-0.08283095806837082;0.5432568192481995;0.347220242023468;-0.23791353404521942;0.5423731803894043;0.3497573733329773;0.06317567080259323;0.5433909296989441;0.4736364185810089;-0.26205068826675415;0.5451090335845947;0.4676453471183777;0.09283872693777084;0.5553449392318726;0.564972460269928;-0.08952716737985611;0.5531423687934875;0.5641029477119446;0.08941751718521118;0.5555367469787598;0.7158557176589966;-0.023307012394070625;0.5519653558731079;0.7123040556907654;0.16702337563037872;0.5074183166027069;0.2736427843570709;-0.10903139263391495;0.5250159353017807;0.6025931239128113;-0.2299366518855095;0.5338023453950882;0.5855992883443832;0.03659861162304878;0.5491576194763184;0.8870463967323303;0.031456487253308296;0.5500413179397583;0.8606738646825155;0.25532985230286914;;inclinandose;lateral
1.17;0.5045449733734131;0.3019713759422302;-0.07468391209840775;0.5421159863471985;0.3472687304019928;-0.23269043862819672;0.541576087474823;0.3497437834739685;0.06814540177583694;0.5429708957672119;0.473349004983902;-0.26168474555015564;0.545127809047699;0.46714723110198975;0.09693756699562073;0.5557698607444763;0.5644737482070923;-0.08966945856809616;0.5537632703781128;0.5634757876396179;0.08956757187843323;0.5558059215545654;0.71491539478302;-0.03742443397641182;0.5525762438774109;0.7119233012199402;0.1672554314136505;0.5040894448757172;0.27806791961193084;-0.1013159342110157;0.5251046121120453;0.6022872924804688;-0.23209920898079872;0.5347537100315094;0.5855218917131424;0.03993434878066182;0.5491981108983358;0.886798361937205;0.005533432587981224;0.5503372947374979;0.861153244972229;0.2535407443841298;;inclinandose;lateral
1.2;0.5014375448226929;0.3069760501384735;-0.07407911121845245;0.5396681427955627;0.34728261828422546;-0.23372821509838104;0.5401533842086792;0.349739670753479;0.06977979838848114;0.542625904083252;0.4733084440231323;-0.2616587281227112;0.5457155108451843;0.4669078290462494;0.09900317341089249;0.5565640926361084;0.5644540190696716;-0.09013018757104874;0.5553232431411743;0.5631805062294006;0.0900297537446022;0.5562742948532104;0.7150211334228516;-0.03318074345588684;0.5539887547492981;0.7118853330612183;0.17113623023033142;0.500486895442009;0.28275913596153257;-0.10082642640918493;0.5254035145044327;0.6022938191890717;-0.2300754301249981;0.536506325006485;0.5851802080869675;0.044354232493788004;0.5491696000099182;0.8864969809850057;0.015671182423830032;0.5505071679751078;0.8616134921709696;0.26770776013533276;;inclinandose;lateral
1.23;0.4988754987716675;0.3122539818286896;-0.07531692087650299;0.5383061766624451;0.3484913408756256;-0.23449626564979553;0.5373628735542297;0.3510522246360779;0.06895168125629425;0.5424455404281616;0.4736781120300293;-0.2628311514854431;0.546001136302948;0.4673321843147278;0.09811697900295258;0.5582985281944275;0.5643631815910339;-0.0910048633813858;0.5554958581924438;0.5630980730056763;0.09091414511203766;0.557047963142395;0.715087890625;-0.03430711105465889;0.5539920330047607;0.7105656862258911;0.18492886424064636;0.49708057940006256;0.2881887793540955;-0.10203852131962776;0.5266881883144379;0.6023821830749512;-0.23157016932964325;0.5380805283784866;0.585530087351799;0.04292740859091282;0.5490747292836508;0.8863940636316935;0.009924594312906265;0.549824078877767;0.8610016504923502;0.29357237617174786;;inclinandose;lateral
1.27;0.49502360820770264;0.3162347674369812;-0.07739322632551193;0.5360692739486694;0.3498009443283081;-0.23936277627944946;0.5349599123001099;0.35188665986061096;0.06801170855760574;0.54220050573349;0.473789781332016;-0.2666984498500824;0.5460116267204285;0.4672272801399231;0.09760948270559311;0.5595755577087402;0.5639514327049255;-0.09196359664201736;0.5567508339881897;0.5625918507575989;0.09186738729476929;0.5579866170883179;0.7151257395744324;-0.032890770584344864;0.5557316541671753;0.71059650182724;0.18548135459423065;0.4930450230836868;0.29271720349788666;-0.1040624052286148;0.5283016115427017;0.6026642769575119;-0.23163841664791107;0.5384103506803513;0.5854678899049759;0.044695265125483274;0.5488798419634501;0.8863756060600281;0.016788691903154056;0.5503926674524943;0.8619357148806254;0.2941685418287913;;inclinandose;lateral
1.3;0.4932575225830078;0.32048195600509644;-0.07850336283445358;0.5326842069625854;0.3512673079967499;-0.2414715737104416;0.533467173576355;0.3524823784828186;0.06772731244564056;0.5415716767311096;0.47443389892578125;-0.2669139802455902;0.5467396974563599;0.46722039580345154;0.0952208861708641;0.5599495768547058;0.5638630986213684;-0.09219835698604584;0.5590382218360901;0.5619478821754456;0.09209941327571869;0.5582484602928162;0.7168138027191162;-0.026969268918037415;0.5572023391723633;0.7103816270828247;0.186441570520401;0.4901318818330765;0.298233824968338;-0.10517420955002307;0.529234766960144;0.6047196090221405;-0.22931582480669022;0.5392607152462006;0.5864038020372391;0.04277509078383446;0.5486121773719788;0.8867053389549255;0.02966111587981383;0.5515463749567667;0.8622675140698751;0.2993551691373189;;inclinandose;lateral
1.33;0.49026474356651306;0.32651910185813904;-0.07127667963504791;0.5295873880386353;0.35407555103302;-0.23849166929721832;0.5326400399208069;0.35332515835762024;0.07528487592935562;0.5410578846931458;0.4745592772960663;-0.2659641206264496;0.5485532879829407;0.4646936058998108;0.10378064215183258;0.5611379146575928;0.5636929869651794;-0.09304843097925186;0.5618279576301575;0.5611298680305481;0.09294474869966507;0.5596010088920593;0.7171356081962585;-0.0133411455899477;0.557964563369751;0.7103962302207947;0.18246401846408844;0.48654542565345765;0.3047012448310852;-0.09800483807921409;0.5309452265501022;0.6050418317317963;-0.22457748278975487;0.5414824038743973;0.5836491584777832;0.057858400978147984;0.5489130218823751;0.8864277601242065;0.06290870780746143;0.5509630441665649;0.8639311790466309;0.29073124130566913;;inclinandose;lateral
1.37;0.48634597659111023;0.33779579401016235;-0.07184822857379913;0.5268713235855103;0.35822978615760803;-0.24130120873451233;0.5310313105583191;0.35527291893959045;0.07307586073875427;0.5406285524368286;0.4760969281196594;-0.2718839943408966;0.5485167503356934;0.46357956528663635;0.10194414108991623;0.5622209310531616;0.5632914900779724;-0.09332630038261414;0.5633483529090881;0.5599433183670044;0.0932365283370018;0.5614297389984131;0.7164847254753113;-0.01464313268661499;0.558904767036438;0.7095972299575806;0.18084341287612915;0.4819279730319977;0.31568931639194486;-0.09905549883842468;0.5324598699808121;0.6065666377544403;-0.23352837562561035;0.5442307889461517;0.5827547460794449;0.05451197363436222;0.5485925873120626;0.885821541150411;0.05141238526751598;0.5508827169736227;0.864486575126648;0.28040923674901325;;inclinandose;lateral
1.4;0.48464083671569824;0.34882572293281555;-0.0827062726020813;0.5240272879600525;0.36430880427360535;-0.24659815430641174;0.5300313234329224;0.35929977893829346;0.06253364682197571;0.5400541424751282;0.4812510311603546;-0.2754248082637787;0.5518132448196411;0.46432027220726013;0.0949508547782898;0.562679648399353;0.5634638667106628;-0.09326588362455368;0.5660673379898071;0.5596750378608704;0.09317296743392944;0.5620981454849243;0.7165164947509766;-0.00978333130478859;0.5595582127571106;0.7098294496536255;0.17614266276359558;0.4785409659147263;0.32774431109428404;-0.1100206084549427;0.5342939794063568;0.6116942465305328;-0.2369932308793068;0.5463120341300964;0.5844868123531342;0.051965187303721905;0.5488876104354858;0.8856438994407654;0.07152340685327847;0.5507912834485372;0.8662777344385783;0.27312372624874115;;inclinandose;lateral
1.43;0.48110419511795044;0.3580452501773834;-0.08800247311592102;0.5207816958427429;0.3683790862560272;-0.25274473428726196;0.5278564691543579;0.3623458445072174;0.05966349318623543;0.5395702719688416;0.48631376028060913;-0.281526118516922;0.5533515214920044;0.46699923276901245;0.09240570664405823;0.5642919540405273;0.5634735822677612;-0.09364314377307892;0.5686993598937988;0.5590867400169373;0.09356659650802612;0.5626730918884277;0.7165278792381287;-0.010205847211182117;0.5604556202888489;0.7098460793495178;0.18377132713794708;0.4744925618171692;0.3392427295446396;-0.115524847432971;0.5359563231468201;0.6169177889823914;-0.23819494992494583;0.5475646108388901;0.5899766832590103;0.04869376868009567;0.5489394068717957;0.8857710560162863;0.06942018494009972;0.5512890617052714;0.8663888971010844;0.29216065009435016;;inclinandose;lateral
1.47;0.478831946849823;0.36791297793388367;-0.09140972048044205;0.5179091095924377;0.37330466508865356;-0.25323712825775146;0.5251032114028931;0.3656716048717499;0.05605936050415039;0.5389912724494934;0.49005553126335144;-0.28257593512535095;0.552944004535675;0.47003206610679626;0.08856088668107986;0.5657294392585754;0.5638850927352905;-0.09282385557889938;0.5717471837997437;0.5590627789497375;0.09276919066905975;0.5625238418579102;0.7180997729301453;0.0005711234407499433;0.5623348951339722;0.7106782793998718;0.18356329202651978;0.4711289286613464;0.3499280959367752;-0.11897016800940037;0.5371931046247482;0.6211006492376328;-0.241341982036829;0.5468742251396179;0.5942846089601517;0.044247676618397236;0.5488487084706625;0.8855420549710592;0.09861462563276291;0.5515968402226766;0.8675467570622762;0.2888859609762828;;inclinandose;lateral
1.5;0.47627779841423035;0.3789565861225128;-0.090870201587677;0.5146265625953674;0.3780069053173065;-0.25130999088287354;0.52214515209198;0.3695773482322693;0.05712004750967026;0.5379917025566101;0.4937552511692047;-0.2801918387413025;0.5526542067527771;0.47338736057281494;0.08867369592189789;0.5670188069343567;0.5644019842147827;-0.09286034107208252;0.5730313062667847;0.5590387582778931;0.09280989319086075;0.5626216530799866;0.7208232879638672;-0.004724150989204645;0.5627397298812866;0.7122203707695007;0.18221214413642883;0.46775769293308256;0.36163495779037474;-0.11746319234371186;0.5391364842653275;0.6270924806594849;-0.23946651071310043;0.5480897128582001;0.5983134061098099;0.043504741974174976;0.5482201178868612;0.8861145377159119;0.07891760269800822;0.5510293443997701;0.8679350813229879;0.2859281698862712;;inclinandose;lateral
1.53;0.474321573972702;0.38870078325271606;-0.08241797238588333;0.5129285454750061;0.38444775342941284;-0.24942287802696228;0.5192590355873108;0.3768649995326996;0.06366308778524399;0.537591814994812;0.4981101453304291;-0.27869290113449097;0.5517820119857788;0.4794022738933563;0.09084610641002655;0.5698856115341187;0.5645528435707092;-0.0940806195139885;0.5735467076301575;0.558890163898468;0.09405785799026489;0.5641623139381409;0.7209080457687378;-0.014375362545251846;0.5631317496299744;0.7116259932518005;0.18107448518276215;0.46447999179363253;0.37343373000621793;-0.10858238562941551;0.5415454208850861;0.6282033026218414;-0.23565281927585602;0.5485419780015945;0.6009536534547806;0.043553024996072054;0.547929028669993;0.8864529331525167;0.0676570398112138;0.5500884850819906;0.8678676088651022;0.2809865673383077;;inclinandose;lateral
1.57;0.4729033410549164;0.39866846799850464;-0.0756818875670433;0.5116111040115356;0.3912413418292999;-0.2464396059513092;0.5170586705207825;0.3828757405281067;0.07197842746973038;0.5371421575546265;0.5032796859741211;-0.27800920605659485;0.5475332736968994;0.4882219731807709;0.09946318715810776;0.5716394782066345;0.5657364726066589;-0.09465678036212921;0.5754714012145996;0.5589859485626221;0.09465564787387848;0.5650588870048523;0.7248448729515076;-0.02717561274766922;0.5652115345001221;0.7139014601707458;0.180611714720726;0.46252629458904265;0.38481463193893434;-0.10207636896520852;0.5431923419237137;0.6325963735580444;-0.2354378066956997;0.5482360273599625;0.6047409772872925;0.05042852461338043;0.5469759901364645;0.8874807556470236;0.0422473531216383;0.550329347451528;0.8683729370435079;0.2776017189025879;;inclinandose;lateral
1.6;0.4715501368045807;0.40637630224227905;-0.0759202241897583;0.5105711817741394;0.39707526564598083;-0.24644793570041656;0.5146706700325012;0.3888484835624695;0.07328008860349655;0.5369815230369568;0.5077894926071167;-0.28249433636665344;0.5446827411651611;0.49381446838378906;0.1015419214963913;0.5737099647521973;0.566048264503479;-0.09572938084602356;0.5765951871871948;0.5590038895606995;0.09575463831424713;0.5662407279014587;0.7250940799713135;-0.03965405747294426;0.567272424697876;0.7141025066375732;0.17481274902820587;0.4613559663295746;0.3936222165822983;-0.10244903340935707;0.5437992960214615;0.6379142850637436;-0.2436448410153389;0.548841655254364;0.6136525571346283;0.05100291408598423;0.5467023452123007;0.8877925674120585;0.02401257709910472;0.5506133437156677;0.8684121370315552;0.25882142782211304;;inclinandose;lateral
1.63;0.4694409668445587;0.4168417155742645;-0.0693034753203392;0.5086498856544495;0.4048442542552948;-0.243257537484169;0.5127913355827332;0.39361944794654846;0.07883474230766296;0.5370163917541504;0.5137353539466858;-0.28183552622795105;0.543655276298523;0.49776750802993774;0.1045910120010376;0.5754794478416443;0.5666003823280334;-0.09632552415132523;0.5779141187667847;0.5589941740036011;0.09635056555271149;0.5674018263816833;0.7251968383789062;-0.04496606066823006;0.5681139826774597;0.7140902280807495;0.16888105869293213;0.45978413224220277;0.4046171307563782;-0.09549015015363693;0.5452194809913635;0.6447145640850067;-0.23634079843759537;0.5508044809103012;0.6169892102479935;0.05259212478995323;0.5467527707417806;0.8879497051239014;0.02189859499533971;0.5511744022369385;0.8680620392163595;0.25145621101061505;;inclinandose;lateral
1.67;0.4672205150127411;0.42605698108673096;-0.06474550068378448;0.5065718293190002;0.40978729724884033;-0.23893272876739502;0.5095764994621277;0.39936015009880066;0.08107984066009521;0.5370612740516663;0.5172936916351318;-0.2774927318096161;0.543025553226471;0.5011589527130127;0.10451408475637436;0.5775862336158752;0.5674958825111389;-0.09686201065778732;0.5790079832077026;0.5595161318778992;0.09690041095018387;0.5676344037055969;0.7262076735496521;-0.051337260752916336;0.5681476593017578;0.7146770358085632;0.1698399782180786;0.45707698464393615;0.41506200432777407;-0.09064331520348787;0.547383040189743;0.6503403186798096;-0.23065318539738655;0.5531831085681915;0.6264418959617615;0.05124801862984896;0.5467935601870219;0.8886409600575765;0.011457140867908796;0.5510518550872803;0.8693420092264811;0.2576673279205958;;inclinandose;lateral
1.7;0.466596782207489;0.4358617067337036;-0.06086735054850578;0.5052035450935364;0.41363316774368286;-0.2319972962141037;0.5074644088745117;0.407633513212204;0.08140472322702408;0.5371077656745911;0.5211595892906189;-0.2702506482601166;0.542679488658905;0.5058683753013611;0.10338493436574936;0.5796352028846741;0.5676544308662415;-0.09658621996641159;0.5795007944107056;0.5599623918533325;0.09665704518556595;0.5690476298332214;0.7264407277107239;-0.049902625381946564;0.5689084529876709;0.7156400680541992;0.17015641927719116;0.4557552605867386;0.42524712681770327;-0.08581323977559804;0.5496017634868622;0.6541717797517776;-0.22629012167453766;0.5567096769809723;0.6298660933971405;0.0462167477235198;0.547248363494873;0.8883548577626547;0.018141644075512886;0.550488273302714;0.8699660102526346;0.2627052366733551;;inclinandose;lateral
1.73;0.4667838513851166;0.4437578320503235;-0.05832282081246376;0.5031344294548035;0.42015212774276733;-0.22884726524353027;0.5060456395149231;0.41266611218452454;0.0803585797548294;0.5372830629348755;0.5250872373580933;-0.26729080080986023;0.5430024862289429;0.5076779127120972;0.10250138491392136;0.5807275772094727;0.5677652955055237;-0.0965074971318245;0.5808113813400269;0.5598923563957214;0.0965583473443985;0.5698677897453308;0.7274016737937927;-0.05688667297363281;0.5701759457588196;0.7155903577804565;0.16972020268440247;0.45503104031085967;0.43258036673069;-0.0825679455883801;0.5516095906496048;0.6584130674600601;-0.22744378075003624;0.5621011406183243;0.631708025932312;0.04250431293621659;0.5476072033246359;0.8882218400637308;0.006678758189082146;0.5500658551851908;0.8698565165201823;0.26322901745637256;;inclinandose;lateral
1.77;0.46636855602264404;0.4518560767173767;-0.05776291340589523;0.5019977688789368;0.424054890871048;-0.22797106206417084;0.5037121176719666;0.41984260082244873;0.08257056027650833;0.5373315215110779;0.5287284851074219;-0.26585471630096436;0.5424773097038269;0.5151914358139038;0.10284117609262466;0.5819728374481201;0.5672230124473572;-0.09690544009208679;0.5805631279945374;0.5598838329315186;0.09699154645204544;0.5706064105033875;0.7278350591659546;-0.06850802898406982;0.5710771083831787;0.7154161334037781;0.17438417673110962;0.4544534146785736;0.44045439958572385;-0.08249494573101401;0.5527851432561874;0.6614460647106171;-0.23512480780482292;0.5600348114967346;0.6435867547988892;0.039971268735826015;0.5475974281628927;0.888154943784078;-0.011552659173806509;0.5494224429130554;0.8698933521906534;0.28301448623339337;;inclinandose;lateral
1.8;0.46654683351516724;0.4589587152004242;-0.045171938836574554;0.5015919804573059;0.4277700185775757;-0.217561274766922;0.5026718974113464;0.4262293577194214;0.09113003313541412;0.5374215841293335;0.5294669270515442;-0.25514116883277893;0.5426009893417358;0.5185486674308777;0.10939281433820724;0.5830041170120239;0.5659120678901672;-0.09741389006376266;0.5806596279144287;0.5598443150520325;0.09753328561782837;0.5715364217758179;0.7276977300643921;-0.07700582593679428;0.5725253224372864;0.7151515483856201;0.17500722408294678;0.45497046411037445;0.44802487790584566;-0.06987480719108134;0.5538252294063568;0.6606393456459045;-0.2325337789952755;0.559805616736412;0.646692618727684;0.04297652002424002;0.5479756792386373;0.8877377112706503;-0.028855638888974983;0.5488863786061605;0.870708684126536;0.28412342071533203;;inclinandose;lateral
1.83;0.4662662446498871;0.4637835919857025;-0.03625800833106041;0.5011552572250366;0.43282803893089294;-0.21188929677009583;0.5022755861282349;0.4328036606311798;0.1024707704782486;0.5375839471817017;0.5337976813316345;-0.24995683133602142;0.5423996448516846;0.5263798236846924;0.12349341809749603;0.5838600993156433;0.5651684999465942;-0.09908183664083481;0.581165611743927;0.5596493482589722;0.0992373526096344;0.5722873210906982;0.7269969582557678;-0.08231713622808456;0.5727723836898804;0.7140392661094666;0.17734944820404053;0.4545089453458786;0.4527379870414734;-0.0612098618876189;0.554836317896843;0.6617657691240311;-0.2313207909464836;0.5588206350803375;0.6486015468835831;0.05532520171254873;0.5482507348060608;0.8866459528605143;-0.03845291584730148;0.5493299762407938;0.8713860114415487;0.28563084204991657;;inclinandose;lateral
1.87;0.46644869446754456;0.4675205647945404;-0.0373263955116272;0.5012162327766418;0.4364733099937439;-0.21133527159690857;0.5014409422874451;0.4371291995048523;0.10423062741756439;0.538175642490387;0.5374352931976318;-0.24915260076522827;0.5422067642211914;0.5289309620857239;0.12717139720916748;0.5851557850837708;0.5648717284202576;-0.09942775219678879;0.5811626315116882;0.5596346259117126;0.09959111362695694;0.5733882188796997;0.7272680401802063;-0.07603926211595535;0.5722506046295166;0.7140406370162964;0.16548150777816772;0.4545285224914551;0.4575503021478653;-0.06228128443472088;0.5559701025485992;0.6634691804647446;-0.23052126541733742;0.5586399734020233;0.646636351943016;0.057344950735569;0.5481106837590536;0.8862554828325907;-0.016882253616737824;0.5493701696395874;0.8734699289004008;0.27037786444028217;;inclinandose;lateral
1.9;0.4666975438594818;0.47088125348091125;-0.04151081666350365;0.5007731318473816;0.4389995336532593;-0.21351899206638336;0.500452995300293;0.4405094087123871;0.10334464907646179;0.5388814806938171;0.5391733646392822;-0.2513093650341034;0.5418729782104492;0.5287002921104431;0.12842166423797607;0.5860744714736938;0.5644809603691101;-0.0999651774764061;0.580963134765625;0.5590640902519226;0.10015779733657837;0.5741474032402039;0.728077232837677;-0.07961875200271606;0.572123646736145;0.7139104604721069;0.17562773823738098;0.45478835105896;0.4614593118429184;-0.06667144184466452;0.5571048557758331;0.6647519767284393;-0.2324596308171749;0.5590856671333313;0.6436071991920471;0.05689066555351019;0.5480773448944092;0.8862171769142151;-0.01918252169465025;0.5489005843798319;0.87328573067983;0.3018820285797119;;inclinandose;lateral
1.93;0.46638059616088867;0.4745292365550995;-0.04449070245027542;0.501448392868042;0.4414008855819702;-0.2148602306842804;0.4996158182621002;0.4447191655635834;0.10226486623287201;0.5398867130279541;0.5422016978263855;-0.25236478447914124;0.5419238805770874;0.5302149653434753;0.1301978975534439;0.5866225361824036;0.5629879236221313;-0.09992402791976929;0.5807406306266785;0.5581381320953369;0.1001170426607132;0.5748867392539978;0.7281114459037781;-0.08472799509763718;0.5718304514884949;0.7137697339057922;0.1683703511953354;0.45458683669567107;0.4649412840604782;-0.06979782046400942;0.5579298436641693;0.6658374816179276;-0.23453256115317345;0.5593715757131577;0.6460781693458557;0.05874754674732685;0.5486950278282166;0.8861642678578695;-0.040149769435326256;0.5488669673601786;0.8725300033887228;0.2752387523651123;;inclinandose;lateral
1.97;0.4657878875732422;0.4762519299983978;-0.04032222181558609;0.5011675357818604;0.443977415561676;-0.21257038414478302;0.4995976984500885;0.44419005513191223;0.10644402354955673;0.5404694676399231;0.5436130166053772;-0.25239646434783936;0.5420028567314148;0.5300384759902954;0.13452473282814026;0.5864627361297607;0.5619358420372009;-0.10059747099876404;0.5814824104309082;0.5560734272003174;0.10079887509346008;0.5748482942581177;0.727467954158783;-0.0792701467871666;0.5721335411071777;0.713612973690033;0.16743743419647217;0.4538339912891388;0.4666731745004654;-0.0658787100110203;0.5582908689975739;0.6664484590291977;-0.2349703498184681;0.5613304078578949;0.6445345431566238;0.06288936827331781;0.548981785774231;0.8855856458346049;-0.03219841017077366;0.5490487416585287;0.8716578483581543;0.2666427791118622;;inclinandose;lateral
2.0;0.465694397687912;0.47603750228881836;-0.025042053312063217;0.501055121421814;0.44382885098457336;-0.1969497948884964;0.499446302652359;0.4455612003803253;0.1220741719007492;0.5408381819725037;0.5439146757125854;-0.23780305683612823;0.5420539379119873;0.53003990650177;0.1492619514465332;0.5862224102020264;0.5609207153320312;-0.10082124173641205;0.5819844603538513;0.5545975565910339;0.10102912038564682;0.5747172236442566;0.7274388670921326;-0.0830191820859909;0.5725947618484497;0.7133365273475647;0.15938201546669006;0.4539914488792419;0.4659801244735718;-0.050352438166737554;0.5583757758140564;0.6666133403778076;-0.22527945041656494;0.5616516172885895;0.6435240060091019;0.07430815789848566;0.5489664276440939;0.8855186303456625;-0.0343960610528787;0.5490561127662659;0.8712148865063986;0.2532051205635071;;inclinandose;lateral
2.03;0.465320885181427;0.475617378950119;-0.027248134836554527;0.5009275078773499;0.44432058930397034;-0.1980227679014206;0.49949631094932556;0.44337522983551025;0.12141937017440796;0.540946900844574;0.5443374514579773;-0.23968566954135895;0.5420960783958435;0.5285951495170593;0.14833147823810577;0.5859484672546387;0.5594136714935303;-0.1012447401881218;0.5820083618164062;0.5521924495697021;0.10145948827266693;0.5747082233428955;0.7260897755622864;-0.07927999645471573;0.573309063911438;0.7124187350273132;0.15433426201343536;0.4537672460079193;0.4650927007198334;-0.05252454131841659;0.5583609193563461;0.6661592423915863;-0.22617479413747787;0.5616358667612076;0.6385472565889359;0.07377418130636215;0.5488629937171936;0.885092298189799;-0.03739535560210546;0.5489578048388163;0.8713608582814535;0.23324335118134817;;inclinandose;lateral
2.07;0.46491870284080505;0.4761812090873718;-0.028192507103085518;0.5011369585990906;0.4444720149040222;-0.20272819697856903;0.4995412528514862;0.44385233521461487;0.11471202969551086;0.5412258505821228;0.5453132390975952;-0.2413434088230133;0.5420781373977661;0.5284528136253357;0.14058873057365417;0.585906445980072;0.5581730604171753;-0.10111352801322937;0.5819301009178162;0.5507021546363831;0.10131949931383133;0.5746669173240662;0.7255449891090393;-0.07806085795164108;0.5736429691314697;0.7119538187980652;0.15412358939647675;0.4534270495176315;0.46559590101242065;-0.0544079614803195;0.5584244728088379;0.6663760244846344;-0.23439999669790268;0.5616660416126251;0.6386891901493073;0.07069929782301188;0.5490351319313049;0.8849190473556519;-0.03081826927761237;0.5490785837173462;0.8710707028706869;0.23611942927042642;;inclinandose;lateral
2.1;0.4650665819644928;0.4760984778404236;-0.032443899661302567;0.5012791752815247;0.4432712495326996;-0.2024586945772171;0.4997730255126953;0.444455623626709;0.11237818002700806;0.5414746999740601;0.5444582104682922;-0.24214789271354675;0.5420956015586853;0.5281774401664734;0.139713853597641;0.5858771800994873;0.5571938753128052;-0.10104959458112717;0.5818473696708679;0.5500396490097046;0.10124590992927551;0.5749291181564331;0.7254269123077393;-0.07877354323863983;0.5740960240364075;0.7117348909378052;0.14533135294914246;0.45360674560070036;0.46568126082420347;-0.05816193213686347;0.558465763926506;0.6658859103918076;-0.2329256683588028;0.5615693628787994;0.6391853541135788;0.0678009307011962;0.5491644541422526;0.8847564458847046;-0.03830099664628506;0.5492264827092489;0.8708226482073466;0.2133994201819102;;inclinandose;lateral
2.13;0.46567392349243164;0.47445976734161377;-0.03375719487667084;0.501491129398346;0.4420590102672577;-0.20400066673755646;0.49999937415122986;0.44423580169677734;0.11065676808357239;0.541505753993988;0.5435236096382141;-0.2440434992313385;0.5418724417686462;0.5280749201774597;0.1397136002779007;0.5858420133590698;0.5565119981765747;-0.10069330036640167;0.58179771900177;0.5495922565460205;0.10091044753789902;0.574973464012146;0.7253516912460327;-0.07766973972320557;0.5741018056869507;0.7114933133125305;0.1408044546842575;0.45397391319274905;0.4641141206026077;-0.05914069162681699;0.5583924204111099;0.6655497997999191;-0.23652544990181923;0.5614858567714691;0.6386334151029587;0.06645593978464603;0.5492348472277323;0.8845505118370056;-0.03551390332480272;0.549161454041799;0.8708237012227377;0.21098319192727408;;inclinandose;lateral
2.17;0.4658879041671753;0.4741284251213074;-0.03387538716197014;0.5016120076179504;0.44063928723335266;-0.2052186280488968;0.5001574754714966;0.4430890381336212;0.10995449125766754;0.5414856672286987;0.5431193113327026;-0.2445162832736969;0.5416128635406494;0.5278425812721252;0.14295679330825806;0.5859025716781616;0.556099534034729;-0.10064835846424103;0.5817334055900574;0.5494385361671448;0.10087655484676361;0.5749115943908691;0.7251931428909302;-0.07240531593561172;0.5739902853965759;0.7113804221153259;0.14267361164093018;0.4540704071521759;0.46336338818073275;-0.060145823191851376;0.5582624673843384;0.6643053889274597;-0.24013906717300415;0.5612580180168152;0.6374802738428116;0.06772133056074381;0.5493176380793253;0.8844143350919088;-0.02836717509975036;0.549107829729716;0.870871106783549;0.21857849756876627;;inclinandose;lateral
2.2;0.4663715958595276;0.467191219329834;-0.04013288393616676;0.5021727681159973;0.43879058957099915;-0.2099737823009491;0.5005125999450684;0.4400036633014679;0.10957721620798111;0.5414714217185974;0.5421802997589111;-0.2511173188686371;0.5416283011436462;0.5263600945472717;0.14147837460041046;0.5858336687088013;0.5562598705291748;-0.10061832517385483;0.5817090272903442;0.5489261746406555;0.10085490345954895;0.5749258995056152;0.7251915335655212;-0.0685802474617958;0.5739147067070007;0.7109662294387817;0.14655600488185883;0.45430809259414673;0.4565172135829926;-0.06724736839532852;0.5581907629966736;0.6631967574357986;-0.24579964950680733;0.5604707449674606;0.6322016268968582;0.0669511929154396;0.5493234395980835;0.8841872413953146;-0.02005593189339076;0.5490517616271973;0.8708149393399557;0.22764567037423453;;inclinandose;lateral
2.23;0.46661117672920227;0.45793378353118896;-0.04105526581406593;0.5027872323989868;0.4359740614891052;-0.21047592163085938;0.5015630722045898;0.4320964217185974;0.10914907604455948;0.5412963032722473;0.539331316947937;-0.25153687596321106;0.5416300892829895;0.5212392210960388;0.14148804545402527;0.5858058929443359;0.5562740564346313;-0.1004330962896347;0.581670343875885;0.5474359393119812;0.10067752748727798;0.5748543739318848;0.72502601146698;-0.06331577897071838;0.5738710165023804;0.7099871039390564;0.14828650653362274;0.45469922125339507;0.4470648616552353;-0.06843450104352086;0.5577734857797623;0.6609915345907211;-0.24368219822645187;0.5591617822647095;0.6153026521205902;0.06676714587956667;0.5493822693824768;0.8841849764188131;-0.011411508079618216;0.5489910840988159;0.8706230123837789;0.2282716085513433;;inclinandose;lateral
2.27;0.4666747450828552;0.4500531256198883;-0.03828507661819458;0.5038888454437256;0.42988157272338867;-0.20781205594539642;0.5023993849754333;0.4271703362464905;0.11216627061367035;0.5411756038665771;0.5359731316566467;-0.2480657696723938;0.5416224598884583;0.518316388130188;0.14446021616458893;0.5856346487998962;0.5559757947921753;-0.10035692155361176;0.5814383029937744;0.5468211770057678;0.10060638189315796;0.5743632316589355;0.7244127988815308;-0.062151748687028885;0.573806643486023;0.7096673250198364;0.1483784317970276;0.4551112323999405;0.43834753036499025;-0.06563241756521165;0.556722566485405;0.6578830480575562;-0.23465471342206;0.5590936690568924;0.6098782122135162;0.06750464718788862;0.5493245124816895;0.8839447299639384;-0.013102391036227345;0.5490054488182068;0.8700754443804423;0.22918438414732614;;inclinandose;lateral
2.3;0.46672287583351135;0.43864700198173523;-0.03135677054524422;0.5054422616958618;0.4242790937423706;-0.20402631163597107;0.5044003129005432;0.4207870662212372;0.11586101353168488;0.5410259962081909;0.533183753490448;-0.2435309737920761;0.5416215658187866;0.5167844295501709;0.1468353271484375;0.5851580500602722;0.5552987456321716;-0.10027731955051422;0.5810679793357849;0.5462997555732727;0.10052386671304703;0.5737940073013306;0.7235512137413025;-0.058288734406232834;0.5736790895462036;0.7093368768692017;0.14884881675243378;0.4557437688112259;0.4262459069490433;-0.05843213927000761;0.5554414838552475;0.6551447361707687;-0.2284771017730236;0.5589860081672668;0.6116000711917877;0.06860028207302094;0.5492084423700968;0.8840323289235433;-0.009759156809498867;0.549107829729716;0.8698042035102844;0.23090306421120962;;inclinandose;lateral
2.33;0.46745994687080383;0.4282568693161011;-0.02759239822626114;0.5080999135971069;0.4156537652015686;-0.20125998556613922;0.505897045135498;0.4169098436832428;0.1210186779499054;0.5410254001617432;0.5259157419204712;-0.24093230068683624;0.541627049446106;0.5145801305770874;0.15334251523017883;0.5851479172706604;0.5543758273124695;-0.10024190694093704;0.5803719162940979;0.5464827418327332;0.10048411786556244;0.5736192464828491;0.7225033640861511;-0.05921913683414459;0.5730931162834167;0.7092447876930237;0.14924223721027374;0.4574789494276047;0.41395344138145446;-0.05476436950266361;0.5543135702610016;0.6488533765077591;-0.22414426878094673;0.5587994605302811;0.6145673543214798;0.07078700605779886;0.5492518345514933;0.8842888077100118;-0.015168629373268535;0.5491706530253092;0.869875967502594;0.22640528778235117;;inclinandose;lateral
2.37;0.4680313467979431;0.4152456223964691;-0.02938787080347538;0.5101536512374878;0.4078526496887207;-0.2021656632423401;0.5090224146842957;0.4064370393753052;0.11843718588352203;0.5410212278366089;0.5201172828674316;-0.23961541056632996;0.5416309237480164;0.5085169672966003;0.15095451474189758;0.5848658084869385;0.553948700428009;-0.0989755392074585;0.5798141956329346;0.5465226769447327;0.09919844567775726;0.5729407072067261;0.7206941843032837;-0.05684911832213402;0.5717610120773315;0.7069808840751648;0.15293702483177185;0.4589435815811157;0.39940477907657623;-0.05636096652597189;0.5525743365287781;0.6431352943181992;-0.21672841161489487;0.5580430030822754;0.6086975783109665;0.06598134990781546;0.5492662986119589;0.88427734375;-0.015641258398924645;0.5489802161852518;0.8686884442965189;0.23354164759318033;;inclinandose;lateral
2.4;0.46993115544319153;0.4029332399368286;-0.027048803865909576;0.5120978951454163;0.3993167281150818;-0.2010364830493927;0.5118534564971924;0.3970954716205597;0.11868957430124283;0.541149914264679;0.5125063061714172;-0.23574672639369965;0.5431888699531555;0.49810656905174255;0.149912029504776;0.5838261246681213;0.5530548691749573;-0.0987221822142601;0.5798066258430481;0.5456706881523132;0.09893827885389328;0.572406530380249;0.7185436487197876;-0.06782788783311844;0.5717478394508362;0.7059566974639893;0.16034634411334991;0.4619297593832016;0.3862562745809555;-0.053988152742385866;0.5500620454549789;0.638351559638977;-0.2101331762969494;0.5574297159910202;0.6042239814996719;0.06562810763716698;0.548964778582255;0.883962074915568;-0.04591593394676844;0.5489494601885477;0.8686642249425253;0.23965724309285483;;inclinandose;lateral
2.43;0.4711102247238159;0.3905354142189026;-0.03047095239162445;0.5154326558113098;0.3876549303531647;-0.20145776867866516;0.5136341452598572;0.39325475692749023;0.11697746068239212;0.5411456823348999;0.5058068037033081;-0.23492299020290375;0.5430923700332642;0.49754419922828674;0.1419968158006668;0.5832473039627075;0.5523653626441956;-0.0982811227440834;0.5784794092178345;0.5460987091064453;0.09847598522901535;0.5718363523483276;0.7182757258415222;-0.07127197086811066;0.5717184543609619;0.7038586139678955;0.16163650155067444;0.4633064389228821;0.3725121349096298;-0.05716502098366618;0.5477731376886368;0.6323212236166;-0.20723650231957436;0.5510279536247253;0.6071033179759979;0.05712345987558365;0.5491693615913391;0.8840027848879496;-0.042280246814092;0.5506675442059835;0.8687871297200521;0.24455852309862772;;inclinandose;lateral
2.47;0.47333523631095886;0.37671899795532227;-0.04670523852109909;0.5193052887916565;0.37920424342155457;-0.20967206358909607;0.5157557725906372;0.389980286359787;0.1053599864244461;0.5412864089012146;0.49818259477615356;-0.23774273693561554;0.5424782633781433;0.49564167857170105;0.13102416694164276;0.5828583836555481;0.5517497658729553;-0.09674322605133057;0.5749961733818054;0.5473319888114929;0.09688723087310791;0.5709818601608276;0.7180929780006409;-0.06505290418863297;0.5703723430633545;0.7038069367408752;0.1619235873222351;0.46637479662895204;0.3568626970052719;-0.07297993698739447;0.5445903241634369;0.6245704889297485;-0.21028036251664162;0.5454754382371902;0.6082441359758377;0.04351577302441001;0.5493970712025961;0.8843603928883871;-0.01508453325368464;0.5505956212679545;0.8677291870117188;0.2533259590466817;;inclinandose;lateral
2.5;0.47686251997947693;0.36225658655166626;-0.05574377626180649;0.5241442918777466;0.370768666267395;-0.21665890514850616;0.5171660780906677;0.38667020201683044;0.09805631637573242;0.542518138885498;0.49132487177848816;-0.2445940524339676;0.5423042178153992;0.4918805658817291;0.12447946518659592;0.5821887850761414;0.5518316030502319;-0.09539248049259186;0.5721081495285034;0.5503894686698914;0.09549817442893982;0.5693730115890503;0.7178299427032471;-0.06288605183362961;0.5682188868522644;0.7039777636528015;0.16214855015277863;0.47058936059474943;0.3423115640878677;-0.082169031444937;0.5417637676000595;0.6187022179365158;-0.21683483943343163;0.5425471514463425;0.6089543253183365;0.036697573494166136;0.5497816403706869;0.8844382762908936;-0.004058285616338253;0.550438642501831;0.8661438425381979;0.2560092757145564;;inclinandose;lateral
2.53;0.4801263213157654;0.35045325756073;-0.06448777765035629;0.5284222364425659;0.36446502804756165;-0.22399047017097473;0.5193337202072144;0.38327938318252563;0.09058953076601028;0.5446473360061646;0.4880262315273285;-0.2530634105205536;0.5423408150672913;0.4875413477420807;0.11762549728155136;0.5809500217437744;0.5519652962684631;-0.09411610662937164;0.5691322088241577;0.5528466105461121;0.09421037882566452;0.56758052110672;0.7174659967422485;-0.058369722217321396;0.5659260749816895;0.7040709853172302;0.161800816655159;0.47457070350646974;0.32886964082717896;-0.0912566876038909;0.5393049865961075;0.6143991351127625;-0.22639985010027885;0.5410948842763901;0.6041625291109085;0.03057330590672791;0.5499360958735148;0.8846195141474406;0.0010503468414147694;0.5502964655558268;0.8660629590352377;0.25221794346968335;;inclinandose;lateral
2.57;0.48349711298942566;0.3364275395870209;-0.07835222780704498;0.5315824151039124;0.3585522770881653;-0.2382107824087143;0.5228508114814758;0.37391918897628784;0.08131080120801926;0.5463328957557678;0.4844101369380951;-0.2669143080711365;0.5427192449569702;0.48277145624160767;0.1111965924501419;0.5785039663314819;0.5525742173194885;-0.09417035430669785;0.567219078540802;0.55413818359375;0.09426163882017136;0.5660573244094849;0.7178978323936462;-0.05700311064720154;0.5650975108146667;0.7060528993606567;0.1682017594575882;0.47929352819919585;0.31453573107719424;-0.10606142692267895;0.5353158414363861;0.6087829768657684;-0.2444228008389473;0.5376271307468414;0.5992978811264038;0.027198127936571836;0.5498997767766317;0.8866929610570272;0.005398670832316081;0.5511317451794943;0.865893542766571;0.2656938036282857;;inclinandose;lateral
2.6;0.48711878061294556;0.3202853202819824;-0.10189872980117798;0.534428060054779;0.35334688425064087;-0.2577117383480072;0.5266751050949097;0.36521685123443604;0.06504341959953308;0.5466169714927673;0.481088250875473;-0.2921713590621948;0.5437192320823669;0.4776861071586609;0.0999542847275734;0.5751261711120605;0.5530844926834106;-0.09418200701475143;0.5646678805351257;0.5545286536216736;0.09425539523363113;0.5641764402389526;0.7179348468780518;-0.04288620501756668;0.5629037618637085;0.7072747945785522;0.17439624667167664;0.48434898257255554;0.2986863672733307;-0.1297399565577507;0.531489685177803;0.6062949299812317;-0.2819712609052658;0.5356718450784683;0.5961953401565552;0.018116342136636376;0.5498901009559631;0.8875177701314291;0.03499804281940063;0.552073617776235;0.8648301164309183;0.2806655466556549;;inclinandose;lateral
2.63;0.491367906332016;0.31024178862571716;-0.10712189227342606;0.5376179814338684;0.3516043424606323;-0.26176032423973083;0.531195878982544;0.3601626455783844;0.06051813066005707;0.5473986864089966;0.4782208800315857;-0.29619070887565613;0.5456241965293884;0.47301843762397766;0.09545212984085083;0.5701557993888855;0.5541015267372131;-0.09412246197462082;0.5638043284416199;0.5544444918632507;0.09417662769556046;0.5623119473457336;0.7179490923881531;-0.04245590418577194;0.5627197623252869;0.7072535753250122;0.17786911129951477;0.49062282741069796;0.2877302199602127;-0.13493938744068146;0.5281092673540115;0.6011607497930527;-0.2887408509850502;0.5351426303386688;0.5897066593170166;0.015564133995212615;0.5488530198733012;0.8873611688613892;0.022770026077826817;0.5518808563550314;0.864070475101471;0.2813977499802907;;inclinandose;lateral
2.67;0.4963599443435669;0.2986593246459961;-0.10436496138572693;0.540576696395874;0.34849414229393005;-0.2589210569858551;0.5352672934532166;0.3536219000816345;0.06332764774560928;0.5482245683670044;0.47571346163749695;-0.292917400598526;0.5464070439338684;0.46845105290412903;0.10007807612419128;0.5658820271492004;0.5549628734588623;-0.09384173154830933;0.5617266893386841;0.5543758273124695;0.09386672079563141;0.5617985129356384;0.7177665829658508;-0.023926137015223503;0.5623427033424377;0.7072165608406067;0.17514179646968842;0.49702129065990447;0.2762678384780884;-0.13226672001183032;0.5260039120912552;0.5963337123394012;-0.28253206610679626;0.5337115973234177;0.5826904773712158;0.0202804366563214;0.5485496520996094;0.8873295783996582;0.05082086520269513;0.553165853023529;0.8634317517280579;0.27228528757890064;;inclinandose;lateral
2.7;0.5008858442306519;0.28980258107185364;-0.10799926519393921;0.5428231954574585;0.3477984666824341;-0.2600981593132019;0.5394175052642822;0.35081303119659424;0.05875769257545471;0.5486984848976135;0.4752529561519623;-0.2838277220726013;0.5484718680381775;0.46587902307510376;0.09512709826231003;0.5631634593009949;0.5559767484664917;-0.09305818378925323;0.5591580271720886;0.5545886754989624;0.09305697679519653;0.5610320568084717;0.7177139520645142;-0.028356919065117836;0.5602977871894836;0.7068354487419128;0.18557237088680267;0.5025513082742691;0.2684484630823135;-0.13603138476610183;0.5243987143039703;0.5915174782276154;-0.27351685613393784;0.5341101288795471;0.5758233219385147;0.019492116320179775;0.548582911491394;0.8866789142290751;0.034013764622310795;0.552923341592153;0.8620496789614359;0.2923728326956431;;inclinandose;lateral
2.73;0.5061057209968567;0.28475865721702576;-0.10713743418455124;0.5454236268997192;0.34663042426109314;-0.2606496512889862;0.5425420999526978;0.3486464321613312;0.0606425404548645;0.5486406087875366;0.4746282994747162;-0.28179627656936646;0.5483697056770325;0.4634808301925659;0.09745477139949799;0.5606529712677002;0.5570809245109558;-0.09317077696323395;0.5560517311096191;0.5551446676254272;0.09317398816347122;0.5602346658706665;0.7154169678688049;-0.03214511275291443;0.55887371301651;0.7047750949859619;0.19963419437408447;0.5086061954498291;0.2638552725315094;-0.1354026596993208;0.5219200551509857;0.5877460539340973;-0.26947977393865585;0.5282870978116989;0.5708932727575302;0.019934566313168034;0.5492268999417623;0.8858619530995687;0.02836658184727033;0.5527881185213724;0.8605136076609293;0.31501829624176025;;inclinandose;lateral
2.77;0.5109356641769409;0.2795282006263733;-0.0975688025355339;0.5475390553474426;0.3458303213119507;-0.2556273937225342;0.5447467565536499;0.34637168049812317;0.06554611027240753;0.5485917329788208;0.47243204712867737;-0.2715153992176056;0.5484795570373535;0.46151450276374817;0.1001942977309227;0.5583308339118958;0.5576839447021484;-0.09194962680339813;0.5545070767402649;0.5553112626075745;0.09193000197410583;0.5583037734031677;0.7124153971672058;-0.03576066717505455;0.5572471022605896;0.7008571624755859;0.19286595284938812;0.5139520764350891;0.2595873951911926;-0.12534009963274;0.5195780992507935;0.5802328586578369;-0.24039117619395256;0.5283638536930084;0.566868245601654;0.021533758816076443;0.55030757188797;0.8849727312723795;-0.0011464407046635945;0.5539264678955078;0.8569396336873373;0.299521525700887;;inclinandose;lateral
2.8;0.5148638486862183;0.27692729234695435;-0.09907827526330948;0.550579845905304;0.34625422954559326;-0.25280264019966125;0.5465163588523865;0.3470233082771301;0.061266474425792694;0.5484633445739746;0.47066590189933777;-0.26891636848449707;0.5482428669929504;0.46080124378204346;0.09597891569137573;0.5563123822212219;0.5587137937545776;-0.09195985645055771;0.5502189993858337;0.5561342835426331;0.09193892776966095;0.5585558414459229;0.7113379836082458;-0.03728014603257179;0.5561750531196594;0.6994106769561768;0.2238943725824356;0.5187564611434936;0.25692052841186525;-0.12708834633231164;0.5175931304693222;0.5735041499137878;-0.23265968263149261;0.5245933383703232;0.5602029860019684;0.012444354593753815;0.551710824171702;0.8846174478530884;-0.011193269242842993;0.5538960496584574;0.8494391441345215;0.36531489094098407;;inclinandose;lateral
2.83;0.518535852432251;0.2769516110420227;-0.09390068799257278;0.5525194406509399;0.3465292155742645;-0.24198000133037567;0.5473765730857849;0.34792521595954895;0.06483665853738785;0.548197329044342;0.4690569043159485;-0.251534640789032;0.5479484796524048;0.4617384076118469;0.09893524646759033;0.5538991093635559;0.5606385469436646;-0.09150382876396179;0.5481545329093933;0.5573875308036804;0.09146890789270401;0.557884931564331;0.7124393582344055;-0.03752058744430542;0.5554340481758118;0.6996673941612244;0.21840175986289978;0.5227125227451325;0.2564554899930954;-0.122189811617136;0.5159073024988174;0.5696694105863571;-0.2120216302573681;0.5210547149181366;0.5579169690608978;0.01645606622332707;0.5519750912984213;0.8846323291460673;-0.017991965326170128;0.5540066560109457;0.8487262924512228;0.35513217250506085;;inclinandose;lateral
2.87;0.5221624374389648;0.2765076458454132;-0.09427475184202194;0.554548442363739;0.34736892580986023;-0.24237282574176788;0.5488609671592712;0.3486444354057312;0.0625123456120491;0.5474056005477905;0.4691147208213806;-0.25637131929397583;0.5457903742790222;0.46217021346092224;0.09847240895032883;0.5533581376075745;0.5621424317359924;-0.0907803550362587;0.5467822551727295;0.5583668351173401;0.09073548018932343;0.5573924779891968;0.7126834392547607;-0.03911737725138664;0.5540208220481873;0.6998730897903442;0.2207447588443756;0.5266717433929443;0.25615110248327255;-0.12219995968043804;0.5138251036405563;0.568735659122467;-0.2233181819319725;0.5186341404914856;0.5578985214233398;0.016966085182502866;0.5520645181337992;0.8844771782557169;-0.016226759180426598;0.5538975596427917;0.8452759186426798;0.36032651861508685;;vertical;lateral
2.9;0.5247089266777039;0.27577680349349976;-0.09420181065797806;0.5556965470314026;0.34838196635246277;-0.24008114635944366;0.550087034702301;0.34918200969696045;0.0640910416841507;0.5459417104721069;0.46980080008506775;-0.25176751613616943;0.5439847707748413;0.4621138870716095;0.0994657576084137;0.5532425045967102;0.5634630918502808;-0.08950496464967728;0.5457814335823059;0.5592650175094604;0.08945499360561371;0.5567232966423035;0.7134361863136292;-0.044332876801490784;0.5533179044723511;0.7043472528457642;0.21077243983745575;0.5297602772712707;0.25561824142932893;-0.12174921222031117;0.5120185911655426;0.5642300695180893;-0.2116224654018879;0.5144992917776108;0.553864985704422;0.018022991833277047;0.5520885785420736;0.8840835889180502;-0.02123496603841583;0.5540051261583964;0.84678848584493;0.33750296632448834;;vertical;lateral
2.93;0.5266106724739075;0.2762182652950287;-0.08168067783117294;0.5561743974685669;0.3489786982536316;-0.22874057292938232;0.551787257194519;0.3494967520236969;0.06791841983795166;0.5443957448005676;0.4695703089237213;-0.23569296300411224;0.5434670448303223;0.4611060917377472;0.10136904567480087;0.5524532198905945;0.5643094778060913;-0.08798781782388687;0.5460713505744934;0.5601286292076111;0.0879351943731308;0.5562576651573181;0.7151365280151367;-0.04794715344905853;0.5526852011680603;0.7075812220573425;0.1972753256559372;0.5318012297153473;0.2558033585548401;-0.1091353677213192;0.5117271244525909;0.5590527355670929;-0.18483629077672958;0.514895036816597;0.5473436415195465;0.02162132103694603;0.5521011551221212;0.8842882513999939;-0.02646821558785935;0.5541244347890218;0.847559909025828;0.3028102119763692;;vertical;lateral
2.97;0.5280168056488037;0.27651649713516235;-0.08124095946550369;0.557543933391571;0.3494895100593567;-0.22995273768901825;0.552119791507721;0.3501371443271637;0.06929418444633484;0.5432897806167603;0.469266802072525;-0.23842167854309082;0.5426452159881592;0.46029385924339294;0.1027374416589737;0.5527776479721069;0.5647798776626587;-0.08820357173681259;0.5450150966644287;0.5609167814254761;0.08815623819828033;0.5557612180709839;0.7154713869094849;-0.050459668040275574;0.5511917471885681;0.7087844014167786;0.20207571983337402;0.5334371387958526;0.2558959037065506;-0.10896887741982937;0.5106863677501678;0.5550230294466019;-0.18891666457057;0.512926459312439;0.5449770241975784;0.02183746750233695;0.5521061420440674;0.8845163583755493;-0.03138186642900109;0.5537967880566915;0.8473666906356812;0.3182242711385091;;vertical;lateral
3.0;0.5298449397087097;0.2774488627910614;-0.07214758545160294;0.5582026243209839;0.3498072624206543;-0.22289296984672546;0.553931713104248;0.3505193293094635;0.07571440935134888;0.542610228061676;0.4690669775009155;-0.22750084102153778;0.5427098274230957;0.4597070813179016;0.10838804394006729;0.5518307685852051;0.5650609731674194;-0.0881013572216034;0.5452234148979187;0.5613949298858643;0.08804627507925034;0.5559352040290833;0.7169904112815857;-0.04873426631093025;0.5506983995437622;0.7127984762191772;0.1725793182849884;0.5351033210754395;0.25652392506599425;-0.10022468008100986;0.51022969186306;0.5520891547203064;-0.1698005571961403;0.5144574046134949;0.5446771085262299;0.029638531850650907;0.5523367722829183;0.8845597306887308;-0.02364320494234562;0.5538013180096945;0.8519368370374044;0.25857265293598175;;vertical;lateral
3.03;0.5311259627342224;0.277798056602478;-0.07027904689311981;0.5588601231575012;0.34991616010665894;-0.2229226976633072;0.5551762580871582;0.350215882062912;0.07783278077840805;0.5423925518989563;0.4667712152004242;-0.22766613960266113;0.5432582497596741;0.45631784200668335;0.11169645935297012;0.5505436062812805;0.5666900873184204;-0.08825463801622391;0.5450807809829712;0.5627183318138123;0.08820152282714844;0.5559945106506348;0.7205743789672852;-0.03792431950569153;0.5504637956619263;0.7139081954956055;0.1791323721408844;0.5364556670188904;0.256663578748703;-0.0988544711843133;0.5105609446763992;0.5488890260457993;-0.16709668189287186;0.5158454179763794;0.5418105274438858;0.0330101759172976;0.5523797472318014;0.8854367931683859;-0.0026130440334479013;0.5543635884920756;0.852023164431254;0.28053897619247437;;vertical;lateral
3.07;0.5322269797325134;0.2775947153568268;-0.06527415663003922;0.5584948062896729;0.35016199946403503;-0.21843253076076508;0.5563849806785583;0.3503284752368927;0.08264923840761185;0.542346715927124;0.4650547206401825;-0.22340896725654602;0.5441749095916748;0.45533493161201477;0.11754842847585678;0.5493770837783813;0.5666723251342773;-0.08836017549037933;0.5455586314201355;0.5628238916397095;0.08830942213535309;0.5556119680404663;0.7204350829124451;-0.03945629671216011;0.550040066242218;0.7133634686470032;0.18025542795658112;0.5374673008918762;0.25622218996286394;-0.09385400805622339;0.5110024511814117;0.545627549290657;-0.16246162354946136;0.5166705846786499;0.5387661010026932;0.0396372196264565;0.552422563234965;0.8851688305536906;-0.005930878842870395;0.554339607556661;0.8521473407745361;0.28240929047266644;;vertical;lateral
3.1;0.5328300595283508;0.2773544192314148;-0.06454794108867645;0.5583630204200745;0.3506944477558136;-0.21758264303207397;0.5572675466537476;0.3504662811756134;0.0839143618941307;0.5420352816581726;0.46545055508613586;-0.22318625450134277;0.5449472665786743;0.45562493801116943;0.11926872283220291;0.5488188862800598;0.5667721629142761;-0.08839217573404312;0.5457844138145447;0.5629560947418213;0.08834236860275269;0.555645227432251;0.7203536629676819;-0.04786982759833336;0.549964427947998;0.7132500410079956;0.1800052374601364;0.5381072998046875;0.25606200397014617;-0.09300539437681436;0.5111891627311707;0.547394409775734;-0.16249527037143707;0.5171097815036774;0.5396371632814407;0.04266133392229676;0.5524240930875143;0.8853439291318258;-0.025684184647010017;0.5542416572570801;0.8530287345250448;0.27732062339782715;;vertical;lateral
3.13;0.53333580493927;0.27728062868118286;-0.06477763503789902;0.5584309697151184;0.35158437490463257;-0.21668338775634766;0.5572465062141418;0.35059884190559387;0.0836930200457573;0.5419327616691589;0.46535974740982056;-0.22177164256572723;0.5453766584396362;0.4555959701538086;0.11841123551130295;0.5483307242393494;0.5669361352920532;-0.0884496197104454;0.5454278588294983;0.563027560710907;0.08840154111385345;0.5556256175041199;0.7205041646957397;-0.05221124365925789;0.549930989742279;0.7135628461837769;0.18013523519039154;0.538653576374054;0.2559235394001007;-0.09305176492780447;0.5114729702472687;0.5483770370483398;-0.15958670899271965;0.5179308354854584;0.539278969168663;0.043843470979481936;0.5522566437721252;0.8856620589892069;-0.0316680654262503;0.5539645949999491;0.8538656433423361;0.2768624822298686;;vertical;lateral
3.17;0.5335819125175476;0.27698278427124023;-0.06283670663833618;0.5585763454437256;0.3516632914543152;-0.2143029272556305;0.5572521686553955;0.3506421744823456;0.08523984998464584;0.5419889688491821;0.46500054001808167;-0.22046560049057007;0.5456402897834778;0.45548155903816223;0.11874566972255707;0.5480321049690247;0.566883385181427;-0.08861854672431946;0.5454772114753723;0.5629611611366272;0.08856908977031708;0.5553872585296631;0.7201807498931885;-0.060318056493997574;0.5500999093055725;0.7135269045829773;0.18124954402446747;0.5388748705387115;0.2555849373340607;-0.09097479851916432;0.5118292719125748;0.549390897154808;-0.1607741266489029;0.5189312398433685;0.5391257256269455;0.044309466145932674;0.5522098342577616;0.8862520456314087;-0.04764105069140593;0.5538347363471985;0.854469895362854;0.2778688073158264;;vertical;lateral
3.2;0.5336121320724487;0.2772461175918579;-0.06262753903865814;0.5588470101356506;0.35193660855293274;-0.21283307671546936;0.5567623376846313;0.35071447491645813;0.08504267781972885;0.5420712828636169;0.46502864360809326;-0.2202189862728119;0.5456591248512268;0.45562639832496643;0.1181967556476593;0.5480793714523315;0.5668286681175232;-0.08864403516054153;0.5451340675354004;0.5629186034202576;0.08859472721815109;0.5548559427261353;0.7199689149856567;-0.0662655457854271;0.5497697591781616;0.7134103775024414;0.18113824725151062;0.5389782845973968;0.25575807988643645;-0.0905582109466195;0.5123264640569687;0.5502645075321198;-0.16336480155587196;0.5194098949432373;0.5393906235694885;0.04354877769947052;0.5521118839581808;0.8863834540049235;-0.06039447213212649;0.5535592039426168;0.8550175229708353;0.27554991841316223;;vertical;lateral
3.23;0.5337748527526855;0.2775510847568512;-0.0628504678606987;0.5590883493423462;0.35203438997268677;-0.21114897727966309;0.5565462112426758;0.3507729470729828;0.08458636701107025;0.5423116683959961;0.46508437395095825;-0.2192687690258026;0.5457086563110352;0.4557720124721527;0.11766732484102249;0.5483347177505493;0.5666989684104919;-0.08868002146482468;0.5449894070625305;0.5628015995025635;0.08863084763288498;0.5545191764831543;0.719592809677124;-0.0654074102640152;0.5496660470962524;0.7132434248924255;0.18071968853473663;0.5390448451042176;0.25597962737083435;-0.0906545078381896;0.51250359416008;0.5500157326459885;-0.16352704912424088;0.5194131284952164;0.5389464348554611;0.04230057867243886;0.5518430471420288;0.8863335053126017;-0.05869147057334582;0.5529782374699911;0.8550752997398376;0.27566345532735187;;vertical;lateral
3.27;0.5337445139884949;0.2773049473762512;-0.06173146143555641;0.5591238737106323;0.35211795568466187;-0.210208460688591;0.5563678741455078;0.3507738709449768;0.08479321002960205;0.5426817536354065;0.465016633272171;-0.2178070843219757;0.5457932353019714;0.4558270573616028;0.11777190119028091;0.5485294461250305;0.5665838122367859;-0.08870761841535568;0.5448958277702332;0.5626797080039978;0.08865918219089508;0.5541048049926758;0.7191957831382751;-0.06267135590314865;0.5494064688682556;0.712490975856781;0.1810579001903534;0.5390410959720612;0.25586521327495576;-0.08945599924772978;0.5125953257083893;0.5493153482675552;-0.16119494661688805;0.5193900167942047;0.5384420901536942;0.04188486374914646;0.5517363945643107;0.886151929696401;-0.05148457611600558;0.5525503158569336;0.8541810313860575;0.27761268615722656;;vertical;lateral
3.3;0.533636212348938;0.2766190469264984;-0.06067298352718353;0.5589984059333801;0.3521924316883087;-0.21072466671466827;0.5563478469848633;0.3507324755191803;0.0864778533577919;0.5431288480758667;0.4650101065635681;-0.21856608986854553;0.5458918809890747;0.4558928608894348;0.11993597447872162;0.5486892461776733;0.5665544867515564;-0.08887802064418793;0.5449624061584473;0.5626610517501831;0.0888301283121109;0.5536791086196899;0.7189908623695374;-0.06184894219040871;0.5492655634880066;0.711861252784729;0.18241657316684723;0.538979172706604;0.2554931461811066;-0.08837426342070102;0.5126742869615555;0.549185112118721;-0.16121406480669975;0.5194970667362213;0.5381944924592972;0.043888927437365055;0.551617423693339;0.8861156503359476;-0.051123846943179764;0.5524811148643494;0.8539354999860128;0.28041353821754456;;vertical;lateral
3.33;0.5335416793823242;0.2762961983680725;-0.061125170439481735;0.558910608291626;0.35219070315361023;-0.21107813715934753;0.5562098026275635;0.3506678342819214;0.08639565110206604;0.5433762669563293;0.4650071859359741;-0.21800687909126282;0.5458835363388062;0.45579642057418823;0.119814932346344;0.5487732291221619;0.5665234327316284;-0.0889790877699852;0.5449258089065552;0.5626342296600342;0.08893246203660965;0.5534042716026306;0.7189708948135376;-0.06124177575111389;0.5491110682487488;0.7116047143936157;0.1830359548330307;0.5389037907123566;0.25531056970357896;-0.08875013031065464;0.5129912346601486;0.5488075017929077;-0.15767554193735123;0.519601970911026;0.5372652858495712;0.043777345679700375;0.5514878630638123;0.8861793677012125;-0.05053157607714335;0.5524250070254008;0.8538515766461691;0.2824060221513112;;vertical;lateral
3.37;0.5333635210990906;0.27618685364723206;-0.061703093349933624;0.5588260889053345;0.3522172272205353;-0.21179024875164032;0.5561028718948364;0.35056039690971375;0.08603987842798233;0.5435242652893066;0.4649387300014496;-0.21830150485038757;0.5459176301956177;0.4555271565914154;0.1194344311952591;0.5488810539245605;0.5664781928062439;-0.08909103274345398;0.5448940396308899;0.5625874400138855;0.08904282003641129;0.5532827377319336;0.7191513776779175;-0.057380445301532745;0.5489646792411804;0.7115791440010071;0.18356533348560333;0.5387261748313904;0.2552390694618225;-0.08933369526639581;0.5137953758239746;0.5485628694295883;-0.1573939323425293;0.5197649598121643;0.5358419716358185;0.04351960029453039;0.5513908664385477;0.8862695693969727;-0.04457656107842922;0.5523132880528768;0.8539130489031473;0.28646863500277203;;vertical;lateral
3.4;0.533207893371582;0.276297390460968;-0.06049192696809769;0.5587642192840576;0.3522473871707916;-0.21142679452896118;0.5560550093650818;0.35043737292289734;0.0866403728723526;0.5437070727348328;0.46471595764160156;-0.21773865818977356;0.5462067127227783;0.45552125573158264;0.11971309781074524;0.548949122428894;0.5664322972297668;-0.08914536982774734;0.5448981523513794;0.5625745058059692;0.08909406512975693;0.5532234311103821;0.719488799571991;-0.05294699966907501;0.5489376783370972;0.7115858197212219;0.18236912786960602;0.5385617613792419;0.2552993088960648;-0.08802394401282072;0.5143762528896332;0.5484931617975235;-0.15657738968729973;0.5204010307788849;0.5361715704202652;0.044922822155058384;0.5512821276982626;0.8863355914751688;-0.03535837152351936;0.5522195100784302;0.8548343181610107;0.28420117497444153;;vertical;lateral
3.43;0.5330968499183655;0.27641335129737854;-0.06073758378624916;0.5587221384048462;0.3522702753543854;-0.21170540153980255;0.5560081601142883;0.3504449427127838;0.0864110141992569;0.5437264442443848;0.4646828770637512;-0.21795561909675598;0.5462641716003418;0.45553261041641235;0.11920996755361557;0.5489839911460876;0.5663956999778748;-0.08916689455509186;0.544896125793457;0.5625503659248352;0.08911317586898804;0.5532225966453552;0.719838559627533;-0.05079719424247742;0.5488497018814087;0.7116721868515015;0.18166406452655792;0.5384082973003388;0.25536427795886996;-0.08827009722590447;0.5149924010038376;0.5486170798540115;-0.15708062052726746;0.5207508504390717;0.5364699363708496;0.04455517092719674;0.5512481530507406;0.8864120642344157;-0.03128301833445827;0.5521229306856791;0.8555538256963094;0.2828151484330495;;vertical;lateral
3.47;0.5330252647399902;0.27701589465141296;-0.06058545783162117;0.5586874485015869;0.3522961437702179;-0.21139897406101227;0.5560150742530823;0.3505149185657501;0.08622944355010986;0.5437303781509399;0.4646972715854645;-0.21811386942863464;0.5465843081474304;0.4558066725730896;0.11902903020381927;0.5490055680274963;0.5663694739341736;-0.08918613940477371;0.5449649691581726;0.5625349879264832;0.08913300931453705;0.5532397031784058;0.7198310494422913;-0.0511503741145134;0.5487725138664246;0.7112969756126404;0.18190625309944153;0.5383180677890778;0.25554538667202;-0.08809420987963676;0.5152982026338577;0.5487146377563477;-0.1583816520869732;0.5211684107780457;0.5366591811180115;0.04432399291545153;0.5512005686759949;0.8864184419314066;-0.032430293038487434;0.5520084500312805;0.855469544728597;0.28416886925697327;;vertical;lateral
3.5;0.5329596400260925;0.27776220440864563;-0.06076248735189438;0.558663010597229;0.3523983657360077;-0.2111678272485733;0.5559988617897034;0.3507569134235382;0.0860259160399437;0.5437338352203369;0.464986652135849;-0.21802107989788055;0.5466688275337219;0.4562268555164337;0.11805775761604309;0.5490239262580872;0.5663456320762634;-0.0891806036233902;0.544972836971283;0.5625037550926208;0.08912795782089233;0.5532557368278503;0.7198476195335388;-0.05137762054800987;0.5487595796585083;0.7111209034919739;0.18198323249816895;0.5382536470890045;0.2559012219309807;-0.08829103047028183;0.51554736495018;0.5487927943468094;-0.1590886116027832;0.521314948797226;0.5367730259895325;0.044205248821526766;0.5511534611384074;0.8864235281944275;-0.03321241152783235;0.5519335667292277;0.8553451895713806;0.2841470539569855;;vertical;lateral
3.53;0.532889723777771;0.2783953845500946;-0.06090838089585304;0.5586450099945068;0.3524450957775116;-0.2113189399242401;0.556037962436676;0.3508944809436798;0.08579028397798538;0.5438423156738281;0.4653291404247284;-0.21812212467193604;0.5469483137130737;0.4567191004753113;0.11759357899427414;0.5490577816963196;0.5663255453109741;-0.089192233979702;0.5451065301895142;0.5624799728393555;0.08913986384868622;0.5532578825950623;0.7198810577392578;-0.05125046148896217;0.5487402081489563;0.7108543515205383;0.1822047382593155;0.5382008492946625;0.25624534487724304;-0.08845736663788557;0.5158333629369736;0.5490933209657669;-0.1596815139055252;0.521710216999054;0.5373938679695129;0.04407275328412652;0.5511302351951599;0.8864270250002543;-0.03359973011538386;0.5519158442815145;0.8549948334693909;0.28468122084935504;;vertical;lateral
3.57;0.5328298211097717;0.27906936407089233;-0.06103929877281189;0.5586326718330383;0.35245898365974426;-0.2112136036157608;0.5561214089393616;0.35094013810157776;0.08573895692825317;0.544073760509491;0.4653758406639099;-0.21833254396915436;0.5475814342498779;0.4568426311016083;0.11761080473661423;0.5490753054618835;0.5663125514984131;-0.08919951319694519;0.5452349781990051;0.5624675750732422;0.0891471728682518;0.5532676577568054;0.7198755145072937;-0.051994189620018005;0.5486803650856018;0.7102579474449158;0.1833469271659851;0.5381518006324768;0.25668563395738603;-0.08860598495230079;0.5161842256784439;0.549177274107933;-0.16000224277377129;0.5220267027616501;0.5374508947134018;0.04409443587064743;0.5511104663213094;0.8864197134971619;-0.03849816136062145;0.5519126454989115;0.8540338079134623;0.28635485967000324;;vertical;lateral
3.6;0.5327907800674438;0.27956709265708923;-0.06113772839307785;0.5586134195327759;0.3524780869483948;-0.2109462320804596;0.5562328100204468;0.3509828448295593;0.08567608892917633;0.544434666633606;0.46543246507644653;-0.21845069527626038;0.5482877492904663;0.4570103883743286;0.11756815761327744;0.5491206049919128;0.5662978291511536;-0.08920688182115555;0.5454821586608887;0.5624474287033081;0.08915449678897858;0.5532882809638977;0.7198567986488342;-0.052707646042108536;0.5486855506896973;0.7101523280143738;0.18381597101688385;0.5381031811237336;0.2570434272289276;-0.08867825828492641;0.5165287852287292;0.5491774678230286;-0.16008847951889038;0.5224265605211258;0.537519171833992;0.04391076788306236;0.5510932405789694;0.886420468489329;-0.040825443963209786;0.551925520102183;0.8535087704658508;0.2866256336371104;;vertical;lateral
3.63;0.5327520966529846;0.28012409806251526;-0.06149744987487793;0.5586052536964417;0.3525037169456482;-0.21102266013622284;0.5562567114830017;0.35108482837677;0.08554881811141968;0.5445605516433716;0.4656432271003723;-0.2186497002840042;0.5482667684555054;0.4573272168636322;0.11745085567235947;0.549198567867279;0.566245436668396;-0.08921247720718384;0.5456402897834778;0.5624303221702576;0.08916078507900238;0.5533041954040527;0.7197061777114868;-0.05385750159621239;0.5487140417098999;0.7099116444587708;0.18579711019992828;0.5380644917488098;0.25744872987270356;-0.08909834511578082;0.516645148396492;0.5492265224456787;-0.16161002963781357;0.5225190371274948;0.5377957820892334;0.04339816281571984;0.551079253355662;0.8864136338233948;-0.04387732843557993;0.5519294937451681;0.8529631694157919;0.2897796432177226;;vertical;lateral
3.67;0.5327272415161133;0.2804577648639679;-0.06188620254397392;0.5585929155349731;0.3525133430957794;-0.21106284856796265;0.5562860369682312;0.35115760564804077;0.08526617288589478;0.5446603298187256;0.46615278720855713;-0.21867500245571136;0.5482877492904663;0.4576992988586426;0.1171359196305275;0.5492419004440308;0.5661889910697937;-0.0892164409160614;0.5457404255867004;0.56240314245224;0.08916457742452621;0.5533351898193359;0.7195761203765869;-0.054148849099874496;0.5487195253372192;0.7097805738449097;0.18666425347328186;0.5380377888679504;0.25771053731441496;-0.08956580180674792;0.5167157649993896;0.5492695868015289;-0.16168765723705292;0.5225882232189178;0.5380447953939438;0.04294655658304691;0.5510473648707072;0.8863802750905355;-0.04359700344502926;0.5518724918365479;0.8525579373041788;0.29086751739184064;;vertical;lateral
3.7;0.5327227115631104;0.28075140714645386;-0.0619318000972271;0.558584988117218;0.35252097249031067;-0.2111070454120636;0.5564351677894592;0.3511923551559448;0.08519511669874191;0.544693112373352;0.46672743558883667;-0.2187553495168686;0.548762857913971;0.4581441879272461;0.117022804915905;0.5492572784423828;0.5661302208900452;-0.08922157436609268;0.5459120869636536;0.5623606443405151;0.08916991949081421;0.5533391237258911;0.7193265557289124;-0.0541841983795166;0.5487246513366699;0.7094867825508118;0.18716542422771454;0.5380125761032104;0.2579053431749344;-0.08965591732412577;0.5167560130357742;0.5492965430021286;-0.16157721728086472;0.5226736962795258;0.5381233990192413;0.04288288578391075;0.5510202447573344;0.8863310019175211;-0.04315314069390297;0.5518543124198914;0.8522206743558248;0.29154736797014874;;vertical;lateral
3.73;0.5327261686325073;0.2808995246887207;-0.06200480833649635;0.558589518070221;0.3525336980819702;-0.2111227810382843;0.55679851770401;0.351278692483902;0.08516546338796616;0.5448604822158813;0.4670262336730957;-0.21920812129974365;0.5493482947349548;0.45856544375419617;0.11701489984989166;0.5493142604827881;0.5661178231239319;-0.08924144506454468;0.5461267828941345;0.56234210729599;0.08918997645378113;0.5533459782600403;0.7192962169647217;-0.054154567420482635;0.5486926436424255;0.7094468474388123;0.1874888837337494;0.5379900872707367;0.25802443325519564;-0.08975269896909595;0.516804426908493;0.5493467003107071;-0.16205108910799026;0.5229004174470901;0.5387022793292999;0.04280067188665271;0.5510161519050598;0.8863177299499512;-0.043039556592702866;0.5518409013748169;0.8519238630930582;0.29183947046597797;;vertical;lateral
3.77;0.5328011512756348;0.2811780273914337;-0.061470240354537964;0.5586225986480713;0.35255229473114014;-0.21089084446430206;0.5572191476821899;0.3512875437736511;0.08548596501350403;0.5451050400733948;0.46706756949424744;-0.21930332481861115;0.5497769117355347;0.4588448107242584;0.1173190101981163;0.5493310689926147;0.5660155415534973;-0.08924806118011475;0.5463323593139648;0.5623027682304382;0.08919677883386612;0.5533532500267029;0.7191945910453796;-0.0542311891913414;0.5486783981323242;0.7094017863273621;0.18739186227321625;0.5379661381244659;0.2581940144300461;-0.08921919725835323;0.5168631970882416;0.5494064092636108;-0.16337642446160316;0.5231221616268158;0.5393619686365128;0.04303828300908208;0.5510136683781942;0.8863054315249125;-0.04311196506023407;0.5518367489178976;0.8517984747886658;0.2917083303133647;;vertical;lateral
3.8;0.5328789353370667;0.2813800275325775;-0.059817664325237274;0.5586659908294678;0.35256093740463257;-0.2098604440689087;0.557624340057373;0.35129863023757935;0.08608321100473404;0.545499324798584;0.4670795202255249;-0.21880029141902924;0.5501619577407837;0.45888033509254456;0.1177271381020546;0.5493663549423218;0.5658388137817383;-0.08923209458589554;0.5465091466903687;0.5621747970581055;0.08918136358261108;0.5533586740493774;0.718917727470398;-0.0544922761619091;0.5486562252044678;0.7093172073364258;0.1863686889410019;0.5379543960094452;0.258355113863945;-0.08754985025152565;0.5169684290885925;0.5493653565645218;-0.16262084990739822;0.5234591513872147;0.5395636409521103;0.043561180122196674;0.5510110855102539;0.8862709403038025;-0.04383300865689913;0.5518266956011454;0.8516649206479391;0.28839009006818134;;vertical;lateral
3.83;0.5330194234848022;0.2816814184188843;-0.05932443216443062;0.5587435960769653;0.35257336497306824;-0.20928068459033966;0.5578787326812744;0.35130980610847473;0.08637286722660065;0.545626699924469;0.46719032526016235;-0.21881936490535736;0.5503545999526978;0.45899856090545654;0.11785849928855896;0.5494937300682068;0.5655981302261353;-0.08923343569040298;0.5467019081115723;0.5619874596595764;0.08918318897485733;0.553365170955658;0.7185264229774475;-0.05534106865525246;0.548637330532074;0.7089399695396423;0.1862206757068634;0.5379572093486786;0.25856661796569824;-0.08701626462861896;0.5170731395483017;0.5493758767843246;-0.16312585398554802;0.5236419588327408;0.5397637784481049;0.04354990040883422;0.5510032773017883;0.8862128655115763;-0.0462318646411101;0.5518321792284647;0.8514019846916199;0.28773972392082214;;vertical;lateral
3.87;0.5331026315689087;0.28170013427734375;-0.05775533244013786;0.5589321255683899;0.3525455594062805;-0.20791733264923096;0.5579320788383484;0.35131922364234924;0.08700471371412277;0.5457354784011841;0.4671643376350403;-0.21832306683063507;0.5503647327423096;0.4590626358985901;0.11801819503307343;0.5497990250587463;0.5653750896453857;-0.08923215419054031;0.5468313694000244;0.5618653893470764;0.08918217569589615;0.5533393025398254;0.7181481122970581;-0.05647656321525574;0.548673152923584;0.7087513208389282;0.18287520110607147;0.5379644632339478;0.2586081176996231;-0.08526415713131427;0.5171618163585663;0.5494414567947388;-0.16328251361846924;0.5237137228250504;0.540075421333313;0.04361641686409712;0.5509898662567139;0.88607390721639;-0.047835630675156914;0.5518784920374552;0.8511356711387634;0.2793675760428111;;vertical;lateral
3.9;0.5331727266311646;0.28170210123062134;-0.05671602860093117;0.5591616630554199;0.3525422513484955;-0.20673467218875885;0.5580195188522339;0.35132721066474915;0.08707478642463684;0.5458674430847168;0.46719175577163696;-0.21728231012821198;0.5503673553466797;0.4591754674911499;0.11793054640293121;0.5501113533973694;0.5650378465652466;-0.0891210213303566;0.5470830202102661;0.5616088509559631;0.08907143026590347;0.5533300638198853;0.7177130579948425;-0.05652472749352455;0.5486952662467957;0.7085216045379639;0.1785840094089508;0.5379724621772766;0.25862530469894407;-0.08412023819983006;0.5172914117574692;0.5494827181100845;-0.16306031867861748;0.5241012871265411;0.5404112040996552;0.043552919290959835;0.5509878794352213;0.8859725197156271;-0.047337220360835396;0.5519260168075562;0.8511594931284586;0.27167583505312604;;vertical;lateral
3.93;0.533227801322937;0.28173860907554626;-0.0562715008854866;0.5593829154968262;0.35256579518318176;-0.20604383945465088;0.5581861734390259;0.3513481020927429;0.08703725785017014;0.546062707901001;0.4674510657787323;-0.21557585895061493;0.5503749847412109;0.45921483635902405;0.11746948957443237;0.5503464341163635;0.5649077296257019;-0.0889410674571991;0.5473215579986572;0.5615328550338745;0.08889240026473999;0.5533251166343689;0.7173565030097961;-0.05754385516047478;0.5488420724868774;0.7085001468658447;0.17537856101989746;0.5379799008369446;0.258672833442688;-0.0836970048956573;0.5173867344856262;0.549499586224556;-0.16017237305641174;0.5241176784038544;0.5404902696609497;0.04296695580706;0.5509799917538961;0.885915994644165;-0.048446950813134514;0.5520386099815369;0.8515056769053141;0.2645046313603719;;vertical;lateral
3.97;0.5333461165428162;0.2817407250404358;-0.05535333603620529;0.5595232248306274;0.3525921404361725;-0.20497702062129974;0.5583338141441345;0.3513689339160919;0.08714751154184341;0.5461891889572144;0.4675392508506775;-0.21401070058345795;0.5503907203674316;0.4592227637767792;0.117364801466465;0.5506094694137573;0.5647133588790894;-0.08876744657754898;0.5475754141807556;0.5614153146743774;0.08871893584728241;0.5533044338226318;0.7168682813644409;-0.05848062410950661;0.5489509701728821;0.7083624005317688;0.17275747656822205;0.5380168914794922;0.25869431495666506;-0.08270759359002114;0.5175130069255829;0.549523264169693;-0.15810300409793854;0.5241582244634628;0.5405074208974838;0.042937005404382944;0.550975501537323;0.885879655679067;-0.0496904564400514;0.5521038174629211;0.8516882260640463;0.2594664792219798;;vertical;lateral
4.0;0.5334671139717102;0.2817627191543579;-0.05508871376514435;0.5597725510597229;0.35259729623794556;-0.20433063805103302;0.5584564805030823;0.3514132499694824;0.0871242880821228;0.5462887287139893;0.46765145659446716;-0.21336832642555237;0.5503923296928406;0.4592478573322296;0.1169290691614151;0.5507820844650269;0.5644693374633789;-0.08857784420251846;0.5476409792900085;0.5612812042236328;0.08853040635585785;0.5533148646354675;0.7162687182426453;-0.059167880564928055;0.548959493637085;0.7081957459449768;0.17164768278598785;0.5380612552165985;0.25875017046928406;-0.08240819070488214;0.5175583809614182;0.5495911687612534;-0.15776723623275757;0.5241535753011703;0.5406895875930786;0.042265504598617554;0.5509781837463379;0.8858607808748881;-0.05088198619584242;0.552170991897583;0.8518767158190409;0.2575091669956843;;vertical;lateral
4.03;0.5337636470794678;0.28202182054519653;-0.05396604537963867;0.5599349141120911;0.3526802659034729;-0.20361720025539398;0.5587249398231506;0.3515295386314392;0.08777445554733276;0.5464714765548706;0.4680336117744446;-0.21339093148708344;0.5504627823829651;0.45941245555877686;0.11731258779764175;0.5509315133094788;0.5641036629676819;-0.08840543776750565;0.5479119420051575;0.56103515625;0.08835828304290771;0.5533258318901062;0.7156456708908081;-0.06023469194769859;0.5489680767059326;0.7080578207969666;0.17188112437725067;0.5381980061531066;0.25902390480041504;-0.0812035724055022;0.5176171064376831;0.5497948378324509;-0.1579451598227024;0.5241796225309372;0.5408859699964523;0.04243771359324455;0.5509799917538961;0.8858668804168701;-0.05355584807693958;0.5521613955497742;0.8524341781934103;0.2578691840171814;;vertical;lateral
4.07;0.5339462161064148;0.2822265028953552;-0.05325170233845711;0.5600759983062744;0.3527214825153351;-0.20322245359420776;0.5588586926460266;0.35157033801078796;0.0883905291557312;0.5466042757034302;0.46809929609298706;-0.21327736973762512;0.550491988658905;0.45944300293922424;0.11779149621725082;0.5510565638542175;0.5638278126716614;-0.08833576738834381;0.548061192035675;0.5608143210411072;0.08828907459974289;0.5533442497253418;0.7152645587921143;-0.061628520488739014;0.5490124225616455;0.7079542279243469;0.17253196239471436;0.5382719457149505;0.25922098755836487;-0.08049321253784;0.5176634192466736;0.549900010228157;-0.15818671137094498;0.5242038369178772;0.5409677028656006;0.04284153459593654;0.5509717663129171;0.8858902255694071;-0.05695077404379845;0.5521596868832906;0.8530170122782389;0.25907225410143536;;vertical;lateral
4.1;0.534060537815094;0.28236615657806396;-0.05077637732028961;0.5601381659507751;0.35272809863090515;-0.20141179859638214;0.5589172840118408;0.35157862305641174;0.09050153195858002;0.5467115640640259;0.46806830167770386;-0.21224531531333923;0.5505098700523376;0.4594372808933258;0.11980760097503662;0.5511268973350525;0.5636278390884399;-0.08829089254140854;0.5481367707252502;0.5606536865234375;0.08824435621500015;0.5533690452575684;0.7149088382720947;-0.06392037123441696;0.5490614175796509;0.7078430652618408;0.17250773310661316;0.5383210480213165;0.25936907827854155;-0.07796817328780889;0.5177376121282578;0.5499109774827957;-0.15810897946357727;0.5242483019828796;0.5409811288118362;0.04497213754802942;0.5509581963221232;0.8858950734138489;-0.0617985005180041;0.5521289308865865;0.8533358971277872;0.25764504571755725;;vertical;lateral
4.13;0.5341066718101501;0.28239813446998596;-0.04916393384337425;0.5602275729179382;0.35260945558547974;-0.19990850985050201;0.5589292049407959;0.35156959295272827;0.09233859181404114;0.5468319058418274;0.4679107069969177;-0.21164168417453766;0.5505081415176392;0.4593288004398346;0.1219700500369072;0.5511742830276489;0.5633113384246826;-0.08828017115592957;0.5482190847396851;0.5603768825531006;0.08823437243700027;0.5534082651138306;0.7145914435386658;-0.06581518054008484;0.5491859912872314;0.7073317766189575;0.17296689748764038;0.5383522570133209;0.2594437003135681;-0.07634307436528616;0.5177877247333527;0.5499134063720703;-0.15820840001106262;0.524249255657196;0.5408987104892731;0.046607350930571556;0.5509150425593058;0.8858882586161295;-0.06651029859979947;0.5521011153856913;0.8533657987912496;0.2597143004337947;;vertical;lateral
4.17;0.5341616868972778;0.28242889046669006;-0.04930735379457474;0.5602937340736389;0.3525451421737671;-0.19992679357528687;0.5589326024055481;0.35156121850013733;0.09244174510240555;0.5469566583633423;0.4677635729312897;-0.21170277893543243;0.5505065321922302;0.45911914110183716;0.12236802279949188;0.5512040257453918;0.5631892085075378;-0.0882800817489624;0.5482186079025269;0.5602585077285767;0.08823439478874207;0.5534809231758118;0.7144420146942139;-0.06592471897602081;0.5492601990699768;0.7066612839698792;0.17413730919361115;0.538379579782486;0.2594861626625061;-0.07655864072730764;0.5178382247686386;0.5498646944761276;-0.15834306180477142;0.5242549031972885;0.5402524322271347;0.046922985929995775;0.5508876442909241;0.8858777483304342;-0.06685775270064671;0.5520627498626709;0.8531238039334615;0.26147868235905963;;vertical;lateral
4.2;0.534173846244812;0.28243735432624817;-0.04875442758202553;0.5603004693984985;0.3525071144104004;-0.19998463988304138;0.5589314699172974;0.35154685378074646;0.09315799176692963;0.5470122694969177;0.4676322340965271;-0.21173037588596344;0.5505051612854004;0.45898935198783875;0.12346448749303818;0.5512231588363647;0.563069224357605;-0.08830145746469498;0.5482305288314819;0.5601674914360046;0.08825603872537613;0.5535936951637268;0.7144337296485901;-0.0653427392244339;0.5492944717407227;0.7065169811248779;0.17470748722553253;0.538378632068634;0.25949548184871674;-0.07599333274411038;0.5178861021995544;0.5498655289411545;-0.15843629837036133;0.5242768824100494;0.5400467216968536;0.04850618727505207;0.5508608023325602;0.8858941992123922;-0.06434985001881917;0.5520245631535848;0.8528658350308737;0.26400919258594513;;vertical;lateral
4.23;0.5341737270355225;0.2823793292045593;-0.04915659502148628;0.5603049993515015;0.35226693749427795;-0.20017199218273163;0.558925986289978;0.3514396846294403;0.09286624193191528;0.5471549034118652;0.4674113392829895;-0.21212749183177948;0.5504988431930542;0.45872530341148376;0.12348555028438568;0.5512319803237915;0.5629250407218933;-0.08836781233549118;0.5482263565063477;0.5600332617759705;0.08832314610481262;0.553810179233551;0.7143329381942749;-0.06416205316781998;0.5493062734603882;0.7060564160346985;0.1785070300102234;0.5383688926696777;0.2594806790351868;-0.07636386848753318;0.517942264676094;0.5498431175947189;-0.15880752727389336;0.5242878198623657;0.5398309230804443;0.04834311222657561;0.5508569081624349;0.8858483036359152;-0.06352740029493968;0.5519824822743734;0.8524091045061747;0.27403507630030316;;vertical;lateral
4.27;0.5340968370437622;0.28234153985977173;-0.05168818682432175;0.560308039188385;0.35224589705467224;-0.20289228856563568;0.558776319026947;0.3514213263988495;0.09202565252780914;0.5471457242965698;0.4673890173435211;-0.21312443912029266;0.550399661064148;0.45855966210365295;0.12332791090011597;0.5512444376945496;0.5628559589385986;-0.08847365528345108;0.5481946468353271;0.5599071383476257;0.08842848986387253;0.5540915727615356;0.714323103427887;-0.06259516626596451;0.5493324398994446;0.7060279250144958;0.18158334493637085;0.5383134067058564;0.2594667673110962;-0.0792608535150066;0.5179568976163864;0.5498414933681488;-0.15870729461312294;0.524265468120575;0.5396278500556946;0.048232818488031626;0.5508574644724528;0.8858996431032816;-0.06014397740364075;0.5518628557523092;0.8522222638130188;0.2802250583966573;;vertical;lateral
4.3;0.533952534198761;0.28229427337646484;-0.05218689888715744;0.560305655002594;0.35212230682373047;-0.20416001975536346;0.558682918548584;0.35133516788482666;0.09186805039644241;0.5471734404563904;0.467213898897171;-0.2139745056629181;0.5503320693969727;0.45833224058151245;0.12311295419931412;0.5512474179267883;0.5628274083137512;-0.08855285495519638;0.5481742024421692;0.5598695874214172;0.08850686252117157;0.5542898178100586;0.71433424949646;-0.06000818684697151;0.5493388175964355;0.7060242295265198;0.1819024235010147;0.5381248593330383;0.25941655933856966;-0.07986363663803786;0.5179859548807144;0.54984150826931;-0.15890923514962196;0.5242081433534622;0.5395056456327438;0.04810939868912101;0.5508615970611572;0.8859115242958069;-0.053349694237113;0.551780104637146;0.8521347641944885;0.2800656358400981;;vertical;lateral
4.33;0.5334482192993164;0.2822861671447754;-0.0525687113404274;0.560225248336792;0.3520835041999817;-0.20463509857654572;0.558585524559021;0.3513098359107971;0.09176675975322723;0.547192394733429;0.4672127068042755;-0.21426336467266083;0.5503301620483398;0.45830419659614563;0.12296628952026367;0.5512509346008301;0.5627234578132629;-0.08858272433280945;0.5481863021850586;0.5596994757652283;0.08853651583194733;0.5544997453689575;0.7143367528915405;-0.059857938438653946;0.5493489503860474;0.7060133814811707;0.1826230138540268;0.5376651883125305;0.2593877285718918;-0.08026250447146595;0.5180111229419708;0.5498690158128738;-0.15891312062740326;0.5242007523775101;0.5395547151565552;0.047974989749491215;0.5508467356363932;0.8859036962191263;-0.05362016521394253;0.5517294406890869;0.8519692222277323;0.2811734577020009;;vertical;lateral
4.37;0.5329108238220215;0.2821565270423889;-0.053110044449567795;0.5601248145103455;0.3518531620502472;-0.20541444420814514;0.5585653781890869;0.35113146901130676;0.09117533266544342;0.5471795797348022;0.4670780599117279;-0.21482467651367188;0.5503286719322205;0.45824897289276123;0.12231531739234924;0.5512534379959106;0.5625483989715576;-0.08860514312982559;0.5482296347618103;0.5595105290412903;0.08855792880058289;0.5547767281532288;0.714384138584137;-0.058339960873126984;0.5493754744529724;0.7060474753379822;0.182488352060318;0.5371514201164246;0.2592256605625153;-0.08081272151321173;0.5180486440658569;0.5498709082603455;-0.15911054611206055;0.5241750925779343;0.5394765883684158;0.04753250675275922;0.5508601665496826;0.8858712514241537;-0.04970394819974899;0.5515912175178528;0.8520136475563049;0.2808501323064168;;vertical;lateral
4.4;0.5321125984191895;0.2816992402076721;-0.05339653417468071;0.5596328377723694;0.3518160283565521;-0.20572529733181;0.5585307478904724;0.35109975934028625;0.09106162935495377;0.5471514463424683;0.4670478403568268;-0.2151341736316681;0.5503687858581543;0.458274245262146;0.1221524029970169;0.5512484312057495;0.5624573230743408;-0.08863470703363419;0.548571765422821;0.5594099164009094;0.08858593553304672;0.5548849105834961;0.7144297957420349;-0.05741184949874878;0.54947829246521;0.7060951590538025;0.1823384016752243;0.5365460515022278;0.2588762104511261;-0.08099727327935398;0.518089234828949;0.5498774498701096;-0.15918640792369843;0.524181455373764;0.5395108014345169;0.047434788197278976;0.5508598883946737;0.8858559131622314;-0.04829944483935833;0.5514761010805765;0.8521587053934733;0.2804684539635976;;vertical;lateral
4.43;0.5312182307243347;0.28082185983657837;-0.05533475801348686;0.5591406226158142;0.35177528858184814;-0.20745614171028137;0.5584995746612549;0.3510796129703522;0.08951454609632492;0.5471295714378357;0.4670768082141876;-0.2156427502632141;0.550381064414978;0.4583037793636322;0.1205328032374382;0.5512436032295227;0.5623977780342102;-0.08863793313503265;0.5487703680992126;0.5593787431716919;0.08858831226825714;0.5549725890159607;0.7144086360931396;-0.054260190576314926;0.5495105385780334;0.7060956954956055;0.18274156749248505;0.5359383463859558;0.2582820236682892;-0.08281309613958002;0.5181139409542084;0.5498804450035095;-0.15898879617452621;0.5241668820381165;0.5394879132509232;0.046525773126631975;0.5508768955866495;0.8857767383257548;-0.041257813572883606;0.5513731042544047;0.8521692752838135;0.28235553701718646;;vertical;lateral
4.47;0.5306189060211182;0.2803318202495575;-0.054396528750658035;0.5586150884628296;0.35166338086128235;-0.20685097575187683;0.5583193898200989;0.350967675447464;0.08970338106155396;0.5471071600914001;0.4670211970806122;-0.21505625545978546;0.5503724217414856;0.4582534730434418;0.12056034803390503;0.5512210130691528;0.5622434616088867;-0.08859898895025253;0.5488691926002502;0.5592502951622009;0.08854750543832779;0.5550230741500854;0.7143780589103699;-0.05483666807413101;0.5495392680168152;0.7061125636100769;0.1793329119682312;0.5354647278785706;0.25797025859355927;-0.08172849868424237;0.5181449502706528;0.5498259514570236;-0.15831024944782257;0.5241492390632629;0.5389792174100876;0.04724436718970537;0.5508792400360107;0.8857007821400961;-0.04384224054714044;0.5513194799423218;0.8523409167925516;0.27334808309872943;;vertical;lateral
4.5;0.530014157295227;0.27994486689567566;-0.05190097913146019;0.5582072734832764;0.35127392411231995;-0.20479340851306915;0.5580703020095825;0.35073360800743103;0.09127802401781082;0.5470505952835083;0.46664050221443176;-0.21382462978363037;0.5503684282302856;0.45814481377601624;0.12127359211444855;0.5512182116508484;0.5621535778045654;-0.08860014379024506;0.5489146113395691;0.5591866374015808;0.0885484516620636;0.5552129745483398;0.7143765091896057;-0.0565849132835865;0.5496366024017334;0.7062292098999023;0.1781100481748581;0.5350683450698852;0.2577240765094757;-0.07904107144568115;0.5181820541620255;0.5497840344905853;-0.15785277634859085;0.5241280645132065;0.5388704240322113;0.048718552105128765;0.5508826573689779;0.8855880498886108;-0.047534387558698654;0.5512329936027527;0.8524400591850281;0.27037887275218964;;vertical;lateral
4.53;0.5295514464378357;0.2794432044029236;-0.048706624656915665;0.5578161478042603;0.35092005133628845;-0.2023654580116272;0.5578009486198425;0.3503912091255188;0.09395439177751541;0.5470061302185059;0.4659586250782013;-0.21238914132118225;0.5503566861152649;0.4579547941684723;0.12334144115447998;0.5511800050735474;0.5620126724243164;-0.08860844373703003;0.548929750919342;0.5591065287590027;0.08855628967285156;0.5552610158920288;0.714270830154419;-0.06146767735481262;0.5497322678565979;0.70626300573349;0.17698577046394348;0.5345960199832916;0.2573030382394791;-0.0757487470516935;0.5181869268417358;0.5497155636548996;-0.15719499811530113;0.5241294652223587;0.5388270914554596;0.05127636529505253;0.5508808493614197;0.885479728380839;-0.05777156228820483;0.5511642893155416;0.852636973063151;0.26668403546015423;;vertical;lateral
4.57;0.5291372537612915;0.27943703532218933;-0.043317265808582306;0.5570400953292847;0.35039350390434265;-0.1994304060935974;0.5575680136680603;0.34997719526290894;0.09918801486492157;0.5469802021980286;0.46537503600120544;-0.21052923798561096;0.5503334403038025;0.4579303562641144;0.12939967215061188;0.5510889291763306;0.5617848634719849;-0.08863995224237442;0.5492092967033386;0.5590241551399231;0.08858722448348999;0.5553284883499146;0.7139609456062317;-0.06378788501024246;0.5499386787414551;0.7063217163085938;0.17489461600780487;0.5340418636798858;0.2571975290775299;-0.07011361340992153;0.5180467814207077;0.5495821982622147;-0.15585793554782867;0.5241186022758484;0.5389290452003479;0.058490426279604435;0.5507656931877136;0.8854547739028931;-0.06200748930374781;0.5510601202646891;0.8533892234166464;0.2619464248418808;;vertical;lateral
4.6;0.5286448001861572;0.2794772684574127;-0.042403168976306915;0.556420624256134;0.349763959646225;-0.19882524013519287;0.5570823550224304;0.34965723752975464;0.10038705170154572;0.5469744801521301;0.46487775444984436;-0.21066337823867798;0.5502785444259644;0.45792853832244873;0.13077165186405182;0.5509828329086304;0.5616457462310791;-0.0887717753648758;0.5492088198661804;0.5589879155158997;0.08871901780366898;0.5554115176200867;0.7136534452438354;-0.06940484791994095;0.5499904751777649;0.7063843607902527;0.17509086430072784;0.5334225773811341;0.25718099176883696;-0.06924909986555576;0.5179638862609863;0.5499388128519058;-0.15731649845838547;0.5240956991910934;0.5394122898578644;0.05965119041502476;0.550656795501709;0.8854552308718363;-0.07095861931641896;0.5510267615318298;0.8539519707361857;0.2614864607652028;;vertical;lateral
4.63;0.5279774069786072;0.2799213230609894;-0.04319418966770172;0.5558556318283081;0.348568856716156;-0.2008885145187378;0.5566786527633667;0.3490909934043884;0.09944064915180206;0.5470830202102661;0.46440231800079346;-0.21560828387737274;0.5500963926315308;0.45786556601524353;0.13023360073566437;0.5509791374206543;0.5612263083457947;-0.08881756663322449;0.5492375493049622;0.5587906241416931;0.08876639604568481;0.5556984543800354;0.7128570079803467;-0.06977032870054245;0.5501171946525574;0.7063667178153992;0.1751699447631836;0.532532811164856;0.2574037700891495;-0.0697147942148149;0.5179081708192825;0.5515163540840149;-0.16889425367116928;0.5240412950515747;0.5404769331216812;0.05794491898268461;0.5504918297131857;0.8853476842244467;-0.0688681739072005;0.551086405913035;0.854066530863444;0.2631983309984207;;vertical;lateral
4.67;0.525989830493927;0.28011655807495117;-0.0515315979719162;0.5554790496826172;0.34809058904647827;-0.20714665949344635;0.5552965998649597;0.349059522151947;0.09298840910196304;0.5471615791320801;0.46440795063972473;-0.22258205711841583;0.5487585067749023;0.45790672302246094;0.12492404133081436;0.5510058403015137;0.5612203478813171;-0.08881983906030655;0.5490004420280457;0.5588632225990295;0.0887686088681221;0.5558574795722961;0.7128238677978516;-0.06844297796487808;0.5501853227615356;0.7069355845451355;0.17540091276168823;0.5305731475353241;0.2574478089809418;-0.07820936916396022;0.5175408273935318;0.5562675297260284;-0.18006527051329613;0.5228164494037628;0.5450157076120377;0.05230598244816065;0.5503798921902975;0.8853077093760172;-0.057393353432416916;0.5511836608250936;0.8543273210525513;0.26362380385398865;;vertical;lateral
4.7;0.5247058272361755;0.2809489965438843;-0.05880916491150856;0.5548927187919617;0.347747802734375;-0.21388007700443268;0.5537871718406677;0.349097341299057;0.08700164407491684;0.547147810459137;0.464457243680954;-0.2319435030221939;0.5477224588394165;0.45842620730400085;0.11969597637653351;0.5510023832321167;0.5612053275108337;-0.08887122571468353;0.549003541469574;0.5589250922203064;0.08881841599941254;0.5560150742530823;0.7128845453262329;-0.05645133927464485;0.5503540635108948;0.7077179551124573;0.17466017603874207;0.5285752892494202;0.2579702019691467;-0.08530538361519575;0.5170463770627975;0.5644307881593704;-0.19502147659659386;0.5221752822399139;0.553352490067482;0.04950795788317919;0.5502111117045084;0.8853552937507629;-0.0331320323360463;0.551157553990682;0.8551785548528036;0.26373256246248883;;vertical;lateral
4.73;0.5225319266319275;0.2813684642314911;-0.059486713260412216;0.554099977016449;0.3468317687511444;-0.21391791105270386;0.5522328019142151;0.34911996126174927;0.08523190766572952;0.5470359921455383;0.46414247155189514;-0.23215623199939728;0.5470079183578491;0.4589320421218872;0.11662326753139496;0.5509997606277466;0.5610752701759338;-0.08898302912712097;0.5490036010742188;0.558953583240509;0.08892468363046646;0.5560469031333923;0.7128894329071045;-0.051212552934885025;0.5507321953773499;0.7080456018447876;0.16991320252418518;0.5260086774826049;0.258448925614357;-0.08571944208815693;0.5170608162879944;0.5692296624183655;-0.19472097232937813;0.5221981406211853;0.5567977875471115;0.04858154011890292;0.5501365264256796;0.88540252049764;-0.024642685680494953;0.551200270652771;0.8566560745239258;0.25650844474633533;;vertical;lateral
4.77;0.5202547907829285;0.28394460678100586;-0.06461934000253677;0.5528386831283569;0.34655237197875977;-0.22014844417572021;0.5513027906417847;0.34901729226112366;0.08170964568853378;0.5470348000526428;0.4642239511013031;-0.24240119755268097;0.5470841526985168;0.4591871500015259;0.11355473846197128;0.5513020753860474;0.5607150197029114;-0.08957274258136749;0.5491747856140137;0.5588881969451904;0.089507095515728;0.5560988187789917;0.7115678787231445;-0.05314926430583;0.550803542137146;0.7077515125274658;0.17173053324222565;0.5233825981616974;0.26050524413585663;-0.09110241308808327;0.517379879951477;0.5744506567716599;-0.20767473429441452;0.523156002163887;0.5615154504776001;0.047098635230213404;0.5501350363095602;0.8851206501324972;-0.03029889171011746;0.5511812766393026;0.8566391468048096;0.2583959052960078;;vertical;lateral
4.8;0.5188227295875549;0.2862802743911743;-0.07009375840425491;0.5522732734680176;0.3458934724330902;-0.2244272083044052;0.549942135810852;0.3487282395362854;0.07592985033988953;0.5468865633010864;0.4645983576774597;-0.24877004325389862;0.5469205975532532;0.45994532108306885;0.10577263683080673;0.5520395636558533;0.5594460964202881;-0.08969796448945999;0.5495566725730896;0.5581558346748352;0.08962837606668472;0.5560969114303589;0.7092620134353638;-0.05404452979564667;0.550806999206543;0.707290768623352;0.17100946605205536;0.5212909281253815;0.26246826648712157;-0.096237719245255;0.5175057351589203;0.5809731185436249;-0.21678680554032326;0.5240028202533722;0.5693032145500183;0.0400449032895267;0.550241748491923;0.8848228255907694;-0.030606125947088003;0.5514403184254965;0.8577815890312195;0.2532054086526235;;inclinandose;lateral
4.83;0.5168220400810242;0.28906193375587463;-0.06747575849294662;0.5505714416503906;0.34395357966423035;-0.2235279381275177;0.5489404201507568;0.34793493151664734;0.07820586115121841;0.5468752980232239;0.4644727110862732;-0.25099876523017883;0.546973705291748;0.4601302742958069;0.10830241441726685;0.5526741147041321;0.5584251880645752;-0.0903029590845108;0.5508406162261963;0.5576417446136475;0.09023047238588333;0.5559799075126648;0.7079606652259827;-0.05463988706469536;0.551026463508606;0.706946074962616;0.16990923881530762;0.5184193551540375;0.2652984827756882;-0.09367244131863117;0.5182472467422485;0.5849154889583588;-0.22225821390748024;0.5262550860643387;0.5741989761590958;0.041529759764671326;0.55020805199941;0.8843299150466919;-0.03088441692913572;0.5519282817840576;0.8578856388727824;0.2499572386344274;;inclinandose;lateral
4.87;0.5147132873535156;0.2919350564479828;-0.06773032993078232;0.548638641834259;0.3426453769207001;-0.22630976140499115;0.5476146340370178;0.34734904766082764;0.07856830209493637;0.5467783808708191;0.46456393599510193;-0.25551047921180725;0.5469979047775269;0.4604727327823639;0.10848807543516159;0.5534129738807678;0.5582149624824524;-0.09120398759841919;0.5520846247673035;0.5576380491256714;0.09111808240413666;0.5559773445129395;0.7081424593925476;-0.04362659156322479;0.5511642694473267;0.7070104479789734;0.1701488494873047;0.5154225647449493;0.26769156754016876;-0.09401681553572416;0.5200950652360916;0.5886315405368805;-0.22768786549568176;0.5293178260326385;0.5778646767139435;0.04236679011955857;0.5503955880800883;0.8839381337165833;-0.007207348942756653;0.5529968539873759;0.8579575816790262;0.25225207209587097;;inclinandose;lateral
4.9;0.5112467408180237;0.29310205578804016;-0.08131669461727142;0.5468589663505554;0.34235820174217224;-0.23960530757904053;0.5467188954353333;0.3463729918003082;0.06455159932374954;0.5462725162506104;0.46528056263923645;-0.26687270402908325;0.5470205545425415;0.460622638463974;0.09685751795768738;0.5550512075424194;0.5574043989181519;-0.09149304032325745;0.5538719892501831;0.5568364262580872;0.09139244258403778;0.5569498538970947;0.708285927772522;-0.030771886929869652;0.5512294173240662;0.7062018513679504;0.17451788485050201;0.5112852275371551;0.26929958164691925;-0.10771581158041954;0.522332102060318;0.5936223268508911;-0.24246447533369064;0.5324673801660538;0.57978156208992;0.03928349073976278;0.5506777763366699;0.8837515910466512;0.013883095234632492;0.5523264408111572;0.8571138183275858;0.27854124704996747;;inclinandose;lateral
4.93;0.5078381299972534;0.29681098461151123;-0.0760481134057045;0.544699490070343;0.34239453077316284;-0.23692277073860168;0.5461726188659668;0.34568023681640625;0.06833599507808685;0.5457161068916321;0.46648576855659485;-0.26217690110206604;0.5483619570732117;0.4615424573421478;0.09967897832393646;0.5565022826194763;0.5568192005157471;-0.09189449995756149;0.5565440058708191;0.5559808015823364;0.09178533405065536;0.5571696162223816;0.708383321762085;-0.026577536016702652;0.5520997047424316;0.7062035799026489;0.17243610322475433;0.506579864025116;0.2732464671134949;-0.10275193378329277;0.5238065421581268;0.597619891166687;-0.23061193153262138;0.5351926237344742;0.5825331211090088;0.041595209389925;0.5507545669873556;0.8830482959747314;0.02659102901816368;0.551715075969696;0.8571394085884094;0.2737463762362798;;inclinandose;lateral
4.97;0.5050095319747925;0.30474087595939636;-0.07280967384576797;0.5419763922691345;0.3424297273159027;-0.23265480995178223;0.5454965829849243;0.34526461362838745;0.07101774960756302;0.5447784662246704;0.4673098623752594;-0.25785985589027405;0.5503445267677307;0.4615265130996704;0.10214349627494812;0.5576167702674866;0.5566131472587585;-0.09188946336507797;0.5595220923423767;0.5552111864089966;0.09177912771701813;0.5572225451469421;0.707446277141571;-0.024516817182302475;0.5537077188491821;0.7048473954200745;0.16569675505161285;0.5028578549623489;0.28118139803409575;-0.09889810085296631;0.5273182690143585;0.5997748821973801;-0.22315646708011627;0.5388854891061783;0.580919474363327;0.049670652486383915;0.5507588783899943;0.8827036023139954;0.030818135167161625;0.5520228544871012;0.8571435213088989;0.26083282629648846;;inclinandose;lateral
5.0;0.5015002489089966;0.3118433654308319;-0.07147353887557983;0.5391140580177307;0.34336036443710327;-0.23112642765045166;0.5429333448410034;0.34539178013801575;0.07156682014465332;0.544074535369873;0.4677262604236603;-0.2598320543766022;0.551185131072998;0.46151331067085266;0.10070271044969559;0.5590047836303711;0.5563051700592041;-0.0919930562376976;0.5606372356414795;0.5546184182167053;0.09188377857208252;0.5575782656669617;0.7054280042648315;-0.030673861503601074;0.5547181367874146;0.7008011341094971;0.1698886603116989;0.4989089906215668;0.2889772325754166;-0.09778988566249609;0.5301783978939056;0.6008145660161972;-0.23001107200980186;0.5426703244447708;0.5807833969593048;0.04901886451989412;0.5506029923756918;0.881701389948527;0.013694801678260168;0.5521615743637085;0.8565097649892172;0.26971542835235596;;inclinandose;lateral
5.03;0.49622923135757446;0.31959837675094604;-0.07793477177619934;0.5355679988861084;0.3449306786060333;-0.2405504733324051;0.5395829677581787;0.3457580506801605;0.06473228335380554;0.5433312654495239;0.47052428126335144;-0.2695794403553009;0.5518510937690735;0.4616813063621521;0.09589194506406784;0.5605171918869019;0.5566637516021729;-0.0926700234413147;0.5619329214096069;0.5546454787254333;0.09255727380514145;0.5581549406051636;0.7055985331535339;-0.03076275810599327;0.5561754703521729;0.6994732022285461;0.19596177339553833;0.492385545372963;0.2969298094511032;-0.10446538776159286;0.5337895154953003;0.6035996526479721;-0.23914271965622902;0.5453206598758698;0.5810941308736801;0.048577673733234406;0.5504142244656881;0.8814284006754557;0.013070322573184967;0.5523600975672404;0.8538522919019064;0.32197271784146625;;inclinandose;lateral
5.07;0.49244505167007446;0.3261401057243347;-0.09041070193052292;0.5321062803268433;0.34879106283187866;-0.25248515605926514;0.5378639101982117;0.3466981053352356;0.052446167916059494;0.5427823066711426;0.47418341040611267;-0.27720820903778076;0.5545377731323242;0.4616782069206238;0.08697332441806793;0.5620889663696289;0.5575100183486938;-0.09276127070188522;0.5643611550331116;0.5546621680259705;0.09264098107814789;0.5601270198822021;0.7069475650787354;-0.016503233462572098;0.5586714744567871;0.698453962802887;0.20124797523021698;0.4877226918935776;0.305003422498703;-0.11680451743304729;0.5359891355037689;0.6063984483480453;-0.2388719692826271;0.5497140735387802;0.5799079686403275;0.04795742966234684;0.5505003531773885;0.8813487887382507;0.04615728432933489;0.5526422063509623;0.8528576294581095;0.3336730897426605;;inclinandose;lateral
5.1;0.48904043436050415;0.3384655714035034;-0.08987023681402206;0.5282503962516785;0.3537801206111908;-0.25261959433555603;0.5355278849601746;0.34976664185523987;0.054166216403245926;0.5425065159797668;0.477407306432724;-0.27913200855255127;0.5561699271202087;0.4618878662586212;0.08819468319416046;0.5635029077529907;0.5575534105300903;-0.09310459345579147;0.5671284794807434;0.5544417500495911;0.09298524260520935;0.5622998476028442;0.7079869508743286;-0.020092519000172615;0.5612705945968628;0.6988025307655334;0.1934729516506195;0.4835496723651886;0.3170551508665085;-0.11631904393434525;0.5376316756010056;0.6101537048816681;-0.24026180803775787;0.5516132712364197;0.5803317576646805;0.04746928997337818;0.5500085751215616;0.8813459475835165;0.039797871897462755;0.5516108671824137;0.8556421995162964;0.3106200695037842;;inclinandose;lateral
5.13;0.48469677567481995;0.3505634665489197;-0.09651092439889908;0.5245701670646667;0.3597632944583893;-0.2582961618900299;0.5314701795578003;0.3529612720012665;0.04755224660038948;0.5421633720397949;0.4805285334587097;-0.28346070647239685;0.5556722283363342;0.46227872371673584;0.08145540952682495;0.5653894543647766;0.5578839778900146;-0.09307993948459625;0.568511426448822;0.554388701915741;0.09296122193336487;0.5633156895637512;0.7086591720581055;-0.011487279087305069;0.5610311627388;0.6989700794219971;0.19072213768959045;0.47753459215164185;0.33052650690078733;-0.12326945960521699;0.5397286266088486;0.6135741770267487;-0.2378843016922474;0.5515076518058777;0.5838373005390167;0.04186689807102084;0.5500535170237223;0.8798990646998087;0.06497406090299289;0.5515943169593811;0.8564861416816711;0.30703941980997723;;inclinandose;lateral
5.17;0.4813324511051178;0.3603377342224121;-0.09828662127256393;0.5206494331359863;0.3654124438762665;-0.2583152949810028;0.5282889604568481;0.3578077256679535;0.04546003043651581;0.5415807962417603;0.4842936396598816;-0.2854125499725342;0.5561079978942871;0.46505388617515564;0.07786550372838974;0.5662915110588074;0.5583088397979736;-0.09293288737535477;0.5718482136726379;0.5537853240966797;0.09282186627388;0.5638814568519592;0.7096355557441711;-0.009036422707140446;0.5621228218078613;0.6993237733840942;0.18513262271881104;0.47331724464893343;0.3429329663515091;-0.1251177728176117;0.5421157032251358;0.6186316311359406;-0.24237193539738655;0.552704319357872;0.5896497666835785;0.0355283934623003;0.5499639511108398;0.8798403143882751;0.07390982285141945;0.5516188939412435;0.8595766027768453;0.29569215575853985;;inclinandose;lateral
5.2;0.47841137647628784;0.37258705496788025;-0.0991528332233429;0.51781165599823;0.3734719157218933;-0.25882580876350403;0.5253289937973022;0.36405524611473083;0.04404326155781746;0.540741503238678;0.4910801351070404;-0.28726911544799805;0.5561352372169495;0.46917837858200073;0.07659925520420074;0.5677259564399719;0.560613214969635;-0.09213092923164368;0.5747019052505493;0.5537934899330139;0.09203047305345535;0.5637148022651672;0.716115415096283;0.002857734216377139;0.5636638402938843;0.7051203846931458;0.18116962909698486;0.4699763149023056;0.3564809441566467;-0.12580044195055962;0.5447984635829926;0.6247716248035431;-0.2463652677834034;0.5558187365531921;0.5913105905056;0.035078856628388166;0.5494042634963989;0.878974457581838;0.10268663614988327;0.5512484312057495;0.8601987759272257;0.2925550838311513;;inclinandose;lateral
5.23;0.47655925154685974;0.38429638743400574;-0.09822388738393784;0.514731764793396;0.3819432258605957;-0.26101794838905334;0.5211831331253052;0.37187460064888;0.04559282213449478;0.539734423160553;0.4993232488632202;-0.293279230594635;0.5559174418449402;0.47292083501815796;0.07703706622123718;0.569805920124054;0.5617522597312927;-0.09260384738445282;0.5746835470199585;0.5537911653518677;0.09252538532018661;0.5643731355667114;0.7164495587348938;-0.006633286364376545;0.5639708638191223;0.7056208252906799;0.1832580864429474;0.4663283497095108;0.3702966392040253;-0.12495080828666687;0.5482307225465775;0.6305921673774719;-0.25757499411702156;0.5559702962636948;0.5989802181720734;0.035814379807561636;0.5480153560638428;0.8795949618021647;0.07247244815031688;0.5502107342084249;0.860663910706838;0.2965012490749359;;inclinandose;lateral
5.27;0.47377029061317444;0.3983960747718811;-0.09543071687221527;0.5130480527877808;0.39236459136009216;-0.259894996881485;0.5185225605964661;0.38050615787506104;0.04783138260245323;0.5389358997344971;0.5044887065887451;-0.29664814472198486;0.5545376539230347;0.47729742527008057;0.0775221586227417;0.5720231533050537;0.5633373856544495;-0.09312672913074493;0.5767134428024292;0.553790271282196;0.0930742397904396;0.5653980374336243;0.7186821699142456;-0.020016305148601532;0.5661946535110474;0.7076666951179504;0.18724140524864197;0.4635301411151886;0.3865710347890854;-0.12211532145738602;0.5506698191165924;0.6355879753828049;-0.2675440385937691;0.5570731461048126;0.606394425034523;0.03440837608650327;0.5467669169108073;0.8801362117131551;0.059339629486203194;0.5501625140508016;0.860963781674703;0.30000655849774677;;inclinandose;lateral
5.3;0.47185570001602173;0.4099172055721283;-0.09651447087526321;0.5118671655654907;0.400569349527359;-0.26071450114250183;0.5146464705467224;0.38703203201293945;0.04664156213402748;0.5388354063034058;0.5139575004577637;-0.3014157712459564;0.5499807596206665;0.48735740780830383;0.07509729266166687;0.5750073194503784;0.5637367367744446;-0.09333110600709915;0.5769321322441101;0.5536079406738281;0.09330237656831741;0.5672058463096619;0.7186998128890991;-0.05241749435663223;0.5677810311317444;0.7081373333930969;0.1715172678232193;0.4615588068962097;0.3995464324951172;-0.12300533317029476;0.5539326071739197;0.6431993395090103;-0.2814028412103653;0.5584143102169037;0.6191155314445496;0.03228452429175377;0.5466861724853516;0.8806453148523966;0.0050321655968825025;0.550177276134491;0.8632062077522278;0.2621367772420247;;inclinandose;lateral
5.33;0.4698036015033722;0.4215494990348816;-0.09591484069824219;0.5097633004188538;0.4064852297306061;-0.2592673897743225;0.5104625821113586;0.39418917894363403;0.04802007973194122;0.538292407989502;0.5192373394966125;-0.29597654938697815;0.5445826053619385;0.4983256161212921;0.07604797184467316;0.5768615007400513;0.563531219959259;-0.09345118701457977;0.5767390131950378;0.5526471734046936;0.0934440866112709;0.5690598487854004;0.7186169028282166;-0.06938352435827255;0.5694354772567749;0.7079378366470337;0.15746785700321198;0.4592792183160782;0.41255050599575044;-0.12213372588157653;0.5556614696979523;0.6485361456871033;-0.2805243283510208;0.5602112710475922;0.6290764659643173;0.02605037414468825;0.546778400739034;0.8812066515286764;-0.020189499366097152;0.5500556429227194;0.8635911345481873;0.23910398284594217;;inclinandose;lateral
5.37;0.4688463509082794;0.4341173768043518;-0.07516426593065262;0.5064764022827148;0.4141031801700592;-0.2421627640724182;0.508263885974884;0.40190187096595764;0.05681752413511276;0.5377499461174011;0.5243552923202515;-0.28063639998435974;0.544614315032959;0.504450261592865;0.07737436145544052;0.5783191919326782;0.5634467601776123;-0.09310375154018402;0.5781712532043457;0.5525397658348083;0.09311522543430328;0.5697671175003052;0.7179995775222778;-0.056614357978105545;0.5711716413497925;0.7081143856048584;0.1618557721376419;0.45734517872333524;0.4253836840391159;-0.09972747527062893;0.557373970746994;0.6534731537103653;-0.25862889736890793;0.5640303790569305;0.6301524192094803;0.025708375265821815;0.5472582976023356;0.880697508653005;0.0013295809427897136;0.5495538314183553;0.8638484279314677;0.2539672950903575;;inclinandose;lateral
5.4;0.4681870937347412;0.4465927183628082;-0.06921382993459702;0.5042571425437927;0.42126408219337463;-0.23397061228752136;0.5054965615272522;0.4094051718711853;0.059505823999643326;0.5376419425010681;0.529180645942688;-0.27158981561660767;0.5435643196105957;0.5084924101829529;0.07808656245470047;0.5798624753952026;0.5634062886238098;-0.09279987961053848;0.5783801674842834;0.5521919131278992;0.09283720701932907;0.5705840587615967;0.7177179455757141;-0.06244362145662308;0.571667492389679;0.7080596685409546;0.15892013907432556;0.4561395734548569;0.4375157058238983;-0.09345095120370388;0.559441015124321;0.6561122685670853;-0.25106828287243843;0.565977469086647;0.6332953423261642;0.02457758318632841;0.5476935903231303;0.8803092042605082;-0.007123506627976894;0.548630932966868;0.8632283012072245;0.25477395455042523;;inclinandose;lateral
5.43;0.4667333960533142;0.45338690280914307;-0.06264761835336685;0.5018417835235596;0.4275570213794708;-0.22988860309123993;0.5034114122390747;0.41660913825035095;0.06513479351997375;0.5377464890480042;0.5344713926315308;-0.2659841775894165;0.5440611243247986;0.5105286240577698;0.07921143621206284;0.5812373757362366;0.563429057598114;-0.09326323121786118;0.5792158842086792;0.5521020889282227;0.09332740306854248;0.5710245966911316;0.7181684374809265;-0.06380925327539444;0.5726854205131531;0.7080040574073792;0.16283105313777924;0.4545959770679474;0.44589217007160187;-0.0865190640091896;0.561548113822937;0.6585957705974579;-0.24509215354919434;0.5692000389099121;0.6337587684392929;0.024777912767603993;0.5476612448692322;0.8797164559364319;-0.007903452341755232;0.5484205881754557;0.8631964325904846;0.25727008283138275;;inclinandose;lateral
5.47;0.4664900302886963;0.4616040289402008;-0.04586702585220337;0.5006548166275024;0.4321759045124054;-0.21634872257709503;0.502871572971344;0.4238538146018982;0.07923763245344162;0.5377930998802185;0.5369558930397034;-0.2511874735355377;0.54430091381073;0.5190393328666687;0.09172746539115906;0.5818714499473572;0.5633955597877502;-0.09494153410196304;0.5811054110527039;0.5520044565200806;0.09504986554384232;0.5705938339233398;0.7181375026702881;-0.06672882288694382;0.5742982625961304;0.7079806923866272;0.16498054563999176;0.4547249138355255;0.455300834774971;-0.06975631527602673;0.5630627125501633;0.6602985262870789;-0.2327730916440487;0.5699576586484909;0.6394940912723541;0.03172572702169418;0.5472644567489624;0.8797199527422587;-0.023294995694110792;0.5483128825823466;0.8654324809710184;0.26343730092048645;;inclinandose;lateral
5.5;0.46717992424964905;0.46919581294059753;-0.05374985933303833;0.5000100135803223;0.43335607647895813;-0.21730265021324158;0.5002253651618958;0.43296900391578674;0.0810314491391182;0.537964940071106;0.5386877059936523;-0.25498923659324646;0.5427507162094116;0.5284965634346008;0.10489064455032349;0.5836971998214722;0.562247633934021;-0.09552314132452011;0.5802000761032104;0.5521090030670166;0.0956687182188034;0.5716392993927002;0.7178881168365479;-0.07495357096195221;0.5733981132507324;0.706782341003418;0.15169872343540192;0.45522151291370394;0.4627688080072403;-0.07817845372483134;0.56484255194664;0.6600640267133713;-0.235542893409729;0.5687338262796402;0.6433039307594299;0.046318087726831436;0.5469255248705546;0.8772107561429342;-0.03171149858584007;0.5474676489830017;0.8655766844749451;0.23626370231310526;;inclinandose;lateral
5.53;0.4670489430427551;0.4741257429122925;-0.05680909752845764;0.49916860461235046;0.4402164816856384;-0.2222127765417099;0.49820947647094727;0.4360502064228058;0.07862642407417297;0.5380578637123108;0.5420743823051453;-0.25980672240257263;0.541861891746521;0.5290610790252686;0.10115661472082138;0.583551287651062;0.5611885190010071;-0.09579726308584213;0.5797861814498901;0.5512654185295105;0.09595898538827896;0.5720637440681458;0.717215895652771;-0.07378833740949631;0.5729125142097473;0.7060807943344116;0.16401202976703644;0.45480304658412934;0.46972828507423403;-0.08145652618259192;0.5662422031164169;0.6615878641605377;-0.2465764656662941;0.5680919140577316;0.6420274078845978;0.04319659760221839;0.5468509594599406;0.8772745331128439;-0.025082598285128672;0.5469300945599874;0.8653099338213602;0.2774609327316284;;inclinandose;lateral
5.57;0.4653714597225189;0.47872546315193176;-0.05725913494825363;0.49818265438079834;0.44437769055366516;-0.22312477231025696;0.49613532423973083;0.4381428360939026;0.07954510301351547;0.5381702780723572;0.5438589453697205;-0.26070529222488403;0.5412078499794006;0.5262965559959412;0.1015307828783989;0.5829795002937317;0.5592622756958008;-0.0966414213180542;0.5795218348503113;0.5486056804656982;0.09681247919797897;0.5721575617790222;0.7162033915519714;-0.07375848293304443;0.5731704235076904;0.7054001092910767;0.15975576639175415;0.45300725698471067;0.47402796149253845;-0.08204312566667796;0.5660901665687561;0.662018671631813;-0.24689403548836708;0.5675815939903259;0.639616921544075;0.041679264046251774;0.5472007592519125;0.8773106932640076;-0.025085353292524815;0.5471917589505514;0.865187426408132;0.2545197457075119;;inclinandose;lateral
5.6;0.46422278881073;0.4821551442146301;-0.06692813336849213;0.4983890950679779;0.44724100828170776;-0.2240472435951233;0.4944533705711365;0.44530829787254333;0.07729844003915787;0.5387963056564331;0.5460903644561768;-0.2639521658420563;0.540187656879425;0.5313529968261719;0.0997195690870285;0.5834630131721497;0.5575679540634155;-0.09650599956512451;0.579124927520752;0.5483267903327942;0.09666283428668976;0.5723553895950317;0.7158887982368469;-0.07309079170227051;0.5730841755867004;0.7054061889648438;0.1495359241962433;0.45180033445358275;0.47787042856216433;-0.09170969128608704;0.5670058131217957;0.6624003052711487;-0.2586780972778797;0.5670771151781082;0.6420571058988571;0.036772831343114376;0.5469886461893717;0.8775521318117777;-0.019942528907752905;0.5468100706736246;0.8651132980982462;0.2347909857829412;;inclinandose;lateral
5.63;0.4630696773529053;0.48394492268562317;-0.07001715153455734;0.4972786009311676;0.4490726590156555;-0.2300502359867096;0.49403518438339233;0.4453825056552887;0.07360454648733139;0.5389611721038818;0.5485381484031677;-0.26790741086006165;0.5396755337715149;0.5300276875495911;0.09552202373743057;0.5833417177200317;0.5559763312339783;-0.0964212566614151;0.5790010690689087;0.5457929372787476;0.09657280147075653;0.5726038813591003;0.7145951390266418;-0.0714058130979538;0.5730248689651489;0.7046564817428589;0.15338465571403503;0.4506943255662918;0.47964186370372774;-0.09541763961315156;0.5673516243696213;0.6624463349580765;-0.2576587088406086;0.5670938044786453;0.6406524479389191;0.02861824631690979;0.5475656191507975;0.8767669002215067;0.00047739191601673764;0.5473679701487223;0.8640207846959432;0.2579844643672307;;inclinandose;lateral
5.67;0.4616643190383911;0.48405733704566956;-0.06973294913768768;0.4968281388282776;0.44970986247062683;-0.23007658123970032;0.4943274259567261;0.4445338845252991;0.07299482077360153;0.5393680334091187;0.5481933355331421;-0.26795607805252075;0.5397279262542725;0.5287726521492004;0.09237860143184662;0.5832207798957825;0.5559309124946594;-0.09663540124893188;0.5789337754249573;0.5440493822097778;0.09679008275270462;0.5725699663162231;0.7138683199882507;-0.06298758089542389;0.5729212164878845;0.7040337920188904;0.15492026507854462;0.449690055847168;0.47883839905261993;-0.09533985983580351;0.568012535572052;0.6631534546613693;-0.25501778721809387;0.5687691420316696;0.6405048072338104;0.02373168058693409;0.5477220018704733;0.8753553827603658;0.013464067131280899;0.5477371017138163;0.8629284501075745;0.2608120987812678;;inclinandose;lateral
5.7;0.4612048864364624;0.48166200518608093;-0.061827536672353745;0.4965773820877075;0.4491342008113861;-0.22662508487701416;0.4948720335960388;0.4427800476551056;0.07778805494308472;0.5394048690795898;0.5472341775894165;-0.2656649053096771;0.539277195930481;0.5267600417137146;0.0984560027718544;0.5830271244049072;0.5555006861686707;-0.09698610752820969;0.5792100429534912;0.541900634765625;0.09714985638856888;0.5724616050720215;0.7133936285972595;-0.0628858208656311;0.5728560090065002;0.703208327293396;0.15557286143302917;0.4494149833917618;0.4752141535282135;-0.0875735979527235;0.5676114112138748;0.6627451777458191;-0.252084881067276;0.569260448217392;0.639190748333931;0.027273487066850066;0.5478252569834391;0.8740607500076294;0.00804831087589264;0.5479588111241659;0.8618139624595642;0.24855311711629233;;inclinandose;lateral
5.73;0.4612508714199066;0.47852009534835815;-0.05961649492383003;0.49670201539993286;0.44703027606010437;-0.22388161718845367;0.49487578868865967;0.44113072752952576;0.08139292895793915;0.5394114851951599;0.5461374521255493;-0.2641810178756714;0.5385414958000183;0.5257267355918884;0.10564951598644257;0.582900881767273;0.5545152425765991;-0.09701316058635712;0.579143226146698;0.5407217741012573;0.09718076139688492;0.5723829865455627;0.7126775979995728;-0.062141116708517075;0.5728057026863098;0.7018294930458069;0.1537245512008667;0.4497559487819672;0.47134787738323214;-0.08525450769811868;0.5670888274908066;0.6622729450464249;-0.2519565783441067;0.5694008022546768;0.6342628598213196;0.03601705888286233;0.5479205648104349;0.8731249570846558;0.007076660171151161;0.5481803019841512;0.8609878619511923;0.23946238060792288;;inclinandose;lateral
5.77;0.46126803755760193;0.4756070077419281;-0.05397593602538109;0.4969726800918579;0.44651976227760315;-0.2179681658744812;0.49512672424316406;0.4402301013469696;0.08717493712902069;0.5393180847167969;0.5459517240524292;-0.25979599356651306;0.5385035872459412;0.5253188610076904;0.11217569559812546;0.5827620625495911;0.5523696541786194;-0.0974382609128952;0.5790930390357971;0.5403798818588257;0.09762593358755112;0.5723358988761902;0.711891233921051;-0.06171929091215134;0.5726885795593262;0.7012884616851807;0.15386591851711273;0.44983877837657926;0.4685222327709198;-0.07999626956880093;0.5669525265693665;0.6607224196195602;-0.2486044205725193;0.5694402903318405;0.6325105726718903;0.03969684615731239;0.5479143063227335;0.8726787567138672;0.0029631517827510834;0.548243244489034;0.8606779972712199;0.23768587410449982;;inclinandose;lateral
5.8;0.4616966247558594;0.47212761640548706;-0.04598056897521019;0.4966505765914917;0.4390067756175995;-0.2142769992351532;0.4953876733779907;0.4393073618412018;0.09640918672084808;0.5384864211082458;0.5417602062225342;-0.2569425404071808;0.5383192300796509;0.5246071815490723;0.124869704246521;0.5823131799697876;0.5501612424850464;-0.0979136973619461;0.5787893533706665;0.539914071559906;0.09811627119779587;0.572309136390686;0.7111721634864807;-0.057931531220674515;0.5725499391555786;0.7005813121795654;0.15298694372177124;0.4498574614524841;0.4628685683012009;-0.07262497609481215;0.5651215463876724;0.6579730212688446;-0.24775256216526031;0.5665369033813477;0.6314969211816788;0.05202507693320513;0.5478769739468893;0.8723121881484985;0.0034739027420679727;0.5482650399208069;0.8604374329249064;0.23542469243208566;;inclinandose;lateral
5.83;0.4619392454624176;0.4601210355758667;-0.04588205739855766;0.49685898423194885;0.432405024766922;-0.21613267064094543;0.4957112967967987;0.43099290132522583;0.09872094541788101;0.5373873710632324;0.5368846654891968;-0.2572970986366272;0.5378506183624268;0.5228937864303589;0.12822256982326508;0.581754207611084;0.5491533875465393;-0.09846960008144379;0.5786193609237671;0.539074182510376;0.09867487847805023;0.5721855759620667;0.7111886739730835;-0.05475137382745743;0.5722491145133972;0.6993690729141235;0.1535840779542923;0.4500375479459763;0.4483739048242569;-0.07326373206451535;0.5628708004951477;0.6547933667898178;-0.24734121561050415;0.5632628202438354;0.6301491409540176;0.05475292541086674;0.5480052630106608;0.8723357518513998;0.010681737835208574;0.5483649770418803;0.8602162003517151;0.23983017603556314;;inclinandose;lateral
5.87;0.4615609049797058;0.45081666111946106;-0.03693798929452896;0.4970218241214752;0.4208228886127472;-0.2104131579399109;0.49592432379722595;0.4261351227760315;0.10888789594173431;0.5363408923149109;0.5280187129974365;-0.25186607241630554;0.5375538468360901;0.5196679830551147;0.13826115429401398;0.5815995335578918;0.5483449697494507;-0.09946969896554947;0.5780099630355835;0.5393583178520203;0.09968628734350204;0.5718130469322205;0.7111110091209412;-0.0553446039557457;0.5708144307136536;0.6994230151176453;0.16016317903995514;0.4495421230792999;0.4386716395616531;-0.06491140453144909;0.559827595949173;0.6500036269426346;-0.24027488753199577;0.5608968734741211;0.6288333535194397;0.06337627302855253;0.5480714837710062;0.872313658396403;0.007055109366774559;0.5484248002370199;0.859957218170166;0.2527012328306834;;inclinandose;lateral
5.9;0.4615967273712158;0.4389597475528717;-0.030643515288829803;0.4976159334182739;0.41311898827552795;-0.20633287727832794;0.49659210443496704;0.41825056076049805;0.11482606083154678;0.5355942249298096;0.5229689478874207;-0.24617253243923187;0.5372685194015503;0.5142269134521484;0.1440650075674057;0.5810952186584473;0.5477153062820435;-0.09949594736099243;0.5771214962005615;0.5395551323890686;0.09971125423908234;0.5712494254112244;0.7114731669425964;-0.05576486513018608;0.5701850652694702;0.6996790766716003;0.16506366431713104;0.44963909685611725;0.42602800130844115;-0.05878611449152231;0.5565752387046814;0.6469029933214188;-0.2291148342192173;0.5600147098302841;0.6192478239536285;0.06709237024188042;0.5479071736335754;0.8723464012145996;0.005717868606249492;0.5480526288350424;0.8597541054089864;0.2660021384557088;;inclinandose;lateral
5.93;0.4617236852645874;0.42417246103286743;-0.027184076607227325;0.499756395816803;0.4055146276950836;-0.20301420986652374;0.4978494346141815;0.412257581949234;0.11880362033843994;0.5352572202682495;0.517598569393158;-0.24359162151813507;0.5368077754974365;0.5094581246376038;0.14860719442367554;0.5805470943450928;0.5458489060401917;-0.0995270386338234;0.5751947164535522;0.5397265553474426;0.09973693639039993;0.5702306628227234;0.7112462520599365;-0.05725041404366493;0.5689130425453186;0.6997241973876953;0.1587046980857849;0.45005119144916533;0.41068223118782043;-0.05471675116568804;0.5531998574733734;0.6418105363845825;-0.2239515744149685;0.5577050000429153;0.613779217004776;0.06704500131309032;0.5478465557098389;0.8728341460227966;-0.008637593438227972;0.5477119088172913;0.8603083690007528;0.24062862992286682;;inclinandose;lateral
5.97;0.4618207514286041;0.40634316205978394;-0.03201920539140701;0.5015843510627747;0.3940771520137787;-0.20516303181648254;0.5001475811004639;0.40129250288009644;0.11504016071557999;0.5349669456481934;0.5100638270378113;-0.2427559196949005;0.5363655686378479;0.5042099356651306;0.14470818638801575;0.579567015171051;0.5448136925697327;-0.09944789111614227;0.5739220380783081;0.53990638256073;0.09965254366397858;0.5689663887023926;0.7112789154052734;-0.05699155852198601;0.5672298669815063;0.699822187423706;0.1499590128660202;0.45056102275848386;0.3915780037641525;-0.059349439293146136;0.548459067940712;0.6370045989751816;-0.22010039165616035;0.5518039017915726;0.6136329919099808;0.0625467598438263;0.5474146405855814;0.8741900324821472;-0.008017573816080889;0.5466406941413879;0.8616583546002706;0.2230107287565867;;inclinandose;lateral
6.0;0.46270322799682617;0.3905700147151947;-0.0322258286178112;0.5044597387313843;0.3862777054309845;-0.20413260161876678;0.5033303499221802;0.39048466086387634;0.11582621932029724;0.5346850752830505;0.5047610402107239;-0.23710709810256958;0.5362938642501831;0.4968326687812805;0.1435926854610443;0.5781289339065552;0.5443946719169617;-0.09870217740535736;0.572838306427002;0.5394771099090576;0.09888394922018051;0.5679886937141418;0.7112090587615967;-0.05643376335501671;0.566315233707428;0.6992331147193909;0.15041416883468628;0.4532387048006058;0.3740620255470276;-0.05931608686223626;0.5432198196649551;0.6323790401220322;-0.2113078460097313;0.546743243932724;0.6114241629838943;0.060795984230935574;0.547238290309906;0.8747692704200745;-0.007285484733680884;0.5464807152748108;0.8613948623339335;0.2285704364379247;;inclinandose;lateral
6.03;0.4639999568462372;0.3746489882469177;-0.0451931431889534;0.5087253451347351;0.37943828105926514;-0.20919738709926605;0.5053398013114929;0.3845430314540863;0.11330263316631317;0.534173846244812;0.4993842542171478;-0.2412569224834442;0.5344889760017395;0.4897039234638214;0.14179487526416779;0.5774875283241272;0.5435558557510376;-0.09807869046926498;0.5696667432785034;0.5394870638847351;0.09824591130018234;0.5675775408744812;0.7105309963226318;-0.06193508207798004;0.565559983253479;0.6979539394378662;0.1663191020488739;0.4555791139602661;0.35589882731437683;-0.07228074595332146;0.5391372293233871;0.6251390874385834;-0.20927222818136215;0.5442270189523697;0.5996583253145218;0.04558919183909893;0.5471449891726176;0.8748159805933634;-0.02479324055214723;0.5463589628537496;0.8588224848111471;0.26166078448295593;;inclinandose;lateral
6.07;0.4674004316329956;0.3599153161048889;-0.052022796124219894;0.5134193301200867;0.36801376938819885;-0.21258458495140076;0.5080265998840332;0.3802476227283478;0.11006900668144226;0.5342775583267212;0.4908827841281891;-0.2430935949087143;0.5345421433448792;0.4849529266357422;0.1362755447626114;0.5767188668251038;0.5436077117919922;-0.09747850894927979;0.5669536590576172;0.5411335229873657;0.09761901199817657;0.5668042898178101;0.7103173732757568;-0.061721254140138626;0.5643596053123474;0.6966357827186584;0.16885624825954437;0.459962984919548;0.33886379301548003;-0.07872726852074266;0.5351041704416275;0.6185482889413834;-0.21371318772435188;0.5417627692222595;0.5965930372476578;0.03968048561364412;0.5473034381866455;0.8750050067901611;-0.01936736258600528;0.5467144449551901;0.8581298192342123;0.263621985912323;;inclinandose;lateral
6.1;0.47233515977859497;0.3439342677593231;-0.0521455854177475;0.518085241317749;0.3575458526611328;-0.2126123458147049;0.5118772387504578;0.3722938895225525;0.10971011221408844;0.5343711972236633;0.48210832476615906;-0.24301759898662567;0.5346404314041138;0.4781208038330078;0.13369520008563995;0.5751743912696838;0.54352867603302;-0.09648530930280685;0.5655457973480225;0.5418576002120972;0.09660717844963074;0.565893292427063;0.7101632356643677;-0.06130172312259674;0.5637057423591614;0.6967791318893433;0.16690512001514435;0.466426283121109;0.3219480276107788;-0.07866302572656422;0.5318675488233566;0.6086976230144501;-0.21420152112841606;0.5379809886217117;0.5937841236591339;0.036929589696228504;0.5477491418520609;0.8755327264467875;-0.016897897168140236;0.5476585825284322;0.8580742081006368;0.25947236518065137;;inclinandose;lateral
6.13;0.47784408926963806;0.32896777987480164;-0.057141952216625214;0.5228409171104431;0.3532068431377411;-0.21490460634231567;0.5172598958015442;0.36552947759628296;0.10497308522462845;0.5355409383773804;0.47634023427963257;-0.24378809332847595;0.5347058773040771;0.4710272252559662;0.1287059485912323;0.5739033818244934;0.5446986556053162;-0.09495921432971954;0.5638510584831238;0.5436795949935913;0.09505153447389603;0.564684271812439;0.7101675868034363;-0.055798739194869995;0.561911404132843;0.6970089077949524;0.16630180180072784;0.47363717555999757;0.3047680824995041;-0.08321682284586132;0.5284617692232132;0.5996375232934952;-0.21610615774989128;0.5357362776994705;0.5845480859279633;0.03513182932510972;0.5478216012318929;0.8755013147989908;-0.000614034632841746;0.5476006468137106;0.855690062046051;0.25788381695747375;;inclinandose;lateral
6.17;0.48415717482566833;0.31476300954818726;-0.06260838359594345;0.5271948575973511;0.3480517268180847;-0.22142459452152252;0.5231234431266785;0.3546309173107147;0.09905430674552917;0.5366731286048889;0.4737703502178192;-0.2516762912273407;0.5374924540519714;0.46422892808914185;0.12198852747678757;0.5705248117446899;0.5449833273887634;-0.09490884095430374;0.5615461468696594;0.5440254807472229;0.09500093013048172;0.5619247555732727;0.7097973227500916;-0.05411624535918236;0.5594172477722168;0.6959250569343567;0.16557346284389496;0.4807536393404007;0.2916100353002548;-0.0895918071269989;0.5244306027889252;0.5945955216884613;-0.2244662046432495;0.5367255806922913;0.5733125656843185;0.032279693987220526;0.5476870735486349;0.8764536579449972;-0.004135471458236377;0.5482864379882812;0.8542168537775675;0.24648747344811758;;inclinandose;lateral
6.2;0.48850661516189575;0.3022948205471039;-0.07013005763292313;0.5323870182037354;0.34360647201538086;-0.22921711206436157;0.5261326432228088;0.35183069109916687;0.09457647800445557;0.5383140444755554;0.4691142439842224;-0.26032623648643494;0.53748619556427;0.4582935571670532;0.12287906557321548;0.5678243637084961;0.545538604259491;-0.09529314935207367;0.5584185719490051;0.5441909432411194;0.09536095708608627;0.560357391834259;0.7092238664627075;-0.05669277533888817;0.5575047135353088;0.6924182772636414;0.20511317253112793;0.487386080622673;0.27882660627365113;-0.09790743365883828;0.52154640853405;0.583246499300003;-0.23787494748830795;0.5297740250825882;0.566699892282486;0.03353686444461346;0.5474312702814738;0.8770782947540283;-0.027235031127929688;0.5493662556012472;0.8473681012789408;0.32051225503285724;;inclinandose;lateral
6.23;0.49431467056274414;0.2946518063545227;-0.07108031213283539;0.5356308817863464;0.3417958617210388;-0.23106853663921356;0.5320674777030945;0.3470115065574646;0.0937708243727684;0.5392090678215027;0.4691290557384491;-0.2615235447883606;0.5393499135971069;0.4563886821269989;0.1254238337278366;0.563167154788971;0.547418475151062;-0.09495747834444046;0.5589920878410339;0.5445619225502014;0.0950140431523323;0.559229850769043;0.7083149552345276;-0.054134927690029144;0.5581296682357788;0.6920175552368164;0.1976689100265503;0.4937018632888794;0.2722389310598373;-0.09901061188429594;0.518770307302475;0.5798913240432739;-0.23909055069088936;0.5264747589826584;0.5632317662239075;0.038023896515369415;0.5463220278422037;0.8765830198923746;-0.022449461529807497;0.5494356751441956;0.8473205169041952;0.3041638831297557;;inclinandose;lateral
6.27;0.4993419349193573;0.2852660119533539;-0.07934817671775818;0.5390787720680237;0.33894941210746765;-0.23348383605480194;0.5357915163040161;0.34385767579078674;0.08384694904088974;0.5415241122245789;0.46275123953819275;-0.25927332043647766;0.5419580936431885;0.4525738060474396;0.11895132809877396;0.5606241226196289;0.54790860414505;-0.0938531830906868;0.5567767024040222;0.544838011264801;0.09388462454080582;0.5591607689857483;0.7051712274551392;-0.05440292879939079;0.5567546486854553;0.6893499493598938;0.19831307232379913;0.49975759983062745;0.26335979998111725;-0.1069463349878788;0.5189521908760071;0.5683459490537643;-0.21687255427241325;0.525180995464325;0.5528473258018494;0.03293352806940675;0.5467614531517029;0.875198245048523;-0.025093805238914985;0.5497285922368368;0.8446574608484904;0.30685244003931683;;inclinandose;lateral
6.3;0.5052002668380737;0.28066208958625793;-0.07732127606868744;0.5413477420806885;0.33916816115379333;-0.23188813030719757;0.5396935343742371;0.3412322700023651;0.08500893414020538;0.5427968502044678;0.45978981256484985;-0.24794518947601318;0.5427377223968506;0.44767284393310547;0.12020283192396164;0.5591466426849365;0.5493455529212952;-0.09323826432228088;0.5547699928283691;0.5455154180526733;0.09324940294027328;0.5577642917633057;0.7045992612838745;-0.0535811223089695;0.5555850863456726;0.689519464969635;0.19400303065776825;0.5066550493240356;0.2590934544801712;-0.1051743607968092;0.517959713935852;0.5574702173471451;-0.1956566870212555;0.5214739292860031;0.5426612496376038;0.034397722221910954;0.5469161073366801;0.8751431504885355;-0.02468768496661748;0.5497519175211588;0.8442179361979166;0.2978200614452362;;inclinandose;lateral
6.33;0.5088326334953308;0.27612942457199097;-0.05623374879360199;0.543488621711731;0.33642053604125977;-0.20715031027793884;0.5422723293304443;0.3376038670539856;0.09162325412034988;0.5440660715103149;0.44771233201026917;-0.2255953848361969;0.5443036556243896;0.44182756543159485;0.12751543521881104;0.5562129616737366;0.5498039722442627;-0.0896485224366188;0.5524811148643494;0.5459722280502319;0.08965004980564117;0.5561873316764832;0.6992006897926331;-0.07283613085746765;0.5547548532485962;0.6880877017974854;0.17228004336357117;0.5110230326652527;0.2551659971475601;-0.08349180617369711;0.5181449800729752;0.5434058159589767;-0.18519356474280357;0.5196662843227386;0.5334268361330032;0.04469567630439997;0.5471699635187784;0.8744084239006042;-0.07171318555871646;0.5510252515474955;0.8439265489578247;0.2434206356604894;;inclinandose;lateral
6.37;0.5133181810379028;0.2737639844417572;-0.05341535061597824;0.5461893081665039;0.33658158779144287;-0.2037421017885208;0.5440632700920105;0.3376202881336212;0.09186257421970367;0.5442175269126892;0.4460996091365814;-0.2171924114227295;0.5448649525642395;0.4420277178287506;0.12747803330421448;0.55503910779953;0.5500652194023132;-0.08791937679052353;0.5494117140769958;0.5463253855705261;0.08793578296899796;0.5563866496086121;0.6969540119171143;-0.09499203413724899;0.5545015335083008;0.6865391135215759;0.1958751678466797;0.5158795773983001;0.2520750716328621;-0.08093893066979944;0.5175594091415405;0.5380105376243591;-0.1748553216457367;0.5191662460565567;0.5338160395622253;0.04378812061622739;0.5484602053960165;0.8725577394167582;-0.11224595208962758;0.5518335501352946;0.8367663025856018;0.29628853003184;;inclinandose;lateral
6.4;0.5169527530670166;0.2733275592327118;-0.05471448600292206;0.548606276512146;0.33752039074897766;-0.20764264464378357;0.5469651222229004;0.3378889262676239;0.09016119688749313;0.5439068675041199;0.4493618905544281;-0.21973875164985657;0.5461908578872681;0.4438759386539459;0.12390989065170288;0.5539963841438293;0.5507747530937195;-0.08777135610580444;0.5488420724868774;0.5467888712882996;0.08777777850627899;0.5565524697303772;0.6977390050888062;-0.08120732754468918;0.5535492897033691;0.6873218417167664;0.19322015345096588;0.5198177337646485;0.2507984384894371;-0.08183053403627127;0.5156333744525909;0.5386453717947006;-0.1712845377624035;0.5207581520080566;0.5331910103559494;0.04178592236712575;0.5492332577705383;0.8726021846135458;-0.07108883559703827;0.5515740513801575;0.8385815819104513;0.2994868954022725;;vertical;lateral
6.43;0.5204077959060669;0.2702566087245941;-0.06949948519468307;0.5511999130249023;0.3378980755805969;-0.21380354464054108;0.5479779839515686;0.33768126368522644;0.07720474153757095;0.5436966419219971;0.45198968052864075;-0.22298255562782288;0.5467283725738525;0.44460824131965637;0.10913186520338058;0.5540035367012024;0.5509809851646423;-0.08693183213472366;0.5472867488861084;0.546825647354126;0.08693151921033859;0.5566692352294922;0.698469877243042;-0.07818208634853363;0.5522996783256531;0.6877173781394958;0.1982966959476471;0.5240583658218384;0.24877192825078964;-0.09781765751540661;0.5145234018564224;0.5369139909744263;-0.16783127188682556;0.5206572711467743;0.5299554467201233;0.02873038500547409;0.5495790640513102;0.8724503914515177;-0.06143618250886599;0.5513302683830261;0.8381994565327963;0.31252212325731915;;vertical;lateral
6.47;0.5227957963943481;0.2706020474433899;-0.06921108812093735;0.5529183745384216;0.3387640416622162;-0.2136683315038681;0.5499731302261353;0.338156521320343;0.07502005994319916;0.5436744689941406;0.4536081552505493;-0.2196430116891861;0.5464907884597778;0.44564375281333923;0.10404591262340546;0.5542383193969727;0.5510029196739197;-0.08608096837997437;0.5467339158058167;0.5468813180923462;0.08608344942331314;0.5560140609741211;0.6988101601600647;-0.08883947879076004;0.5509728789329529;0.6875727772712708;0.20376841723918915;0.526665461063385;0.2485073685646057;-0.09730049055069685;0.5151143223047256;0.5409336239099503;-0.16648121923208237;0.5212153941392899;0.5320951491594315;0.026813215343281627;0.549717903137207;0.8722485105196635;-0.10452183832724889;0.5516709486643473;0.8340449134508768;0.317447950442632;;vertical;lateral
6.5;0.5248815417289734;0.26887866854667664;-0.07258591055870056;0.5545879006385803;0.3389798700809479;-0.2176828235387802;0.5521764755249023;0.33750465512275696;0.07346486300230026;0.5435038208961487;0.45396044850349426;-0.2237158715724945;0.5466569662094116;0.44647687673568726;0.10412879288196564;0.5534358620643616;0.5515714287757874;-0.08597902953624725;0.5468767881393433;0.5473042130470276;0.08598508685827255;0.5556235909461975;0.6991401314735413;-0.0846596285700798;0.551502525806427;0.6877536773681641;0.2107626497745514;0.5290413498878479;0.24702053964138032;-0.10092539917677641;0.5150138586759567;0.5421337932348251;-0.1740674190223217;0.5211527645587921;0.5339466780424118;0.027048359159380198;0.5496416886647543;0.8718009988466898;-0.09092996766169865;0.5520022710164388;0.8306730190912882;0.32970664898554486;;vertical;lateral
6.53;0.5266338586807251;0.2679694592952728;-0.07091731578111649;0.5558542013168335;0.3394564390182495;-0.21565288305282593;0.5529925227165222;0.337883323431015;0.07569088786840439;0.5433740019798279;0.45499852299690247;-0.2182314544916153;0.5473023056983948;0.4473887085914612;0.10368270426988602;0.5533663630485535;0.551825225353241;-0.08592874556779861;0.5460334420204163;0.5480676889419556;0.08592735975980759;0.5555099844932556;0.6994762420654297;-0.08141706883907318;0.5513107776641846;0.6936691403388977;0.19220778346061707;0.5309489846229554;0.2463204637169838;-0.09916352294385433;0.5153824985027313;0.5424724966287613;-0.156740203499794;0.5215024352073669;0.5355102568864822;0.02721409243531525;0.5497119228045145;0.8713993628819784;-0.07941145946582158;0.552040676275889;0.8319244384765625;0.28295448422431946;;vertical;lateral
6.57;0.5286713242530823;0.2681923806667328;-0.07112312316894531;0.5569145083427429;0.33982735872268677;-0.2156810462474823;0.5544240474700928;0.3381730318069458;0.07435242831707001;0.5434556603431702;0.4556439518928528;-0.21988806128501892;0.5477172136306763;0.4477521777153015;0.10291659086942673;0.5526049733161926;0.5519718527793884;-0.0860290378332138;0.546235203742981;0.5481404066085815;0.08602629601955414;0.5550508499145508;0.6996724605560303;-0.08581139892339706;0.5510523319244385;0.6939815878868103;0.1961389034986496;0.5332107782363892;0.24640721827745438;-0.09915535766631364;0.5157067030668259;0.5418673902750015;-0.16337310522794724;0.5218929350376129;0.5345111191272736;0.02682614023797214;0.5497325658798218;0.8719656268755595;-0.09448043505350749;0.5523140827814738;0.8324126601219177;0.29179394245147705;;vertical;lateral
6.6;0.5300898551940918;0.26776808500289917;-0.07031875103712082;0.5580424070358276;0.33996880054473877;-0.21095088124275208;0.5547658801078796;0.33856838941574097;0.0753808319568634;0.5436848998069763;0.45584774017333984;-0.2136743813753128;0.5476311445236206;0.4475843012332916;0.10355779528617859;0.5523334741592407;0.5519611835479736;-0.08574929088354111;0.545642614364624;0.5481452941894531;0.08573943376541138;0.5545384287834167;0.6997737884521484;-0.08911480754613876;0.5503280162811279;0.6951785683631897;0.1903110146522522;0.5349238097667695;0.2462053805589676;-0.09784067254513502;0.5158669501543045;0.5418423414230347;-0.15794416517019272;0.5221357047557831;0.5346470028162003;0.027381744235754013;0.5497581760088602;0.8719444870948792;-0.10129587848981221;0.5518139004707336;0.832950214544932;0.2803790469964345;;vertical;lateral
6.63;0.5314936637878418;0.26846250891685486;-0.06838078051805496;0.5595646500587463;0.34016284346580505;-0.2094951868057251;0.554976761341095;0.3389054834842682;0.07630251348018646;0.5440009236335754;0.45588988065719604;-0.21326054632663727;0.5474749803543091;0.44748878479003906;0.10485758632421494;0.5523204207420349;0.552115261554718;-0.08573054522275925;0.5447465181350708;0.5486949682235718;0.08571365475654602;0.554480791091919;0.7005409002304077;-0.08733975142240524;0.5499253869056702;0.6997469663619995;0.17169944941997528;0.5363557696342468;0.24643135964870452;-0.09582745302468539;0.5158233046531677;0.5418846160173416;-0.1596607156097889;0.5218285173177719;0.5356092005968094;0.027839149348437786;0.5498474836349487;0.8718146483103434;-0.09180330485105515;0.5512110193570455;0.8385025858879089;0.2448598692814509;;vertical;lateral
6.67;0.5324427485466003;0.26865053176879883;-0.06780430674552917;0.5605222582817078;0.3401937186717987;-0.2097921073436737;0.5550049543380737;0.3390035629272461;0.07694359868764877;0.5443279147148132;0.45564496517181396;-0.21516714990139008;0.5473636984825134;0.44733700156211853;0.10517662018537521;0.552129864692688;0.5523019433021545;-0.08583229035139084;0.5442762970924377;0.54908686876297;0.08582161366939545;0.5544978976249695;0.700946033000946;-0.0854552760720253;0.5489659905433655;0.6997005343437195;0.17417246103286743;0.5372376084327698;0.2463852196931839;-0.09541465323418379;0.5158552825450897;0.5417797565460205;-0.1630658283829689;0.5213624387979507;0.5357590019702911;0.0284910483751446;0.5498455166816711;0.8720670342445374;-0.08743340149521828;0.5512467821439108;0.8413617809613546;0.25468477606773376;;vertical;lateral
6.7;0.5333166122436523;0.2675754725933075;-0.06938178837299347;0.5614429116249084;0.340052992105484;-0.21246884763240814;0.555328369140625;0.3388896584510803;0.07620032131671906;0.5447293519973755;0.4554910361766815;-0.21584771573543549;0.5473467111587524;0.4467504918575287;0.1059737578034401;0.5519358515739441;0.5526425838470459;-0.08588103204965591;0.5433979630470276;0.5494584441184998;0.08585979044437408;0.5545773506164551;0.7020267248153687;-0.0716388151049614;0.5481769442558289;0.7000772953033447;0.17643259465694427;0.5383754253387452;0.2456435278058052;-0.09732972159981727;0.5156871527433395;0.5408313870429993;-0.16403284668922424;0.520349770784378;0.534210205078125;0.027656396152451634;0.5498877366383871;0.8722994724909464;-0.06158968682090441;0.5512867371241251;0.8415690461794535;0.2615163326263428;;vertical;lateral
6.73;0.5338208079338074;0.2664632797241211;-0.07007821649312973;0.5618384480476379;0.34000882506370544;-0.21559132635593414;0.5560728311538696;0.338863343000412;0.07629436254501343;0.5453550815582275;0.4541773200035095;-0.21856904029846191;0.5473113656044006;0.44590750336647034;0.10611996799707413;0.5516402125358582;0.552866518497467;-0.08649487048387527;0.5436797738075256;0.5496799945831299;0.08645586669445038;0.5545128583908081;0.7032930254936218;-0.05803424119949341;0.5477384328842163;0.7006112933158875;0.1782679706811905;0.5390495300292969;0.2449047401547432;-0.0980620238929987;0.5156441479921341;0.5392454415559769;-0.164568692445755;0.5200848430395126;0.5315517783164978;0.027986229164525867;0.5498812596003214;0.8721568783124288;-0.0381266667197148;0.5513120492299398;0.8410841027895609;0.2716854314009349;;vertical;lateral
6.77;0.534431517124176;0.2658679783344269;-0.07132226228713989;0.562035083770752;0.339979350566864;-0.21846744418144226;0.5567028522491455;0.33895835280418396;0.07601582258939743;0.5457836389541626;0.4540026783943176;-0.22281059622764587;0.5473638772964478;0.4459904730319977;0.10645744204521179;0.5516201853752136;0.5528846383094788;-0.08717414736747742;0.5439850091934204;0.549729585647583;0.08712351322174072;0.5543956756591797;0.7034286260604858;-0.055404264479875565;0.5471681356430054;0.7003933191299438;0.1818709671497345;0.5396815240383148;0.24462035298347473;-0.09926469940692187;0.5156184136867523;0.539387658238411;-0.16675107553601265;0.5200016796588898;0.5309860557317734;0.028221414890140295;0.5498930017153422;0.8719658652941386;-0.03519989705334107;0.5512428085009257;0.8400019009908041;0.28583094477653503;;vertical;lateral
6.8;0.5350984334945679;0.2659045159816742;-0.07154682278633118;0.5622901916503906;0.33998700976371765;-0.21939843893051147;0.5574022531509399;0.3390148878097534;0.07591968774795532;0.5462183952331543;0.4541279971599579;-0.22377215325832367;0.5474816560745239;0.4460636079311371;0.10650146007537842;0.5515737533569336;0.5529177784919739;-0.08725394308567047;0.5441680550575256;0.5497636198997498;0.08720006048679352;0.5541312098503113;0.7034806609153748;-0.0555172897875309;0.5469883680343628;0.7001988887786865;0.1819724440574646;0.5403601706027985;0.24466635286808014;-0.0995047502219677;0.515642523765564;0.5396038740873337;-0.16694694384932518;0.520001158118248;0.5303447544574738;0.028369066771119833;0.5498538215955099;0.8718612392743429;-0.03534293919801712;0.5512034098307291;0.8398312926292419;0.28580891092618305;;vertical;lateral
6.83;0.535676121711731;0.2660656273365021;-0.07085855305194855;0.5624715685844421;0.3400175869464874;-0.21915113925933838;0.5581454038619995;0.3390655219554901;0.07694295793771744;0.5468003153800964;0.4542156159877777;-0.22371824085712433;0.5481134057044983;0.446140319108963;0.10969781875610352;0.5515331625938416;0.5529666543006897;-0.08728932589292526;0.5441996455192566;0.5497831702232361;0.08723492175340652;0.5536601543426514;0.7035215497016907;-0.05916586145758629;0.5467604994773865;0.7000739574432373;0.18732215464115143;0.5409040331840516;0.24479809701442717;-0.09893735609948635;0.5156560838222504;0.5393845289945602;-0.1660805232822895;0.5200895071029663;0.5302329808473587;0.03055822686292231;0.5497826536496481;0.8719140489896139;-0.04450619282821814;0.5511910319328308;0.8382268945376078;0.2930424014727275;;vertical;lateral
6.87;0.5360671877861023;0.2662145495414734;-0.07057493180036545;0.5629938840866089;0.3400287926197052;-0.2188151776790619;0.5586274862289429;0.33910995721817017;0.07704973220825195;0.5474436283111572;0.45416706800460815;-0.22346971929073334;0.5485570430755615;0.4461536705493927;0.11021944880485535;0.5514739751815796;0.5529777407646179;-0.08729792386293411;0.544279932975769;0.5497764945030212;0.08724455535411835;0.5533928871154785;0.7036083936691284;-0.06091619282960892;0.5467693209648132;0.6997940540313721;0.19253671169281006;0.5414301812648773;0.24483579397201538;-0.09861892014741898;0.5156972706317902;0.5389640629291534;-0.1661633551120758;0.5202649533748627;0.5301250517368317;0.030930560547858477;0.5497055252393087;0.87198805809021;-0.046520218874017395;0.5504046479860941;0.8373698393503824;0.3018050293127696;;vertical;lateral
6.9;0.5363945364952087;0.2663971185684204;-0.07150371372699738;0.5632866024971008;0.3400656580924988;-0.22019384801387787;0.559087336063385;0.3391553461551666;0.07709217816591263;0.5478280186653137;0.4546075463294983;-0.22755786776542664;0.5495408177375793;0.44666293263435364;0.11052302271127701;0.5514605045318604;0.5531541705131531;-0.08803058415651321;0.5447255373001099;0.5497800707817078;0.08798379451036453;0.5531253218650818;0.7044548392295837;-0.05781114846467972;0.5467455387115479;0.699079155921936;0.20077061653137207;0.5418284296989441;0.2449248492717743;-0.09954521283507348;0.5157065093517303;0.5391866117715836;-0.17450636997818947;0.5206281691789627;0.5303692817687988;0.030925433849915862;0.5496594309806824;0.8722113768259684;-0.045014129330714546;0.5500768820444742;0.835739811261495;0.3193696240584056;;vertical;lateral
6.93;0.5367617011070251;0.26639270782470703;-0.07143545150756836;0.5634763240814209;0.3400791883468628;-0.22086821496486664;0.5596383213996887;0.3391856551170349;0.07766979932785034;0.5480556488037109;0.4548717737197876;-0.23056437075138092;0.5505194664001465;0.446972519159317;0.11223296076059341;0.5514838695526123;0.5532910823822021;-0.08861186355352402;0.5454740524291992;0.5498139262199402;0.08856640011072159;0.553019106388092;0.7049911022186279;-0.05719168111681938;0.546816349029541;0.6990307569503784;0.19847612082958221;0.5422668755054474;0.2448875144124031;-0.09950170163065195;0.5157244950532913;0.5392675697803497;-0.18031825497746468;0.5214628130197525;0.5304777771234512;0.032681884709745646;0.5495792031288147;0.8726535638173422;-0.04332056827843189;0.550044596195221;0.8358016014099121;0.3100200394789378;;vertical;lateral
6.97;0.5370759963989258;0.2663514018058777;-0.07132568210363388;0.5638750195503235;0.3400939106941223;-0.2208227515220642;0.5598979592323303;0.33921191096305847;0.07770590484142303;0.5483359694480896;0.45538330078125;-0.23060622811317444;0.5510562062263489;0.44742411375045776;0.11230555921792984;0.5514917373657227;0.5533015727996826;-0.08867428451776505;0.5458735227584839;0.5498196482658386;0.08862849324941635;0.5530205368995667;0.7052665948867798;-0.05720125138759613;0.5469035506248474;0.6990867257118225;0.19307751953601837;0.5425532639026642;0.2448224514722824;-0.0993763566017151;0.5157384872436523;0.5396808087825775;-0.1805499792098999;0.5220207124948502;0.5309085100889206;0.03325348533689976;0.5494255820910136;0.8734967509905497;-0.04243219799051682;0.550069252649943;0.8385476867357889;0.29641684889793396;;vertical;lateral
7.0;0.537453830242157;0.2661398947238922;-0.0702606737613678;0.5641804337501526;0.3401084840297699;-0.22035935521125793;0.5602118372917175;0.33923158049583435;0.07848747819662094;0.5489022135734558;0.45540639758110046;-0.22996270656585693;0.5514623522758484;0.4477110505104065;0.11276031285524368;0.5515125393867493;0.5532357096672058;-0.08870214968919754;0.5462703108787537;0.5497754216194153;0.08865544199943542;0.5530692338943481;0.7052633762359619;-0.058077264577150345;0.5471214056015015;0.6990851759910583;0.18622006475925446;0.5430254995822906;0.24475029110908508;-0.09818926192820072;0.516004741191864;0.5400729775428772;-0.18068626523017883;0.5223841220140457;0.5319738239049911;0.03456649882718921;0.5493782560030619;0.8739461104075114;-0.04422566543022791;0.5500108997027079;0.842127799987793;0.28229754169782;;vertical;lateral
