segundo;landmark_10_x;landmark_10_y;landmark_10_z;landmark_11_x;landmark_11_y;landmark_11_z;landmark_12_x;landmark_12_y;landmark_12_z;landmark_13_x;landmark_13_y;landmark_13_z;landmark_14_x;landmark_14_y;landmark_14_z;landmark_23_x;landmark_23_y;landmark_23_z;landmark_24_x;landmark_24_y;landmark_24_z;landmark_25_x;landmark_25_y;landmark_25_z;landmark_26_x;landmark_26_y;landmark_26_z;cara_prom_x;cara_prom_y;cara_prom_z;mano_izquierda_prom_x;mano_izquierda_prom_y;mano_izquierda_prom_z;mano_derecha_prom_x;mano_derecha_prom_y;mano_derecha_prom_z;pie_izquierdo_prom_x;pie_izquierdo_prom_y;pie_izquierdo_prom_z;pie_derecho_prom_x;pie_derecho_prom_y;pie_derecho_prom_z;;Etiqueta;Vista
0.03;0.47438400983810425;0.27185505628585815;-0.2434786707162857;0.5145230293273926;0.3435404896736145;-0.12437507510185242;0.42864662408828735;0.33736366033554077;-0.09570914506912231;0.5755282044410706;0.37129461765289307;-0.12807931005954742;0.3683396577835083;0.35486042499542236;-0.08153825998306274;0.492803692817688;0.5627087354660034;-0.016497785225510597;0.4475281834602356;0.5622285604476929;0.016437886282801628;0.49022185802459717;0.7251924872398376;0.0023863031528890133;0.4495125114917755;0.7280634641647339;0.04758014902472496;0.47789855003356935;0.24880684912204742;-0.24244967550039292;0.6476167440414429;0.39561112225055695;-0.25002165511250496;0.29333776980638504;0.36429907381534576;-0.1837867759168148;0.4867197672526042;0.8930091261863708;0.10408984497189522;0.4458153247833252;0.8900856177012125;0.14535614599784216;;vertical;frontal
0.07;0.4744158983230591;0.2735946476459503;-0.26592156291007996;0.5145200490951538;0.34488508105278015;-0.1347343921661377;0.4286365211009979;0.3371543288230896;-0.12496968358755112;0.5754748582839966;0.369930624961853;-0.1340574473142624;0.3683549463748932;0.35363784432411194;-0.11762949824333191;0.4928142726421356;0.5627261996269226;-0.01386776752769947;0.4475046992301941;0.5623006224632263;0.013782034628093243;0.49039095640182495;0.725377082824707;0.0074558258056640625;0.44950923323631287;0.7280433773994446;0.045427363365888596;0.47789090871810913;0.25027853101491926;-0.26387407779693606;0.6465771794319153;0.3957277536392212;-0.25171970948576927;0.2932310253381729;0.3652043789625168;-0.21772395074367523;0.4871554871400197;0.892626682917277;0.11160342022776604;0.4459244708220164;0.8892820676167806;0.14418538163105646;;vertical;
0.1;0.47441789507865906;0.27479639649391174;-0.2711620032787323;0.5145198106765747;0.345404714345932;-0.13994459807872772;0.4286317527294159;0.33693748712539673;-0.1292242854833603;0.5754739046096802;0.36921364068984985;-0.13907290995121002;0.3683629631996155;0.3525864779949188;-0.12149140238761902;0.4928186237812042;0.5627246499061584;-0.013397347182035446;0.4474849998950958;0.5623113512992859;0.013307750225067139;0.4904521107673645;0.7255258560180664;0.007764735259115696;0.44945859909057617;0.7279472351074219;0.044914618134498596;0.47783474922180175;0.2511896625161171;-0.2695537909865379;0.6461456269025803;0.3957740217447281;-0.25526777282357216;0.2931879460811615;0.3655940145254135;-0.22162064909934998;0.48738349477450055;0.8923657337824503;0.1110943245391051;0.44597476720809937;0.8888827761014303;0.1428621063629786;;vertical;
0.13;0.47440284490585327;0.2757205665111542;-0.2747059464454651;0.5144790410995483;0.3455210328102112;-0.1429375559091568;0.4286121129989624;0.33680999279022217;-0.13102884590625763;0.5754261016845703;0.3687898814678192;-0.14178308844566345;0.3683553636074066;0.35213586688041687;-0.12275941669940948;0.4928194582462311;0.5626173615455627;-0.01335824467241764;0.4474537968635559;0.562305212020874;0.013270031660795212;0.4904950261116028;0.7255376577377319;0.0073599074967205524;0.4494328498840332;0.7278372049331665;0.044674426317214966;0.47775437831878664;0.25183829814195635;-0.2733784094452858;0.6459619998931885;0.39577384293079376;-0.25817912444472313;0.29309602826833725;0.36585917323827744;-0.22444011643528938;0.4875372846921285;0.8922051390012106;0.11068131402134895;0.4460329016049703;0.8886019984881083;0.14170637478431067;;vertical;
0.17;0.4743801951408386;0.2763265371322632;-0.2788929045200348;0.5144291520118713;0.3455963432788849;-0.1450839638710022;0.42855754494667053;0.3366653323173523;-0.13461226224899292;0.5754015445709229;0.36868008971214294;-0.14331580698490143;0.3682836592197418;0.35185179114341736;-0.12635968625545502;0.4928102195262909;0.5625746250152588;-0.013182665221393108;0.447396844625473;0.5623054504394531;0.01309575978666544;0.49050524830818176;0.7256279587745667;0.007086694240570068;0.44931644201278687;0.7277358174324036;0.04390570893883705;0.4776865154504776;0.2522808566689491;-0.277666999399662;0.645908385515213;0.39587174355983734;-0.2598768286406994;0.29292726516723633;0.3660646751523018;-0.22823917120695114;0.48764344056447345;0.8921542565027872;0.11018693447113037;0.4460655748844147;0.888525148232778;0.13984536627928415;;vertical;
0.2;0.47421541810035706;0.2766783535480499;-0.2788850665092468;0.5142568945884705;0.34563204646110535;-0.1453891396522522;0.4282744824886322;0.33661073446273804;-0.1352922022342682;0.5752617716789246;0.36861154437065125;-0.14270836114883423;0.36739814281463623;0.3517913222312927;-0.12832748889923096;0.4927249550819397;0.5625289082527161;-0.013160147704184055;0.44726288318634033;0.5622991919517517;0.013072259724140167;0.4905058443546295;0.7257838845252991;0.006999291479587555;0.4489173889160156;0.7273921370506287;0.043999411165714264;0.47750870883464813;0.2525666132569313;-0.27758592963218687;0.6457122415304184;0.39597977697849274;-0.25897249206900597;0.2923293933272362;0.3662113770842552;-0.2295927330851555;0.4877127508322398;0.8921351830164591;0.11010142664114635;0.4460820257663727;0.8880860408147176;0.14149676263332367;;vertical;
0.23;0.4740305244922638;0.2768654525279999;-0.27706629037857056;0.5140527486801147;0.3457537591457367;-0.1445201188325882;0.42786940932273865;0.33657875657081604;-0.13597054779529572;0.5748538374900818;0.36861932277679443;-0.14150933921337128;0.36604204773902893;0.3517821431159973;-0.1312202513217926;0.4925735890865326;0.5623181462287903;-0.013166030868887901;0.44694817066192627;0.5621635317802429;0.013077903538942337;0.49048417806625366;0.7257844805717468;0.005397576838731766;0.4482085704803467;0.7269834876060486;0.04340086504817009;0.47728056609630587;0.2528008475899696;-0.2756128504872322;0.6455403864383698;0.39605481922626495;-0.25679655373096466;0.291471391916275;0.3663627579808235;-0.23415761440992355;0.48766889174779254;0.892126739025116;0.10623739783962567;0.4460853338241577;0.8872868816057841;0.14134360601504645;;vertical;
0.27;0.4738573431968689;0.27689504623413086;-0.27518147230148315;0.5138213634490967;0.34578558802604675;-0.14409051835536957;0.42733874917030334;0.3365855813026428;-0.13687904179096222;0.574537992477417;0.36857277154922485;-0.14082010090351105;0.3648662865161896;0.3517877757549286;-0.13332150876522064;0.4923529326915741;0.5621785521507263;-0.01320220623165369;0.446637898683548;0.5619255304336548;0.01311455573886633;0.49033939838409424;0.7258030772209167;0.005387869663536549;0.4474108815193176;0.7258495688438416;0.043367620557546616;0.47704190015792847;0.2528823420405388;-0.2736592262983322;0.645346388220787;0.3959743455052376;-0.25434285029768944;0.2904585376381874;0.36646097153425217;-0.2349923960864544;0.48766149083773297;0.8921809792518616;0.09948827202121417;0.4460675021012624;0.8870933453241984;0.13944792995850244;;vertical;
0.3;0.47361311316490173;0.277097225189209;-0.2741355001926422;0.5130543112754822;0.3457610011100769;-0.14339852333068848;0.42652541399002075;0.3366212546825409;-0.13684740662574768;0.5739095211029053;0.3684576451778412;-0.1404796540737152;0.3635967969894409;0.35179224610328674;-0.1332482546567917;0.49190643429756165;0.5621633529663086;-0.013227195478975773;0.4460962414741516;0.561901330947876;0.013139860704541206;0.49013185501098633;0.7259703278541565;0.005770313087850809;0.44688084721565247;0.7256171107292175;0.043233104050159454;0.47659296095371245;0.2530985832214355;-0.27256856858730316;0.6450668573379517;0.39582324028015137;-0.2527119964361191;0.28941769152879715;0.36669347435235977;-0.2349669188261032;0.4876374403635661;0.8922418157259623;0.09665387123823166;0.4460545579592387;0.8871585726737976;0.13575303306182226;;vertical;
0.33;0.4731796681880951;0.2771854102611542;-0.27374958992004395;0.5122399926185608;0.3457558751106262;-0.1432003229856491;0.4257722496986389;0.33678194880485535;-0.13603027164936066;0.5733637809753418;0.3681733012199402;-0.14027033746242523;0.36254191398620605;0.35182279348373413;-0.13428440690040588;0.49129587411880493;0.5621834397315979;-0.012870020233094692;0.44537267088890076;0.561900794506073;0.012782924808561802;0.49003738164901733;0.7259928584098816;0.008565869182348251;0.4466346800327301;0.7254554033279419;0.04258882254362106;0.47608485221862795;0.25320609360933305;-0.27146282196044924;0.644718125462532;0.39538928121328354;-0.25173093378543854;0.2886026054620743;0.36669018119573593;-0.23509403318166733;0.4876677393913269;0.8921305537223816;0.09636734798550606;0.4459068973859151;0.8871464133262634;0.1322131728132566;;vertical;
0.37;0.47241148352622986;0.277319997549057;-0.2745845913887024;0.5113991498947144;0.34566977620124817;-0.14486148953437805;0.42453110218048096;0.33698591589927673;-0.13781636953353882;0.5727333426475525;0.3679676055908203;-0.14391162991523743;0.36095771193504333;0.3522127568721771;-0.136246919631958;0.49041083455085754;0.5621536374092102;-0.012848596088588238;0.4443284869194031;0.5619025826454163;0.012761653400957584;0.4898715019226074;0.7259860634803772;0.008736626245081425;0.44619789719581604;0.7253915667533875;0.04264739900827408;0.4753379076719284;0.25329232662916185;-0.2727541133761406;0.6445649862289429;0.3941023722290993;-0.25659196078777313;0.28794771432876587;0.3666594997048378;-0.23677143454551697;0.4876769582430522;0.8919306993484497;0.09276760866244634;0.4457350472609202;0.8870956500371298;0.13179116944471994;;vertical;
0.4;0.47127339243888855;0.2772762179374695;-0.27370598912239075;0.5106002688407898;0.3456104099750519;-0.14433817565441132;0.4229285717010498;0.3370138704776764;-0.13662564754486084;0.5717610716819763;0.3675786256790161;-0.1437825858592987;0.35947245359420776;0.35276466608047485;-0.13386975228786469;0.4892800450325012;0.5620969533920288;-0.012727770023047924;0.4430583417415619;0.5619104504585266;0.012642008252441883;0.4898383319377899;0.7259999513626099;0.01054774783551693;0.44567665457725525;0.7253929376602173;0.04274860396981239;0.4743669807910919;0.25321162939071656;-0.27197345048189164;0.644153043627739;0.3934006094932556;-0.25699784234166145;0.2874680608510971;0.36674217134714127;-0.23415956273674965;0.4877367615699768;0.8918400605519613;0.09179837008317311;0.44531773527463275;0.8872647484143575;0.13242331395546594;;vertical;
0.43;0.47008422017097473;0.27723386883735657;-0.27408793568611145;0.5097565054893494;0.3455972969532013;-0.1460908204317093;0.421997606754303;0.33712369203567505;-0.13857701420783997;0.5705735683441162;0.36702045798301697;-0.1471661478281021;0.3585185706615448;0.3536355197429657;-0.13561472296714783;0.48836565017700195;0.5619474053382874;-0.01232551783323288;0.44197821617126465;0.5619020462036133;0.012239191681146622;0.4897932708263397;0.726012110710144;0.010339563712477684;0.4449922442436218;0.7255018949508667;0.04120485112071037;0.4731533885002136;0.2531736850738525;-0.27249291688203814;0.643925204873085;0.39203742146492004;-0.26053566485643387;0.28700076788663864;0.36687101423740387;-0.2349242903292179;0.48778022329012555;0.8917943636576334;0.08829390195508798;0.44490007559458417;0.8873805205027262;0.12903729702035585;;vertical;
0.47;0.46852195262908936;0.27723756432533264;-0.27634936571121216;0.5091176629066467;0.34571826457977295;-0.14885661005973816;0.4209282696247101;0.33723413944244385;-0.13915914297103882;0.5703995823860168;0.3668087422847748;-0.15104533731937408;0.3573214113712311;0.3539672791957855;-0.1366315335035324;0.4875694215297699;0.5619354844093323;-0.012336626648902893;0.4411018192768097;0.5619282126426697;0.012249975465238094;0.4897143542766571;0.7258187532424927;0.010282672010362148;0.4441639482975006;0.7256280183792114;0.04177716374397278;0.4717067122459412;0.25323380082845687;-0.27516829669475557;0.6438658535480499;0.3903520330786705;-0.2645690254867077;0.2862950712442398;0.3671702891588211;-0.23698633164167404;0.4876227577527364;0.8910252849260966;0.09006217991312344;0.4444356362024943;0.8872262438138326;0.13083572189013162;;vertical;
0.5;0.46738964319229126;0.2772684097290039;-0.282130628824234;0.5084893107414246;0.34589967131614685;-0.1555684357881546;0.4201141595840454;0.337258517742157;-0.14314110577106476;0.5700411796569824;0.36638620495796204;-0.15837401151657104;0.35643109679222107;0.3543035387992859;-0.1388981193304062;0.48683595657348633;0.5619320273399353;-0.012347042560577393;0.43977925181388855;0.5620322823524475;0.012260910123586655;0.4895264208316803;0.7258180379867554;0.010235804133117199;0.44344955682754517;0.7258981466293335;0.04450288414955139;0.47079658806324004;0.2533319219946861;-0.281762558221817;0.6437895894050598;0.3880610913038254;-0.2710634469985962;0.28562329709529877;0.3675232604146004;-0.23883294686675072;0.4873722394307454;0.8908247749010721;0.09038518120845158;0.44431881109873456;0.8872690200805664;0.1362860749165217;;vertical;
0.53;0.46562784910202026;0.27757498621940613;-0.2850448191165924;0.5077793002128601;0.3463380038738251;-0.15802434086799622;0.4195788502693176;0.3373411297798157;-0.14519311487674713;0.569782018661499;0.3661695420742035;-0.1603277027606964;0.35621553659439087;0.35446983575820923;-0.13926617801189423;0.4860125780105591;0.5619279742240906;-0.012243353761732578;0.4386163651943207;0.562145471572876;0.012153451330959797;0.4891892969608307;0.7256842851638794;0.009916314855217934;0.44284749031066895;0.7259551286697388;0.044768210500478745;0.4695254385471344;0.2537124127149582;-0.28511927723884584;0.643716037273407;0.38641632348299026;-0.2728833705186844;0.28515902161598206;0.36754221469163895;-0.23944450542330742;0.4868289331595103;0.8908384839693705;0.09021208124856155;0.44428451855977374;0.8882331848144531;0.13523649921019873;;vertical;
0.57;0.464221328496933;0.2781409025192261;-0.2915486991405487;0.5074849128723145;0.3471345603466034;-0.1607416868209839;0.41924038529396057;0.3375650644302368;-0.15230268239974976;0.5697669386863708;0.3661479353904724;-0.16157209873199463;0.35600677132606506;0.3543725311756134;-0.14602446556091309;0.48551350831985474;0.5618463754653931;-0.009815092198550701;0.43770450353622437;0.5620682835578918;0.009715570136904716;0.4889312982559204;0.7256996631622314;0.01156680565327406;0.4423616826534271;0.7259702682495117;0.04311230406165123;0.46849857568740844;0.2544278189539909;-0.29186186045408247;0.6434811800718307;0.3850702568888664;-0.27281736582517624;0.2847885265946388;0.36602530628442764;-0.2449059747159481;0.4863376021385193;0.8914124170939127;0.09471423116823037;0.44404563307762146;0.8884233434995016;0.13520394265651703;;vertical;
0.6;0.4627456068992615;0.2782115936279297;-0.29802826046943665;0.5074445605278015;0.34736746549606323;-0.17012134194374084;0.4189254343509674;0.3375331461429596;-0.15619444847106934;0.5697588324546814;0.3661476671695709;-0.1713806688785553;0.35604673624038696;0.3544168472290039;-0.14844775199890137;0.48502078652381897;0.5599537491798401;-0.009865162894129753;0.43690407276153564;0.5597211122512817;0.009759172797203064;0.48814770579338074;0.7241269946098328;0.009360304102301598;0.44189801812171936;0.724393904209137;0.04571477323770523;0.4676113039255142;0.25472328066825867;-0.299349969625473;0.6431445777416229;0.38517171889543533;-0.2819584906101227;0.2847527265548706;0.3660127818584442;-0.24899600818753242;0.4850378135840098;0.8914655248324076;0.09059288445860147;0.443989763657252;0.8874469796816508;0.14212627212206522;;vertical;
0.63;0.4619311988353729;0.27802717685699463;-0.2819158434867859;0.5074754953384399;0.3472558557987213;-0.16850222647190094;0.41911613941192627;0.33735883235931396;-0.1323179006576538;0.5696722865104675;0.36615312099456787;-0.16581246256828308;0.3565801978111267;0.3544442355632782;-0.11966010928153992;0.48478972911834717;0.55879145860672;-0.013555863872170448;0.43658018112182617;0.5581772923469543;0.013463517650961876;0.48706433176994324;0.7232048511505127;0.005553781520575285;0.4416077733039856;0.7223389148712158;0.05347898602485657;0.4670409172773361;0.2546846106648445;-0.28475909531116483;0.642625093460083;0.38536790758371353;-0.2780415266752243;0.2857503667473793;0.36624936014413834;-0.22200090438127518;0.4834283192952474;0.8921689987182617;0.06597012964387734;0.44387365380922955;0.8870330254236857;0.1422169307867686;;vertical;
0.67;0.4615854322910309;0.27797746658325195;-0.27101293206214905;0.507860541343689;0.3472513258457184;-0.1595647931098938;0.4199107885360718;0.3371988534927368;-0.11166933178901672;0.5696901082992554;0.36655759811401367;-0.16361065208911896;0.3589428961277008;0.35442110896110535;-0.09249138087034225;0.4848426878452301;0.5587676763534546;-0.017970997840166092;0.43676668405532837;0.5577528476715088;0.017879532650113106;0.48539623618125916;0.7225780487060547;-0.0012235565809533;0.44105759263038635;0.721258819103241;0.05202207341790199;0.4668217122554779;0.25469661206007005;-0.2745764747262001;0.6426500529050827;0.3881736025214195;-0.27760622650384903;0.2872755229473114;0.36643288284540176;-0.19779330492019653;0.4828435977300008;0.8896745045979818;0.07404900544012587;0.44353564580281574;0.8857951958974203;0.14280294875303903;;girando;
0.7;0.46150994300842285;0.2775885760784149;-0.25756266713142395;0.5083251595497131;0.34727004170417786;-0.15490029752254486;0.4217008650302887;0.3370894491672516;-0.09140627086162567;0.5697082877159119;0.36704766750335693;-0.16387052834033966;0.3633916676044464;0.3543667197227478;-0.06422144174575806;0.4847796857357025;0.5587756037712097;-0.02507462538778782;0.43696051836013794;0.5574879050254822;0.024967731907963753;0.4832591712474823;0.722362756729126;-0.007262549828737974;0.440584659576416;0.7207076549530029;0.05405028909444809;0.4667338579893112;0.25458880960941316;-0.2611401855945587;0.6420760601758957;0.3932280018925667;-0.28443872928619385;0.290646456182003;0.36644189804792404;-0.1677808277308941;0.48295627037684125;0.8882226745287577;0.07564166467636824;0.4434514045715332;0.8854408065478007;0.14881579329570135;;girando;
0.73;0.4612806439399719;0.2771296203136444;-0.22466561198234558;0.5089066028594971;0.3474749028682709;-0.13699424266815186;0.4238675534725189;0.3370623290538788;-0.04904194921255112;0.5697314143180847;0.36794182658195496;-0.15984082221984863;0.37081268429756165;0.35409414768218994;0.005671447608619928;0.4846392869949341;0.5586096048355103;-0.032761309295892715;0.4373878836631775;0.5572675466537476;0.032690323889255524;0.4818998873233795;0.722063422203064;-0.01844065822660923;0.4405254125595093;0.7202168703079224;0.05334659293293953;0.4666065961122513;0.25430117845535277;-0.22854207307100297;0.6412934362888336;0.4000207558274269;-0.28831224888563156;0.29778382182121277;0.3663659691810608;-0.07033801265060902;0.48408658305803937;0.8879197239875793;0.054254469772179924;0.44346051414807636;0.8852163751920065;0.144463911652565;;girando;
0.77;0.46111172437667847;0.2764216959476471;-0.1938445270061493;0.5093962550163269;0.34821128845214844;-0.130156010389328;0.42573341727256775;0.3370737135410309;-0.013918446376919746;0.5697492361068726;0.36953604221343994;-0.16303209960460663;0.3764980733394623;0.35409292578697205;0.06938913464546204;0.48414069414138794;0.5584244132041931;-0.04621158167719841;0.43820270895957947;0.5570322871208191;0.04614311829209328;0.47961968183517456;0.7215561270713806;-0.029612543061375618;0.44033294916152954;0.7203123569488525;0.06124045327305794;0.4666087180376053;0.2539187058806419;-0.19756130129098892;0.6404144018888474;0.40555690228939056;-0.3069307804107666;0.30330073833465576;0.3661853298544884;0.03502699756063521;0.48364075024922687;0.8888221780459086;0.029005529979864757;0.4436597228050232;0.8846369385719299;0.14508179078499475;;girando;
0.8;0.46083420515060425;0.2762862741947174;-0.1736798733472824;0.510385274887085;0.34828564524650574;-0.1234411671757698;0.4293757379055023;0.33719924092292786;0.016836795955896378;0.5699201226234436;0.37223735451698303;-0.1638437807559967;0.3827255964279175;0.35388490557670593;0.12725138664245605;0.4841729402542114;0.5584643483161926;-0.05433722585439682;0.4402661621570587;0.5569618344306946;0.05427798628807068;0.4790493845939636;0.7218648791313171;-0.035256050527095795;0.44033026695251465;0.7207849621772766;0.07703971117734909;0.46666041016578674;0.2538462996482849;-0.1796095550060272;0.639215961098671;0.4093613848090172;-0.3152569308876991;0.31063874065876007;0.36620432138442993;0.12443516403436661;0.4837308128674825;0.8917949398358663;0.018782554815212887;0.4443841874599457;0.8848828275998434;0.16780083378156027;;girando;
0.83;0.46012499928474426;0.27628761529922485;-0.16657327115535736;0.5120763182640076;0.3483397364616394;-0.12864992022514343;0.43449831008911133;0.33719396591186523;0.03879623860120773;0.5701514482498169;0.37563085556030273;-0.1815064400434494;0.3859645128250122;0.3546541631221771;0.1762104034423828;0.4842070937156677;0.558914840221405;-0.06650339066982269;0.4425071179866791;0.556956946849823;0.06645337492227554;0.4774145781993866;0.7216724753379822;-0.04994124174118042;0.4403708875179291;0.7208250164985657;0.09638834744691849;0.4663411021232605;0.25388073176145554;-0.17630646675825118;0.6357231587171555;0.41374441981315613;-0.32612545043230057;0.3165692090988159;0.3658093139529228;0.20439619943499565;0.483577420314153;0.8932078878084818;0.00460664431254069;0.44477667411168414;0.8839156230290731;0.19419917464256287;;girando;
0.87;0.45978716015815735;0.2764577269554138;-0.14863383769989014;0.5132582187652588;0.34843188524246216;-0.13040800392627716;0.4380406141281128;0.33719101548194885;0.05367576703429222;0.5699599385261536;0.37811797857284546;-0.20065443217754364;0.38938337564468384;0.35483014583587646;0.1968611776828766;0.4845058023929596;0.5595259070396423;-0.06897787004709244;0.4455648958683014;0.5573096871376038;0.06891019642353058;0.47756853699684143;0.7216878533363342;-0.05420834198594093;0.4407931864261627;0.721724271774292;0.09192103147506714;0.46620555520057677;0.25414846539497377;-0.15943789929151536;0.6318704336881638;0.41816411167383194;-0.3651665151119232;0.3230690062046051;0.36534393578767776;0.2485871985554695;0.483081450064977;0.8954393068949381;-0.0028613805770874023;0.4445107678572337;0.8847464521725973;0.17757738381624222;;girando;
0.9;0.4598845839500427;0.2770206332206726;-0.1353958696126938;0.5144790410995483;0.348347544670105;-0.13002432882785797;0.4425329267978668;0.33733034133911133;0.07505417615175247;0.5695723295211792;0.3813904821872711;-0.21132391691207886;0.39432817697525024;0.3548477292060852;0.2364831119775772;0.4847951829433441;0.5610031485557556;-0.07508436590433121;0.44790738821029663;0.5578697323799133;0.07502240687608719;0.47785478830337524;0.7216985821723938;-0.06482473015785217;0.44159284234046936;0.721749484539032;0.09341686218976974;0.46629622876644133;0.2548772141337395;-0.14810935594141483;0.6279109716415405;0.4216751977801323;-0.37751665711402893;0.33075283467769623;0.36455073952674866;0.31574486941099167;0.48301570614178974;0.898139238357544;-0.01771533178786437;0.44463446736335754;0.8859055439631144;0.17484972129265466;;girando;
0.93;0.45990750193595886;0.27704161405563354;-0.12198732793331146;0.5148537755012512;0.34786257147789;-0.12259961664676666;0.44649776816368103;0.3377581536769867;0.09591490030288696;0.5664448738098145;0.384905606508255;-0.21685123443603516;0.40287742018699646;0.35580974817276;0.2959384620189667;0.48581206798553467;0.561296284198761;-0.07789415866136551;0.4509328305721283;0.5581381916999817;0.07783656567335129;0.47810065746307373;0.7228772640228271;-0.07493733614683151;0.44322800636291504;0.7217689156532288;0.08713380247354507;0.4668101370334625;0.25489126294851305;-0.13504732493311167;0.6223503202199936;0.4250885471701622;-0.3999931216239929;0.3421502709388733;0.3633666858077049;0.4332711473107338;0.4827987750371297;0.9005947907765707;-0.027865609658571582;0.44544604420661926;0.8866673509279887;0.15644673754771551;;girando;
0.97;0.45999670028686523;0.2770095765590668;-0.14148059487342834;0.5147525072097778;0.3470487594604492;-0.1326235681772232;0.4497603178024292;0.33771955966949463;0.08827295154333115;0.5627066493034363;0.3875845670700073;-0.2603989243507385;0.4095746874809265;0.3565741181373596;0.3221491575241089;0.4883384108543396;0.5613235831260681;-0.08078290522098541;0.45456424355506897;0.5581468939781189;0.08072835952043533;0.4786936342716217;0.7229642868041992;-0.08020032942295074;0.44673648476600647;0.7207180857658386;0.08753560483455658;0.46729192733764646;0.2546262666583061;-0.1551578789949417;0.6132774651050568;0.4258722588419914;-0.48681987822055817;0.35443828254938126;0.36185865849256516;0.5067258253693581;0.48275308807690936;0.9015262921651205;-0.044286743737757206;0.4460276663303375;0.887198289235433;0.14527500917514166;;girando;
1.0;0.46040409803390503;0.27683550119400024;-0.11844063550233841;0.5146327018737793;0.3466845750808716;-0.14354005455970764;0.45308125019073486;0.3370917737483978;0.11264944076538086;0.556071937084198;0.3880552649497986;-0.2868903577327728;0.4201412498950958;0.35594281554222107;0.3633423149585724;0.4912354052066803;0.5613187551498413;-0.0843869149684906;0.45748254656791687;0.5581063628196716;0.08427117764949799;0.4814737141132355;0.7229099869728088;-0.07933732122182846;0.4489274322986603;0.7192833423614502;0.10293611139059067;0.4680371701717377;0.25416910499334333;-0.13536353968083858;0.6022383868694305;0.4269769489765167;-0.5111752301454544;0.3643305376172066;0.35995858907699585;0.5847604870796204;0.4833166301250458;0.9023124774297079;-0.048756192748745285;0.4460339645544688;0.8869146903355917;0.1655803546309471;;girando;
1.03;0.4609561562538147;0.27660229802131653;-0.12664178013801575;0.5139504075050354;0.34587153792381287;-0.16257621347904205;0.45663556456565857;0.33541738986968994;0.10254929959774017;0.5491334199905396;0.38786423206329346;-0.3287203907966614;0.43094080686569214;0.35547977685928345;0.3408128023147583;0.49345940351486206;0.561375081539154;-0.08559691905975342;0.4630102813243866;0.558026909828186;0.08548549562692642;0.4834645092487335;0.7229150533676147;-0.07861191034317017;0.4516899287700653;0.7171617746353149;0.11354158818721771;0.46856021583080293;0.25319806188344957;-0.14440872874110938;0.5927586406469345;0.4288715198636055;-0.5852637737989426;0.3737651854753494;0.35829488933086395;0.5440428853034973;0.48255470395088196;0.9038874705632528;-0.05176049408813318;0.44578757882118225;0.8858428796132406;0.18300660947958627;;girando;
1.07;0.46142974495887756;0.2763496935367584;-0.09567157179117203;0.5118721127510071;0.34411299228668213;-0.1626257747411728;0.4603351056575775;0.3347577452659607;0.11536410450935364;0.5420669913291931;0.3894695043563843;-0.32366955280303955;0.4400896728038788;0.3557988703250885;0.35209330916404724;0.4971066117286682;0.559181809425354;-0.0880679041147232;0.467623233795166;0.5562112331390381;0.08800242841243744;0.48557353019714355;0.7219175696372986;-0.09150336682796478;0.453684538602829;0.7131912708282471;0.10347484052181244;0.4688283413648605;0.2529930129647255;-0.1179724951274693;0.5772339999675751;0.4319824352860451;-0.5579103231430054;0.38130247592926025;0.3568481281399727;0.5478913187980652;0.4827339251836141;0.9034814635912577;-0.07929648210604985;0.446258803208669;0.8835894664128622;0.15370364238818487;;girando;
1.1;0.4619481861591339;0.27612271904945374;-0.08680278807878494;0.5106281638145447;0.34198126196861267;-0.18534544110298157;0.4652266204357147;0.33319810032844543;0.11050358414649963;0.5324719548225403;0.39206820726394653;-0.37029868364334106;0.44987931847572327;0.35576972365379333;0.3612683117389679;0.4996194541454315;0.5586386322975159;-0.0914485827088356;0.4704299867153168;0.5554186105728149;0.09135598689317703;0.4887794554233551;0.7203940749168396;-0.09791456162929535;0.4551362693309784;0.7098656892776489;0.12928150594234467;0.46911458373069764;0.2525892615318298;-0.11272106571123004;0.5634727329015732;0.43036728352308273;-0.615016296505928;0.3945976197719574;0.3518102765083313;0.5912743359804153;0.48112818598747253;0.904356062412262;-0.0957743227481842;0.44802071650822956;0.8819814324378967;0.18780721724033356;;girando;
1.13;0.46215301752090454;0.2761205732822418;-0.10954316705465317;0.5090523362159729;0.3411541283130646;-0.201962411403656;0.4689679443836212;0.3318851888179779;0.09518030285835266;0.5290884971618652;0.39753034710884094;-0.40735989809036255;0.45699450373649597;0.3529081642627716;0.3419603705406189;0.5016907453536987;0.5594528317451477;-0.09257716685533524;0.47314637899398804;0.5554543733596802;0.09252700209617615;0.49112385511398315;0.7204232811927795;-0.1023978739976883;0.4566093981266022;0.7093487977981567;0.13644447922706604;0.46909613609313966;0.2525864362716675;-0.13550858981907368;0.5463760644197464;0.4293767735362053;-0.6706604063510895;0.4069974273443222;0.3469362109899521;0.5575491935014725;0.4804459909598033;0.9059117039044698;-0.10209158311287563;0.45268604159355164;0.8814979592959086;0.20897297064463297;;girando;
1.17;0.4621613025665283;0.2760910093784332;-0.09744461625814438;0.5058475136756897;0.33933383226394653;-0.1936086267232895;0.47276633977890015;0.3320049047470093;0.10142049193382263;0.5223442912101746;0.40611937642097473;-0.38260674476623535;0.4655988812446594;0.3525666892528534;0.3424724042415619;0.5020065307617188;0.5609322786331177;-0.09281307458877563;0.4734569191932678;0.5564451813697815;0.09279360622167587;0.4920061230659485;0.7223889827728271;-0.09060477465391159;0.4586124122142792;0.709999680519104;0.12915797531604767;0.4687612682580948;0.252432382106781;-0.1255452262237668;0.5271634608507156;0.43031612038612366;-0.6130800545215607;0.42564671486616135;0.33789757639169693;0.5542889386415482;0.48068152864774066;0.9060468276341757;-0.07383957256873448;0.4606701135635376;0.8805375099182129;0.1939138968785604;;girando;
1.2;0.46219998598098755;0.276105672121048;-0.05969025939702988;0.5046141743659973;0.33907070755958557;-0.19936077296733856;0.4777960777282715;0.3320348560810089;0.1171758696436882;0.5150587558746338;0.4027913808822632;-0.4012858271598816;0.47569724917411804;0.35501107573509216;0.35664987564086914;0.5027972459793091;0.5635032653808594;-0.09848538786172867;0.477312296628952;0.5595988035202026;0.09843476116657257;0.4914385974407196;0.7221282124519348;-0.08892570436000824;0.46254193782806396;0.7105023860931396;0.1209559440612793;0.4685004621744156;0.25231143087148666;-0.09023287239251658;0.5131998062133789;0.43031835556030273;-0.6149053275585175;0.44152015447616577;0.3389582112431526;0.5753024816513062;0.4810708264509837;0.9058290719985962;-0.07495805993676186;0.4695984621842702;0.8799882531166077;0.17499369382858276;;girando;
1.23;0.4622161090373993;0.27612388134002686;-0.051358651369810104;0.5009450912475586;0.3384309411048889;-0.1943424940109253;0.4843181073665619;0.3331851065158844;0.11861631274223328;0.5066086649894714;0.4048929810523987;-0.32579293847084045;0.4875349998474121;0.4009556472301483;0.29966506361961365;0.5021184086799622;0.5688309073448181;-0.09846633672714233;0.48227643966674805;0.5642614364624023;0.09853816777467728;0.490865021944046;0.7221778631210327;-0.08501574397087097;0.469243586063385;0.7107999324798584;0.15989910066127777;0.4679659307003021;0.2521393433213234;-0.08360267071984709;0.4976736307144165;0.4294779375195503;-0.40022600442171097;0.4579712450504303;0.39024196565151215;0.3918999657034874;0.4812270204226176;0.9060540199279785;-0.0704689087967078;0.47635767857233685;0.878242293993632;0.22624685366948447;;girando;
1.27;0.4624118208885193;0.27659717202186584;-0.024327769875526428;0.49747154116630554;0.33129817247390747;-0.1920957714319229;0.4866997301578522;0.3330949544906616;0.13339853286743164;0.49856433272361755;0.39526450634002686;-0.28291651606559753;0.49658918380737305;0.40603122115135193;0.2448708862066269;0.5014894008636475;0.5691392421722412;-0.10023923963308334;0.485088050365448;0.5653789043426514;0.10030346363782883;0.489003986120224;0.7222103476524353;-0.09204773604869843;0.4764319062232971;0.7107190489768982;0.1701430231332779;0.46798793971538544;0.2522584840655327;-0.05791917573660612;0.4831957072019577;0.4249839335680008;-0.31801261752843857;0.46638067066669464;0.4087824374437332;0.2621034309267998;0.48259169856707257;0.9062186082204183;-0.1100444421172142;0.4874405364195506;0.8763353228569031;0.23228431244691214;;girando;
1.3;0.46266603469848633;0.27673786878585815;-0.02319171465933323;0.4962015748023987;0.33090364933013916;-0.189454585313797;0.4885607957839966;0.3347374498844147;0.12197259813547134;0.4861757457256317;0.39518916606903076;-0.15352562069892883;0.4943385124206543;0.4144672453403473;0.1371762752532959;0.5012226700782776;0.57050621509552;-0.0990215316414833;0.48652005195617676;0.5682504773139954;0.09901644289493561;0.4888870418071747;0.7260335683822632;-0.07611752301454544;0.48387283086776733;0.716475248336792;0.16681618988513947;0.4681758850812912;0.2522843971848488;-0.05601970609277487;0.47025148570537567;0.4160231649875641;0.028723394498229027;0.47883637249469757;0.43856140971183777;0.05671532079577446;0.48343974351882935;0.9074053168296814;-0.08317927022775014;0.4946789542833964;0.8781005541483561;0.2403991570075353;;girando;
1.33;0.46359577775001526;0.2767108976840973;-0.009207494556903839;0.4955885112285614;0.33016303181648254;-0.19334645569324493;0.49633774161338806;0.33473336696624756;0.12503361701965332;0.47594401240348816;0.39510926604270935;-0.16393910348415375;0.5004058480262756;0.42037150263786316;0.1998462975025177;0.5006113052368164;0.5719700455665588;-0.10118743032217026;0.48974090814590454;0.5692336559295654;0.1011413112282753;0.48899975419044495;0.7323750257492065;-0.062547966837883;0.48785001039505005;0.7235485315322876;0.16344000399112701;0.46864002048969267;0.25198927968740464;-0.04330239854753017;0.45463307201862335;0.4159805104136467;0.012550614075735211;0.478921540081501;0.45282187312841415;0.22034333646297455;0.4847448468208313;0.9092552065849304;-0.03173850600918134;0.5002010862032572;0.8799056013425192;0.24059260388215384;;girando;
1.37;0.4649624824523926;0.2771061360836029;-0.00571027584373951;0.4953075647354126;0.3298041522502899;-0.19006164371967316;0.5019998550415039;0.33383533358573914;0.13717195391654968;0.48017269372940063;0.38713130354881287;-0.3792068064212799;0.5029969811439514;0.4078715443611145;0.3290175795555115;0.499152809381485;0.5716528296470642;-0.10741443186998367;0.49172890186309814;0.5689473748207092;0.10720014572143555;0.48904383182525635;0.7315321564674377;-0.06408332288265228;0.48941588401794434;0.7231274247169495;0.15366259217262268;0.46945740282535553;0.2522560030221939;-0.03660295270383358;0.445354163646698;0.40833210945129395;-0.5405755043029785;0.4842078164219856;0.4410465508699417;0.5300911217927933;0.4870366056760152;0.9091164271036783;-0.0404852411399285;0.5039322872956594;0.8815090656280518;0.2162596434354782;;girando;
1.4;0.46733805537223816;0.27848753333091736;-0.005169061478227377;0.4911463260650635;0.33126965165138245;-0.18828004598617554;0.5069766044616699;0.33383381366729736;0.12635400891304016;0.4644637703895569;0.3879558742046356;-0.3481237292289734;0.49611997604370117;0.407223105430603;0.29740580916404724;0.49719277024269104;0.5723552703857422;-0.10433785617351532;0.4952027201652527;0.5692034959793091;0.10416779667139053;0.4919681251049042;0.7307286858558655;-0.06481453776359558;0.49170082807540894;0.7248881459236145;0.1499059498310089;0.470861554145813;0.25373476147651675;-0.0356840118765831;0.42245014756917953;0.409029483795166;-0.47357291728258133;0.4651671350002289;0.4522694870829582;0.45661624521017075;0.488931268453598;0.9103061159451803;-0.032605490336815514;0.5021210710207621;0.886917233467102;0.19483353197574615;;girando;
1.43;0.46892303228378296;0.27919846773147583;-0.008891972713172436;0.4876028001308441;0.33491888642311096;-0.1950618326663971;0.5121017098426819;0.33422958850860596;0.09484655410051346;0.45632240176200867;0.3880287706851959;-0.35164329409599304;0.4993140995502472;0.4040507972240448;0.285617470741272;0.4959990680217743;0.5742018222808838;-0.10306528955698013;0.49964985251426697;0.5705506801605225;0.10278110951185226;0.49645885825157166;0.7307103872299194;-0.044032733887434006;0.4937262237071991;0.7277411222457886;0.1510968953371048;0.4720987409353256;0.25468896329402924;-0.03785100728273392;0.41207505762577057;0.4032268449664116;-0.4574485868215561;0.46056781709194183;0.4412363991141319;0.47757600247859955;0.4917279581228892;0.9108991026878357;0.0072979989151159925;0.500188281138738;0.8926344712575277;0.20084885756174722;;girando;
1.47;0.47049927711486816;0.2799491882324219;0.001029782579280436;0.48475217819213867;0.3390589654445648;-0.19610057771205902;0.5168775320053101;0.33497315645217896;0.07221242785453796;0.4501647353172302;0.3856547772884369;-0.3503333032131195;0.5131373405456543;0.3990153670310974;0.2841702997684479;0.4960072338581085;0.5763585567474365;-0.09099048376083374;0.5033190250396729;0.5724539160728455;0.09075217694044113;0.4988269507884979;0.7338138222694397;-0.008730122819542885;0.49802330136299133;0.7331041693687439;0.15025873482227325;0.47347481846809386;0.2560044348239899;-0.027888332679867744;0.3922148123383522;0.4042796418070793;-0.4462403282523155;0.4748333990573883;0.434588260948658;0.5384080559015274;0.49229689439137775;0.9110104640324911;0.06959439193209012;0.5012232859929403;0.8996133605639139;0.2162612130244573;;girando;
1.5;0.47196173667907715;0.28019315004348755;0.03031313233077526;0.47663435339927673;0.3398202359676361;-0.1788472980260849;0.5228710770606995;0.33572664856910706;0.07628727704286575;0.4382286071777344;0.38202008605003357;-0.2795046269893646;0.5248706936836243;0.36158424615859985;0.2999041974544525;0.4926769435405731;0.5778812766075134;-0.08433213084936142;0.5129415392875671;0.5725864768028259;0.08398161828517914;0.49753332138061523;0.7345542311668396;0.003885236568748951;0.5065765380859375;0.7332186102867126;0.14752697944641113;0.47425049245357515;0.2568105816841125;0.0024969482619781047;0.37836524099111557;0.40333232283592224;-0.29085564613342285;0.5113566219806671;0.3460190072655678;0.5876767337322235;0.4920700490474701;0.9108683466911316;0.07329689711332321;0.5085297624270121;0.902161717414856;0.21202565232912698;;girando;
1.53;0.47584110498428345;0.28017014265060425;0.04604598879814148;0.4701556861400604;0.34105202555656433;-0.16234451532363892;0.5288917422294617;0.3368314802646637;0.07604051381349564;0.4237903356552124;0.37914592027664185;-0.20121322572231293;0.5406026840209961;0.360866904258728;0.2977024018764496;0.4894444942474365;0.5782490968704224;-0.07783912867307663;0.5167447924613953;0.5723685026168823;0.07749210298061371;0.49684685468673706;0.7370983362197876;0.000725461111869663;0.5102219581604004;0.7346514463424683;0.13425596058368683;0.47722269892692565;0.25801206529140475;0.018907649070024492;0.3654269278049469;0.4036313593387604;-0.14012207090854645;0.5245996564626694;0.3435344323515892;0.5498417615890503;0.49164830644925434;0.9115240375200907;0.052796499182780586;0.509292721748352;0.9035113851229349;0.19041061898072562;;girando;
1.57;0.48221534490585327;0.2805885076522827;0.05865676328539848;0.4667901396751404;0.34190523624420166;-0.1547122448682785;0.5334652662277222;0.33821991086006165;0.07618098706007004;0.41911178827285767;0.3767056465148926;-0.17027647793293;0.5495424270629883;0.3620815873146057;0.2718521058559418;0.48720255494117737;0.5787891149520874;-0.07461942732334137;0.518928587436676;0.5725974440574646;0.07425488531589508;0.4946230351924896;0.7396230101585388;0.0062622083351016045;0.5130370259284973;0.7371700406074524;0.13283506035804749;0.4816988199949265;0.2600776880979538;0.03097407203167677;0.35555441677570343;0.4011741578578949;-0.08318216167390347;0.5290161371231079;0.3481796458363533;0.5139646232128143;0.49066691597302753;0.9121140837669373;0.05437282597025236;0.5119985242684683;0.9054267009099325;0.1894866277774175;;girando;
1.6;0.48805880546569824;0.2814808189868927;0.06279994547367096;0.46513015031814575;0.34245720505714417;-0.14849643409252167;0.5359609723091125;0.3397810161113739;0.05275968834757805;0.41547736525535583;0.374517560005188;-0.1936391144990921;0.5673750638961792;0.3657147288322449;0.23100338876247406;0.4852614998817444;0.5803700685501099;-0.06871135532855988;0.5184401273727417;0.5739045739173889;0.06821282207965851;0.49119359254837036;0.7424166202545166;0.01700238510966301;0.5152190923690796;0.7389017939567566;0.13200515508651733;0.486610421538353;0.2617658168077469;0.03646936248987913;0.34769273549318314;0.39762263745069504;-0.16283374652266502;0.5767679959535599;0.360980749130249;0.49817512929439545;0.48883484800656635;0.9131867289543152;0.0745411068201065;0.516906221707662;0.9062401652336121;0.19363479812939963;;girando;
1.63;0.49369415640830994;0.28161054849624634;0.06080307438969612;0.464138388633728;0.3425920307636261;-0.13926665484905243;0.5388240218162537;0.34191587567329407;0.02754812128841877;0.4123566746711731;0.3732733130455017;-0.18669423460960388;0.5703111290931702;0.36777055263519287;0.18424570560455322;0.48473063111305237;0.5814856886863708;-0.06223296746611595;0.5188102722167969;0.5748209357261658;0.061731625348329544;0.4897482991218567;0.7431328892707825;0.03458777442574501;0.5130842924118042;0.7387802004814148;0.1391320377588272;0.4911055415868759;0.26228863894939425;0.03531977377133444;0.3422449678182602;0.39722438156604767;-0.16747602820396423;0.5981451570987701;0.365473210811615;0.41717930138111115;0.48874374230702716;0.9134212732315063;0.11483453214168549;0.5148312648137411;0.9075261751810709;0.22834745546181998;;girando;
1.67;0.4959377646446228;0.28241586685180664;0.07159893959760666;0.4647652208805084;0.3425637185573578;-0.12825024127960205;0.5417789220809937;0.34359613060951233;0.033857814967632294;0.4108685851097107;0.3720449209213257;-0.19948355853557587;0.576225757598877;0.36908766627311707;0.1818418651819229;0.48370712995529175;0.5823736190795898;-0.05920182913541794;0.5211575627326965;0.576183021068573;0.058734431862831116;0.48443883657455444;0.7427610754966736;0.028521833941340446;0.5150848031044006;0.7402772903442383;0.13641680777072906;0.4932153284549713;0.26402789950370786;0.04403714402578771;0.33454620093107224;0.3977120742201805;-0.2133040763437748;0.6069868355989456;0.3711739107966423;0.40119200199842453;0.4871135950088501;0.9131079713503519;0.11107573161522548;0.5169363617897034;0.906921366850535;0.2220009962717692;;girando;
1.7;0.4996119439601898;0.2829442024230957;0.0744861513376236;0.4644835889339447;0.3425123393535614;-0.11873374134302139;0.5420671701431274;0.34439408779144287;0.03146978095173836;0.40981966257095337;0.3717208504676819;-0.2170998603105545;0.5765475630760193;0.3698235750198364;0.18395492434501648;0.4832727313041687;0.5846341848373413;-0.058381278067827225;0.5217838287353516;0.5786675810813904;0.057830896228551865;0.47975867986679077;0.7422506213188171;0.03798217698931694;0.5172421336174011;0.7426236271858215;0.14022530615329742;0.4966264247894287;0.26449020206928253;0.04944752920418978;0.3342634364962578;0.3977836146950722;-0.30243174731731415;0.6223089694976807;0.37341251224279404;0.41721754521131516;0.4857795635859172;0.9113841652870178;0.14068999886512756;0.5179738203684489;0.9067404667536417;0.23240822553634644;;girando;
1.73;0.5029541254043579;0.2836601138114929;0.07329046726226807;0.46358340978622437;0.342517226934433;-0.11299364268779755;0.5431052446365356;0.34489014744758606;0.013609340414404869;0.40492862462997437;0.37063270807266235;-0.20607979595661163;0.5774580836296082;0.3704415261745453;0.15754681825637817;0.4825831949710846;0.5868581533432007;-0.052352774888277054;0.5217651128768921;0.5806477069854736;0.05178308114409447;0.4743654131889343;0.7418330907821655;0.05437337979674339;0.5170599818229675;0.7447026968002319;0.14502878487110138;0.499620720744133;0.2649835169315338;0.04970901941414922;0.33108317106962204;0.39795321971178055;-0.29249051213264465;0.6292106956243515;0.3749973773956299;0.3852922022342682;0.48269006609916687;0.9102640549341837;0.17478294670581818;0.52104785044988;0.9105238517125448;0.2450659473737081;;girando;
1.77;0.5058923959732056;0.2839617431163788;0.07522587478160858;0.46095332503318787;0.3429613411426544;-0.10355640947818756;0.5436714291572571;0.3451922535896301;-0.0001712455996312201;0.3964785039424896;0.3710133135318756;-0.1730075180530548;0.5791493058204651;0.3707883954048157;0.11020321398973465;0.4804191291332245;0.5873833298683167;-0.04104835167527199;0.5209714770317078;0.5817098021507263;0.0405036136507988;0.4716191291809082;0.7416819334030151;0.05633121728897095;0.5171176791191101;0.7464949488639832;0.1361103653907776;0.5022605329751968;0.2649828940629959;0.051891143154352906;0.3234756365418434;0.39785104244947433;-0.2072671577334404;0.636512354016304;0.3762563318014145;0.29418671131134033;0.4791036347548167;0.908941407998403;0.16041173537572226;0.5231326023737589;0.914206067721049;0.23759418725967407;;girando;
1.8;0.5069800615310669;0.284338116645813;0.08039005845785141;0.4596039652824402;0.34307414293289185;-0.08296442776918411;0.5433542728424072;0.3455484211444855;-0.005329211708158255;0.3935694694519043;0.3712932765483856;-0.14481280744075775;0.5832728743553162;0.37018200755119324;0.08359034359455109;0.4790228307247162;0.5871684551239014;-0.03037511557340622;0.5200657844543457;0.5822156071662903;0.02984578348696232;0.4696923494338989;0.7418373227119446;0.048358745872974396;0.5179482102394104;0.7493279576301575;0.11155766993761063;0.5030934691429139;0.2650547742843628;0.05872875996865332;0.3193090707063675;0.39717112481594086;-0.17809786275029182;0.6439554244279861;0.3769199773669243;0.242319967597723;0.47735626498858136;0.9098778367042542;0.13161142418781915;0.5262911319732666;0.9190506736437479;0.18864077826340994;;girando;
1.83;0.5072039365768433;0.28431445360183716;0.07358872890472412;0.458886057138443;0.34305620193481445;-0.07031039893627167;0.5429941415786743;0.34578365087509155;-0.0271687600761652;0.392953485250473;0.3714034855365753;-0.1237301230430603;0.5865505337715149;0.3692724406719208;0.04544452950358391;0.47724828124046326;0.5868330597877502;-0.01072668470442295;0.5192679166793823;0.5824460387229919;0.010189863853156567;0.46822357177734375;0.7425466775894165;0.06425915658473969;0.5177975296974182;0.7484775185585022;0.0933247059583664;0.5030811578035355;0.26485440135002136;0.05292429178953171;0.3170325830578804;0.39624685049057007;-0.15746774524450302;0.653255358338356;0.37857022881507874;0.18515104800462723;0.47360318899154663;0.9097198843955994;0.14028366903463999;0.5265743533770243;0.9209607839584351;0.16908793648084006;;girando;
1.87;0.5084599256515503;0.28433582186698914;0.07003644853830338;0.45783114433288574;0.34301525354385376;-0.06084346026182175;0.5420975089073181;0.3456913232803345;-0.0378442220389843;0.39090484380722046;0.37120237946510315;-0.10971810668706894;0.5882668495178223;0.3685961663722992;0.02164200134575367;0.4751769006252289;0.5865963101387024;-0.0013667626772075891;0.5189211964607239;0.5828410387039185;0.0008139432175084949;0.46636050939559937;0.7441699504852295;0.06981101632118225;0.5174736380577087;0.7479382753372192;0.08424915373325348;0.5037954181432724;0.2647429645061493;0.05089926142245531;0.31680063903331757;0.39525316655635834;-0.14110611751675606;0.6558680385351181;0.3796698823571205;0.15089847892522812;0.46869317690531415;0.909277339776357;0.14135435968637466;0.5231292645136515;0.9172170162200928;0.15970495343208313;;girando;
1.9;0.5083093643188477;0.2845335900783539;0.06886374205350876;0.4559696614742279;0.3429940938949585;-0.05078909546136856;0.5412340760231018;0.3456137478351593;-0.04214668273925781;0.3883800804615021;0.37125033140182495;-0.09114443510770798;0.5895172953605652;0.36837008595466614;0.008161394856870174;0.47313955426216125;0.5866230130195618;0.004559756256639957;0.5169926285743713;0.5837066173553467;-0.005092915613204241;0.46514424681663513;0.7453308701515198;0.06623923778533936;0.5171663165092468;0.7479419708251953;0.07293760031461716;0.5035797953605652;0.26500566899776457;0.05089966468513012;0.3151647299528122;0.39457910507917404;-0.11300084926187992;0.6589377671480179;0.3821074888110161;0.12776996567845345;0.4652357002099355;0.9099154472351074;0.13113200416167578;0.5224911173184713;0.9157111843427023;0.14147236198186874;;girando;
1.93;0.5079268217086792;0.2850832939147949;0.0774216279387474;0.45285293459892273;0.3434774577617645;-0.026328422129154205;0.5405823588371277;0.3457489609718323;-0.045168690383434296;0.3870568871498108;0.3724665939807892;-0.06245242804288864;0.5907146334648132;0.36898162961006165;-0.0016252425266429782;0.47166454792022705;0.5864998698234558;0.018046485260128975;0.5144479274749756;0.5844355225563049;-0.018539801239967346;0.4638100266456604;0.7451999187469482;0.07846131175756454;0.5172377824783325;0.7484806180000305;0.055157970637083054;0.5031138122081756;0.2652625203132629;0.061747755022952336;0.3170532211661339;0.39512160420417786;-0.08880861476063728;0.6612884551286697;0.38297832012176514;0.11147266812622547;0.4616123040517171;0.9089416265487671;0.1445894092321396;0.5222296118736267;0.9171011249224345;0.11807958036661148;;girando;
1.97;0.5066165328025818;0.28545811772346497;0.07662813365459442;0.4494355320930481;0.3448282480239868;-0.03502032160758972;0.5391491055488586;0.3461189866065979;-0.045318882912397385;0.3847507834434509;0.3732052147388458;-0.07261227071285248;0.5897331237792969;0.36967989802360535;0.007229987531900406;0.4701552391052246;0.5866543650627136;0.016608716920018196;0.5118227005004883;0.5850644707679749;-0.017072588205337524;0.4630488157272339;0.7422991991043091;0.10278993099927902;0.5170197486877441;0.7481565475463867;0.05996893346309662;0.5021732836961746;0.26559307873249055;0.060186393978074196;0.3159484714269638;0.39572862535715103;-0.09486151859164238;0.6594036966562271;0.38308122754096985;0.12840882316231728;0.4576322336991628;0.9065106511116028;0.19922716915607452;0.5272303223609924;0.9204062819480896;0.13252703348795572;;girando;
2.0;0.505034863948822;0.28565213084220886;0.07376587390899658;0.44615763425827026;0.3467029631137848;-0.02447713539004326;0.5355307459831238;0.3466593027114868;-0.06502839922904968;0.38273635506629944;0.3744547963142395;-0.04640650004148483;0.5898581743240356;0.36976951360702515;-0.03180008381605148;0.4684299826622009;0.5865809917449951;0.028397465124726295;0.5092611312866211;0.5857397317886353;-0.028864635154604912;0.4633723199367523;0.7385281920433044;0.1298028826713562;0.5168668627738953;0.747796356678009;0.04567456245422363;0.4992861658334732;0.26584426164627073;0.057227982813492416;0.31640228629112244;0.3958316892385483;-0.06007514987140894;0.6603697091341019;0.3831110745668411;0.06544594746083021;0.453816682100296;0.9010432958602905;0.23932855824629465;0.5286715229352316;0.9207140405972799;0.10870598504940669;;girando;
2.03;0.4984089732170105;0.28561922907829285;0.07394137233495712;0.4420899450778961;0.3482908606529236;-0.023646386340260506;0.5296741127967834;0.34678593277931213;-0.07329247891902924;0.3825797736644745;0.3760341703891754;-0.017856823280453682;0.5896667838096619;0.36983224749565125;-0.04258652776479721;0.46663898229599;0.5873507261276245;0.02925112098455429;0.5063490271568298;0.5881844162940979;-0.029692983254790306;0.4614991843700409;0.7375596165657043;0.1477060317993164;0.5161616206169128;0.7477772235870361;0.053355760872364044;0.49308115541934966;0.2656291604042053;0.058140662405639885;0.3186233937740326;0.3961441144347191;0.004440206081198994;0.6589263081550598;0.383652463555336;0.04072303231805563;0.45280898610750836;0.9001130859057108;0.27440885702768963;0.5292359789212545;0.9219929377237955;0.12489308416843414;;girando;
2.07;0.4940685033798218;0.2860022187232971;0.07374602556228638;0.43888887763023376;0.34997987747192383;-0.011594761162996292;0.5246279239654541;0.3474472761154175;-0.0821988433599472;0.382280558347702;0.3764909505844116;0.022602485492825508;0.5892317891120911;0.3698864281177521;-0.07179528474807739;0.4633976221084595;0.5911303758621216;0.03306776285171509;0.5022464394569397;0.5941426753997803;-0.033496905118227005;0.4587714374065399;0.7390331625938416;0.1543385535478592;0.5146831274032593;0.7491321563720703;0.06166817992925644;0.48889423310756686;0.2659188508987427;0.05887761707417667;0.32003774493932724;0.3965556398034096;0.07611696422100067;0.6600845754146576;0.38384001702070236;-0.017851698212325573;0.4483785728613536;0.9003914395968119;0.281321257352829;0.5290842056274414;0.9208136598269144;0.13003442933162054;;girando;
2.1;0.490401029586792;0.28684285283088684;0.07151591777801514;0.4353472590446472;0.35215264558792114;-0.00786562729626894;0.5197214484214783;0.3481050431728363;-0.08856379985809326;0.3808492124080658;0.37778982520103455;0.03154744207859039;0.5888343453407288;0.3699391484260559;-0.07786855846643448;0.45982685685157776;0.5935980677604675;0.03716465085744858;0.4988147020339966;0.5971113443374634;-0.03759465739130974;0.45710811018943787;0.739962637424469;0.15897586941719055;0.5125631093978882;0.7509025931358337;0.06259696185588837;0.48566754758358;0.26659383773803713;0.05678908172994852;0.32144317775964737;0.3998388350009918;0.0845129881054163;0.6574728041887283;0.3841567486524582;-0.018859095871448517;0.4499925871690114;0.8994198441505432;0.2819007734457652;0.5273484190305074;0.9190636873245239;0.13646008322636285;;girando;
2.13;0.4852553606033325;0.28817102313041687;0.07119429111480713;0.4316331148147583;0.3533601760864258;-0.010311059653759003;0.5134827494621277;0.3487967252731323;-0.08070459961891174;0.3829909861087799;0.38045310974121094;0.03549228608608246;0.577817976474762;0.36989277601242065;-0.07428021728992462;0.4566894769668579;0.5949130654335022;0.03366425260901451;0.4952157437801361;0.5974250435829163;-0.034066859632730484;0.4551740288734436;0.74046790599823;0.1498747617006302;0.5102406740188599;0.7516686320304871;0.05543864518404007;0.48130753040313723;0.2675109088420868;0.05627845143899322;0.32916370779275894;0.4007544368505478;0.09946860745549202;0.6542993485927582;0.38288189470767975;-0.03153318399563432;0.44997628529866535;0.8995554248491923;0.272358496983846;0.5255687038103739;0.9182862242062887;0.12671252836783728;;girando;
2.17;0.48440781235694885;0.2898429334163666;0.06955445557832718;0.4298752248287201;0.3540891110897064;0.004917921498417854;0.5092201828956604;0.34932202100753784;-0.08358597010374069;0.3838549554347992;0.3811163604259491;0.06279654800891876;0.5702201724052429;0.3692576289176941;-0.08825042098760605;0.45305976271629333;0.5954734683036804;0.04118236154317856;0.49198827147483826;0.5976582765579224;-0.04159750044345856;0.453019380569458;0.7420815229415894;0.14605945348739624;0.5083386301994324;0.7518265843391418;0.035262543708086014;0.48015211522579193;0.2693236172199249;0.05647628114093095;0.3388514295220375;0.40410201996564865;0.13403460755944252;0.6517252922058105;0.382661797106266;-0.05049655865877867;0.4501846730709076;0.9000593622525533;0.25851524869600934;0.5241778691609701;0.9169413447380066;0.0932114173968633;;girando;
2.2;0.48496508598327637;0.28989630937576294;0.06463107466697693;0.4283835291862488;0.35386306047439575;0.029063984751701355;0.5060417056083679;0.34934309124946594;-0.09027952700853348;0.3856066167354584;0.38236868381500244;0.11123631149530411;0.5642889142036438;0.3692139983177185;-0.10634496062994003;0.44902241230010986;0.595549464225769;0.05121893808245659;0.4898134171962738;0.5973814725875854;-0.0516304187476635;0.4537130296230316;0.7420856356620789;0.15361042320728302;0.50529545545578;0.7494735717773438;0.02491885796189308;0.4803151160478592;0.26948798894882203;0.05536817824468017;0.345403790473938;0.40727562457323074;0.20083660632371902;0.6428755521774292;0.38169998675584793;-0.0708612222224474;0.45026519894599915;0.9003114104270935;0.26264766852060956;0.5224582751592001;0.9145307143529257;0.07370542238156001;;girando;
2.23;0.48059898614883423;0.2898462116718292;0.06423782557249069;0.4271766245365143;0.3540801405906677;0.04064355418086052;0.5021856427192688;0.34931811690330505;-0.09651126712560654;0.38804325461387634;0.3855341970920563;0.12884710729122162;0.5572820901870728;0.36797577142715454;-0.15187743306159973;0.44659608602523804;0.595294713973999;0.058133531361818314;0.4865992069244385;0.596023678779602;-0.058506663888692856;0.45471277832984924;0.7359945774078369;0.15194594860076904;0.5034898519515991;0.7430607080459595;-0.010945918038487434;0.47610154151916506;0.26943266689777373;0.05555520635098219;0.34863850474357605;0.40955767035484314;0.22609205916523933;0.6333804726600647;0.3806461691856384;-0.177379809319973;0.4504601260026296;0.8987831672032675;0.25053193668524426;0.5183709462483724;0.9126564065615336;0.0027295084049304328;;girando;
2.27;0.47795569896698;0.2891747057437897;0.0680801048874855;0.428040087223053;0.35404184460639954;0.053089290857315063;0.49731650948524475;0.3488304913043976;-0.0969230979681015;0.3961413502693176;0.3874654769897461;0.16081257164478302;0.5518082976341248;0.3654058575630188;-0.1395900398492813;0.4450642168521881;0.5947478413581848;0.05718133971095085;0.48381251096725464;0.5941380858421326;-0.05754676088690758;0.4550616145133972;0.7362643480300903;0.14401404559612274;0.5001146197319031;0.7423288822174072;-0.014530722983181477;0.473281654715538;0.2689643383026123;0.060946866497397424;0.3641573190689087;0.4120907410979271;0.27642031759023666;0.6241494417190552;0.3786373883485794;-0.1474035046994686;0.44957465926806134;0.9001098076502482;0.2297371874252955;0.5114841461181641;0.9132527907689413;-0.0006502938146392504;;girando;
2.3;0.4786371886730194;0.28849026560783386;0.049937207251787186;0.4278377294540405;0.35396796464920044;0.09536781907081604;0.49327415227890015;0.3476031720638275;-0.12877942621707916;0.3971526622772217;0.3921641707420349;0.25382107496261597;0.5465222001075745;0.3626483976840973;-0.25454822182655334;0.44311386346817017;0.5901430249214172;0.07665346562862396;0.4801933467388153;0.5890581607818604;-0.07680952548980713;0.45544201135635376;0.7335902452468872;0.14245325326919556;0.497124582529068;0.7400219440460205;-0.05279930308461189;0.47386719286441803;0.26787775456905366;0.0475953321903944;0.4007842242717743;0.4116564616560936;0.44118422269821167;0.6142363399267197;0.3752274736762047;-0.3669951930642128;0.4513275424639384;0.8989447951316833;0.2058497816324234;0.5020535786946615;0.9137940605481466;-0.07132694994409879;;girando;
2.33;0.4780695140361786;0.28837230801582336;0.02737314999103546;0.42820701003074646;0.3538898229598999;0.11038220673799515;0.4871557354927063;0.34635791182518005;-0.150807186961174;0.4032745957374573;0.3913702368736267;0.3012664020061493;0.5372915863990784;0.36177632212638855;-0.31723660230636597;0.4430388808250427;0.588898777961731;0.08324040472507477;0.47603029012680054;0.5873900055885315;-0.08340145647525787;0.45554155111312866;0.7317672967910767;0.14358794689178467;0.4923834502696991;0.7397429943084717;-0.052720971405506134;0.4735075384378433;0.2676784932613373;0.028349373117089273;0.3909374326467514;0.4111095070838928;0.5252722948789597;0.6043438166379929;0.37415438890457153;-0.4766502231359482;0.4525004227956136;0.9000851511955261;0.20257598161697388;0.4941944380601247;0.9156471093495687;-0.06506564343969028;;girando;
2.37;0.47905537486076355;0.2888617217540741;0.0013825113419443369;0.42906898260116577;0.35338932275772095;0.1307268887758255;0.4783748984336853;0.34544751048088074;-0.16046731173992157;0.40752342343330383;0.39420846104621887;0.3330213129520416;0.5182266235351562;0.36138349771499634;-0.3420930504798889;0.44367319345474243;0.5881637334823608;0.08735707402229309;0.4725227952003479;0.5872772336006165;-0.08747930079698563;0.45588141679763794;0.7320272922515869;0.1192411556839943;0.48836055397987366;0.7399865984916687;-0.07374616712331772;0.4739029496908188;0.26766942739486693;0.009583043260499835;0.4071818068623543;0.4154803603887558;0.5743049532175064;0.5908713787794113;0.3744373098015785;-0.49748601019382477;0.454852690299352;0.902999997138977;0.157654399673144;0.4849210778872172;0.9194061160087585;-0.09031522770722707;;girando;
2.4;0.47959572076797485;0.2907092869281769;-0.024826431646943092;0.42949289083480835;0.3506864905357361;0.1272561103105545;0.4689081311225891;0.3447193205356598;-0.17298756539821625;0.4160289168357849;0.39563706517219543;0.34170717000961304;0.503498375415802;0.36160510778427124;-0.36428797245025635;0.4450492560863495;0.5877588391304016;0.08824148774147034;0.46802160143852234;0.5880351662635803;-0.08838372677564621;0.4580071270465851;0.7330771088600159;0.10951614379882812;0.48356175422668457;0.7431350946426392;-0.039503175765275955;0.4748638778924942;0.26805706024169923;-0.014104830753058194;0.41769830882549286;0.41484393924474716;0.5959443747997284;0.5754750370979309;0.37393394112586975;-0.5256799459457397;0.45794084668159485;0.9079098502794901;0.15753918886184692;0.47280537088712055;0.923682709534963;-0.039004987105727196;;girando;
2.43;0.4797520637512207;0.29058897495269775;-0.026217734441161156;0.4358295500278473;0.34564876556396484;0.14399488270282745;0.4647824168205261;0.3440776467323303;-0.17451879382133484;0.4358367323875427;0.399179607629776;0.3528810143470764;0.49452316761016846;0.3635742962360382;-0.36095866560935974;0.44546788930892944;0.5869633555412292;0.09528330713510513;0.4628628194332123;0.5905212163925171;-0.09547631442546844;0.46048852801322937;0.734040379524231;0.15170112252235413;0.4753175675868988;0.7497809529304504;-0.030130352824926376;0.47503863275051117;0.2673912614583969;-0.015319090639241039;0.45676854997873306;0.43099117279052734;0.5784690529108047;0.5593509674072266;0.3738430365920067;-0.5167654678225517;0.45924705266952515;0.9100991487503052;0.23281766970952353;0.4649032950401306;0.9281985759735107;0.024506963168581326;;girando;
2.47;0.47973009943962097;0.28902438282966614;-0.027771171182394028;0.43912699818611145;0.3424259424209595;0.13844172656536102;0.4619657099246979;0.34046050906181335;-0.18154869973659515;0.4334583580493927;0.41211777925491333;0.3269106447696686;0.47743022441864014;0.37037020921707153;-0.3750334084033966;0.4461118280887604;0.5841832756996155;0.09697464853525162;0.45954009890556335;0.5909475088119507;-0.09719483554363251;0.4604564309120178;0.7341871857643127;0.16503411531448364;0.46962323784828186;0.7527806758880615;-0.03363211080431938;0.4750843167304993;0.26579803228378296;-0.016039133700542153;0.4502076581120491;0.4655158147215843;0.5253498405218124;0.543692335486412;0.37550413608551025;-0.5456202179193497;0.4581465820471446;0.9087157249450684;0.250832736492157;0.46157020330429077;0.9303380846977234;0.021763427803913753;;girando;
2.5;0.479905366897583;0.28881314396858215;-0.06364669650793076;0.4411296844482422;0.34072157740592957;0.12624044716358185;0.45825475454330444;0.3368261158466339;-0.18523216247558594;0.45638829469680786;0.37273311614990234;0.3538127541542053;0.4677184522151947;0.3723030090332031;-0.3718263506889343;0.44624507427215576;0.5809177160263062;0.0930679440498352;0.4570223391056061;0.5906336903572083;-0.09317459911108017;0.460399329662323;0.7344512939453125;0.16474993526935577;0.4656001627445221;0.7525991201400757;-0.043135952204465866;0.4758791536092758;0.2654462993144989;-0.05190897732973099;0.49822909384965897;0.35512372106313705;0.5877524763345718;0.5238556563854218;0.3748520314693451;-0.5342521667480469;0.45721757411956787;0.9088106950124105;0.25653783480326336;0.4569592773914337;0.9320068955421448;0.006033450985948245;;girando;
2.53;0.4798297584056854;0.2887524366378784;-0.07123704999685287;0.4428676664829254;0.33996912837028503;0.125059112906456;0.45769330859184265;0.3326447904109955;-0.20039169490337372;0.4540901184082031;0.37136170268058777;0.3466809093952179;0.4595739543437958;0.3722189664840698;-0.399615615606308;0.4464898109436035;0.578382670879364;0.09796498715877533;0.4543079435825348;0.5894783735275269;-0.09811405092477798;0.4599890112876892;0.7336575388908386;0.18875756859779358;0.45977121591567993;0.7522225975990295;-0.05934673920273781;0.4762973040342331;0.2653649002313614;-0.05959115102887154;0.48404137790203094;0.35911092162132263;0.5598195493221283;0.5078519880771637;0.37545524537563324;-0.5865949839353561;0.4558623929818471;0.9058835903803507;0.29435089230537415;0.45078717668851215;0.9314150412877401;-0.010350680444389582;;girando;
2.57;0.47908690571784973;0.2887938320636749;-0.07271945476531982;0.44569268822669983;0.33949682116508484;0.13173042237758636;0.45460382103919983;0.3308134973049164;-0.199288472533226;0.4451758563518524;0.37503331899642944;0.3350866436958313;0.4553490877151489;0.3723415434360504;-0.3921932578086853;0.4470221996307373;0.5755401849746704;0.10375960916280746;0.4513237774372101;0.5852272510528564;-0.10392627865076065;0.4597274959087372;0.7331900000572205;0.19716715812683105;0.4535790979862213;0.7521708011627197;-0.06974640488624573;0.47599979639053347;0.26548030972480774;-0.0615130471996963;0.46584631502628326;0.37525270879268646;0.5271483063697815;0.48897113651037216;0.3779919520020485;-0.572555422782898;0.4558861454327901;0.901064395904541;0.3114526569843292;0.44621263941129047;0.9309732516606649;-0.03451059510310491;;girando;
2.6;0.47867530584335327;0.28850463032722473;-0.08916165679693222;0.4483167231082916;0.3394194543361664;0.12615475058555603;0.45272067189216614;0.3306135833263397;-0.21556778252124786;0.44667333364486694;0.36093002557754517;0.3582245707511902;0.44940701127052307;0.3691694438457489;-0.43964940309524536;0.4471273720264435;0.5761349201202393;0.10807716846466064;0.44858208298683167;0.5853789448738098;-0.10824569314718246;0.455203652381897;0.7345571517944336;0.2207280844449997;0.4473417103290558;0.755000650882721;-0.08090834319591522;0.47580170035362246;0.26533566415309906;-0.07750433108303696;0.4682699516415596;0.35290510952472687;0.5907583087682724;0.473276287317276;0.37925200164318085;-0.6574723124504089;0.45454196135203045;0.8988065123558044;0.35215946038564044;0.44198856751124066;0.9324324727058411;-0.05347605732580026;;girando;
2.63;0.4780832827091217;0.2885625660419464;-0.10166808217763901;0.4476833939552307;0.33965003490448;0.10967819392681122;0.4491024613380432;0.33307573199272156;-0.23272062838077545;0.44280895590782166;0.3464193046092987;0.34059804677963257;0.4491514563560486;0.3664821982383728;-0.4784124493598938;0.44716891646385193;0.5776901245117188;0.10583578795194626;0.44832831621170044;0.5870944261550903;-0.10598946362733841;0.4523925185203552;0.7355547547340393;0.22294452786445618;0.44393810629844666;0.756129264831543;-0.06672684103250504;0.4752461910247803;0.26530749797821046;-0.09060111064463854;0.4586297646164894;0.34193024039268494;0.5931041538715363;0.45723026990890503;0.3654748797416687;-0.7215998768806458;0.4539191524187724;0.8962973554929098;0.3607467512289683;0.441163311402003;0.9341158469518026;-0.03089988014350335;;girando;
2.67;0.47820335626602173;0.28852880001068115;-0.1049516350030899;0.4489422142505646;0.3396921753883362;0.10367719829082489;0.4500841796398163;0.3343232274055481;-0.23783597350120544;0.4425468444824219;0.35458606481552124;0.33263033628463745;0.4453739523887634;0.37035542726516724;-0.4827880859375;0.4472197890281677;0.578050971031189;0.1065768450498581;0.4475216865539551;0.58710777759552;-0.10669002681970596;0.4497337341308594;0.7355664968490601;0.23510578274726868;0.4420733153820038;0.7557162642478943;-0.07438758760690689;0.47543099522590637;0.26511254012584684;-0.09250680934637785;0.4535789489746094;0.3543237894773483;0.569788783788681;0.4394024908542633;0.36654403805732727;-0.7381560206413269;0.45259324709574383;0.8935708800951639;0.3791569173336029;0.44088810682296753;0.9345191319783529;-0.057658324018120766;;girando;
2.7;0.4781492054462433;0.28688591718673706;-0.09862267971038818;0.46097978949546814;0.34301185607910156;0.11222359538078308;0.44509440660476685;0.33318281173706055;-0.21613210439682007;0.47234806418418884;0.3833494484424591;0.3607211709022522;0.43391796946525574;0.37024810910224915;-0.42097434401512146;0.4522111415863037;0.5782018303871155;0.10310095548629761;0.4458945691585541;0.5860128998756409;-0.10325979441404343;0.4498113691806793;0.735375702381134;0.21214774250984192;0.44065940380096436;0.754026472568512;-0.1057751327753067;0.4748686909675598;0.2639619290828705;-0.08705822732299566;0.497394360601902;0.3762083873152733;0.5908782631158829;0.4229529798030853;0.36742791533470154;-0.6423164308071136;0.452816645304362;0.892290472984314;0.3326222002506256;0.4410290817419688;0.9351028402646383;-0.11310532689094543;;girando;
2.73;0.47740253806114197;0.2861163318157196;-0.11692424863576889;0.4666072130203247;0.34405410289764404;0.10091915726661682;0.43935608863830566;0.3321881890296936;-0.21468384563922882;0.4820488691329956;0.38271769881248474;0.3411582112312317;0.42809516191482544;0.36899298429489136;-0.43523022532463074;0.45908376574516296;0.5804068446159363;0.10146825015544891;0.44244664907455444;0.5858379602432251;-0.10166636854410172;0.4499782621860504;0.7353986501693726;0.20907248556613922;0.43829599022865295;0.7539175152778625;-0.11471766978502274;0.47389222085475924;0.26289430260658264;-0.10556436087936164;0.5114734023809433;0.3884692117571831;0.5651941895484924;0.41065653413534164;0.3760749474167824;-0.6864799708127975;0.4532592197259267;0.8912801345189413;0.3351610501607259;0.4394315481185913;0.9373177488644918;-0.11086834222078323;;girando;
2.77;0.4770333766937256;0.2862330675125122;-0.10612601041793823;0.4715212285518646;0.3454444110393524;0.1049623116850853;0.4345446228981018;0.3324434459209442;-0.20616091787815094;0.49118268489837646;0.38284093141555786;0.35005512833595276;0.4187801778316498;0.3689710199832916;-0.42291438579559326;0.46457114815711975;0.5808898210525513;0.09987419843673706;0.43985745310783386;0.5851951241493225;-0.10015276074409485;0.45503678917884827;0.7353927493095398;0.20431768894195557;0.4377717673778534;0.7537163496017456;-0.1209283322095871;0.47359663248062134;0.26290067434310915;-0.09499405436217785;0.5336152017116547;0.40423623472452164;0.5798928886651993;0.3952647000551224;0.38149285316467285;-0.6735155284404755;0.45502083500226337;0.8933113217353821;0.3257843255996704;0.43897247314453125;0.9397521813710531;-0.1255470017592112;;girando;
2.8;0.47584012150764465;0.2863379716873169;-0.10319917649030685;0.4755552113056183;0.3461058735847473;0.11084423959255219;0.4297417104244232;0.3332509398460388;-0.19098816812038422;0.5044990181922913;0.3819005787372589;0.35796234011650085;0.4057025909423828;0.3699023425579071;-0.41468894481658936;0.4675716757774353;0.5809365510940552;0.09423694014549255;0.43750253319740295;0.5842599272727966;-0.0945521667599678;0.4627588391304016;0.7358896136283875;0.18352696299552917;0.4383299946784973;0.7535757422447205;-0.11804438382387161;0.4729298412799835;0.26291489601135254;-0.09129244042560458;0.5483163893222809;0.4091271385550499;0.5869866162538528;0.3743905872106552;0.3895360603928566;-0.6531179994344711;0.45601730545361835;0.8993283112843832;0.2911206881205241;0.43791521588961285;0.9408108989397684;-0.1116494486729304;;girando;
2.83;0.4741785526275635;0.2864142954349518;-0.12031302601099014;0.478898286819458;0.34921693801879883;0.10503191500902176;0.4250641167163849;0.33595865964889526;-0.1862250119447708;0.5070756673812866;0.38073819875717163;0.3472444713115692;0.39640769362449646;0.3708348870277405;-0.40271931886672974;0.4701490104198456;0.5809746384620667;0.08891760557889938;0.4361558258533478;0.5835188031196594;-0.08923734724521637;0.46877577900886536;0.7368844747543335;0.16263285279273987;0.43760618567466736;0.7525601983070374;-0.11905664205551147;0.47194879353046415;0.2629541605710983;-0.1072635835967958;0.5563170611858368;0.4107578247785568;0.5711719691753387;0.35623253136873245;0.39683958142995834;-0.6396546214818954;0.4563297629356384;0.903586765130361;0.2739795496066411;0.4367223878701528;0.940965453783671;-0.09944724291563034;;girando;
2.87;0.47283682227134705;0.2864368259906769;-0.11324300616979599;0.4817606508731842;0.35056284070014954;0.10507091134786606;0.4227561354637146;0.3386981189250946;-0.16964273154735565;0.5134878754615784;0.3791296184062958;0.33443811535835266;0.3901679813861847;0.3712889850139618;-0.3731202781200409;0.4723292887210846;0.5801004767417908;0.08376358449459076;0.43649616837501526;0.5825930833816528;-0.08401528745889664;0.4749489426612854;0.7377080321311951;0.134541854262352;0.4360314607620239;0.7520899176597595;-0.1100572943687439;0.47108771204948424;0.26296680271625517;-0.10081342672929168;0.5636510252952576;0.4068875089287758;0.5215529501438141;0.3415941670536995;0.39901088923215866;-0.6149437427520752;0.45737673838933307;0.9047841827074686;0.22996660073598227;0.4364568889141083;0.9402880668640137;-0.07903701687852542;;girando;
2.9;0.47178876399993896;0.28651702404022217;-0.10710638016462326;0.4841574430465698;0.35076263546943665;0.11589957773685455;0.4205637276172638;0.3405306041240692;-0.15028533339500427;0.5182077884674072;0.37881386280059814;0.32327979803085327;0.38280585408210754;0.3715263605117798;-0.3464362621307373;0.475170761346817;0.5797649025917053;0.0811682641506195;0.4375799000263214;0.5824719667434692;-0.08138685673475266;0.47939765453338623;0.7394722700119019;0.11166850477457047;0.43467938899993896;0.7519002556800842;-0.09437046945095062;0.47053147852420807;0.26293763518333435;-0.08947274265810848;0.5720482468605042;0.4055735617876053;0.47371887415647507;0.33132878690958023;0.3984279930591583;-0.5787936896085739;0.45918381214141846;0.9048813780148824;0.2047634075085322;0.4366941849390666;0.9391356706619263;-0.04818281934907039;;girando;
2.93;0.4711012542247772;0.28653812408447266;-0.11420611292123795;0.4871838390827179;0.35062581300735474;0.11134157329797745;0.4204082190990448;0.3416859209537506;-0.1237492561340332;0.523997962474823;0.3786364793777466;0.30357757210731506;0.376882404088974;0.37158507108688354;-0.28759220242500305;0.4773304760456085;0.5792181491851807;0.07460972666740417;0.4382653534412384;0.5823273062705994;-0.07480533421039581;0.48341894149780273;0.7397242188453674;0.1007717177271843;0.4346807301044464;0.7498764395713806;-0.08152307569980621;0.4702271968126297;0.2628712236881256;-0.10108159608207642;0.5777995139360428;0.4051568731665611;0.4398883730173111;0.31583407521247864;0.3985590487718582;-0.5207928717136383;0.463017741839091;0.9039286375045776;0.1756109893321991;0.43719414869944256;0.9387896458307902;-0.041740012199928365;;girando;
2.97;0.4709589183330536;0.2865541875362396;-0.10899348556995392;0.48990198969841003;0.35052794218063354;0.09567181766033173;0.4194103479385376;0.3424399197101593;-0.08896054327487946;0.5274311304092407;0.3786777853965759;0.2584307789802551;0.372361421585083;0.3716471791267395;-0.19083301723003387;0.478832870721817;0.5785133242607117;0.06258595734834671;0.43858635425567627;0.5816895961761475;-0.06262258440256119;0.4853042960166931;0.7397938966751099;0.10159578919410706;0.4345077574253082;0.7491187453269958;-0.06976854056119919;0.4701978385448456;0.26268104910850526;-0.09626036332920193;0.5846253931522369;0.4038555398583412;0.35657961666584015;0.3083585053682327;0.3987746462225914;-0.3703681528568268;0.4707752764225006;0.902304470539093;0.18716066082318625;0.43744901816050213;0.9384865363438925;-0.030664292940249045;;girando;
3.0;0.47099223732948303;0.2866390347480774;-0.10798999667167664;0.49147310853004456;0.3504287898540497;0.08553467690944672;0.4184887111186981;0.3427354395389557;-0.07351263612508774;0.5329996347427368;0.3786444365978241;0.2094430923461914;0.3696003556251526;0.37181398272514343;-0.14237083494663239;0.48031267523765564;0.5772627592086792;0.054153162986040115;0.43885502219200134;0.5808722972869873;-0.05415693670511246;0.4861878752708435;0.7397813200950623;0.08325096219778061;0.43466776609420776;0.7490476369857788;-0.06260643899440765;0.4705501586198807;0.26264314651489257;-0.09699838781962171;0.5928922444581985;0.403256855905056;0.24460389092564583;0.30244531482458115;0.3980374038219452;-0.29697509855031967;0.47654423117637634;0.903507391611735;0.16516606012980142;0.4371822079022725;0.9374699195226034;-0.01930498518049717;;girando;
3.03;0.47106531262397766;0.28678080439567566;-0.10760807245969772;0.49352142214775085;0.35083678364753723;0.07966073602437973;0.41763433814048767;0.3433590829372406;-0.0496693029999733;0.5390781760215759;0.3796881139278412;0.16061410307884216;0.3661350607872009;0.372067391872406;-0.11416313797235489;0.48210546374320984;0.5764773488044739;0.04531048983335495;0.439055472612381;0.5805786848068237;-0.04530150815844536;0.4872267246246338;0.7406623959541321;0.06205146387219429;0.434447318315506;0.7491032481193542;-0.056028302758932114;0.471059513092041;0.2626639544963837;-0.09723815210163593;0.6000943779945374;0.40335069596767426;0.13132480718195438;0.2986728623509407;0.39747481793165207;-0.2827044725418091;0.48235748211542767;0.9083333214124044;0.13426835338274637;0.43596747517585754;0.9370781381924947;-0.010509165624777475;;girando;
3.07;0.4711962640285492;0.28689366579055786;-0.1176251545548439;0.49746495485305786;0.3516558110713959;0.0543624572455883;0.4177573323249817;0.3438124358654022;-0.04444800689816475;0.5467353463172913;0.38114163279533386;0.09938819706439972;0.36490559577941895;0.3720017373561859;-0.10130590945482254;0.4842050075531006;0.5766239166259766;0.03302691876888275;0.4392562806606293;0.5809571743011475;-0.03303422033786774;0.4887756109237671;0.7452021241188049;0.042057283222675323;0.4344480037689209;0.7499496340751648;-0.0498303547501564;0.47186495661735534;0.26269041299819945;-0.10932541815564037;0.6064136475324631;0.4042476937174797;0.01917217974551022;0.2954183965921402;0.39723557233810425;-0.27250801399350166;0.4864724973837535;0.9094667832056681;0.1473569025595983;0.4352399210135142;0.9359764655431112;0.01633482550581296;;girando;
3.1;0.47131213545799255;0.28808966279029846;-0.13083386421203613;0.50017249584198;0.3526727855205536;0.03587694466114044;0.41824543476104736;0.34528666734695435;-0.04575102776288986;0.5518600940704346;0.3832842707633972;0.06321074813604355;0.3637358844280243;0.37199217081069946;-0.09570303559303284;0.4859699308872223;0.5772433876991272;0.024982504546642303;0.43942123651504517;0.5815694332122803;-0.02496958151459694;0.4903479516506195;0.7468830347061157;0.04271787032485008;0.43456023931503296;0.7506412863731384;-0.05519842356443405;0.4728696674108505;0.2633624464273453;-0.12345037963241338;0.6129790246486664;0.40634745359420776;-0.044219930190593004;0.2911851331591606;0.3970310688018799;-0.25728512555360794;0.491542528072993;0.9093769788742065;0.15139781683683395;0.43494781851768494;0.9359479546546936;-0.003018685926993688;;girando;
3.13;0.47153934836387634;0.29018789529800415;-0.14078128337860107;0.5040968060493469;0.3535308241844177;0.016998430714011192;0.4187890887260437;0.34624913334846497;-0.047343332320451736;0.5570606589317322;0.38444632291793823;0.028281494975090027;0.36467626690864563;0.3720838725566864;-0.07921385020017624;0.4880908131599426;0.5772168636322021;0.0186518095433712;0.440236359834671;0.5813858509063721;-0.01863085851073265;0.4908358156681061;0.7468163371086121;0.035038791596889496;0.4348638951778412;0.750634491443634;-0.05783965811133385;0.47406269907951354;0.2648776352405548;-0.13376669101417066;0.6202855408191681;0.40740424394607544;-0.10161317698657513;0.2894209921360016;0.3966599479317665;-0.21876316517591476;0.49294787645339966;0.9081628719965616;0.1492839182416598;0.4350213408470154;0.9355969230333964;-0.009867371370395025;;girando;
3.17;0.471876323223114;0.2909083962440491;-0.17210133373737335;0.5081184506416321;0.35507839918136597;-0.013200866989791393;0.4195187985897064;0.3471912443637848;-0.06355585902929306;0.5629797577857971;0.3861149847507477;-0.0010609154123812914;0.36591199040412903;0.37216246128082275;-0.08771255612373352;0.4898395538330078;0.5782121419906616;0.014818591997027397;0.4415551722049713;0.5813948512077332;-0.01479761116206646;0.4914644956588745;0.7487240433692932;0.024103423580527306;0.43495699763298035;0.7514318227767944;-0.055053066462278366;0.47542964816093447;0.26548878848552704;-0.16658467650413514;0.6299391537904739;0.41014938801527023;-0.1343386359512806;0.28936444222927094;0.3957705423235893;-0.22631652280688286;0.4928370912869771;0.907871683438619;0.15058197577794394;0.43513216574986774;0.9354594151178995;-0.002307794988155365;;vertical;
3.2;0.47319769859313965;0.29165852069854736;-0.20426547527313232;0.511612594127655;0.3569593131542206;-0.04214196652173996;0.4206755757331848;0.34808099269866943;-0.07352576404809952;0.5677669644355774;0.3881651759147644;-0.029835116118192673;0.3676033020019531;0.372159481048584;-0.10792451351881027;0.4916822910308838;0.5787450671195984;0.014101526699960232;0.44357752799987793;0.5812444686889648;-0.014086396433413029;0.49178844690322876;0.749362587928772;0.03300563618540764;0.43629249930381775;0.7514704465866089;-0.05670998990535736;0.4772985279560089;0.2661130964756012;-0.20067762434482575;0.6376126408576965;0.41328004747629166;-0.16146840527653694;0.2903454154729843;0.3951775059103966;-0.2478068768978119;0.49210763971010846;0.9073423345883688;0.16100333879391351;0.4351245661576589;0.9351983865102133;-0.004016020645697911;;vertical;
3.23;0.4759658873081207;0.29185688495635986;-0.20613965392112732;0.5145852565765381;0.35838204622268677;-0.05198061838746071;0.4233017563819885;0.3483547568321228;-0.08193286508321762;0.5709889531135559;0.3887450098991394;-0.03890477865934372;0.36847612261772156;0.37289687991142273;-0.10208979994058609;0.494152307510376;0.5794308185577393;0.01120196096599102;0.4463551938533783;0.5812157392501831;-0.011177722364664078;0.49225205183029175;0.7490598559379578;0.0399690717458725;0.4382476806640625;0.7513094544410706;-0.049836404621601105;0.48020119667053224;0.26650225818157197;-0.20169714018702506;0.6430064141750336;0.4143291190266609;-0.1600404866039753;0.2904895916581154;0.3950144648551941;-0.21995151415467262;0.4917321701844533;0.9065919518470764;0.16434879352649054;0.4344673156738281;0.9329054752985636;0.006756725410620372;;vertical;
3.27;0.4788561165332794;0.2919100821018219;-0.20755460858345032;0.5172462463378906;0.35932213068008423;-0.06590081006288528;0.4264722168445587;0.3486301004886627;-0.0827987939119339;0.57425457239151;0.3892398476600647;-0.05771205574274063;0.3693259656429291;0.3743453919887543;-0.09256377071142197;0.49634721875190735;0.5807375311851501;0.007179764565080404;0.4482192397117615;0.5812236666679382;-0.007164331618696451;0.4931265711784363;0.7490593194961548;0.028222043067216873;0.43993744254112244;0.750744640827179;-0.020978549495339394;0.48285421431064607;0.2666663140058517;-0.2027664788067341;0.6470316350460052;0.41465768218040466;-0.17798076942563057;0.2921222075819969;0.3948925957083702;-0.20214788988232613;0.4922548731168111;0.9057137171427408;0.1371174951394399;0.4327083230018616;0.9239930510520935;0.053934166207909584;;vertical;
3.3;0.48091962933540344;0.29197776317596436;-0.24031904339790344;0.5188722610473633;0.35948649048805237;-0.09427455812692642;0.42895054817199707;0.3487902283668518;-0.11163520067930222;0.5760108828544617;0.3898148536682129;-0.08325299620628357;0.3693731129169464;0.37459567189216614;-0.11592422425746918;0.49847984313964844;0.5809509754180908;0.00481639476493001;0.44962966442108154;0.5808929204940796;-0.004803261253982782;0.4946810305118561;0.7492422461509705;0.02238481305539608;0.4407315254211426;0.7502530217170715;-0.0009623192599974573;0.48503721952438356;0.26689253449440004;-0.23704564273357392;0.6507132351398468;0.4151410087943077;-0.1941743940114975;0.29191748797893524;0.3947398290038109;-0.23000894859433174;0.49296270807584125;0.9058228135108948;0.12672526761889458;0.43165329098701477;0.9206906954447428;0.08143863330284755;;vertical;
3.33;0.4823729693889618;0.29089295864105225;-0.24007834494113922;0.5207042694091797;0.3596033751964569;-0.0966283306479454;0.431445837020874;0.348760187625885;-0.11440727114677429;0.5774088501930237;0.38966062664985657;-0.08529771119356155;0.36975690722465515;0.3739175796508789;-0.11679806560277939;0.499606192111969;0.5811078548431396;0.0034360233694314957;0.4508328437805176;0.5802745223045349;-0.003432662459090352;0.49626216292381287;0.7490435242652893;0.025494301691651344;0.44087132811546326;0.7479415535926819;0.006688391324132681;0.48644488751888276;0.2664018452167511;-0.23655362278223038;0.6525146663188934;0.415736585855484;-0.19704856351017952;0.2944883927702904;0.39434773474931717;-0.22511908784508705;0.4931823710600535;0.9059251348177592;0.12823105851809183;0.4322795669237773;0.9179742137591044;0.09409880576034386;;vertical;
3.37;0.48357561230659485;0.2896237373352051;-0.24467462301254272;0.5231276750564575;0.3594551384449005;-0.10487198084592819;0.43328315019607544;0.34872570633888245;-0.1164722889661789;0.5800837874412537;0.3895781934261322;-0.09770367294549942;0.3703606426715851;0.3725261688232422;-0.11765622347593307;0.5003458857536316;0.5812178254127502;0.0022104589734226465;0.45134446024894714;0.5796539783477783;-0.002222623210400343;0.4975231885910034;0.7489277124404907;0.020569536834955215;0.4410238564014435;0.7472236752510071;0.011596073396503925;0.4875279515981674;0.26553801596164706;-0.24175721704959868;0.6543277502059937;0.41604020446538925;-0.21198119968175888;0.2951456606388092;0.39423689246177673;-0.22339212149381638;0.49290362000465393;0.9059062798817953;0.12469004342953365;0.4333411157131195;0.9139918684959412;0.10480681682626407;;vertical;
3.4;0.48390069603919983;0.2893546223640442;-0.24999624490737915;0.5247593522071838;0.35935261845588684;-0.10975869745016098;0.43442967534065247;0.34869584441185;-0.11805525422096252;0.5805509090423584;0.38946953415870667;-0.10098414868116379;0.3730408549308777;0.37035635113716125;-0.11515656858682632;0.5007836222648621;0.5812065005302429;-4,91E+11;0.4518057405948639;0.578238844871521;3,62E+11;0.4974147379398346;0.7488680481910706;0.017481939867138863;0.44115132093429565;0.7464392781257629;0.015734588727355003;0.4878413796424866;0.26533193290233614;-0.2488759145140648;0.6565146446228027;0.415785975754261;-0.21723176911473274;0.2963048294186592;0.393990233540535;-0.22296245023608208;0.4923653503259023;0.9059060414632162;0.11668359239896138;0.43586696187655133;0.9114588101704916;0.10671961555878322;;vertical;
3.43;0.4842858612537384;0.2889847755432129;-0.2620992958545685;0.5255834460258484;0.35915738344192505;-0.12413784861564636;0.43589454889297485;0.348539263010025;-0.12494774907827377;0.5814100503921509;0.38939324021339417;-0.11623625457286835;0.37468159198760986;0.3694724142551422;-0.11739842593669891;0.5010154843330383;0.5811436772346497;-0.004463081248104572;0.45244133472442627;0.5769519805908203;0.004425005055963993;0.49707481265068054;0.748377799987793;0.02043098583817482;0.4417748749256134;0.7449821829795837;0.031051160767674446;0.4882026046514511;0.26516079902648926;-0.2617568656802177;0.6587913334369659;0.4131579324603081;-0.2288244590163231;0.29698437452316284;0.3926701322197914;-0.2222927138209343;0.4922289550304413;0.9058346549669901;0.11189476897319157;0.4392203986644745;0.9068568348884583;0.12093224500616391;;vertical;
3.47;0.4851023256778717;0.288799911737442;-0.2549407482147217;0.5258579254150391;0.358744353055954;-0.1241924911737442;0.43763113021850586;0.3485279083251953;-0.12126338481903076;0.5817646980285645;0.38936519622802734;-0.11829938739538193;0.3773750364780426;0.36952534317970276;-0.09900534152984619;0.5013745427131653;0.5810855627059937;-0.00998939760029316;0.45320773124694824;0.5763415098190308;0.009939831681549549;0.4969536066055298;0.7476122975349426;0.011073143221437931;0.4429043233394623;0.7433412671089172;0.03995940461754799;0.4888601332902908;0.2649687439203262;-0.254892335832119;0.6590819507837296;0.4100426211953163;-0.235158521682024;0.3012964129447937;0.3911825641989708;-0.20454640313982964;0.4916081726551056;0.9058422247568766;0.10658677046497662;0.44249436259269714;0.9020438392957052;0.13737396399180093;;vertical;
3.5;0.48543059825897217;0.28833040595054626;-0.24176302552223206;0.526635468006134;0.35867395997047424;-0.11679048091173172;0.4380522668361664;0.34851229190826416;-0.09952373057603836;0.5835789442062378;0.38918358087539673;-0.11736059933900833;0.3778631091117859;0.3698740303516388;-0.08291475474834442;0.5015960335731506;0.581317126750946;-0.013612519949674606;0.4536052346229553;0.5763946771621704;0.01356646791100502;0.49707868695259094;0.7474581599235535;-0.00035117892548441887;0.4442121088504791;0.7427328824996948;0.039654314517974854;0.4891726940870285;0.26454432010650636;-0.24139001816511155;0.6594381332397461;0.406777024269104;-0.23724015429615974;0.30240752547979355;0.3909992277622223;-0.19186100736260414;0.4912673830986023;0.9052418867746989;0.11010752742489179;0.44460542996724445;0.8995999892552694;0.14534733692804971;;vertical;
3.53;0.4852222204208374;0.28809794783592224;-0.24405473470687866;0.5262571573257446;0.3586176931858063;-0.12404752522706985;0.43819665908813477;0.34864529967308044;-0.09610389173030853;0.5837883949279785;0.3889327943325043;-0.12803369760513306;0.37828025221824646;0.3702881932258606;-0.0772940143942833;0.501890242099762;0.5806180238723755;-0.015999844297766685;0.45432522892951965;0.5754758715629578;0.015961524099111557;0.4970672130584717;0.743147611618042;0.007437646854668856;0.44796425104141235;0.7390940189361572;0.04903201386332512;0.4890660345554352;0.26429900228977204;-0.2436724916100502;0.6597011983394623;0.4060332030057907;-0.24915290623903275;0.3047283887863159;0.3904978781938553;-0.1835234798491001;0.4915052652359009;0.9045493404070536;0.10651855915784836;0.44730693101882935;0.899468998114268;0.1436068465312322;;vertical;
3.57;0.4851023554801941;0.28809279203414917;-0.2482333481311798;0.526232898235321;0.3586498200893402;-0.13322609663009644;0.438358336687088;0.3492294251918793;-0.09769686311483383;0.5837878584861755;0.38889452815055847;-0.1393372267484665;0.3781796991825104;0.3721931576728821;-0.08693326264619827;0.502217173576355;0.5804833769798279;-0.019399544224143028;0.45496970415115356;0.5753932595252991;0.019376246258616447;0.49726343154907227;0.7403824329376221;0.010078524239361286;0.45081260800361633;0.7369453310966492;0.05939498543739319;0.4890306770801544;0.26426710188388824;-0.24779303669929503;0.6592245250940323;0.40562572330236435;-0.25599586963653564;0.30468231439590454;0.39072897285223007;-0.19480937346816063;0.49186132351557416;0.9037593603134155;0.09578507952392101;0.4494261344273885;0.8986306190490723;0.14707243690888086;;vertical;
3.6;0.4848550260066986;0.2880905568599701;-0.24583324790000916;0.5261718034744263;0.35915979743003845;-0.13518880307674408;0.4386664628982544;0.3502577543258667;-0.09862367063760757;0.5839564204216003;0.3888491690158844;-0.1441471129655838;0.3778325617313385;0.37304168939590454;-0.09183551371097565;0.5023078322410583;0.5804674625396729;-0.020719636231660843;0.4554538130760193;0.5755186676979065;0.020680705085396767;0.49746134877204895;0.737796425819397;0.012586049735546112;0.4526526927947998;0.7356157898902893;0.06489847600460052;0.4888222187757492;0.2642914682626724;-0.2453267529606819;0.6587565243244171;0.4055205285549164;-0.2579323798418045;0.3034176304936409;0.39156127721071243;-0.19761622697114944;0.4920147756735484;0.9029083450635275;0.09908952315648396;0.4505993127822876;0.8974668383598328;0.15552074958880743;;vertical;
3.63;0.48435109853744507;0.2880687415599823;-0.2429589480161667;0.5258143544197083;0.3598368763923645;-0.13299031555652618;0.4388934373855591;0.3516751229763031;-0.09135204553604126;0.5839757323265076;0.38855475187301636;-0.14427191019058228;0.3777903914451599;0.37346595525741577;-0.0800662487745285;0.502382755279541;0.5806835293769836;-0.023018591105937958;0.4559328258037567;0.5759446024894714;0.022972378879785538;0.4974941611289978;0.7365515828132629;0.012731505557894707;0.4539238512516022;0.7350093722343445;0.0709068551659584;0.4886496841907501;0.264312282204628;-0.24144578129053115;0.6582881063222885;0.4055640995502472;-0.2599724233150482;0.3032554164528847;0.39428767561912537;-0.18183518946170807;0.4921356538931529;0.9026201367378235;0.10458462436993916;0.45068247119585675;0.8968035380045573;0.16619260360797247;;vertical;
3.67;0.4834676682949066;0.28811317682266235;-0.23895737528800964;0.5254719853401184;0.36051857471466064;-0.1294826716184616;0.4386608898639679;0.3530884385108948;-0.08671790361404419;0.5836054682731628;0.38839033246040344;-0.1410444974899292;0.3777497708797455;0.37485942244529724;-0.07521004229784012;0.5023273825645447;0.5809999704360962;-0.023744195699691772;0.4562283158302307;0.5765599608421326;0.023710379377007484;0.4974445104598999;0.7354055643081665;0.014012503437697887;0.4544386863708496;0.7347373366355896;0.06963085383176804;0.48796607851982116;0.2644309997558594;-0.23770681917667388;0.6573058068752289;0.4069927930831909;-0.25728146359324455;0.3032790273427963;0.39730845391750336;-0.17820072919130325;0.49235881368319195;0.901728610197703;0.10499616588155429;0.4509092668692271;0.8971410195032755;0.1627602974573771;;vertical;
3.7;0.4828189015388489;0.28826242685317993;-0.2525646984577179;0.5252403616905212;0.3609474301338196;-0.1422927975654602;0.43855008482933044;0.3547910153865814;-0.10783679783344269;0.5833514332771301;0.3882914185523987;-0.15156486630439758;0.37535491585731506;0.3771301507949829;-0.10196622461080551;0.5023764371871948;0.5813069939613342;-0.021626200526952744;0.45646393299102783;0.5770388841629028;0.021581808105111122;0.49740394949913025;0.7357233166694641;0.02310190349817276;0.45471930503845215;0.7344099879264832;0.07068649679422379;0.487427631020546;0.26473900973796843;-0.2513673707842827;0.6569740474224091;0.41005848348140717;-0.2631012909114361;0.30208659172058105;0.40069150924682617;-0.19547177851200104;0.49254412452379864;0.9016481041908264;0.11555194109678268;0.4508521656195323;0.89732692639033;0.1675658350189527;;vertical;
3.73;0.48232635855674744;0.288209468126297;-0.24785669147968292;0.5252074599266052;0.360929936170578;-0.1372458040714264;0.438458651304245;0.35547953844070435;-0.10757555812597275;0.5831589102745056;0.3881553113460541;-0.14618293941020966;0.3743993937969208;0.378824919462204;-0.09931545704603195;0.5023254752159119;0.5813623070716858;-0.021787013858556747;0.45661720633506775;0.5773013234138489;0.021734921261668205;0.4973902702331543;0.7359092235565186;0.024958262220025063;0.4547644853591919;0.734188437461853;0.07149826735258102;0.4866891264915466;0.2646762073040009;-0.2467144176363945;0.6567018032073975;0.4128713458776474;-0.25959839671850204;0.30187299847602844;0.4037007689476013;-0.19450512900948524;0.4926786820093791;0.9018462101618449;0.1174140212436517;0.4509104788303375;0.8976369500160217;0.1694028601050377;;vertical;
3.77;0.4818294048309326;0.2880873680114746;-0.24568486213684082;0.5244508385658264;0.36070001125335693;-0.1345338374376297;0.4382525086402893;0.35542920231819153;-0.10745690762996674;0.5829232931137085;0.38807639479637146;-0.14223267138004303;0.3734387457370758;0.38044607639312744;-0.0974414274096489;0.5022853016853333;0.5813295841217041;-0.02093801647424698;0.45674553513526917;0.5774751305580139;0.0208884384483099;0.49737271666526794;0.7359716296195984;0.02747800573706627;0.4547100067138672;0.734129011631012;0.07030148804187775;0.48611665666103365;0.2645082950592041;-0.24434825479984285;0.6564494967460632;0.414812371134758;-0.25661569461226463;0.30163877457380295;0.4070027992129326;-0.19425475224852562;0.49287224809328717;0.9021088480949402;0.12023535495003064;0.45108673969904584;0.8979028463363647;0.1680856148401896;;vertical;
3.8;0.48121073842048645;0.2878473699092865;-0.24549500644207;0.5235410928726196;0.35955432057380676;-0.13466808199882507;0.43777310848236084;0.3554045259952545;-0.1059487834572792;0.5827596187591553;0.38775941729545593;-0.14160794019699097;0.3724692761898041;0.3815419375896454;-0.09754027426242828;0.5022359490394592;0.5809535980224609;-0.020265037193894386;0.4568326473236084;0.5774818658828735;0.02021859958767891;0.4973467290401459;0.7360166907310486;0.027731742709875107;0.4547143578529358;0.7337923049926758;0.06886317580938339;0.4854184716939926;0.2641375631093979;-0.24393035918474198;0.6563893705606461;0.41504430025815964;-0.2555268593132496;0.3010755926370621;0.4091147631406784;-0.19584661722183228;0.493025670448939;0.9024305740992228;0.119728388885657;0.45122955242792767;0.8980036576588949;0.1650336260596911;;vertical;
3.83;0.4802911877632141;0.28752124309539795;-0.2478412389755249;0.5227474570274353;0.3584979474544525;-0.1369084268808365;0.43722984194755554;0.355376660823822;-0.1061956062912941;0.5826475620269775;0.3873215913772583;-0.14349444210529327;0.3718714118003845;0.3819447457790375;-0.09841889888048172;0.5022041201591492;0.5804439783096313;-0.01985004171729088;0.45679643750190735;0.5774862170219421;0.01980467699468136;0.4973175823688507;0.736092209815979;0.028088746592402458;0.4544980823993683;0.7336632609367371;0.06794562190771103;0.48453415632247926;0.26366546750068665;-0.24636659026145935;0.6560706198215485;0.41482751071453094;-0.25655389204621315;0.3006814941763878;0.4095931425690651;-0.19624191150069237;0.49317701657613117;0.9026215076446533;0.11954377343257268;0.45118293166160583;0.8981438676516215;0.1632027675708135;;vertical;
3.87;0.47980496287345886;0.2874681055545807;-0.24778707325458527;0.5220384001731873;0.357822984457016;-0.13706143200397491;0.4366522431373596;0.3553396165370941;-0.1059461459517479;0.5826210379600525;0.3868241012096405;-0.14322806894779205;0.3713605999946594;0.3822920024394989;-0.09854035824537277;0.5020492076873779;0.5799617767333984;-0.019657185301184654;0.4567522406578064;0.5774785876274109;0.019612299278378487;0.49716851115226746;0.7361383438110352;0.027596941217780113;0.4543342590332031;0.7334205508232117;0.06671656668186188;0.48398310840129855;0.2635294169187546;-0.24637111276388168;0.6555682271718979;0.4138741120696068;-0.255777258425951;0.3004840835928917;0.4098396375775337;-0.1969391405582428;0.49329255024592084;0.9027336239814758;0.11799173926313718;0.4511157274246216;0.8982391357421875;0.16098545988400778;;vertical;
3.9;0.47914737462997437;0.28730976581573486;-0.2506820261478424;0.5215789675712585;0.3574270009994507;-0.14334362745285034;0.43597349524497986;0.3552244305610657;-0.10779884457588196;0.5825309753417969;0.3863306939601898;-0.1510411947965622;0.37049928307533264;0.3824816644191742;-0.10045432299375534;0.5018923878669739;0.5796873569488525;-0.020587153732776642;0.4567292630672455;0.5774853825569153;0.02053511142730713;0.49677377939224243;0.7361640930175781;0.02615230530500412;0.45420998334884644;0.7332786321640015;0.068963922560215;0.4833816409111023;0.2633193373680115;-0.24946790486574172;0.6554690897464752;0.41269437223672867;-0.26287223026156425;0.2995479106903076;0.4095570147037506;-0.19792211800813675;0.4932703773180644;0.9027884801228842;0.11302454645435016;0.45111793279647827;0.8983055154482523;0.1624434490998586;;vertical;
3.93;0.47889912128448486;0.28727519512176514;-0.2495928555727005;0.5210960507392883;0.35709279775619507;-0.14396457374095917;0.43545857071876526;0.35513827204704285;-0.10752779245376587;0.582328200340271;0.3853995203971863;-0.15362828969955444;0.3703966438770294;0.3825307786464691;-0.09873080998659134;0.5017735362052917;0.5795924067497253;-0.02158307656645775;0.4567125141620636;0.577521562576294;0.021527616307139397;0.4963882267475128;0.7362440824508667;0.024440795183181763;0.4541482627391815;0.7333194613456726;0.070833221077919;0.483015713095665;0.26322656869888306;-0.24833834618330003;0.6554097384214401;0.4079059883952141;-0.26566091924905777;0.2993892729282379;0.40915942937135696;-0.19545938447117805;0.49326377113660175;0.9027360081672668;0.11013098681966464;0.45112218459447223;0.8983819882074991;0.1636799102028211;;vertical;
3.97;0.47863566875457764;0.28726300597190857;-0.24893367290496826;0.5205906629562378;0.3567827343940735;-0.14516113698482513;0.43512099981307983;0.35509544610977173;-0.10439522564411163;0.5820441246032715;0.384259968996048;-0.1554519534111023;0.3705270290374756;0.38250672817230225;-0.09152387827634811;0.5016347765922546;0.5795583128929138;-0.022819368168711662;0.4567013084888458;0.577601432800293;0.022758059203624725;0.4962519407272339;0.7365664839744568;0.021521570160984993;0.4541145861148834;0.7333400249481201;0.07304049283266068;0.4827252060174942;0.2631803959608078;-0.24776056110858918;0.6553549766540527;0.404723659157753;-0.2684970386326313;0.29921482503414154;0.40889090299606323;-0.18701689690351486;0.4932450254758199;0.9027759830156962;0.10611917575200398;0.4512406488259633;0.8982321818669637;0.1664304112394651;;vertical;
4.0;0.47834086418151855;0.28717488050460815;-0.24624744057655334;0.5201494693756104;0.3565739095211029;-0.14315852522850037;0.43491131067276;0.35503923892974854;-0.0963207557797432;0.5817219018936157;0.38354170322418213;-0.15319591760635376;0.3706499934196472;0.3824407160282135;-0.0810835212469101;0.501416027545929;0.5794568657875061;-0.023633934557437897;0.4566258192062378;0.5776223540306091;0.02357643097639084;0.49608197808265686;0.7367005944252014;0.0165884830057621;0.45406287908554077;0.733445405960083;0.07248977571725845;0.4824552297592163;0.2630481719970703;-0.245389823615551;0.6552374958992004;0.4028308764100075;-0.26768413931131363;0.29921387135982513;0.40840519219636917;-0.1782098039984703;0.49324702223141986;0.902808407942454;0.10420619820555051;0.45130616426467896;0.8980786601702372;0.16753362864255905;;vertical;
