segundo;landmark_10_x;landmark_10_y;landmark_10_z;landmark_11_x;landmark_11_y;landmark_11_z;landmark_12_x;landmark_12_y;landmark_12_z;landmark_13_x;landmark_13_y;landmark_13_z;landmark_14_x;landmark_14_y;landmark_14_z;landmark_23_x;landmark_23_y;landmark_23_z;landmark_24_x;landmark_24_y;landmark_24_z;landmark_25_x;landmark_25_y;landmark_25_z;landmark_26_x;landmark_26_y;landmark_26_z;cara_prom_x;cara_prom_y;cara_prom_z;mano_izquierda_prom_x;mano_izquierda_prom_y;mano_izquierda_prom_z;mano_derecha_prom_x;mano_derecha_prom_y;mano_derecha_prom_z;pie_izquierdo_prom_x;pie_izquierdo_prom_y;pie_izquierdo_prom_z;pie_derecho_prom_x;pie_derecho_prom_y;pie_derecho_prom_z;;Etiqueta;Vista
0.03;0.5627760887145996;0.29563194513320923;-0.2884247899055481;0.620019257068634;0.35998809337615967;-0.16214823722839355;0.529769241809845;0.3569810092449188;-0.154840886592865;0.6696118712425232;0.39785516262054443;-0.1875394731760025;0.4771333634853363;0.4033384621143341;-0.14558586478233337;0.5965192914009094;0.5886620283126831;0.0004176007059868425;0.5536172986030579;0.5855981111526489;-0.0005291333654895425;0.5914323925971985;0.7309480309486389;0.10681216418743134;0.5540832281112671;0.7291232347488403;0.09874338656663895;0.5687597274780274;0.27147333025932313;-0.2979938417673111;0.7369891554117203;0.4093189537525177;-0.3478854224085808;0.4020637720823288;0.4085202068090439;-0.23688528686761856;0.5896082321802775;0.8740131855010986;0.29883048435052234;0.5576406121253967;0.8689854542414347;0.29018109540144604;;vertical;frontal
0.07;0.5636999607086182;0.29781123995780945;-0.3141511380672455;0.6198287010192871;0.35969820618629456;-0.162152498960495;0.5292093753814697;0.3569456934928894;-0.17693406343460083;0.6698876023292542;0.3978317975997925;-0.13997288048267365;0.47725850343704224;0.4032754600048065;-0.15466567873954773;0.5966624617576599;0.5877489447593689;0.0067137801088392735;0.5536726713180542;0.5856009125709534;-0.006787538528442383;0.5913940072059631;0.7308933734893799;0.1226901188492775;0.5540831685066223;0.7312294840812683;0.08365719020366669;0.5699617445468903;0.273972687125206;-0.32177797257900237;0.7371263653039932;0.4091304540634155;-0.2632775828242302;0.4030999392271042;0.40632112324237823;-0.24297840520739555;0.5892957448959351;0.8751692771911621;0.2954528331756592;0.5571161111195883;0.8738050659497579;0.2532803416252136;;vertical;frontal
0.1;0.563869833946228;0.2989082336425781;-0.3229316473007202;0.6196427345275879;0.35944992303848267;-0.16876758635044098;0.5287253856658936;0.3569118082523346;-0.1863815039396286;0.6706148386001587;0.3977924883365631;-0.14778971672058105;0.4768598973751068;0.4027305543422699;-0.17070917785167694;0.5969303250312805;0.5875314474105835;0.007374372333288193;0.5538422465324402;0.5858052372932434;-0.00745423324406147;0.5913907289505005;0.7309169173240662;0.12488898634910583;0.5540791153907776;0.7325610518455505;0.08598960936069489;0.5702870845794678;0.2753093957901001;-0.3306111693382263;0.7378942370414734;0.40896984189748764;-0.2685384899377823;0.4029878303408623;0.4051392674446106;-0.27105971053242683;0.5891187389691671;0.875847597916921;0.294605831305186;0.5568968653678894;0.8740109205245972;0.2662508835395177;;vertical;frontal
0.13;0.5640722513198853;0.29920095205307007;-0.3283958435058594;0.6195513010025024;0.3589755892753601;-0.1762976050376892;0.5283306837081909;0.356894314289093;-0.18848256766796112;0.6712609529495239;0.3975732922554016;-0.15547677874565125;0.47687068581581116;0.40274980664253235;-0.16666743159294128;0.5970974564552307;0.5873182415962219;0.006728248205035925;0.5538496375083923;0.5858357548713684;-0.00681249750778079;0.5913888216018677;0.7311188578605652;0.12275530397891998;0.5540407299995422;0.7331596612930298;0.08864112943410873;0.5704824328422546;0.2759591341018677;-0.33628798723220826;0.7382538914680481;0.4089340567588806;-0.2809164598584175;0.4032326117157936;0.40382643043994904;-0.26052330806851387;0.5889613827069601;0.8760726849238077;0.29489631454149884;0.5567813515663147;0.8740002910296122;0.2695050338904063;;vertical;frontal
0.17;0.5640653371810913;0.29945817589759827;-0.32793575525283813;0.6194726228713989;0.3585452139377594;-0.18037928640842438;0.527988851070404;0.35687553882598877;-0.1863834410905838;0.6715338826179504;0.3974069654941559;-0.15999376773834229;0.4768574833869934;0.402747243642807;-0.16456204652786255;0.5973241329193115;0.5870019197463989;0.005594405811280012;0.5538643002510071;0.5858363509178162;-0.005658053793013096;0.5913881063461304;0.731364369392395;0.1191587820649147;0.5539280772209167;0.7333797812461853;0.0915176197886467;0.570475697517395;0.2764511525630951;-0.33626550137996675;0.7384898364543915;0.40892431885004044;-0.2930569052696228;0.4032621309161186;0.40371423214673996;-0.2567092292010784;0.5887828469276428;0.8762528300285339;0.2895999600489934;0.5566945672035217;0.8739865223566691;0.2726648151874542;;vertical;frontal
0.2;0.5640593767166138;0.2994418740272522;-0.3216567039489746;0.6193830370903015;0.3582369089126587;-0.17800506949424744;0.5277990102767944;0.35678941011428833;-0.18166905641555786;0.6715292930603027;0.39736655354499817;-0.16402477025985718;0.47685837745666504;0.4025845527648926;-0.1625272035598755;0.597329318523407;0.5868244171142578;0.004697980359196663;0.5537932515144348;0.5857624411582947;-0.004752992652356625;0.5913869142532349;0.7323360443115234;0.11106045544147491;0.553785502910614;0.7338038086891174;0.09224006533622742;0.5704625368118286;0.27658803164958956;-0.3300632834434509;0.7377052456140518;0.4088321328163147;-0.2953224182128906;0.4032151848077774;0.40343448519706726;-0.2554316893219948;0.5886411666870117;0.8763560851414999;0.28262267013390857;0.5565276145935059;0.8740495443344116;0.27182550728321075;;vertical;frontal
0.23;0.5640002489089966;0.29941263794898987;-0.3215053081512451;0.6190685629844666;0.35770219564437866;-0.17548230290412903;0.5276364088058472;0.35661232471466064;-0.1776965707540512;0.6712530851364136;0.3971118628978729;-0.16538673639297485;0.4768625795841217;0.4022490084171295;-0.15928244590759277;0.5973036289215088;0.5865124464035034;0.004583448637276888;0.5537108182907104;0.5856267213821411;-0.004632091615349054;0.5913745164871216;0.7326547503471375;0.1087314561009407;0.5536568760871887;0.7339850664138794;0.08995328843593597;0.5704357087612152;0.27664036154747007;-0.32909777462482454;0.7364746779203415;0.4088709130883217;-0.3024299815297127;0.4031979590654373;0.40329957753419876;-0.25431491807103157;0.5886349280675253;0.8763610124588013;0.2792980521917343;0.5562400619188944;0.8741606076558431;0.26537591715653736;;vertical;frontal
0.27;0.563835084438324;0.2993886172771454;-0.310848206281662;0.6188015937805176;0.3574050962924957;-0.17081521451473236;0.5275395512580872;0.35642823576927185;-0.17231203615665436;0.6707527041435242;0.39663025736808777;-0.17108047008514404;0.4768427014350891;0.40161001682281494;-0.15764832496643066;0.5972476005554199;0.5858992338180542;0.004460428841412067;0.55357426404953;0.5851086378097534;-0.004513370338827372;0.5912715792655945;0.7326086759567261;0.10865617543458939;0.5535227060317993;0.7339652180671692;0.08827486634254456;0.5703483521938324;0.27669461369514464;-0.3194402068853378;0.7339238822460175;0.40875837206840515;-0.326379731297493;0.40310291945934296;0.4029565304517746;-0.253558736294508;0.5885650118192037;0.8764249483744303;0.27207382520039874;0.5558214982350668;0.874395509560903;0.2565579315026601;;vertical;frontal
0.3;0.5636613368988037;0.2994084358215332;-0.30204513669013977;0.6186211109161377;0.35719361901283264;-0.16596221923828125;0.5275025367736816;0.3561897575855255;-0.16646045446395874;0.6704176664352417;0.3956717848777771;-0.18561071157455444;0.47681745886802673;0.401035338640213;-0.155701145529747;0.5971624851226807;0.5855031609535217;0.0045220996253192425;0.5535029768943787;0.5848062634468079;-0.004577991086989641;0.5910322666168213;0.7325935363769531;0.1063394621014595;0.5531682968139648;0.7338724136352539;0.08538459241390228;0.5702380299568176;0.27682054340839385;-0.3112768143415451;0.7267961800098419;0.4079336151480675;-0.35990627110004425;0.4028772711753845;0.40293920040130615;-0.2499936707317829;0.588365912437439;0.8766565322875977;0.26626967390378314;0.5552566846211752;0.8744467496871948;0.250257670879364;;vertical;frontal
0.33;0.5632970333099365;0.2994517385959625;-0.30662497878074646;0.6182852983474731;0.3570656478404999;-0.16604740917682648;0.5274984240531921;0.3556474447250366;-0.17257016897201538;0.6703011393547058;0.39560624957084656;-0.1496996283531189;0.4768863320350647;0.40042418241500854;-0.15569183230400085;0.5970816016197205;0.5854283571243286;0.00607637595385313;0.553490161895752;0.5847242474555969;-0.006129803601652384;0.5907881259918213;0.7324315905570984;0.1192246749997139;0.5528880953788757;0.7334858179092407;0.08276942372322083;0.569972163438797;0.27692122757434845;-0.3162377715110779;0.730725035071373;0.40889872610569;-0.2718936800956726;0.40287499129772186;0.4022137075662613;-0.24523046612739563;0.5881885488828024;0.8771576881408691;0.27045675615469617;0.554378092288971;0.8749700586001078;0.24407540758450827;;vertical;frontal
0.37;0.5631924271583557;0.29945090413093567;-0.3020719885826111;0.6181046366691589;0.3570123016834259;-0.165547177195549;0.5275005102157593;0.3553372323513031;-0.1688378006219864;0.6695657968521118;0.3949604332447052;-0.1813446432352066;0.4769144654273987;0.39991042017936707;-0.15568289160728455;0.5969942808151245;0.5853368043899536;0.0059366170316934586;0.5534790754318237;0.5845422148704529;-0.005992130376398563;0.5905532240867615;0.7319510579109192;0.11812760680913925;0.5526399612426758;0.7324641942977905;0.08325424045324326;0.569919329881668;0.27697423100471497;-0.31186431646347046;0.728847473859787;0.4073655977845192;-0.35029909759759903;0.40288177132606506;0.4015813395380974;-0.2457030676305294;0.5880670150121053;0.8774821162223816;0.26971190174420673;0.5538311799367269;0.8756254315376282;0.24252937734127045;;vertical;frontal
0.4;0.5630319118499756;0.29945409297943115;-0.2801409065723419;0.6179569959640503;0.3569410741329193;-0.15705056488513947;0.5275113582611084;0.3549637794494629;-0.14645692706108093;0.668752908706665;0.3944178819656372;-0.20351074635982513;0.4769195020198822;0.39931681752204895;-0.13558173179626465;0.5969098210334778;0.5852205753326416;0.0038243005983531475;0.5534781813621521;0.584485650062561;-0.0038698341231793165;0.5904530882835388;0.7318828701972961;0.10306112468242645;0.5525338649749756;0.7319537997245789;0.07992026209831238;0.569818776845932;0.27701894342899325;-0.2897267773747444;0.7004042714834213;0.4220445230603218;-0.3949395716190338;0.4029855653643608;0.40092647820711136;-0.22560635581612587;0.5879967013994852;0.8778802951176962;0.25213392575581867;0.5536554853121439;0.8760743538538615;0.2365269809961319;;vertical;frontal
0.43;0.562871515750885;0.29947519302368164;-0.27640727162361145;0.6178687214851379;0.35692232847213745;-0.15601997077465057;0.5275141596794128;0.3545619547367096;-0.1416534185409546;0.6680072546005249;0.39378827810287476;-0.21443568170070648;0.4769127070903778;0.39880016446113586;-0.1340140849351883;0.5967137813568115;0.5850756168365479;0.0016814066329970956;0.5534308552742004;0.5843312740325928;-0.0017260108143091202;0.5902817845344543;0.731839120388031;0.09662165492773056;0.552375078201294;0.7316605448722839;0.08063232898712158;0.5697265923023224;0.27704950869083406;-0.28609276115894317;0.6933796405792236;0.4267590716481209;-0.41117113083601;0.40300650149583817;0.4005737826228142;-0.22807849943637848;0.5878862937291464;0.8781042297681173;0.24713492393493652;0.5535477995872498;0.8761292099952698;0.2385248045126597;;vertical;frontal
0.47;0.5627931356430054;0.2994813919067383;-0.28140100836753845;0.6178315281867981;0.3568601906299591;-0.15709877014160156;0.5275152921676636;0.3543454110622406;-0.1461932361125946;0.6677857041358948;0.3934020400047302;-0.2136741429567337;0.47673195600509644;0.39858734607696533;-0.1365649700164795;0.5965971946716309;0.58474200963974;0.0016584154218435287;0.5533164739608765;0.5840638875961304;-0.001705730683170259;0.5901293158531189;0.73182213306427;0.09867087751626968;0.5522769689559937;0.731606125831604;0.08158325403928757;0.569671505689621;0.27705299854278564;-0.2910332724452019;0.6949662119150162;0.4280107691884041;-0.40904656797647476;0.4025370553135872;0.40055961161851883;-0.22841709107160568;0.5877379775047302;0.8781840999921163;0.2535748432079951;0.5535407662391663;0.8761437932650248;0.2423304170370102;;vertical;frontal
0.5;0.562615156173706;0.29953283071517944;-0.2762698233127594;0.6177936792373657;0.35681387782096863;-0.15340635180473328;0.5275095701217651;0.3542380928993225;-0.14013339579105377;0.6676459312438965;0.3931862413883209;-0.21154725551605225;0.47661566734313965;0.39833229780197144;-0.13426010310649872;0.5964430570602417;0.5846746563911438;0.0010460278717800975;0.5531718134880066;0.5839865207672119;-0.001091270474717021;0.5899637341499329;0.7318320870399475;0.09509389102458954;0.5521234273910522;0.7316650748252869;0.08035239577293396;0.5695508539676666;0.27709370851516724;-0.28591234385967257;0.6928239613771439;0.43600520491600037;-0.4089048057794571;0.40240928530693054;0.4005473405122757;-0.22996042668819427;0.5875100096066793;0.8783557415008545;0.24825512866179147;0.5534974932670593;0.876481811205546;0.23885312676429749;;vertical;frontal
0.53;0.5624712705612183;0.29959696531295776;-0.27795663475990295;0.6177164912223816;0.35679757595062256;-0.15492013096809387;0.5274819135665894;0.35414594411849976;-0.14765819907188416;0.6674704551696777;0.39312827587127686;-0.19873850047588348;0.47604045271873474;0.39765241742134094;-0.14206916093826294;0.5963060855865479;0.5845812559127808;0.0017339169280603528;0.5530403256416321;0.5839077830314636;-0.0017928489251062274;0.5897683501243591;0.7316871881484985;0.10522405058145523;0.5520758628845215;0.7316607236862183;0.08385729044675827;0.5694513618946075;0.27713826596736907;-0.28850952833890914;0.7136230170726776;0.41412317007780075;-0.38565489649772644;0.40212932229042053;0.4004693105816841;-0.2354794181883335;0.5873552560806274;0.8784135977427164;0.25122231245040894;0.5534393588701884;0.8764332930246989;0.24016239742437998;;vertical;frontal
0.57;0.5623837113380432;0.2996157705783844;-0.3133157193660736;0.6176445484161377;0.35677969455718994;-0.16867023706436157;0.5274395942687988;0.35406890511512756;-0.17876246571540833;0.6678931713104248;0.3931240737438202;-0.15616697072982788;0.4758399426937103;0.39689886569976807;-0.16122286021709442;0.5962533354759216;0.5840925574302673;0.003020821837708354;0.552844762802124;0.5834478735923767;-0.0030852085910737514;0.5895241498947144;0.7304440140724182;0.11869939416646957;0.5520226955413818;0.7315031886100769;0.08708562701940536;0.569403064250946;0.2771462619304657;-0.3225818306207657;0.7361315339803696;0.41181111335754395;-0.27153898403048515;0.402068093419075;0.40037107467651367;-0.2519855536520481;0.587135930856069;0.8783567150433859;0.26918932298819226;0.5533390641212463;0.8762575387954712;0.2474294106165568;;vertical;frontal
0.6;0.5621128678321838;0.29959776997566223;-0.31875571608543396;0.6175288558006287;0.35675302147865295;-0.1726798415184021;0.52739018201828;0.3538043797016144;-0.18445943295955658;0.6681775450706482;0.3931257128715515;-0.15194416046142578;0.4756074845790863;0.39611732959747314;-0.16598305106163025;0.5961930751800537;0.5838579535484314;0.003933538217097521;0.5526789426803589;0.583250105381012;-0.004003293812274933;0.5893654227256775;0.7299373149871826;0.12455431371927261;0.5519641041755676;0.7314836978912354;0.08857841044664383;0.5692301869392395;0.2771271586418152;-0.3279357045888901;0.7394155114889145;0.4103467985987663;-0.26465556398034096;0.4020327031612396;0.4002007395029068;-0.2551540657877922;0.5869781374931335;0.8783185879389445;0.28008756538232166;0.5532409946123759;0.8760778506596884;0.2502112438281377;;vertical;frontal
0.63;0.5620209574699402;0.2994900345802307;-0.31615445017814636;0.6174485087394714;0.35674914717674255;-0.1730377972126007;0.5273862481117249;0.35372036695480347;-0.1820707619190216;0.6685695052146912;0.3931281864643097;-0.1499527394771576;0.4755469262599945;0.395707905292511;-0.16157451272010803;0.5961514711380005;0.5837520956993103;0.003944898024201393;0.5525831580162048;0.5831544995307922;-0.004013204015791416;0.5891323685646057;0.7290305495262146;0.1253129243850708;0.5518664121627808;0.7313539981842041;0.08884885907173157;0.5691275417804718;0.2770652204751968;-0.32536094486713407;0.7403714805841446;0.40991712361574173;-0.26297570019960403;0.4024139642715454;0.3994177356362343;-0.24788954481482506;0.5867951909701029;0.87822558482488;0.2839084217945735;0.5529490907986959;0.8759120305379232;0.25050326188405353;;vertical;frontal
0.67;0.5620161890983582;0.2994634807109833;-0.3136751353740692;0.6173487901687622;0.3567858040332794;-0.17167159914970398;0.5273725986480713;0.35370492935180664;-0.17912223935127258;0.6686990857124329;0.3931916654109955;-0.14526650309562683;0.47551846504211426;0.3955846428871155;-0.1595342457294464;0.5960488319396973;0.5838801860809326;0.004349766299128532;0.5525198578834534;0.5832923054695129;-0.004418290685862303;0.5889233946800232;0.7289617657661438;0.12902453541755676;0.5516906380653381;0.731523334980011;0.09141946583986282;0.5690977811813355;0.27704512476921084;-0.32264384180307387;0.7396450936794281;0.40954456478357315;-0.26184573397040367;0.4025726988911629;0.3987906277179718;-0.24708117544651031;0.5865780115127563;0.8780972162882487;0.2905556211868922;0.5527736941973368;0.8756687839825948;0.25667716562747955;;vertical;frontal
0.7;0.5618807077407837;0.29920920729637146;-0.3133479356765747;0.6172617673873901;0.35682544112205505;-0.17201580107212067;0.5273407697677612;0.35367652773857117;-0.17919489741325378;0.6687525510787964;0.3932729959487915;-0.14990799129009247;0.47549164295196533;0.39550915360450745;-0.15828390419483185;0.5958865880966187;0.5839532017707825;0.004618690349161625;0.5524600744247437;0.5834060311317444;-0.00468695443123579;0.5885521769523621;0.7289167642593384;0.13122744858264923;0.5515848994255066;0.7320348620414734;0.09611205011606216;0.568891841173172;0.2769163817167282;-0.3228228837251663;0.7388903945684433;0.4093388170003891;-0.26948775723576546;0.40280481427907944;0.3982613906264305;-0.2467551752924919;0.5861953099568685;0.8779472907384237;0.29505289097627;0.5526663263638815;0.8753690719604492;0.26657478511333466;;vertical;frontal
0.73;0.5612871646881104;0.2990507483482361;-0.312082976102829;0.6172394752502441;0.35682737827301025;-0.17133839428424835;0.5273432731628418;0.3535063862800598;-0.17872481048107147;0.6692966222763062;0.3932960629463196;-0.14998899400234222;0.4754944145679474;0.3954281210899353;-0.14583933353424072;0.5957279801368713;0.5840656757354736;0.004548956640064716;0.5524166822433472;0.5835225582122803;-0.004615818150341511;0.5881272554397583;0.7291469573974609;0.1291227638721466;0.5513997077941895;0.7331593632698059;0.09542964398860931;0.5683243930339813;0.27680604755878446;-0.32145325243473055;0.7388327121734619;0.4095362573862076;-0.2711612954735756;0.4030815064907074;0.39691590517759323;-0.23014887422323227;0.5858162442843119;0.8778773148854574;0.29558422168095905;0.5524514317512512;0.8753105799357096;0.26532817880312604;;vertical;frontal
0.77;0.5610922574996948;0.2989376485347748;-0.3153257966041565;0.6172367334365845;0.356789767742157;-0.17283117771148682;0.5273421406745911;0.35325461626052856;-0.17903125286102295;0.6698885560035706;0.39356762170791626;-0.15094642341136932;0.4755569398403168;0.395425021648407;-0.1457991898059845;0.59560626745224;0.5840688943862915;0.004650463815778494;0.5523184537887573;0.5835633873939514;-0.0047142719849944115;0.5876920819282532;0.729132354259491;0.12860660254955292;0.5511852502822876;0.7335014939308167;0.09455476701259613;0.5681672930717468;0.2767160892486572;-0.3250145047903061;0.7388668060302734;0.4097028598189354;-0.27332325652241707;0.40353527665138245;0.3955199345946312;-0.22850175946950912;0.5854092439015707;0.8779411911964417;0.2957180092732112;0.5522270798683167;0.8752172986666361;0.26346053679784137;;vertical;frontal
0.8;0.5609766244888306;0.29879477620124817;-0.3166996240615845;0.6172348856925964;0.3566775619983673;-0.1722739040851593;0.5273401737213135;0.3531047999858856;-0.1778247058391571;0.6704819798469543;0.39361703395843506;-0.14828771352767944;0.4755280613899231;0.39509978890419006;-0.14563152194023132;0.595491349697113;0.5841120481491089;0.004700362216681242;0.5522709488868713;0.583685576915741;-0.004765669349581003;0.5872071981430054;0.729352593421936;0.12927347421646118;0.5508505702018738;0.734086275100708;0.09401053935289383;0.5681111931800842;0.2765424281358719;-0.32614469826221465;0.7389859855175018;0.41024182736873627;-0.2715871296823025;0.40360915660858154;0.3948652669787407;-0.2308865711092949;0.5850222110748291;0.8780699372291565;0.300844411055247;0.5519591768582662;0.8750616908073425;0.26461248099803925;;vertical;frontal
0.83;0.5605946779251099;0.2985808551311493;-0.31290578842163086;0.6172326803207397;0.3564866781234741;-0.176980659365654;0.5273394584655762;0.35295581817626953;-0.17745187878608704;0.6708430647850037;0.39360105991363525;-0.15270762145519257;0.4751828610897064;0.39469578862190247;-0.14613808691501617;0.5951823592185974;0.5841382145881653;0.004534601233899593;0.5520196557044983;0.5837088823318481;-0.004595154896378517;0.586845874786377;0.7295970320701599;0.12941619753837585;0.5505255460739136;0.7342864274978638;0.10061555355787277;0.5675281345844269;0.27644162774086;-0.32454634457826614;0.7388152182102203;0.41149431467056274;-0.2767701745033264;0.4033445939421654;0.3943728283047676;-0.23095714300870895;0.5847015182177225;0.8783615827560425;0.2976539433002472;0.5518220663070679;0.8748726646105448;0.2747236341238022;;vertical;frontal
0.87;0.5595144033432007;0.29855358600616455;-0.3099059462547302;0.6173041462898254;0.3561958968639374;-0.17954303324222565;0.5273963212966919;0.3524107336997986;-0.17468732595443726;0.6710169315338135;0.39366716146469116;-0.1610984057188034;0.4750811457633972;0.3940873146057129;-0.14015743136405945;0.5950983762741089;0.5841270685195923;0.0030144881457090378;0.5519078373908997;0.5836703777313232;-0.0030697518959641457;0.5864696502685547;0.7296012043952942;0.1285916119813919;0.5498692393302917;0.7338029146194458;0.10467758029699326;0.5663942396640778;0.2763141691684723;-0.3232423797249794;0.7382847815752029;0.4133947640657425;-0.27941282093524933;0.40332647413015366;0.3933141976594925;-0.21792282164096832;0.5843885540962219;0.8783371249834696;0.29629290103912354;0.5515998005867004;0.8740531802177429;0.2776601165533066;;vertical;frontal
0.9;0.5581887364387512;0.2983761131763458;-0.2855834364891052;0.6173647046089172;0.356020450592041;-0.1836601346731186;0.5276081562042236;0.3521265387535095;-0.1649424284696579;0.6710218191146851;0.39412230253219604;-0.17116789519786835;0.47508224844932556;0.3931471109390259;-0.12560464441776276;0.5949774384498596;0.5839519500732422;-0.0017243894981220365;0.5516867637634277;0.5834857225418091;0.0017134671797975898;0.5859042406082153;0.729592502117157;0.117790088057518;0.5492932200431824;0.7332276701927185;0.11026564985513687;0.5643561542034149;0.2761978656053543;-0.30211630314588545;0.737933024764061;0.4165174439549446;-0.2816415876150131;0.4033435508608818;0.39190773665905;-0.19608115404844284;0.5841584801673889;0.8785071969032288;0.2759264161189397;0.5512926975886027;0.8738775451978048;0.27878513435522717;;vertical;frontal
0.93;0.555980920791626;0.2995234727859497;-0.2762273848056793;0.6171270608901978;0.35612431168556213;-0.18560069799423218;0.5275759696960449;0.3519163429737091;-0.1496449112892151;0.6700892448425293;0.3956378400325775;-0.1777820587158203;0.4750146269798279;0.3923996686935425;-0.1014842689037323;0.5944842100143433;0.5837600231170654;-0.010464158840477467;0.5510128736495972;0.5834612250328064;0.01049936842173338;0.5847094058990479;0.728744626045227;0.09541932493448257;0.5483436584472656;0.7321410775184631;0.1081978976726532;0.5617969632148743;0.2766485780477524;-0.2941416233778;0.7376733124256134;0.4190692752599716;-0.28473329544067383;0.4033311903476715;0.39090993255376816;-0.16748883947730064;0.5835139751434326;0.878888209660848;0.23630762100219727;0.5497642755508423;0.8738634387652079;0.2694383164246877;;vertical;frontal
0.97;0.5548732876777649;0.30086490511894226;-0.27987542748451233;0.6165139675140381;0.35613271594047546;-0.19507309794425964;0.5275580286979675;0.351574569940567;-0.1348567008972168;0.668952226638794;0.3965695798397064;-0.19542419910430908;0.47501447796821594;0.39072978496551514;-0.06655518710613251;0.5937984585762024;0.5830671787261963;-0.023204045370221138;0.549959123134613;0.583349347114563;0.023276956751942635;0.5838875770568848;0.7260597348213196;0.06415940821170807;0.546716034412384;0.7286905646324158;0.10970110446214676;0.560478687286377;0.277396023273468;-0.298156800866127;0.7375399619340897;0.42123883962631226;-0.30541978776454926;0.40347642451524734;0.39015886932611465;-0.11141365393996239;0.5831395785013834;0.8787473241488138;0.1981111466884613;0.5475049614906311;0.8742461204528809;0.260233074426651;;vertical;frontal
1.0;0.552813708782196;0.3015495836734772;-0.27214279770851135;0.6146916151046753;0.35577961802482605;-0.19773602485656738;0.5270423293113708;0.3514070510864258;-0.10463272035121918;0.6675931811332703;0.39796990156173706;-0.2114986926317215;0.47503551840782166;0.3904727101325989;-0.010774202644824982;0.5927545428276062;0.5817438960075378;-0.038597267121076584;0.5483013987541199;0.5828772187232971;0.03874631226062775;0.5832924842834473;0.7239360809326172;0.015558471903204918;0.5455482602119446;0.7259314656257629;0.11594074219465256;0.5579182803630829;0.2778273791074753;-0.2913356781005859;0.736530140042305;0.42375732958316803;-0.33537663519382477;0.40391847491264343;0.39023658633232117;-0.033333276864141226;0.5830218195915222;0.8792468309402466;0.1257173257569472;0.5446291367212931;0.874591052532196;0.252824346224467;;girando;frontal
1.03;0.5510982275009155;0.3025403916835785;-0.25530320405960083;0.6133635640144348;0.3557436168193817;-0.19196301698684692;0.5264937281608582;0.35131362080574036;-0.07929626852273941;0.6645016670227051;0.3996642231941223;-0.2092144638299942;0.475076287984848;0.3900509774684906;0.01206276472657919;0.5916189551353455;0.5813044309616089;-0.04130317643284798;0.5472590923309326;0.5827816128730774;0.04145347699522972;0.5827168822288513;0.7225239872932434;0.004545634146779776;0.5447251200675964;0.723994255065918;0.11291741579771042;0.5559528112411499;0.27833372056484224;-0.27347537130117416;0.7323466241359711;0.4249406233429909;-0.34575155377388;0.4046594128012657;0.390334352850914;-0.01850204390939325;0.5831003387769064;0.8801213304201762;0.10996742049853007;0.5434977809588114;0.8752952615420023;0.23606768747170767;;girando;frontal
1.07;0.547010600566864;0.30423063039779663;-0.22090551257133484;0.611838698387146;0.3556497395038605;-0.17864437401294708;0.5259720683097839;0.3513144850730896;-0.05774109810590744;0.6619223952293396;0.4002215266227722;-0.20444339513778687;0.4750806987285614;0.3898788392543793;0.03577955439686775;0.5908423662185669;0.5812863111495972;-0.04390069842338562;0.5464922785758972;0.5828340649604797;0.04407748579978943;0.5822768807411194;0.7224538326263428;0.0010258544934913516;0.5444307327270508;0.7242352962493896;0.11076632887125015;0.5515036284923553;0.27942808866500857;-0.24201424419879913;0.7285623997449875;0.4263704866170883;-0.33512961864471436;0.4054487273097038;0.39040183275938034;0.008054640609771013;0.5833424925804138;0.8799201647440592;0.10667287434140842;0.5440998474756876;0.8761331637700399;0.21702776352564493;;girando;frontal
1.1;0.544338583946228;0.304339736700058;-0.1989232748746872;0.6097811460494995;0.35565081238746643;-0.16690047085285187;0.5251336097717285;0.35163357853889465;-0.037190038710832596;0.6581760048866272;0.40038737654685974;-0.2029276043176651;0.4750678241252899;0.38991209864616394;0.05529753491282463;0.5900818109512329;0.5812991857528687;-0.046627067029476166;0.5456571578979492;0.5830177664756775;0.04679882153868675;0.5816125869750977;0.7224733829498291;0.0028231192845851183;0.543821394443512;0.7243396639823914;0.10978046804666519;0.5488662540912628;0.2798085123300552;-0.2194657526910305;0.723558321595192;0.4266735538840294;-0.3387456014752388;0.4064699783921242;0.390483520925045;0.02119765311363153;0.5833315054575602;0.8798538049062093;0.11327795187632243;0.5441349347432455;0.8767410318056742;0.2224557896455129;;girando;frontal
1.13;0.5417101979255676;0.3055547773838043;-0.17080704867839813;0.6081768274307251;0.3555920422077179;-0.15078824758529663;0.5244635939598083;0.351887971162796;-0.021726330742239952;0.6563755869865417;0.40001237392425537;-0.19272127747535706;0.4749114215373993;0.3898192048072815;0.0616181418299675;0.5892380475997925;0.5814940333366394;-0.04643905535340309;0.5449076294898987;0.5834398865699768;0.046603329479694366;0.5809301137924194;0.7226430773735046;0.006190928164869547;0.5432798862457275;0.7245029807090759;0.11427857726812363;0.5457515060901642;0.2813772588968277;-0.19249687269330024;0.7202005684375763;0.42911118268966675;-0.32432983070611954;0.4067487269639969;0.39054979383945465;0.012407981092110276;0.5832087794939677;0.8797580997149149;0.11624870325128238;0.5435084700584412;0.8774403134981791;0.22574923435846964;;girando;frontal
1.17;0.5404660105705261;0.3057473301887512;-0.13428564369678497;0.6058424711227417;0.3555713891983032;-0.12123299390077591;0.5236375331878662;0.35191109776496887;0.020945902913808823;0.6519011855125427;0.3999632000923157;-0.16644692420959473;0.4755835235118866;0.38988062739372253;0.11920399963855743;0.5878545641899109;0.5819703340530396;-0.04822127893567085;0.5438570976257324;0.5838686227798462;0.04835781455039978;0.5795996785163879;0.7227605581283569;0.0008662343607284129;0.542523980140686;0.7245368957519531;0.11083118617534637;0.5445353567600251;0.281640949845314;-0.15362344309687614;0.7129722833633423;0.4292452931404114;-0.29331230372190475;0.4083155319094658;0.3906126990914345;0.09938941895961761;0.5828774372736613;0.8795760671297709;0.10547928884625435;0.543759306271871;0.8773871064186096;0.21288582185904184;;girando;frontal
1.2;0.5372475385665894;0.3058434724807739;-0.10985130071640015;0.6031321287155151;0.35562217235565186;-0.11198881268501282;0.5227999687194824;0.3519570529460907;0.04986140877008438;0.6470382213592529;0.399905800819397;-0.17073452472686768;0.4769213795661926;0.3902417719364166;0.16843008995056152;0.5862246751785278;0.5829007029533386;-0.05173457786440849;0.5428089499473572;0.5848453640937805;0.051817528903484344;0.578178346157074;0.7228367328643799;-0.007106555160135031;0.5422903299331665;0.7246371507644653;0.10789260268211365;0.5411865949630738;0.2818137854337692;-0.12915512174367905;0.7041558623313904;0.4288572520017624;-0.3236355483531952;0.4106295183300972;0.39077774435281754;0.1864704042673111;0.582649032274882;0.879402756690979;0.09136389816800754;0.543985386689504;0.8769297997156779;0.20696126917997995;;girando;frontal
1.23;0.5348124504089355;0.30559995770454407;-0.1086638942360878;0.6003821492195129;0.3555946946144104;-0.11811114847660065;0.5218392610549927;0.3520898222923279;0.050365835428237915;0.6411372423171997;0.3998604416847229;-0.19577662646770477;0.47815778851509094;0.39047756791114807;0.18390901386737823;0.5842989683151245;0.5829085111618042;-0.056334782391786575;0.5417507886886597;0.5851568579673767;0.05641048774123192;0.5756094455718994;0.7226209044456482;-0.01448005624115467;0.5417843461036682;0.7246699929237366;0.0998063012957573;0.538795816898346;0.2817230194807053;-0.1281757328659296;0.6958321034908295;0.4285788759589195;-0.36103854328393936;0.41464313119649887;0.39189887791872025;0.2356506995856762;0.582881510257721;0.8792847792307535;0.07861276467641194;0.5449857513109843;0.8767508268356323;0.2031645973523458;;girando;frontal
1.27;0.5324360728263855;0.30496513843536377;-0.08910117298364639;0.5970561504364014;0.35508009791374207;-0.1112552061676979;0.5216846466064453;0.3521905541419983;0.06137578934431076;0.6351537108421326;0.4005965292453766;-0.20225998759269714;0.4841928780078888;0.3905695080757141;0.2214152067899704;0.5817922949790955;0.5828200578689575;-0.05542190745472908;0.5398541688919067;0.5850104689598083;0.0554799810051918;0.5743345022201538;0.7225307822227478;-0.00935107097029686;0.5417366623878479;0.7250508069992065;0.09963330626487732;0.5362208664417267;0.2814350575208664;-0.10926232691854239;0.6884870082139969;0.4284069463610649;-0.3683893233537674;0.44657233357429504;0.3886350020766258;0.33075372129678726;0.5831387837727865;0.877911110719045;0.07841449541350205;0.545011579990387;0.8765385150909424;0.19485869506994882;;girando;frontal
1.3;0.5299655199050903;0.30337077379226685;-0.06515533477067947;0.5938353538513184;0.35424959659576416;-0.11027500033378601;0.5216462016105652;0.35214942693710327;0.07956717908382416;0.6318545341491699;0.40130990743637085;-0.2148762345314026;0.4894160032272339;0.3909718692302704;0.24397563934326172;0.5783244371414185;0.5817871689796448;-0.06042531877756119;0.5377625226974487;0.5816925764083862;0.06044502183794975;0.573078453540802;0.7217336297035217;-0.03277484327554703;0.5416526794433594;0.7250816822052002;0.09427553415298462;0.5339016437530517;0.2801845550537109;-0.08653101592790335;0.6807214766740799;0.4282033294439316;-0.38900626450777054;0.44771766662597656;0.3884674981236458;0.3646845817565918;0.5828693906466166;0.8760536511739095;0.040249679548045;0.5449880361557007;0.8767400781313578;0.16938542822996774;;girando;frontal
1.33;0.5288254618644714;0.3027145266532898;-0.0758490189909935;0.5926340818405151;0.35368403792381287;-0.11690470576286316;0.5216767191886902;0.3519170582294464;0.08072753250598907;0.6282168030738831;0.4012720286846161;-0.24506697058677673;0.4936634302139282;0.3921293318271637;0.25337544083595276;0.5765684843063354;0.5797138214111328;-0.06721998751163483;0.5363948941230774;0.5760088562965393;0.06721731275320053;0.5701882243156433;0.7193463444709778;-0.04290520399808884;0.5402705073356628;0.7228911519050598;0.0937989130616188;0.5325683772563934;0.2798554033041;-0.09744308311492204;0.6696527451276779;0.4281918928027153;-0.45117104053497314;0.4699680805206299;0.37946731597185135;0.3820217698812485;0.5807565053304037;0.8742293119430542;0.03469471943875154;0.5453174908955892;0.8737759590148926;0.1819177120923996;;girando;frontal
1.37;0.5281381607055664;0.3018515408039093;-0.06977428495883942;0.5887355208396912;0.3515133559703827;-0.12220275402069092;0.5216830372810364;0.3517937660217285;0.08730768412351608;0.6196497082710266;0.4020562469959259;-0.2805749177932739;0.49690669775009155;0.39649665355682373;0.2558852732181549;0.5753837823867798;0.5774297118186951;-0.07452742755413055;0.5366092324256897;0.5741097927093506;0.07453537732362747;0.567062497138977;0.7162687182426453;-0.06490744650363922;0.5393733978271484;0.7211183905601501;0.07701326906681061;0.5313907921314239;0.27951280772686005;-0.09299751888029277;0.6601524204015732;0.4289802610874176;-0.5067548826336861;0.45094262808561325;0.38680434226989746;0.3541939929127693;0.5790978868802389;0.8722094098726908;-0.0026046503335237503;0.5471494595209757;0.8739000956217448;0.1514208217461904;;girando;frontal
1.4;0.5265355706214905;0.3009439706802368;-0.054154518991708755;0.5849650502204895;0.3513277471065521;-0.1336270123720169;0.5220009088516235;0.35179296135902405;0.09702380001544952;0.613955020904541;0.4026769995689392;-0.29764100909233093;0.5014688372612;0.39645910263061523;0.3004078269004822;0.5738123059272766;0.574806809425354;-0.0774100050330162;0.5371216535568237;0.5722351670265198;0.07741209864616394;0.564548909664154;0.7166460156440735;-0.07762228697538376;0.5387365818023682;0.7200893759727478;0.06773804128170013;0.5296038925647736;0.2792843222618103;-0.07810813994146884;0.6529727280139923;0.429678738117218;-0.5168719813227654;0.4547964930534363;0.38677629828453064;0.4761861488223076;0.5768314997355143;0.8732746839523315;-0.02805011075300475;0.5479061802228292;0.8733071287473043;0.13647046188513437;;girando;frontal
1.43;0.5256322026252747;0.3006085157394409;-0.05303356051445007;0.5819268226623535;0.3497961163520813;-0.15343406796455383;0.5247016549110413;0.35165727138519287;0.10322979837656021;0.6058256030082703;0.4026293456554413;-0.3347977101802826;0.5078588724136353;0.39616721868515015;0.305795282125473;0.5729842185974121;0.5735697150230408;-0.08310772478580475;0.5377523899078369;0.5706173181533813;0.0831168070435524;0.5627532601356506;0.7168777585029602;-0.07427843660116196;0.5383992195129395;0.7181844115257263;0.07659506052732468;0.5285977244377136;0.27914891541004183;-0.07938404502347111;0.6344021856784821;0.4267975762486458;-0.5685582906007767;0.4557599574327469;0.3871718645095825;0.46638142317533493;0.5727155605951945;0.8779744704564413;-0.050302183255553246;0.5475534796714783;0.8729222615559896;0.1442981337507566;;girando;frontal
1.47;0.5244057774543762;0.3004453480243683;-0.0418882742524147;0.579234778881073;0.34875884652137756;-0.1550462543964386;0.5284643769264221;0.34994184970855713;0.11246930062770844;0.6012097597122192;0.4034932553768158;-0.32905837893486023;0.516775906085968;0.39605748653411865;0.33124813437461853;0.5709772109985352;0.5707821249961853;-0.08588840067386627;0.5387818813323975;0.5657941102981567;0.08591223508119583;0.5590876340866089;0.7169570326805115;-0.09471705555915833;0.5383163690567017;0.7132773995399475;0.08800984919071198;0.527263480424881;0.2789021372795105;-0.0706092274747789;0.6218738704919815;0.4266703873872757;-0.561832994222641;0.46582359075546265;0.38776229321956635;0.5076755955815315;0.5683136185010275;0.8828752239545187;-0.09613793343305588;0.5473660628000895;0.8701029817263285;0.1478386471668879;;girando;frontal
1.5;0.5227894186973572;0.2996234595775604;-0.048410266637802124;0.573635995388031;0.3451901376247406;-0.16749560832977295;0.5334762334823608;0.3473745882511139;0.11542753875255585;0.5937789082527161;0.3997344970703125;-0.37949138879776;0.5257192850112915;0.38845542073249817;0.3490642011165619;0.5691395998001099;0.5673527121543884;-0.09017331898212433;0.5414988398551941;0.5629845261573792;0.09018123149871826;0.5546192526817322;0.7168592214584351;-0.11332821100950241;0.53849196434021;0.7084552049636841;0.12112104892730713;0.5257637798786163;0.27835708260536196;-0.0760444251820445;0.6085556149482727;0.42467380315065384;-0.6286931782960892;0.49238331615924835;0.3816390112042427;0.5735427737236023;0.5636688669522604;0.8875832756360372;-0.13439737757047018;0.5485173463821411;0.8626871307690939;0.18354332943757376;;girando;frontal
1.53;0.5226432085037231;0.2988010346889496;-0.035766229033470154;0.570419192314148;0.3434472978115082;-0.17084023356437683;0.5399581789970398;0.3446032702922821;0.12540850043296814;0.5872921943664551;0.3958309590816498;-0.3883011043071747;0.5321466326713562;0.38464590907096863;0.35561999678611755;0.5673114657402039;0.564365565776825;-0.09443121403455734;0.5446586012840271;0.5586374998092651;0.09443017095327377;0.5521703958511353;0.7169672846794128;-0.10733874142169952;0.5394780039787292;0.704687774181366;0.14521098136901855;0.5254366338253021;0.2777229845523834;-0.0654742181301117;0.5981892943382263;0.4234906807541847;-0.641783207654953;0.48725294321775436;0.38087762147188187;0.5707783848047256;0.5600822965304056;0.8892341653505961;-0.12911525120337805;0.5485389232635498;0.8597461779912313;0.21255241334438324;;girando;frontal
1.57;0.5226711630821228;0.2987070679664612;-0.011010590940713882;0.5658009052276611;0.34306564927101135;-0.17421677708625793;0.5454525947570801;0.3441444933414459;0.14602592587471008;0.5791719555854797;0.39170995354652405;-0.40397605299949646;0.541149377822876;0.3732389211654663;0.372372567653656;0.5652814507484436;0.5635131001472473;-0.10116305202245712;0.5486214756965637;0.5568538904190063;0.10110213607549667;0.550724446773529;0.7199030518531799;-0.09824862331151962;0.5417124032974243;0.7014835476875305;0.1564071923494339;0.5252690255641937;0.27750943303108216;-0.04121640007942915;0.5843129754066467;0.42243220657110214;-0.6450890153646469;0.5171896070241928;0.36836157739162445;0.6021395027637482;0.5571813980738322;0.8933798472086588;-0.12641736368338266;0.5474280714988708;0.8577629327774048;0.23064625759919485;;girando;frontal
1.6;0.5219510197639465;0.29871729016304016;-5,38E+10;0.564074695110321;0.3410781919956207;-0.1701565980911255;0.5494692921638489;0.34366750717163086;0.15464182198047638;0.5724925994873047;0.3859945237636566;-0.39433202147483826;0.5450665354728699;0.37517115473747253;0.3753621578216553;0.5640624761581421;0.563015878200531;-0.10408028960227966;0.5538196563720703;0.5573171377182007;0.10395736247301102;0.5487365126609802;0.722581148147583;-0.08662979304790497;0.543861985206604;0.6991262435913086;0.16752900183200836;0.5242868065834045;0.27734091877937317;-0.030682035721838474;0.5715737491846085;0.4237595796585083;-0.6226607710123062;0.5095740854740143;0.3711533471941948;0.6015135198831558;0.5542490681012472;0.8964657386144003;-0.10235650092363358;0.5458776553471884;0.8568361600240072;0.2357954978942871;;girando;frontal
1.63;0.5202197432518005;0.2986786961555481;0.00437916349619627;0.5602825880050659;0.3392421007156372;-0.1676599532365799;0.5533576607704163;0.3419453501701355;0.15178436040878296;0.5647207498550415;0.3825087547302246;-0.382311075925827;0.5572995543479919;0.3758324384689331;0.36463549733161926;0.5625155568122864;0.562521755695343;-0.10353413969278336;0.556642472743988;0.557583749294281;0.1034107357263565;0.5467231869697571;0.7254596948623657;-0.08102724701166153;0.5451745390892029;0.6976748108863831;0.17972050607204437;0.5226921439170837;0.2769940882921219;-0.0266277976334095;0.5610048323869705;0.4238351136445999;-0.5960300266742706;0.5325222164392471;0.37190355360507965;0.5833661705255508;0.5516707301139832;0.8983946243921915;-0.08830582598845164;0.545923133691152;0.8533878922462463;0.2623072961966197;;girando;frontal
1.67;0.5194262266159058;0.29853829741477966;0.014738550409674644;0.5533164143562317;0.3341495394706726;-0.16996128857135773;0.5563328862190247;0.33802780508995056;0.14488446712493896;0.5584284067153931;0.38148242235183716;-0.38618266582489014;0.5694069862365723;0.38222330808639526;0.3444955348968506;0.5603033900260925;0.5605484247207642;-0.10424580425024033;0.5611637234687805;0.5542542934417725;0.10405992716550827;0.5458753108978271;0.7278139591217041;-0.0732511430978775;0.546869158744812;0.695624589920044;0.1940174102783203;0.5216475784778595;0.27652076482772825;-0.01545532150339568;0.5480517446994781;0.4234807640314102;-0.59212526679039;0.5446444451808929;0.4225400686264038;0.5542439669370651;0.5506629347801208;0.8991421858469645;-0.08147588993112247;0.5461785991986593;0.8531677722930908;0.2876642048358917;;girando;frontal
1.7;0.5190994143486023;0.29806098341941833;0.034383662045001984;0.5511539578437805;0.33301687240600586;-0.1533927172422409;0.5558663010597229;0.3378649353981018;0.15114600956439972;0.551860511302948;0.3795631229877472;-0.3472893536090851;0.574176013469696;0.4110521078109741;0.28700581192970276;0.5581467747688293;0.5601003170013428;-0.10219813138246536;0.5607537627220154;0.5545998215675354;0.10207457095384598;0.5469897985458374;0.7274259924888611;-0.08318179845809937;0.5479153990745544;0.6939698457717896;0.18332678079605103;0.5214787304401398;0.27591773569583894;0.002819478651508689;0.5361341387033463;0.4236459732055664;-0.5275548100471497;0.5593167692422867;0.4857746437191963;0.3769766390323639;0.5497612357139587;0.899761418501536;-0.11834931373596191;0.5462352236111959;0.8541345000267029;0.25868186354637146;;girando;frontal
1.73;0.5186319947242737;0.2974834740161896;0.03738310933113098;0.5518743991851807;0.33123698830604553;-0.15367040038108826;0.5559424757957458;0.33795562386512756;0.15620268881320953;0.5492401719093323;0.37637194991111755;-0.34321850538253784;0.5725522041320801;0.4165439307689667;0.2721778452396393;0.5583798885345459;0.5537555813789368;-0.10278704762458801;0.5617867112159729;0.5523412227630615;0.10264356434345245;0.5473926067352295;0.7232656478881836;-0.090404212474823;0.5490676760673523;0.6912274956703186;0.17278613150119781;0.5210050463676452;0.2751673549413681;0.007478481973521411;0.5257503092288971;0.42688412219285965;-0.5221943259239197;0.5530061274766922;0.502173088490963;0.3309119641780853;0.5489302277565002;0.8997375965118408;-0.11747678369283676;0.5462307929992676;0.8549111286799113;0.246622105439504;;girando;frontal
1.77;0.5183789730072021;0.29748281836509705;0.0363432802259922;0.5503825545310974;0.3316965401172638;-0.15419389307498932;0.556411623954773;0.33833378553390503;0.15090760588645935;0.5413170456886292;0.38525307178497314;-0.34240496158599854;0.5674337148666382;0.4118930697441101;0.28278136253356934;0.5591219663619995;0.5552147030830383;-0.10238956660032272;0.56227707862854;0.5511942505836487;0.10222913324832916;0.5479328036308289;0.7222163081169128;-0.08712288737297058;0.549694299697876;0.68791264295578;0.16716018319129944;0.5211898982524872;0.27500638365745544;0.007363204681314528;0.5118584036827087;0.4315521866083145;-0.5219147801399231;0.5446251332759857;0.4780173897743225;0.3770908936858177;0.5485365986824036;0.8992776075998942;-0.10435961186885834;0.5455911954243978;0.8544501066207886;0.23673183222611746;;girando;frontal
1.8;0.5187612771987915;0.2973739504814148;0.05608164519071579;0.5471596717834473;0.33214300870895386;-0.14264491200447083;0.5569881796836853;0.3384970724582672;0.1629912555217743;0.5339888334274292;0.3930792212486267;-0.3185933530330658;0.5637478232383728;0.41343262791633606;0.2870209515094757;0.5588166117668152;0.5559613704681396;-0.10231810808181763;0.5629986524581909;0.5494452714920044;0.10214758664369583;0.5484602451324463;0.7220288515090942;-0.09497740864753723;0.5506584048271179;0.689748227596283;0.14867600798606873;0.5214686036109925;0.274925097823143;0.027726157754659652;0.49764087051153183;0.4333805590867996;-0.4795234054327011;0.5351863652467728;0.4844890534877777;0.37167996913194656;0.5478521188100179;0.8978493809700012;-0.12417995184659958;0.5445060729980469;0.8569321036338806;0.1777979483207067;;girando;frontal
1.83;0.518954336643219;0.29729291796684265;0.03232090175151825;0.544519305229187;0.3329843282699585;-0.16372215747833252;0.5576637387275696;0.3385973274707794;0.13279587030410767;0.5279244780540466;0.39541521668434143;-0.3301008939743042;0.561558723449707;0.41062864661216736;0.28949594497680664;0.5579739212989807;0.5602156519889832;-0.10226539522409439;0.5637054443359375;0.5502414703369141;0.10204995423555374;0.5484219193458557;0.7234832644462585;-0.06972853094339371;0.551833987236023;0.6908588409423828;0.17270345985889435;0.5216939389705658;0.2749346882104874;0.0008120203856378794;0.48739834874868393;0.43379083275794983;-0.4922712743282318;0.5311378240585327;0.47541123628616333;0.45086564868688583;0.5476582249005636;0.8965107599894205;-0.06426604340473811;0.5449779232343038;0.8562463124593099;0.2388056516647339;;girando;frontal
1.87;0.5229617953300476;0.296761155128479;0.04808733984827995;0.5371466279029846;0.3402777910232544;-0.1615222841501236;0.5641252398490906;0.34091514348983765;0.11790772527456284;0.5092609524726868;0.4020954966545105;-0.2217782884836197;0.572172999382019;0.4241172671318054;0.21983768045902252;0.5563542246818542;0.5621267557144165;-0.09840778261423111;0.5664569139480591;0.5477609634399414;0.098204106092453;0.5483519434928894;0.721411406993866;-0.08122096210718155;0.5524088144302368;0.6909996271133423;0.14504578709602356;0.52485973238945;0.27446780502796175;0.01977861309424043;0.46866362541913986;0.43799619376659393;-0.2123061679303646;0.5418899953365326;0.4928671419620514;0.298178531229496;0.5483662287394205;0.89620969692866;-0.0836473951737086;0.5483289361000061;0.8590900699297587;0.1697246382633845;;girando;frontal
1.9;0.5275376439094543;0.29624223709106445;0.056031350046396255;0.5278250575065613;0.34571635723114014;-0.1612398326396942;0.5733605027198792;0.343521386384964;0.1045939177274704;0.4976731836795807;0.4098125100135803;-0.14040137827396393;0.5902794599533081;0.4191984534263611;0.2291191816329956;0.5538953542709351;0.5646305084228516;-0.0950707346200943;0.5714386701583862;0.5476040244102478;0.09487524628639221;0.5483997464179993;0.7208777070045471;-0.07908958196640015;0.5520656108856201;0.6817387938499451;0.17060880362987518;0.5276628315448761;0.27399062514305117;0.027849721536040307;0.45322491973638535;0.4412333518266678;0.004964744206517935;0.5556749254465103;0.4502693936228752;0.3584865480661392;0.5487872759501139;0.8968405326207479;-0.08122887710730235;0.5512578090031942;0.8534773389498392;0.23658820490042368;;girando;frontal
1.93;0.5327329635620117;0.29367199540138245;0.06609997898340225;0.5242586135864258;0.3475736081600189;-0.15635938942432404;0.5784648060798645;0.34387797117233276;0.09229793399572372;0.4897840917110443;0.4115583002567291;-0.12846507132053375;0.5994776487350464;0.41846123337745667;0.21690212190151215;0.552943766117096;0.5653733015060425;-0.08934080600738525;0.5757847428321838;0.5471699237823486;0.08906526118516922;0.5485306978225708;0.7206932306289673;-0.08105272054672241;0.5561949610710144;0.6232072710990906;0.17980988323688507;0.530976939201355;0.27258663475513456;0.03964034095406532;0.44029831141233444;0.44140756875276566;0.01233203080482781;0.571836531162262;0.4246802031993866;0.35590048134326935;0.5488060514132181;0.8988670309384664;-0.08926554769277573;0.5558210015296936;0.7599944670995077;0.28909482558568317;;girando;frontal
1.97;0.5365956425666809;0.29180437326431274;0.06282088905572891;0.5245875716209412;0.34736111760139465;-0.15641392767429352;0.582466721534729;0.34411153197288513;0.09443004429340363;0.4873819649219513;0.4101499319076538;-0.16612224280834198;0.6034520268440247;0.4180765748023987;0.23881253600120544;0.5520774722099304;0.5664128661155701;-0.08897296339273453;0.5771103501319885;0.5475091934204102;0.08865849673748016;0.5492374300956726;0.7206670641899109;-0.08102547377347946;0.5558432936668396;0.6470819115638733;0.20964732766151428;0.5345151960849762;0.2711681306362152;0.036752256006002425;0.4263351410627365;0.4411788433790207;-0.07823757454752922;0.5871770977973938;0.4103202745318413;0.4158354103565216;0.5493908127148946;0.9003549814224243;-0.09821153183778127;0.5583920081456503;0.7922817269961039;0.340021679798762;;girando;frontal
2.0;0.5390856862068176;0.2917427122592926;0.06240125745534897;0.5220959782600403;0.34702613949775696;-0.15645486116409302;0.5871018171310425;0.34566715359687805;0.08687020093202591;0.4805740416049957;0.41073906421661377;-0.1671261340379715;0.6100144982337952;0.41751688718795776;0.2423066794872284;0.5503371357917786;0.5716142654418945;-0.08628174662590027;0.5778850317001343;0.5523784160614014;0.08590512722730637;0.5500074625015259;0.7215076684951782;-0.06791850179433823;0.5575780272483826;0.6607703566551208;0.21564604341983795;0.5364012062549591;0.27123722434043884;0.03650496769696474;0.4157736822962761;0.4414864107966423;-0.07699456065893173;0.6117249876260757;0.3921409174799919;0.44315023720264435;0.5502286553382874;0.9005780220031738;-0.07846632599830627;0.5647252003351847;0.8042362133661906;0.3329259753227234;;girando;frontal
2.03;0.5410090684890747;0.2915034890174866;0.06661936640739441;0.5217102766036987;0.34696346521377563;-0.15067264437675476;0.5915845036506653;0.3469933867454529;0.07557371258735657;0.4757196009159088;0.41058236360549927;-0.15510708093643188;0.6208738088607788;0.4161874055862427;0.2277149111032486;0.5497553944587708;0.5712620615959167;-0.08280817419290543;0.5781441926956177;0.5538297295570374;0.08236582577228546;0.550614595413208;0.7234642505645752;-0.04061887040734291;0.5592781901359558;0.6860916614532471;0.19763001799583435;0.5382645070552826;0.27124233841896056;0.04108578357845545;0.41052382439374924;0.441032811999321;-0.06375201977789402;0.6370733678340912;0.39266787469387054;0.4322929009795189;0.5506439606348673;0.9007237950960795;-0.02765539971490701;0.5634554425875345;0.8393614292144775;0.3012245098749797;;girando;frontal
2.07;0.5447803735733032;0.2910784184932709;0.09026115387678146;0.5194796323776245;0.3467540740966797;-0.12034880369901657;0.5935314297676086;0.3472738564014435;0.05386560410261154;0.47084328532218933;0.4118615984916687;-0.13535715639591217;0.6245241165161133;0.4155512750148773;0.1707133650779724;0.5463975071907043;0.5711205005645752;-0.07348491996526718;0.5789859890937805;0.5557065606117249;0.07304292172193527;0.5507012009620667;0.7234365344047546;-0.018519235774874687;0.5625506043434143;0.6942647099494934;0.18280237913131714;0.541337639093399;0.2711994290351868;0.06754452995955944;0.40352749824523926;0.43884415179491043;-0.08518820069730282;0.6558806002140045;0.39631228148937225;0.34310270100831985;0.55100550254186;0.8999964992205302;0.020481622777879238;0.5670074820518494;0.8475675582885742;0.2868389884630839;;girando;frontal
2.1;0.5471664071083069;0.29049617052078247;0.10012286901473999;0.5191962718963623;0.3466416299343109;-0.10876888036727905;0.5951247215270996;0.3478623330593109;0.05826332047581673;0.4686359763145447;0.41101109981536865;-0.15174049139022827;0.6292693614959717;0.4085640609264374;0.1687450110912323;0.5452268123626709;0.5708654522895813;-0.07095035165548325;0.5793148875236511;0.5579401850700378;0.07052655518054962;0.5503559708595276;0.7228099703788757;-0.010146747343242168;0.5645443201065063;0.7002002000808716;0.15784472227096558;0.543681138753891;0.2709259480237961;0.07619360685348511;0.39988718926906586;0.43617767095565796;-0.14907066896557808;0.6697951108217239;0.40088725835084915;0.3227030336856842;0.5511312882105509;0.8997331261634827;0.04251011088490486;0.5672662456830343;0.8652118643124899;0.2522127777338028;;girando;frontal
2.13;0.5491538643836975;0.28995224833488464;0.08266150951385498;0.5173071622848511;0.3465805649757385;-0.12403358519077301;0.5970050692558289;0.34789881110191345;0.011418115347623825;0.4664326310157776;0.4108070731163025;-0.15210185945034027;0.6352322697639465;0.40378838777542114;0.11966432631015778;0.543414831161499;0.5714519619941711;-0.06387320160865784;0.5800439715385437;0.5601564645767212;0.06352703273296356;0.5490090847015381;0.7224192023277283;0.010418849065899849;0.5679144263267517;0.701239287853241;0.1631544828414917;0.5455818891525268;0.2703910082578659;0.051484284549951555;0.39708490669727325;0.4354925751686096;-0.10975521616637707;0.6622799783945084;0.4010157436132431;0.2776329442858696;0.5505436261494955;0.8987221717834473;0.08174853151043256;0.5692797303199768;0.8620126446088155;0.2766772210597992;;girando;frontal
2.17;0.5508403182029724;0.2898552715778351;0.12151675671339035;0.5156143307685852;0.346487820148468;-0.08818060159683228;0.599051833152771;0.34823235869407654;0.04746166244149208;0.46318572759628296;0.41042643785476685;-0.1248551607131958;0.6395686864852905;0.40035632252693176;0.14239661395549774;0.5414412021636963;0.5714503526687622;-0.059917643666267395;0.5805339217185974;0.5619264245033264;0.05958455801010132;0.5464170575141907;0.7211219668388367;0.016080155968666077;0.571447491645813;0.706561267375946;0.1324843317270279;0.5469911992549896;0.2701394081115723;0.09614891002420337;0.39470788836479187;0.43498263508081436;-0.11300413310527802;0.6890046298503876;0.40410982072353363;0.2697582244873047;0.5499454538027445;0.8957860271135966;0.1033509150147438;0.570203423500061;0.8723637262980143;0.22334667046864828;;girando;frontal
2.2;0.5535779595375061;0.28918522596359253;0.12751221656799316;0.5142443180084229;0.34674933552742004;-0.06471656262874603;0.5997864603996277;0.3483648896217346;0.04149460420012474;0.4596293568611145;0.4102398157119751;-0.10179627686738968;0.6424896121025085;0.3969056308269501;0.10296083241701126;0.5402346849441528;0.5713376998901367;-0.04803302139043808;0.5799767374992371;0.562867283821106;0.04776082560420036;0.5428682565689087;0.7194637060165405;0.016531778499484062;0.5701478719711304;0.7114678621292114;0.11143650859594345;0.5497314929962158;0.26943867802619936;0.10716107459738851;0.39225753396749496;0.43496618419885635;-0.10394015163183212;0.7005883604288101;0.4049377292394638;0.1945902444422245;0.5477485855420431;0.8926527897516886;0.1036490226785342;0.5684149463971456;0.8751703103383383;0.19476581613222757;;girando;frontal
2.23;0.555729329586029;0.2885338068008423;0.11237092316150665;0.5125641226768494;0.34740397334098816;-0.09007810801267624;0.6005317568778992;0.34860512614250183;0.02190195582807064;0.4575529396533966;0.41010400652885437;-0.12704899907112122;0.6432241797447205;0.39671003818511963;0.10499589890241623;0.5382493734359741;0.571245014667511;-0.04709017649292946;0.5801289677619934;0.5630233883857727;0.046833574771881104;0.5380780100822449;0.7175220847129822;0.014176041819155216;0.5713447332382202;0.7101691961288452;0.10811477154493332;0.5518982946872711;0.2685615509748459;0.09008778822608292;0.3914314955472946;0.43488430976867676;-0.10324273444712162;0.6752158254384995;0.39570438861846924;0.24638322740793228;0.5445548295974731;0.891571044921875;0.09853169818719228;0.5694531202316284;0.8779657483100891;0.1829539438088735;;girando;frontal
2.27;0.5566391944885254;0.28760653734207153;0.13737185299396515;0.5102494955062866;0.34834858775138855;-0.06868679821491241;0.599944531917572;0.3486199975013733;0.03390173241496086;0.4568864405155182;0.4099118113517761;-0.10445434600114822;0.6449835300445557;0.3956391513347626;0.11312087625265121;0.5361606478691101;0.5703829526901245;-0.0389707125723362;0.5800691843032837;0.5626586079597473;0.03871377557516098;0.5355990529060364;0.7162672877311707;0.00041272895759902894;0.5725178718566895;0.7095910906791687;0.0743480771780014;0.5526093006134033;0.26773881912231445;0.11637344341725112;0.39098621159791946;0.43493952602148056;-0.07574095949530602;0.6718086004257202;0.3881828635931015;0.2549697905778885;0.5424570838610331;0.889872670173645;0.04647104193766912;0.5685183803240458;0.8810153007507324;0.12232067187627156;;girando;frontal
2.3;0.5597449541091919;0.28743064403533936;0.1233750432729721;0.509609580039978;0.34848377108573914;-0.08221669495105743;0.6000315546989441;0.34860995411872864;-0.01306231040507555;0.4568914771080017;0.40976715087890625;-0.10285991430282593;0.645995020866394;0.39575713872909546;0.06660584360361099;0.5351018905639648;0.5698443651199341;-0.020106861367821693;0.579876720905304;0.5624859929084778;0.019770504906773567;0.5339837074279785;0.7170135974884033;0.035933442413806915;0.5735675692558289;0.711380124092102;0.08696962893009186;0.555312705039978;0.2674586772918701;0.09589823740534484;0.3923112004995346;0.43521685898303986;-0.06643326859921217;0.6635547429323196;0.3904583230614662;0.2203136421740055;0.541406532128652;0.8858833511670431;0.10795247554779053;0.5680363178253174;0.8815303444862366;0.16686838368574777;;girando;frontal
2.33;0.5605894327163696;0.286333829164505;0.12186242640018463;0.5093372464179993;0.34843072295188904;-0.03440583124756813;0.6002110242843628;0.34823673963546753;-0.015737542882561684;0.45708250999450684;0.409525066614151;-0.036352768540382385;0.6468449831008911;0.3960014283657074;0.01570420153439045;0.5339862704277039;0.5679606795310974;-0.007733584381639957;0.5797021389007568;0.5621815919876099;0.007420905400067568;0.5329169631004333;0.7170215249061584;0.040661588311195374;0.5744946599006653;0.7098098397254944;0.06958342343568802;0.5562973618507385;0.2663035660982132;0.10342903640121222;0.3957752138376236;0.43550964444875717;-0.007100142101990059;0.7103726863861084;0.40079521387815475;0.09328419156372547;0.5390750765800476;0.8837792674700419;0.11725430438915889;0.5674817363421122;0.8805085817972819;0.15486965080102286;;girando;frontal
2.37;0.5620694160461426;0.2862747311592102;0.12401674687862396;0.5096268653869629;0.34840330481529236;-0.019831310957670212;0.5999044179916382;0.3481887876987457;-0.01597459428012371;0.45779621601104736;0.40800344944000244;-0.016157718375325203;0.6464368104934692;0.39577844738960266;-0.009704913944005966;0.5336880087852478;0.5669297575950623;-0.003943466581404209;0.5795782208442688;0.5620313882827759;0.003631442552432418;0.5326592326164246;0.7170723676681519;0.050777237862348557;0.5751173496246338;0.7100342512130737;0.06792771816253662;0.5578403651714325;0.266181081533432;0.10717426696792245;0.39852748066186905;0.435302197933197;0.0172021824400872;0.7130422294139862;0.40314027667045593;0.03211249550804496;0.5349696278572083;0.8832764426867167;0.12620621422926584;0.5665660897890726;0.882940431435903;0.15259288748105368;;girando;frontal
2.4;0.5644911527633667;0.286173552274704;0.11724673211574554;0.5100101828575134;0.3481222689151764;-0.021025823429226875;0.5997809171676636;0.348224937915802;-0.036546118557453156;0.45885714888572693;0.4059945046901703;-0.01336780097335577;0.6473525166511536;0.39616742730140686;-0.043003495782613754;0.5325400829315186;0.5658438205718994;0.0029950051102787256;0.5792278051376343;0.5619449615478516;-0.003267566906288266;0.5323100686073303;0.7166274785995483;0.063332200050354;0.5748412609100342;0.7099026441574097;0.05832863599061966;0.5599592924118042;0.2659431129693985;0.09861678555607796;0.4001364931464195;0.43492433428764343;0.013865286950021982;0.7185871452093124;0.4071843773126602;-0.025562227237969637;0.5312076012293497;0.8832937677701315;0.145752581457297;0.5662184755007426;0.8837269345919291;0.13700598726669946;;girando;frontal
2.43;0.5665610432624817;0.28621813654899597;0.10958189517259598;0.5099394917488098;0.3479553461074829;-0.009043386206030846;0.5993931889533997;0.3486505448818207;-0.04711638391017914;0.4594147503376007;0.40464916825294495;-0.0004124864935874939;0.6473535299301147;0.3972724378108978;-0.0641878992319107;0.5325695872306824;0.5655742287635803;0.013804354704916477;0.5791762471199036;0.5617665648460388;-0.014031541533768177;0.5319983959197998;0.7130361795425415;0.06650614738464355;0.575238049030304;0.7091873288154602;0.02603919990360737;0.5618408143520355;0.265779647231102;0.0955403842497617;0.40096043050289154;0.43324512243270874;0.018686485709622502;0.7187553644180298;0.40929506719112396;-0.05935787223279476;0.5298194686571757;0.8783681193987528;0.14114815990130106;0.5659012198448181;0.8824451367060343;0.07773095990220706;;girando;frontal
2.47;0.5695728063583374;0.28623443841934204;0.09463271498680115;0.5100423693656921;0.34715330600738525;-0.0011893454939126968;0.5992624163627625;0.34864431619644165;-0.05387536808848381;0.45948266983032227;0.40410739183425903;0.008316263556480408;0.6464129090309143;0.39806780219078064;-0.07512930035591125;0.5321067571640015;0.5653591156005859;0.02122952789068222;0.5785341858863831;0.5616346001625061;-0.021451668813824654;0.5324780941009521;0.7096568942070007;0.07003811746835709;0.5748769640922546;0.7086846232414246;0.001301281270571053;0.5650155961513519;0.2657333552837372;0.08589909188449382;0.4048028141260147;0.4319443106651306;0.022848371416330338;0.7174524217844009;0.4118613451719284;-0.07523223385214806;0.5291778445243835;0.8742521405220032;0.13781336943308511;0.5662977496782938;0.8812008500099182;0.03582822523700694;;girando;frontal
2.5;0.5709627866744995;0.2868029475212097;0.09493398666381836;0.5098664164543152;0.3468874394893646;0.007736624218523502;0.5974568724632263;0.34890016913414;-0.05134846270084381;0.4622272849082947;0.4040250778198242;0.016343969851732254;0.6451349258422852;0.3987220823764801;-0.076885886490345;0.5315450429916382;0.5653757452964783;0.02443610690534115;0.5766887664794922;0.561822772026062;-0.0246586911380291;0.5322191715240479;0.7072075605392456;0.053654685616493225;0.5747358798980713;0.7074171900749207;-0.03182109445333481;0.5669607043266296;0.2662562131881714;0.08636524260509759;0.4087509661912918;0.43149401247501373;0.032766840886324644;0.7147825360298157;0.4137549549341202;-0.07776243798434734;0.529193639755249;0.8731168508529663;0.09948284799853961;0.5660130381584167;0.8805071115493774;-0.018709616172903527;;girando;frontal
2.53;0.5771195292472839;0.2888123095035553;0.09073487669229507;0.5097463130950928;0.3454373776912689;0.02910694293677807;0.5935522317886353;0.3489294946193695;-0.05328485369682312;0.4665459394454956;0.4043026268482208;0.05292107164859772;0.6444265842437744;0.39869925379753113;-0.11055924743413925;0.5296391844749451;0.5647113919258118;0.03172731772065163;0.5736582279205322;0.561752438545227;-0.032001394778490067;0.5309278964996338;0.7079591155052185;0.03780830651521683;0.5746253132820129;0.7077851891517639;-0.006925041787326336;0.5738312721252441;0.2683497220277786;0.08517876230180263;0.41555964946746826;0.4316609129309654;0.07895335368812084;0.716423362493515;0.41530077159404755;-0.15785011649131775;0.5284939606984457;0.8757654229799906;0.057938028747836746;0.5660281976064047;0.8805227875709534;0.018003526454170544;;girando;frontal
2.57;0.578062891960144;0.29057052731513977;0.07070303708314896;0.5095268487930298;0.3444242775440216;0.02446707896888256;0.590658962726593;0.34896230697631836;-0.0648706778883934;0.4705909788608551;0.4085807204246521;0.09356074780225754;0.6443558931350708;0.3996082544326782;-0.15156503021717072;0.5276033878326416;0.5647987127304077;0.032827574759721756;0.5710864663124084;0.5626003742218018;-0.033019352704286575;0.5291917324066162;0.7084130048751831;0.037490587681531906;0.5740973353385925;0.708965539932251;-0.013109089806675911;0.5750921070575714;0.26991424560546873;0.06520764231681823;0.44231606274843216;0.4217616692185402;0.19231779128313065;0.7152300626039505;0.4174255430698395;-0.25609222799539566;0.5301757057507833;0.8725104331970215;0.05481480434536934;0.5665092666943868;0.880864143371582;-0.005817819309110443;;girando;frontal
2.6;0.5805439949035645;0.29247114062309265;0.05767841637134552;0.5094645023345947;0.3434593081474304;0.03854771703481674;0.5863877534866333;0.34869012236595154;-0.07695848494768143;0.47320595383644104;0.409668505191803;0.1127806082367897;0.639423131942749;0.398397296667099;-0.18313364684581757;0.5260636210441589;0.5648406744003296;0.03987358510494232;0.5680887699127197;0.562872588634491;-0.040114548057317734;0.5275968909263611;0.7090009450912476;0.05508546903729439;0.5727936625480652;0.7111819982528687;-0.013656435534358025;0.5776319205760956;0.2715631425380707;0.05471821688115597;0.44406813383102417;0.4219418615102768;0.20194527506828308;0.7112921327352524;0.42117730528116226;-0.3086506798863411;0.5306444565455118;0.8718045552571615;0.07325602198640506;0.5671612620353699;0.8810828526814779;0.002311387099325657;;girando;frontal
2.63;0.577682375907898;0.29339730739593506;0.06347223371267319;0.5093978047370911;0.34318819642066956;0.04301062971353531;0.5840083956718445;0.34805068373680115;-0.07807640731334686;0.47511157393455505;0.4127204120159149;0.14347945153713226;0.6349517107009888;0.3991945683956146;-0.16283008456230164;0.5243873000144958;0.5644576549530029;0.04418604448437691;0.5655043125152588;0.5628973245620728;-0.04435952752828598;0.5266457200050354;0.7114831805229187;0.06815668940544128;0.5708359479904175;0.7166140675544739;-0.029476206749677658;0.5745661795139313;0.2723681449890137;0.057954938150942326;0.4736628457903862;0.40904854983091354;0.2747056260704994;0.7054255604743958;0.42362869530916214;-0.2525329105556011;0.5292962193489075;0.8750641147295634;0.08616414666175842;0.5700718561808268;0.884578545888265;-0.04900628204147021;;girando;frontal
2.67;0.5780318975448608;0.2932840883731842;0.0362003929913044;0.5102745294570923;0.34236404299736023;0.09414010494947433;0.5797758102416992;0.344448447227478;-0.1197168156504631;0.47917440533638;0.4137634038925171;0.23850701749324799;0.6259773969650269;0.3989231288433075;-0.23161743581295013;0.5217377543449402;0.5620842576026917;0.07828923314809799;0.5604479908943176;0.5621556639671326;-0.07851098477840424;0.5263599157333374;0.7100197076797485;0.12270285934209824;0.5695520639419556;0.717490017414093;-0.071271613240242;0.5754561364650727;0.2722466468811035;0.03887799419462681;0.4699465036392212;0.4124862998723984;0.4067171514034271;0.6964841485023499;0.42715728282928467;-0.3382457196712494;0.5320853789647421;0.8754488031069437;0.1711223820845286;0.574095884958903;0.885413408279419;-0.10576501488685608;;girando;frontal
2.7;0.5785762071609497;0.29366442561149597;0.0018403048161417246;0.5131511688232422;0.33951035141944885;0.1247374415397644;0.5747867822647095;0.3419194519519806;-0.15012012422084808;0.4897855222225189;0.41153761744499207;0.3008021414279938;0.615131676197052;0.3995237648487091;-0.29811331629753113;0.5189400315284729;0.5611222386360168;0.09020766615867615;0.5575522780418396;0.5611791610717773;-0.09050236642360687;0.5263169407844543;0.7086036205291748;0.1364283412694931;0.5692614912986755;0.7146437168121338;-0.0816725641489029;0.5760699689388276;0.2726720720529556;0.011789928702637554;0.4743078202009201;0.41380685567855835;0.49550915509462357;0.6849629878997803;0.4306715801358223;-0.4315106123685837;0.5331728458404541;0.8740245898564657;0.18838064869244894;0.5755165815353394;0.8859349290529887;-0.09870016823212306;;girando;frontal
2.73;0.5800532698631287;0.2936687171459198;-0.01763812266290188;0.5160260796546936;0.33769264817237854;0.12865333259105682;0.5707728266716003;0.34017714858055115;-0.15773773193359375;0.49343231320381165;0.4114137589931488;0.3058781623840332;0.6045646667480469;0.40020620822906494;-0.31081297993659973;0.5176352262496948;0.5587356090545654;0.09212891012430191;0.553783655166626;0.5574977397918701;-0.092343270778656;0.5266796946525574;0.705790102481842;0.11068104952573776;0.5692893266677856;0.7024675607681274;-0.10070228576660156;0.5775422275066375;0.27261950969696047;-0.0052154203585814685;0.48054756969213486;0.4191000312566757;0.5028377398848534;0.6745759397745132;0.4334154650568962;-0.4477042481303215;0.5348128080368042;0.8742366433143616;0.1470958044131597;0.5715903043746948;0.883407990137736;-0.12522799521684647;;girando;frontal
2.77;0.5802117586135864;0.2941480576992035;-0.013166275806725025;0.5221487879753113;0.33630043268203735;0.12961898744106293;0.5673452615737915;0.3374654948711395;-0.1437721997499466;0.4984653890132904;0.40828654170036316;0.29890283942222595;0.5938702821731567;0.40121060609817505;-0.3044097423553467;0.5192242860794067;0.5583568215370178;0.0895044133067131;0.5514550805091858;0.5560051798820496;-0.08976025879383087;0.5267106294631958;0.704008162021637;0.10902344435453415;0.5684853792190552;0.6994054913520813;-0.1055612862110138;0.577979964017868;0.27268246114253997;-0.0019380569225177168;0.49090544879436493;0.42187347263097763;0.49525219202041626;0.6582807749509811;0.4345623031258583;-0.4566597193479538;0.5354260603586832;0.874486247698466;0.14119297514359155;0.5662016669909159;0.8845650752385458;-0.13902547707160315;;girando;frontal
2.8;0.5801980495452881;0.2945970892906189;-0.0005977391847409308;0.5261315107345581;0.33558112382888794;0.13946564495563507;0.563769519329071;0.33807966113090515;-0.13543209433555603;0.5084159970283508;0.40461650490760803;0.3030541241168976;0.5865620374679565;0.408037930727005;-0.29284748435020447;0.5198355317115784;0.5582603812217712;0.09245305508375168;0.5488587617874146;0.5561923384666443;-0.09274088591337204;0.5269578099250793;0.7042331099510193;0.12236195802688599;0.5674189329147339;0.7010637521743774;-0.09535378217697144;0.5782945096492768;0.2727353572845459;0.01102498173713684;0.49774420261383057;0.42596957087516785;0.49302610754966736;0.6454473435878754;0.4341278448700905;-0.44184669852256775;0.5360351204872131;0.8781586090723673;0.16715813676516214;0.5599525968233744;0.8874473969141642;-0.10235404968261719;;girando;frontal
2.83;0.5808080434799194;0.29488900303840637;0.005622337106615305;0.5350369811058044;0.3336857259273529;0.14475424587726593;0.5588558912277222;0.3363308012485504;-0.1252390444278717;0.5156050324440002;0.4162922501564026;0.236276775598526;0.5794649124145508;0.40835875272750854;-0.24461321532726288;0.5260639786720276;0.5531885027885437;0.08854787796735764;0.5459777116775513;0.5541402697563171;-0.0887293741106987;0.5300711989402771;0.7041503190994263;0.10685648769140244;0.5658746957778931;0.7018000483512878;-0.08360818773508072;0.5792406976222992;0.27260249853134155;0.01807930846698582;0.5205609947443008;0.4983596205711365;0.3113885596394539;0.6319775134325027;0.4342503696680069;-0.3499626889824867;0.5358674724896749;0.8761099378267924;0.1252998411655426;0.5507293740908304;0.8882866104443868;-0.0883988415201505;;girando;frontal
2.87;0.5805422067642212;0.29486703872680664;-0.007747980300337076;0.5447078347206116;0.33372610807418823;0.15123508870601654;0.5539478659629822;0.33334216475486755;-0.13390763103961945;0.5338807106018066;0.4309653639793396;0.19938381016254425;0.5658835172653198;0.4078861176967621;-0.24446815252304077;0.5322317481040955;0.5507263541221619;0.09081345796585083;0.5429583191871643;0.5507911443710327;-0.09089542180299759;0.5317819714546204;0.704275906085968;0.1018153578042984;0.5625626444816589;0.7020792365074158;-0.08668892085552216;0.5788806736469269;0.2722372829914093;0.006561082834377885;0.5374884009361267;0.5382446199655533;0.16866357624530792;0.6187411546707153;0.4336426630616188;-0.3369133770465851;0.5354156692822775;0.8754283984502157;0.13046786934137344;0.5458443760871887;0.8881118297576904;-0.08380206674337387;;girando;frontal
2.9;0.5802172422409058;0.2948327362537384;-0.015808207914233208;0.5457815527915955;0.33397749066352844;0.13847708702087402;0.5514328479766846;0.33313190937042236;-0.14140594005584717;0.5396925806999207;0.42987868189811707;0.17647093534469604;0.5602186918258667;0.40754392743110657;-0.23818179965019226;0.5366631150245667;0.5515474081039429;0.09081979840993881;0.543850302696228;0.5511115789413452;-0.0909111425280571;0.5331743955612183;0.7049833536148071;0.10278850793838501;0.5598918795585632;0.7045682668685913;-0.07995515316724777;0.5785902380943299;0.27209637463092806;-0.0019635694712633266;0.5322335660457611;0.5381520390510559;0.14822102338075638;0.607776090502739;0.43340321630239487;-0.3091331720352173;0.5354026754697164;0.875120202700297;0.1413433775305748;0.5443179607391357;0.8881819844245911;-0.05905096729596456;;girando;frontal
2.93;0.5801247358322144;0.2948063910007477;-0.022645989432930946;0.5475648045539856;0.3340577483177185;0.1384541094303131;0.550313413143158;0.33168694376945496;-0.14685843884944916;0.54222172498703;0.42691758275032043;0.18123473227024078;0.5541622638702393;0.39841780066490173;-0.26585593819618225;0.5425540208816528;0.5549207329750061;0.09081551432609558;0.5436735153198242;0.5541647672653198;-0.09086073935031891;0.5374315977096558;0.7059795260429382;0.09967994689941406;0.5555742979049683;0.7080756425857544;-0.08311265707015991;0.5781566560268402;0.271947917342186;-0.009423342204900109;0.5429939925670624;0.5185507386922836;0.1967601552605629;0.5935282111167908;0.43182816356420517;-0.3668768033385277;0.5363905231157938;0.8731352488199869;0.12861998627583185;0.5431948304176331;0.8902575174967448;-0.06763747334480286;;girando;frontal
2.97;0.5798441767692566;0.29479631781578064;-0.02254563383758068;0.5510560274124146;0.33416488766670227;0.1401287019252777;0.5482613444328308;0.3285219967365265;-0.14627309143543243;0.5346155166625977;0.43007153272628784;0.1795559972524643;0.5441551804542542;0.3894522786140442;-0.2789510190486908;0.5481059551239014;0.555357813835144;0.09008996933698654;0.5417422652244568;0.5545103549957275;-0.09011682122945786;0.5441193580627441;0.7060744762420654;0.08382247388362885;0.5501444339752197;0.708227276802063;-0.09680148214101791;0.5777342915534973;0.27194041609764097;-0.009294494790083263;0.5406692028045654;0.5235963612794876;0.1457962431013584;0.5740975886583328;0.4283941090106964;-0.40002257376909256;0.5380836725234985;0.8723206122716268;0.1014706939458847;0.5404405991236368;0.8908760150273641;-0.09564778953790665;;girando;frontal
3.0;0.5791459083557129;0.29480424523353577;-0.01851598173379898;0.5496881008148193;0.3363472819328308;0.1421181559562683;0.5470207929611206;0.32825419306755066;-0.14872466027736664;0.5387592315673828;0.43154004216194153;0.17393726110458374;0.5416688919067383;0.375448077917099;-0.29039403796195984;0.5508831143379211;0.5564330220222473;0.09179957956075668;0.5414304137229919;0.5562564730644226;-0.09181642532348633;0.5473291277885437;0.7057730555534363;0.08979465067386627;0.5471246838569641;0.7068730592727661;-0.11631539463996887;0.5772998869419098;0.2721027821302414;-0.0044225238030776385;0.5477680116891861;0.5352459102869034;0.12733949348330498;0.5633037835359573;0.4275622293353081;-0.4158535525202751;0.5388057827949524;0.8689490358034769;0.11001837253570557;0.5393829345703125;0.8904637098312378;-0.12372021128733952;;girando;frontal
3.03;0.5783839225769043;0.29479116201400757;-0.019404619932174683;0.5528576970100403;0.3369259536266327;0.1402912735939026;0.544403612613678;0.32574304938316345;-0.1424664407968521;0.544813871383667;0.43087542057037354;0.1656702160835266;0.5366340279579163;0.36426228284835815;-0.2804586589336395;0.5531590580940247;0.5564790964126587;0.08897533267736435;0.5411421656608582;0.5565637350082397;-0.089022196829319;0.5476164817810059;0.7058374285697937;0.06843627989292145;0.5460352897644043;0.7068151831626892;-0.1083708107471466;0.5768494725227356;0.27212933301925657;-0.005937133636325598;0.5602453947067261;0.5105395913124084;0.08547777496278286;0.5547116100788116;0.42375362664461136;-0.4132769703865051;0.5391970674196879;0.8684525291124979;0.07172407830754916;0.5396211743354797;0.8896792332331339;-0.11611839880545934;;girando;frontal
3.07;0.5781934857368469;0.2947790324687958;-0.016337761655449867;0.5545349717140198;0.3370174467563629;0.13778160512447357;0.545456051826477;0.32655394077301025;-0.12361244857311249;0.5603175759315491;0.4097497761249542;0.16699594259262085;0.5362574458122253;0.3721601665019989;-0.2360820472240448;0.5530369281768799;0.5527210235595703;0.08814195543527603;0.5414010286331177;0.5559254288673401;-0.08808639645576477;0.5505698919296265;0.7042997479438782;0.06994426250457764;0.5470317602157593;0.7058145403862;-0.10190412402153015;0.576554673910141;0.2719506174325943;-0.003909178054891526;0.5721882432699203;0.4167030602693558;0.12997877225279808;0.5376037508249283;0.42471732199192047;-0.33142825216054916;0.5386855204900106;0.8647986849149069;0.07116587460041046;0.539584239323934;0.8878790736198425;-0.10410876820484798;;girando;frontal
3.1;0.5778010487556458;0.29363876581192017;-0.042382340878248215;0.558133602142334;0.3369893729686737;0.13490888476371765;0.5455402135848999;0.32455435395240784;-0.14164872467517853;0.5654677748680115;0.3996613323688507;0.283904105424881;0.5316612124443054;0.36593201756477356;-0.29604005813598633;0.5547659397125244;0.5528343915939331;0.08815394341945648;0.5414770841598511;0.5542183518409729;-0.08817168325185776;0.5545731782913208;0.7006997466087341;0.10183235257863998;0.5462998151779175;0.7062901258468628;-0.11007225513458252;0.5761525690555572;0.27049795985221864;-0.02963980147615075;0.5951424986124039;0.4211971014738083;0.3794911280274391;0.524744063615799;0.42728255689144135;-0.4754822179675102;0.5405271649360657;0.857855478922526;0.1364583025376002;0.5405769149462382;0.888099730014801;-0.12271501123905182;;girando;frontal
3.13;0.5775434374809265;0.2907641530036926;-0.051614947617053986;0.5612930655479431;0.33687734603881836;0.13360215723514557;0.5442178249359131;0.3247412443161011;-0.15507836639881134;0.5728123188018799;0.39969876408576965;0.2935568690299988;0.5279722809791565;0.37032201886177063;-0.31394630670547485;0.5575505495071411;0.5528857111930847;0.08968957513570786;0.5420239567756653;0.5534641742706299;-0.08974548429250717;0.5593433380126953;0.6964208483695984;0.114384226500988;0.5471586585044861;0.7063539624214172;-0.10799216479063034;0.5757962882518768;0.26729058027267455;-0.03811536207795143;0.6049220860004425;0.42186178267002106;0.3794165253639221;0.5116485059261322;0.4299324080348015;-0.5025973245501518;0.5448224743207296;0.8521892031033834;0.16363821427027384;0.541281004746755;0.8881094853083292;-0.11491145690282185;;girando;frontal
3.17;0.576090931892395;0.2905348241329193;-0.09810925275087357;0.5640895962715149;0.33731815218925476;0.11150100082159042;0.5399826765060425;0.32710525393486023;-0.18727432191371918;0.5802627205848694;0.401714950799942;0.28866881132125854;0.5210452079772949;0.3755221664905548;-0.3449646234512329;0.5614659786224365;0.5549135804176331;0.08994989842176437;0.5422115325927734;0.5574483275413513;-0.09004675596952438;0.5622187256813049;0.6979861855506897;0.13463422656059265;0.5468265414237976;0.7096953988075256;-0.06254509091377258;0.5749674260616302;0.2667537361383438;-0.08392205242998899;0.6197568476200104;0.4258943274617195;0.3928994685411453;0.4985925331711769;0.43351422995328903;-0.5320596247911453;0.5493966341018677;0.854330579439799;0.215101420879364;0.5420340895652771;0.8879817724227905;-0.02051836485043168;;girando;frontal
3.2;0.5742616057395935;0.2901664078235626;-0.12446732819080353;0.5716871023178101;0.33962956070899963;0.10256047546863556;0.5359126329421997;0.32799357175827026;-0.18813343346118927;0.5903022885322571;0.40297210216522217;0.3151543438434601;0.5153021812438965;0.3833485245704651;-0.3633938133716583;0.56569904088974;0.5562469959259033;0.08896858245134354;0.5422908067703247;0.5594584941864014;-0.08919204771518707;0.5653526782989502;0.6992338299751282;0.11953768879175186;0.5461903810501099;0.7097411751747131;-0.04466041177511215;0.5738640785217285;0.26619585156440734;-0.11227200087159872;0.6347728371620178;0.4272727966308594;0.463583804666996;0.485772006213665;0.4355490207672119;-0.5753153562545776;0.5531139175097147;0.8572251995404562;0.19718800485134125;0.5423029462496439;0.8853914936383566;0.022104767461617787;;girando;frontal
3.23;0.5726556777954102;0.28985995054244995;-0.12759864330291748;0.5769795775413513;0.3446986973285675;0.09826933592557907;0.5319541692733765;0.33156368136405945;-0.19343504309654236;0.5987843871116638;0.40363064408302307;0.33391550183296204;0.510198712348938;0.3867345154285431;-0.3754693269729614;0.5693854689598083;0.5641550421714783;0.08586183935403824;0.5423446297645569;0.5684675574302673;-0.08620672672986984;0.569844126701355;0.7088632583618164;0.11771991103887558;0.5437443852424622;0.7150194644927979;-0.005474909208714962;0.5725990414619446;0.2658898800611496;-0.11418420001864434;0.6436087936162949;0.42877843230962753;0.5200051963329315;0.48110806196928024;0.4351021349430084;-0.582843005657196;0.5581199129422506;0.8608197768529257;0.23083006838957468;0.5411428014437357;0.8832482894261678;0.11014740789930026;;girando;frontal
3.27;0.5716537833213806;0.28987884521484375;-0.12463239580392838;0.582120418548584;0.3460424542427063;0.09557462483644485;0.530166745185852;0.33374732732772827;-0.1712016761302948;0.6072649955749512;0.4040105640888214;0.2931506931781769;0.5026136636734009;0.3912944793701172;-0.3352240025997162;0.5703408718109131;0.5662152767181396;0.07993283122777939;0.54204922914505;0.5697247982025146;-0.08021645992994308;0.5722026228904724;0.7104758620262146;0.11697182804346085;0.5418871641159058;0.7165893912315369;0.0029747379012405872;0.5717836618423462;0.26591302156448365;-0.1121266869828105;0.654107853770256;0.43087416142225266;0.4069427102804184;0.4637707248330116;0.4358263239264488;-0.5232379287481308;0.5608619848887125;0.861856738726298;0.21423371136188507;0.5406636993090311;0.8829757571220398;0.11558869977792104;;girando;frontal
3.3;0.5690155625343323;0.2895256578922272;-0.16621309518814087;0.5872914791107178;0.3475196063518524;0.06954072415828705;0.5259484052658081;0.33820030093193054;-0.14997804164886475;0.6143603324890137;0.4027523994445801;0.28458237648010254;0.49628761410713196;0.39465051889419556;-0.2810308635234833;0.5729859471321106;0.5704275965690613;0.06856467574834824;0.5412671566009521;0.573235273361206;-0.06876949965953827;0.5738667249679565;0.7129698991775513;0.11894207447767258;0.5392676591873169;0.7208970189094543;0.023416293784976006;0.5698405206203461;0.2657754153013229;-0.1569168332964182;0.6605688631534576;0.43127623200416565;0.4200168401002884;0.453369677066803;0.43589941412210464;-0.504616916179657;0.562016228834788;0.862548828125;0.24564816554387411;0.5413588484128317;0.8831095695495605;0.16495062410831451;;girando;frontal
3.33;0.5674064755439758;0.2894466519355774;-0.17463871836662292;0.5911953449249268;0.3481886684894562;0.0402543731033802;0.522554337978363;0.3408689796924591;-0.12352985143661499;0.6216482520103455;0.4030096232891083;0.16057829558849335;0.4908176362514496;0.397607684135437;-0.22297649085521698;0.5743035078048706;0.5721898674964905;0.055253900587558746;0.539726197719574;0.574457585811615;-0.055343545973300934;0.574148952960968;0.7149642109870911;0.11772432923316956;0.5375173091888428;0.7223564386367798;0.021929992362856865;0.5687771260738372;0.265523886680603;-0.1669541724026203;0.6715368926525116;0.4320888891816139;0.1441738624125719;0.44237884134054184;0.4357679933309555;-0.43967869877815247;0.5614753564198812;0.8631223241488138;0.26481445133686066;0.5417390664418539;0.8824209570884705;0.16495470454295477;;girando;frontal
3.37;0.5658665299415588;0.28945595026016235;-0.17299340665340424;0.5940425395965576;0.34845229983329773;0.023776348680257797;0.5212942361831665;0.34077319502830505;-0.10110373049974442;0.6274177432060242;0.4043809473514557;0.0822015330195427;0.48571088910102844;0.3970474898815155;-0.19092285633087158;0.5746811628341675;0.5716685652732849;0.04872189089655876;0.5389764308929443;0.57342529296875;-0.04876849427819252;0.5726156234741211;0.7150238156318665;0.11404720693826675;0.5368422269821167;0.7228914499282837;0.012275656685233116;0.5676459193229675;0.2652909100055695;-0.16786501407623292;0.6785144507884979;0.4313800036907196;-0.020643161289626732;0.43470096588134766;0.4346771463751793;-0.4073198512196541;0.561212400595347;0.8634830315907797;0.24599485099315643;0.5421289006868998;0.8825099666913351;0.1434932624300321;;girando;frontal
3.4;0.5643168687820435;0.2894134819507599;-0.17011557519435883;0.5963394045829773;0.3481845259666443;0.018867196515202522;0.5213094353675842;0.340798556804657;-0.0866335853934288;0.6311787366867065;0.40455886721611023;0.09571132063865662;0.482354998588562;0.39710062742233276;-0.10492945462465286;0.5749052166938782;0.571891188621521;0.04389973357319832;0.5387469530105591;0.5726149678230286;-0.04391680657863617;0.5709279179573059;0.7152549028396606;0.11170933395624161;0.5363380312919617;0.7232706546783447;0.016731107607483864;0.5668128132820129;0.2649758517742157;-0.16828019991517068;0.6827018409967422;0.4315700903534889;0.01041489839553833;0.42632486671209335;0.43400027602910995;-0.2394752986729145;0.560689906279246;0.8635826706886292;0.257082998752594;0.5435031652450562;0.8823176821072897;0.14959717790285745;;girando;frontal
3.43;0.5612127780914307;0.28860560059547424;-0.17494302988052368;0.5976371765136719;0.3479464650154114;-0.006553278770297766;0.5206418037414551;0.34118807315826416;-0.06871209293603897;0.6363177299499512;0.4040752649307251;0.027347708120942116;0.4785367548465729;0.39701005816459656;-0.05036308243870735;0.574104368686676;0.5720526576042175;0.03431473672389984;0.5374777913093567;0.572178840637207;-0.03431833162903786;0.5700237154960632;0.715103030204773;0.10726118087768555;0.5359993577003479;0.7228473424911499;0.003784844884648919;0.564888846874237;0.2642675250768661;-0.175445107370615;0.6936102211475372;0.43174951523542404;-0.11757984571158886;0.4199213832616806;0.4334992840886116;-0.15490936115384102;0.5605323314666748;0.8624258041381836;0.2553732593854268;0.5437753597895304;0.8827359477678934;0.12195834641655286;;girando;frontal
3.47;0.5579876899719238;0.2868937849998474;-0.20397299528121948;0.5988641977310181;0.3477814793586731;-0.03711986169219017;0.5205801725387573;0.34094223380088806;-0.08642219752073288;0.6395659446716309;0.40314894914627075;-0.022520994767546654;0.47549426555633545;0.3967674672603607;-0.05989891290664673;0.573760449886322;0.5717553496360779;0.032721757888793945;0.5366328954696655;0.5715436339378357;-0.032743100076913834;0.569968581199646;0.7150885462760925;0.12219532579183578;0.5353686809539795;0.7241160869598389;0.002485282253473997;0.5630459606647491;0.2631337493658066;-0.20609184354543686;0.6971667259931564;0.43207548558712006;-0.1906607337296009;0.41610749810934067;0.43304096907377243;-0.1518758237361908;0.5604683756828308;0.8624315659205118;0.27516014873981476;0.5437884132067362;0.8839218616485596;0.11505449190735817;;girando;frontal
3.5;0.5546800494194031;0.2858718931674957;-0.24263730645179749;0.5995843410491943;0.34766244888305664;-0.06989913433790207;0.5201131105422974;0.3407648503780365;-0.0892890989780426;0.6405444741249084;0.4019555449485779;-0.07702716439962387;0.4742961823940277;0.3965815305709839;-0.08395639806985855;0.5735793709754944;0.5716210603713989;0.031880348920822144;0.5361748933792114;0.5678329467773438;-0.03192275017499924;0.5695233941078186;0.7150339484214783;0.13018445670604706;0.5350708961486816;0.7237581610679626;0.001826758380047977;0.5610227048397064;0.2620717525482178;-0.24688719362020492;0.6959510147571564;0.43209654092788696;-0.27574480324983597;0.41411588340997696;0.43199826776981354;-0.1769951432943344;0.561048666636149;0.8610194126764933;0.2849640150864919;0.5419243772824606;0.8831914861996969;0.1147272028028965;;girando;frontal
3.53;0.5539733171463013;0.2845354378223419;-0.24639096856117249;0.5998349189758301;0.3475894629955292;-0.087380550801754;0.5185844302177429;0.34061211347579956;-0.09818316251039505;0.641994059085846;0.39733636379241943;-0.1264762282371521;0.47062644362449646;0.39636799693107605;-0.08756733685731888;0.5738185048103333;0.5709859728813171;0.02169126458466053;0.535636305809021;0.5664286017417908;-0.02174336463212967;0.5690459609031677;0.7143994569778442;0.10249728709459305;0.5347898006439209;0.7231410145759583;0.018555494025349617;0.5602373838424682;0.2613328188657761;-0.25142950266599656;0.683597058057785;0.4218651056289673;-0.33637264370918274;0.4071178510785103;0.43185531347990036;-0.16148512065410614;0.5620662371317545;0.8598982493082682;0.261442835132281;0.538441518942515;0.8793075482050577;0.15587210903565088;;girando;frontal
3.57;0.5535321831703186;0.28368350863456726;-0.2638290524482727;0.5994979739189148;0.34752926230430603;-0.11058902740478516;0.5175156593322754;0.34047049283981323;-0.12561631202697754;0.6439032554626465;0.3972165286540985;-0.13764150440692902;0.4680488407611847;0.39638954401016235;-0.10327355563640594;0.5738199353218079;0.5707615613937378;0.01906292326748371;0.5351061820983887;0.5663009881973267;-0.019115043804049492;0.568775475025177;0.7137548327445984;0.103836789727211;0.5340459942817688;0.7231065034866333;0.026411760598421097;0.5597911238670349;0.2609727501869202;-0.26939584463834765;0.6988684087991714;0.4223327189683914;-0.3316393718123436;0.40330110490322113;0.43182454258203506;-0.18165156617760658;0.5621708631515503;0.8601627747217814;0.25738202035427094;0.5358015696207682;0.8784301479657491;0.15982689460118613;;girando;frontal
3.6;0.5521476864814758;0.28292128443717957;-0.27335748076438904;0.599177360534668;0.34747686982154846;-0.12927335500717163;0.5164740681648254;0.3404456079006195;-0.13841773569583893;0.645091712474823;0.39680013060569763;-0.16586661338806152;0.4662134647369385;0.3977254629135132;-0.1151069775223732;0.5738075971603394;0.5706066489219666;0.01573844812810421;0.5345168113708496;0.5662299990653992;-0.015801308676600456;0.5686895847320557;0.7137187123298645;0.10347253829240799;0.5329004526138306;0.7227346301078796;0.03956935927271843;0.5582403361797332;0.2607500612735748;-0.28021377325057983;0.6994481533765793;0.4220378175377846;-0.35750504583120346;0.3999364823102951;0.43194737285375595;-0.1952202431857586;0.5622697869936625;0.860496997833252;0.2541775107383728;0.5342876315116882;0.8748669028282166;0.18069402873516083;;girando;frontal
3.63;0.5504845380783081;0.28282228112220764;-0.25654301047325134;0.5986039042472839;0.3474486768245697;-0.122494637966156;0.514923095703125;0.34042420983314514;-0.1302756518125534;0.642504870891571;0.397134929895401;-0.17127203941345215;0.46552765369415283;0.39927953481674194;-0.09485720843076706;0.5737025737762451;0.5705857872962952;0.007821227423846722;0.5337033271789551;0.566542387008667;-0.00786340981721878;0.5681789517402649;0.7136183977127075;0.08608309179544449;0.5308942198753357;0.7225409746170044;0.058139655739068985;0.5565218389034271;0.2607747048139572;-0.2638891443610191;0.6929279863834381;0.42002657800912857;-0.37580905109643936;0.39884834736585617;0.4317656308412552;-0.17072544619441032;0.5621766448020935;0.8618790705998739;0.2308103491862615;0.5322103103001913;0.8711706002553304;0.20874663690725961;;girando;frontal
3.67;0.5488182902336121;0.28286921977996826;-0.2562884986400604;0.5978145003318787;0.34742268919944763;-0.12898509204387665;0.5125108361244202;0.34037166833877563;-0.12643587589263916;0.6404092907905579;0.39681991934776306;-0.1853690892457962;0.46437525749206543;0.4003802239894867;-0.09397492557764053;0.5735988616943359;0.5705313086509705;0.0001350126403849572;0.532441258430481;0.566567063331604;-0.00018767586152534932;0.5671519041061401;0.7128763198852539;0.07565519213676453;0.5293028354644775;0.7215700149536133;0.07984095066785812;0.5551960587501525;0.26087723672389984;-0.2638614118099213;0.6889578253030777;0.417214073240757;-0.39203405380249023;0.39762958139181137;0.43169015645980835;-0.16963617876172066;0.5619463920593262;0.8627374768257141;0.22376748422781625;0.5308180848757426;0.8661183913548788;0.238758717974027;;girando;frontal
3.7;0.5472766757011414;0.2829122245311737;-0.26784074306488037;0.5974215269088745;0.347406268119812;-0.14043815433979034;0.5109810829162598;0.34036004543304443;-0.1279541552066803;0.6405733227729797;0.39678239822387695;-0.17457440495491028;0.46316245198249817;0.4010138213634491;-0.10184384882450104;0.5734906196594238;0.5704700350761414;-0.0027104520704597235;0.5317363142967224;0.5666610598564148;0.00266772648319602;0.5660967826843262;0.7124400734901428;0.07034473866224289;0.5283329486846924;0.7211138606071472;0.08370312303304672;0.5535650134086609;0.26099301874637604;-0.27571367025375365;0.691968634724617;0.41844385117292404;-0.3545132726430893;0.3953693136572838;0.4314504712820053;-0.1858406588435173;0.5617364843686422;0.8641042113304138;0.21506375074386597;0.5295076767603556;0.8646396398544312;0.24283313751220703;;girando;frontal
3.73;0.5441687107086182;0.2823556363582611;-0.26966553926467896;0.5969713926315308;0.3472931683063507;-0.14760619401931763;0.5089181661605835;0.34034714102745056;-0.1289644092321396;0.639868438243866;0.3968549966812134;-0.1736830174922943;0.46135348081588745;0.40116676688194275;-0.10222529619932175;0.5734597444534302;0.5700696706771851;-0.0038288470823317766;0.5311515927314758;0.5666452646255493;0.0037943427450954914;0.5651923418045044;0.7118358612060547;0.07410221546888351;0.5276431441307068;0.7199123501777649;0.08712615072727203;0.550748074054718;0.26065673530101774;-0.2775873452425003;0.6989628970623016;0.4217904061079025;-0.34185174107551575;0.3930892199277878;0.43112723529338837;-0.18591782450675964;0.5615948836008707;0.8643391728401184;0.21503072480360666;0.5295551816622416;0.862088938554128;0.24479385217030844;;girando;frontal
3.77;0.5413259267807007;0.2819105386734009;-0.26926934719085693;0.595492422580719;0.347009539604187;-0.14668160676956177;0.5072547793388367;0.34031930565834045;-0.12824197113513947;0.6394556164741516;0.3979842960834503;-0.16243156790733337;0.45952537655830383;0.40130048990249634;-0.09967216104269028;0.5733370184898376;0.5691767930984497;-0.00455334410071373;0.5307101011276245;0.5666348934173584;0.004537203814834356;0.5647013187408447;0.7109420895576477;0.07507434487342834;0.5275254249572754;0.7185189723968506;0.09200409054756165;0.5477325677871704;0.2604256808757782;-0.2772250473499298;0.7005717754364014;0.4288455545902252;-0.3187091201543808;0.39143650978803635;0.4308360368013382;-0.19144891202449799;0.5613314708073934;0.8644665280977885;0.2072566697994868;0.5295886596043905;0.861575980981191;0.24709091087182364;;girando;frontal
3.8;0.5383419990539551;0.2817847430706024;-0.28665658831596375;0.593937337398529;0.3467809557914734;-0.16207538545131683;0.5052285194396973;0.3403019905090332;-0.13542310893535614;0.6397343277931213;0.3995121121406555;-0.15333594381809235;0.4576358199119568;0.40144285559654236;-0.0986122265458107;0.5728970766067505;0.5690351128578186;-0.005742301233112812;0.5299074053764343;0.5669317245483398;0.005723854992538691;0.5644204616546631;0.7106944918632507;0.07813271880149841;0.5270020961761475;0.7185084819793701;0.09575974196195602;0.544722580909729;0.2601198464632034;-0.29524473249912264;0.706068828701973;0.4353369027376175;-0.2886498048901558;0.39001594483852386;0.43145597726106644;-0.1853204481303692;0.5610051949818929;0.8643901745478312;0.21246231098969778;0.5293028354644775;0.8622248967488607;0.24783311287562051;;girando;frontal
3.83;0.536473274230957;0.2818640172481537;-0.2905336916446686;0.5921225547790527;0.3461896777153015;-0.16091609001159668;0.5042778253555298;0.34004345536231995;-0.13940675556659698;0.6394861340522766;0.3996184170246124;-0.14647924900054932;0.4563361406326294;0.4014676809310913;-0.10204625874757767;0.5719578862190247;0.5683754682540894;-0.004036318510770798;0.5283195376396179;0.5669313669204712;0.004024817142635584;0.5637874007225037;0.7093906998634338;0.07874778658151627;0.5261741876602173;0.7174165844917297;0.08800052106380463;0.5426972031593322;0.26013759672641756;-0.29965007305145264;0.7058337777853012;0.4370492398738861;-0.28096842765808105;0.38924794644117355;0.4314747303724289;-0.19355599954724312;0.5609637300173441;0.8643775979677836;0.21718578040599823;0.5295304457346598;0.8620810906092325;0.23756509522596994;;girando;frontal
3.87;0.5348329544067383;0.28187528252601624;-0.28310349583625793;0.5904260277748108;0.3457173705101013;-0.15299129486083984;0.5030906796455383;0.3399122655391693;-0.1374141126871109;0.6393818259239197;0.39976102113723755;-0.13877442479133606;0.4553207755088806;0.40164563059806824;-0.09754102677106857;0.5705316066741943;0.5682679414749146;-0.004990844987332821;0.5263828635215759;0.5670153498649597;0.004972648341208696;0.5628258585929871;0.7084038257598877;0.08030480891466141;0.5248141288757324;0.7164526581764221;0.08849803358316422;0.5409910142421722;0.2599822491407394;-0.29179337471723554;0.7036964297294617;0.43665409088134766;-0.27457239478826523;0.3887825831770897;0.4316340982913971;-0.1951320804655552;0.5608678261439005;0.8643180926640829;0.218929390112559;0.5291606783866882;0.8617781599362692;0.24095368882020315;;girando;frontal
3.9;0.5333768129348755;0.28189817070961;-0.2863476574420929;0.5892804861068726;0.34533458948135376;-0.15952757000923157;0.5022569894790649;0.3398532569408417;-0.1356249749660492;0.6389678120613098;0.4000470042228699;-0.14373120665550232;0.4552915096282959;0.40188056230545044;-0.08819328248500824;0.5693327188491821;0.5678595900535583;-0.0071482546627521515;0.5246620774269104;0.5669649243354797;0.007152601145207882;0.5621567964553833;0.7071414589881897;0.07959422469139099;0.5232716202735901;0.7140575051307678;0.087398000061512;0.5393588423728943;0.25987765192985535;-0.2966575622558594;0.7029480636119843;0.43625012785196304;-0.27247758209705353;0.389611192047596;0.43203254789114;-0.18042220920324326;0.5606781442960104;0.8643068075180054;0.21980292598406473;0.5291662216186523;0.8613035480181376;0.24223988254865012;;vertical;frontal
3.93;0.5318976640701294;0.28192201256752014;-0.286893367767334;0.5878912806510925;0.3445652723312378;-0.16318076848983765;0.5011732578277588;0.33983075618743896;-0.13205109536647797;0.6372262239456177;0.40091150999069214;-0.1486736387014389;0.45536866784095764;0.4025510549545288;-0.07215004414319992;0.5686755776405334;0.567621111869812;-0.009528244845569134;0.5236486196517944;0.5669625997543335;0.009549879468977451;0.561684787273407;0.7072213292121887;0.07190791517496109;0.5224072337150574;0.713354229927063;0.08551785349845886;0.5379408955574035;0.2598267048597336;-0.29728945791721345;0.702678918838501;0.43597058951854706;-0.27836479246616364;0.3902595564723015;0.43260353058576584;-0.15614252910017967;0.56058269739151;0.8643925984700521;0.20943800111611685;0.5286395152409872;0.8608480095863342;0.23741852740446726;;vertical;frontal
3.97;0.5307223200798035;0.2818344831466675;-0.28307047486305237;0.586442768573761;0.3438648283481598;-0.16058607399463654;0.5003286004066467;0.3398142158985138;-0.12865178287029266;0.6355923414230347;0.40116623044013977;-0.1465323269367218;0.455382376909256;0.4031248390674591;-0.06615900993347168;0.5681251287460327;0.5675842761993408;-0.0090769799426198;0.5232076048851013;0.5669901967048645;0.00908892136067152;0.5611887574195862;0.708052933216095;0.07173487544059753;0.5223027467727661;0.7133744955062866;0.08634072542190552;0.5368146896362305;0.259705638885498;-0.2930102452635765;0.7021417915821075;0.43580711632966995;-0.27661021053791046;0.3904987573623657;0.4335627630352974;-0.1418592445552349;0.5601282119750977;0.8642144799232483;0.21651627123355865;0.5285265843073527;0.8603079915046692;0.24666553239027658;;vertical;frontal
4.0;0.5301663875579834;0.2817092835903168;-0.2835544943809509;0.5855728387832642;0.3428431451320648;-0.1635977327823639;0.49980080127716064;0.33980733156204224;-0.12594003975391388;0.6340764164924622;0.4013998210430145;-0.1472800225019455;0.4554870128631592;0.4040068984031677;-0.06789936870336533;0.567805826663971;0.5670787692070007;-0.010299351997673512;0.5228509306907654;0.5667582154273987;0.010288451798260212;0.5607145428657532;0.7098153829574585;0.06170913577079773;0.5220896005630493;0.7132692337036133;0.08397127687931061;0.5361997842788696;0.25960546135902407;-0.2937708184123039;0.7016738206148148;0.43567153811454773;-0.2755468562245369;0.39065349847078323;0.4344392493367195;-0.15367255359888077;0.5583933591842651;0.8633419871330261;0.22295953333377838;0.5285532275835673;0.8586929440498352;0.24711165328820547;;vertical;frontal
4.03;0.5296746492385864;0.2816694676876068;-0.3033757209777832;0.5851262807846069;0.34136098623275757;-0.17655667662620544;0.4995118975639343;0.33966079354286194;-0.1392570286989212;0.6340866088867188;0.4008065462112427;-0.15727335214614868;0.4557635486125946;0.4050823152065277;-0.07526049762964249;0.567537248134613;0.5660906434059143;-0.009946472011506557;0.5221589207649231;0.5650445222854614;0.009928643703460693;0.560094952583313;0.7108413577079773;0.06588635593652725;0.5221417546272278;0.7132836580276489;0.08928810060024261;0.5356680512428283;0.2595834404230118;-0.3149535968899727;0.7018899172544479;0.43551210314035416;-0.2850223034620285;0.39098821580410004;0.4363946244120598;-0.16135983541607857;0.5572962164878845;0.8620408177375793;0.2438773512840271;0.5284082889556885;0.8568916122118632;0.25816414256890613;;vertical;frontal
4.07;0.5295381546020508;0.2816063165664673;-0.30614596605300903;0.5849817991256714;0.3403305113315582;-0.17745378613471985;0.4992693364620209;0.3396207094192505;-0.14330653846263885;0.6338789463043213;0.40072372555732727;-0.15749333798885345;0.4558153450489044;0.40600112080574036;-0.0801195353269577;0.5672208070755005;0.5654737949371338;-0.009668918326497078;0.5216711759567261;0.5639893412590027;0.009642252698540688;0.5594971179962158;0.710882306098938;0.06635574251413345;0.5220356583595276;0.713285505771637;0.09067492932081223;0.5355100810527802;0.2595078647136688;-0.31731865704059603;0.7017525136470795;0.43539950996637344;-0.28558558225631714;0.3909560889005661;0.4391622617840767;-0.16487546637654305;0.5570873618125916;0.8608900109926859;0.2518950452407201;0.5284688671429952;0.8563602964083353;0.263526846965154;;vertical;frontal
4.1;0.5298603773117065;0.28093016147613525;-0.29810595512390137;0.5849114060401917;0.33972010016441345;-0.16988185048103333;0.49950456619262695;0.3396051824092865;-0.14051410555839539;0.633857011795044;0.40036293864250183;-0.1529657244682312;0.45593029260635376;0.40661314129829407;-0.08201491832733154;0.566949725151062;0.5654056668281555;-0.009010483510792255;0.5212382078170776;0.5635485053062439;0.008981923572719097;0.5591504573822021;0.7114225625991821;0.06654609739780426;0.5221771597862244;0.7133111357688904;0.08989018201828003;0.5357347309589386;0.25887354016304015;-0.30825613588094714;0.7017480134963989;0.4351392760872841;-0.2819802239537239;0.3910676911473274;0.44207408279180527;-0.1659877635538578;0.5572953224182129;0.8611478408177694;0.2493118147055308;0.5285550355911255;0.8553001880645752;0.2632998079061508;;vertical;frontal
4.13;0.5298699736595154;0.28017377853393555;-0.29543766379356384;0.584847629070282;0.3391744792461395;-0.16834299266338348;0.49965792894363403;0.33958011865615845;-0.13765858113765717;0.6338685750961304;0.4000360369682312;-0.15158836543560028;0.45607295632362366;0.4072909653186798;-0.0721924677491188;0.5667973756790161;0.565281093120575;-0.008831709623336792;0.5210996270179749;0.5632527470588684;0.008810099214315414;0.5590328574180603;0.7119086384773254;0.06946677714586258;0.5222830772399902;0.7133064866065979;0.08849595487117767;0.5355673849582672;0.258046081662178;-0.3051074638962746;0.7020599246025085;0.43430258333683014;-0.28149713575839996;0.39126913249492645;0.44370490312576294;-0.13943130895495415;0.5574575066566467;0.8614463210105896;0.24509564538796744;0.5285985271135966;0.8548000256220499;0.25719088812669116;;vertical;frontal
4.17;0.5295088291168213;0.2791871428489685;-0.29344913363456726;0.5848014950752258;0.33866220712661743;-0.1716722995042801;0.49982136487960815;0.339389830827713;-0.13563941419124603;0.6339344382286072;0.39967626333236694;-0.15774503350257874;0.45617929100990295;0.4075164794921875;-0.0652165338397026;0.5665433406829834;0.565144956111908;-0.009118194691836834;0.5208895802497864;0.5630908608436584;0.009105932898819447;0.5588847398757935;0.7121731042861938;0.07142481952905655;0.5223438143730164;0.7133170366287231;0.08777540177106857;0.5350299775600433;0.25705166459083556;-0.3032690793275833;0.7026508301496506;0.4334120899438858;-0.2855300083756447;0.39140084385871887;0.44514524191617966;-0.12273004651069641;0.5574733217557272;0.861686627070109;0.24296531081199646;0.5286074876785278;0.8542553186416626;0.2554527223110199;;vertical;frontal
4.2;0.5294360518455505;0.2788391411304474;-0.29486283659935;0.5848454236984253;0.33822211623191833;-0.17600174248218536;0.49995914101600647;0.3391227126121521;-0.1353389173746109;0.6340991258621216;0.39899882674217224;-0.1623428761959076;0.4562038779258728;0.4075686037540436;-0.060375284403562546;0.5663255453109741;0.5650750994682312;-0.00935833714902401;0.520785391330719;0.5626703500747681;0.009352956898510456;0.5588250160217285;0.7130135893821716;0.07239774614572525;0.5223715305328369;0.713134229183197;0.08731669187545776;0.5350143015384674;0.2565836519002914;-0.3057149723172188;0.7033903449773788;0.4328855350613594;-0.2920892462134361;0.39150021970272064;0.44597868621349335;-0.11258256062865257;0.5574629505475363;0.8623640139897665;0.24279887974262238;0.5286434888839722;0.8543199896812439;0.25616370638211566;;vertical;frontal
4.23;0.5295562148094177;0.2779715955257416;-0.3036576509475708;0.5848981738090515;0.33804941177368164;-0.18058207631111145;0.5000623464584351;0.33903512358665466;-0.14137320220470428;0.6341331601142883;0.3978618383407593;-0.165297269821167;0.4562222361564636;0.4075419008731842;-0.06619735807180405;0.5661188364028931;0.5650141835212708;-0.009520960971713066;0.5208161473274231;0.5622896552085876;0.009509383700788021;0.5587438344955444;0.7136806845664978;0.07357905060052872;0.5224137902259827;0.7130290269851685;0.08927576243877411;0.535200709104538;0.2556860029697418;-0.31357834935188295;0.7033677399158478;0.4311854690313339;-0.2968544140458107;0.39162155240774155;0.4462684318423271;-0.12238383293151855;0.557463804880778;0.8627405762672424;0.24977425237496695;0.5286943316459656;0.8539995352427164;0.2669619172811508;;vertical;frontal
4.27;0.5295791625976562;0.2767787575721741;-0.3022949993610382;0.5849456191062927;0.33793893456459045;-0.18315742909908295;0.5001101493835449;0.3389706015586853;-0.1421908587217331;0.6341705918312073;0.39721325039863586;-0.16888920962810516;0.4562934935092926;0.4075257182121277;-0.06810344010591507;0.5660490989685059;0.5649974346160889;-0.010223043151199818;0.5208665132522583;0.5621300935745239;0.010205492377281189;0.5586304068565369;0.7137176394462585;0.07402454316616058;0.5224282741546631;0.7130391001701355;0.09180939942598343;0.5352982819080353;0.2546822175383568;-0.31238166689872743;0.7033306360244751;0.43005409836769104;-0.2990865334868431;0.3917803466320038;0.44628194719552994;-0.12118941359221935;0.5574538906415304;0.86298139890035;0.2488698959350586;0.5287195046742758;0.8541009227434794;0.27071134746074677;;vertical;frontal
4.3;0.5296465754508972;0.27634578943252563;-0.3013494610786438;0.5849777460098267;0.33784666657447815;-0.1792406439781189;0.5001896023750305;0.3389626443386078;-0.1403663456439972;0.6341750025749207;0.3970944285392761;-0.16557849943637848;0.45665737986564636;0.40734443068504333;-0.06367447227239609;0.565911054611206;0.565115749835968;-0.010203724727034569;0.5208973288536072;0.5621345043182373;0.010185930877923965;0.5585824251174927;0.7144992351531982;0.07419643551111221;0.522455096244812;0.713834822177887;0.09110471606254578;0.5353944778442383;0.2542668357491493;-0.3116189822554588;0.7032601684331894;0.42856163531541824;-0.29578928649425507;0.39211685955524445;0.44606108218431473;-0.11642897687852383;0.5574577450752258;0.8630193869272867;0.25016053517659503;0.5287384788195292;0.8541293740272522;0.2697853197654088;;vertical;frontal
4.33;0.5297187566757202;0.27558913826942444;-0.28797125816345215;0.5849909782409668;0.3377819359302521;-0.17050215601921082;0.5003280639648438;0.3389194905757904;-0.1298362761735916;0.6341843605041504;0.3971083462238312;-0.1533578485250473;0.4568765163421631;0.40698784589767456;-0.056715209037065506;0.5657431483268738;0.5655567049980164;-0.010214482434093952;0.5209141373634338;0.5622928738594055;0.010195031762123108;0.5585256814956665;0.715036153793335;0.07441585510969162;0.5224779844284058;0.7143736481666565;0.09278295934200287;0.5354875683784485;0.2535324290394783;-0.29712083339691164;0.7031263411045074;0.4258480966091156;-0.2796346992254257;0.39243199676275253;0.4459415674209595;-0.11000057309865952;0.5575075149536133;0.8629794518152872;0.2528323133786519;0.52873162428538;0.8541998465855917;0.2730119079351425;;vertical;frontal
4.37;0.5301251411437988;0.27552330493927;-0.2874787449836731;0.5850142240524292;0.3376687169075012;-0.16728290915489197;0.5003653764724731;0.3387926518917084;-0.12963570654392242;0.6341489553451538;0.3971171975135803;-0.14820247888565063;0.4569256603717804;0.4068385660648346;-0.060046758502721786;0.5656421780586243;0.5656668543815613;-0.010141696780920029;0.5209474563598633;0.5623012185096741;0.010120982304215431;0.5585252642631531;0.7151862978935242;0.07721664011478424;0.5225505828857422;0.7144714593887329;0.09472908079624176;0.5361972689628601;0.2532848924398422;-0.29616982489824295;0.7028795182704926;0.4240797087550163;-0.27473946660757065;0.3924030289053917;0.44521307200193405;-0.11691284738481045;0.5576263467470804;0.8624599575996399;0.2555859833955765;0.5287351806958517;0.8542027672131857;0.273067166407903;;vertical;frontal
4.4;0.5301632285118103;0.27476149797439575;-0.2833174169063568;0.5850502252578735;0.33752763271331787;-0.1652020812034607;0.5004926919937134;0.3384707272052765;-0.1269361525774002;0.6341294050216675;0.39713096618652344;-0.14647728204727173;0.4572007656097412;0.4065796434879303;-0.05261656641960144;0.5655969977378845;0.5657264590263367;-0.010085688903927803;0.5209731459617615;0.5623089075088501;0.010064873844385147;0.55851149559021;0.7151964902877808;0.08038569241762161;0.5226256251335144;0.7145254611968994;0.09495829045772552;0.5362581789493561;0.25270251780748365;-0.2922797352075577;0.702869176864624;0.4229101464152336;-0.27304573729634285;0.39280080050230026;0.4433189779520035;-0.1018117405474186;0.5576999187469482;0.8619668483734131;0.2611888398726781;0.5287497639656067;0.8541743556658427;0.2734303226073583;;vertical;frontal
4.43;0.5301907062530518;0.27459993958473206;-0.2800905704498291;0.5851069092750549;0.33732739090919495;-0.16225001215934753;0.5006778240203857;0.33808600902557373;-0.1238383874297142;0.6341012120246887;0.39717116951942444;-0.14230401813983917;0.4573223292827606;0.40632665157318115;-0.050166722387075424;0.5655943155288696;0.5659061670303345;-0.010060856118798256;0.5210227370262146;0.5623835325241089;0.01003921777009964;0.5585111975669861;0.7152408957481384;0.08060454577207565;0.5227323770523071;0.7146494388580322;0.09477818757295609;0.5363185465335846;0.2524935737252235;-0.2892242133617401;0.7028923779726028;0.4225299507379532;-0.2674975208938122;0.39286482334136963;0.44165346771478653;-0.10149461776018143;0.5578125317891439;0.8611740271250407;0.26070482035477954;0.5287572344144186;0.8541259169578552;0.27243077258268994;;vertical;frontal
4.47;0.5306443572044373;0.2746202051639557;-0.28018540143966675;0.5852119326591492;0.33725467324256897;-0.162666916847229;0.5007991194725037;0.33768051862716675;-0.12407399713993073;0.6341033577919006;0.39718392491340637;-0.14156301319599152;0.4575687348842621;0.4062064588069916;-0.05372616648674011;0.5655975937843323;0.5659391283988953;-0.01002767775207758;0.5211394429206848;0.5623915195465088;0.010006043128669262;0.5585169196128845;0.7152359485626221;0.08053559809923172;0.5228738784790039;0.7146514058113098;0.094809889793396;0.5369848430156707;0.25249344408512114;-0.29000844061374664;0.7029000520706177;0.42247625440359116;-0.2666354663670063;0.3929510861635208;0.4408179670572281;-0.10722745768725872;0.5579286615053812;0.8609234690666199;0.2589112122853597;0.5287668307622274;0.8540013233820597;0.2725009967883428;;vertical;frontal
4.5;0.53171706199646;0.2746480107307434;-0.2810073494911194;0.5852866768836975;0.33723020553588867;-0.15856888890266418;0.5009729862213135;0.33755218982696533;-0.12521910667419434;0.6338586807250977;0.39719003438949585;-0.1334148645401001;0.457669198513031;0.4058040380477905;-0.05523237958550453;0.5656028985977173;0.566003680229187;-0.009786796756088734;0.5213537812232971;0.5623999834060669;0.009763472713530064;0.5585310459136963;0.7151247262954712;0.08355696499347687;0.5230059623718262;0.7145339846611023;0.09450752288103104;0.5383088886737823;0.25242791324853897;-0.29079782366752627;0.7026598006486893;0.4225129559636116;-0.26197563856840134;0.393241249024868;0.4404538944363594;-0.10981589369475842;0.5579638282457987;0.8602259556452433;0.2634228418270747;0.5287625590960184;0.8535932898521423;0.2725863804419835;;vertical;frontal
4.53;0.5328092575073242;0.27457866072654724;-0.28359395265579224;0.5854044556617737;0.33719485998153687;-0.15763908624649048;0.5011196732521057;0.33746665716171265;-0.13028426468372345;0.6336216330528259;0.3974912464618683;-0.13248752057552338;0.457727313041687;0.4053562879562378;-0.06439138203859329;0.5656108260154724;0.5661130547523499;-0.00830265786498785;0.5214993953704834;0.5624199509620667;0.008269001729786396;0.5585841536521912;0.7151059508323669;0.09182154387235641;0.5230615139007568;0.7144621014595032;0.09444733709096909;0.5393718540668487;0.2521206349134445;-0.2919729068875313;0.702539935708046;0.42324766516685486;-0.2630101293325424;0.39378149807453156;0.44061053544282913;-0.12143167294561863;0.5580023725827535;0.8594840963681539;0.27184560894966125;0.5287684202194214;0.8531430959701538;0.27305323878924054;;vertical;frontal
4.57;0.5335742235183716;0.27374252676963806;-0.2840976417064667;0.5858293771743774;0.3371695280075073;-0.1561117172241211;0.5013003945350647;0.33735740184783936;-0.13082610070705414;0.6333422660827637;0.3995048701763153;-0.13215062022209167;0.458515465259552;0.4056571125984192;-0.07000374048948288;0.565660834312439;0.566116452217102;-0.007497925776988268;0.5215357542037964;0.5623868107795715;0.007459605578333139;0.5586059093475342;0.7149911522865295;0.09493789821863174;0.523068368434906;0.714414656162262;0.09450370818376541;0.540079265832901;0.2509005919098854;-0.2923538237810135;0.702531710267067;0.425814725458622;-0.26437366008758545;0.39474355429410934;0.44245877861976624;-0.1381712295114994;0.5579950412114462;0.8586925069491068;0.2753642201423645;0.528809130191803;0.8527282873789469;0.2737995535135269;;vertical;frontal
4.6;0.5342738032341003;0.27357912063598633;-0.28912216424942017;0.5860182046890259;0.3369933068752289;-0.15710704028606415;0.5013802647590637;0.33717215061187744;-0.13573192059993744;0.6330716609954834;0.40231961011886597;-0.13398072123527527;0.4592202603816986;0.4060048460960388;-0.07739770412445068;0.5657645463943481;0.5660562515258789;-0.006372026167809963;0.521576464176178;0.5621235370635986;0.0063332319259643555;0.558623194694519;0.7144421339035034;0.09953980147838593;0.5231048464775085;0.7136309146881104;0.09440486133098602;0.5407605409622193;0.25034534335136416;-0.2965396374464035;0.7020956128835678;0.43129830062389374;-0.2650744840502739;0.3960563614964485;0.44817357510328293;-0.14873196929693222;0.5580071210861206;0.857800304889679;0.27656543751557666;0.5288460652033488;0.8521306316057841;0.2735008050998052;;vertical;frontal
4.63;0.5347632765769958;0.27357155084609985;-0.2932848632335663;0.5860311985015869;0.3369201123714447;-0.1576458066701889;0.5015133023262024;0.3370342552661896;-0.13676106929779053;0.6309589743614197;0.40617790818214417;-0.13133756816387177;0.46114516258239746;0.40769243240356445;-0.07595060765743256;0.5657684803009033;0.5654772520065308;-0.005887472536414862;0.5215882658958435;0.561060905456543;0.005845694802701473;0.558663547039032;0.7140224575996399;0.09766015410423279;0.5231477618217468;0.7125973105430603;0.09422117471694946;0.5412421941757202;0.24998545050621032;-0.30027024298906324;0.7003510892391205;0.43817608803510666;-0.26578710600733757;0.39909040182828903;0.45576217770576477;-0.1489267311990261;0.5580184459686279;0.857013205687205;0.2735939472913742;0.5289477904637655;0.8509939908981323;0.2730148335297902;;vertical;frontal
4.67;0.5351530909538269;0.27317291498184204;-0.2935321629047394;0.5861145257949829;0.3368101418018341;-0.15769115090370178;0.5018014311790466;0.3368021249771118;-0.1408594399690628;0.6299924254417419;0.4112851321697235;-0.12937626242637634;0.4623555541038513;0.41205549240112305;-0.09431769698858261;0.5658894181251526;0.5646639466285706;-0.004748845007270575;0.5217131972312927;0.5599965453147888;0.00468024704605341;0.5586966276168823;0.7137731313705444;0.09650071710348129;0.5233924388885498;0.7116284966468811;0.09423525631427765;0.5415990352630615;0.24884289354085923;-0.3008984923362732;0.6983062326908112;0.4542868360877037;-0.25577688217163086;0.40109749138355255;0.4677729308605194;-0.182802502065897;0.5580241481463114;0.8568693598111471;0.26700659096241;0.5290664831797282;0.8502655625343323;0.2708050509293874;;vertical;frontal
4.7;0.5353187322616577;0.27299389243125916;-0.28624391555786133;0.5861241221427917;0.3365820050239563;-0.14623981714248657;0.5023705363273621;0.3366512060165405;-0.13500861823558807;0.628336489200592;0.4140625;-0.11157041043043137;0.46410641074180603;0.4166252017021179;-0.09220705181360245;0.565967857837677;0.5639399886131287;-0.0035199010744690895;0.5218577980995178;0.5589783191680908;0.0034354492090642452;0.5587023496627808;0.7132067084312439;0.09637334942817688;0.5236243009567261;0.710247278213501;0.09349899739027023;0.5417198240756989;0.24835680574178695;-0.29254310876131057;0.6919499933719635;0.46492525935173035;-0.24245475232601166;0.4046996086835861;0.4800765663385391;-0.203257754445076;0.5580518444379171;0.8564971288045248;0.2646664281686147;0.5291722019513448;0.8498437603314718;0.2658161073923111;;vertical;frontal
4.73;0.5354775190353394;0.2723199427127838;-0.2868242561817169;0.5861319899559021;0.3365681767463684;-0.1495034247636795;0.5032004117965698;0.33629411458969116;-0.13478638231754303;0.6264694333076477;0.4205409586429596;-0.11602335423231125;0.46588969230651855;0.41955554485321045;-0.09175232797861099;0.5660541653633118;0.5634213089942932;-0.0030924188904464245;0.5220126509666443;0.5583668947219849;0.003003261750563979;0.558707594871521;0.7126832604408264;0.09626739472150803;0.5239703059196472;0.7096147537231445;0.09323453158140182;0.5417930662631989;0.24735235273838044;-0.29307734668254853;0.6852480620145798;0.48103997856378555;-0.24551290273666382;0.4092218279838562;0.48934196680784225;-0.20241567865014076;0.5580835739771525;0.856294572353363;0.26409271359443665;0.5292661984761556;0.8495730956395467;0.26531319320201874;;vertical;frontal
4.77;0.5354898571968079;0.2714189887046814;-0.2765868306159973;0.5859337449073792;0.3362140953540802;-0.1437143087387085;0.5040457248687744;0.33578136563301086;-0.12403833866119385;0.622228741645813;0.4235522150993347;-0.11070128530263901;0.47109824419021606;0.42434847354888916;-0.08995533734560013;0.5661231875419617;0.5614967346191406;-0.0019784444011747837;0.5221582651138306;0.5566167831420898;0.0018977334257215261;0.5586879849433899;0.7115999460220337;0.0867898240685463;0.5244888663291931;0.7087562084197998;0.07888732105493546;0.5417976975440979;0.24686573892831803;-0.28338282704353335;0.6728646457195282;0.4925289526581764;-0.24333680048584938;0.41492223739624023;0.5023473724722862;-0.18904906138777733;0.5581862529118856;0.8562595248222351;0.23823095858097076;0.5294550458590189;0.8496340115865072;0.23991002142429352;;vertical;frontal
4.8;0.5354496836662292;0.27118974924087524;-0.2855631411075592;0.5858383774757385;0.33619990944862366;-0.14433753490447998;0.5044840574264526;0.3357766270637512;-0.1382141262292862;0.6177268028259277;0.4315374493598938;-0.11195377260446548;0.47393691539764404;0.4306325316429138;-0.1052761822938919;0.5661595463752747;0.560451865196228;0.00019985887047369033;0.5222775936126709;0.5559760332107544;-0.00028828936046920717;0.5586820840835571;0.710672914981842;0.07861916720867157;0.5251444578170776;0.7078552842140198;0.06551245599985123;0.5416368961334228;0.24679135233163835;-0.29178345650434495;0.6660554260015488;0.5139803811907768;-0.23024016246199608;0.42096593976020813;0.5185258388519287;-0.21069759503006935;0.5583733320236206;0.8562970360120138;0.2259756326675415;0.5296075542767843;0.8500936428705851;0.22103441258271536;;vertical;frontal
4.83;0.5353711843490601;0.27120622992515564;-0.2841123938560486;0.5857369899749756;0.33627089858055115;-0.14519044756889343;0.5051434636116028;0.33577290177345276;-0.13781459629535675;0.6131199598312378;0.43740779161453247;-0.09924068301916122;0.4789605736732483;0.43351995944976807;-0.09762018173933029;0.5663036108016968;0.55925053358078;-3,78E+10;0.5224395990371704;0.5552922487258911;-4,64E+10;0.5586661696434021;0.7078142166137695;0.07223594188690186;0.5258297920227051;0.7064646482467651;0.06217321753501892;0.5414275228977203;0.2468038707971573;-0.29044184684753416;0.6543074250221252;0.528243213891983;-0.2069641537964344;0.4334765300154686;0.5270435810089111;-0.19790275022387505;0.5585826834042867;0.8562913139661154;0.21804516514142355;0.529700775941213;0.8513562679290771;0.21284379065036774;;vertical;frontal
4.87;0.5351637601852417;0.27100884914398193;-0.2837978005409241;0.5856826901435852;0.33683881163597107;-0.14630062878131866;0.5057457685470581;0.3358316123485565;-0.1372397243976593;0.6074511408805847;0.4478682577610016;-0.09831775724887848;0.48434749245643616;0.4388488829135895;-0.09435584396123886;0.5662686228752136;0.5589577555656433;-0.0003336395020596683;0.5225253701210022;0.5549496412277222;0.0002524841402191669;0.5586602687835693;0.7076441645622253;0.07024570554494858;0.5263803601264954;0.706061601638794;0.06452739983797073;0.5412012577056885;0.2466034173965454;-0.290259362757206;0.6430102735757828;0.5407956689596176;-0.20370012521743774;0.4459645226597786;0.5355203002691269;-0.1922316513955593;0.5587010184923807;0.8562321066856384;0.22544745107491812;0.5298396547635397;0.8524633447329203;0.22554715474446616;;vertical;frontal
4.9;0.5350682139396667;0.27045974135398865;-0.2757211923599243;0.5856635570526123;0.3374555706977844;-0.14713154733181;0.5062743425369263;0.33586564660072327;-0.1223292276263237;0.602389395236969;0.45328500866889954;-0.10418219119310379;0.4888150691986084;0.4424174427986145;-0.0627913773059845;0.5662705898284912;0.5591157674789429;-0.001970465760678053;0.5225655436515808;0.5550126433372498;0.0018785839201882482;0.558975100517273;0.707741379737854;0.0511116124689579;0.5265489816665649;0.706063985824585;0.061728157103061676;0.5411600887775421;0.24612180441617965;-0.28372555673122407;0.6139336973428726;0.5643283724784851;-0.20514487847685814;0.4552004113793373;0.5471941381692886;-0.1524302400648594;0.559104343255361;0.8558452328046163;0.21893788377443948;0.5299909710884094;0.8526848554611206;0.23104164004325867;;vertical;frontal
