segundo;landmark_10_x;landmark_10_y;landmark_10_z;landmark_11_x;landmark_11_y;landmark_11_z;landmark_12_x;landmark_12_y;landmark_12_z;landmark_13_x;landmark_13_y;landmark_13_z;landmark_14_x;landmark_14_y;landmark_14_z;landmark_23_x;landmark_23_y;landmark_23_z;landmark_24_x;landmark_24_y;landmark_24_z;landmark_25_x;landmark_25_y;landmark_25_z;landmark_26_x;landmark_26_y;landmark_26_z;cara_prom_x;cara_prom_y;cara_prom_z;mano_izquierda_prom_x;mano_izquierda_prom_y;mano_izquierda_prom_z;mano_derecha_prom_x;mano_derecha_prom_y;mano_derecha_prom_z;pie_izquierdo_prom_x;pie_izquierdo_prom_y;pie_izquierdo_prom_z;pie_derecho_prom_x;pie_derecho_prom_y;pie_derecho_prom_z
0.03;0.5424897074699402;0.3007614314556122;-0.19336476922035217;0.5910245180130005;0.3673505187034607;-0.08142825961112976;0.5126070976257324;0.3579636216163635;-0.05979328230023384;0.6020315289497375;0.47409194707870483;-0.05585840344429016;0.5050554275512695;0.47017544507980347;-0.017041290178894997;0.5709595084190369;0.5796511769294739;-0.007952975109219551;0.5297417044639587;0.5754408240318298;0.007907017134130001;0.5665232539176941;0.7201979160308838;0.014400443993508816;0.5326066613197327;0.7226533889770508;0.035815950483083725;0.5493182301521301;0.27604828476905824;-0.1982569321990013;0.6018287092447281;0.5796176344156265;-0.17527096346020699;0.5051694065332413;0.582991823554039;-0.1199682280421257;0.5651400287946066;0.8659882744153341;0.1624619464079539;0.536917507648468;0.8739591439565023;0.17295271158218384
0.07;0.543712854385376;0.29890963435173035;-0.19668039679527283;0.5911834836006165;0.36722859740257263;-0.0778200551867485;0.5129595994949341;0.3587128818035126;-0.06798996776342392;0.6021035313606262;0.474829763174057;-0.03807960823178291;0.5064873695373535;0.4706607162952423;-0.032342080026865005;0.5723929405212402;0.5795837640762329;-0.00514250248670578;0.5308762788772583;0.5756790637969971;0.005104042589664459;0.5682969689369202;0.7206268310546875;0.010964345186948776;0.532838761806488;0.722719132900238;0.02190542034804821;0.5499417185783386;0.2754724740982056;-0.20104804784059524;0.6025169044733047;0.5820271819829941;-0.14718559570610523;0.506122037768364;0.5843374282121658;-0.13483809679746628;0.5658426880836487;0.8666742245356241;0.14655057589213052;0.537322203318278;0.8737910787264506;0.14988010625044504
0.1;0.5446159839630127;0.2975628972053528;-0.19469477236270905;0.5911953449249268;0.3671324849128723;-0.07029829919338226;0.513207733631134;0.35902372002601624;-0.06749655306339264;0.6021707057952881;0.4749738574028015;-0.030663201585412025;0.5071394443511963;0.470840722322464;-0.03509417176246643;0.5731495022773743;0.5792129039764404;-0.003361466573551297;0.5314444303512573;0.5756819248199463;0.0033253009896725416;0.5692929029464722;0.7214357256889343;0.007933325134217739;0.532952606678009;0.722787082195282;0.016542281955480576;0.5504705429077148;0.2748839557170868;-0.19807153046131135;0.6029485166072845;0.5826340019702911;-0.1402798742055893;0.5073570907115936;0.5851726084947586;-0.1377883069217205;0.5660801728566488;0.8674258391062418;0.1380510926246643;0.5376954078674316;0.8734638293584188;0.14163491129875183
0.13;0.5452014803886414;0.2971768081188202;-0.1844581961631775;0.5912356972694397;0.36711692810058594;-0.06149742007255554;0.5134956240653992;0.35914868116378784;-0.060371123254299164;0.6022181510925293;0.4750891327857971;-0.02682354673743248;0.5073206424713135;0.4708242416381836;-0.03143013268709183;0.5733073353767395;0.5791349411010742;-0.00332986400462687;0.5317906737327576;0.575684666633606;0.0032991713378578424;0.5696563124656677;0.7224120497703552;0.0053268913179636;0.5330730676651001;0.7229185700416565;0.01763809286057949;0.5508501052856445;0.27467182874679563;-0.1873559035360813;0.6031025797128677;0.5828548818826675;-0.14096180349588394;0.5084111988544464;0.5852408111095428;-0.13493626564741135;0.5662988225618998;0.8675931692123413;0.140509066482385;0.5381067593892416;0.8732142249743143;0.14709016432364783
0.17;0.5455852746963501;0.2970579266548157;-0.19035550951957703;0.591316282749176;0.3671550452709198;-0.06580520421266556;0.513611912727356;0.3592672348022461;-0.06471453607082367;0.602238655090332;0.47594699263572693;-0.03032291866838932;0.5073884725570679;0.4708106219768524;-0.036093682050704956;0.5737392902374268;0.5791346430778503;-0.0031978704500943422;0.5323814153671265;0.5759932398796082;0.0031693822238594294;0.5699033141136169;0.7227810025215149;0.005864289589226246;0.5331258773803711;0.7232118844985962;0.020190929993987083;0.5511619925498963;0.27446566224098207;-0.19256864935159684;0.6031091809272766;0.5841853320598602;-0.14258025772869587;0.5092308819293976;0.5855668634176254;-0.14053953997790813;0.5665761431058248;0.8674065073331197;0.14309952656428018;0.5382928848266602;0.8726311326026917;0.15135360012451807
0.2;0.5456552505493164;0.29713112115859985;-0.1846896857023239;0.5913624167442322;0.36715441942214966;-0.059428006410598755;0.5137115120887756;0.3593636155128479;-0.05692916363477707;0.6022436022758484;0.4760974049568176;-0.026985999196767807;0.5073804259300232;0.4707717001438141;-0.03506319969892502;0.5741121768951416;0.578635036945343;-0.00337351206690073;0.5328486561775208;0.5759943723678589;0.0033422706183046103;0.5703527927398682;0.7228573560714722;0.005445593968033791;0.5332198739051819;0.7233635187149048;0.020825836807489395;0.5512953877449036;0.2744700312614441;-0.18721354454755784;0.60301873087883;0.5845646858215332;-0.14167109318077564;0.5102072060108185;0.5859381258487701;-0.1376061737537384;0.5669939319292704;0.8673866192499796;0.1454767088095347;0.5386269489924113;0.8724033037821451;0.15351027995347977
0.23;0.5456766486167908;0.2971687614917755;-0.18353548645973206;0.5913631916046143;0.3671520948410034;-0.059900976717472076;0.5137876868247986;0.3594003915786743;-0.05600966885685921;0.602235734462738;0.47620928287506104;-0.02853473089635372;0.5073592662811279;0.47066232562065125;-0.03284725919365883;0.5744072198867798;0.5778430700302124;-0.003472323762252927;0.5332711338996887;0.5758645534515381;0.003445225302129984;0.5709047913551331;0.7228305339813232;0.005620452109724283;0.5334288477897644;0.7232430577278137;0.021307457238435745;0.5513374745845795;0.27447757720947263;-0.18631032705307007;0.6027487814426422;0.5853339582681656;-0.1420227847993374;0.511331707239151;0.5860271006822586;-0.1361005362123251;0.5674191315968832;0.8674681584040324;0.14102844645579657;0.5389123956362406;0.872314989566803;0.15083242456118265
0.27;0.5457015037536621;0.2972213327884674;-0.17708668112754822;0.591363787651062;0.3671491742134094;-0.05706813558936119;0.5138451457023621;0.35955220460891724;-0.05105401948094368;0.6021264791488647;0.4762207865715027;-0.029910434037446976;0.507340669631958;0.4706559181213379;-0.030380580574274063;0.5745306611061096;0.5772049427032471;-0.0035017237532883883;0.5336110591888428;0.5756558775901794;0.003484839340671897;0.5713633894920349;0.7226617932319641;0.006155802868306637;0.5337151288986206;0.7230261564254761;0.021563075482845306;0.5513896226882935;0.2744884639978409;-0.17972337529063226;0.6018940955400467;0.5852554142475128;-0.14472141489386559;0.512167364358902;0.5861484408378601;-0.13341645523905754;0.5678935647010803;0.8675019343694051;0.1342202996214231;0.5392820835113525;0.8724295695622762;0.14620100458463034
0.3;0.5457026362419128;0.2974582016468048;-0.17936211824417114;0.5913612246513367;0.3671492040157318;-0.05908829718828201;0.5138829350471497;0.35973116755485535;-0.05259958654642105;0.6021223664283752;0.47622889280319214;-0.03110244870185852;0.5073258280754089;0.47065451741218567;-0.029911115765571594;0.5746123194694519;0.5766744613647461;-0.0042168693616986275;0.5339933037757874;0.5753930807113647;0.0042128595523536205;0.5716148018836975;0.7221978902816772;0.00649534584954381;0.5340696573257446;0.7228168845176697;0.021780695766210556;0.5514033079147339;0.2745725929737091;-0.1824399635195732;0.6006011813879013;0.5851872265338898;-0.14518476650118828;0.5124539583921432;0.5862971842288971;-0.13356422632932663;0.568136473496755;0.86740114291509;0.13261631379524866;0.5394038160641988;0.8723671634991964;0.14626608540614447
0.33;0.5456875562667847;0.29754412174224854;-0.17790624499320984;0.5913946628570557;0.36714881658554077;-0.060625962913036346;0.5139933228492737;0.3599627614021301;-0.05034822225570679;0.6021115779876709;0.4762285649776459;-0.03157547861337662;0.5073255300521851;0.47066742181777954;-0.025932908058166504;0.5747436881065369;0.5764709115028381;-0.005096120294183493;0.5341726541519165;0.5752240419387817;0.005102961324155331;0.5718134641647339;0.7218644618988037;0.006774159613996744;0.5344149470329285;0.722777783870697;0.021863367408514023;0.5514045774936676;0.27457475066185;-0.18099489137530328;0.5988037288188934;0.5853194743394852;-0.14643405005335808;0.512727752327919;0.5864335298538208;-0.12940064817667007;0.5683685342470804;0.867321769396464;0.13197924693425497;0.539568285147349;0.8723202149073283;0.14653199662764868
0.37;0.5456748604774475;0.2975800335407257;-0.17307621240615845;0.591419517993927;0.3670783042907715;-0.05928172171115875;0.5141358375549316;0.3602055609226227;-0.04542309418320656;0.602053165435791;0.47616052627563477;-0.03224790096282959;0.50737065076828;0.47068268060684204;-0.019378377124667168;0.5749127864837646;0.5763972997665405;-0.006042215973138809;0.5344473123550415;0.5751716494560242;0.006054136902093887;0.5718479752540588;0.7216728329658508;0.006125479470938444;0.5346620678901672;0.7227792739868164;0.022808918729424477;0.551404458284378;0.2745178610086441;-0.17607093453407288;0.5965956151485443;0.58587945997715;-0.14571330323815346;0.5128119140863419;0.5865087360143661;-0.12255917303264141;0.5686834653218588;0.8672838807106018;0.13443400959173837;0.5397376219431559;0.8722333312034607;0.1473167488972346
0.4;0.5456922054290771;0.29759132862091064;-0.16642235219478607;0.5914371609687805;0.367062509059906;-0.05476415902376175;0.5142576098442078;0.3603735864162445;-0.03924551606178284;0.601965606212616;0.4761601984500885;-0.031127985566854477;0.5075738430023193;0.4707305133342743;-0.013799075968563557;0.5750325918197632;0.5764111876487732;-0.006883698049932718;0.5345572829246521;0.575205385684967;0.006900280248373747;0.5719441175460815;0.7217077612876892;0.0028162298258394003;0.534858763217926;0.7229762673377991;0.022979363799095154;0.5514297485351562;0.2744781970977783;-0.16905643567442893;0.5953555405139923;0.5871544927358627;-0.1448021586984396;0.5129269659519196;0.5868538171052933;-0.11907914467155933;0.5690133372942606;0.8672839204470316;0.13435386617978415;0.5399105548858643;0.8722323179244995;0.14813113709290823
0.43;0.5457147359848022;0.2975980043411255;-0.16265453398227692;0.5914456248283386;0.36697518825531006;-0.05183359235525131;0.5144191980361938;0.36048462986946106;-0.03627951815724373;0.601716160774231;0.4761701822280884;-0.029940366744995117;0.507892370223999;0.47081175446510315;-0.011500898748636246;0.5751901865005493;0.576347291469574;-0.00768522173166275;0.5346224308013916;0.5752003788948059;0.007705289870500565;0.5719701051712036;0.7216718792915344;-6.636045145569369e-05;0.5350050926208496;0.7230414748191833;0.023027248680591583;0.5514573395252228;0.27444256842136383;-0.16532326489686966;0.5939523875713348;0.5877387076616287;-0.1432603131979704;0.5129660367965698;0.587147980928421;-0.1173888947814703;0.5694461862246195;0.8674190441767374;0.12965071201324463;0.5401085416475931;0.8722070256868998;0.1484618534644445
0.47;0.5458047389984131;0.29740265011787415;-0.16502778232097626;0.5914549231529236;0.3668109178543091;-0.053518809378147125;0.514602780342102;0.3605579137802124;-0.03748443350195885;0.601498544216156;0.476120263338089;-0.030468236654996872;0.5082517862319946;0.4710402190685272;-0.011278808116912842;0.5752868056297302;0.5761497020721436;-0.008285445161163807;0.5347161293029785;0.575063169002533;0.008303426206111908;0.5720731019973755;0.7214097380638123;-0.0015627924585714936;0.5351551175117493;0.7229364514350891;0.022928724065423012;0.5515249907970429;0.2743588536977768;-0.16788135394454;0.5928906947374344;0.5877726376056671;-0.14392566308379173;0.5129193961620331;0.5878886878490448;-0.11643766239285469;0.5697789986928304;0.8675893743832906;0.12680774678786597;0.5402864615122477;0.8722715576489767;0.14810836563507715
0.5;0.5458152294158936;0.2973802983760834;-0.16665683686733246;0.591546893119812;0.36675962805747986;-0.054746340960264206;0.5147321224212646;0.360657274723053;-0.03899271413683891;0.601434588432312;0.4761189818382263;-0.03125358000397682;0.5084947943687439;0.4713245928287506;-0.012160134501755238;0.5754609107971191;0.5762044191360474;-0.008422971703112125;0.5348175168037415;0.5751277208328247;0.008439312689006329;0.5721731781959534;0.7213595509529114;-0.0008644993067719042;0.5352855324745178;0.7229996919631958;0.02299061045050621;0.551559442281723;0.2743057131767273;-0.16961900740861893;0.5929089337587357;0.5877135992050171;-0.14424558356404305;0.5128683298826218;0.5887357741594315;-0.11679410003125668;0.5700690547625223;0.8675811886787415;0.12903276334206262;0.5405979553858439;0.8723381161689758;0.14850766211748123
0.53;0.5458829998970032;0.2974030375480652;-0.16806092858314514;0.5916447639465332;0.3666788935661316;-0.055089715868234634;0.5148664116859436;0.36068201065063477;-0.04025649651885033;0.6014096140861511;0.47610852122306824;-0.03218919783830643;0.5086202621459961;0.4714607298374176;-0.0127829909324646;0.5755808353424072;0.5760391354560852;-0.008409881964325905;0.534870982170105;0.575110673904419;0.008425258100032806;0.5721988081932068;0.7209721803665161;-0.0003786055895034224;0.5353882908821106;0.722983181476593;0.022587427869439125;0.5516220986843109;0.274344003200531;-0.1709732435643673;0.5930830836296082;0.587667852640152;-0.14479035884141922;0.5128279030323029;0.5902497917413712;-0.1175366286188364;0.5702018340428671;0.8677598635355631;0.12675528724988303;0.5408395330111185;0.8724817832310995;0.14600744595130286
0.57;0.545881986618042;0.29739177227020264;-0.16850246489048004;0.5918383002281189;0.36661863327026367;-0.05570554733276367;0.5150794386863708;0.3606841266155243;-0.04060361161828041;0.6014202833175659;0.4761076867580414;-0.03363917022943497;0.5088554620742798;0.47148722410202026;-0.012891869060695171;0.5756863355636597;0.5758669972419739;-0.008738122880458832;0.534892201423645;0.5750542879104614;0.008750616572797298;0.572212278842926;0.7207635641098022;-0.0017630065558478236;0.5354775786399841;0.7229452133178711;0.022573275491595268;0.5516315162181854;0.27428929805755614;-0.17166632041335106;0.5933617651462555;0.5878264904022217;-0.14501539804041386;0.5127214789390564;0.5908371210098267;-0.11725852265954018;0.570328931013743;0.8680683573087057;0.12509206185738245;0.540960689385732;0.8725890517234802;0.14630174388488135
0.6;0.5458653569221497;0.29739654064178467;-0.16685248911380768;0.5919002890586853;0.36656028032302856;-0.05598820000886917;0.5152177214622498;0.3606869578361511;-0.03901047259569168;0.6014204025268555;0.47600430250167847;-0.033680424094200134;0.5088951587677002;0.471475213766098;-0.011939401738345623;0.5756986141204834;0.57550048828125;-0.00903494656085968;0.5348983407020569;0.5748716592788696;0.009045607410371304;0.5722101926803589;0.7206476330757141;-0.00297713465988636;0.5355916023254395;0.7229740023612976;0.022559652104973793;0.5516304612159729;0.2742856502532959;-0.17021724507212638;0.5937857329845428;0.5877854526042938;-0.14527376741170883;0.5124946236610413;0.5912867188453674;-0.1163223572075367;0.5705377658208212;0.8685513536135355;0.12261931970715523;0.541094700495402;0.872802197933197;0.14610276619593301
0.64;0.545863926410675;0.2974002957344055;-0.16605986654758453;0.5919432044029236;0.36651477217674255;-0.05618671700358391;0.5152928233146667;0.36069488525390625;-0.03951423615217209;0.6014257669448853;0.47586187720298767;-0.03371567651629448;0.5089361667633057;0.4716578722000122;-0.012320426292717457;0.5757040977478027;0.5752987265586853;-0.009017018601298332;0.5349032878875732;0.5747509002685547;0.009026371873915195;0.5722268223762512;0.7206444144248962;-0.003250811481848359;0.5357373952865601;0.7229872941970825;0.021843187510967255;0.5516320645809174;0.27426503896713256;-0.16940146908164025;0.5950175821781158;0.587728813290596;-0.14540353417396545;0.5124483704566956;0.5924813151359558;-0.11685702577233315;0.5707911054293314;0.8694193363189697;0.11757613221804301;0.5412607789039612;0.8730450868606567;0.14171957472960153
0.67;0.545863151550293;0.29740530252456665;-0.16865728795528412;0.5920190811157227;0.36647722125053406;-0.05922480300068855;0.5153436660766602;0.36069539189338684;-0.04180699586868286;0.6015945076942444;0.4758593738079071;-0.03536281734704971;0.5089503526687622;0.47183406352996826;-0.01423835102468729;0.5757453441619873;0.5752659440040588;-0.009010886773467064;0.5349013209342957;0.5746983289718628;0.009018506854772568;0.5722386837005615;0.7206659317016602;-0.0032657680567353964;0.5358433127403259;0.7230494618415833;0.021685723215341568;0.5516513824462891;0.2742628812789917;-0.17237935736775398;0.5964309275150299;0.5876404345035553;-0.14575187861919403;0.5123375356197357;0.5932351499795914;-0.1173147913068533;0.5708257754643759;0.8695819775263468;0.11873013277848561;0.5413332184155782;0.8732757170995077;0.14192495246728262
0.7;0.5458894371986389;0.2974049150943756;-0.1721058189868927;0.5920650959014893;0.3664282560348511;-0.060534022748470306;0.5153793692588806;0.36071932315826416;-0.04527828469872475;0.6017070412635803;0.47596433758735657;-0.03544601425528526;0.5089552998542786;0.47213229537010193;-0.01783197931945324;0.5757549405097961;0.5752515196800232;-0.00892576016485691;0.5348967909812927;0.5746911764144897;0.008930706419050694;0.5722319483757019;0.720697283744812;-0.003005759557709098;0.5359166860580444;0.7232478857040405;0.02099735289812088;0.5516993224620819;0.27425855994224546;-0.17588164284825325;0.59775410592556;0.5874571651220322;-0.14581995643675327;0.5122717767953873;0.5935942977666855;-0.12070572189986706;0.5708539684613546;0.8696466485659281;0.11968956018487613;0.5413944323857626;0.8736911217371622;0.14081332087516785
0.74;0.5460906028747559;0.29736313223838806;-0.18321238458156586;0.592171847820282;0.36643660068511963;-0.066595658659935;0.5154112577438354;0.36077433824539185;-0.05636812746524811;0.6019615530967712;0.4763624966144562;-0.03558458760380745;0.5089555382728577;0.4725094139575958;-0.026396185159683228;0.5758031606674194;0.5753287076950073;-0.008488957770168781;0.534916341304779;0.5748043060302734;0.008480675518512726;0.5722765922546387;0.7210658192634583;-0.001947971642948687;0.5359958410263062;0.7238454818725586;0.020723948255181313;0.5519236981868744;0.2741995811462402;-0.1868078850209713;0.5989875048398972;0.5874662548303604;-0.1432909406721592;0.5121789276599884;0.5937401503324509;-0.12731767445802689;0.5708958705266317;0.8697582284609476;0.12074439848462741;0.5415001312891642;0.8740810950597128;0.13970251381397247
0.77;0.5462543964385986;0.2973501980304718;-0.18155193328857422;0.5922979116439819;0.3664495348930359;-0.06639028340578079;0.5155030488967896;0.36112338304519653;-0.054676029831171036;0.6024465560913086;0.4765967130661011;-0.035578653216362;0.5090569257736206;0.47313392162323;-0.02500818856060505;0.5758556127548218;0.5757027864456177;-0.008444461971521378;0.5349704623222351;0.5751774907112122;0.008433321490883827;0.5722723603248596;0.721222460269928;-0.0018507277127355337;0.5360639095306396;0.7240794897079468;0.020710894837975502;0.5520662486553192;0.2741782605648041;-0.18502458557486534;0.6003466099500656;0.5874242037534714;-0.14307061210274696;0.5121610760688782;0.5938463360071182;-0.12643864937126637;0.570936401685079;0.8698944250742594;0.12136229251821835;0.5416003465652466;0.8743310769399008;0.1402079959710439
0.8;0.5463947653770447;0.2971149682998657;-0.19184716045856476;0.592582106590271;0.3664739429950714;-0.07462074607610703;0.5155956745147705;0.3613162338733673;-0.06340271979570389;0.6032318472862244;0.4771600067615509;-0.03927703946828842;0.5091202855110168;0.4736380875110626;-0.030891934409737587;0.5760416388511658;0.5762361884117126;-0.008195449598133564;0.5350873470306396;0.5758010745048523;0.008172554895281792;0.5722919702529907;0.721576988697052;0.0003076431748922914;0.5361632704734802;0.7244832515716553;0.020804239436984062;0.5522179305553436;0.2739905774593353;-0.1954185448586941;0.601626843214035;0.587724432349205;-0.14386452548205853;0.5121497958898544;0.5938775092363358;-0.13129797950387;0.5710183183352152;0.870128850142161;0.12538799891869226;0.5417225559552511;0.8746734658877054;0.14045030872027078
0.84;0.5463988184928894;0.29700538516044617;-0.1936616748571396;0.5928446054458618;0.3664756417274475;-0.07796560972929001;0.5156405568122864;0.36175867915153503;-0.06322449445724487;0.603758692741394;0.4778466522693634;-0.04304230585694313;0.5091659426689148;0.4746066927909851;-0.029716726392507553;0.5762103796005249;0.5774199366569519;-0.008188867010176182;0.5352338552474976;0.5771721005439758;0.008164086379110813;0.5724177360534668;0.7226340174674988;0.0011346518294885755;0.5362175703048706;0.7255176305770874;0.021877039223909378;0.5522251963615418;0.2739745706319809;-0.19749520123004913;0.60238878428936;0.5889109820127487;-0.14749717339873314;0.5121478736400604;0.5938913524150848;-0.13071301020681858;0.5712332526842753;0.8703589836756388;0.13650412360827127;0.5418907602628072;0.8750405311584473;0.14919732759396234
0.87;0.5463921427726746;0.2970070242881775;-0.19796933233737946;0.5931257605552673;0.3664953410625458;-0.0814371407032013;0.515744149684906;0.36201339960098267;-0.06534082442522049;0.6041311025619507;0.47845137119293213;-0.04490412026643753;0.5092564225196838;0.4749508202075958;-0.030259914696216583;0.5763443112373352;0.5776651501655579;-0.008190234191715717;0.5353828072547913;0.5774937272071838;0.008164478465914726;0.5724748969078064;0.7231160402297974;0.0013213795609772205;0.5362398624420166;0.7256748080253601;0.022843096405267715;0.5522172331809998;0.27401265799999236;-0.2022365763783455;0.6028472185134888;0.5896325558423996;-0.14846659824252129;0.512182891368866;0.5939133316278458;-0.13112829998135567;0.5712719559669495;0.8705288569132487;0.13767492274443308;0.5419775048891703;0.8751055796941122;0.15193835894266763
0.9;0.546409010887146;0.2970205843448639;-0.2001592367887497;0.5934205055236816;0.3667159676551819;-0.0834885984659195;0.5158112645149231;0.362455278635025;-0.06663251668214798;0.6044220924377441;0.47921356558799744;-0.04686153307557106;0.5092999935150146;0.4754367172718048;-0.030614299699664116;0.5764241814613342;0.5783770084381104;-0.00818699412047863;0.5355040431022644;0.5780121088027954;0.008161397650837898;0.5725471377372742;0.7237557172775269;0.00229850597679615;0.5362676978111267;0.7260961532592773;0.024361608549952507;0.5522392094135284;0.2740424692630768;-0.20426126420497895;0.6031501889228821;0.5908849090337753;-0.15031339600682259;0.5123051702976227;0.5938814729452133;-0.13166441768407822;0.5712791482607523;0.8705968062082926;0.14130190759897232;0.5420123338699341;0.8751519918441772;0.15564910819133124
0.94;0.5464245080947876;0.29720836877822876;-0.19802223145961761;0.5936973094940186;0.3669169247150421;-0.0827336311340332;0.5159476399421692;0.3630032539367676;-0.06467892229557037;0.6046596169471741;0.47952333092689514;-0.0479511059820652;0.5093857645988464;0.47579702734947205;-0.029732344672083855;0.5765277743339539;0.5791088938713074;-0.008381146937608719;0.5357042551040649;0.5785204768180847;0.00835072249174118;0.5725820064544678;0.7240028381347656;0.0022446787916123867;0.536307692527771;0.7265024185180664;0.025952346622943878;0.5522506237030029;0.2741366118192673;-0.20201054811477662;0.6033397614955902;0.5912688970565796;-0.15336589142680168;0.512478232383728;0.5938919931650162;-0.1310955062508583;0.5712847709655762;0.8707879781723022;0.14173793544371924;0.5422013799349467;0.8752424716949463;0.15917171289523444
0.97;0.5464332699775696;0.2972252666950226;-0.1956598311662674;0.5939435958862305;0.3671222925186157;-0.08052989095449448;0.5160887837409973;0.36340874433517456;-0.06355702877044678;0.6048370003700256;0.479747474193573;-0.04693666845560074;0.5096443891525269;0.4762057960033417;-0.02957448922097683;0.5765714645385742;0.5796252489089966;-0.008444423787295818;0.5358065962791443;0.5788499712944031;0.00841267965734005;0.5726518630981445;0.7241397500038147;0.0022634996566921473;0.5363516211509705;0.7267414331436157;0.027037877589464188;0.5522765994071961;0.27416466176509857;-0.1996469244360924;0.603388100862503;0.5914818495512009;-0.1528800204396248;0.5128976106643677;0.5938979685306549;-0.1307220309972763;0.5713328917821249;0.8708072304725647;0.14561364303032556;0.5423999826113383;0.8752666910489401;0.16270627826452255
1.0;0.5464822053909302;0.2973613142967224;-0.1990523636341095;0.5942591428756714;0.3674241900444031;-0.08061496913433075;0.5162739753723145;0.3636064827442169;-0.06870033591985703;0.6049342155456543;0.4805336892604828;-0.04517025500535965;0.5097461938858032;0.4764881432056427;-0.035509850829839706;0.57661372423172;0.5810501575469971;-0.007906700484454632;0.535961925983429;0.5798447728157043;0.007869364693760872;0.5727075934410095;0.7246636152267456;0.0032665624748915434;0.53640216588974;0.7275400757789612;0.026987584307789803;0.5522892296314239;0.27427145540714265;-0.2029204174876213;0.603715717792511;0.5936014652252197;-0.14590714871883392;0.5131799429655075;0.5940540581941605;-0.13768126629292965;0.5713580052057902;0.8707705736160278;0.14915715406338373;0.54247518380483;0.875506579875946;0.16051414360602698
1.04;0.5466054081916809;0.29745498299598694;-0.20152701437473297;0.5945221781730652;0.3677215278148651;-0.08080830425024033;0.5165083408355713;0.3637365400791168;-0.07318039983510971;0.6050376892089844;0.48104026913642883;-0.04240584746003151;0.5098756551742554;0.47686246037483215;-0.040465131402015686;0.5766915082931519;0.5820286273956299;-0.006911006290465593;0.5361502170562744;0.5804414749145508;0.006867207586765289;0.5727689266204834;0.7251827120780945;0.00433696061372757;0.5364742875099182;0.7284199595451355;0.025830963626503944;0.5523572623729706;0.2743284285068512;-0.2052217200398445;0.603940486907959;0.5952107757329941;-0.1395487505942583;0.5134408622980118;0.5944636166095734;-0.14114884659647942;0.5713768005371094;0.8706437548001608;0.1504435564080874;0.5425678491592407;0.8755509257316589;0.15908982108036676
1.07;0.5467730164527893;0.2980257570743561;-0.20419323444366455;0.5947740077972412;0.36788704991340637;-0.08230765163898468;0.51665860414505;0.36412516236305237;-0.07561045140028;0.6051505208015442;0.48144063353538513;-0.042246799916028976;0.5102310180664062;0.477864533662796;-0.04235263913869858;0.5767509341239929;0.5824928283691406;-0.006374948658049107;0.5363068580627441;0.580950140953064;0.006329060066491365;0.5728539228439331;0.7255235910415649;0.0056906999088823795;0.5366913080215454;0.7289515733718872;0.02479192614555359;0.552402675151825;0.274840846657753;-0.20822152942419053;0.6040024012327194;0.5955466032028198;-0.13919176161289215;0.5136584937572479;0.5951560139656067;-0.1422523595392704;0.5714083711306254;0.8707466522852579;0.14774250239133835;0.5427898367245992;0.8758993148803711;0.1551063284277916
1.1;0.5468147993087769;0.30094975233078003;-0.20386096835136414;0.5950673818588257;0.36802810430526733;-0.08200587332248688;0.5168054103851318;0.36434799432754517;-0.07449622452259064;0.6052432060241699;0.48161953687667847;-0.041959065943956375;0.5103479027748108;0.47824373841285706;-0.04156627133488655;0.5768936276435852;0.5824539065361023;-0.006110942456871271;0.5365220308303833;0.5809343457221985;0.0060657174326479435;0.5730131268501282;0.7256003618240356;0.005551980808377266;0.5369195342063904;0.7291193604469299;0.02311953902244568;0.5524353086948395;0.27773661017417905;-0.20816473066806793;0.6040224432945251;0.595588207244873;-0.13942479342222214;0.5139150172472;0.5953345894813538;-0.14151758514344692;0.5714126626650492;0.8707613746325175;0.14240824431180954;0.5428977608680725;0.875975489616394;0.14724032332499823
1.14;0.54683917760849;0.3024691343307495;-0.20226523280143738;0.5952782034873962;0.368213027715683;-0.08157937228679657;0.5168801546096802;0.3645859658718109;-0.0739092230796814;0.6052504777908325;0.48192650079727173;-0.04210175201296806;0.5103768110275269;0.478581041097641;-0.04036935791373253;0.576912522315979;0.5824050307273865;-0.006124777719378471;0.5366181135177612;0.5809213519096375;0.0060805222019553185;0.5730273723602295;0.7256728410720825;0.0026015951298177242;0.5370486378669739;0.7292259335517883;0.02054651267826557;0.552374291419983;0.279768231511116;-0.20659381449222564;0.6039850413799286;0.5957668721675873;-0.13986251130700111;0.5142718851566315;0.5955128371715546;-0.1381007693707943;0.571484386920929;0.8708041310310364;0.13471505045890808;0.543012817700704;0.8765525221824646;0.14166930069526038
1.17;0.5475456118583679;0.3105512261390686;-0.21545274555683136;0.595495343208313;0.36869317293167114;-0.08489511907100677;0.5169072151184082;0.3653220236301422;-0.08350982517004013;0.6053245663642883;0.48242443799972534;-0.04064914584159851;0.5102499127388;0.47956329584121704;-0.05032283812761307;0.5770366787910461;0.5829904079437256;-0.0056403446942567825;0.5367439389228821;0.5816475749015808;0.005604345817118883;0.5730394124984741;0.7269139885902405;0.005351132247596979;0.5371391177177429;0.7303920984268188;0.02077631838619709;0.5526821911334991;0.2875272691249847;-0.22199367135763168;0.6039556115865707;0.5965372025966644;-0.1366038080304861;0.5146094113588333;0.5962448865175247;-0.14952439069747925;0.5715938011805216;0.8709790309270223;0.13755445927381516;0.5431942542394003;0.8772312998771667;0.14367987215518951
1.2;0.5477244257926941;0.3172931969165802;-0.23217637836933136;0.596030056476593;0.3693581223487854;-0.0940694808959961;0.5169093012809753;0.36654195189476013;-0.09766605496406555;0.6054635643959045;0.48279353976249695;-0.042237669229507446;0.5102413296699524;0.48128798604011536;-0.06269627809524536;0.5772514939308167;0.5835850238800049;-0.004299071151763201;0.5369728207588196;0.5820842981338501;0.004265388939529657;0.5730554461479187;0.7277094721794128;0.009391125291585922;0.537270188331604;0.7307964563369751;0.02092684805393219;0.5528593003749848;0.2938424825668335;-0.2396272748708725;0.603933185338974;0.5973168611526489;-0.13762704096734524;0.5150727778673172;0.597262367606163;-0.1606140360236168;0.5716357628504435;0.871124804019928;0.1407062510649363;0.5433142781257629;0.8774369160334269;0.14380739877621332
1.24;0.5481423735618591;0.3224288523197174;-0.26759374141693115;0.5963651537895203;0.3698956370353699;-0.12238476425409317;0.5169512629508972;0.3682774603366852;-0.12627005577087402;0.6056981086730957;0.4833328127861023;-0.06234128400683403;0.5102877020835876;0.4834110140800476;-0.08260224014520645;0.5773899555206299;0.5839411020278931;-0.0029889829456806183;0.5370678305625916;0.5824536085128784;0.0029492294415831566;0.573218047618866;0.7280969619750977;0.009102883748710155;0.5374971628189087;0.7311667203903198;0.01927356980741024;0.5530192852020264;0.29930219054222107;-0.2775115162134171;0.6037578135728836;0.5976979285478592;-0.14901157841086388;0.5158299803733826;0.5996634811162949;-0.17417023330926895;0.571752150853475;0.8713698188463846;0.14095075676838556;0.5435353517532349;0.8779101371765137;0.1427706057826678
1.27;0.5482463240623474;0.32762011885643005;-0.29340165853500366;0.5966321229934692;0.37020811438560486;-0.14572320878505707;0.5172990560531616;0.3694595992565155;-0.14625613391399384;0.6058551073074341;0.4840205907821655;-0.08511911332607269;0.5103859305381775;0.48479121923446655;-0.09748145192861557;0.5774807929992676;0.5838349461555481;-0.002835187129676342;0.5371063947677612;0.5823872685432434;0.0027921779546886683;0.5734583139419556;0.7281026244163513;0.009055379778146744;0.5377593040466309;0.7311423420906067;0.018911469727754593;0.553054541349411;0.3049977272748947;-0.30540229082107545;0.6032270044088364;0.5983006209135056;-0.17287353053689003;0.5168511271476746;0.6010722368955612;-0.18596193194389343;0.5719004074732462;0.8714796702067057;0.13970344762007395;0.5437301596005758;0.8782848914464315;0.14251990367968878
1.3;0.5484136343002319;0.33453473448753357;-0.32206103205680847;0.5967875123023987;0.37086206674575806;-0.17005357146263123;0.5176354050636292;0.3708054721355438;-0.16916553676128387;0.6058589816093445;0.4846922755241394;-0.11007041484117508;0.5106038451194763;0.4867958426475525;-0.11953632533550262;0.5775221586227417;0.5838321447372437;-0.0029805684462189674;0.5371068716049194;0.5825056433677673;0.0029385939706116915;0.5735899806022644;0.7281179428100586;0.006391981150954962;0.5380309224128723;0.7311899065971375;0.020581817254424095;0.5531493484973907;0.3114464670419693;-0.3360879123210907;0.6024299114942551;0.5986159294843674;-0.19796374812722206;0.5183815658092499;0.6033169478178024;-0.20704849064350128;0.5720537900924683;0.8719938397407532;0.14041282733281454;0.54414302110672;0.8785355091094971;0.15100574245055517
1.34;0.548524796962738;0.33856698870658875;-0.3018520474433899;0.5968134999275208;0.3712593615055084;-0.1569151133298874;0.5178589820861816;0.37278005480766296;-0.15560375154018402;0.6058114171028137;0.48521602153778076;-0.09932475537061691;0.511293351650238;0.4906730055809021;-0.10840111970901489;0.5775948762893677;0.5842255353927612;-0.0030803410336375237;0.5370919108390808;0.5833046436309814;0.0030388461891561747;0.5737709403038025;0.7283063530921936;0.004999854136258364;0.5383733510971069;0.7312494516372681;0.02181531861424446;0.5532821595668793;0.3159277230501175;-0.3158644437789917;0.6016431599855423;0.5994833409786224;-0.18849892169237137;0.5198295563459396;0.6068422198295593;-0.19436552375555038;0.5721835096677145;0.8722735246022543;0.14105677853027979;0.5444068511327108;0.8786726593971252;0.1525937741001447
1.37;0.5488444566726685;0.34107205271720886;-0.30862364172935486;0.5968378782272339;0.3716098964214325;-0.16220241785049438;0.5181552171707153;0.3748174011707306;-0.1583804339170456;0.6057684421539307;0.4862127900123596;-0.10352776944637299;0.5124991536140442;0.4924508035182953;-0.10821788012981415;0.5778289437294006;0.584785521030426;-0.003336399793624878;0.5371237993240356;0.5841659903526306;0.0032994227949529886;0.5738541483879089;0.728571891784668;0.0024788212031126022;0.5386480689048767;0.7314767837524414;0.024302199482917786;0.5535828113555908;0.3191032350063324;-0.3239325374364853;0.6012734621763229;0.6013066172599792;-0.1969367191195488;0.520382434129715;0.609408512711525;-0.19864491745829582;0.5722214976946512;0.872715175151825;0.1482443685332934;0.5445770819981893;0.8789182305335999;0.16310381144285202
1.4;0.5489081144332886;0.34558069705963135;-0.30962249636650085;0.5969090461730957;0.3727072477340698;-0.16981153190135956;0.5184426307678223;0.37634965777397156;-0.15973205864429474;0.6056984663009644;0.4883680045604706;-0.11069861054420471;0.5137411952018738;0.4944196045398712;-0.10723750293254852;0.5778650045394897;0.5856507420539856;-0.004558338783681393;0.537127673625946;0.5850419998168945;0.004535845946520567;0.5739244222640991;0.7286378741264343;-0.0026460292283445597;0.5388029217720032;0.7316269278526306;0.026597049087285995;0.5536636769771576;0.32516812086105346;-0.326681512594223;0.6005077511072159;0.6061565279960632;-0.19849558174610138;0.5214938372373581;0.6120018362998962;-0.1943797804415226;0.5722265044848124;0.8727932373682658;0.14781172076861063;0.5446960727373759;0.8789203564325968;0.16673497607310614
1.44;0.5492992997169495;0.35186368227005005;-0.3500002324581146;0.5971420407295227;0.37579506635665894;-0.2036050707101822;0.5188162326812744;0.3790530562400818;-0.19398921728134155;0.6056679487228394;0.49099409580230713;-0.14924085140228271;0.514409601688385;0.49681219458580017;-0.1427418291568756;0.5779716968536377;0.5868565440177917;-0.005358015187084675;0.5371884107589722;0.585877001285553;0.005360464099794626;0.5739410519599915;0.7288162112236023;-0.006190368440002203;0.5390467643737793;0.7317924499511719;0.0320366770029068;0.5541363596916199;0.3333893120288849;-0.3687760025262833;0.5985744297504425;0.6115352958440781;-0.2396162860095501;0.523036852478981;0.6141920834779739;-0.23092813417315483;0.5722857117652893;0.8729183872540792;0.1522507667541504;0.5447393457094828;0.8789257605870565;0.18246008704106012
1.47;0.549622118473053;0.3557172417640686;-0.3223924934864044;0.5972570180892944;0.37925058603286743;-0.18472778797149658;0.5192612409591675;0.38317742943763733;-0.17344048619270325;0.6052654981613159;0.4937599003314972;-0.12785671651363373;0.5156057476997375;0.5005057454109192;-0.12223181873559952;0.5779820084571838;0.5903635621070862;-0.006193825043737888;0.5373172760009766;0.5885035395622253;0.006197724025696516;0.5739867687225342;0.7305148243904114;-0.007169774267822504;0.5391523838043213;0.7334496378898621;0.03522302955389023;0.554403793811798;0.33755646347999574;-0.3400075525045395;0.5973587483167648;0.6171909123659134;-0.21410751715302467;0.5249018520116806;0.6192941665649414;-0.2086285911500454;0.5721094012260437;0.8728812138239542;0.1651682953039805;0.5447488824526469;0.8789201180140177;0.19296245276927948
1.5;0.5503813028335571;0.36327967047691345;-0.3409366011619568;0.5975672602653503;0.3817102015018463;-0.19900548458099365;0.5198543071746826;0.3862164616584778;-0.1934453845024109;0.604897677898407;0.4959489703178406;-0.14029474556446075;0.5163972973823547;0.504396378993988;-0.14105355739593506;0.5779219269752502;0.5920858383178711;-0.006179977208375931;0.5373984575271606;0.589301347732544;0.00618254579603672;0.573989987373352;0.7340659499168396;-0.014539644122123718;0.5393592119216919;0.7342516779899597;0.03456154465675354;0.5549570381641388;0.3451041609048843;-0.36059686839580535;0.5966401994228363;0.6216133087873459;-0.22292742133140564;0.5263427048921585;0.6264121830463409;-0.21858210116624832;0.5720612009366354;0.8730002045631409;0.16261322299639383;0.5447523792584738;0.8789106408754984;0.1877741515636444
1.54;0.5511304140090942;0.3714698255062103;-0.3390912413597107;0.5977784991264343;0.3850477337837219;-0.19786089658737183;0.5211690664291382;0.38783344626426697;-0.19988451898097992;0.6039657592773438;0.49961337447166443;-0.13861851394176483;0.5171882510185242;0.5061939358711243;-0.1489250212907791;0.5776234865188599;0.5953291058540344;-0.004503319039940834;0.5374174118041992;0.5914555191993713;0.0045059192925691605;0.5739918947219849;0.7368427515029907;-0.01372979860752821;0.5395108461380005;0.7352621555328369;0.03415903449058533;0.5557590186595917;0.3540139377117157;-0.3590629070997238;0.5953122824430466;0.6274918466806412;-0.22281112521886826;0.5270136296749115;0.6324492990970612;-0.22137686982750893;0.5720195571581522;0.8730547626813253;0.1785290241241455;0.5448687473932902;0.8788528442382812;0.19224075973033905
1.57;0.5518413186073303;0.3872452974319458;-0.3419598937034607;0.5978449583053589;0.3876965641975403;-0.20171427726745605;0.5214110612869263;0.39048030972480774;-0.21504957973957062;0.6035414338111877;0.5036852955818176;-0.13856205344200134;0.5182271599769592;0.5083391666412354;-0.1622917801141739;0.5773153305053711;0.5989620685577393;-0.0015312437899410725;0.5376148819923401;0.5951389074325562;0.0015456267865374684;0.574044406414032;0.7391449213027954;-0.005223712418228388;0.539533793926239;0.7380562424659729;0.03385893628001213;0.5567415654659271;0.37233544886112213;-0.3634472846984863;0.5942792892456055;0.63298299908638;-0.224973913282156;0.5281689614057541;0.6378684937953949;-0.23200181126594543;0.5720033049583435;0.8733716408411661;0.1913396418094635;0.5449378490447998;0.8789971868197123;0.1952232668797175
1.6;0.5522093772888184;0.39359375834465027;-0.34455522894859314;0.5978959202766418;0.3934270143508911;-0.2048930525779724;0.5215715169906616;0.39508533477783203;-0.2112199366092682;0.6018479466438293;0.5109325647354126;-0.1451505869626999;0.5207175016403198;0.512785792350769;-0.15831208229064941;0.5773178935050964;0.6006489992141724;-0.0012162394123151898;0.538618266582489;0.596744179725647;0.00123620277736336;0.5744863748550415;0.7389847040176392;-0.006738802883774042;0.5395852327346802;0.7397288084030151;0.027385475113987923;0.5573053061962128;0.3782330691814423;-0.3657683938741684;0.5934692621231079;0.6394877731800079;-0.2369067147374153;0.5293275117874146;0.6421144753694534;-0.23435378447175026;0.5720115303993225;0.873209814230601;0.1810093174378077;0.5449216961860657;0.8787845571835836;0.18873323996861777
1.64;0.552263081073761;0.4071482717990875;-0.40152862668037415;0.5982789397239685;0.398748517036438;-0.2601345479488373;0.5216044187545776;0.40030357241630554;-0.2513614892959595;0.5998520851135254;0.5187342166900635;-0.19518765807151794;0.522646427154541;0.5207430124282837;-0.19125227630138397;0.5772935152053833;0.5997119545936584;-0.003237610450014472;0.5396351218223572;0.5960615277290344;0.0032750475220382214;0.5749262571334839;0.73723965883255;-0.025096504017710686;0.5400189161300659;0.7396495938301086;0.024297500029206276;0.5574783682823181;0.394510218501091;-0.42555259764194486;0.5919355005025864;0.6447592377662659;-0.2853272259235382;0.5309228301048279;0.6489419043064117;-0.26851819455623627;0.5721420447031657;0.8729434808095297;0.1663749193151792;0.5449358224868774;0.8780714869499207;0.18689303596814474
1.67;0.5525078177452087;0.4125227630138397;-0.3926410377025604;0.5985299348831177;0.4044334292411804;-0.2562723457813263;0.5215763449668884;0.4073980450630188;-0.24465548992156982;0.5982497334480286;0.5231320858001709;-0.19281184673309326;0.5237124562263489;0.5254516005516052;-0.18326891958713531;0.5774101614952087;0.601187527179718;-0.004536086693406105;0.5404244661331177;0.5982311964035034;0.004583486821502447;0.5755835771560669;0.7371092438697815;-0.024759545922279358;0.5403082966804504;0.7395515441894531;0.024421116337180138;0.5576389133930206;0.4008965641260147;-0.4163151323795319;0.5898415595293045;0.6468252092599869;-0.2857935354113579;0.5318207144737244;0.6512805968523026;-0.26127078756690025;0.5723941922187805;0.8724136551221212;0.16719868034124374;0.5449530879656473;0.8772156635920206;0.18897144993146262
1.71;0.5524764060974121;0.4211291968822479;-0.4118935465812683;0.5985250473022461;0.4089481234550476;-0.2726377844810486;0.5215469002723694;0.41479527950286865;-0.26197513937950134;0.5974270105361938;0.5268464684486389;-0.21594193577766418;0.5234830379486084;0.5319521427154541;-0.20483946800231934;0.5777145028114319;0.6053460836410522;-0.005085093900561333;0.5410704612731934;0.6037597060203552;0.005143304355442524;0.5761642456054688;0.7373510599136353;-0.02030601166188717;0.5403409004211426;0.7415940761566162;0.0284760519862175;0.5576142132282257;0.4113857537508011;-0.4362106293439865;0.5883711725473404;0.6510558873414993;-0.30931319296360016;0.5322667956352234;0.6597842574119568;-0.2816971093416214;0.57243945201238;0.8726633787155151;0.17174774905045828;0.5449903011322021;0.8776554067929586;0.1954286793867747
1.74;0.5525983572006226;0.4360464811325073;-0.3931886851787567;0.5985219478607178;0.41507041454315186;-0.26380419731140137;0.5215651392936707;0.42318063974380493;-0.2522278428077698;0.5967068076133728;0.5325377583503723;-0.20555774867534637;0.5240578055381775;0.5408671498298645;-0.19274012744426727;0.5778670310974121;0.6101246476173401;-0.005071478430181742;0.542056679725647;0.6079424023628235;0.005132398102432489;0.5761842727661133;0.7401531338691711;-0.02372315153479576;0.5404221415519714;0.7430945634841919;0.023594044148921967;0.5577764451503754;0.42909001410007475;-0.41701373755931853;0.5876486897468567;0.6571516543626785;-0.29193560779094696;0.533125713467598;0.6708209663629532;-0.26335272938013077;0.572275976339976;0.8735899130503336;0.14986064533392587;0.5450466672579447;0.8784329096476237;0.17281687756379446
1.77;0.5528810620307922;0.4517642855644226;-0.38240230083465576;0.5985932350158691;0.4215688407421112;-0.2649686336517334;0.5216404795646667;0.4306977093219757;-0.2505146861076355;0.5966536402702332;0.539908230304718;-0.20605696737766266;0.5248062014579773;0.5459597706794739;-0.18581163883209229;0.5781649351119995;0.6081994771957397;-0.0055031427182257175;0.5431361198425293;0.606217622756958;0.0055787162855267525;0.5761435031890869;0.7402681112289429;-0.03413469344377518;0.5406809449195862;0.7430042624473572;0.016381902620196342;0.5582761585712432;0.44580031335353854;-0.4070084273815155;0.5872863233089447;0.662932500243187;-0.28336481750011444;0.533755362033844;0.6759030818939209;-0.25237563997507095;0.5720584193865458;0.8741234540939331;0.11893938730160396;0.5450542370478312;0.8791664044062296;0.14495313415924707
1.81;0.5529170036315918;0.46495717763900757;-0.4173111915588379;0.5987908840179443;0.431059330701828;-0.29138505458831787;0.5218566060066223;0.4391534924507141;-0.27424147725105286;0.5967369675636292;0.5475098490715027;-0.2321336269378662;0.5253702402114868;0.5521866083145142;-0.20303767919540405;0.5785120129585266;0.6050244569778442;-0.005806326866149902;0.5437794923782349;0.5994411706924438;0.005899364128708839;0.5759981274604797;0.736407458782196;-0.039181314408779144;0.5409697890281677;0.742431640625;0.00495710177347064;0.5584046125411988;0.4594337701797485;-0.4429113775491714;0.5873726010322571;0.6691973805427551;-0.3063415437936783;0.5342080593109131;0.6808372586965561;-0.2554269805550575;0.5720487236976624;0.874115526676178;0.10166785990198453;0.545063316822052;0.8794757525126139;0.12031044190128644
1.84;0.5530713796615601;0.47207891941070557;-0.4064839482307434;0.5991848111152649;0.43586716055870056;-0.2845224440097809;0.522771954536438;0.442772775888443;-0.2694857716560364;0.5966979265213013;0.5520579218864441;-0.22575420141220093;0.526914119720459;0.558637797832489;-0.19894082844257355;0.5784650444984436;0.6046358346939087;-0.005926264449954033;0.5426815152168274;0.5945673584938049;0.006023066584020853;0.5759747624397278;0.7344146966934204;-0.03833702206611633;0.5411582589149475;0.7421734929084778;0.00606420636177063;0.5584938585758209;0.4661159098148346;-0.43199294805526733;0.5876367539167404;0.6746442914009094;-0.2955871596932411;0.5350612252950668;0.6862524002790451;-0.250056978315115;0.5719687342643738;0.8743362824122111;0.09292539333303769;0.5451842149098715;0.8801198204358419;0.11635622878869374
1.87;0.55306476354599;0.4807257652282715;-0.39501750469207764;0.5992510914802551;0.44198301434516907;-0.2819491922855377;0.522981584072113;0.45089563727378845;-0.27365127205848694;0.5964779853820801;0.5609924793243408;-0.22797687351703644;0.5276762843132019;0.5665254592895508;-0.21288533508777618;0.580450713634491;0.5951088070869446;-0.005173287354409695;0.542352020740509;0.5924387574195862;0.005273294169455767;0.5758816599845886;0.7343677878379822;-0.03509531915187836;0.5412635803222656;0.7413050532341003;-0.0005664638010784984;0.5585084795951843;0.4759772062301636;-0.4221602827310562;0.5878840088844299;0.6832319051027298;-0.287994384765625;0.5355731397867203;0.6909583956003189;-0.25392184033989906;0.5719135204950968;0.8748728632926941;0.08605706319212914;0.5452276269594828;0.8804510434468588;0.10299394279718399
1.91;0.5526610612869263;0.4879630208015442;-0.47432979941368103;0.5992512702941895;0.44877660274505615;-0.32088175415992737;0.523303210735321;0.46019691228866577;-0.31768715381622314;0.5965830087661743;0.5653238892555237;-0.26342061161994934;0.5274662971496582;0.573322057723999;-0.2573685646057129;0.5813696980476379;0.588919460773468;-0.0035321160685271025;0.5426961183547974;0.5912966132164001;0.003622428048402071;0.5758052468299866;0.7344052195549011;-0.033197931945323944;0.5415692925453186;0.7394322752952576;-0.011103660799562931;0.5581514537334442;0.4833941787481308;-0.4987104028463364;0.5880345404148102;0.6883098781108856;-0.32588933408260345;0.5359631478786469;0.6981447488069534;-0.31101833283901215;0.5719498594601949;0.8750594059626261;0.09574257830778758;0.5450502236684164;0.8804740111033121;0.09674787024656932
1.94;0.5528532266616821;0.4936741292476654;-0.48132219910621643;0.5993353724479675;0.45780113339424133;-0.32133930921554565;0.523573637008667;0.4674369692802429;-0.31690067052841187;0.5962399840354919;0.574567973613739;-0.26669740676879883;0.5279194712638855;0.5818265676498413;-0.26111969351768494;0.5814107060432434;0.5839710235595703;-0.0035929265432059765;0.5428922176361084;0.5880501866340637;0.003679435234516859;0.5757808685302734;0.7341994643211365;-0.05498579889535904;0.541725218296051;0.7354403138160706;-0.025941140949726105;0.5582414507865906;0.48966058492660525;-0.5043546915054321;0.5880775600671768;0.6974139660596848;-0.3336799070239067;0.5357926040887833;0.7040505558252335;-0.3220059499144554;0.5719264547030131;0.8751805623372396;0.06084412755444646;0.5449745257695516;0.8808161815007528;0.06524469198969503
1.97;0.5529285073280334;0.49894553422927856;-0.5138790011405945;0.5993471145629883;0.4680007994174957;-0.3396940529346466;0.5237827897071838;0.4756837487220764;-0.3301921784877777;0.5955418348312378;0.5854427218437195;-0.2894172966480255;0.5284793972969055;0.5902062058448792;-0.2759091258049011;0.5815150737762451;0.5793644785881042;-0.0037272595800459385;0.5430091023445129;0.580023467540741;0.0038182002026587725;0.5759896039962769;0.731814444065094;-0.05777917429804802;0.5426034331321716;0.7264620661735535;-0.03307785838842392;0.5582631409168244;0.4942881017923355;-0.5367491513490676;0.5881466716527939;0.7055394351482391;-0.36373039335012436;0.535959467291832;0.7125835716724396;-0.34805533289909363;0.5716202656428019;0.8749877015749613;0.047374350329240165;0.5446735819180807;0.8807571729024252;0.04999051926036676
2.01;0.5541940927505493;0.5023312568664551;-0.5199114084243774;0.5993646383285522;0.47905752062797546;-0.3335762023925781;0.5237800478935242;0.49057087302207947;-0.3375896215438843;0.5950016975402832;0.5940448641777039;-0.28101447224617004;0.5298269391059875;0.6015537977218628;-0.28826770186424255;0.581723690032959;0.5724939107894897;0.0007497047772631049;0.5429678559303284;0.5729607939720154;-0.0006682205130346119;0.5767243504524231;0.7217048406600952;-0.056841813027858734;0.5455291271209717;0.7135162949562073;-0.05478085204958916;0.5592041611671448;0.5000646770000458;-0.5409312456846237;0.5880209356546402;0.7128770351409912;-0.3556952625513077;0.5364666283130646;0.7226908951997757;-0.3634037375450134;0.5713204344113668;0.8748195767402649;0.03381770228346189;0.5448461969693502;0.8803506096204122;0.0104317640264829
2.04;0.5560901761054993;0.5112800002098083;-0.5323028564453125;0.5993662476539612;0.4880150854587555;-0.3486305773258209;0.5239232182502747;0.49700507521629333;-0.34803858399391174;0.5951089859008789;0.6032782793045044;-0.3012862205505371;0.5301386713981628;0.6063439249992371;-0.30091673135757446;0.5813954472541809;0.5677734017372131;0.00011322003410896286;0.5429642796516418;0.571469247341156;-3.048207327083219e-05;0.5767967104911804;0.7137126922607422;-0.06592754274606705;0.5466524362564087;0.7097230553627014;-0.054506778717041016;0.5604774236679078;0.5106124132871628;-0.5542800575494766;0.5879479497671127;0.7212592959403992;-0.37673843652009964;0.5372267216444016;0.7295942008495331;-0.3763326033949852;0.5712073445320129;0.874799112478892;0.015140604227781296;0.5447333256403605;0.8786447246869405;0.009515808274348577
2.07;0.5563446879386902;0.5254644155502319;-0.5217196345329285;0.5991393327713013;0.49510347843170166;-0.3443416357040405;0.5242818593978882;0.5013175010681152;-0.34847763180732727;0.5951859951019287;0.6092880368232727;-0.29123976826667786;0.5302811861038208;0.6130011081695557;-0.29803919792175293;0.5816150903701782;0.5702454447746277;-0.00022990691650193185;0.5426557660102844;0.5715963244438171;0.00030482964939437807;0.576283872127533;0.7167329788208008;-0.060218654572963715;0.5462765097618103;0.7128532528877258;-0.03775946423411369;0.5608676075935364;0.525400596857071;-0.5444237738847733;0.5878786891698837;0.7275307178497314;-0.3601902425289154;0.5372852981090546;0.7398382425308228;-0.364642433822155;0.5712581475575765;0.8769142230351766;0.02366231381893158;0.5447002847989401;0.8794346849123637;0.03182889645298322
2.11;0.556190550327301;0.5344882607460022;-0.5300753712654114;0.5988976359367371;0.5031163692474365;-0.35388168692588806;0.5243832468986511;0.508362889289856;-0.3516587018966675;0.5953648090362549;0.6163684129714966;-0.3040297031402588;0.5303362011909485;0.6216305494308472;-0.29959097504615784;0.580267071723938;0.5722773671150208;-0.0018993448466062546;0.5424257516860962;0.5717790126800537;0.0019958517514169216;0.5754651427268982;0.7184275984764099;-0.05654294416308403;0.5462942719459534;0.7143711447715759;-0.0267562847584486;0.5609172344207763;0.5322155952453613;-0.5532012075185776;0.5878152698278427;0.7371857613325119;-0.371751569211483;0.5372264087200165;0.7495211362838745;-0.3664605841040611;0.5710651079813639;0.8771016399065653;0.03178321197628975;0.544578750928243;0.8801107406616211;0.048367951065301895
2.14;0.5560826659202576;0.5486448407173157;-0.4937370717525482;0.5984848737716675;0.509325385093689;-0.34501123428344727;0.5244534611701965;0.5142340064048767;-0.32320934534072876;0.5952011942863464;0.6220027804374695;-0.26490846276283264;0.5309752225875854;0.6276277899742126;-0.25697052478790283;0.5802121758460999;0.5696783065795898;-0.00427942955866456;0.5418493151664734;0.567090630531311;0.004393344279378653;0.5750278234481812;0.7177896499633789;-0.06817866861820221;0.5452021360397339;0.7113587856292725;-0.03391539677977562;0.5609850406646728;0.5466651737689971;-0.5198484033346176;0.5876250565052032;0.7452680915594101;-0.3120819181203842;0.5372668355703354;0.7524824738502502;-0.3076150417327881;0.5710372726122538;0.877633531888326;-0.0027681433906157813;0.5443435708681742;0.8802321354548136;0.01969864343603452
2.17;0.5560133457183838;0.5573675036430359;-0.42032456398010254;0.5983308553695679;0.5188841223716736;-0.2991199493408203;0.5244431495666504;0.522878885269165;-0.28415045142173767;0.5942962169647217;0.6277791261672974;-0.23333461582660675;0.5319606065750122;0.6333686709403992;-0.2273857146501541;0.5801650285720825;0.552939772605896;-0.004554033279418945;0.5408092737197876;0.5544186234474182;0.004686975851655006;0.5739321708679199;0.7076696753501892;-0.078488789498806;0.5452382564544678;0.6981455087661743;-0.04677712544798851;0.560953676700592;0.5567924559116364;-0.4432745069265366;0.5872273296117783;0.750635176897049;-0.26955506950616837;0.5374433100223541;0.7588835954666138;-0.2722829729318619;0.5706171790758768;0.8761212428410848;-0.018578836073478062;0.5446125666300455;0.8778716524442037;0.0009590859214464823
2.21;0.5560007691383362;0.557067334651947;-0.42854171991348267;0.5981419086456299;0.5266358852386475;-0.3115297853946686;0.5249152183532715;0.5316046476364136;-0.29503384232521057;0.5933261513710022;0.6344931125640869;-0.24369320273399353;0.5323545336723328;0.6425879001617432;-0.2325078547000885;0.5801607370376587;0.5427597165107727;-0.006512206047773361;0.5402825474739075;0.5457781553268433;0.0066682808101177216;0.573418915271759;0.7047715783119202;-0.07766122370958328;0.5453042387962341;0.6955229043960571;-0.03982621803879738;0.5609004497528076;0.5567495346069335;-0.45945448875427247;0.5869339257478714;0.7571123093366623;-0.27795473486185074;0.5375971049070358;0.767761692404747;-0.2805557921528816;0.5714557568232218;0.8735751907030741;-0.023562552717824776;0.5443968574206034;0.8777713974316915;0.003015530606110891
2.24;0.5559373497962952;0.5624457001686096;-0.34350481629371643;0.5978696942329407;0.5333301424980164;-0.27726465463638306;0.5256447792053223;0.532102108001709;-0.24576887488365173;0.5932183265686035;0.6396267414093018;-0.2237674593925476;0.5330367684364319;0.6444075107574463;-0.1870754212141037;0.5798806548118591;0.5310893058776855;-0.01165737770497799;0.5403763651847839;0.5335100293159485;0.011816268786787987;0.5728989243507385;0.7061792612075806;-0.07170102000236511;0.5447260141372681;0.6966054439544678;-0.03329315781593323;0.5608928442001343;0.5654335856437683;-0.3661319226026535;0.5863290131092072;0.7619345486164093;-0.24579594656825066;0.5380399972200394;0.7704257220029831;-0.21560535952448845;0.5718201398849487;0.8732874592145284;-0.01786553238828977;0.5442131360371908;0.8777584036191305;0.017435320963462193
2.27;0.5558615326881409;0.5641682744026184;-0.40274572372436523;0.5967976450920105;0.5371954441070557;-0.29157671332359314;0.5263569951057434;0.5377712249755859;-0.2631583511829376;0.593059778213501;0.6417436003684998;-0.23433193564414978;0.534819483757019;0.651128888130188;-0.19536392390727997;0.5798579454421997;0.5273046493530273;-0.015102732926607132;0.5394179224967957;0.5334019064903259;0.015284120105206966;0.5732377767562866;0.6932612061500549;-0.06942342966794968;0.5442396998405457;0.6951888203620911;-0.014901905320584774;0.5606645762920379;0.5673366904258728;-0.4248605787754059;0.5859045535326004;0.7646725028753281;-0.25195300206542015;0.5391316413879395;0.7790173143148422;-0.22828663140535355;0.5707131624221802;0.8739319443702698;-0.008440218244989714;0.5446986357371012;0.8780582944552103;0.021015897393226624
2.31;0.5559720993041992;0.5707170367240906;-0.41626012325286865;0.5966551303863525;0.5423492193222046;-0.30967268347740173;0.5266242027282715;0.5455583333969116;-0.2684893012046814;0.5924603343009949;0.649150013923645;-0.2609728276729584;0.5350895524024963;0.6577669382095337;-0.22248665988445282;0.5796791911125183;0.5313582420349121;-0.013752508908510208;0.538665235042572;0.5334434509277344;0.01393185555934906;0.5731369256973267;0.6982835531234741;-0.06261555105447769;0.5441271662712097;0.6960373520851135;-0.01317520160228014;0.5607335805892945;0.5759998500347138;-0.4368449360132217;0.584704652428627;0.7728722393512726;-0.2735188603401184;0.5392813831567764;0.7875544428825378;-0.257908932864666;0.5679397384325663;0.8747413158416748;-0.0021102093160152435;0.5461612343788147;0.8773752252260844;0.04202240705490112
2.34;0.5559623837471008;0.5752961039543152;-0.39505502581596375;0.5959746837615967;0.5501372814178467;-0.3040560185909271;0.526641309261322;0.5507258176803589;-0.2759166955947876;0.5907900929450989;0.653110682964325;-0.2515176832675934;0.5350741147994995;0.658232569694519;-0.23152074217796326;0.5799102783203125;0.5320976376533508;-0.010258468799293041;0.5381399393081665;0.5336819291114807;0.010476276278495789;0.5731388926506042;0.6960009336471558;-0.05018611624836922;0.5441902875900269;0.6944535970687866;-0.014464076608419418;0.5606041371822357;0.5835383772850037;-0.4150612145662308;0.5832734256982803;0.7808045148849487;-0.25478003919124603;0.5391609072685242;0.7880393415689468;-0.2642797827720642;0.5665480295817057;0.875210702419281;0.00806025043129921;0.5480116407076517;0.8774651686350504;0.037715003515283264
2.37;0.5559261441230774;0.5780472159385681;-0.4372766315937042;0.5954058170318604;0.5521230697631836;-0.3344011902809143;0.5266664624214172;0.5515159368515015;-0.31621164083480835;0.5901532173156738;0.6545279622077942;-0.28660085797309875;0.535203218460083;0.658220648765564;-0.2728830873966217;0.5799891352653503;0.530624270439148;-0.010060484521090984;0.5377499461174011;0.5321391224861145;0.010265419259667397;0.5730864405632019;0.6887487173080444;-0.053557295352220535;0.5439851880073547;0.6849188208580017;-0.02414022944867611;0.560525369644165;0.5868088722229003;-0.4567286312580109;0.5825079530477524;0.7817710340023041;-0.2994948700070381;0.5390860438346863;0.7906443327665329;-0.31167683005332947;0.5658721923828125;0.8749653498331705;0.006680787851413091;0.548150638739268;0.8764930963516235;0.03459173316756884
2.41;0.5558996200561523;0.5773648023605347;-0.40132683515548706;0.5951070785522461;0.5521731972694397;-0.32219555974006653;0.5271942019462585;0.5520631074905396;-0.3107786476612091;0.5891667604446411;0.6536909937858582;-0.2738175392150879;0.5359287261962891;0.6577900052070618;-0.2596759498119354;0.5799704790115356;0.5325579047203064;-0.009725118987262249;0.5372001528739929;0.532623827457428;0.009944221936166286;0.57310551404953;0.6836848855018616;-0.04709156975150108;0.5439561605453491;0.6844545602798462;-0.02406173385679722;0.5605009973049164;0.5870670318603516;-0.4208038240671158;0.5819847583770752;0.7818247526884079;-0.2797871455550194;0.5390232503414154;0.7911815941333771;-0.30229374021291733;0.5644902388254801;0.8739185730616251;0.008612766861915588;0.5493195851643881;0.876335342725118;0.03287085021535555
2.44;0.5553984642028809;0.5813389420509338;-0.4124447703361511;0.5944221615791321;0.5556570291519165;-0.3225340247154236;0.5274213552474976;0.5559762716293335;-0.31140226125717163;0.5884827375411987;0.6559659838676453;-0.2764975130558014;0.5360620021820068;0.661346971988678;-0.27014556527137756;0.5799717307090759;0.5334424376487732;-0.00955047458410263;0.5369285941123962;0.5330582857131958;0.009777246974408627;0.5730629563331604;0.6856508255004883;-0.043047111481428146;0.5443485975265503;0.6864725947380066;-0.02120133861899376;0.5599250018596649;0.590410727262497;-0.43273945450782775;0.5813777297735214;0.7841468155384064;-0.28562621027231216;0.5386504977941513;0.7925514131784439;-0.3075704947113991;0.5622975826263428;0.8744886716206869;0.01697946588198344;0.550895114739736;0.8759958545366923;0.03912434602777163
2.47;0.5547924041748047;0.5823435187339783;-0.3922889530658722;0.5940768122673035;0.5576751232147217;-0.30844587087631226;0.5274222493171692;0.5574044585227966;-0.30417925119400024;0.5880348086357117;0.6571546196937561;-0.2562292218208313;0.536138117313385;0.6621407866477966;-0.2653653919696808;0.5799597501754761;0.53485107421875;-0.008567365817725658;0.5366759300231934;0.5347586274147034;0.00877322256565094;0.5728326439857483;0.6883717775344849;-0.037408336997032166;0.5445172190666199;0.6879075765609741;-0.018282165750861168;0.5593044936656952;0.5913552641868591;-0.41216516494750977;0.5811294168233871;0.7841993123292923;-0.2585703060030937;0.5383719354867935;0.7949019819498062;-0.2869909554719925;0.5627636710802714;0.8746796250343323;0.027862245837847393;0.5506587425867716;0.8758917450904846;0.04450022429227829
2.51;0.5545467734336853;0.5834751725196838;-0.38869985938072205;0.5938094854354858;0.5578030347824097;-0.3050181269645691;0.5275445580482483;0.5578100681304932;-0.3021717667579651;0.5876070261001587;0.6573519110679626;-0.25233474373817444;0.5362416505813599;0.6629050374031067;-0.25916174054145813;0.5799418091773987;0.5354130268096924;-0.008014463819563389;0.536522626876831;0.5342217683792114;0.008212307468056679;0.5724843144416809;0.6897772550582886;-0.03399892523884773;0.5444221496582031;0.6885022521018982;-0.015895547345280647;0.5590234696865082;0.5923260033130646;-0.4084305912256241;0.5808494389057159;0.7843970656394958;-0.25758298486471176;0.5382491201162338;0.7952971160411835;-0.28561966121196747;0.56291397412618;0.874792198340098;0.0334396418184042;0.5505073467890421;0.8757131298383077;0.04817614828546842
2.54;0.5545222163200378;0.5820069909095764;-0.41531991958618164;0.5936924815177917;0.5571287274360657;-0.3187885284423828;0.5278013944625854;0.5571527481079102;-0.31029269099235535;0.5872633457183838;0.6570523977279663;-0.26897257566452026;0.5364227890968323;0.6627686023712158;-0.2673478424549103;0.5799259543418884;0.5358805060386658;-0.008240178227424622;0.5365492105484009;0.5350037813186646;0.008435888215899467;0.5720321536064148;0.6906583905220032;-0.03729895129799843;0.54457026720047;0.6893055438995361;-0.013822983019053936;0.5589813411235809;0.5904074788093567;-0.43479428589344027;0.5806498974561691;0.784990057349205;-0.2778962552547455;0.5376216173171997;0.7950055301189423;-0.30305156856775284;0.5631634195645651;0.874911387761434;0.03305692287782828;0.5497872432072958;0.8753625551859537;0.05363078508526087
2.57;0.554499089717865;0.5796199440956116;-0.4155333936214447;0.5937193632125854;0.555686891078949;-0.3181915581226349;0.5278371572494507;0.555061399936676;-0.3078300654888153;0.5871092677116394;0.655945360660553;-0.26778483390808105;0.5365321040153503;0.6609042882919312;-0.26263663172721863;0.5799468755722046;0.5360726714134216;-0.00798538513481617;0.5365513563156128;0.5352729558944702;0.00817849487066269;0.5717421770095825;0.6911884546279907;-0.03885018080472946;0.5445935130119324;0.6896939873695374;-0.0144575797021389;0.5589367091655731;0.5882718682289123;-0.4348612427711487;0.5804563760757446;0.7847796380519867;-0.2783869802951813;0.5372185260057449;0.7932066023349762;-0.29872526228427887;0.5633316238721212;0.8750012516975403;0.03006541108091672;0.5497446258862814;0.8755587935447693;0.05170464732994636
2.61;0.554814338684082;0.5787622928619385;-0.4863108992576599;0.593757688999176;0.553843080997467;-0.3496500551700592;0.5278239250183105;0.5534822940826416;-0.33429938554763794;0.5872663259506226;0.6548290848731995;-0.2972930669784546;0.5364789962768555;0.6601154208183289;-0.28682613372802734;0.5799873471260071;0.536393404006958;-0.008024847134947777;0.5365630388259888;0.5346304178237915;0.008222364820539951;0.5716829299926758;0.6915289163589478;-0.0519016869366169;0.544617772102356;0.6906422972679138;-0.02107645943760872;0.5594198763370514;0.5856283366680145;-0.5071636438369751;0.5805251449346542;0.7834664434194565;-0.31840525567531586;0.5370961725711823;0.7921059280633926;-0.332760713994503;0.5623624523480734;0.8750595450401306;0.0194957268734773;0.5505881905555725;0.8756828109423319;0.042567300920685135
2.64;0.5548121333122253;0.5749751925468445;-0.5150780081748962;0.5937713980674744;0.5527847409248352;-0.3689658045768738;0.5278132557868958;0.5532230734825134;-0.34666183590888977;0.587382972240448;0.6540733575820923;-0.31783929467201233;0.5363991856575012;0.6582204103469849;-0.29678353667259216;0.5802673697471619;0.5304674506187439;-0.008811356499791145;0.5367266535758972;0.5295225381851196;0.009039254859089851;0.5719831585884094;0.6877261400222778;-0.05814517289400101;0.5448464155197144;0.6899934411048889;-0.023285984992980957;0.5594249784946441;0.581082946062088;-0.536871138215065;0.5805788487195969;0.7813525646924973;-0.34299615025520325;0.5370221138000488;0.7914852499961853;-0.3481559157371521;0.561567485332489;0.8746941288312277;0.017544796069463093;0.5515286723772684;0.8757405678431193;0.041479009514053665
2.67;0.5547651052474976;0.5673415064811707;-0.5638766288757324;0.5939220786094666;0.5497548580169678;-0.3947257697582245;0.527641773223877;0.5499563813209534;-0.3660339117050171;0.5873845219612122;0.6538611054420471;-0.34506314992904663;0.535958468914032;0.655775249004364;-0.3129766285419464;0.5802623629570007;0.5313087105751038;-0.011495411396026611;0.536751925945282;0.5291650295257568;0.011700750328600407;0.5715494751930237;0.6878685355186462;-0.05783490464091301;0.5442866683006287;0.6879526376724243;-0.01630004681646824;0.559435498714447;0.569123113155365;-0.5866356313228607;0.5805735141038895;0.7800989300012589;-0.38067472726106644;0.5368846654891968;0.7869950532913208;-0.37419940531253815;0.5613721211751302;0.8748291730880737;0.019503924995660782;0.5518465042114258;0.8759680191675822;0.05177987366914749
2.71;0.5544112324714661;0.5608012676239014;-0.5282608270645142;0.5941577553749084;0.5442882776260376;-0.3782641291618347;0.527472972869873;0.5406885147094727;-0.3444881737232208;0.5874323844909668;0.6518792510032654;-0.3236975073814392;0.534936785697937;0.6494691371917725;-0.31058621406555176;0.5804978013038635;0.526174008846283;-0.015436324290931225;0.5370985269546509;0.5254586338996887;0.015623862855136395;0.5706790685653687;0.6884444952011108;-0.0598781555891037;0.5438191890716553;0.6864137053489685;-0.008950533345341682;0.5591919779777527;0.5618638634681702;-0.5518986493349075;0.5805585533380508;0.772656038403511;-0.35525545477867126;0.5365957170724869;0.7765107303857803;-0.3423716574907303;0.5619948903719584;0.8746707439422607;0.009988963603973389;0.5512879292170206;0.8762504657109579;0.05180072722335657
2.74;0.553931713104248;0.5539571642875671;-0.5260046720504761;0.5941391587257385;0.5368171334266663;-0.33873647451400757;0.5268473625183105;0.5351056456565857;-0.2990860044956207;0.5874675512313843;0.6441594958305359;-0.2784688174724579;0.5340030193328857;0.6423989534378052;-0.23231738805770874;0.5805383920669556;0.5386362075805664;-0.014830194413661957;0.5376102328300476;0.5328443050384521;0.015003925189375877;0.5704569220542908;0.6947730183601379;-0.07495096325874329;0.5438655018806458;0.6872114539146423;-0.02560391277074814;0.5587856709957123;0.5527537643909455;-0.5226883500814438;0.5805917233228683;0.7654320597648621;-0.3190278708934784;0.5363041013479233;0.7668251544237137;-0.2848564609885216;0.5640354156494141;0.8744150598843893;-0.03103149464974801;0.5488864580790201;0.8764659762382507;0.008777603507041931
2.77;0.5532723069190979;0.5507572889328003;-0.4999031126499176;0.5942309498786926;0.5281538367271423;-0.3315733075141907;0.5259278416633606;0.5261849761009216;-0.30065232515335083;0.5891761183738708;0.6311941146850586;-0.26885733008384705;0.5325233936309814;0.6365984082221985;-0.23218528926372528;0.5797709226608276;0.5455495715141296;-0.014437783509492874;0.537541389465332;0.5384299755096436;0.01458235364407301;0.5699943900108337;0.6947342753410339;-0.08177395910024643;0.543872058391571;0.6861333847045898;-0.03724239021539688;0.5583577215671539;0.549916434288025;-0.5112203299999237;0.5805948227643967;0.7588376253843307;-0.31043577939271927;0.5360250025987625;0.7595653980970383;-0.284132219851017;0.5660920143127441;0.8729203939437866;-0.03831366267210493;0.5467276771863302;0.8762369553248087;-0.004116903990507126
2.81;0.5531951189041138;0.5379080176353455;-0.5041518807411194;0.5947273373603821;0.5126124024391174;-0.3325004577636719;0.5250711441040039;0.5119650363922119;-0.32202771306037903;0.5900399088859558;0.61991947889328;-0.2869609296321869;0.5320320129394531;0.6277405023574829;-0.2668176293373108;0.5784292221069336;0.5599252581596375;-0.011618352495133877;0.5375964641571045;0.5546415448188782;0.011708958074450493;0.5705022811889648;0.6974599361419678;-0.09269260615110397;0.5436965227127075;0.6895652413368225;-0.04629712551832199;0.558318555355072;0.5367538511753083;-0.5259364485740662;0.5803992450237274;0.7480293363332748;-0.3526540994644165;0.5359514802694321;0.7496537119150162;-0.33053382486104965;0.5678421060244242;0.8706042170524597;-0.02845975694557031;0.5447332859039307;0.8761985103289286;0.0033864801128705344
2.84;0.553169846534729;0.5258004665374756;-0.4943917393684387;0.5951588153839111;0.5041458606719971;-0.33316347002983093;0.5247711539268494;0.4993620812892914;-0.32163017988204956;0.5905294418334961;0.6141550540924072;-0.2897474467754364;0.5312493443489075;0.6141110062599182;-0.268878310918808;0.5780344605445862;0.5712080001831055;-0.011558244936168194;0.5386032462120056;0.5647057890892029;0.011632923036813736;0.5705198049545288;0.7042309045791626;-0.08940055221319199;0.543956458568573;0.700217604637146;-0.03945133462548256;0.5582905232906341;0.5241602957248688;-0.5176223695278168;0.5797566920518875;0.7389196008443832;-0.35224076360464096;0.5362371802330017;0.7370406091213226;-0.3291982635855675;0.5681262016296387;0.871930201848348;-0.0328108854785872;0.543864925702413;0.8763051629066467;0.011502323051293692
2.88;0.5541131496429443;0.51286780834198;-0.51619553565979;0.5963596701622009;0.4967842400074005;-0.35078123211860657;0.5248047709465027;0.488942414522171;-0.3439335823059082;0.5911241173744202;0.6121180653572083;-0.3247429132461548;0.5302051305770874;0.6040051579475403;-0.3130718171596527;0.5772844552993774;0.5834001898765564;-0.00984539370983839;0.5407534837722778;0.5771089792251587;0.009911737404763699;0.5705134272575378;0.7164255380630493;-0.07999096810817719;0.5446242094039917;0.7143630385398865;-0.03054847940802574;0.5592678010463714;0.5099476516246796;-0.5383890360593796;0.5794093012809753;0.7332288920879364;-0.3929216265678406;0.5365258753299713;0.7271191626787186;-0.3823375627398491;0.5686110059420267;0.8731706539789835;0.011414142946402231;0.5433114369710287;0.8778231938680013;0.04824737459421158
2.91;0.554600715637207;0.49735599756240845;-0.5043390989303589;0.5974990129470825;0.48649832606315613;-0.3473736047744751;0.524822473526001;0.4760981500148773;-0.33592021465301514;0.5919502377510071;0.6011664271354675;-0.31052613258361816;0.5298569202423096;0.5919212698936462;-0.2959987223148346;0.5771126747131348;0.5916321873664856;-0.009649460203945637;0.5419896841049194;0.5864026546478271;0.00971995573490858;0.5706291794776917;0.7262799739837646;-0.042490627616643906;0.5444768667221069;0.72262042760849;0.0025708647444844246;0.5595203101634979;0.49469474256038665;-0.5249375611543655;0.5792888253927231;0.7230925112962723;-0.3702387809753418;0.5364181995391846;0.7145652621984482;-0.36002667248249054;0.5686898231506348;0.8734434843063354;0.0759347981462876;0.5434434612592062;0.8778109550476074;0.11336285869280498
2.94;0.5547759532928467;0.4882742166519165;-0.5033866763114929;0.5989382266998291;0.47697174549102783;-0.340248167514801;0.524886429309845;0.46646568179130554;-0.33439895510673523;0.5925105810165405;0.5948246121406555;-0.3054788410663605;0.5288370251655579;0.5850838422775269;-0.2974534034729004;0.5771175622940063;0.605938196182251;-0.006500525400042534;0.5427562594413757;0.600130021572113;0.0065699913538992405;0.5716544389724731;0.7378737926483154;-0.015622150152921677;0.5432131886482239;0.7285842299461365;0.013184241950511932;0.5597976207733154;0.4850476264953613;-0.51973175406456;0.5793694406747818;0.7115548402070999;-0.36063797026872635;0.5363854765892029;0.7071812748908997;-0.36506184190511703;0.5689510703086853;0.8730569879213969;0.12363748749097188;0.5432733496030172;0.8764601349830627;0.14852454761664072
2.98;0.5551742911338806;0.47740381956100464;-0.4991518557071686;0.5995931625366211;0.4606759250164032;-0.3395898938179016;0.5249035954475403;0.4572415351867676;-0.3415479362010956;0.5931249260902405;0.5786251425743103;-0.3029206693172455;0.5290045738220215;0.5778587460517883;-0.31085458397865295;0.5771321058273315;0.6124275326728821;-0.005133160389959812;0.5428767204284668;0.6077018976211548;0.005192471202462912;0.5736205577850342;0.7435811758041382;-0.002109278691932559;0.5417556762695312;0.7428567409515381;0.06707608699798584;0.5604752004146576;0.47038101851940156;-0.5179029762744903;0.579419732093811;0.7000245302915573;-0.3643290027976036;0.5360525101423264;0.7028126567602158;-0.3812994509935379;0.5697618921597799;0.8749967614809672;0.16068891187508902;0.5423156221707662;0.8771616021792094;0.2411935975154241
3.01;0.556265652179718;0.461570143699646;-0.4793764054775238;0.6007617115974426;0.44927099347114563;-0.3175193965435028;0.5252698063850403;0.4427279531955719;-0.33758702874183655;0.5939990282058716;0.5670562982559204;-0.273465633392334;0.5288026332855225;0.5685476064682007;-0.3031424283981323;0.5771743059158325;0.6106389760971069;-0.0017213055398315191;0.542677104473114;0.6062121987342834;0.001765441382303834;0.5737630128860474;0.7384721040725708;0.00624852254986763;0.5407169461250305;0.7411296963691711;0.05066348984837532;0.561290580034256;0.4502500593662262;-0.49947103261947634;0.5799756199121475;0.6868214458227158;-0.35475750267505646;0.535887286067009;0.6911723166704178;-0.37592852115631104;0.5704784790674845;0.8774714867273966;0.16825596491495767;0.5416643023490906;0.8783876895904541;0.20961520075798035
3.04;0.5562365055084229;0.4515111744403839;-0.4810554087162018;0.6013690829277039;0.4401642978191376;-0.3205307722091675;0.525255024433136;0.43297722935676575;-0.3305467963218689;0.5949276089668274;0.5594828128814697;-0.2772267162799835;0.5275534391403198;0.5586758255958557;-0.29928794503211975;0.5756694674491882;0.6059173345565796;-0.002644409192726016;0.541874885559082;0.601460337638855;0.002702438971027732;0.5736497044563293;0.7329594492912292;-0.014811714179813862;0.5401937961578369;0.7436426281929016;0.05270515754818916;0.5613327205181122;0.43772646188735964;-0.501582282781601;0.5800126940011978;0.6765418946743011;-0.3562076762318611;0.5350779294967651;0.6811998337507248;-0.3663136586546898;0.5711874564488729;0.8774492740631104;0.12206366658210754;0.541497806708018;0.8790519634882609;0.19784325857957205
3.08;0.5567061305046082;0.4365832209587097;-0.46199482679367065;0.6014718413352966;0.4310106337070465;-0.30094391107559204;0.5252417922019958;0.4231516420841217;-0.31737297773361206;0.5963542461395264;0.5501241683959961;-0.2573159337043762;0.5264992117881775;0.5454713702201843;-0.28523266315460205;0.5756696462631226;0.6062358021736145;-0.0008502040291205049;0.5416268110275269;0.6040195822715759;0.0008953356300480664;0.5736377835273743;0.7308844327926636;-0.0074237738735973835;0.5402425527572632;0.7435815334320068;0.045501627027988434;0.5618732690811157;0.42260309755802156;-0.4828240483999252;0.5807705968618393;0.6670020967721939;-0.34693489223718643;0.5337151885032654;0.669608548283577;-0.36221615225076675;0.5711905757586161;0.8775561849276224;0.13921734442313513;0.5415296157201132;0.8794151544570923;0.19401377936204275
3.11;0.5570178031921387;0.41936880350112915;-0.46768882870674133;0.6016163229942322;0.4187127947807312;-0.2977290451526642;0.5253109335899353;0.41288992762565613;-0.31799009442329407;0.5980764627456665;0.5372552275657654;-0.25443416833877563;0.5259113907814026;0.538325309753418;-0.28513360023498535;0.5758692622184753;0.601228654384613;0.0031240794342011213;0.5413443446159363;0.5988938212394714;-0.0031135892495512962;0.5738825798034668;0.7298427820205688;0.004782530013471842;0.540171205997467;0.7421867251396179;0.03394697606563568;0.5622718811035157;0.4003069281578064;-0.4872086226940155;0.5827702432870865;0.6578980684280396;-0.34390974044799805;0.533292829990387;0.659802570939064;-0.36557622998952866;0.5713419318199158;0.8775016665458679;0.1469581996401151;0.5415692726771036;0.8795121113459269;0.16889670739571253
3.14;0.5569541454315186;0.40232202410697937;-0.47196072340011597;0.6015979051589966;0.41005077958106995;-0.2996026277542114;0.5252112150192261;0.40214216709136963;-0.3167325258255005;0.6001474857330322;0.5267355442047119;-0.2586105167865753;0.5246685743331909;0.5264533758163452;-0.2851584553718567;0.5760762691497803;0.5990105867385864;0.002131665823981166;0.5407649278640747;0.5958589315414429;-0.002116534858942032;0.5744982957839966;0.7288684844970703;-0.00682181166484952;0.5399459004402161;0.7396050691604614;0.029429860413074493;0.5623556435108185;0.38030219078063965;-0.4906457155942917;0.5839902460575104;0.6457216739654541;-0.3447744846343994;0.5333872437477112;0.6471963971853256;-0.3711228370666504;0.5716176629066467;0.8776515126228333;0.12747711688280106;0.5416333079338074;0.8793370326360067;0.16118721415599188
3.18;0.5569280982017517;0.385101318359375;-0.43989595770835876;0.6014611124992371;0.3994249999523163;-0.26239168643951416;0.5246244668960571;0.3951166868209839;-0.2865717113018036;0.6029734015464783;0.5137035250663757;-0.22073890268802643;0.5224102735519409;0.5162657499313354;-0.2586008906364441;0.5761846303939819;0.5984566807746887;0.002902231179177761;0.5402494668960571;0.5949804186820984;-0.0028980965726077557;0.574912428855896;0.7287662625312805;0.001596494927071035;0.5395545363426208;0.7374313473701477;0.02739451266825199;0.5623891532421113;0.3644943296909332;-0.4554132640361786;0.5864733159542084;0.6342297792434692;-0.3114176020026207;0.5334538072347641;0.6395356804132462;-0.35276108980178833;0.5716472466786703;0.8777267535527548;0.14232864479223886;0.5414600372314453;0.8780525128046671;0.16033550848563513
3.21;0.5569005012512207;0.3736113905906677;-0.40530359745025635;0.6014451384544373;0.3920702636241913;-0.23358534276485443;0.5237707495689392;0.39075952768325806;-0.25369274616241455;0.6050944924354553;0.5039804577827454;-0.18543709814548492;0.519651472568512;0.5088871717453003;-0.2176830768585205;0.5762335658073425;0.5975962281227112;0.0022054973524063826;0.53982013463974;0.5936599969863892;-0.002198735484853387;0.5752688646316528;0.7288324236869812;0.0019519241759553552;0.5393523573875427;0.7363215088844299;0.026791352778673172;0.5624224424362183;0.35226490199565885;-0.4206698089838028;0.5876545161008835;0.624946117401123;-0.27291829138994217;0.533306285738945;0.6320769488811493;-0.30461085587739944;0.5716255307197571;0.8776207168896993;0.14473299930493036;0.5415233174959818;0.874927798906962;0.16677090028921762
3.24;0.5566477179527283;0.35992178320884705;-0.3307371437549591;0.6014336347579956;0.38735735416412354;-0.172682523727417;0.5231287479400635;0.38422027230262756;-0.18968531489372253;0.606888473033905;0.49748560786247253;-0.11916866898536682;0.5176452994346619;0.5016895532608032;-0.1502642035484314;0.5769330263137817;0.596505880355835;0.001700163702480495;0.539643406867981;0.5928399562835693;-0.001692780526354909;0.5756542086601257;0.7306575775146484;0.008937938138842583;0.5392488837242126;0.7365705370903015;0.025791708379983902;0.5622690081596374;0.33685170114040375;-0.34465193152427676;0.5891808867454529;0.6185750812292099;-0.2097279541194439;0.5327677875757217;0.6246105581521988;-0.23774095252156258;0.5715357462565104;0.8773620327313741;0.1523533488313357;0.5415207147598267;0.8752533594767252;0.16237741708755493
3.28;0.5565683245658875;0.3484923243522644;-0.26622119545936584;0.601402759552002;0.38258475065231323;-0.11695548892021179;0.5223647356033325;0.3785492181777954;-0.1415330469608307;0.6078776717185974;0.4906832277774811;-0.05592833459377289;0.5161482095718384;0.49437254667282104;-0.10834473371505737;0.5774370431900024;0.5958340167999268;0.0021708225831389427;0.5395671129226685;0.5925901532173157;-0.002173334825783968;0.5757514238357544;0.7303164601325989;0.016906067728996277;0.5390962362289429;0.7348976135253906;0.020888403058052063;0.5620729088783264;0.32368017435073854;-0.27708147317171095;0.5921922773122787;0.6123800426721573;-0.13799529150128365;0.5322549343109131;0.6174275279045105;-0.1932818591594696;0.5715595285097758;0.8772162000338236;0.14274293184280396;0.5414548913637797;0.8755414485931396;0.14416799694299698
3.31;0.5563817024230957;0.33720120787620544;-0.20415352284908295;0.6013336181640625;0.3769049346446991;-0.07496792078018188;0.5214740037918091;0.37414535880088806;-0.08759595453739166;0.6084560751914978;0.48487961292266846;-0.02146172523498535;0.5145564675331116;0.4868461787700653;-0.06258255988359451;0.5780050754547119;0.5951431393623352;0.0008290561963804066;0.5395731925964355;0.5921533107757568;-0.000827586161904037;0.5758807063102722;0.7300176620483398;0.010169119574129581;0.5389228463172913;0.7346302270889282;0.019959386438131332;0.5615861773490906;0.31102013885974883;-0.21243812292814254;0.5961953550577164;0.6061788499355316;-0.0982066560536623;0.5314912647008896;0.6096484661102295;-0.14922918006777763;0.571660578250885;0.8773720661799113;0.13505215446154276;0.5416260759035746;0.8771199782689413;0.1336697960893313
3.34;0.5557116270065308;0.3285321295261383;-0.18415223062038422;0.6010486483573914;0.37428197264671326;-0.0565553642809391;0.5207095146179199;0.3734605610370636;-0.07168523967266083;0.6102710962295532;0.4807681739330292;-0.007953840307891369;0.5126980543136597;0.48464176058769226;-0.04918263480067253;0.5787697434425354;0.5937249660491943;0.0007678351830691099;0.5396290421485901;0.5919994711875916;-0.0007662057760171592;0.5760033130645752;0.7298194766044617;0.012049885466694832;0.538953959941864;0.734527587890625;0.019207563251256943;0.5609167754650116;0.30230996906757357;-0.1903623089194298;0.5988376140594482;0.6005908846855164;-0.090635996311903;0.529997393488884;0.60463747382164;-0.1376078575849533;0.5718433062235514;0.8768826325734457;0.13487575699885687;0.5420106450716654;0.8777893781661987;0.1352691724896431
3.38;0.5552745461463928;0.31999948620796204;-0.15367428958415985;0.6010028719902039;0.37475624680519104;-0.04369586706161499;0.5207503437995911;0.3705143928527832;-0.04474843293428421;0.6112853288650513;0.4805282652378082;-0.006428024265915155;0.5117788314819336;0.4807156026363373;-0.02646801806986332;0.5790706872940063;0.5937337875366211;-0.0005938750109635293;0.5396044850349426;0.5921303033828735;0.0005888796295039356;0.5760411620140076;0.7311884164810181;0.011971347033977509;0.5387329459190369;0.7345711588859558;0.02194410003721714;0.5605542778968811;0.2942155033349991;-0.1580299384891987;0.6020680218935013;0.5972754806280136;-0.09473307058215141;0.5287236422300339;0.5998867303133011;-0.11563896387815475;0.5719001491864523;0.8769062360127767;0.1427124241987864;0.5424609184265137;0.8784111936887106;0.1420270303885142
3.41;0.554657518863678;0.31379005312919617;-0.15903280675411224;0.6009426712989807;0.3735526502132416;-0.047483403235673904;0.5206426382064819;0.370359867811203;-0.04860459268093109;0.6121138334274292;0.4790853261947632;-0.013142426498234272;0.5106269121170044;0.4782480299472809;-0.02831297554075718;0.5794611573219299;0.5935108661651611;-0.0007409165264107287;0.5396344065666199;0.5919204354286194;0.0007312439265660942;0.5760685801506042;0.731375515460968;0.014627581462264061;0.5387381911277771;0.7344351410865784;0.0219226386398077;0.5600475430488586;0.288836470246315;-0.16249846741557122;0.6049135327339172;0.5941859632730484;-0.10941493138670921;0.5272167176008224;0.5970612317323685;-0.11920861713588238;0.5720024903615316;0.8760784467061361;0.14418956637382507;0.5426443219184875;0.8784680366516113;0.14271872490644455
3.44;0.5539824366569519;0.30985909700393677;-0.1571538895368576;0.6008667945861816;0.3727118670940399;-0.0517832413315773;0.5206106901168823;0.3704748749732971;-0.04191229119896889;0.6129968762397766;0.47834059596061707;-0.02094794251024723;0.5098212361335754;0.47699788212776184;-0.016968604177236557;0.5797991752624512;0.5934103727340698;-0.002791074337437749;0.5396457314491272;0.5917680263519287;0.0027766251005232334;0.5760504603385925;0.731872022151947;0.015629705041646957;0.5387258529663086;0.7344217896461487;0.027976278215646744;0.5593733072280884;0.28512103855609894;-0.16018054708838464;0.6064760237932205;0.5923912674188614;-0.11927346140146255;0.5243337005376816;0.5932417511940002;-0.10970954038202763;0.571986178557078;0.8754204312960306;0.15098886440197626;0.5426147778828939;0.8783475756645203;0.15655085444450378
3.48;0.5526660680770874;0.30622661113739014;-0.1586412787437439;0.6007351875305176;0.3725350499153137;-0.05994899943470955;0.5206449031829834;0.3700255751609802;-0.04218807443976402;0.6131977438926697;0.47832024097442627;-0.02844257466495037;0.5089874267578125;0.4754158556461334;-0.015698203817009926;0.5799761414527893;0.5931916832923889;-0.005501971580088139;0.5396237373352051;0.5916954874992371;0.005472811404615641;0.5758521556854248;0.732253909111023;0.014615519903600216;0.5386070609092712;0.7346179485321045;0.03544582426548004;0.5580656945705413;0.28255983293056486;-0.1624210186302662;0.6074341386556625;0.593627467751503;-0.12420807965099812;0.5224389582872391;0.5935410261154175;-0.10735435970127583;0.5719970266024271;0.8749015927314758;0.16276087860266367;0.5425878365834554;0.878071129322052;0.17397544781366983
3.51;0.5516903400421143;0.3043990731239319;-0.16255350410938263;0.6002394556999207;0.37109631299972534;-0.06082192063331604;0.5206566452980042;0.36879000067710876;-0.04462529718875885;0.6133651733398438;0.4776025414466858;-0.028925277292728424;0.5088018178939819;0.47505462169647217;-0.01744946837425232;0.5802044868469238;0.5927508473396301;-0.005877513438463211;0.5396038293838501;0.5916626453399658;0.005855792202055454;0.5757327675819397;0.7322779893875122;0.017650531604886055;0.5385476350784302;0.7349586486816406;0.036337122321128845;0.5573023915290832;0.2811370611190796;-0.1661468267440796;0.6086083948612213;0.5930595099925995;-0.12755852565169334;0.5206836313009262;0.5949998795986176;-0.11119230091571808;0.5719976822535197;0.8740366697311401;0.1678329755862554;0.542593518892924;0.8781716823577881;0.17313992977142334
3.54;0.5511536002159119;0.3045787215232849;-0.1732219159603119;0.6002258658409119;0.37219473719596863;-0.06574269384145737;0.5206785202026367;0.36894357204437256;-0.05169987678527832;0.6138503551483154;0.479579895734787;-0.028409535065293312;0.5092641115188599;0.47536036372184753;-0.022783011198043823;0.5804697275161743;0.5926382541656494;-0.006226444151252508;0.5395202040672302;0.5915501117706299;0.006208303850144148;0.5755371451377869;0.7321945428848267;0.02641405537724495;0.5383768677711487;0.7352450489997864;0.04386930167675018;0.5568816125392914;0.28084108531475066;-0.17702964544296265;0.609192818403244;0.5960950404405594;-0.12127123400568962;0.5190293341875076;0.5960797965526581;-0.11818908527493477;0.5720172127087911;0.8734136819839478;0.1830504834651947;0.5426229039827982;0.8774850765864054;0.18923313915729523
3.58;0.5505090951919556;0.30348917841911316;-0.1770094931125641;0.6002159714698792;0.3725113272666931;-0.0686684250831604;0.5207170248031616;0.36838677525520325;-0.05505561828613281;0.6143351197242737;0.48018693923950195;-0.028982819989323616;0.5094905495643616;0.47492048144340515;-0.02552129328250885;0.5807697176933289;0.5923009514808655;-0.006226018536835909;0.5394530296325684;0.5911161303520203;0.006209195591509342;0.5754773020744324;0.7320183515548706;0.02638503722846508;0.5383221507072449;0.7352625727653503;0.041430409997701645;0.5564848184585571;0.2796401739120483;-0.180953773856163;0.6098821610212326;0.5977011322975159;-0.11754627525806427;0.5174929648637772;0.5973754227161407;-0.11885506473481655;0.572181244691213;0.8729819854100546;0.17335505535205206;0.5425360202789307;0.8774635195732117;0.17908932268619537
3.61;0.5499657988548279;0.3019428253173828;-0.1788213849067688;0.6002093553543091;0.3725380301475525;-0.06935331225395203;0.5208137631416321;0.36789432168006897;-0.0576048418879509;0.6146824955940247;0.48002931475639343;-0.02869081310927868;0.509766697883606;0.4745716452598572;-0.027391130104660988;0.5808402299880981;0.5917707085609436;-0.006196021102368832;0.5391567945480347;0.5903913378715515;0.006186175625771284;0.5754191279411316;0.731549859046936;0.029008779674768448;0.5382611155509949;0.7352353930473328;0.03976628929376602;0.5561061501502991;0.27837557792663575;-0.1828487493097782;0.6100560426712036;0.5985414981842041;-0.11503585427999496;0.516344428062439;0.5983177870512009;-0.11928539909422398;0.5723184943199158;0.8724520007769266;0.17324324945608774;0.5426112214724222;0.8772109150886536;0.17602561662594476
3.64;0.5494311451911926;0.3013007938861847;-0.18220867216587067;0.6001855134963989;0.3724747598171234;-0.07307363301515579;0.5208709836006165;0.36751729249954224;-0.06053515151143074;0.6149059534072876;0.4795178771018982;-0.032605379819869995;0.5099429488182068;0.4749685525894165;-0.029081938788294792;0.5808848738670349;0.5910863876342773;-0.006138909608125687;0.5387632250785828;0.5895821452140808;0.006134206894785166;0.5752006769180298;0.7313804626464844;0.02587101235985756;0.538234293460846;0.7352129220962524;0.039271071553230286;0.5556832611560821;0.27808461487293246;-0.1865345634520054;0.6100797802209854;0.5992155373096466;-0.11872066371142864;0.514625608921051;0.5989173948764801;-0.1207035519182682;0.5724067489306132;0.8722282648086548;0.16820553690195084;0.5427658557891846;0.8770331343015035;0.17450522383054098
3.68;0.5491286516189575;0.30061328411102295;-0.18805061280727386;0.6001099348068237;0.37254980206489563;-0.07774088531732559;0.5209502577781677;0.3674650192260742;-0.06571445614099503;0.6147506237030029;0.47945183515548706;-0.037045594304800034;0.5099847912788391;0.4750823378562927;-0.0325605645775795;0.5808682441711426;0.5884659886360168;-0.0060850754380226135;0.5380412340164185;0.586951494216919;0.006087068468332291;0.5747232437133789;0.730316698551178;0.025747576728463173;0.5382317304611206;0.7349733710289001;0.02883611060678959;0.5554127752780914;0.27775620520114896;-0.19256471022963523;0.6099374741315842;0.599456325173378;-0.12244608253240585;0.5120452493429184;0.5985795855522156;-0.1227329894900322;0.5725128650665283;0.8722124099731445;0.14641761779785156;0.5428203543027242;0.8772210677464803;0.1440168395638466
3.71;0.5485178232192993;0.29926741123199463;-0.1986674964427948;0.6000992059707642;0.37283265590667725;-0.09129171818494797;0.5210121273994446;0.3676532506942749;-0.0686507299542427;0.6149324178695679;0.479641854763031;-0.05021889880299568;0.5100070834159851;0.4757806658744812;-0.0349196158349514;0.5808547139167786;0.5858919620513916;-0.006246035452932119;0.537516713142395;0.5845280885696411;0.006232299376279116;0.5741390585899353;0.7280329465866089;0.024287531152367592;0.5382290482521057;0.7336950898170471;0.02671690285205841;0.5550135552883149;0.27693125903606414;-0.202631439268589;0.6097242087125778;0.5992944538593292;-0.1333568673580885;0.5106493085622787;0.5980485677719116;-0.1243350375443697;0.5726589759190878;0.872133731842041;0.1446620300412178;0.5427215496699015;0.8775171438852946;0.13821880519390106
3.74;0.5481777191162109;0.2978382408618927;-0.18590036034584045;0.6000249981880188;0.3728664815425873;-0.07817591726779938;0.5210362076759338;0.36792606115341187;-0.06332471966743469;0.614798367023468;0.47984153032302856;-0.03859906271100044;0.5099528431892395;0.47627007961273193;-0.030448324978351593;0.5806946754455566;0.5855448246002197;-0.0053605083376169205;0.5368709564208984;0.5836240649223328;0.005330547224730253;0.5738946199417114;0.7278293371200562;0.02709212899208069;0.5384151339530945;0.7330192923545837;0.02213750220835209;0.5547792971134186;0.2757998764514923;-0.18930848240852355;0.6093901097774506;0.5986645817756653;-0.12651781365275383;0.5097709000110626;0.5982950776815414;-0.12168812938034534;0.5725831588109335;0.8722945253054301;0.14551451802253723;0.5426509777704874;0.8779188195864359;0.13010806093613306
3.78;0.5482028126716614;0.29742634296417236;-0.18523232638835907;0.6000197529792786;0.37280407547950745;-0.07959882915019989;0.5210504531860352;0.36788585782051086;-0.06007146090269089;0.6146987080574036;0.47959116101264954;-0.03875463083386421;0.5099049806594849;0.47647804021835327;-0.02514149248600006;0.5805627107620239;0.585561215877533;-0.0057157911360263824;0.5362808704376221;0.5833728313446045;0.005683500319719315;0.5736942291259766;0.7277840375900269;0.025393495336174965;0.5384033918380737;0.7321318984031677;0.023097246885299683;0.5547995328903198;0.27542883455753325;-0.1891832731664181;0.6093154698610306;0.597921147942543;-0.13257921859622002;0.5096512138843536;0.5985910147428513;-0.11743152886629105;0.5724150339762369;0.8724451462427775;0.14266537874937057;0.5424438913663229;0.8782552282015482;0.13511849691470465
3.81;0.5482450127601624;0.2975902557373047;-0.1848345845937729;0.600024938583374;0.3727993965148926;-0.08064469695091248;0.5210673213005066;0.3677937388420105;-0.0561201274394989;0.6146084070205688;0.47962310910224915;-0.045520439743995667;0.5098376870155334;0.4765571653842926;-0.01900235004723072;0.5804568529129028;0.5855897665023804;-0.006712136324495077;0.5359804034233093;0.5833858847618103;0.006685382220894098;0.5736249685287476;0.7277927994728088;0.02171892486512661;0.5383943319320679;0.7319782376289368;0.02383476123213768;0.5548213362693787;0.27546786665916445;-0.18919626474380494;0.6077232956886292;0.5973316729068756;-0.14446721225976944;0.5092242658138275;0.5981675684452057;-0.11289857886731625;0.5723512172698975;0.8731174468994141;0.14307314902544022;0.542385200659434;0.8788671096165975;0.1382067600886027
3.84;0.5482754111289978;0.2977873682975769;-0.17536552250385284;0.6000208854675293;0.372896671295166;-0.0782613605260849;0.5210714936256409;0.3677169680595398;-0.045896727591753006;0.6134999990463257;0.4798145890235901;-0.048205144703388214;0.5097828507423401;0.4764260947704315;-0.009692288003861904;0.5803012251853943;0.5856249332427979;-0.007967320270836353;0.5357781052589417;0.5834643244743347;0.007947604171931744;0.5735991597175598;0.7278024554252625;0.014730577357113361;0.5383085012435913;0.731881856918335;0.024333776906132698;0.5547967731952668;0.27576214373111724;-0.18031434565782548;0.6056519150733948;0.597221165895462;-0.1486874669790268;0.5087627917528152;0.5979246646165848;-0.10447865165770054;0.5722788373629252;0.8736252387364706;0.14136396100123724;0.5423012773195902;0.8792768915494283;0.14056085546811423
3.88;0.5483216047286987;0.2988661229610443;-0.17328880727291107;0.5999991297721863;0.372983455657959;-0.07534878700971603;0.5210348963737488;0.3672337234020233;-0.043652378022670746;0.6113899350166321;0.4801281690597534;-0.04795227572321892;0.5097097158432007;0.47614771127700806;-0.009015812538564205;0.5794665217399597;0.5860871076583862;-0.008518794551491737;0.5352736711502075;0.5835784077644348;0.00850382074713707;0.5735462307929993;0.728145182132721;0.011158685199916363;0.5381165742874146;0.7318812608718872;0.025790611281991005;0.5548199653625489;0.27676850855350493;-0.17858128175139426;0.6015288829803467;0.5974086970090866;-0.14680622145533562;0.5088557153940201;0.5968345105648041;-0.1060547735542059;0.572153627872467;0.8741899530092875;0.14093841115633646;0.5422614216804504;0.8794544140497843;0.14682852973540625
3.91;0.5483353734016418;0.2995053231716156;-0.16631683707237244;0.5999097228050232;0.37305018305778503;-0.06959844380617142;0.521019458770752;0.3668469488620758;-0.03804317116737366;0.6093127131462097;0.48025748133659363;-0.04428238421678543;0.5096882581710815;0.47553977370262146;-0.00596543587744236;0.5781968832015991;0.586509108543396;-0.009006472304463387;0.5348371863365173;0.5836241841316223;0.00899615790694952;0.5734947323799133;0.7284482717514038;0.006003624759614468;0.5378828644752502;0.7318846583366394;0.025887252762913704;0.5548353135585785;0.27741251289844515;-0.17165685817599297;0.5973082631826401;0.5978100001811981;-0.14367389306426048;0.5093021094799042;0.5960702896118164;-0.10345907881855965;0.5718898971875509;0.8750791947046915;0.13288124650716782;0.5421541929244995;0.8796595732371012;0.14735022683938345
3.94;0.5489898324012756;0.3006102740764618;-0.15818558633327484;0.5996993184089661;0.3732180893421173;-0.0574350506067276;0.5210039615631104;0.36671918630599976;-0.03314113989472389;0.6079056859016418;0.4802985191345215;-0.0355258509516716;0.5094925761222839;0.47495830059051514;-0.004636820871382952;0.577388346195221;0.5869863033294678;-0.008875810541212559;0.5347134470939636;0.5838107466697693;0.008862094022333622;0.5733705759048462;0.7286052107810974;0.0050781723111867905;0.5375195145606995;0.7322660088539124;0.02269350178539753;0.5554121971130371;0.27777760326862333;-0.1623401463031769;0.5955558866262436;0.5987772047519684;-0.1383764911442995;0.5096000283956528;0.595121830701828;-0.10231184400618076;0.5717604160308838;0.8750892082850138;0.1279455249508222;0.5420722762743632;0.8805089791615804;0.13818472623825073
3.98;0.549213707447052;0.3018721044063568;-0.15344825387001038;0.5992794036865234;0.37324270606040955;-0.053966883569955826;0.5209969282150269;0.36664116382598877;-0.028813019394874573;0.6070562601089478;0.48039811849594116;-0.03317973390221596;0.509134829044342;0.4744585156440735;-0.000604818167630583;0.5768843293190002;0.5880733132362366;-0.008773120120167732;0.5347397923469543;0.5847200155258179;0.008761278353631496;0.5732194185256958;0.7292110919952393;0.00352999079041183;0.5372800827026367;0.7330814003944397;0.02173422835767269;0.5555476307868957;0.27832735180854795;-0.1577564649283886;0.5945768356323242;0.5988612920045853;-0.1376599296927452;0.5097225606441498;0.5944236665964127;-0.09829077497124672;0.5716588894526163;0.8750655253728231;0.12955337762832642;0.5420067111651102;0.8810880581537882;0.13843527932961783
4.01;0.5493071675300598;0.30235555768013;-0.152312770485878;0.5989059209823608;0.37326958775520325;-0.05305548384785652;0.5209417939186096;0.3666127324104309;-0.02802867442369461;0.6065816879272461;0.48046818375587463;-0.032191745936870575;0.5084798336029053;0.47412124276161194;0.00014229408407118171;0.5764912366867065;0.5887945294380188;-0.008737999945878983;0.5346919298171997;0.5851415991783142;0.00872956681996584;0.5729376077651978;0.7298780679702759;0.002017440740019083;0.5369889140129089;0.7331393361091614;0.021563002839684486;0.5555974841117859;0.2786281853914261;-0.15677206367254257;0.5939857214689255;0.5990884900093079;-0.13682077638804913;0.5098710656166077;0.5932129472494125;-0.09766903333365917;0.5715202291806539;0.8751275738080343;0.12768002351125082;0.5418409109115601;0.8812910119692484;0.13871685167153677
4.05;0.549306333065033;0.3025319278240204;-0.15166175365447998;0.5982756614685059;0.37330514192581177;-0.052516572177410126;0.5207886695861816;0.36655303835868835;-0.02908400259912014;0.6064748167991638;0.48051726818084717;-0.030810710042715073;0.5080624222755432;0.4735230505466461;-0.0020833078306168318;0.5758359432220459;0.5894006490707397;-0.008683739230036736;0.5345525741577148;0.5852380990982056;0.008675921708345413;0.5723214149475098;0.7306755781173706;0.0029398484621196985;0.5366242527961731;0.7330850958824158;0.02164752036333084;0.55555939078331;0.27886968553066255;-0.15602151528000832;0.5936576575040817;0.5991374552249908;-0.13322195969522;0.5101315826177597;0.5930011421442032;-0.09923775494098663;0.5711502631505331;0.8756780425707499;0.12537496040264764;0.5414446791013082;0.8815611799558004;0.13813510785500208
4.08;0.5493050217628479;0.30268487334251404;-0.14758504927158356;0.5975736379623413;0.3733547627925873;-0.05093412473797798;0.5205652713775635;0.366554319858551;-0.02820807322859764;0.6062324047088623;0.4805351197719574;-0.02940751053392887;0.5077097415924072;0.47337982058525085;-0.0030154469422996044;0.5754421353340149;0.5901735424995422;-0.008657644502818584;0.5344259738922119;0.5858680605888367;0.008650531060993671;0.5717507004737854;0.7319745421409607;0.002580177504569292;0.5363321304321289;0.7332353591918945;0.021923717111349106;0.5555445730686188;0.2791539251804352;-0.1518243968486786;0.5935646146535873;0.5991721153259277;-0.12940620630979538;0.5108490884304047;0.5930888652801514;-0.09847065061330795;0.5707542498906454;0.8756761352221171;0.1268430824081103;0.5411016742388407;0.8820746143658956;0.13839053362607956
4.11;0.5493085384368896;0.30281731486320496;-0.14888055622577667;0.5971092581748962;0.373517781496048;-0.052017692476511;0.5202323794364929;0.3665695786476135;-0.03027883544564247;0.6061246395111084;0.4805624783039093;-0.03013305366039276;0.5074535012245178;0.47342649102211;-0.004736962728202343;0.5752772092819214;0.5910965204238892;-0.008628715761005878;0.53432697057724;0.5868957042694092;0.008621742017567158;0.5713661909103394;0.7328336238861084;0.0033349329605698586;0.5361188650131226;0.7334970831871033;0.021961599588394165;0.5555206775665283;0.27945108711719513;-0.15296527445316316;0.5935787856578827;0.5992202162742615;-0.1293505933135748;0.5115188807249069;0.5942869633436203;-0.09984627366065979;0.5704902211825053;0.8757890860239664;0.12799385686715445;0.5408026973406473;0.8824479182561239;0.13886253784100214
4.15;0.5492852330207825;0.3028666377067566;-0.14772586524486542;0.5967444777488708;0.37383395433425903;-0.05155037343502045;0.5198642611503601;0.36660438776016235;-0.03049473650753498;0.6058719754219055;0.4806881546974182;-0.030470140278339386;0.5073219537734985;0.47345808148384094;-0.005669622682034969;0.5750653743743896;0.5917163491249084;-0.008603517897427082;0.5341270565986633;0.5875864624977112;0.008596795611083508;0.5709086060523987;0.7334838509559631;0.0038305132184177637;0.5358403921127319;0.7336339950561523;0.022315479815006256;0.5554892897605896;0.2796569764614105;-0.15158524960279465;0.5934351086616516;0.5993133336305618;-0.12982167303562164;0.5119151026010513;0.5949454456567764;-0.10052337124943733;0.5702688097953796;0.8761378526687622;0.12870212147633234;0.54043581088384;0.8826975425084432;0.139470507701238
4.18;0.5489991307258606;0.3033845126628876;-0.14878295361995697;0.5964673757553101;0.3743414580821991;-0.05148427560925484;0.5194188952445984;0.3666658103466034;-0.03096376731991768;0.6057307124137878;0.4814065098762512;-0.029385346919298172;0.5071851015090942;0.47368544340133667;-0.006239528767764568;0.5749682784080505;0.5922340154647827;-0.00855355802923441;0.5338950753211975;0.5882790088653564;0.00854713935405016;0.5706188082695007;0.7338963747024536;0.0027801592368632555;0.5355416536331177;0.7338910698890686;0.021779241040349007;0.5552492678165436;0.2801223576068878;-0.1526379331946373;0.5934882462024689;0.5996576100587845;-0.1286215167492628;0.5123702883720398;0.5954942554235458;-0.10090542212128639;0.5699569582939148;0.8765448530515035;0.12793853878974915;0.5402649839719137;0.8828840057055155;0.13851892203092575
4.21;0.5487688779830933;0.30468910932540894;-0.14997370541095734;0.5959981083869934;0.3747346103191376;-0.05146152153611183;0.5187954306602478;0.3668833076953888;-0.031640250235795975;0.6054362654685974;0.48193711042404175;-0.028343655169010162;0.5070183873176575;0.4742991328239441;-0.006528290454298258;0.5748360753059387;0.5924109220504761;-0.00843416154384613;0.5336880683898926;0.588591992855072;0.008428090251982212;0.5704171061515808;0.7340418100357056;0.0030684529338032007;0.5353440046310425;0.7340429425239563;0.02183755859732628;0.5550065100193023;0.2815411776304245;-0.1537991516292095;0.5935145616531372;0.5998553931713104;-0.1278113927692175;0.5126608163118362;0.5962598919868469;-0.10112633928656578;0.5697167714436849;0.8770248889923096;0.12680341551701227;0.5400890310605367;0.8829060792922974;0.13797751565774283
4.25;0.5484519004821777;0.30469098687171936;-0.15117137134075165;0.5956102013587952;0.37499648332595825;-0.05182551592588425;0.518140971660614;0.36709150671958923;-0.032063037157058716;0.6053339838981628;0.48256540298461914;-0.02789170853793621;0.5067178010940552;0.47471532225608826;-0.007232476957142353;0.5746496915817261;0.5924065709114075;-0.008239256218075752;0.5334988236427307;0.5885971784591675;0.00823210645467043;0.5702430009841919;0.7341213822364807;0.0024571812245994806;0.5351616740226746;0.7340567111968994;0.020219219848513603;0.5546573579311371;0.2816055715084076;-0.1550317868590355;0.5936264991760254;0.5998272597789764;-0.12741336226463318;0.5127780884504318;0.5967363715171814;-0.10243411362171173;0.569405714670817;0.8772574464480082;0.1250592221816381;0.5398131807645162;0.8829836249351501;0.13500886658827463
4.28;0.5480701327323914;0.3047332763671875;-0.15617980062961578;0.5952229499816895;0.3752959966659546;-0.053592436015605927;0.5175515413284302;0.36733007431030273;-0.03461465612053871;0.6051236987113953;0.4829539656639099;-0.028025642037391663;0.5064043998718262;0.4751947820186615;-0.007953576743602753;0.5742127299308777;0.5923967361450195;-0.0082081388682127;0.5331671237945557;0.5884812474250793;0.008200573734939098;0.5699933767318726;0.7341389060020447;0.002382546430453658;0.5350343585014343;0.7341030240058899;0.020042313262820244;0.5541943848133087;0.2816889643669128;-0.15999850258231163;0.5936637818813324;0.5995867848396301;-0.12874237820506096;0.5127438455820084;0.5968801230192184;-0.10391035862267017;0.5690400799115499;0.8774717450141907;0.12470873445272446;0.5395372907320658;0.882953961690267;0.1352331961194674
4.31;0.5476395487785339;0.30476468801498413;-0.16340306401252747;0.5950043797492981;0.3754882514476776;-0.06041727960109711;0.5172550678253174;0.3673636317253113;-0.03954024240374565;0.6051505208015442;0.48314768075942993;-0.03141755983233452;0.5061627626419067;0.4753941297531128;-0.009894944727420807;0.5740639567375183;0.5923529267311096;-0.008194439113140106;0.5328867435455322;0.5882954001426697;0.00818738155066967;0.569783091545105;0.7341254949569702;0.0019311618525534868;0.5348796248435974;0.7341086268424988;0.020198699086904526;0.5536838889122009;0.2817410320043564;-0.1678069807589054;0.5937079936265945;0.5994619131088257;-0.13119253143668175;0.5126081556081772;0.5971170961856842;-0.1059270054101944;0.5686175425847372;0.8776305516560873;0.12680509934822717;0.539206306139628;0.8826717336972555;0.13890426605939865
4.35;0.5471986532211304;0.30472955107688904;-0.1724196970462799;0.5946423411369324;0.37575778365135193;-0.06641892343759537;0.516828179359436;0.3673776686191559;-0.04688296839594841;0.6051819920539856;0.48343345522880554;-0.03463000804185867;0.5058861374855042;0.47546589374542236;-0.01495811715722084;0.5739691853523254;0.5919512510299683;-0.00789537001401186;0.5326781272888184;0.5875864624977112;0.007884137332439423;0.5694605708122253;0.7341254949569702;0.0021060940343886614;0.5347397923469543;0.7341119050979614;0.019490964710712433;0.553218561410904;0.281786647439003;-0.1767815761268139;0.5940637290477753;0.5994590073823929;-0.13263985514640808;0.5124305784702301;0.5971693992614746;-0.11047585867345333;0.5683102210362753;0.877656618754069;0.1268307864665985;0.5388776659965515;0.8825714985529581;0.13724137097597122
4.38;0.5468065142631531;0.30478233098983765;-0.1862533688545227;0.59428471326828;0.37596067786216736;-0.07631175965070724;0.5163574814796448;0.3673849105834961;-0.05706841126084328;0.6051115393638611;0.4837244749069214;-0.04125332087278366;0.5053775906562805;0.47552427649497986;-0.02195097506046295;0.5738236904144287;0.5914168953895569;-0.007705145515501499;0.5324142575263977;0.5870392918586731;0.007690972648561001;0.568960428237915;0.7341044545173645;0.005433771759271622;0.5345948934555054;0.7341121435165405;0.01959739811718464;0.5528680920600891;0.28193666934967043;-0.19110927879810333;0.5941565930843353;0.5994541049003601;-0.13763316348195076;0.5116207152605057;0.5968203097581863;-0.1177627258002758;0.5680505235989889;0.877289334932963;0.12774310261011124;0.5386456847190857;0.8825526634852091;0.13506383200486502
4.41;0.546534538269043;0.3048340380191803;-0.1891724318265915;0.5940641760826111;0.37613317370414734;-0.07916327565908432;0.5159240961074829;0.3674182891845703;-0.06072579324245453;0.605053722858429;0.484054297208786;-0.04407188668847084;0.504999577999115;0.4755345582962036;-0.02522641234099865;0.5737050771713257;0.5912702679634094;-0.007340863812714815;0.5322961807250977;0.5869010090827942;0.0073256539180874825;0.5687199234962463;0.7338730692863464;0.009293914772570133;0.5343610644340515;0.7340549826622009;0.019263146445155144;0.5526152789592743;0.28206384778022764;-0.19409504532814026;0.5942087173461914;0.5994403660297394;-0.13968297839164734;0.5110322535037994;0.5964180827140808;-0.12059744447469711;0.5678601662317911;0.8768898447354635;0.13120784610509872;0.5385366876920065;0.8825388550758362;0.13294317573308945
4.45;0.5460657477378845;0.3048429489135742;-0.1980828493833542;0.5936997532844543;0.376277357339859;-0.08595753461122513;0.5154653191566467;0.3674534261226654;-0.06857743114233017;0.6048955917358398;0.4843776524066925;-0.04896280914545059;0.5045949220657349;0.4755937457084656;-0.03122793138027191;0.5734952688217163;0.5908087491989136;-0.0063843452371656895;0.5319089889526367;0.5862573981285095;0.006363922730088234;0.5684953927993774;0.7335703372955322;0.013652767054736614;0.5340826511383057;0.7339817881584167;0.017989197745919228;0.5521384239196777;0.2820888370275497;-0.20316915810108185;0.5942345410585403;0.5994701832532883;-0.14246084727346897;0.5100405067205429;0.5964204221963882;-0.12486478500068188;0.5675328572591146;0.8767337799072266;0.13110474000374475;0.5383917689323425;0.8825565377871195;0.1255208191772302
4.48;0.5454984903335571;0.3047538101673126;-0.19927570223808289;0.5930641293525696;0.37629467248916626;-0.08700891584157944;0.5149339437484741;0.3674705922603607;-0.07054958492517471;0.6048001050949097;0.4844851493835449;-0.049918849021196365;0.5039492249488831;0.47584328055381775;-0.034328434616327286;0.5733186602592468;0.5899572372436523;-0.00581366429105401;0.5311470627784729;0.5855249166488647;0.005788061302155256;0.5681799650192261;0.7333385348320007;0.013163409195840359;0.5336480736732483;0.7337014079093933;0.016666192561388016;0.5515311896800995;0.2821079909801483;-0.20431833267211913;0.5942681580781937;0.5994956791400909;-0.14325790666043758;0.5091050118207932;0.5967902988195419;-0.1277294885367155;0.5673005978266398;0.8766893347104391;0.12980392326911291;0.538145383199056;0.8825725317001343;0.12317098056276639
4.51;0.5449721813201904;0.3045463562011719;-0.2029968798160553;0.5926831960678101;0.3764110505580902;-0.09048006683588028;0.5144107341766357;0.3674772083759308;-0.07453916221857071;0.6044593453407288;0.48480263352394104;-0.05212957784533501;0.5032907724380493;0.47599655389785767;-0.038227714598178864;0.5730985999107361;0.5894381403923035;-0.005550953559577465;0.530561089515686;0.5849136114120483;0.005519474390894175;0.5677552223205566;0.733206033706665;0.012409648858010769;0.5330823659896851;0.7333052158355713;0.016901414841413498;0.5509871959686279;0.28209195733070375;-0.20807019025087356;0.5942312479019165;0.5996744781732559;-0.1434436533600092;0.5082282721996307;0.5970746874809265;-0.13057134859263897;0.5669867197672526;0.8767844438552856;0.12788731356461844;0.5377015074094137;0.8823980689048767;0.12549100319544473
4.55;0.5443916320800781;0.30444055795669556;-0.20167028903961182;0.5921912789344788;0.37642258405685425;-0.09124842286109924;0.5139939188957214;0.36748725175857544;-0.07363568246364594;0.6042976379394531;0.4849971830844879;-0.053418997675180435;0.5027505159378052;0.4760287404060364;-0.03766285628080368;0.5727477669715881;0.5884993076324463;-0.005568946246057749;0.5299728512763977;0.5840876698493958;0.0055336421355605125;0.5673556923866272;0.7329061031341553;0.009637915529310703;0.532622218132019;0.7329350709915161;0.017012782394886017;0.5502785861492157;0.2821047455072403;-0.20696883797645568;0.5941113829612732;0.5998581349849701;-0.1436676885932684;0.5074475705623627;0.5971314162015915;-0.12991335056722164;0.5666776895523071;0.8773379524548849;0.12167017037669818;0.5372197230656942;0.882438083489736;0.1266514460245768
4.58;0.5441828370094299;0.30450260639190674;-0.1985054314136505;0.5917288661003113;0.37647873163223267;-0.08890823274850845;0.5134488940238953;0.3675345778465271;-0.06975437700748444;0.6037154197692871;0.4851830303668976;-0.05191351845860481;0.5021705031394958;0.4760421812534332;-0.034883707761764526;0.5721276998519897;0.5879353880882263;-0.005907158832997084;0.5293648838996887;0.5837743282318115;0.005866932217031717;0.5668813586235046;0.7325599193572998;0.008164717815816402;0.5320468544960022;0.7327796220779419;0.018479354679584503;0.5500345766544342;0.28228544294834135;-0.20372166484594345;0.5934707373380661;0.600169375538826;-0.14310163259506226;0.5062337070703506;0.5970653891563416;-0.1283667217940092;0.5664739012718201;0.8774913350741068;0.12163488194346428;0.5370043714841207;0.882559617360433;0.1309091572960218
4.61;0.5438998341560364;0.3045198321342468;-0.2028411328792572;0.5912608504295349;0.37653055787086487;-0.0930967926979065;0.5129995346069336;0.3675745129585266;-0.07092734426259995;0.6024826169013977;0.48539432883262634;-0.05577004700899124;0.5020347237586975;0.47614434361457825;-0.03326163813471794;0.571526825428009;0.5864292979240417;-0.006206088699400425;0.5288524031639099;0.5827546715736389;0.006160637829452753;0.566245973110199;0.7321697473526001;0.007991432212293148;0.5317816734313965;0.7323910593986511;0.019527912139892578;0.5496131479740143;0.2824902325868607;-0.20843331664800643;0.5925598293542862;0.6004610061645508;-0.14670641347765923;0.5052530467510223;0.5970875918865204;-0.12685457803308964;0.5662391980489095;0.8775779207547506;0.11923553173740704;0.5369643171628317;0.8825818300247192;0.13135066628456116
4.65;0.5433173179626465;0.30454519391059875;-0.2076980620622635;0.5907377600669861;0.37654590606689453;-0.09730883687734604;0.5125836133956909;0.3675905466079712;-0.07487273961305618;0.6010867953300476;0.4855079650878906;-0.05844207480549812;0.5017809867858887;0.4764437973499298;-0.03413998708128929;0.5710887312889099;0.5849961638450623;-0.006314057856798172;0.5282021164894104;0.5811845064163208;0.006263345014303923;0.5658367276191711;0.7321560382843018;0.005624242592602968;0.5313899517059326;0.7320839166641235;0.0194868091493845;0.5489456534385682;0.2827751487493515;-0.21365852653980255;0.5917612910270691;0.600943073630333;-0.14802590012550354;0.5042431503534317;0.5972993671894073;-0.12612703070044518;0.5659372607866923;0.8778183460235596;0.11244037623206775;0.5368966460227966;0.8825689554214478;0.13041499505440393
4.68;0.5427740812301636;0.30476272106170654;-0.20797520875930786;0.5902571082115173;0.3766012489795685;-0.0958496555685997;0.512011706829071;0.36762353777885437;-0.07622753083705902;0.6001051664352417;0.4857521057128906;-0.056883927434682846;0.501354992389679;0.47707170248031616;-0.03626386448740959;0.5708088874816895;0.5848192572593689;-0.006255840416997671;0.5277014970779419;0.5809840559959412;0.00620223069563508;0.5654594302177429;0.7317440509796143;0.0085015082731843;0.5309485197067261;0.7320010662078857;0.021384434774518013;0.5485061228275299;0.2831729143857956;-0.2135048747062683;0.5910352021455765;0.6017880737781525;-0.14719437062740326;0.5031916722655296;0.5981348007917404;-0.12818250805139542;0.5656599998474121;0.8772805333137512;0.1236061876018842;0.5365323026974996;0.8824381828308105;0.1386165445049604
4.71;0.542176365852356;0.30535176396369934;-0.20037636160850525;0.5897592306137085;0.37666723132133484;-0.08915658295154572;0.5114768147468567;0.36773762106895447;-0.07141682505607605;0.599271297454834;0.48589494824409485;-0.052055101841688156;0.5009412169456482;0.4772184193134308;-0.03483567386865616;0.570382833480835;0.5848857760429382;-0.006065301597118378;0.5272612571716309;0.5810487866401672;0.00601069675758481;0.5649077296257019;0.7318273186683655;0.008635267615318298;0.5304306745529175;0.7320021986961365;0.022169489413499832;0.5479715168476105;0.28369157910346987;-0.20554502159357071;0.590383917093277;0.6019546985626221;-0.14579270035028458;0.5030200928449631;0.5989881157875061;-0.12781807035207748;0.5649119019508362;0.8769188324610392;0.13199413071076074;0.5361789266268412;0.8816009958585104;0.14471915612618128
4.75;0.5418748259544373;0.30640411376953125;-0.19618798792362213;0.5893130898475647;0.37677401304244995;-0.08507173508405685;0.5110231637954712;0.36776697635650635;-0.06710990518331528;0.5985857248306274;0.4859614074230194;-0.048339471220970154;0.500544548034668;0.4773457944393158;-0.03205430507659912;0.5700671672821045;0.5850467085838318;-0.006068679504096508;0.5269457697868347;0.5812541842460632;0.006014424841850996;0.5645545125007629;0.7319251298904419;0.008002778515219688;0.5300194025039673;0.7320582866668701;0.022824468091130257;0.5476779103279114;0.2845518499612808;-0.2012622281908989;0.589728370308876;0.6020692884922028;-0.14344490692019463;0.5029240995645523;0.5994717329740524;-0.12673561461269855;0.5646458069483439;0.8767234683036804;0.13375446448723474;0.5359571178754171;0.8813303112983704;0.14691085616747537
4.78;0.5414591431617737;0.3073388636112213;-0.19208979606628418;0.588716447353363;0.3767990469932556;-0.08184479176998138;0.5105794668197632;0.3677727282047272;-0.06266040354967117;0.5975319147109985;0.4860304594039917;-0.04599152132868767;0.49996253848075867;0.47736185789108276;-0.02812148444354534;0.5695321559906006;0.5852887630462646;-0.006071486975997686;0.5265856981277466;0.5814959406852722;0.006017605308443308;0.5641934275627136;0.7321261167526245;0.00784386694431305;0.5296414494514465;0.7321932315826416;0.02284770831465721;0.5473123729228974;0.2853675276041031;-0.197159743309021;0.588840588927269;0.6026637703180313;-0.14058727025985718;0.5027403011918068;0.599714919924736;-0.12338935025036335;0.5643066962560018;0.8767033219337463;0.13238796095053354;0.5356680750846863;0.8813424110412598;0.14465948939323425
4.81;0.541282057762146;0.30779457092285156;-0.18133343756198883;0.5882326364517212;0.3768180310726166;-0.07654665410518646;0.5101948380470276;0.36786672472953796;-0.052901048213243484;0.5970665812492371;0.4860354959964752;-0.044765934348106384;0.49945783615112305;0.47766274213790894;-0.019040605053305626;0.5690060257911682;0.5859891772270203;-0.006161549128592014;0.5262545347213745;0.5823371410369873;0.006110325921326876;0.5638666152954102;0.7326053977012634;0.005935526452958584;0.5291672945022583;0.7324594259262085;0.023300660774111748;0.5471029341220855;0.28568577468395234;-0.18608043417334558;0.5876889824867249;0.6031838059425354;-0.14068657346069813;0.5025657191872597;0.5998609066009521;-0.11518358625471592;0.5640153686205546;0.8767077128092448;0.13411486893892288;0.5353575150171915;0.8811263640721639;0.14825565119584402
4.85;0.5409453511238098;0.3085155189037323;-0.17589536309242249;0.5877379179000854;0.3768520653247833;-0.07145050168037415;0.5097361207008362;0.3679380416870117;-0.048050712794065475;0.5968866944313049;0.4861619770526886;-0.04130024462938309;0.4990829527378082;0.4778307378292084;-0.016394542530179024;0.5684725642204285;0.5865920186042786;-0.006347816437482834;0.5258392691612244;0.5832045674324036;0.006301524583250284;0.5635820031166077;0.7329326868057251;0.005491199437528849;0.5287717580795288;0.7332141995429993;0.0245050061494112;0.5467604279518128;0.28623526692390444;-0.1806191012263298;0.5868792086839676;0.6045830994844437;-0.13882850483059883;0.5024491474032402;0.5999592542648315;-0.11425993032753468;0.5637736519177755;0.8767744700113932;0.1353889654080073;0.5350850423177084;0.8810077905654907;0.15189476062854132
4.88;0.5405434370040894;0.30933335423469543;-0.17458303272724152;0.5871202945709229;0.3769391179084778;-0.06940025836229324;0.50923091173172;0.36801472306251526;-0.04743971303105354;0.5965312123298645;0.48626944422721863;-0.0397484228014946;0.49857965111732483;0.47795534133911133;-0.016949433833360672;0.5679332613945007;0.5872052907943726;-0.0064612762071192265;0.5254689455032349;0.5839784741401672;0.006418112199753523;0.5631905794143677;0.7329666614532471;0.005507851950824261;0.5284537076950073;0.733373761177063;0.025348497554659843;0.5464599609375;0.28685750961303713;-0.17917596846818923;0.5864477157592773;0.6049681603908539;-0.1380641907453537;0.5021998882293701;0.6001172214746475;-0.11508427932858467;0.5636110703150431;0.876863936583201;0.1360279048482577;0.534866472085317;0.8809524774551392;0.15318136662244797
4.91;0.5402119755744934;0.3098424971103668;-0.1709796041250229;0.5866929292678833;0.377011775970459;-0.06694565713405609;0.5089387893676758;0.3680768609046936;-0.0442509651184082;0.596349835395813;0.48633286356925964;-0.03824799880385399;0.4982394874095917;0.4781190752983093;-0.014163115993142128;0.5677376389503479;0.5879393815994263;-0.006608901079744101;0.5253254175186157;0.5848952531814575;0.006569761782884598;0.562946617603302;0.7332208752632141;0.0049777766689658165;0.5281472206115723;0.7335054874420166;0.025451863184571266;0.5461710333824158;0.2872265040874481;-0.17545258700847627;0.5860301703214645;0.6050671190023422;-0.13731462322175503;0.5022127702832222;0.6003008037805557;-0.11292041093111038;0.5634431640307108;0.8770476977030436;0.13537055999040604;0.5346091588338217;0.8808456261952718;0.15278134991725287
4.95;0.5402612686157227;0.3100046217441559;-0.16526290774345398;0.5865190029144287;0.37716537714004517;-0.061260201036930084;0.5088115334510803;0.36824122071266174;-0.04055701196193695;0.5960493087768555;0.48633873462677;-0.03496585413813591;0.4979950189590454;0.4781925082206726;-0.012977766804397106;0.5675862431526184;0.587997317314148;-0.0071336752735078335;0.5252834558486938;0.5850063562393188;0.007109038066118956;0.5626316666603088;0.7330555319786072;0.005405024625360966;0.528079092502594;0.7335070967674255;0.025681938976049423;0.5461757779121399;0.28740997314453126;-0.1691360205411911;0.5855817496776581;0.6053164750337601;-0.13449592515826225;0.5020408853888512;0.6003116965293884;-0.1125314962118864;0.563196857770284;0.8775428533554077;0.12849621226390204;0.5343450307846069;0.8818038900693258;0.1509062002102534
4.98;0.5401623845100403;0.31005382537841797;-0.15744614601135254;0.5862923264503479;0.3773746192455292;-0.05648975819349289;0.5086013078689575;0.36836346983909607;-0.03397418186068535;0.5956441164016724;0.4863492250442505;-0.03237394243478775;0.49770230054855347;0.4782104194164276;-0.008259679190814495;0.5673094987869263;0.5881316661834717;-0.007991231977939606;0.5251914858818054;0.5852323770523071;0.007975401356816292;0.5622349381446838;0.7330248355865479;0.005104667041450739;0.5279282331466675;0.7336931824684143;0.02600942738354206;0.5460377037525177;0.2875023126602173;-0.16125305444002153;0.5852407813072205;0.6055728644132614;-0.13230645284056664;0.5018182545900345;0.6003598868846893;-0.10879848524928093;0.5627649227778116;0.8779023687044779;0.12662417441606522;0.5340864260991415;0.8825674653053284;0.15015131483475366
5.01;0.5399977564811707;0.31026822328567505;-0.1607736349105835;0.5860454440116882;0.37752431631088257;-0.05886226147413254;0.5083696842193604;0.368429958820343;-0.035542894154787064;0.595349133014679;0.4863925278186798;-0.0337018147110939;0.4973534941673279;0.4782584309577942;-0.008655497804284096;0.5669996738433838;0.588127851486206;-0.008700242266058922;0.524981677532196;0.5852692127227783;0.00868647638708353;0.5618841648101807;0.7329985499382019;0.00480247288942337;0.5277519822120667;0.7337021231651306;0.02612406574189663;0.5457859575748444;0.2877103745937347;-0.16489048302173615;0.5850663334131241;0.6056904196739197;-0.13307148776948452;0.5014758557081223;0.6004728227853775;-0.10925642214715481;0.5623732010523478;0.8781781792640686;0.12401701385776202;0.5337113340695699;0.8832716743151346;0.1487462023893992
5.05;0.5395380854606628;0.3104735314846039;-0.15851272642612457;0.5857325792312622;0.37759292125701904;-0.05874627083539963;0.5080543160438538;0.36867788434028625;-0.03416736051440239;0.5949122309684753;0.4864097833633423;-0.034180205315351486;0.49691128730773926;0.47830310463905334;-0.007533479481935501;0.5667850375175476;0.5881302356719971;-0.008831838145852089;0.5247203707695007;0.5853583216667175;0.00881715677678585;0.5617473125457764;0.7329909205436707;0.004551859572529793;0.5274761915206909;0.7337497472763062;0.02573552168905735;0.5452532768249512;0.2879114806652069;-0.16267945766448974;0.5847565233707428;0.605761930346489;-0.1330787967890501;0.5013163015246391;0.6006004959344864;-0.10698747634887695;0.5620302160580953;0.8788901368776957;0.11890540396173795;0.5332333644231161;0.8838316599527994;0.1419221187631289
5.08;0.5392519235610962;0.3104342520236969;-0.15426132082939148;0.5853028297424316;0.37761279940605164;-0.05687171220779419;0.5077649354934692;0.36890271306037903;-0.030516089871525764;0.5944731831550598;0.48641639947891235;-0.033808231353759766;0.49657300114631653;0.4783751368522644;-0.004047849681228399;0.5665746927261353;0.588127076625824;-0.00911120604723692;0.5244880318641663;0.5853984951972961;0.009097771719098091;0.5616276860237122;0.7330324053764343;0.0029222818557173014;0.527237594127655;0.7338734269142151;0.024993112310767174;0.544944828748703;0.28791095316410065;-0.1582425579428673;0.5845301598310471;0.6057591885328293;-0.13234669342637062;0.5012222453951836;0.600722074508667;-0.1024259589612484;0.5618758797645569;0.8791435758272806;0.11626323064168294;0.5327342748641968;0.8843172589937845;0.13848443080981573
5.12;0.5390821695327759;0.31060636043548584;-0.15610094368457794;0.5848838686943054;0.37768861651420593;-0.057114578783512115;0.5074828267097473;0.3690992593765259;-0.03223023936152458;0.594230055809021;0.4864359498023987;-0.03317273035645485;0.49630409479141235;0.4784810245037079;-0.005485749803483486;0.5663485527038574;0.5881806015968323;-0.009108532220125198;0.5241380929946899;0.5855758190155029;0.009094838984310627;0.5614930987358093;0.7332690954208374;0.002684170613065362;0.5270238518714905;0.7342706322669983;0.02486475743353367;0.5447386085987092;0.28810417652130127;-0.1601584881544113;0.5843993723392487;0.6058120727539062;-0.13155615702271461;0.5011432990431786;0.6009211838245392;-0.10360826924443245;0.5617426236470541;0.879352072874705;0.11753618468840916;0.5324393113454183;0.8844990332921346;0.13897657642761865
5.15;0.5387487411499023;0.310599684715271;-0.15765661001205444;0.5844190120697021;0.3776838481426239;-0.057255037128925323;0.5071138143539429;0.36932867765426636;-0.033942628651857376;0.5941641926765442;0.486429899930954;-0.0345941036939621;0.4962024390697479;0.4787108600139618;-0.006574972998350859;0.5662747621536255;0.5881173014640808;-0.009440766647458076;0.5239949226379395;0.5855959057807922;0.009424651972949505;0.5614545941352844;0.733293354511261;0.0011638293508440256;0.5268459916114807;0.7343037724494934;0.024866590276360512;0.5443556070327759;0.28810334801673887;-0.1616649203002453;0.5844628214836121;0.6054180711507797;-0.13480381667613983;0.5011192634701729;0.6012451350688934;-0.10463729314506054;0.5617541869481405;0.880063513914744;0.11648709326982498;0.5323299368222555;0.884708821773529;0.13928760836521784
5.18;0.5381096005439758;0.31059473752975464;-0.16272908449172974;0.5841388702392578;0.37770339846611023;-0.061876080930233;0.506750762462616;0.36969032883644104;-0.037759244441986084;0.5942090153694153;0.48643362522125244;-0.036977920681238174;0.4959384500980377;0.47891896963119507;-0.009112909436225891;0.5661628246307373;0.5881030559539795;-0.009432757273316383;0.5238045454025269;0.5855972170829773;0.00941531639546156;0.5613942742347717;0.7332937121391296;0.0009768150048330426;0.5265787243843079;0.7343195080757141;0.02511165663599968;0.5437324523925782;0.28813073337078093;-0.167380940169096;0.5844956338405609;0.604927122592926;-0.13685285486280918;0.5009392350912094;0.6014661639928818;-0.10610835626721382;0.5616098443667094;0.880064050356547;0.11941401660442352;0.5321167310078939;0.8847200075785319;0.14283576856056848
5.22;0.5377899408340454;0.31058698892593384;-0.1631876677274704;0.5838891863822937;0.3777157962322235;-0.06249101832509041;0.5063802599906921;0.36995169520378113;-0.038088344037532806;0.5942443013191223;0.48639243841171265;-0.0374293327331543;0.4956720173358917;0.4790054261684418;-0.00932942796498537;0.565980076789856;0.5881040692329407;-0.009579175151884556;0.5235573053359985;0.585605800151825;0.009558627381920815;0.561244547367096;0.7333506345748901;-0.0022632922045886517;0.5262062549591064;0.7343548536300659;0.025150051340460777;0.5434484243392944;0.288108566403389;-0.16776937022805213;0.584536224603653;0.6042348146438599;-0.1381143033504486;0.5007226765155792;0.6015568822622299;-0.10655467212200165;0.5612747669219971;0.880082905292511;0.12076974535981815;0.5317891438802084;0.8845434387524923;0.1461008886496226
5.25;0.5373077988624573;0.3105818033218384;-0.16323745250701904;0.5835073590278625;0.3777245283126831;-0.06327296793460846;0.5060977935791016;0.37016889452934265;-0.03822595998644829;0.5942263603210449;0.48632028698921204;-0.0376039557158947;0.4954659938812256;0.47937527298927307;-0.009495928883552551;0.5658394694328308;0.588107168674469;-0.009665717370808125;0.5233514904975891;0.5856223702430725;0.009642401710152626;0.5610638856887817;0.7334844470024109;-0.006524313241243362;0.5258908867835999;0.7343745827674866;0.024701565504074097;0.5429674983024597;0.2881216645240784;-0.16790585219860077;0.584558293223381;0.6039247065782547;-0.13857602700591087;0.5006431713700294;0.6020246595144272;-0.1068510003387928;0.560968021551768;0.8801242907842001;0.12174791345993678;0.5314750472704569;0.8840775887171427;0.14717492709557214
5.28;0.5367419123649597;0.3105708658695221;-0.16706295311450958;0.583214282989502;0.3777254521846771;-0.06773519515991211;0.5057137608528137;0.37039250135421753;-0.04218214377760887;0.5941486954689026;0.48623496294021606;-0.039920199662446976;0.4953261911869049;0.4797821342945099;-0.011441798880696297;0.565662145614624;0.5881710648536682;-0.009650309570133686;0.5231205821037292;0.5856645107269287;0.009625330567359924;0.5608651638031006;0.7334649562835693;-0.007157122250646353;0.5254849791526794;0.7342584133148193;0.02396000362932682;0.5424187183380127;0.2880971789360046;-0.17191794738173485;0.5845192968845367;0.603813499212265;-0.13985503278672695;0.5005792155861855;0.6024217456579208;-0.10707033611834049;0.5605226159095764;0.8801229397455851;0.12433081616957982;0.5311581095059713;0.8835428158442179;0.14752923448880514
5.32;0.5361612439155579;0.3105633556842804;-0.16969101130962372;0.5829522609710693;0.3777288496494293;-0.0711444839835167;0.5053756833076477;0.37047910690307617;-0.04406068101525307;0.5940789580345154;0.48621946573257446;-0.04194281995296478;0.49512791633605957;0.4798954129219055;-0.012401355430483818;0.5653885006904602;0.5881806015968323;-0.009670259431004524;0.5228438377380371;0.585674524307251;0.009643681347370148;0.5606122612953186;0.7332306504249573;-0.006720574572682381;0.5251147747039795;0.7339720129966736;0.023958148434758186;0.5418023347854615;0.2880928009748459;-0.17471512034535408;0.5844096392393112;0.6036827713251114;-0.14004231058061123;0.5003999471664429;0.6025336682796478;-0.10716486535966396;0.5600956281026205;0.8801317016283671;0.12426122774680455;0.5307414730389913;0.883168896039327;0.1476841395099958
5.35;0.5357121825218201;0.3106464445590973;-0.177126944065094;0.5826129913330078;0.3777324855327606;-0.07553942501544952;0.5050299763679504;0.37055081129074097;-0.05058915540575981;0.5939499735832214;0.4862194359302521;-0.044482726603746414;0.4948868155479431;0.48001861572265625;-0.017922034487128258;0.5650357007980347;0.5883262753486633;-0.009561375714838505;0.5225643515586853;0.5858363509178162;0.009532279334962368;0.5603150725364685;0.7331007719039917;-0.006182834971696138;0.5246992707252502;0.7338517904281616;0.024459727108478546;0.5413327515125275;0.28815086781978605;-0.18219607844948768;0.5842522084712982;0.6036948412656784;-0.14101791381835938;0.5003019422292709;0.6027578264474869;-0.11152955517172813;0.5595719615618387;0.8800376454989115;0.1280828888217608;0.5303543011347452;0.8829509218533834;0.15024502327044806
5.38;0.5351256132125854;0.3106689751148224;-0.17637374997138977;0.5822993516921997;0.3777397871017456;-0.07559579610824585;0.5045737624168396;0.37083670496940613;-0.05100494623184204;0.5938764810562134;0.4862757623195648;-0.04460858553647995;0.4945433735847473;0.48041990399360657;-0.018997419625520706;0.5648183822631836;0.5888144373893738;-0.009477238170802593;0.5223836898803711;0.5865935683250427;0.009445142932236195;0.5600912570953369;0.7331053614616394;-0.005905993282794952;0.5243160724639893;0.7338497638702393;0.02505146712064743;0.5407479286193848;0.2881716310977936;-0.181297617405653;0.5842113643884659;0.6037690192461014;-0.1408549565821886;0.500114381313324;0.603112667798996;-0.11212515085935593;0.5592191815376282;0.8800833225250244;0.1294132967789968;0.5300306876500448;0.8827502926190695;0.15203544994195303
5.42;0.5347603559494019;0.31123581528663635;-0.17732368409633636;0.5819533467292786;0.37776830792427063;-0.07521957904100418;0.504214882850647;0.37114766240119934;-0.052351213991642;0.5937835574150085;0.48627743124961853;-0.04419369250535965;0.49432113766670227;0.4808999001979828;-0.020541317760944366;0.5646871328353882;0.5890779495239258;-0.00909500289708376;0.5222480297088623;0.5870202779769897;0.009061062708497047;0.5599360466003418;0.7331055402755737;-0.0038440036587417126;0.5240173935890198;0.7338006496429443;0.02498478628695011;0.540388572216034;0.28871868550777435;-0.18230688869953154;0.5841901153326035;0.6037965714931488;-0.14060780219733715;0.5000583976507187;0.6033690124750137;-0.11323667131364346;0.5590301752090454;0.8800756136576334;0.12871448447306952;0.5297172466913859;0.882429858048757;0.15067983170350394
5.45;0.5345401167869568;0.3121557831764221;-0.18758675456047058;0.5816487073898315;0.3778119683265686;-0.0811338946223259;0.5040059089660645;0.371272474527359;-0.05808725580573082;0.5936274528503418;0.486337274312973;-0.04695796221494675;0.49418750405311584;0.48101112246513367;-0.023044543340802193;0.5646176338195801;0.5890795588493347;-0.008792834356427193;0.5220935940742493;0.5870643258094788;0.008758784271776676;0.5599040389060974;0.7331050038337708;-0.0034601655788719654;0.5238054990768433;0.733767569065094;0.024749228730797768;0.5401570081710816;0.28950393199920654;-0.19320499897003174;0.5841602087020874;0.6038277596235275;-0.1420638971030712;0.49993444234132767;0.6033723503351212;-0.11571305058896542;0.5589161117871603;0.8800809383392334;0.12853597849607468;0.5295353929201762;0.8818984429041544;0.1501969893773397
5.48;0.5343366265296936;0.3133651316165924;-0.19470517337322235;0.5813683867454529;0.37783756852149963;-0.08426219969987869;0.5037581324577332;0.37131932377815247;-0.06417407840490341;0.5935547351837158;0.4863941967487335;-0.047089070081710815;0.4938541352748871;0.48103970289230347;-0.027965480461716652;0.5643832087516785;0.5890824198722839;-0.007958516478538513;0.5217934250831604;0.5870944857597351;0.007923230528831482;0.5598276853561401;0.7331569194793701;-0.001728030270896852;0.5236487984657288;0.7337939739227295;0.024121345952153206;0.5399499535560608;0.29055295288562777;-0.20071891844272613;0.5840226709842682;0.6039292365312576;-0.14189531654119492;0.49975016713142395;0.6034263223409653;-0.12016811966896057;0.558735728263855;0.8799259662628174;0.12861074010531107;0.5293742616971334;0.8814703623453776;0.14947780221700668
5.52;0.534077525138855;0.31416308879852295;-0.1891777068376541;0.5811318159103394;0.37787094712257385;-0.08188130706548691;0.5035762190818787;0.37138831615448;-0.06047404557466507;0.5932995080947876;0.4864567518234253;-0.04699869453907013;0.49355122447013855;0.4810647666454315;-0.02587098255753517;0.5640279650688171;0.5891284942626953;-0.007623082958161831;0.5215176939964294;0.5871719121932983;0.007586609106510878;0.5596912503242493;0.7332457304000854;-0.0006546794320456684;0.5234599113464355;0.7339223623275757;0.02394457347691059;0.5395638108253479;0.2912891834974289;-0.19480710104107857;0.5837157666683197;0.6041476875543594;-0.1401967592537403;0.4994334876537323;0.6034386307001114;-0.11924449354410172;0.5585451523462931;0.8798791170120239;0.1284002164999644;0.5291080276171366;0.8813107013702393;0.14900615562995276
5.55;0.5338772535324097;0.31446993350982666;-0.18672476708889008;0.5808876752853394;0.3778778910636902;-0.0811924859881401;0.5034157633781433;0.3714763820171356;-0.0587240494787693;0.5927132964134216;0.4864896535873413;-0.04610385000705719;0.49346327781677246;0.48107531666755676;-0.024914197623729706;0.5636784434318542;0.589143693447113;-0.007260631769895554;0.5213813781738281;0.5871826410293579;0.007226440589874983;0.5594346523284912;0.7331517338752747;0.001214218675158918;0.52310711145401;0.7339028120040894;0.023662211373448372;0.5392561316490173;0.2916178524494171;-0.192167729139328;0.5831036418676376;0.604448139667511;-0.1388487033545971;0.49934162199497223;0.603446289896965;-0.11832713708281517;0.5582860906918844;0.8792317112286886;0.12958057473103204;0.5287943482398987;0.8811079263687134;0.14818895608186722
5.58;0.5336742401123047;0.3149259388446808;-0.18576949834823608;0.5807112455368042;0.3779781460762024;-0.08101686090230942;0.5031880736351013;0.37159502506256104;-0.05788798630237579;0.5922715663909912;0.48678478598594666;-0.045692723244428635;0.4931630492210388;0.48109543323516846;-0.024253809824585915;0.5633715987205505;0.5893915295600891;-0.0071505289524793625;0.5212320685386658;0.5875385999679565;0.007116316817700863;0.5592038631439209;0.7332133054733276;0.0014036379288882017;0.5227541923522949;0.7338979244232178;0.023724624887108803;0.5390426516532898;0.29192590415477754;-0.19115645214915275;0.5824058204889297;0.6049475967884064;-0.13879476487636566;0.49921002238988876;0.6034826785326004;-0.11778629757463932;0.558176855246226;0.8788701494534811;0.13303369035323462;0.5285260279973348;0.8807908097902933;0.15008428196112314
5.62;0.5335037708282471;0.31495875120162964;-0.18972836434841156;0.5806005001068115;0.3780878782272339;-0.08249994367361069;0.5031123161315918;0.3716011941432953;-0.059784214943647385;0.5920190811157227;0.48712122440338135;-0.0469510480761528;0.4927957355976105;0.48111021518707275;-0.02505524456501007;0.562943160533905;0.5894354581832886;-0.00687450123950839;0.5208566188812256;0.5875590443611145;0.0068398271687328815;0.5588451623916626;0.7332522869110107;0.0013499014312401414;0.522558867931366;0.7342475056648254;0.022999722510576248;0.5388096868991852;0.2919993817806244;-0.19553394243121147;0.581940621137619;0.6055325716733932;-0.14024998620152473;0.4989679455757141;0.6034925580024719;-0.11850476451218128;0.5580686529477438;0.8787840803464254;0.13283721109231314;0.5283611019452413;0.8807114958763123;0.149648018181324
5.65;0.5331600904464722;0.3150213956832886;-0.19630226492881775;0.580482542514801;0.378165066242218;-0.08760950714349747;0.5030255913734436;0.37161046266555786;-0.06401289999485016;0.5919204354286194;0.48753517866134644;-0.05095290765166283;0.4925995469093323;0.4811057448387146;-0.028091976419091225;0.5625021457672119;0.5894616842269897;-0.00688283983618021;0.5206179618835449;0.5875570774078369;0.006847987417131662;0.5585489869117737;0.7331957221031189;0.001126327901147306;0.5223289728164673;0.7342169880867004;0.023053565993905067;0.5384298145771027;0.2920603781938553;-0.20252736508846284;0.5816371142864227;0.6059759855270386;-0.14334775134921074;0.49878015369176865;0.6035135984420776;-0.12154359370470047;0.5579081575075785;0.8787391980489095;0.13545548667510351;0.528207540512085;0.8806732098261515;0.15237812201182047
5.68;0.5327440500259399;0.31500470638275146;-0.19390195608139038;0.5803768634796143;0.3782714605331421;-0.08623389154672623;0.5028855204582214;0.3716176748275757;-0.06182510405778885;0.5916122198104858;0.48772257566452026;-0.0517270490527153;0.49242523312568665;0.48110082745552063;-0.025008199736475945;0.5618558526039124;0.5896169543266296;-0.007383712567389011;0.5203043818473816;0.5875808596611023;0.007349261082708836;0.5581470727920532;0.733218789100647;0.0003879475116264075;0.5220769643783569;0.7341926097869873;0.0237436443567276;0.5379443168640137;0.2920518308877945;-0.19965511113405227;0.5811960697174072;0.6063914895057678;-0.14353467896580696;0.49852971732616425;0.6035207808017731;-0.11771702393889427;0.5577169259389242;0.8788805603981018;0.13477146128813425;0.5280462106068929;0.8808624148368835;0.15253189951181412
5.72;0.5324711203575134;0.31498804688453674;-0.19277441501617432;0.5802845358848572;0.3784562647342682;-0.08565008640289307;0.5026588439941406;0.3716510236263275;-0.05956953763961792;0.5911511182785034;0.48805761337280273;-0.05213483050465584;0.49224674701690674;0.4811919629573822;-0.02281937375664711;0.5615204572677612;0.5902157425880432;-0.008261201903223991;0.5200209617614746;0.5880792737007141;0.008225599303841591;0.5575647950172424;0.7338790893554688;-0.002166306832805276;0.5217750668525696;0.7343561053276062;0.02498505637049675;0.5377039670944214;0.29204324781894686;-0.1982057809829712;0.5807996392250061;0.6069578230381012;-0.14402183890342712;0.4983510971069336;0.6035940498113632;-0.11557252705097198;0.5575634042421976;0.8792461355527242;0.1344288339217504;0.527854343255361;0.8811493118604025;0.15505623072385788
5.75;0.5322207808494568;0.31497520208358765;-0.19207555055618286;0.5801833271980286;0.37865859270095825;-0.08495336771011353;0.5023247003555298;0.3718714118003845;-0.05741586163640022;0.5908666253089905;0.4884527325630188;-0.05174199491739273;0.49210524559020996;0.4815230369567871;-0.021839631721377373;0.5613622665405273;0.5904734134674072;-0.008706135675311089;0.5198700428009033;0.5883813500404358;0.008670597337186337;0.5571401119232178;0.7345937490463257;-0.004165317863225937;0.521558403968811;0.7346369624137878;0.025152018293738365;0.5375280201435089;0.29203938543796537;-0.1974521815776825;0.5805177688598633;0.607355073094368;-0.14501338824629784;0.49820220470428467;0.6038645952939987;-0.1153097152709961;0.5574220617612203;0.8796640435854594;0.13404561330874762;0.5277823408444723;0.8814764221509298;0.1556019460161527
5.78;0.5321250557899475;0.31496456265449524;-0.18886573612689972;0.5800526142120361;0.3787845969200134;-0.08430313318967819;0.502136766910553;0.371900737285614;-0.053446214646101;0.5905107855796814;0.48869431018829346;-0.051293350756168365;0.49188870191574097;0.48160502314567566;-0.018969835713505745;0.5610821843147278;0.5906258225440979;-0.009561296552419662;0.5196032524108887;0.5885003805160522;0.009530492126941681;0.5567179918289185;0.7350915670394897;-0.007165069691836834;0.5212373733520508;0.7349891662597656;0.025398632511496544;0.5374561667442321;0.2920329302549362;-0.19432989060878753;0.580243855714798;0.6076049655675888;-0.14518626034259796;0.4979080408811569;0.604076087474823;-0.11388971284031868;0.5573234359423319;0.8796759247779846;0.13383284707864126;0.527708093325297;0.8818280895551046;0.15700837969779968
5.82;0.5318719148635864;0.31484729051589966;-0.19220517575740814;0.5799084305763245;0.3788793981075287;-0.08691227436065674;0.5018426179885864;0.3719557821750641;-0.05641934648156166;0.5903337001800537;0.4888210594654083;-0.05400964617729187;0.49168285727500916;0.48177847266197205;-0.02021072432398796;0.5609161257743835;0.5906562209129333;-0.009549948386847973;0.5193794369697571;0.5885059833526611;0.009518483653664589;0.5564990639686584;0.7350852489471436;-0.0065088034607470036;0.5211021900177002;0.7350040674209595;0.02553798258304596;0.5372518241405487;0.2919246107339859;-0.19795164614915847;0.5800464302301407;0.6076567471027374;-0.15001331269741058;0.4975929260253906;0.6040912568569183;-0.11594870686531067;0.5570159753163656;0.8796059886614481;0.13841666281223297;0.5276321371396383;0.8818371891975403;0.15932121127843857
5.85;0.531623363494873;0.314775288105011;-0.19235321879386902;0.5797445774078369;0.37891504168510437;-0.08693079650402069;0.5015866756439209;0.3720569312572479;-0.05762110650539398;0.5901391506195068;0.4889754056930542;-0.05383294075727463;0.4914516806602478;0.4820095896720886;-0.021293578669428825;0.5607368350028992;0.5909736156463623;-0.009524591267108917;0.5190574526786804;0.5888320803642273;0.009492848068475723;0.5563195943832397;0.735112726688385;-0.004432756453752518;0.5209105610847473;0.734999418258667;0.027693942189216614;0.5370554149150848;0.2918556183576584;-0.19812289029359817;0.5798380672931671;0.6077806055545807;-0.14953531697392464;0.497259721159935;0.6042589098215103;-0.11711512133479118;0.5566835800806681;0.8794427514076233;0.14620015025138855;0.5275575121243795;0.881827712059021;0.1661577175060908
5.88;0.5315717458724976;0.31474846601486206;-0.19420620799064636;0.5795281529426575;0.37892448902130127;-0.08774970471858978;0.5013768672943115;0.37211713194847107;-0.0585651770234108;0.589927077293396;0.4890080392360687;-0.05453736335039139;0.49119722843170166;0.48203128576278687;-0.02181839942932129;0.5605435967445374;0.5911937952041626;-0.009594015777111053;0.5188260078430176;0.5889889597892761;0.00956044066697359;0.5561736226081848;0.7352259159088135;-0.004225173499435186;0.5207558870315552;0.734998881816864;0.029177917167544365;0.5370334982872009;0.29183308184146883;-0.19999221116304397;0.5795548260211945;0.6078576743602753;-0.15141209587454796;0.4968012794852257;0.6043915003538132;-0.11824490688741207;0.5564640959103903;0.8791852394739786;0.14983123044172922;0.5275368889172872;0.8817818363507589;0.1699458658695221
5.92;0.5312824845314026;0.31479108333587646;-0.19644272327423096;0.5791250467300415;0.37893202900886536;-0.08868010342121124;0.5011214017868042;0.3720822334289551;-0.06063859909772873;0.5898252725601196;0.4889627993106842;-0.05440492928028107;0.4904092252254486;0.4820205867290497;-0.023588702082633972;0.560249924659729;0.5911900997161865;-0.009544912725687027;0.5184444785118103;0.5889917612075806;0.00951132457703352;0.5561233758926392;0.7351965308189392;-0.0031708392780274153;0.5206922292709351;0.7352511882781982;0.029754629358649254;0.5368497371673584;0.291868069767952;-0.20252217054367067;0.5792118608951569;0.6078582108020782;-0.15072345733642578;0.4960082918405533;0.6041043400764465;-0.12053322792053223;0.5563777685165405;0.8787827491760254;0.1529234622915586;0.5274836421012878;0.8817597428957621;0.172214205066363
5.95;0.5310683846473694;0.3148009479045868;-0.19527234137058258;0.5788453817367554;0.3789190948009491;-0.08859428018331528;0.5008788704872131;0.3720756471157074;-0.060302454978227615;0.5898078083992004;0.48890191316604614;-0.053109411150217056;0.4898988902568817;0.4820351302623749;-0.02354302443563938;0.5601641535758972;0.5911913514137268;-0.009501473978161812;0.5182011723518372;0.5890117287635803;0.00946677103638649;0.5560773611068726;0.7353267669677734;-0.002001493936404586;0.5206613540649414;0.7357536554336548;0.030414659529924393;0.5366865813732147;0.29188343584537507;-0.201246477663517;0.5790911465883255;0.6078027933835983;-0.14967075362801552;0.49543577432632446;0.6040007472038269;-0.12026091478765011;0.5562597314516703;0.87882532676061;0.15230636795361838;0.527417778968811;0.8817414045333862;0.17194488644599915
5.98;0.530935525894165;0.3148394823074341;-0.19173786044120789;0.57853102684021;0.378866046667099;-0.08445288240909576;0.5007433891296387;0.3720382750034332;-0.05816289782524109;0.5895494222640991;0.4888301491737366;-0.04940236732363701;0.4896499216556549;0.48200395703315735;-0.022862518206238747;0.5600736141204834;0.5911873579025269;-0.009490757249295712;0.518050491809845;0.5890114903450012;0.009456047788262367;0.556024968624115;0.7354172468185425;-0.0017617582343518734;0.5206032395362854;0.7363166213035583;0.03063553012907505;0.5365545392036438;0.29193297028541565;-0.19782886058092117;0.5789817720651627;0.6077485829591751;-0.14610174484550953;0.4953398033976555;0.6037673801183701;-0.12008484080433846;0.556217888991038;0.8789128462473551;0.15105745196342468;0.5273794531822205;0.8818486928939819;0.17108753571907678
6.02;0.5307377576828003;0.31486746668815613;-0.19155631959438324;0.5782491564750671;0.378802627325058;-0.08374742418527603;0.5005453824996948;0.3720053434371948;-0.05812811478972435;0.5894796848297119;0.48880061507225037;-0.04808700457215309;0.4893633723258972;0.4820044934749603;-0.022854531183838844;0.5599926114082336;0.5912083387374878;-0.009450933896005154;0.5179240107536316;0.5890295505523682;0.009416736662387848;0.5559403896331787;0.7356446385383606;-0.0012546078069135547;0.5204864144325256;0.736691415309906;0.03045690432190895;0.5363769114017487;0.2919637680053711;-0.19776093885302543;0.5789367407560349;0.6077449023723602;-0.14338322542607784;0.49511682987213135;0.6037208437919617;-0.11988488584756851;0.5561304489771525;0.8790302872657776;0.1496658499042193;0.5272862712542216;0.8823574185371399;0.1699357032775879
6.05;0.5305594801902771;0.3147819936275482;-0.18892784416675568;0.5779927372932434;0.3787694275379181;-0.08224689960479736;0.500360369682312;0.3719266355037689;-0.05632087588310242;0.589375913143158;0.48879778385162354;-0.04706307500600815;0.4891071617603302;0.48200398683547974;-0.02167130447924137;0.5599058270454407;0.5912155508995056;-0.009456644766032696;0.5177656412124634;0.5890520811080933;0.009422257542610168;0.5558745265007019;0.735875129699707;-0.0011029328452423215;0.5203871726989746;0.7370993494987488;0.03063545562326908;0.536166375875473;0.2919178485870361;-0.19499628990888596;0.5789208859205246;0.6077377945184708;-0.14176363125443459;0.49483463168144226;0.6036110818386078;-0.1187681332230568;0.5560893615086874;0.8791739741961161;0.14896399031082788;0.5272502899169922;0.8826600909233093;0.16902648657560349
6.08;0.5304396152496338;0.314785361289978;-0.19249756634235382;0.5777715444564819;0.37874993681907654;-0.08339018374681473;0.5001498460769653;0.37187740206718445;-0.059087492525577545;0.5892593264579773;0.48879706859588623;-0.04726380854845047;0.4888380765914917;0.48200514912605286;-0.024017449468374252;0.5598030686378479;0.5912171006202698;-0.00929309893399477;0.5175614356994629;0.589045524597168;0.009257986210286617;0.5558047890663147;0.7360605001449585;0.0002972829097416252;0.5202693343162537;0.7372710704803467;0.03069457784295082;0.5360190987586975;0.29192073047161105;-0.19871342182159424;0.578891709446907;0.6077061742544174;-0.14204275608062744;0.4946076050400734;0.6035982221364975;-0.12119249068200588;0.5559577941894531;0.8792852759361267;0.1490225295225779;0.5271540482838949;0.8827226758003235;0.16865583012501398
6.12;0.5302532911300659;0.3148948848247528;-0.19230662286281586;0.5776192545890808;0.37872856855392456;-0.08349427580833435;0.5001217126846313;0.3717406690120697;-0.05901428312063217;0.5891000032424927;0.48879727721214294;-0.04740501940250397;0.48874735832214355;0.4819432199001312;-0.023625778034329414;0.5596405863761902;0.5912186503410339;-0.009324685670435429;0.5174137949943542;0.589039146900177;0.00929014477878809;0.5557153820991516;0.7361155152320862;0.0003013249079231173;0.5201916694641113;0.7372919917106628;0.031108269467949867;0.5357861042022705;0.2920417308807373;-0.19855069145560264;0.5788502991199493;0.6076985001564026;-0.1418200507760048;0.4944535791873932;0.6035795658826828;-0.12086291052401066;0.555855413277944;0.8793125748634338;0.1486681749423345;0.5270667870839437;0.882757564385732;0.16896582394838333
6.15;0.5300911664962769;0.3149389624595642;-0.1921960413455963;0.5775052309036255;0.37874937057495117;-0.08365178853273392;0.5000481605529785;0.3717402219772339;-0.058979686349630356;0.5890663862228394;0.48881739377975464;-0.047504398971796036;0.4886105954647064;0.48193714022636414;-0.023158947005867958;0.5594379305839539;0.5912864804267883;-0.00932167749851942;0.5171610116958618;0.5891093015670776;0.009287041611969471;0.5555547475814819;0.7362909913063049;0.0005944915465079248;0.5200661420822144;0.7373321056365967;0.03147170692682266;0.5356567144393921;0.2921260088682175;-0.19845567792654037;0.5787994563579559;0.6076814532279968;-0.14197596907615662;0.49425865709781647;0.6035580635070801;-0.12054204940795898;0.5556462208429972;0.8794316053390503;0.1484802414973577;0.5269006888071696;0.8827667633692423;0.168865996102492
6.18;0.5299123525619507;0.3149420917034149;-0.19264180958271027;0.5773343443870544;0.37874922156333923;-0.08404305577278137;0.49986281991004944;0.3717448115348816;-0.05903705954551697;0.5889437198638916;0.48881733417510986;-0.04786408692598343;0.4884302020072937;0.48193544149398804;-0.023223046213388443;0.5593089461326599;0.5913301110267639;-0.009285193867981434;0.5169691443443298;0.5891789793968201;0.00925097893923521;0.5555163621902466;0.7362985014915466;0.00229629990644753;0.5199272632598877;0.7373808026313782;0.031887974590063095;0.5354909121990203;0.2921465963125229;-0.19898810088634492;0.5787177830934525;0.6076606214046478;-0.14220281690359116;0.4941931515932083;0.6035618036985397;-0.1203850768506527;0.5554978251457214;0.8796319961547852;0.14841232200463614;0.5267782012621561;0.8829972743988037;0.1687751586238543
6.22;0.5297205448150635;0.3150233030319214;-0.19708818197250366;0.5771970748901367;0.378743976354599;-0.08688303828239441;0.49972209334373474;0.37173762917518616;-0.062139082700014114;0.588840901851654;0.48884451389312744;-0.04929272085428238;0.48824816942214966;0.48193398118019104;-0.02543351985514164;0.55926513671875;0.591329038143158;-0.009121736511588097;0.5168299674987793;0.589179277420044;0.00908876396715641;0.5554079413414001;0.7362293601036072;0.0027510954532772303;0.5197727084159851;0.7373508810997009;0.0318245068192482;0.5353021025657654;0.2922451376914978;-0.20381037890911102;0.5786343961954117;0.6076751500368118;-0.14261780306696892;0.494147852063179;0.6035678088665009;-0.12156716175377369;0.5552796324094137;0.879639744758606;0.14765353500843048;0.5266384482383728;0.8830176393191019;0.1666350414355596
6.25;0.5295596122741699;0.3149993121623993;-0.19300477206707;0.5770625472068787;0.37874430418014526;-0.08557552844285965;0.4995991587638855;0.37173718214035034;-0.058108747005462646;0.5886629223823547;0.4888456463813782;-0.049220893532037735;0.4881410300731659;0.4819316267967224;-0.02131911925971508;0.5591521859169006;0.5913665294647217;-0.009174349717795849;0.5166535377502441;0.5892318487167358;0.009141914546489716;0.5552624464035034;0.7362212538719177;0.001664304523728788;0.519649863243103;0.7373635172843933;0.03174954280257225;0.5351714193820953;0.29224072098731996;-0.19950532168149948;0.5784546732902527;0.6076644062995911;-0.14266387559473515;0.49413158744573593;0.6035229563713074;-0.11775053851306438;0.5550721287727356;0.8796802957852682;0.14448783049980798;0.5265421271324158;0.8830227653185526;0.16579711188872656
6.29;0.5294737815856934;0.3149842619895935;-0.18824906647205353;0.5769059062004089;0.3787473738193512;-0.08247429132461548;0.4993608891963959;0.37174639105796814;-0.055616945028305054;0.5885800123214722;0.48883962631225586;-0.04753286764025688;0.48808416724205017;0.48196282982826233;-0.0199404526501894;0.5590322017669678;0.5914036631584167;-0.009188964031636715;0.5165116190910339;0.5893028378486633;0.009156927466392517;0.5550804138183594;0.7361807227134705;0.0008866522111929953;0.5195372700691223;0.7373613119125366;0.03101244941353798;0.5350895881652832;0.2922319948673248;-0.19426989033818245;0.5782211422920227;0.6076837927103043;-0.14139462262392044;0.49412181973457336;0.603542372584343;-0.11603286489844322;0.554908295472463;0.8797358473141988;0.1395383526881536;0.5263410210609436;0.8830280303955078;0.16168132424354553
6.32;0.5293890237808228;0.31499332189559937;-0.1931285709142685;0.576838493347168;0.3787630796432495;-0.08450423181056976;0.49902912974357605;0.37183448672294617;-0.05808325856924057;0.588546872138977;0.48885998129844666;-0.04895767197012901;0.4879313111305237;0.48199692368507385;-0.02169627882540226;0.5588793754577637;0.5914328694343567;-0.009214434772729874;0.5163605809211731;0.5893526673316956;0.00918255653232336;0.5548859238624573;0.7361684441566467;0.0009446474723517895;0.5193312764167786;0.7372466325759888;0.031014403328299522;0.5349981904029846;0.2922467052936554;-0.19922701567411422;0.5779841095209122;0.6077864170074463;-0.14405173622071743;0.4941049665212631;0.6036001890897751;-0.11877753958106041;0.5547699729601542;0.8797619740168253;0.1399154911438624;0.5261476238568624;0.8831255435943604;0.162009226779143
6.35;0.5294312238693237;0.3154870271682739;-0.19941118359565735;0.5767823457717896;0.37878602743148804;-0.08590131253004074;0.4987720251083374;0.37190189957618713;-0.06450985372066498;0.5885421633720398;0.4888874292373657;-0.04889802262187004;0.4878641664981842;0.4820130169391632;-0.029519276693463326;0.5585969686508179;0.5914971232414246;-0.009172429330646992;0.516221284866333;0.5894052982330322;0.009141686372458935;0.5546419620513916;0.7361679077148438;0.0014232303947210312;0.519139289855957;0.7371658682823181;0.0310197863727808;0.5350370705127716;0.29261975586414335;-0.2056131213903427;0.5777066349983215;0.6078464835882187;-0.14384601823985577;0.4942674934864044;0.6038542985916138;-0.12740100733935833;0.5546098748842875;0.8797300060590109;0.14280730734268823;0.5260135134061178;0.8831503589948019;0.16244600216547647
6.39;0.5296764969825745;0.3156684935092926;-0.2160804271697998;0.5767331123352051;0.37878504395484924;-0.09445559978485107;0.4985835552215576;0.37199658155441284;-0.08135847747325897;0.5885426998138428;0.48888954520225525;-0.05197880417108536;0.4878658056259155;0.48199325799942017;-0.04505421221256256;0.5584067702293396;0.5912389755249023;-0.008860137313604355;0.5161443948745728;0.5890630483627319;0.008829090744256973;0.5545408725738525;0.7360090613365173;0.004322540946304798;0.5190243721008301;0.7371442317962646;0.031006917357444763;0.5351991593837738;0.2928976804018021;-0.22235348373651503;0.5775946825742722;0.6078882366418839;-0.14583622105419636;0.4946884736418724;0.6038559973239899;-0.14073006995022297;0.5545362234115601;0.880094846089681;0.14354620377222696;0.5259734789530436;0.8835233052571615;0.1622642676035563
6.42;0.5296856164932251;0.3187831938266754;-0.23661059141159058;0.576725423336029;0.37886109948158264;-0.10793576389551163;0.49834734201431274;0.3723459839820862;-0.10217917710542679;0.5885782241821289;0.489027202129364;-0.05888804420828819;0.487705796957016;0.48199620842933655;-0.06603991240262985;0.5581873655319214;0.5909732580184937;-0.0072958581149578094;0.5160590410232544;0.5888353586196899;0.007258077617734671;0.5543704032897949;0.7354189157485962;0.014139071106910706;0.5189679861068726;0.7367342710494995;0.032241132110357285;0.535160368680954;0.29572888016700744;-0.24434191286563872;0.5775254815816879;0.6079880446195602;-0.1488495171070099;0.4949943348765373;0.6039028018712997;-0.15959582477808;0.554291307926178;0.8801059126853943;0.15005662540594736;0.5258565743764242;0.8835005561510721;0.1635002220670382
6.45;0.5295522809028625;0.32435593008995056;-0.23713570833206177;0.576667845249176;0.37915536761283875;-0.10891388356685638;0.4981117248535156;0.3728773891925812;-0.1015612781047821;0.5885775685310364;0.48954641819000244;-0.05803302675485611;0.4875466823577881;0.48288047313690186;-0.06551363319158554;0.5577576756477356;0.5911173224449158;-0.006857425905764103;0.515991747379303;0.5893157720565796;0.006819855887442827;0.5540817975997925;0.7354201674461365;0.012677861377596855;0.5188668966293335;0.736848771572113;0.032209545373916626;0.5349828243255615;0.3006510615348816;-0.24584599137306212;0.5773996710777283;0.6081260591745377;-0.1467803306877613;0.4954191595315933;0.6063779145479202;-0.15868934988975525;0.5541690389315287;0.88039098183314;0.14682719856500626;0.5256858070691427;0.883734921614329;0.15904505799214044
6.49;0.5294836759567261;0.3300928771495819;-0.2560729682445526;0.5764665603637695;0.379249632358551;-0.11895927041769028;0.49793002009391785;0.37320107221603394;-0.11848471313714981;0.5885652303695679;0.48982393741607666;-0.061021942645311356;0.48746001720428467;0.48405954241752625;-0.07991767674684525;0.5572105050086975;0.5911165475845337;-0.005146787501871586;0.5159487724304199;0.5894309878349304;0.00510304095223546;0.5538166761398315;0.7354212403297424;0.012714969925582409;0.5187628269195557;0.736845076084137;0.02939673699438572;0.5349017381668091;0.3069747895002365;-0.2665191486477852;0.5771644562482834;0.6083219796419144;-0.14665917307138443;0.49631814658641815;0.6085464358329773;-0.1696542166173458;0.5540480613708496;0.8810638189315796;0.14032036562760672;0.5255325237909952;0.8840100963910421;0.1504578193028768
6.52;0.5290295481681824;0.3380855321884155;-0.2564803659915924;0.5764073133468628;0.3795323669910431;-0.11947949975728989;0.4979124963283539;0.3732944428920746;-0.1176825538277626;0.588415801525116;0.4907611608505249;-0.05979344621300697;0.4873510003089905;0.4855629503726959;-0.07752668857574463;0.5561162829399109;0.5913265347480774;-0.004454096779227257;0.5156795382499695;0.5900484323501587;0.004410764668136835;0.5535727143287659;0.7354908585548401;0.011633788235485554;0.5186319351196289;0.7369049787521362;0.0261369701474905;0.5344045162200928;0.31423074901103976;-0.26860398054122925;0.5768501311540604;0.609951987862587;-0.14276192523539066;0.49669816344976425;0.6102157086133957;-0.16661393642425537;0.5538887778917948;0.8810909986495972;0.13903826971848807;0.5253949761390686;0.8843371470769247;0.14828446755806604
6.55;0.5269207954406738;0.34444767236709595;-0.2854926586151123;0.5761921405792236;0.38005441427230835;-0.14571017026901245;0.49793297052383423;0.37376466393470764;-0.14247897267341614;0.5877094864845276;0.49224042892456055;-0.08255831897258759;0.4874253273010254;0.4881225824356079;-0.09844986349344254;0.5555722713470459;0.5911110043525696;-0.0037767926696687937;0.5156651735305786;0.5900298953056335;0.003718764754012227;0.5534279942512512;0.7347424626350403;0.008961995132267475;0.5186305642127991;0.7365763783454895;0.019819626584649086;0.5313266158103943;0.32046414315700533;-0.30013776272535325;0.5765255838632584;0.6124177724123001;-0.1578751839697361;0.49724865704774857;0.6123154908418655;-0.18079353123903275;0.5537674824396769;0.8816472887992859;0.12235567222038905;0.5250629385312399;0.8847251335779825;0.13204250733057657
6.59;0.5263980031013489;0.34759217500686646;-0.31205448508262634;0.575954020023346;0.38132697343826294;-0.16868706047534943;0.4979613721370697;0.37510427832603455;-0.16208310425281525;0.5861007571220398;0.49546393752098083;-0.1091461256146431;0.48759379982948303;0.48855963349342346;-0.11651826649904251;0.5545286536216736;0.5911130905151367;-0.003853047965094447;0.515653669834137;0.5900352001190186;0.0037797156255692244;0.5531357526779175;0.7344663143157959;0.0013950028223916888;0.5186311602592468;0.736574113368988;0.02145562507212162;0.5305197954177856;0.3242674320936203;-0.32741498947143555;0.5758221447467804;0.6170752644538879;-0.19068539515137672;0.49786576628685;0.6144104897975922;-0.20297028869390488;0.5536702076594034;0.8820483485857645;0.12072137619058292;0.5249456564585367;0.8848458727200826;0.13945028434197107
6.62;0.5264133810997009;0.3537202477455139;-0.32321473956108093;0.57553631067276;0.3831985294818878;-0.18044838309288025;0.4980882704257965;0.3790442645549774;-0.16832515597343445;0.5839943289756775;0.4984106421470642;-0.1229923814535141;0.48809880018234253;0.4903758466243744;-0.12034965306520462;0.5538872480392456;0.5911177396774292;-0.006438650190830231;0.5156499743461609;0.5901613831520081;0.00637580594047904;0.5525870323181152;0.7338359951972961;-0.010864359326660633;0.518706738948822;0.7357574701309204;0.022318441420793533;0.5307787120342254;0.3330009341239929;-0.33994043469429014;0.5751928985118866;0.6208624690771103;-0.20968375727534294;0.4984140619635582;0.617450013756752;-0.20815416797995567;0.55347607533137;0.8821924328804016;0.1032731719315052;0.5249125361442566;0.8844686150550842;0.13840080052614212
6.65;0.5265385508537292;0.3618675172328949;-0.3349986970424652;0.5753045082092285;0.38624292612075806;-0.1927555948495865;0.49805954098701477;0.38495129346847534;-0.18354538083076477;0.5836562514305115;0.5011051297187805;-0.1390930861234665;0.4889502227306366;0.4947822690010071;-0.13695675134658813;0.5539234280586243;0.5921423435211182;-0.0074041448533535;0.5156790018081665;0.5914352536201477;0.007359684444963932;0.5523407459259033;0.7344622015953064;-0.0080438032746315;0.5186728239059448;0.7357145547866821;0.025705356150865555;0.5310966908931732;0.3433477938175201;-0.35240115225315094;0.5748232901096344;0.6226650178432465;-0.22835002467036247;0.49928608536720276;0.6219758987426758;-0.2216612994670868;0.5533202886581421;0.8821731805801392;0.11288816357652347;0.5244587063789368;0.8845436175664266;0.14114582786957422
6.69;0.5266316533088684;0.37168964743614197;-0.366546094417572;0.5753092169761658;0.3917456865310669;-0.2230159044265747;0.49801480770111084;0.39181429147720337;-0.2115386724472046;0.583866536617279;0.5052208304405212;-0.17333672940731049;0.48931220173835754;0.5033687949180603;-0.16463123261928558;0.5542423725128174;0.5955480933189392;-0.008001714013516903;0.5159161686897278;0.5938989520072937;0.007982510142028332;0.5523463487625122;0.7360426187515259;-0.006849145982414484;0.5186591148376465;0.7369047403335571;0.03276863694190979;0.5311347484588623;0.35371927320957186;-0.3861026406288147;0.574152797460556;0.6280677616596222;-0.26238417625427246;0.4998423010110855;0.6301928013563156;-0.2498214691877365;0.5532598296801249;0.8823670546213785;0.1174553744494915;0.5242694616317749;0.884633461634318;0.16212419172128043
6.72;0.5266770720481873;0.3854335844516754;-0.41105595231056213;0.5753070712089539;0.39674198627471924;-0.2572188973426819;0.49786800146102905;0.39647626876831055;-0.2466345727443695;0.583940327167511;0.5104976892471313;-0.2123730182647705;0.49059349298477173;0.509493887424469;-0.20104435086250305;0.5544745326042175;0.5996982455253601;-0.0079767145216465;0.5161537528038025;0.5968068242073059;0.007959563285112381;0.5523867011070251;0.7403731942176819;-0.008849980309605598;0.5186375975608826;0.7397199869155884;0.03672376275062561;0.5311570703983307;0.36675168573856354;-0.43215570151805877;0.5737902820110321;0.6351364552974701;-0.3078814670443535;0.5008074715733528;0.6367813944816589;-0.29201240092515945;0.5533319513003031;0.8824882706006368;0.14720306793848673;0.5242211620012919;0.8846193154652914;0.18989379703998566
6.75;0.526639461517334;0.3924347758293152;-0.41771772503852844;0.5747645497322083;0.40205392241477966;-0.2642802298069;0.49786844849586487;0.40150919556617737;-0.2528076171875;0.5833326578140259;0.5167577266693115;-0.21665193140506744;0.49223604798316956;0.5157334804534912;-0.20482070744037628;0.5545378923416138;0.6023190021514893;-0.007818271405994892;0.5162543654441833;0.5993918180465698;0.007820087485015392;0.5523909330368042;0.7417832016944885;-0.00883600115776062;0.5186267495155334;0.7402614951133728;0.037552349269390106;0.5312354981899261;0.37365271151065826;-0.43940075635910036;0.5730598270893097;0.6441766023635864;-0.3093041479587555;0.5023357272148132;0.6413946747779846;-0.29418856650590897;0.5531099239985148;0.8819994330406189;0.16358142594496408;0.5241506695747375;0.8846206665039062;0.20034460723400116
6.79;0.5266731381416321;0.4037303030490875;-0.43078190088272095;0.5738900899887085;0.40878593921661377;-0.2731039226055145;0.4979037642478943;0.40990960597991943;-0.2620883584022522;0.5822516679763794;0.5232831239700317;-0.22031889855861664;0.49436354637145996;0.5260118246078491;-0.21035708487033844;0.5540843605995178;0.6050975918769836;-0.007658225018531084;0.5165651440620422;0.6021258234977722;0.007677210960537195;0.5523865818977356;0.7416433095932007;-0.011935308575630188;0.518625020980835;0.7401889562606812;0.03749549761414528;0.531296682357788;0.3865046054124832;-0.45329938232898714;0.5721940249204636;0.6495262235403061;-0.31303171068429947;0.5048971176147461;0.6445097774267197;-0.2997596710920334;0.5528401136398315;0.8810306191444397;0.16646309942007065;0.5241681536038717;0.8837807973225912;0.2028429756561915
6.82;0.5267797708511353;0.40982475876808167;-0.3947184681892395;0.5725557208061218;0.4156031906604767;-0.25108271837234497;0.49868035316467285;0.4169425070285797;-0.23360730707645416;0.5790387392044067;0.5298665761947632;-0.19657066464424133;0.4982507824897766;0.5342081785202026;-0.17670094966888428;0.5521302223205566;0.6095165014266968;-0.0073432838544249535;0.5174888968467712;0.6088384389877319;0.00737029779702425;0.552111029624939;0.7419952154159546;-0.013971349224448204;0.519068717956543;0.7447987794876099;0.03667127341032028;0.5314030110836029;0.39407787322998045;-0.4170241981744766;0.5712089985609055;0.6574317663908005;-0.28545260429382324;0.5067590177059174;0.6509341448545456;-0.2647210694849491;0.5520641605059305;0.8804829319318136;0.17416613548994064;0.524569571018219;0.8837518493334452;0.20441858967145285
6.85;0.5266761183738708;0.4261501431465149;-0.39726051688194275;0.5726187229156494;0.42427822947502136;-0.2552794814109802;0.4986754059791565;0.4247426688671112;-0.237175852060318;0.5780780911445618;0.5370344519615173;-0.2005823254585266;0.4998129606246948;0.5430416464805603;-0.1770954430103302;0.552328884601593;0.6160038113594055;-0.007349529769271612;0.5176626443862915;0.6153472661972046;0.007378795649856329;0.5524557828903198;0.7430031299591064;-0.016033492982387543;0.5189364552497864;0.7472484707832336;0.03634141758084297;0.531263792514801;0.4120715469121933;-0.4210161030292511;0.5704480856657028;0.664320632815361;-0.29360226541757584;0.5070921182632446;0.665719598531723;-0.2618884779512882;0.5520857373873392;0.8790079752604166;0.17766919235388437;0.5245645443598429;0.8837358951568604;0.2047496090332667
6.89;0.526565670967102;0.4381616711616516;-0.3989223539829254;0.5726544260978699;0.43127667903900146;-0.26332157850265503;0.498708575963974;0.43421122431755066;-0.24371325969696045;0.5746780037879944;0.5437890887260437;-0.21277055144309998;0.5012579560279846;0.5497536063194275;-0.1861865222454071;0.5524309873580933;0.622422993183136;-0.007344222627580166;0.5181238651275635;0.6216016411781311;0.0073751420713961124;0.5526854991912842;0.744385838508606;-0.02410338819026947;0.5187536478042603;0.7497015595436096;0.03346339240670204;0.531126981973648;0.4255490958690643;-0.4235349208116531;0.5692811906337738;0.6712586432695389;-0.30752135068178177;0.5080814063549042;0.6760676503181458;-0.27144070714712143;0.5519864559173584;0.8787595629692078;0.17852276315291724;0.5245734453201294;0.8833547433217367;0.2098355491956075
6.92;0.526609480381012;0.4515007436275482;-0.36426132917404175;0.5726938247680664;0.43839341402053833;-0.24653390049934387;0.4988977909088135;0.44267526268959045;-0.2373184710741043;0.5717724561691284;0.5530758500099182;-0.20285581052303314;0.5028114914894104;0.5579068660736084;-0.16150353848934174;0.5525145530700684;0.6248270869255066;-0.0073461649008095264;0.5196752548217773;0.6227637529373169;0.007377511356025934;0.5526872873306274;0.7450960874557495;-0.0246952585875988;0.5188377499580383;0.7500761151313782;0.02371920458972454;0.5311113953590393;0.44037814140319825;-0.3908972442150116;0.5685669630765915;0.6782585382461548;-0.2771845832467079;0.5091088265180588;0.6847898811101913;-0.22474566847085953;0.5520217219988505;0.8786229888598124;0.14620165526866913;0.5243922074635824;0.8840083479881287;0.1719036599000295
6.95;0.5263466238975525;0.4658035635948181;-0.3730607032775879;0.5727483630180359;0.4457622468471527;-0.25076764822006226;0.4988946318626404;0.4522123336791992;-0.23585277795791626;0.570271372795105;0.5636636018753052;-0.19649116694927216;0.503608226776123;0.5672858953475952;-0.17112283408641815;0.5525580048561096;0.6311461329460144;-0.005954315420240164;0.5201186537742615;0.6279684901237488;0.005985915195196867;0.5526924729347229;0.747658908367157;-0.008041974157094955;0.5189029574394226;0.7518686652183533;0.025358641520142555;0.5308244168758393;0.4566825062036514;-0.3977398037910461;0.5674876570701599;0.6844420880079269;-0.2752677947282791;0.5110429674386978;0.6874669790267944;-0.23249954357743263;0.5519482890764872;0.8783731857935587;0.15664321929216385;0.5240997672080994;0.884389857451121;0.17537356416384378
6.99;0.5263189077377319;0.4851222634315491;-0.3883817195892334;0.5727853178977966;0.45591944456100464;-0.27118340134620667;0.4992537200450897;0.4599395990371704;-0.2514217793941498;0.5687503218650818;0.5755517482757568;-0.21669018268585205;0.5037543773651123;0.5764902234077454;-0.1900225430727005;0.5526077747344971;0.6268932819366455;-0.007989814504981041;0.5205713510513306;0.6241693496704102;0.008060174062848091;0.5526322722434998;0.7480096220970154;-0.020176181569695473;0.5194854140281677;0.7511269450187683;0.026064587756991386;0.5308325886726379;0.4785721361637115;-0.4136309832334518;0.5666929334402084;0.6954793483018875;-0.2855134755373001;0.5121125876903534;0.6948803216218948;-0.24090496823191643;0.5516232053438822;0.8787733316421509;0.11221133048335712;0.5238038698832194;0.8845988710721334;0.15168104072411856
7.02;0.5261819958686829;0.5023191571235657;-0.44893962144851685;0.5728103518486023;0.46556955575942993;-0.30838751792907715;0.4992499053478241;0.4730667173862457;-0.29622316360473633;0.5680336952209473;0.5851947665214539;-0.2555524408817291;0.5048596262931824;0.5887592434883118;-0.2409151792526245;0.5528162121772766;0.6249818801879883;-0.007676385343074799;0.5207966566085815;0.6233538389205933;0.007772264536470175;0.5524847507476807;0.7477989792823792;-0.022435802966356277;0.520451009273529;0.7496960759162903;0.013847383670508862;0.5308277904987335;0.4966593742370605;-0.47398515343666076;0.5656840354204178;0.7029237896203995;-0.3172930106520653;0.5127128809690475;0.706055611371994;-0.3014034330844879;0.5511519908905029;0.8793947895367941;0.10914893200000127;0.5236811637878418;0.8848105072975159;0.13049856573343277
7.05;0.5265801548957825;0.5086957216262817;-0.4733213484287262;0.5728340744972229;0.47683146595954895;-0.32269686460494995;0.49924591183662415;0.4827113747596741;-0.3165508210659027;0.5690016746520996;0.5952507257461548;-0.27227649092674255;0.5045964121818542;0.5996034741401672;-0.26641303300857544;0.5548378825187683;0.6203645467758179;-0.00594951631501317;0.5213640928268433;0.6217342615127563;0.006060544401407242;0.5532679557800293;0.7474833726882935;-0.02064565010368824;0.5205701589584351;0.7500454187393188;0.009555650874972343;0.5312290012836456;0.5044829696416855;-0.49719889760017394;0.5652343332767487;0.713469997048378;-0.33533747494220734;0.5123505145311356;0.7162770926952362;-0.32996028661727905;0.5509579380353292;0.8794808189074198;0.12216377009948094;0.523654838403066;0.8856842319170634;0.12675832460323969
7.09;0.5273367762565613;0.5174339413642883;-0.5054218769073486;0.5728493332862854;0.485283225774765;-0.3433493971824646;0.49924683570861816;0.4926636517047882;-0.339974969625473;0.5692631006240845;0.6031801104545593;-0.30279937386512756;0.5045496225357056;0.6079294681549072;-0.2991167902946472;0.5542398691177368;0.6218363642692566;-0.004034863784909248;0.5213024020195007;0.6207290291786194;0.004138809163123369;0.5533220767974854;0.7474242448806763;0.005448560230433941;0.520771324634552;0.749927282333374;0.014450481161475182;0.5321184754371643;0.5132352411746979;-0.528318989276886;0.5644106715917587;0.7228838801383972;-0.369259737432003;0.5125340819358826;0.7253906577825546;-0.36610687524080276;0.5509376724561056;0.8796473542849222;0.14066637555758157;0.5237863659858704;0.8858386874198914;0.13964413354794183
7.12;0.5279316902160645;0.5242099165916443;-0.505608856678009;0.5727217793464661;0.49360576272010803;-0.34465765953063965;0.49924662709236145;0.5009439587593079;-0.33834028244018555;0.5691958665847778;0.6112228035926819;-0.30603528022766113;0.5045610070228577;0.6173139214515686;-0.2975076138973236;0.554508626461029;0.6107184290885925;-0.0032800021581351757;0.5212355852127075;0.6173220276832581;0.0033816478680819273;0.5525981783866882;0.7471808195114136;-0.002275681821629405;0.5210738778114319;0.7479742765426636;0.004582508932799101;0.5329689145088196;0.5208285868167877;-0.5273646295070649;0.5631083995103836;0.7336584627628326;-0.37039506435394287;0.5124782770872116;0.7356332391500473;-0.3615792617201805;0.5504450996716818;0.880545973777771;0.10819105183084805;0.523782749970754;0.887063225110372;0.10748358443379402
7.15;0.5284194946289062;0.525187611579895;-0.5126937627792358;0.5714465975761414;0.5002756714820862;-0.3447374403476715;0.4995455741882324;0.5075930953025818;-0.3448595404624939;0.5684586763381958;0.6180289387702942;-0.30448898673057556;0.5046664476394653;0.624352753162384;-0.3115612268447876;0.5542734861373901;0.6006711721420288;-0.0028675501234829426;0.52048259973526;0.605049192905426;0.0029564755968749523;0.5501271486282349;0.7384251952171326;-0.02812490612268448;0.5211874842643738;0.7371188402175903;-0.0059755234979093075;0.533324784040451;0.5223051130771637;-0.5330983489751816;0.562253549695015;0.7422661334276199;-0.36489976942539215;0.5122947990894318;0.7459711581468582;-0.37821678817272186;0.5494750142097473;0.8825065692265829;0.07152473429838817;0.5239061911900839;0.8876564304033915;0.08317585786183675
7.19;0.5288976430892944;0.5308396816253662;-0.5019649863243103;0.5703569650650024;0.5107274651527405;-0.3329106867313385;0.4997893273830414;0.5213271379470825;-0.3372325301170349;0.5672972202301025;0.6225292086601257;-0.28997719287872314;0.5051852464675903;0.6346863508224487;-0.3047705292701721;0.5533561706542969;0.5896863341331482;-0.0029307983350008726;0.519683301448822;0.590329110622406;0.003011018503457308;0.5492336750030518;0.7284840941429138;-0.038088761270046234;0.5217986702919006;0.7248812913894653;-0.007840990088880062;0.5336005747318268;0.5293639302253723;-0.5212091356515884;0.561276376247406;0.7476745098829269;-0.35175371170043945;0.5121780931949615;0.7537789791822433;-0.3688632994890213;0.5490458408991495;0.8826839526494344;0.05297272807608048;0.5240418513615926;0.8877041935920715;0.06789183647682269
7.22;0.5291406512260437;0.538611114025116;-0.503699541091919;0.5701814889907837;0.5214542746543884;-0.3324715197086334;0.49978405237197876;0.5255987644195557;-0.3352294862270355;0.5673689246177673;0.6339649558067322;-0.29244470596313477;0.5052416920661926;0.6419520974159241;-0.3003680109977722;0.5519057512283325;0.5914459228515625;-0.0029781849589198828;0.516614556312561;0.5874983072280884;0.003055441426113248;0.5463465452194214;0.7227827310562134;-0.054548993706703186;0.5220337510108948;0.7200390696525574;-0.029229821637272835;0.5336452901363373;0.5402198076248169;-0.5233012020587922;0.5611898303031921;0.7604890018701553;-0.35516636073589325;0.5119759440422058;0.7606233358383179;-0.3691973611712456;0.5485764741897583;0.880881110827128;0.022391727815071743;0.5238585869471232;0.8866960803667704;0.03494782745838165
7.25;0.5298311114311218;0.5568994879722595;-0.49135637283325195;0.5702163577079773;0.5309627652168274;-0.3259669542312622;0.49981361627578735;0.5356747508049011;-0.32569125294685364;0.5667961239814758;0.6435416340827942;-0.28128349781036377;0.5054301619529724;0.6517732739448547;-0.2826501727104187;0.5519575476646423;0.5777183771133423;-0.0037941012997180223;0.5160232186317444;0.5771206617355347;0.0038913555908948183;0.5446282625198364;0.7201293706893921;-0.046206459403038025;0.5225479006767273;0.7166897654533386;-0.013866652734577656;0.53424431681633;0.5588559865951538;-0.511322072148323;0.5605679750442505;0.7683219015598297;-0.3273938372731209;0.5118885934352875;0.769985169172287;-0.3498425930738449;0.5481322606404623;0.8807319204012553;0.0323305819183588;0.5241402188936869;0.88644407192866;0.04673885926604271
7.29;0.5297655463218689;0.5706177353858948;-0.4726378619670868;0.5697441101074219;0.5357150435447693;-0.3225654065608978;0.4996379613876343;0.5458808541297913;-0.3195595145225525;0.5668253898620605;0.6437831521034241;-0.255401074886322;0.5055322051048279;0.6548216342926025;-0.2622421681880951;0.5513608455657959;0.5484710335731506;-0.00549852242693305;0.5116857290267944;0.5481122732162476;0.0056363362818956375;0.5443041324615479;0.7075405716896057;-0.04040022939443588;0.5225574970245361;0.7090681195259094;-0.003303390694782138;0.5342073023319245;0.5712918102741241;-0.49280281364917755;0.5600991547107697;0.7711212635040283;-0.28105198591947556;0.5119777172803879;0.7769386321306229;-0.3049939051270485;0.5483736395835876;0.871149996916453;0.03965376255412897;0.5246804356575012;0.8860767483711243;0.05365525372326374
7.32;0.5297244191169739;0.576034426689148;-0.49042776226997375;0.5688510537147522;0.5406463146209717;-0.34248021245002747;0.49959859251976013;0.5511176586151123;-0.32349687814712524;0.5664917826652527;0.6504659056663513;-0.271967351436615;0.5057827234268188;0.663667619228363;-0.25944143533706665;0.5506913661956787;0.5320027470588684;-0.008111870847642422;0.5099897384643555;0.5340468287467957;0.00829076673835516;0.5434447526931763;0.7040939331054688;-0.03710605949163437;0.5224330425262451;0.7086656093597412;0.006818234920501709;0.5341438829898835;0.5762950956821442;-0.5132233291864395;0.5596639215946198;0.7781975716352463;-0.29980728030204773;0.5117713361978531;0.7839099615812302;-0.302392341196537;0.5482747554779053;0.8721527854601542;0.05102389492094517;0.5249884923299154;0.8865204453468323;0.07026592347150047
7.36;0.5292602777481079;0.5849498510360718;-0.48807913064956665;0.5679726600646973;0.5560405254364014;-0.3500983417034149;0.4997708797454834;0.5582902431488037;-0.3241247832775116;0.5633324384689331;0.6575098037719727;-0.2925240993499756;0.5059093832969666;0.6692265272140503;-0.2598884403705597;0.5500136613845825;0.543364405632019;-0.011710290797054768;0.5106001496315002;0.5461286902427673;0.011898504570126534;0.5427220463752747;0.7070674896240234;-0.036867160350084305;0.5213572382926941;0.707332193851471;0.009401669725775719;0.5335141718387604;0.5895333349704742;-0.511067858338356;0.5581141263246536;0.7829424738883972;-0.30787159502506256;0.5117790549993515;0.7894549518823624;-0.2994634360074997;0.5457449356714884;0.8730196754137675;0.045272793620824814;0.5251906116803488;0.8853999177614847;0.07768089106927316
7.39;0.5291313529014587;0.5899462103843689;-0.5064356327056885;0.5667484402656555;0.5612547993659973;-0.3666999638080597;0.4997725486755371;0.5634642839431763;-0.33780691027641296;0.5616913437843323;0.6643415093421936;-0.31220534443855286;0.5059899091720581;0.6730867624282837;-0.2734806537628174;0.5500301718711853;0.5498855113983154;-0.013125261291861534;0.5103833675384521;0.5505901575088501;0.013325344771146774;0.5431593656539917;0.7085825204849243;-0.03675781562924385;0.5206050276756287;0.7078895568847656;0.012019870802760124;0.5332234263420105;0.596934586763382;-0.5300099879503251;0.5571159273386002;0.7912337183952332;-0.3381011188030243;0.5117322653532028;0.7944337278604507;-0.30465948581695557;0.5453230341275533;0.8735566933949789;0.055070349325736366;0.5254032015800476;0.8852644960085551;0.08729470272858937
7.42;0.5288615822792053;0.5942566990852356;-0.5313811302185059;0.565799355506897;0.5655553340911865;-0.38046443462371826;0.49975934624671936;0.5684057474136353;-0.35773608088493347;0.5608340501785278;0.6674976348876953;-0.32400983572006226;0.5060645341873169;0.676897406578064;-0.29849129915237427;0.5501515865325928;0.5487446188926697;-0.0122215636074543;0.5098704099655151;0.5501254200935364;0.01239911187440157;0.543486475944519;0.7084054350852966;-0.03565513715147972;0.5198994874954224;0.7072237730026245;0.0110486950725317;0.5327896177768707;0.6011758267879486;-0.5549670279026031;0.5564693808555603;0.7944607585668564;-0.35006361454725266;0.5118438750505447;0.8000359684228897;-0.3393220603466034;0.5449357628822327;0.8734614451726278;0.06591971932599942;0.5261775453885397;0.8848269383112589;0.09147604803244273
7.46;0.5283932089805603;0.5993062257766724;-0.5161424875259399;0.5653247237205505;0.5675433278083801;-0.3630123436450958;0.49982142448425293;0.5694657564163208;-0.34277573227882385;0.5604365468025208;0.6677241921424866;-0.3099122941493988;0.5064222812652588;0.6781556606292725;-0.2888205051422119;0.5500900745391846;0.5501116514205933;-0.01179519947618246;0.5090303421020508;0.5531505346298218;0.01197834126651287;0.5432253479957581;0.7074355483055115;-0.047853704541921616;0.5193036198616028;0.7047712206840515;-0.0037978612817823887;0.5323632478713989;0.606800639629364;-0.5305289119482041;0.5558946132659912;0.7952603995800018;-0.3461494669318199;0.5136693865060806;0.804644837975502;-0.33594632148742676;0.5447561939557394;0.8734662731488546;0.050730070720116295;0.5265299081802368;0.8844624956448873;0.08035594193885724
7.49;0.5277931094169617;0.5953373312950134;-0.5499784350395203;0.5651755928993225;0.5668207406997681;-0.3928655982017517;0.49986669421195984;0.5700429081916809;-0.3644232451915741;0.5604523420333862;0.668684720993042;-0.3420697748661041;0.5073050260543823;0.6808478236198425;-0.3112183213233948;0.5498710870742798;0.54900723695755;-0.012712092138826847;0.5086197257041931;0.5524197220802307;0.012938232161104679;0.5431009531021118;0.7056946158409119;-0.05199213698506355;0.5184731483459473;0.7031576633453369;-0.004443342797458172;0.5317304313182831;0.6017034947872162;-0.5733396410942078;0.5559971779584885;0.7982593923807144;-0.37145931273698807;0.5155434161424637;0.8091017305850983;-0.3590220808982849;0.5439850687980652;0.8747344215710958;0.05152184454103311;0.5266661445299784;0.8842496673266093;0.08212061164279778
7.52;0.527400553226471;0.5952974557876587;-0.5430024266242981;0.5649539828300476;0.5660595297813416;-0.391536146402359;0.49986720085144043;0.5698786377906799;-0.36115092039108276;0.560529887676239;0.6669119596481323;-0.3389860987663269;0.507993221282959;0.6798210740089417;-0.3064245879650116;0.549662709236145;0.5454499125480652;-0.012958873063325882;0.5082523226737976;0.5491980910301208;0.013201363384723663;0.5427656173706055;0.7046838998794556;-0.054231926798820496;0.5182731747627258;0.7000110745429993;-0.008381889201700687;0.5314113557338714;0.6018312752246857;-0.5668238401412964;0.5561239570379257;0.7977059781551361;-0.36395930498838425;0.5161509662866592;0.8109189867973328;-0.35217808187007904;0.5424323081970215;0.8746533592542013;0.04824674315750599;0.5268364548683167;0.8834124803543091;0.08076250149557988
7.56;0.5271331071853638;0.5951926708221436;-0.5570427775382996;0.5648196339607239;0.5652921199798584;-0.4008735418319702;0.499867707490921;0.5694329738616943;-0.36476510763168335;0.5604559779167175;0.6668582558631897;-0.3463958203792572;0.5078951716423035;0.6797956228256226;-0.3071044087409973;0.54961097240448;0.5418537855148315;-0.013976968824863434;0.5079190135002136;0.5457759499549866;0.014237083494663239;0.5425346493721008;0.7043827176094055;-0.054456040263175964;0.517874538898468;0.7016698718070984;-0.006932980380952358;0.5312032699584961;0.6015332639217377;-0.5815545797348023;0.556241363286972;0.7976861447095871;-0.3725310489535332;0.5161748230457306;0.809657946228981;-0.3560296446084976;0.5414832234382629;0.8745677272478739;0.05083001715441545;0.5277203718821207;0.8815853794415792;0.08718286330501239
7.59;0.5269882082939148;0.5947655439376831;-0.5372054576873779;0.5647360682487488;0.5653162002563477;-0.38949668407440186;0.4998532831668854;0.5688838362693787;-0.3555828034877777;0.5603966116905212;0.668977677822113;-0.3338196277618408;0.5078223347663879;0.679949164390564;-0.3019901514053345;0.5496485233306885;0.5419684648513794;-0.0154572119936347;0.5081144571304321;0.5456334352493286;0.015728160738945007;0.5425907969474792;0.7048957347869873;-0.05264699086546898;0.5168569684028625;0.7028341889381409;-0.001625435776077211;0.5311090350151062;0.6023572683334351;-0.5613164246082306;0.5563477128744125;0.7982435971498489;-0.3609641417860985;0.516351968050003;0.8065440058708191;-0.34207262098789215;0.5418737928072611;0.8748316566149393;0.05264695640653372;0.527643064657847;0.8807452917098999;0.09535178852578004
7.62;0.5268259644508362;0.594143271446228;-0.5331878662109375;0.5646771192550659;0.5639392733573914;-0.38587695360183716;0.4997023940086365;0.5673120617866516;-0.3535948395729065;0.5604183077812195;0.6680167317390442;-0.334775447845459;0.5077744126319885;0.6785212159156799;-0.2891995310783386;0.5498978495597839;0.5413739681243896;-0.016180627048015594;0.50828617811203;0.5442137122154236;0.01645038090646267;0.5428259372711182;0.7044205069541931;-0.05381491035223007;0.5164757966995239;0.7035420536994934;-0.0006781294359825552;0.5310044109821319;0.6017849266529083;-0.5576496243476867;0.5564116686582565;0.7966101318597794;-0.36538589745759964;0.5162703841924667;0.8041771650314331;-0.32844963669776917;0.542414665222168;0.8750691215197245;0.04597559571266174;0.5275389949480692;0.8804445862770081;0.09409891751905282
7.66;0.5268299579620361;0.5917436480522156;-0.5378383994102478;0.5646982192993164;0.5617458820343018;-0.39213094115257263;0.49959596991539;0.5653139352798462;-0.3518807291984558;0.5605278611183167;0.6663714051246643;-0.3457152843475342;0.5077180862426758;0.6765815615653992;-0.2891426384449005;0.550004780292511;0.5391523241996765;-0.01701311394572258;0.5083361864089966;0.5420053601264954;0.017277497798204422;0.542870819568634;0.7023953199386597;-0.05692129209637642;0.5164929032325745;0.6963211894035339;-0.0006633532466366887;0.531011438369751;0.5988139748573303;-0.5619951486587524;0.5564991980791092;0.7948176264762878;-0.38398849219083786;0.5162767618894577;0.8025482594966888;-0.33337028324604034;0.5428772568702698;0.8747267127037048;0.04415994634230932;0.5275049805641174;0.8800534605979919;0.09321781744559605
7.69;0.5266703367233276;0.5911194086074829;-0.5609244704246521;0.5645633339881897;0.5591714382171631;-0.4048469364643097;0.4994293749332428;0.5642460584640503;-0.36597129702568054;0.5606191158294678;0.6640835404396057;-0.35607022047042847;0.5076912045478821;0.6730453372001648;-0.30496877431869507;0.5500160455703735;0.5375325083732605;-0.01739840768277645;0.5082505345344543;0.5383912920951843;0.017649583518505096;0.542951762676239;0.7030478119850159;-0.05017808824777603;0.5165837407112122;0.6977550983428955;0.00953104067593813;0.5307324469089508;0.5974215984344482;-0.5853434920310974;0.5569810569286346;0.7943029701709747;-0.39554115384817123;0.5162036865949631;0.801458328962326;-0.358598530292511;0.5430727998415629;0.8762093782424927;0.058309489240249;0.527890165646871;0.8805657625198364;0.10660324121514957
7.72;0.5266730785369873;0.581758439540863;-0.5457883477210999;0.5645900368690491;0.5541280508041382;-0.395040363073349;0.4994293749332428;0.5597749352455139;-0.35516369342803955;0.5606427788734436;0.6605541706085205;-0.3442709147930145;0.5076518654823303;0.6658014059066772;-0.29070577025413513;0.5501940846443176;0.5341092348098755;-0.01808057352900505;0.5084062218666077;0.5327199101448059;0.01831148751080036;0.543241560459137;0.7002472281455994;-0.04986099153757095;0.5169084072113037;0.6977525949478149;0.009294195100665092;0.5307914435863494;0.5865705668926239;-0.5701272010803222;0.5570542961359024;0.7894758731126785;-0.38075850903987885;0.5158866345882416;0.7981927245855331;-0.34576164186000824;0.5432048638661703;0.875887135664622;0.04611452482640743;0.5278720657030741;0.880459705988566;0.0958470602830251
7.76;0.5266237258911133;0.5734289288520813;-0.5455657243728638;0.564527690410614;0.5476375222206116;-0.3809303641319275;0.4993213713169098;0.5553102493286133;-0.3536902368068695;0.5607137680053711;0.6533231139183044;-0.32657068967819214;0.5074787735939026;0.6627358198165894;-0.2898011803627014;0.5501431822776794;0.5355785489082336;-0.017188522964715958;0.5083851218223572;0.5353310108184814;0.01738346740603447;0.5432026982307434;0.7009671926498413;-0.042237766087055206;0.5169346332550049;0.698248565196991;0.009832539595663548;0.5307743430137635;0.5764866173267365;-0.5674314618110656;0.5570993721485138;0.7816394120454788;-0.3689681217074394;0.5156889706850052;0.7922015190124512;-0.34419162571430206;0.5430234869321188;0.875619113445282;0.0454718004912138;0.5275698900222778;0.8798429767290751;0.08764978001515071
7.79;0.5264870524406433;0.5671620965003967;-0.5410104990005493;0.5644245147705078;0.5426188707351685;-0.3766658306121826;0.49908366799354553;0.5520638227462769;-0.3534111976623535;0.5607383847236633;0.6466709971427917;-0.3154055178165436;0.5075925588607788;0.6595877408981323;-0.28972873091697693;0.5487774014472961;0.5367866158485413;-0.013643262907862663;0.5079521536827087;0.5362833142280579;0.013793791644275188;0.543175995349884;0.7020708322525024;-0.03595484793186188;0.517948567867279;0.6986843347549438;0.009480513632297516;0.530771154165268;0.567330414056778;-0.5638542473316193;0.5572076141834259;0.7743363678455353;-0.35423122346401215;0.5153432786464691;0.7861049920320511;-0.3439273312687874;0.5434174736340841;0.876660962899526;0.04563692770898342;0.5267291069030762;0.880003035068512;0.07755042674640815
7.82;0.5262171030044556;0.5574275851249695;-0.504158079624176;0.5644139647483826;0.5346947312355042;-0.3468529284000397;0.49895358085632324;0.5442979335784912;-0.32096269726753235;0.5607900619506836;0.6381056904792786;-0.28167667984962463;0.5075817108154297;0.6538732647895813;-0.2521367371082306;0.5480376482009888;0.5362604260444641;-0.013547606766223907;0.5080010294914246;0.5371605157852173;0.01368672400712967;0.5427154898643494;0.7021282315254211;-0.048920050263404846;0.5157849788665771;0.697956919670105;-0.0037224378902465105;0.53069589138031;0.5545196175575257;-0.5263548910617828;0.5570321530103683;0.7667142152786255;-0.31572235375642776;0.5148880183696747;0.7759564220905304;-0.3005513325333595;0.5435565511385599;0.8757919271787008;0.00030613566438357037;0.5261975526809692;0.8796792427698771;0.034391610572735466
7.86;0.5254228115081787;0.5466662645339966;-0.4959092140197754;0.5643579959869385;0.5237476229667664;-0.33824941515922546;0.49830907583236694;0.5325559377670288;-0.3094748258590698;0.5607749223709106;0.6321125030517578;-0.2819892168045044;0.507577121257782;0.6447833180427551;-0.2413305640220642;0.5481010675430298;0.5420534014701843;-0.01365362387150526;0.5082376003265381;0.5423656702041626;0.013771680183708668;0.5423766374588013;0.7021639347076416;-0.06570646911859512;0.5158979892730713;0.698136568069458;-0.02331158146262169;0.5302145183086395;0.542481130361557;-0.5181184649467468;0.5566563308238983;0.7607835382223129;-0.3263823166489601;0.5148318409919739;0.7671673744916916;-0.29485053569078445;0.5438352425893148;0.8757782975832621;-0.03171004409280916;0.5261052250862122;0.8796159823735555;0.0071676795681317644
7.89;0.5249152183532715;0.5459209084510803;-0.4907756745815277;0.564832866191864;0.5147889852523804;-0.33467498421669006;0.49766436219215393;0.5258805155754089;-0.3078990578651428;0.5608993172645569;0.6235453486442566;-0.275734543800354;0.5069735050201416;0.6405541300773621;-0.23862887918949127;0.5481215715408325;0.54096919298172;-0.013670098967850208;0.5089775323867798;0.5423431992530823;0.013792340643703938;0.5423833727836609;0.6987448334693909;-0.07046923786401749;0.5163352489471436;0.6962429881095886;-0.02741084061563015;0.5297613382339478;0.5422362208366394;-0.5134637534618378;0.5557794570922852;0.7526928931474686;-0.31527144461870193;0.5142229348421097;0.7619369328022003;-0.2918384447693825;0.544550359249115;0.873248279094696;-0.037814732058905065;0.5256023605664571;0.879453182220459;-0.0031023919582366943
7.92;0.5249220132827759;0.5371007323265076;-0.491405725479126;0.5652790665626526;0.5044754147529602;-0.3425218164920807;0.4974172115325928;0.5135977864265442;-0.31158342957496643;0.5609354972839355;0.6166031360626221;-0.2883431315422058;0.5061900615692139;0.6284206509590149;-0.23744910955429077;0.5483294725418091;0.5554651618003845;-0.01366457436233759;0.5101656913757324;0.5577625036239624;0.013783130794763565;0.5429472923278809;0.699142336845398;-0.0674707442522049;0.5181863903999329;0.7007209658622742;-0.013412518426775932;0.5297961413860321;0.5336109340190888;-0.515998113155365;0.5553204119205475;0.7461693584918976;-0.3315090388059616;0.5133207142353058;0.7472051978111267;-0.28713082522153854;0.5457700888315836;0.8735042810440063;-0.008146236340204874;0.52469402551651;0.87977268298467;0.019572649151086807
7.96;0.5250309705734253;0.5256413221359253;-0.49197521805763245;0.5657708644866943;0.4959557354450226;-0.3382273316383362;0.4969862401485443;0.5032862424850464;-0.3179730474948883;0.5611349940299988;0.6057195067405701;-0.29328227043151855;0.5051618218421936;0.6132878065109253;-0.2523186504840851;0.5483458042144775;0.5639017224311829;-0.01183953694999218;0.5113061666488647;0.5618599057197571;0.011950472369790077;0.5413914322853088;0.699649453163147;-0.07463133335113525;0.520264744758606;0.7001647353172302;-0.040124207735061646;0.52999187707901;0.5228067815303803;-0.5155780255794525;0.5539697259664536;0.7346442490816116;-0.3592139706015587;0.5130302011966705;0.7358675450086594;-0.32369374483823776;0.5451515316963196;0.8719985087712606;-0.025386976078152657;0.524571160475413;0.8803459207216898;-0.0068642254918813705
7.99;0.5250757932662964;0.5116342902183533;-0.4942333698272705;0.5670135617256165;0.4885256886482239;-0.3337302803993225;0.49600809812545776;0.49139001965522766;-0.3195648491382599;0.5611470341682434;0.6020820736885071;-0.2922857105731964;0.504889190196991;0.6032580733299255;-0.26497235894203186;0.5501317381858826;0.5638971328735352;-0.011212814599275589;0.5126674771308899;0.5624861121177673;0.01130104809999466;0.5421729683876038;0.7016316056251526;-0.06977036595344543;0.5201445817947388;0.707647979259491;-0.03273473680019379;0.5300092339515686;0.5075264751911164;-0.5163100451231003;0.5533977597951889;0.725715383887291;-0.3586744889616966;0.5128830224275589;0.7254106402397156;-0.331717386841774;0.5456727147102356;0.8719634612401327;-0.008791067327062288;0.5237359603246053;0.88042018810908;0.02017086123426755
8.02;0.5249492526054382;0.49253198504447937;-0.49340876936912537;0.5684388279914856;0.4784466624259949;-0.338503897190094;0.4957342743873596;0.47719040513038635;-0.3199658691883087;0.5612735152244568;0.592232882976532;-0.3032165467739105;0.5047207474708557;0.5927358269691467;-0.2759334444999695;0.5497956275939941;0.5738618969917297;-0.011473851278424263;0.5145586133003235;0.5705806612968445;0.011535504832863808;0.5442767143249512;0.7133243680000305;-0.044643137603998184;0.5200580954551697;0.7107523083686829;0.004850395489484072;0.5297049820423126;0.48559499680995943;-0.5148350387811661;0.5532148778438568;0.7139391750097275;-0.3751192167401314;0.5125631541013718;0.7174355685710907;-0.34009113162755966;0.5466345151265463;0.873291015625;0.028101385881503422;0.5223918755849203;0.8802522222201029;0.07603881383935611
8.06;0.524727463722229;0.47922569513320923;-0.4957222044467926;0.5690290331840515;0.46612271666526794;-0.3410843312740326;0.4954570233821869;0.46743443608283997;-0.3203919231891632;0.5609870553016663;0.5800036787986755;-0.3048122823238373;0.5039054751396179;0.5842296481132507;-0.28282734751701355;0.5513439178466797;0.5754255056381226;-0.011575665324926376;0.5146046876907349;0.5778189897537231;0.011643599718809128;0.5450849533081055;0.7171885967254639;-0.028668714687228203;0.5200098752975464;0.7129619717597961;0.017214054241776466;0.5295671939849853;0.471809446811676;-0.5176919609308243;0.5522783547639847;0.7010921835899353;-0.3727607727050781;0.5114419907331467;0.7076393812894821;-0.3495175540447235;0.5468659400939941;0.8733795285224915;0.052346980199217796;0.5221311251322428;0.8765528798103333;0.1030442404250304
8.09;0.5248651504516602;0.4652227759361267;-0.4971431791782379;0.569203794002533;0.4530423581600189;-0.3380836546421051;0.4954015910625458;0.4538719356060028;-0.3361547589302063;0.561622679233551;0.5701877474784851;-0.3005509376525879;0.5022714138031006;0.5741870403289795;-0.30953097343444824;0.5502934455871582;0.6016175150871277;-0.006293573882430792;0.5145999193191528;0.6031832098960876;0.006327659357339144;0.5476873517036438;0.7338448166847229;0.009289278648793697;0.5187903642654419;0.7323310971260071;0.03917521983385086;0.5299542188644409;0.4537975907325745;-0.5184171825647355;0.5526493042707443;0.6887517273426056;-0.3683289662003517;0.5111933350563049;0.6949790269136429;-0.38324858993291855;0.5475851694742838;0.8747799396514893;0.13805614908536276;0.5216676394144694;0.8765125274658203;0.17173420389493307
8.12;0.5255721211433411;0.45275458693504333;-0.4708946645259857;0.5701990127563477;0.4382225275039673;-0.31753259897232056;0.4954414367675781;0.4403657615184784;-0.3179287016391754;0.5637342929840088;0.551715075969696;-0.2735891044139862;0.5014939308166504;0.5645029544830322;-0.3041101098060608;0.5503008961677551;0.5988483428955078;-0.004723228979855776;0.5154149532318115;0.5998761057853699;0.004758581984788179;0.5495198369026184;0.7323178648948669;0.01293117180466652;0.5177164077758789;0.7368953824043274;0.04380495473742485;0.5302558183670044;0.4404725134372711;-0.49273627400398257;0.5530182719230652;0.6739802658557892;-0.35010989755392075;0.5108365714550018;0.6867126673460007;-0.35670774430036545;0.5481744011243185;0.8766207098960876;0.14400611072778702;0.5212172269821167;0.8778935472170512;0.1706105669339498
8.16;0.5275459885597229;0.4375767707824707;-0.45448487997055054;0.5704354047775269;0.4265761077404022;-0.30142632126808167;0.49546653032302856;0.4276484251022339;-0.30522260069847107;0.566033124923706;0.5405334830284119;-0.2548524737358093;0.5003019571304321;0.5489670634269714;-0.2717847228050232;0.5496004223823547;0.6005839705467224;-0.004978496581315994;0.515369176864624;0.6004970073699951;0.005026272963732481;0.5493266582489014;0.733485221862793;0.013203194364905357;0.517313539981842;0.7401841878890991;0.04731334000825882;0.5322382032871247;0.42359440922737124;-0.4758452117443085;0.5538514703512192;0.6637408137321472;-0.33371272683143616;0.5106024891138077;0.6736250966787338;-0.3505004420876503;0.5489705204963684;0.8795269131660461;0.1287171890338262;0.5207404891649882;0.8799870014190674;0.16335817178090414
8.19;0.5278169512748718;0.41993728280067444;-0.4111446142196655;0.571104109287262;0.4189533591270447;-0.2629026174545288;0.49548086524009705;0.4180416166782379;-0.26658809185028076;0.5677968263626099;0.5348748564720154;-0.21607063710689545;0.49970245361328125;0.5388631820678711;-0.22503340244293213;0.5495749711990356;0.6056369543075562;-0.0038680746220052242;0.5152475833892822;0.6042150855064392;0.0038999058306217194;0.5500546097755432;0.7363094687461853;0.010576688684523106;0.5171188712120056;0.7418312430381775;0.03991778939962387;0.5323553562164307;0.40404883921146395;-0.43151664137840273;0.5546636283397675;0.6549223512411118;-0.2979217916727066;0.5090239346027374;0.6658892333507538;-0.30095911026000977;0.5491927266120911;0.8794357379277548;0.13506904741128287;0.5207124551137289;0.8800598382949829;0.1641517678896586
8.22;0.5277925729751587;0.40309858322143555;-0.4455559551715851;0.5719015002250671;0.4116643965244293;-0.28239670395851135;0.49548932909965515;0.4090915024280548;-0.28858068585395813;0.5702740550041199;0.5266839265823364;-0.24102260172367096;0.49767905473709106;0.5329121947288513;-0.24418216943740845;0.5495938062667847;0.6001967191696167;-0.00094507698668167;0.5151370167732239;0.598928689956665;0.0009410202619619668;0.5500347018241882;0.7340548038482666;0.01053112093359232;0.5170693397521973;0.7387483716011047;0.03485928103327751;0.5322137713432312;0.3833097666501999;-0.46477028727531433;0.5557584166526794;0.649134024977684;-0.321938119828701;0.508551836013794;0.6558384150266647;-0.3329130783677101;0.5492793917655945;0.8789142370223999;0.15181768437226614;0.5207614898681641;0.8800256053606669;0.1686731850107511
8.26;0.5278014540672302;0.3890158534049988;-0.434305876493454;0.5722695589065552;0.40283331274986267;-0.26667171716690063;0.49544206261634827;0.4012344479560852;-0.27991265058517456;0.5723538398742676;0.5193563103675842;-0.2243962585926056;0.4951382279396057;0.5279951691627502;-0.24262799322605133;0.5498801469802856;0.5960400104522705;-0.0001845111110014841;0.5150858759880066;0.5958986878395081;0.00018261768855154514;0.5503405928611755;0.7340120077133179;0.007209422532469034;0.5167878866195679;0.7377834916114807;0.03198724612593651;0.5327516257762909;0.36672636270523074;-0.4519820988178253;0.5567700117826462;0.6402785331010818;-0.3107283487915993;0.5081445127725601;0.6490582674741745;-0.3301487863063812;0.5494991739590963;0.8779409726460775;0.15540266782045364;0.5208140810330709;0.8800372282663981;0.1720940793553988
8.29;0.5281926393508911;0.37365564703941345;-0.3943810760974884;0.5724048018455505;0.39539286494255066;-0.23107372224330902;0.4954455494880676;0.3959878385066986;-0.24472573399543762;0.5742513537406921;0.5115278959274292;-0.1846405267715454;0.4932343363761902;0.5180861353874207;-0.20653244853019714;0.5510156154632568;0.5936357975006104;-0.0003202690277248621;0.5154086947441101;0.5938650369644165;0.00032080564415082335;0.5512259006500244;0.7343493103981018;0.0033717413898557425;0.5163851380348206;0.736160159111023;0.029413817450404167;0.5332721829414367;0.3533812999725342;-0.410265177488327;0.5579530298709869;0.6314680725336075;-0.2718721143901348;0.5078954547643661;0.6393505334854126;-0.2927054539322853;0.5495134989420573;0.8778296907742819;0.14417579273382822;0.5208047032356262;0.8794578909873962;0.16113286962111792
8.32;0.5286415815353394;0.36203792691230774;-0.39562925696372986;0.5732085108757019;0.39058229327201843;-0.22342440485954285;0.4950810968875885;0.392530232667923;-0.2425682097673416;0.5768288969993591;0.5024880766868591;-0.17482729256153107;0.49120593070983887;0.5102000832557678;-0.20757195353507996;0.5514765977859497;0.5927711725234985;0.0008579972782172263;0.5152959823608398;0.5930101275444031;-0.0008731592097319663;0.5515052676200867;0.7332712411880493;0.0065308623015880585;0.5162873268127441;0.7348015904426575;0.02765009179711342;0.5336462020874023;0.3402017027139664;-0.4095641016960144;0.5591349005699158;0.6223631799221039;-0.26644978299736977;0.5074030309915543;0.6320522278547287;-0.29612303525209427;0.5498056411743164;0.8775137662887573;0.14293513695398966;0.5210516055425009;0.8779419461886088;0.15704620629549026
8.36;0.5285021066665649;0.3518529236316681;-0.3725254237651825;0.573626697063446;0.38740652799606323;-0.2012779712677002;0.49464863538742065;0.3895193934440613;-0.22204330563545227;0.578519880771637;0.4954128861427307;-0.14947380125522614;0.49016454815864563;0.5053939819335938;-0.18604174256324768;0.5521602630615234;0.5917596817016602;0.0018509061774238944;0.5151671171188354;0.5919564962387085;-0.001872100867331028;0.5517802834510803;0.7329910397529602;0.01744331791996956;0.5162297487258911;0.734463632106781;0.02753434143960476;0.5335609138011932;0.3286683797836304;-0.3839032083749771;0.5611124783754349;0.614003375172615;-0.24407531693577766;0.5065661072731018;0.6266181468963623;-0.2765054702758789;0.5499273538589478;0.8769734104474386;0.14804615825414658;0.5213538606961569;0.8774064183235168;0.1543146719535192
8.39;0.5284854769706726;0.3449006676673889;-0.2924325466156006;0.5737226009368896;0.38419634103775024;-0.13932256400585175;0.49467843770980835;0.3836016058921814;-0.15614356100559235;0.5801013112068176;0.49026021361351013;-0.08710860460996628;0.48849162459373474;0.49700942635536194;-0.12217112630605698;0.5533197522163391;0.5909832119941711;0.002007664879783988;0.5151295065879822;0.5911681056022644;-0.002025983529165387;0.5524415969848633;0.7322419881820679;0.019247161224484444;0.5162346959114075;0.7337849736213684;0.023740729317069054;0.5335727989673614;0.32081107795238495;-0.302672179043293;0.5631277710199356;0.608092650771141;-0.18604669719934464;0.5059207528829575;0.6179418116807938;-0.21637197956442833;0.5501186649004618;0.876960833867391;0.1451694443821907;0.5214532216389974;0.8777137597401937;0.14948469152053198
8.42;0.5286052823066711;0.3385067284107208;-0.25733065605163574;0.5738108158111572;0.38036012649536133;-0.11182214319705963;0.4946722090244293;0.37841328978538513;-0.1218353658914566;0.5813627243041992;0.48535001277923584;-0.06666766107082367;0.48596957325935364;0.48817265033721924;-0.08837588876485825;0.5544946193695068;0.5906496047973633;0.0013725935714319348;0.5152519345283508;0.5906440019607544;-0.0013808131916448474;0.5528886318206787;0.7317575216293335;0.020022107288241386;0.5162795186042786;0.7333965301513672;0.02365962043404579;0.5337445259094238;0.3136647939682007;-0.2659247055649757;0.5649249106645584;0.6006696969270706;-0.17355288565158844;0.504386767745018;0.6104707270860672;-0.1849123314023018;0.5501779715220133;0.8761608401934305;0.14766313135623932;0.5216160217920939;0.8779813249905905;0.14765947808821997
8.46;0.5285457372665405;0.33061251044273376;-0.2064926028251648;0.574207603931427;0.3798030614852905;-0.08165419846773148;0.49469026923179626;0.3749021589756012;-0.07932639867067337;0.5831946730613708;0.4826706051826477;-0.0433831661939621;0.48432764410972595;0.4817614257335663;-0.0553194135427475;0.554821789264679;0.5912407636642456;-0.0011950837215408683;0.515252411365509;0.5914909839630127;0.0012097692815586925;0.5529716610908508;0.7330270409584045;0.017080286517739296;0.5162273049354553;0.7359009981155396;0.031125882640480995;0.5336961925029755;0.30424087941646577;-0.21319765150547026;0.566685751080513;0.5985974818468094;-0.14289503172039986;0.5031676292419434;0.6039721667766571;-0.15317441150546074;0.550166666507721;0.8761546810468038;0.15940125038226446;0.5217481851577759;0.8785664041837057;0.16643336415290833
8.49;0.5282351970672607;0.32501256465911865;-0.20736071467399597;0.5741965770721436;0.3783170282840729;-0.08575669676065445;0.4947918951511383;0.371421754360199;-0.07864157855510712;0.5843435525894165;0.4809887111186981;-0.050230734050273895;0.4838244915008545;0.4785051643848419;-0.04968095198273659;0.5552425980567932;0.5910685658454895;-0.0020532116759568453;0.5152976512908936;0.5913189649581909;0.0020731401164084673;0.553356409072876;0.7330722808837891;0.019204452633857727;0.5162009000778198;0.736096203327179;0.03243070840835571;0.5335167467594146;0.2992015272378922;-0.21444470733404158;0.5699376314878464;0.5973509550094604;-0.15105300769209862;0.5016052573919296;0.5998786091804504;-0.14490990713238716;0.5503443280855814;0.8765221238136292;0.155185766518116;0.5219190319379171;0.8789040644963583;0.16463440159956613
8.53;0.5278792977333069;0.32194983959198;-0.20792318880558014;0.5743368864059448;0.3784031569957733;-0.08493344485759735;0.4948098063468933;0.3722788095474243;-0.07658403366804123;0.5849509835243225;0.4812144935131073;-0.042840808629989624;0.4832979142665863;0.4785265326499939;-0.04407159611582756;0.5557990670204163;0.5912180542945862;-0.003496639896184206;0.5155199766159058;0.5919148325920105;0.0035132463090121746;0.5535396337509155;0.7332913279533386;0.018247006461024284;0.5160523653030396;0.7363342046737671;0.031075989827513695;0.533391946554184;0.29610084295272826;-0.21430446356534957;0.5726432204246521;0.5961746722459793;-0.13817781768739223;0.4998604357242584;0.5977591127157211;-0.14038311503827572;0.5503332416216532;0.8757180372873942;0.15179365376631418;0.5218825141588846;0.8791171113650004;0.16060145447651544
8.56;0.5270599722862244;0.3173430263996124;-0.20272326469421387;0.5743057131767273;0.3781980574131012;-0.08075834065675735;0.49499282240867615;0.3709421455860138;-0.07318885624408722;0.5860827565193176;0.48105859756469727;-0.03770643472671509;0.4825163781642914;0.4762691855430603;-0.04217175766825676;0.5561621189117432;0.5909976959228516;-0.0036057732068002224;0.5156004428863525;0.5917225480079651;0.0036166950594633818;0.5535249710083008;0.7333329319953918;0.015658222138881683;0.5160565972328186;0.7362399697303772;0.030309665948152542;0.5329858064651489;0.2924876481294632;-0.20800197273492813;0.575537383556366;0.5948957651853561;-0.13309161365032196;0.498384527862072;0.5938943922519684;-0.13885298930108547;0.5504401922225952;0.8751818140347799;0.15596571813027063;0.5218856930732727;0.8791544437408447;0.16204536706209183
8.59;0.5267857313156128;0.31293419003486633;-0.19571073353290558;0.5742682218551636;0.37788501381874084;-0.07477352023124695;0.49505284428596497;0.3712185323238373;-0.0699101984500885;0.5868910551071167;0.48035943508148193;-0.03701407089829445;0.4820885956287384;0.47686275839805603;-0.04303058236837387;0.5563580989837646;0.5909134745597839;-0.0036023480352014303;0.5156018733978271;0.5916062593460083;0.003613857552409172;0.5535218119621277;0.7333574891090393;0.01814933679997921;0.5160591006278992;0.7360319495201111;0.03006737120449543;0.5328248679637909;0.2889551311731339;-0.19974000751972198;0.5787080079317093;0.592894047498703;-0.1378821562975645;0.4980134963989258;0.5950125455856323;-0.14086369797587395;0.5504750609397888;0.875170369942983;0.15584079921245575;0.5218761563301086;0.8791982531547546;0.1613358979423841
8.63;0.5262967348098755;0.30881041288375854;-0.20207498967647552;0.574255108833313;0.3766661286354065;-0.07969377934932709;0.495273232460022;0.37013259530067444;-0.0748068243265152;0.587324321269989;0.4808978736400604;-0.03789848834276199;0.4820627272129059;0.475741446018219;-0.04641355574131012;0.556696891784668;0.5908229947090149;-0.0035569907631725073;0.5156683325767517;0.5913519263267517;0.0035627384204417467;0.553493857383728;0.7332489490509033;0.02381688728928566;0.5160872340202332;0.7358811497688293;0.033545054495334625;0.532625013589859;0.28545989394187926;-0.2060306504368782;0.5811245143413544;0.5927946120500565;-0.13432937860488892;0.4972047433257103;0.5944620817899704;-0.14288577809929848;0.550538957118988;0.8746437629063925;0.1752004325389862;0.5219365557034811;0.8791308800379435;0.17689387996991476
8.66;0.5255040526390076;0.3077583312988281;-0.2062317430973053;0.5743887424468994;0.3762263059616089;-0.08601401746273041;0.49562960863113403;0.36935341358184814;-0.07899831235408783;0.5876021385192871;0.48263871669769287;-0.042902830988168716;0.48226767778396606;0.47563695907592773;-0.04869341105222702;0.5569459199905396;0.5906817317008972;-0.003566168714314699;0.5157195925712585;0.5912242531776428;0.003569532884284854;0.5534566640853882;0.7331613302230835;0.02953902818262577;0.5161175727844238;0.7357208132743835;0.03799233213067055;0.5319713354110718;0.28435832262039185;-0.21068571358919144;0.5830199122428894;0.5959474444389343;-0.13468869775533676;0.4962834492325783;0.5941647440195084;-0.14302352257072926;0.5506724317868551;0.8732978304227194;0.18423251807689667;0.5219355225563049;0.8791194955507914;0.183270496626695
8.69;0.5244958996772766;0.3067035675048828;-0.21558712422847748;0.5745450854301453;0.3766317069530487;-0.09620021283626556;0.49579155445098877;0.3696974813938141;-0.08572633564472198;0.5882052779197693;0.48342010378837585;-0.050845738500356674;0.48251110315322876;0.4764043688774109;-0.051160186529159546;0.5570745468139648;0.5905778408050537;-0.0035807897802442312;0.5157399773597717;0.5909592509269714;0.0035793345887213945;0.5534144043922424;0.7331904172897339;0.028635870665311813;0.5161174535751343;0.7356167435646057;0.036759115755558014;0.5308731436729431;0.28357108533382414;-0.22064770013093948;0.5846437960863113;0.5982479751110077;-0.13727431558072567;0.49499356746673584;0.5954967588186264;-0.1422234233468771;0.5507718125979105;0.8731204867362976;0.1801584263642629;0.5219556093215942;0.8792473475138346;0.17846964299678802
8.73;0.5239065885543823;0.3060931861400604;-0.22748446464538574;0.5746212601661682;0.3767335116863251;-0.1041148230433464;0.49598604440689087;0.370215505361557;-0.0951179713010788;0.5886805653572083;0.48329803347587585;-0.058039773255586624;0.48274415731430054;0.47672906517982483;-0.05870462954044342;0.5571151375770569;0.5904073715209961;-0.003521275706589222;0.5157192349433899;0.5902746915817261;0.0035106902942061424;0.5532492995262146;0.7331953048706055;0.029681101441383362;0.5161192417144775;0.7356716990470886;0.035850200802087784;0.5302338063716888;0.2832121104001999;-0.23319547921419143;0.5858164429664612;0.59942826628685;-0.14400912448763847;0.4941617548465729;0.5965989530086517;-0.14864034950733185;0.5508325695991516;0.872767964998881;0.18549529711405435;0.5219921668370565;0.879413922627767;0.17791926860809326
8.76;0.522940993309021;0.30511724948883057;-0.22801324725151062;0.5746271014213562;0.37652385234832764;-0.10609345138072968;0.4960952699184418;0.37064430117607117;-0.09437256306409836;0.588528037071228;0.4831298291683197;-0.058959007263183594;0.48291486501693726;0.47671592235565186;-0.056607313454151154;0.5573058128356934;0.5894121527671814;-0.003567869309335947;0.5157002806663513;0.588782012462616;0.0035506244748830795;0.5530504584312439;0.7331690192222595;0.0283068735152483;0.5161215662956238;0.7356132864952087;0.03524459898471832;0.5294417083263397;0.2822753131389618;-0.23359736055135727;0.5866837352514267;0.5999104678630829;-0.1446320116519928;0.49353358149528503;0.5976529568433762;-0.14547031000256538;0.5508133172988892;0.8727068305015564;0.17958870778481165;0.522089938322703;0.8795244097709656;0.17820602655410767
8.79;0.5226655006408691;0.30365219712257385;-0.2288462072610855;0.5746614336967468;0.3766544461250305;-0.10747741907835007;0.49618664383888245;0.370961993932724;-0.09469734877347946;0.5886052250862122;0.4833758771419525;-0.060303449630737305;0.4830377399921417;0.4770893454551697;-0.057153359055519104;0.557456910610199;0.5888098478317261;-0.003833986120298505;0.5156633853912354;0.5877796411514282;0.003802906023338437;0.5528251528739929;0.733100950717926;0.026919787749648094;0.5161255598068237;0.7355676293373108;0.03540825471282005;0.5292696535587311;0.2810778826475143;-0.2340871959924698;0.5870784968137741;0.6003608256578445;-0.14508048258721828;0.4928426444530487;0.5985226333141327;-0.14628865011036396;0.550818145275116;0.8727160493532816;0.17770744115114212;0.522143026192983;0.8795942664146423;0.1796787033478419
8.83;0.5224049091339111;0.3022977411746979;-0.2308814823627472;0.5746986269950867;0.37677687406539917;-0.10833002626895905;0.4963708817958832;0.3711746037006378;-0.09656864404678345;0.5885506272315979;0.4838290512561798;-0.061994120478630066;0.48311948776245117;0.47736871242523193;-0.05895928665995598;0.557654619216919;0.5880104303359985;-0.004343616310507059;0.5155637264251709;0.5863905549049377;0.004300186410546303;0.5526528358459473;0.732681930065155;0.020972488448023796;0.5161270499229431;0.735431969165802;0.034823495894670486;0.5290275812149048;0.280443000793457;-0.2363559454679489;0.5872591137886047;0.601614698767662;-0.14439348876476288;0.4927798956632614;0.6000291854143143;-0.14622046798467636;0.5508575836817423;0.8727296789487203;0.17046697189410528;0.522180457909902;0.8795501987139384;0.17863542586565018
8.86;0.5223624110221863;0.30237022042274475;-0.2278435379266739;0.5747663974761963;0.37665972113609314;-0.10791374742984772;0.49651840329170227;0.3712173104286194;-0.09374865144491196;0.5885047316551208;0.48399391770362854;-0.06015099585056305;0.4831432104110718;0.4773213565349579;-0.05663488060235977;0.5576606392860413;0.5876014232635498;-0.0047117313370108604;0.5152894258499146;0.5857571959495544;0.004661808256059885;0.5523984432220459;0.7325189113616943;0.01838640496134758;0.5161102414131165;0.7353899478912354;0.03478657081723213;0.5290001571178437;0.28037325143814085;-0.23318188190460204;0.5870573669672012;0.6020827740430832;-0.13927581161260605;0.4924152046442032;0.6013942062854767;-0.1447778046131134;0.5508942604064941;0.8726842602094015;0.16884486625591913;0.5221796631813049;0.8795236349105835;0.1775875265399615
8.89;0.522378146648407;0.3004741966724396;-0.22764424979686737;0.5748394131660461;0.37658777832984924;-0.10748153924942017;0.4965604245662689;0.3712911307811737;-0.0942898616194725;0.5884126424789429;0.48418158292770386;-0.059756308794021606;0.48340103030204773;0.47748878598213196;-0.05758685991168022;0.5576489567756653;0.5866934657096863;-0.004828202072530985;0.5150237083435059;0.5844739079475403;0.004774646833539009;0.5522308349609375;0.7324384450912476;0.018422408029437065;0.5161112546920776;0.7351751923561096;0.03404215723276138;0.5290485501289368;0.2790363132953644;-0.23245845437049867;0.586779996752739;0.6022782623767853;-0.14016802608966827;0.49210477620363235;0.6018888205289841;-0.14637022465467453;0.5509177247683207;0.8725354472796122;0.16375299791495004;0.5221450726191202;0.8794920047124227;0.16955625265836716
8.93;0.5223598480224609;0.29937899112701416;-0.21855579316616058;0.5749058127403259;0.3764869272708893;-0.10163284093141556;0.4965783357620239;0.3713657259941101;-0.08572956919670105;0.5883352756500244;0.4843355417251587;-0.05634065344929695;0.4835640788078308;0.4777109920978546;-0.04929785430431366;0.5576364398002625;0.5863255262374878;-0.004926309455186129;0.5147676467895508;0.583800733089447;0.004871714394539595;0.552091658115387;0.7324121594429016;0.01823209412395954;0.516094446182251;0.7350785732269287;0.03026263415813446;0.5290794551372529;0.2781331270933151;-0.22286964505910872;0.5864263027906418;0.6024077534675598;-0.13918078131973743;0.4917193055152893;0.6021489202976227;-0.14048373326659203;0.5509256720542908;0.872490127881368;0.16110487033923468;0.5221191843350729;0.8794899980227152;0.15887307872374853
8.96;0.5222591757774353;0.29824817180633545;-0.2224784642457962;0.5749109387397766;0.3763990104198456;-0.10361574590206146;0.4966076612472534;0.3711393177509308;-0.08919280767440796;0.5882803201675415;0.4844009280204773;-0.05867708846926689;0.4836558699607849;0.4777052700519562;-0.052027810364961624;0.5576263070106506;0.5862712860107422;-0.005081086419522762;0.5146296620368958;0.5836408734321594;0.005024885758757591;0.5520156025886536;0.7323645949363708;0.019694859161973;0.5160857439041138;0.735068142414093;0.02951761521399021;0.5291032552719116;0.2772271156311035;-0.22739484608173371;0.586171492934227;0.6034622192382812;-0.14096195623278618;0.4912659749388695;0.6024117469787598;-0.14223515801131725;0.5509233673413595;0.8723357915878296;0.1622642601529757;0.5220869183540344;0.8795405427614847;0.1573427120844523
8.99;0.5222455263137817;0.2980210483074188;-0.2104538381099701;0.5749034285545349;0.37608546018600464;-0.09780871868133545;0.4966110289096832;0.37093549966812134;-0.07763679325580597;0.5882335305213928;0.4840787351131439;-0.05716770514845848;0.48383188247680664;0.47730693221092224;-0.04137851670384407;0.5575047731399536;0.5859652161598206;-0.0053013344295322895;0.5144569873809814;0.5834787487983704;0.005248028784990311;0.5519444346427917;0.7322147488594055;0.016136322170495987;0.5160842537879944;0.7349804043769836;0.027508355677127838;0.5291274428367615;0.2770664244890213;-0.21487272083759307;0.5859396308660507;0.6018448621034622;-0.14205816201865673;0.49076665937900543;0.6025533676147461;-0.1338195502758026;0.5509340564409891;0.8722643057505289;0.15390139818191528;0.5220748782157898;0.8796524604161581;0.15287281076113382
9.03;0.5222589373588562;0.2973729372024536;-0.20795346796512604;0.5749003291130066;0.3757912516593933;-0.09743307530879974;0.4966293275356293;0.3706757724285126;-0.07485278695821762;0.5882229804992676;0.48358428478240967;-0.05801801756024361;0.4838515818119049;0.4769047200679779;-0.0385216660797596;0.5573809742927551;0.5852594375610352;-0.005653462838381529;0.5142877101898193;0.5830617547035217;0.005602153018116951;0.5519354343414307;0.7318781018257141;0.010394079610705376;0.5160866975784302;0.7347509860992432;0.02544686198234558;0.5291606068611145;0.27652762532234193;-0.21246076226234437;0.585782378911972;0.6004626750946045;-0.14686589315533638;0.4900558367371559;0.6025231331586838;-0.13126587867736816;0.550970455010732;0.8722498814264933;0.13989026844501495;0.5220613280932108;0.8798153599103292;0.14639547963937125
9.06;0.5223750472068787;0.2970784604549408;-0.2048901468515396;0.5748999714851379;0.3756210505962372;-0.09428580105304718;0.49665015935897827;0.3704884350299835;-0.0723421648144722;0.5882602334022522;0.48316773772239685;-0.05712295323610306;0.48391851782798767;0.47670066356658936;-0.03601435571908951;0.5573165416717529;0.5847504734992981;-0.005712183192372322;0.5141770839691162;0.5829037427902222;0.005661888513714075;0.5519301295280457;0.7316350340843201;0.009641562588512897;0.5160903334617615;0.7345178127288818;0.023526299744844437;0.5293821454048157;0.2762382119894028;-0.20911217629909515;0.585454061627388;0.599574863910675;-0.14688223972916603;0.4895450621843338;0.6024618446826935;-0.1296609789133072;0.5510014295578003;0.872235377629598;0.13587419191996256;0.5220499237378439;0.8799853920936584;0.14141390721003214
9.09;0.5231280326843262;0.2973208725452423;-0.205045685172081;0.5749269127845764;0.3756108582019806;-0.09116033464670181;0.4966527819633484;0.37043559551239014;-0.07294797897338867;0.5883240699768066;0.4830915033817291;-0.05431978031992912;0.4839390218257904;0.47675278782844543;-0.03747570142149925;0.5572800040245056;0.5846751928329468;-0.00562131917104125;0.5141202211380005;0.5829184651374817;0.005573306232690811;0.5519247055053711;0.7316001653671265;0.010703778825700283;0.5161156058311462;0.7343690991401672;0.022342190146446228;0.530115419626236;0.27629336416721345;-0.20866519957780838;0.5849290639162064;0.5992144793272018;-0.14677831158041954;0.489282988011837;0.6023422032594681;-0.132594283670187;0.5510443449020386;0.8722107410430908;0.14022442450126013;0.5220332940419515;0.8799983461697897;0.14181647698084512
9.13;0.5240573287010193;0.2972087264060974;-0.19881923496723175;0.5749325156211853;0.37563401460647583;-0.08508974313735962;0.496623694896698;0.3704034686088562;-0.06878717988729477;0.5883122682571411;0.4829918444156647;-0.05063141509890556;0.48397937417030334;0.47677168250083923;-0.0355416014790535;0.5572136640548706;0.5847914814949036;-0.005601897370070219;0.5140171647071838;0.5830931067466736;0.005555631592869759;0.5519197583198547;0.7315843105316162;0.011313877068459988;0.5161342024803162;0.7343512773513794;0.021680209785699844;0.530902522802353;0.2760827898979187;-0.20176907926797866;0.5834666788578033;0.5988936573266983;-0.14659427106380463;0.4890100732445717;0.6023286581039429;-0.13282013311982155;0.5510675509770712;0.8722219069798788;0.14332147439320883;0.5220256050427755;0.87999959786733;0.14208054294188818
9.16;0.5245391726493835;0.29741963744163513;-0.19043153524398804;0.5749508142471313;0.3756573498249054;-0.08095993101596832;0.4966125786304474;0.37036576867103577;-0.061821408569812775;0.5882501602172852;0.482796847820282;-0.04905639961361885;0.48399925231933594;0.47682586312294006;-0.02965228259563446;0.557071328163147;0.5850812792778015;-0.005757670383900404;0.5138593316078186;0.5834214091300964;0.005715727806091309;0.5519206523895264;0.7315744757652283;0.0105392225086689;0.5161442756652832;0.7343274354934692;0.021972456946969032;0.5312421381473541;0.27623737752437594;-0.19364140406250954;0.5817486494779587;0.5988321751356125;-0.14567497745156288;0.48878102749586105;0.6023027300834656;-0.12637200765311718;0.5510712464650472;0.8722361127535502;0.13993684202432632;0.5220150947570801;0.8799647092819214;0.14281157404184341
9.19;0.5250536799430847;0.2975669503211975;-0.1972179114818573;0.5749814510345459;0.37567538022994995;-0.08473432064056396;0.4966138005256653;0.3701610565185547;-0.06658490002155304;0.5882399082183838;0.48264989256858826;-0.05010879784822464;0.4840242266654968;0.47683006525039673;-0.032869528979063034;0.5569463968276978;0.5855582356452942;-0.005819594953209162;0.5137150287628174;0.5839186906814575;0.005779740866273642;0.5519172549247742;0.731558620929718;0.010804279707372189;0.5161497592926025;0.7343075275421143;0.022356901317834854;0.5316936492919921;0.27634388506412505;-0.20087179988622667;0.5802602469921112;0.5990155339241028;-0.14357169345021248;0.4885581508278847;0.6021846234798431;-0.12879496067762375;0.5510805249214172;0.8721743822097778;0.14078984906276068;0.5220064322153727;0.8798925677935282;0.1446271762251854
9.23;0.5258152484893799;0.2983931303024292;-0.19500885903835297;0.5749831199645996;0.3756852149963379;-0.08172031491994858;0.49660131335258484;0.3699803352355957;-0.0635998323559761;0.5881824493408203;0.48266899585723877;-0.04921261593699455;0.48411670327186584;0.4768223762512207;-0.030930237844586372;0.5568665266036987;0.5865623354911804;-0.005986742675304413;0.5135849714279175;0.5846730470657349;0.0059544118121266365;0.5519139766693115;0.7315757870674133;0.00993930920958519;0.5161511301994324;0.734308660030365;0.022616496309638023;0.5324698865413666;0.2765291690826416;-0.1982395753264427;0.5787794589996338;0.6001816540956497;-0.14375091902911663;0.48849474638700485;0.6021789014339447;-0.12860742025077343;0.5510834058125814;0.8721919258435568;0.14059259494145712;0.5219991207122803;0.8798121809959412;0.1453417887290319
9.26;0.526343584060669;0.29916876554489136;-0.1901928186416626;0.5749812722206116;0.37569460272789;-0.07777083665132523;0.49658477306365967;0.3698256313800812;-0.06041768193244934;0.5879799723625183;0.48265451192855835;-0.047459058463573456;0.48420000076293945;0.4768284261226654;-0.029303573071956635;0.556826114654541;0.5872251391410828;-0.006003428250551224;0.5135365724563599;0.58518385887146;0.005973633844405413;0.5519150495529175;0.7315685749053955;0.00906094815582037;0.5161527991294861;0.7342981696128845;0.022862890735268593;0.5330490291118621;0.2767793953418732;-0.19322074204683304;0.5774298012256622;0.6006477028131485;-0.14382865279912949;0.4884253963828087;0.602159783244133;-0.1272408850491047;0.5510918895403544;0.8722053368886312;0.13907380402088165;0.5219994386037191;0.879720131556193;0.14607835561037064
9.29;0.5264166593551636;0.29997092485427856;-0.17843377590179443;0.5749214887619019;0.3757091164588928;-0.07043689489364624;0.4965669810771942;0.3696460425853729;-0.05234866216778755;0.5876251459121704;0.482530802488327;-0.04376057907938957;0.48428332805633545;0.4768444001674652;-0.02417219989001751;0.5567446947097778;0.5874636173248291;-0.006037808023393154;0.5134881734848022;0.5853308439254761;0.00601096311584115;0.5519157648086548;0.7315614223480225;0.006805651821196079;0.5161511301994324;0.7342690825462341;0.022509662434458733;0.5331026554107666;0.27716988027095796;-0.18153610825538635;0.5767780542373657;0.6009104698896408;-0.14323439821600914;0.48846913129091263;0.6021756082773209;-0.12183033488690853;0.5511085391044617;0.8722334305445353;0.1334905301531156;0.5219997763633728;0.8796653151512146;0.14338033894697824
9.33;0.5266057252883911;0.3009836971759796;-0.17208880186080933;0.5748648643493652;0.3757207691669464;-0.06439510732889175;0.4965490698814392;0.3694116473197937;-0.04880492761731148;0.5872222781181335;0.4822995960712433;-0.04013385996222496;0.4843173027038574;0.47685766220092773;-0.023361101746559143;0.556669294834137;0.5875529646873474;-0.005991424433887005;0.5134625434875488;0.5854548215866089;0.005968480836600065;0.5519197583198547;0.7315579652786255;0.006708934437483549;0.5161516666412354;0.7342590689659119;0.02168787270784378;0.5332763493061066;0.2777157872915268;-0.17481764331459998;0.5762800425291061;0.6009144932031631;-0.14289222843945026;0.48852118849754333;0.6022007167339325;-0.12121674977242947;0.5511576334635416;0.8723891377449036;0.13045448064804077;0.5220173398653666;0.879660169283549;0.13990427056948343
9.36;0.5267754793167114;0.3017534017562866;-0.16992990672588348;0.5748116374015808;0.3757188022136688;-0.061238739639520645;0.49652233719825745;0.3692135512828827;-0.046226806938648224;0.5870016813278198;0.4818400740623474;-0.037589069455862045;0.48434650897979736;0.47686833143234253;-0.02151927910745144;0.556641161441803;0.5876293182373047;-0.005987707059830427;0.5134620666503906;0.5856645703315735;0.005966126453131437;0.5519247651100159;0.7316288352012634;0.006098843179643154;0.5161506533622742;0.7342912554740906;0.021146729588508606;0.5334457457065582;0.27815248668193815;-0.17257163003087045;0.5760679990053177;0.600674107670784;-0.14259716495871544;0.48867863416671753;0.6021925956010818;-0.12069273740053177;0.551198403040568;0.8725914359092712;0.12951712807019553;0.522025446097056;0.8797332048416138;0.13901951909065247
9.39;0.526925802230835;0.3025723695755005;-0.1663171499967575;0.5747435688972473;0.3757185637950897;-0.05765160545706749;0.49648886919021606;0.3690336346626282;-0.04331771656870842;0.5868313312530518;0.4814152419567108;-0.034661486744880676;0.4843721091747284;0.47682592272758484;-0.01978788711130619;0.5565667748451233;0.5877729058265686;-0.0059889452531933784;0.5134639739990234;0.5858997702598572;0.005968760699033737;0.551929771900177;0.7317914366722107;0.0056635551154613495;0.5161493420600891;0.7344011068344116;0.021122725680470467;0.5335923552513122;0.2786052703857422;-0.16878266856074334;0.5758209377527237;0.6000659763813019;-0.1414323728531599;0.48893432319164276;0.6021121442317963;-0.11954708769917488;0.5512377222379049;0.872729480266571;0.1302279680967331;0.5220300753911337;0.8798502683639526;0.13968558112780252
9.43;0.527047872543335;0.302970826625824;-0.16500206291675568;0.5746129751205444;0.37569156289100647;-0.05719395726919174;0.4964613914489746;0.3687632977962494;-0.04171469435095787;0.5866831541061401;0.480958491563797;-0.03468884155154228;0.4843909442424774;0.4766530394554138;-0.018573353067040443;0.5564572811126709;0.5878186821937561;-0.006135659758001566;0.5134627819061279;0.5860234498977661;0.006122997496277094;0.5519315004348755;0.731837272644043;0.005411977879703045;0.5161468386650085;0.7344949245452881;0.021201664581894875;0.533716869354248;0.2788540840148926;-0.1673969231545925;0.5756496638059616;0.5996500849723816;-0.14117377623915672;0.48923640698194504;0.6021483540534973;-0.11808546632528305;0.5512616634368896;0.8728777766227722;0.1290936271349589;0.5220364133516947;0.8799404303232828;0.1402487854162852
9.46;0.5272222757339478;0.30311185121536255;-0.16645601391792297;0.5744411945343018;0.37562188506126404;-0.05784454941749573;0.4964500963687897;0.3685307204723358;-0.04209691658616066;0.5866311192512512;0.4806273579597473;-0.03477832302451134;0.4843897223472595;0.4763913154602051;-0.018800249323248863;0.5563561916351318;0.5878328680992126;-0.006423464976251125;0.513461709022522;0.5861198902130127;0.006417388096451759;0.5519291758537292;0.7318361401557922;0.005179781932383776;0.5161446928977966;0.7345834970474243;0.021866731345653534;0.5338269412517548;0.278917396068573;-0.1688036136329174;0.5756070464849472;0.5995075553655624;-0.1411863937973976;0.4894725903868675;0.6021446585655212;-0.11861312389373779;0.5512940287590027;0.8730725447336832;0.1299689014752706;0.5220513939857483;0.880029042561849;0.14148005098104477
9.49;0.5273274183273315;0.3035274147987366;-0.16897684335708618;0.5742136240005493;0.3755272626876831;-0.05934964492917061;0.49643149971961975;0.3683561384677887;-0.04321754723787308;0.5865540504455566;0.48042985796928406;-0.03513001650571823;0.4843996465206146;0.47622770071029663;-0.01897495612502098;0.5562998056411743;0.5878108739852905;-0.006733693182468414;0.513465404510498;0.5861691236495972;0.006733960472047329;0.5519272685050964;0.7317624688148499;0.0045622787438333035;0.5161199569702148;0.7345762848854065;0.022164901718497276;0.5338776886463166;0.2791248321533203;-0.17148727178573608;0.5754818469285965;0.5995199978351593;-0.14107628166675568;0.48985179513692856;0.6021158397197723;-0.1188812106847763;0.5513285001118978;0.8732628226280212;0.12938432395458221;0.5220754941304525;0.8800534009933472;0.1416019151608149
9.53;0.527318000793457;0.303594708442688;-0.1727415770292282;0.5739360451698303;0.3753831684589386;-0.06060009077191353;0.4963558614253998;0.3681974709033966;-0.04364414140582085;0.5864792466163635;0.4803723692893982;-0.03522246703505516;0.48439526557922363;0.47611185908317566;-0.019186103716492653;0.5562569499015808;0.5877046585083008;-0.007055513095110655;0.5134531259536743;0.5862062573432922;0.007056510541588068;0.5519070029258728;0.7317067384719849;0.0040010930970311165;0.5160953998565674;0.7345743775367737;0.02268620766699314;0.5338560223579407;0.2791965752840042;-0.17552391886711122;0.5754594206809998;0.5999117195606232;-0.14138163626194;0.4900733008980751;0.6021120995283127;-0.12007845193147659;0.551378866036733;0.8734179337819418;0.12986300637324652;0.5221146941184998;0.8800969322522482;0.14276319990555444
9.56;0.527244508266449;0.3035854995250702;-0.182298481464386;0.5736699104309082;0.37526291608810425;-0.06923140585422516;0.49623146653175354;0.3680940270423889;-0.05038284510374069;0.5864514112472534;0.4803711771965027;-0.03879236802458763;0.4843667447566986;0.4760173559188843;-0.021913548931479454;0.5561891794204712;0.5876854658126831;-0.00729465764015913;0.5134344100952148;0.5862639546394348;0.007292828522622585;0.5518947243690491;0.7316614985466003;0.0037661143578588963;0.5160611867904663;0.7345680594444275;0.023481270298361778;0.5337403357028961;0.2792238086462021;-0.1855992704629898;0.5754474103450775;0.6008637100458145;-0.14140808209776878;0.490180142223835;0.6020929515361786;-0.12171503528952599;0.551422655582428;0.8734519282976786;0.13006265461444855;0.5221300522486368;0.8800990581512451;0.14520433793465296
9.6;0.5271373391151428;0.3035562336444855;-0.18891100585460663;0.5734841227531433;0.37512704730033875;-0.07504852861166;0.4960365891456604;0.36801713705062866;-0.05665801465511322;0.5864286422729492;0.48038896918296814;-0.04109399765729904;0.4843139052391052;0.47597259283065796;-0.02566366456449032;0.5561046004295349;0.5876981616020203;-0.007308539468795061;0.5133906006813049;0.5863336324691772;0.007305467035621405;0.5518800020217896;0.7316628098487854;0.003926942590624094;0.5159972310066223;0.7345626950263977;0.023849116638302803;0.5335796117782593;0.279242479801178;-0.19249215722084045;0.5754660665988922;0.6019056886434555;-0.14085174351930618;0.49025680869817734;0.6020805686712265;-0.12374741584062576;0.5514518221219381;0.8734557032585144;0.13237646718819937;0.522133449713389;0.8800902764002482;0.14689119905233383
