segundo;landmark_10_x;landmark_10_y;landmark_10_z;landmark_11_x;landmark_11_y;landmark_11_z;landmark_12_x;landmark_12_y;landmark_12_z;landmark_13_x;landmark_13_y;landmark_13_z;landmark_14_x;landmark_14_y;landmark_14_z;landmark_23_x;landmark_23_y;landmark_23_z;landmark_24_x;landmark_24_y;landmark_24_z;landmark_25_x;landmark_25_y;landmark_25_z;landmark_26_x;landmark_26_y;landmark_26_z;cara_prom_x;cara_prom_y;cara_prom_z;mano_izquierda_prom_x;mano_izquierda_prom_y;mano_izquierda_prom_z;mano_derecha_prom_x;mano_derecha_prom_y;mano_derecha_prom_z;pie_izquierdo_prom_x;pie_izquierdo_prom_y;pie_izquierdo_prom_z;pie_derecho_prom_x;pie_derecho_prom_y;pie_derecho_prom_z;;Etiqueta;Vista
0.03;0.5721554756164551;0.29338786005973816;-0.19681532680988312;0.6073964238166809;0.33889997005462646;-0.082124724984169;0.5491105318069458;0.3402964770793915;-0.0880172923207283;0.6217091679573059;0.41502895951271057;-0.041431836783885956;0.5446988344192505;0.4224391579627991;-0.05627227574586868;0.597869336605072;0.5008116364479065;0.0011136389803141356;0.5671022534370422;0.5034428238868713;-0.0011729736579582095;0.5938020348548889;0.6085494756698608;0.04769188538193703;0.5657272338867188;0.6094436645507812;0.043195027858018875;0.5768645823001861;0.27440780103206636;-0.1992248684167862;0.6205492168664932;0.49556946754455566;-0.1338354591280222;0.5535530000925064;0.5108832865953445;-0.13711907155811787;0.5872366031010946;0.7137582500775655;0.19690841436386108;0.5695555210113525;0.7130679488182068;0.1831327279408773;;acercandose;frontal
0.07;0.5725400447845459;0.2919316291809082;-0.18470731377601624;0.6072230339050293;0.3388311266899109;-0.07073532789945602;0.5491028428077698;0.3403167426586151;-0.08199319988489151;0.6210964322090149;0.415260374546051;-0.04123761132359505;0.5448606610298157;0.4224744141101837;-0.056119535118341446;0.5981132984161377;0.4981576204299927;0.0008949394687078893;0.5673031806945801;0.5007486939430237;-0.0009440985741093755;0.5936537981033325;0.6074508428573608;0.027836356312036514;0.5662098526954651;0.6073335409164429;0.03785325959324837;0.577214926481247;0.27408039569854736;-0.18503643572330475;0.6202564686536789;0.4953729584813118;-0.14402776211500168;0.5535619407892227;0.5073548182845116;-0.13761331886053085;0.5872031251589457;0.7129712700843811;0.18305017054080963;0.5700966318448385;0.7112790942192078;0.1805981695652008;;acercandose;frontal
0.1;0.5728718638420105;0.291382372379303;-0.18316279351711273;0.607184886932373;0.33883512020111084;-0.06777834892272949;0.5490773916244507;0.3403822183609009;-0.07992209494113922;0.6204625964164734;0.4159241318702698;-0.0439135804772377;0.5448610782623291;0.4226236641407013;-0.05734558030962944;0.5981041193008423;0.4975363612174988;0.0004707520711235702;0.5673012137413025;0.49981701374053955;-0.0005082759307697415;0.5933977961540222;0.6073925495147705;0.023364977911114693;0.5663485527038574;0.607282280921936;0.03800315409898758;0.5774805843830109;0.2738278239965439;-0.18318382874131203;0.6198063492774963;0.49585484713315964;-0.15791836753487587;0.5536087900400162;0.5065649896860123;-0.14303341694176197;0.5871623953183492;0.7129717270533243;0.18019086619218191;0.5708383719126383;0.7103122075398763;0.18237508833408356;;acercandose;frontal
0.13;0.5731827616691589;0.2909204661846161;-0.17885631322860718;0.6071998476982117;0.3387947678565979;-0.06457041949033737;0.5491034388542175;0.34038248658180237;-0.07642563432455063;0.6199265718460083;0.41701093316078186;-0.04372018203139305;0.5446562170982361;0.42256778478622437;-0.0571960024535656;0.5980311036109924;0.4972052574157715;0.0004731810186058283;0.567283034324646;0.49896588921546936;-0.0005118150147609413;0.5932697653770447;0.6072934865951538;0.023422036319971085;0.5664408206939697;0.6072238087654114;0.03400938957929611;0.5777063488960266;0.2732956737279892;-0.1789154104888439;0.6193825900554657;0.4963511973619461;-0.15486109256744385;0.553650289773941;0.5060391873121262;-0.14237160608172417;0.5872197151184082;0.7131541967391968;0.1714808071653048;0.5713093082110087;0.7101376454035441;0.17258014033238092;;acercandose;frontal
0.17;0.573285698890686;0.2908748388290405;-0.1824878603219986;0.6072137355804443;0.33878546953201294;-0.06771794706583023;0.5491326451301575;0.34034067392349243;-0.07826349139213562;0.619367778301239;0.417840838432312;-0.04408864676952362;0.5444401502609253;0.4223821759223938;-0.0574316531419754;0.5978868007659912;0.49672219157218933;0.00047686841571703553;0.567248523235321;0.49810782074928284;-0.0005158169660717249;0.5931566953659058;0.6072990298271179;0.019894061610102654;0.5664572715759277;0.6072582602500916;0.03153868392109871;0.5777663469314576;0.27312903106212616;-0.1831894963979721;0.6190782785415649;0.4966810569167137;-0.15274694189429283;0.5536430329084396;0.505593828856945;-0.14181231148540974;0.5872476895650228;0.7132222453753153;0.17005589852730432;0.5716908176740011;0.7100531856218973;0.1707517405351003;;acercandose;frontal
0.2;0.5736307501792908;0.29070156812667847;-0.18366937339305878;0.6073278784751892;0.33880284428596497;-0.06930390745401382;0.5492993593215942;0.3402892053127289;-0.07902603596448898;0.6191040873527527;0.4188174605369568;-0.04354855418205261;0.5442644357681274;0.42204999923706055;-0.05779718980193138;0.5977879762649536;0.49650469422340393;0.000479311915114522;0.5671713948249817;0.4978204071521759;-0.0005184735055081546;0.5930043458938599;0.6072973012924194;0.020739687606692314;0.566483199596405;0.6076400279998779;0.03138769045472145;0.5779735028743744;0.2729268133640289;-0.18464732244610788;0.618701845407486;0.4968307465314865;-0.15078135579824448;0.5533710420131683;0.5053067952394485;-0.14150603115558624;0.5872863133748373;0.7128838102022806;0.17215685298045477;0.571925679842631;0.7101651231447855;0.1708972528576851;;acercandose;frontal
0.23;0.5737832188606262;0.2905721068382263;-0.1801610141992569;0.6073805093765259;0.3388371467590332;-0.06704621762037277;0.5495336055755615;0.3402813673019409;-0.0748901292681694;0.6185688972473145;0.4197309911251068;-0.04168716073036194;0.5442166924476624;0.4219053387641907;-0.05257587134838104;0.5974240303039551;0.496432900428772;0.0004042859363835305;0.5668943524360657;0.49768686294555664;-0.00044410390546545386;0.5928378701210022;0.6072841286659241;0.016392959281802177;0.5665075778961182;0.6077648401260376;0.028930822387337685;0.5780685186386109;0.272789391875267;-0.18127603232860565;0.618431806564331;0.49732405692338943;-0.14559755846858025;0.55275759100914;0.5054124891757965;-0.13316401094198227;0.5872918367385864;0.7127635876337687;0.1634726201494535;0.5719958345095316;0.7102583646774292;0.16495885451634726;;acercandose;frontal
0.27;0.5738299489021301;0.2907505929470062;-0.176602303981781;0.6074016690254211;0.33884721994400024;-0.06481662392616272;0.5496299266815186;0.3402746319770813;-0.07195810228586197;0.6179316639900208;0.4204643666744232;-0.03938499465584755;0.5442175269126892;0.4219040870666504;-0.04848584905266762;0.5971670150756836;0.49648216366767883;0.00014115797239355743;0.5665781497955322;0.4976968765258789;-0.0001824621722334996;0.5927363038063049;0.6072670221328735;0.013858645223081112;0.5665121078491211;0.6077921390533447;0.027400854974985123;0.5781324565410614;0.2729075402021408;-0.17810580879449844;0.6178213506937027;0.4980032593011856;-0.1419198140501976;0.5518941879272461;0.5055469870567322;-0.1289053987711668;0.5871718128522238;0.7129538853963217;0.15599137544631958;0.571945071220398;0.7102728088696798;0.16121855874856314;;acercandose;frontal
0.3;0.5738232731819153;0.29099294543266296;-0.17463037371635437;0.6074551343917847;0.33884838223457336;-0.06587914377450943;0.5497297048568726;0.3403158485889435;-0.06915199756622314;0.6178528666496277;0.420712947845459;-0.040971219539642334;0.5442435145378113;0.42191123962402344;-0.04433571547269821;0.5970855355262756;0.49648693203926086;-0.0009822763968259096;0.5665146708488464;0.49770525097846985;0.0009418105473741889;0.5926985740661621;0.6070425510406494;0.00916086696088314;0.5665307641029358;0.6078099012374878;0.02602923847734928;0.5781504511833191;0.2730794489383698;-0.17629688158631324;0.6167973428964615;0.49865829199552536;-0.14283234626054764;0.5505560487508774;0.5057265013456345;-0.12474897503852844;0.5870429674784342;0.7130686044692993;0.14610432088375092;0.571825365225474;0.7102535168329874;0.1550240566333135;;acercandose;frontal
0.33;0.5738958716392517;0.2912568747997284;-0.17329925298690796;0.6075712442398071;0.3388390839099884;-0.06596601009368896;0.5498534440994263;0.34031787514686584;-0.06780452281236649;0.617596447467804;0.42085111141204834;-0.04082895815372467;0.5443956851959229;0.421913206577301;-0.04244183003902435;0.5969672203063965;0.496655136346817;-0.0018534957198426127;0.566483736038208;0.4977344572544098;0.0018176160519942641;0.5927014946937561;0.6070245504379272;0.008240331895649433;0.5665442943572998;0.6079719662666321;0.026815559715032578;0.5782298982143402;0.2731766223907471;-0.1751852735877037;0.6146175861358643;0.5007699280977249;-0.1412078496068716;0.5498580634593964;0.5057942718267441;-0.12460014782845974;0.586957573890686;0.7131395936012268;0.1472348521153132;0.5717911521593729;0.7102299531300863;0.1568541576464971;;acercandose;frontal
0.37;0.5740277767181396;0.29152974486351013;-0.17366105318069458;0.6076725125312805;0.33873623609542847;-0.06872183829545975;0.5499559044837952;0.34031572937965393;-0.06836936622858047;0.6174825429916382;0.42078009247779846;-0.043608974665403366;0.5446003675460815;0.42191416025161743;-0.04469713568687439;0.5969139933586121;0.4966717064380646;-0.002067186404019594;0.5664780735969543;0.49778300523757935;0.0020316315349191427;0.5927024483680725;0.6068591475486755;0.00969378650188446;0.56657874584198;0.6080233454704285;0.02726914919912815;0.5783230125904083;0.27339105010032655;-0.17658221796154977;0.6125930696725845;0.501104474067688;-0.14306076802313328;0.5494144260883331;0.505859412252903;-0.1265721321105957;0.586864153544108;0.7132688363393148;0.14710084100564322;0.5717495282491049;0.7102336287498474;0.15648352603117624;;acercandose;frontal
0.4;0.574073851108551;0.2915647327899933;-0.1845282018184662;0.6077383756637573;0.33857470750808716;-0.07643205672502518;0.5500348210334778;0.34030815958976746;-0.0772913470864296;0.6174702644348145;0.4207281172275543;-0.04930252954363823;0.5448586940765381;0.42191752791404724;-0.048865094780921936;0.5969118475914001;0.49667420983314514;-0.002163272351026535;0.566473126411438;0.4978126883506775;0.002126081380993128;0.5926982760429382;0.6066251993179321;0.0108847850933671;0.5665901899337769;0.6080342531204224;0.02752411551773548;0.5783664584159851;0.273441743850708;-0.18747839629650115;0.6107882559299469;0.5015526935458183;-0.147823303937912;0.5489200204610825;0.5059019848704338;-0.13116843812167645;0.5867726802825928;0.7134679555892944;0.14908966422080994;0.5716267625490824;0.710247814655304;0.1582187389334043;;acercandose;frontal
0.43;0.5741866827011108;0.2915704846382141;-0.1834527850151062;0.6077262759208679;0.33838653564453125;-0.07539328187704086;0.550057590007782;0.3403054475784302;-0.07656020671129227;0.6171149015426636;0.4206918478012085;-0.04803295060992241;0.545012891292572;0.4219249486923218;-0.04766487330198288;0.5968025922775269;0.4965837597846985;-0.002481569768860936;0.5664170384407043;0.4978027045726776;0.0024465874303132296;0.5926845669746399;0.6063259840011597;0.01017802394926548;0.5665935277938843;0.6080265045166016;0.027912920340895653;0.5784534871578216;0.2734525799751282;-0.18644211888313295;0.6097161173820496;0.5017041116952896;-0.14746014028787613;0.5486458390951157;0.5059464946389198;-0.12966011092066765;0.5866920550664266;0.7137362559636434;0.14370330919822058;0.5714872280756632;0.710344672203064;0.1570301353931427;;acercandose;frontal
0.47;0.5742030739784241;0.2916119396686554;-0.18068312108516693;0.6077202558517456;0.338288277387619;-0.07478034496307373;0.5500689744949341;0.3403010666370392;-0.0741388276219368;0.6167848706245422;0.4206574857234955;-0.04732805863022804;0.5450284481048584;0.4218697249889374;-0.04576362669467926;0.5967645645141602;0.4965455234050751;-0.0026815468445420265;0.5664058923721313;0.49782124161720276;0.0026491039898246527;0.5926623940467834;0.6062230467796326;0.010140029713511467;0.5665948390960693;0.6081087589263916;0.028136326000094414;0.5784648895263672;0.27355406284332273;-0.1834360897541046;0.609265923500061;0.5016548782587051;-0.14689750969409943;0.5484068989753723;0.5059827119112015;-0.12800579704344273;0.5865899920463562;0.7139581441879272;0.14410285900036493;0.571338931719462;0.710469921429952;0.15667289247115454;;acercandose;frontal
0.5;0.5742216110229492;0.2916471064090729;-0.17742861807346344;0.6077145934104919;0.33821752667427063;-0.07253123819828033;0.5500648617744446;0.34030112624168396;-0.07177804410457611;0.6164844632148743;0.42062824964523315;-0.04716779291629791;0.5450348258018494;0.42184555530548096;-0.04422643780708313;0.5966912508010864;0.4965398609638214;-0.0028106498066335917;0.5663210153579712;0.4978368580341339;0.0027803138364106417;0.5926267504692078;0.606217086315155;0.009761983528733253;0.5665942430496216;0.6082820892333984;0.027895169332623482;0.5784772992134094;0.2736456423997879;-0.17993310689926148;0.6091279834508896;0.5017105415463448;-0.14658234640955925;0.5482282340526581;0.505931094288826;-0.12662622146308422;0.5865540703137716;0.7140961289405823;0.1428321674466133;0.5712171395619711;0.7105774879455566;0.15423628191153207;;acercandose;frontal
0.53;0.5742371678352356;0.29165321588516235;-0.17053458094596863;0.6076975464820862;0.33818113803863525;-0.0669155940413475;0.5500648617744446;0.3402897119522095;-0.0662745013833046;0.6162405014038086;0.42060476541519165;-0.044728949666023254;0.5450106859207153;0.4218035638332367;-0.040750160813331604;0.5965903401374817;0.49655139446258545;-0.0029629927594214678;0.5662186145782471;0.4978451430797577;0.0029353012796491385;0.5925914645195007;0.606389582157135;0.007526090834289789;0.566591739654541;0.6084722280502319;0.027612071484327316;0.5784926354885102;0.27365459203720094;-0.17264814227819442;0.6090880185365677;0.5017143189907074;-0.14583037793636322;0.5481575429439545;0.5058827847242355;-0.12407534196972847;0.5865287979443868;0.71415642897288;0.14104929318030676;0.5711264212926229;0.7106073101361593;0.15364218006531397;;acercandose;frontal
0.57;0.574252188205719;0.29165366291999817;-0.1707787960767746;0.6076959371566772;0.33817407488822937;-0.06653682142496109;0.5500636100769043;0.3402429521083832;-0.06631648540496826;0.6160597801208496;0.4206337034702301;-0.04385393112897873;0.5449482798576355;0.42173007130622864;-0.04111894965171814;0.5965235829353333;0.49669310450553894;-0.003048947313800454;0.566116213798523;0.4978858530521393;0.003022237215191126;0.5925685167312622;0.6066335439682007;0.00795541238039732;0.5665678977966309;0.6085595488548279;0.027845729142427444;0.5785133183002472;0.27364175021648407;-0.17279816418886185;0.6089314371347427;0.5019631609320641;-0.1445993110537529;0.5481499582529068;0.5058849006891251;-0.12459901720285416;0.5865080753962199;0.7142148812611898;0.1440190722544988;0.5708558956782023;0.710623582204183;0.15468878050645193;;acercandose;frontal
0.6;0.5742568373680115;0.2915904223918915;-0.16941410303115845;0.6076778173446655;0.33817192912101746;-0.065776526927948;0.5500622987747192;0.3401718735694885;-0.06540197879076004;0.6158642172813416;0.4206635355949402;-0.04155736416578293;0.5448262095451355;0.42165544629096985;-0.04039314016699791;0.596440851688385;0.49687474966049194;-0.0031033307313919067;0.5659562945365906;0.4979354739189148;0.0030762639362365007;0.5925436019897461;0.6068686842918396;0.008323063142597675;0.5665456652641296;0.6087151765823364;0.027939384803175926;0.578525710105896;0.2735870540142059;-0.1713019371032715;0.6089546233415604;0.5022914260625839;-0.13942041248083115;0.5481153875589371;0.5058681517839432;-0.12350532785058022;0.5865042606989542;0.714245080947876;0.1451734999815623;0.5706425507863363;0.7106758952140808;0.15561977525552115;;acercandose;frontal
0.63;0.5743023753166199;0.2915195822715759;-0.16800788044929504;0.6076626181602478;0.3381739854812622;-0.06373327970504761;0.5500628352165222;0.34007251262664795;-0.06482227891683578;0.6157764196395874;0.4207017719745636;-0.039353713393211365;0.5447273254394531;0.42159998416900635;-0.040564507246017456;0.5963297486305237;0.4970976412296295;-0.0030891261994838715;0.565794825553894;0.4980602562427521;0.0030617443844676018;0.5925288796424866;0.6069804430007935;0.008110510185360909;0.566536545753479;0.6087616086006165;0.027518996968865395;0.5786058843135834;0.2734932780265808;-0.16959851905703544;0.6091608852148056;0.5024799183011055;-0.13795236125588417;0.5481056720018387;0.5058692693710327;-0.12373680621385574;0.5864889025688171;0.7142442663510641;0.14582173774639764;0.5705031752586365;0.7107551495234171;0.15567380438248316;;acercandose;frontal
0.67;0.5743092894554138;0.2913370728492737;-0.16794416308403015;0.6076386570930481;0.3381854295730591;-0.06294262409210205;0.550057590007782;0.3400406241416931;-0.06498368084430695;0.6157904863357544;0.4209543466567993;-0.03647172823548317;0.5446663498878479;0.42154887318611145;-0.04076963663101196;0.5962214469909668;0.49734294414520264;-0.0028499355539679527;0.565610408782959;0.4981629550457001;0.002820194000378251;0.5924957990646362;0.6071726083755493;0.007981784641742706;0.5664448738098145;0.6088393926620483;0.026160800829529762;0.57864710688591;0.27330611646175385;-0.1693643808364868;0.610056921839714;0.5029773786664009;-0.13290033116936684;0.5481264591217041;0.505874752998352;-0.12355200946331024;0.586487611134847;0.7142440676689148;0.14673182864983877;0.5703936815261841;0.7108285228411356;0.15555857867002487;;acercandose;frontal
0.7;0.57436203956604;0.29113951325416565;-0.1673983484506607;0.6076195240020752;0.3382164537906647;-0.06174261495471001;0.5500813722610474;0.33996161818504333;-0.06467031687498093;0.615805983543396;0.4212448000907898;-0.03458085283637047;0.5446067452430725;0.42150557041168213;-0.041023146361112595;0.5961859822273254;0.49748876690864563;-0.002659667981788516;0.5655450820922852;0.4982222616672516;0.002629026770591736;0.5924760699272156;0.6071888208389282;0.007467158604413271;0.5663534998893738;0.6088460087776184;0.025083104148507118;0.5787639081478119;0.27313794791698454;-0.1686379075050354;0.6107156723737717;0.5036290511488914;-0.13055826351046562;0.5481407195329666;0.5059512257575989;-0.12384802289307117;0.5864745378494263;0.7142550547917684;0.1470421552658081;0.5702932476997375;0.7109244267145792;0.1547754928469658;;acercandose;frontal
0.73;0.5744485855102539;0.2910674214363098;-0.1683422327041626;0.607618510723114;0.3382602632045746;-0.062056850641965866;0.5501240491867065;0.3398410677909851;-0.06524492800235748;0.6158175468444824;0.4214075207710266;-0.03481288626790047;0.5445742011070251;0.4213835299015045;-0.04125334694981575;0.5961348414421082;0.4975022077560425;-0.0022107157856225967;0.5654870271682739;0.4982333481311798;0.0021759618539363146;0.592433512210846;0.607199490070343;0.007032744120806456;0.5663335919380188;0.6088410019874573;0.02313683182001114;0.5789033830165863;0.2730665564537048;-0.16966961324214935;0.6118597537279129;0.5037027448415756;-0.1313743144273758;0.5481566041707993;0.5060967803001404;-0.12388576194643974;0.5864659945170084;0.7142742474873861;0.14588710417350134;0.5701860388120016;0.7110387881596884;0.1515380914012591;;acercandose;frontal
0.77;0.5746209025382996;0.29091665148735046;-0.17053379118442535;0.607643187046051;0.33830726146698;-0.062358204275369644;0.5502626895904541;0.33963778614997864;-0.06824788451194763;0.6158782839775085;0.42151975631713867;-0.0354091115295887;0.5445593595504761;0.421303927898407;-0.04391361027956009;0.5960970520973206;0.49734556674957275;-0.00142794125713408;0.5654668807983398;0.49804604053497314;0.00138568552210927;0.5923465490341187;0.6070272922515869;0.007249214220792055;0.5663267970085144;0.608366072177887;0.020791074261069298;0.5790969014167786;0.2729479491710663;-0.17159155234694481;0.6131787300109863;0.5036431476473808;-0.13174474611878395;0.548160970211029;0.5062553063035011;-0.1241494882851839;0.5864359140396118;0.7143173813819885;0.14232910672823587;0.5700729489326477;0.711209217707316;0.14582127581040064;;acercandose;frontal
0.8;0.5748810172080994;0.29067695140838623;-0.16959655284881592;0.6077274084091187;0.33834391832351685;-0.061628084629774094;0.5504475235939026;0.3394618630409241;-0.06770507246255875;0.6161449551582336;0.4215203523635864;-0.035489123314619064;0.5445528626441956;0.4211006164550781;-0.04377943277359009;0.5960912704467773;0.49711763858795166;-0.0009906645864248276;0.565467894077301;0.497626930475235;0.0009456587140448391;0.5922026634216309;0.6068428158760071;0.006342010572552681;0.5663257837295532;0.6075642704963684;0.018575135618448257;0.5794320642948151;0.2727580428123474;-0.17050503045320511;0.6142401844263077;0.5029474794864655;-0.13596023805439472;0.5481695830821991;0.5064311027526855;-0.12281934171915054;0.5863983233769735;0.7143628597259521;0.1365623970826467;0.5699617862701416;0.7113548318545023;0.13936965664227804;;acercandose;frontal
0.83;0.5753512978553772;0.29059574007987976;-0.17572839558124542;0.60801100730896;0.33834320306777954;-0.06464521586894989;0.550790548324585;0.33907192945480347;-0.07266341149806976;0.6163787245750427;0.42161640524864197;-0.03751459717750549;0.5445653796195984;0.42091694474220276;-0.048052363097667694;0.5960467457771301;0.49649763107299805;-0.0006123787607066333;0.5654668807983398;0.49654537439346313;0.0005608700448647141;0.5920728445053101;0.6067019104957581;0.006173965986818075;0.5663043856620789;0.6066715717315674;0.01629316434264183;0.5799050033092499;0.2725977599620819;-0.17688377872109412;0.6150188148021698;0.5027797445654869;-0.13624385185539722;0.5482003688812256;0.5068444535136223;-0.12523945979773998;0.5863540569941202;0.714443584283193;0.13428075114885965;0.5698036352793375;0.7114225427309672;0.13790557036797205;;acercandose;frontal
0.87;0.575873851776123;0.29027238488197327;-0.18285346031188965;0.6084643602371216;0.33834296464920044;-0.0698498860001564;0.5512669682502747;0.33871108293533325;-0.07963883131742477;0.6167362928390503;0.4219347834587097;-0.037581026554107666;0.5446060299873352;0.42067602276802063;-0.05357849970459938;0.5960434079170227;0.49530118703842163;0.00029426280525512993;0.5655010938644409;0.4949738085269928;-0.00035613117506727576;0.592030942440033;0.6062051057815552;0.006116639822721481;0.5662973523139954;0.6056554913520813;0.012174688279628754;0.5803797781467438;0.2723506510257721;-0.1843332290649414;0.6159042567014694;0.5027728378772736;-0.12874499522149563;0.5482143610715866;0.5071569383144379;-0.12857630290091038;0.5863139033317566;0.7145067453384399;0.13098905483881632;0.5696238279342651;0.7115291158358256;0.13131772230068842;;acercandose;frontal
0.9;0.5764431953430176;0.29027000069618225;-0.18585962057113647;0.6090531349182129;0.3383156359195709;-0.07262659817934036;0.5518270134925842;0.33853065967559814;-0.08121538162231445;0.6170584559440613;0.4220876395702362;-0.0401875376701355;0.5447911024093628;0.4205751121044159;-0.054981429129838943;0.5960609912872314;0.4946194887161255;0.0005708041717298329;0.5656289458274841;0.4941679835319519;-0.0006345599540509284;0.5920084714889526;0.6054762601852417;0.007758034393191338;0.566291093826294;0.6049337983131409;0.014384064823389053;0.5808914363384247;0.27235553562641146;-0.18761253207921982;0.616423487663269;0.502579353749752;-0.12941479310393333;0.5482271760702133;0.5072274804115295;-0.13108246587216854;0.5862799088160197;0.7144519289334615;0.1340652753909429;0.5694732069969177;0.7115433017412821;0.13588161766529083;;acercandose;frontal
0.93;0.5770779252052307;0.29049333930015564;-0.19554275274276733;0.6098814010620117;0.33831483125686646;-0.07739954441785812;0.5524216294288635;0.33848631381988525;-0.08849335461854935;0.6175439953804016;0.422437846660614;-0.042557280510663986;0.5451796650886536;0.42050933837890625;-0.061561908572912216;0.5963059663772583;0.4943002164363861;0.001743636792525649;0.5660942196846008;0.49403735995292664;-0.001807267195545137;0.5920061469078064;0.6051255464553833;0.007735461927950382;0.5662897825241089;0.6050246357917786;0.011004607193171978;0.5815106689929962;0.27254022359848024;-0.19760023802518845;0.6169451475143433;0.5025823190808296;-0.13035898469388485;0.5482507795095444;0.507215641438961;-0.13819323480129242;0.5862724184989929;0.7143308321634928;0.13497223208347955;0.5693962574005127;0.7115535537401835;0.132553959886233;;acercandose;frontal
0.97;0.5777062177658081;0.29136669635772705;-0.20541870594024658;0.6108332872390747;0.33831655979156494;-0.08770426362752914;0.5532337427139282;0.3384195864200592;-0.0955318883061409;0.6184455156326294;0.42279329895973206;-0.04850911349058151;0.5456534624099731;0.4204815626144409;-0.06517455726861954;0.5968311429023743;0.49414393305778503;0.0017321751220151782;0.5665440559387207;0.49399974942207336;-0.0017940064426511526;0.5920950770378113;0.6048195362091064;0.008465491235256195;0.5663703083992004;0.6050796508789062;0.012834478169679642;0.58211590051651;0.273437026143074;-0.2086318239569664;0.6175278276205063;0.5034771040081978;-0.13108250498771667;0.548091396689415;0.5071983337402344;-0.14109677262604237;0.5863403081893921;0.7141056855519613;0.1342269405722618;0.5693793694178263;0.7115791042645773;0.13220467418432236;;acercandose;frontal
1.0;0.5782483220100403;0.29277750849723816;-0.23423002660274506;0.6115443110466003;0.3384020924568176;-0.11390400677919388;0.5538890957832336;0.3383672833442688;-0.11815663427114487;0.6193566918373108;0.4233006238937378;-0.0735691711306572;0.5461472868919373;0.42047709226608276;-0.08516623079776764;0.5972790122032166;0.4938073754310608;0.0016349637880921364;0.566787838935852;0.49322348833084106;-0.0016946438699960709;0.5924544930458069;0.6037511825561523;0.012845125049352646;0.5665332674980164;0.6033456921577454;0.016352439299225807;0.5825845658779144;0.2747839480638504;-0.23860165625810623;0.6180187910795212;0.5052345842123032;-0.15243321657180786;0.5480780005455017;0.5073011666536331;-0.16105415299534798;0.5863846937815348;0.7138969699541727;0.13484681149323782;0.5692577163378397;0.7114311854044596;0.13432826598485312;;acercandose;frontal
1.03;0.57868891954422;0.2941628098487854;-0.24079957604408264;0.6123098731040955;0.3384041488170624;-0.11836385726928711;0.554593026638031;0.33824071288108826;-0.12370401620864868;0.6199803352355957;0.42367982864379883;-0.076473668217659;0.5469855666160583;0.4204832911491394;-0.0906197652220726;0.5974206924438477;0.4933825433254242;0.0016065535601228476;0.5668298006057739;0.49204882979393005;-0.0016679656691849232;0.5927102565765381;0.6036578416824341;0.012540910392999649;0.5665667057037354;0.6026004552841187;0.015095558948814869;0.5830982863903046;0.2760615795850754;-0.2457211509346962;0.618440642952919;0.5063107088208199;-0.15503764897584915;0.5481451153755188;0.5075107887387276;-0.1670161969959736;0.5863980253537496;0.7137671709060669;0.13543187578519186;0.5691705147425333;0.7110739350318909;0.13495789716641107;;acercandose;frontal
1.07;0.5793799161911011;0.29516342282295227;-0.25793737173080444;0.6127731800079346;0.3384052813053131;-0.13125395774841309;0.5550236105918884;0.3381020724773407;-0.13730670511722565;0.6203591823577881;0.4237719774246216;-0.09019740670919418;0.5477942824363708;0.42049387097358704;-0.10359438508749008;0.5976948738098145;0.4925621747970581;0.0015514249680563807;0.5669927597045898;0.49098077416419983;-0.001612461288459599;0.592734694480896;0.6035627126693726;0.008918581530451775;0.5666034817695618;0.6024606823921204;0.012696131132543087;0.5838412404060364;0.2770540416240692;-0.2633010417222977;0.6186152994632721;0.5066273510456085;-0.17143333703279495;0.5483310222625732;0.5074942409992218;-0.18323701992630959;0.5865233739217123;0.7135828336079916;0.13740338136752447;0.5693824887275696;0.7099241216977438;0.14155547072490057;;acercandose;frontal
1.1;0.5798164010047913;0.2955656349658966;-0.23172733187675476;0.6130521297454834;0.3384026288986206;-0.11185706406831741;0.5555330514907837;0.33788350224494934;-0.11751151829957962;0.6205403208732605;0.42383840680122375;-0.0743502825498581;0.5490351319313049;0.42047327756881714;-0.08681848645210266;0.5979875326156616;0.4925954043865204;0.000519145920407027;0.5671830773353577;0.4907010495662689;-0.0005782829248346388;0.5927595496177673;0.6035955548286438;-0.00027329218573868275;0.5665974617004395;0.6024392247200012;0.003573462599888444;0.5843138098716736;0.27756360173225403;-0.23593565225601196;0.6186247915029526;0.5069979652762413;-0.16024525091052055;0.5485586524009705;0.507485069334507;-0.16591719537973404;0.586555560429891;0.7145379583040873;0.1302997147043546;0.5698325236638387;0.7091158429781595;0.14272141953309378;;acercandose;frontal
1.13;0.5803110599517822;0.2958740293979645;-0.22954942286014557;0.6132695078849792;0.33840224146842957;-0.10942909866571426;0.5560647249221802;0.3377011716365814;-0.11409533023834229;0.6206870675086975;0.42394331097602844;-0.07077042013406754;0.5496757626533508;0.42039453983306885;-0.08244536072015762;0.5981482863426208;0.492635041475296;0.0004953325842507184;0.5673958659172058;0.4907366931438446;-0.000554892176296562;0.5928642153739929;0.6046286821365356;-0.004385204985737801;0.5665978789329529;0.6033909320831299;0.0006495467969216406;0.5847220778465271;0.27793433964252473;-0.23436212986707688;0.6188024878501892;0.5079549551010132;-0.15544826537370682;0.5487934201955795;0.5074880570173264;-0.16214028000831604;0.5865541299184164;0.715666135152181;0.1286787142356237;0.5703723033269247;0.7103502949078878;0.13885548959175745;;acercandose;frontal
1.17;0.5808039903640747;0.2960362434387207;-0.23174692690372467;0.6136013865470886;0.33839765191078186;-0.1104288101196289;0.5565037727355957;0.3375667333602905;-0.1160505935549736;0.620994508266449;0.4240711033344269;-0.07080742716789246;0.5500745177268982;0.4203396141529083;-0.08318258076906204;0.5983424186706543;0.492666631937027;0.000684040947817266;0.5675709247589111;0.49075251817703247;-0.0007447793032042682;0.5928957462310791;0.6052898168563843;-0.00350508326664567;0.566595733165741;0.6042402386665344;0.0001758480939315632;0.5851071953773499;0.27816546261310576;-0.236819489300251;0.6190084367990494;0.508972592651844;-0.15442422777414322;0.5488824546337128;0.507588118314743;-0.16252485662698746;0.5864690542221069;0.7156783938407898;0.1302169809738795;0.5705175995826721;0.711925725142161;0.13692058622837067;;acercandose;frontal
1.2;0.5813502669334412;0.29595282673835754;-0.23373620212078094;0.6138455867767334;0.3384133279323578;-0.1125268042087555;0.5567024946212769;0.33744877576828003;-0.11907056719064713;0.6214998960494995;0.4242747724056244;-0.0739537924528122;0.5501339435577393;0.42032042145729065;-0.0874115452170372;0.5986218452453613;0.49295133352279663;0.0007298523560166359;0.5677846670150757;0.49087923765182495;-0.0007909084670245647;0.5929602980613708;0.6058327555656433;-0.0017160528805106878;0.5665910243988037;0.6060925126075745;0.0021612902637571096;0.585577917098999;0.27809630930423734;-0.2386056050658226;0.619321659207344;0.5101938843727112;-0.15772828087210655;0.5489372611045837;0.5077342614531517;-0.16655826568603516;0.5863893230756124;0.715578536192576;0.1392166018486023;0.5706668098767599;0.7142937382062277;0.13786165912946066;;acercandose;frontal
1.23;0.5818628072738647;0.2959005534648895;-0.23754914104938507;0.6140918135643005;0.3385189175605774;-0.11323630064725876;0.5568119883537292;0.3373110890388489;-0.1253775805234909;0.6219517588615417;0.42472654581069946;-0.0756048858165741;0.5502142906188965;0.4202731251716614;-0.09575287997722626;0.5989322066307068;0.49483901262283325;0.001836257753893733;0.5679579973220825;0.4923822283744812;-0.0018887451151385903;0.5931801795959473;0.606971800327301;0.002580264350399375;0.5665733814239502;0.6068600416183472;0.0037362969014793634;0.5860258936882019;0.27804521322250364;-0.24214249104261398;0.6197234094142914;0.5120318382978439;-0.1607488952577114;0.5489609837532043;0.5078664347529411;-0.17395123839378357;0.5863626996676127;0.7151250839233398;0.15293485671281815;0.5708156824111938;0.7160765131314596;0.1403137892484665;;acercandose;frontal
1.27;0.5821448564529419;0.29592180252075195;-0.21702556312084198;0.6143072843551636;0.33876660466194153;-0.09617286175489426;0.5569158792495728;0.33721715211868286;-0.1113055869936943;0.6223973035812378;0.4250923991203308;-0.05744204297661781;0.5504047274589539;0.42026886343955994;-0.08292590081691742;0.599068820476532;0.49626442790031433;0.00281435064971447;0.5680391788482666;0.4936287999153137;-0.0028605926781892776;0.5933666825294495;0.607844889163971;0.0026346391532570124;0.5665424466133118;0.6078014969825745;0.0010806760983541608;0.5862351655960083;0.2782049894332886;-0.22119263112545012;0.6198868155479431;0.5131297260522842;-0.14043092727661133;0.5490219295024872;0.5079685375094414;-0.15846849605441093;0.5862522125244141;0.714612623055776;0.14939268678426743;0.5711602171262106;0.7182926535606384;0.13188608239094415;;acercandose;frontal
1.3;0.5825014114379883;0.29593783617019653;-0.2112150937318802;0.6144225597381592;0.3390040099620819;-0.08682376891374588;0.5568864345550537;0.3372146189212799;-0.10738302022218704;0.6225152611732483;0.4253411889076233;-0.04936925694346428;0.5505398511886597;0.4203372895717621;-0.08186277002096176;0.5991808176040649;0.4973178505897522;0.004809684120118618;0.5681455135345459;0.4946950674057007;-0.004852780606597662;0.5933976769447327;0.608483612537384;0.0028258247766643763;0.5665415525436401;0.6089622974395752;-0.005533486604690552;0.5865015685558319;0.27831012904644015;-0.21488220989704132;0.6200235933065414;0.5134332403540611;-0.13830476813018322;0.5490527004003525;0.5084407031536102;-0.1581316590309143;0.5862474242846171;0.7128990888595581;0.15825274089972177;0.5715528130531311;0.7206098039944967;0.12305404494206111;;acercandose;frontal
1.33;0.5824378132820129;0.295932799577713;-0.20332396030426025;0.6144370436668396;0.3391861915588379;-0.07929202169179916;0.5568323135375977;0.3372385799884796;-0.1004948541522026;0.6226370930671692;0.42557090520858765;-0.04239221289753914;0.5505690574645996;0.4205318093299866;-0.07606367766857147;0.5993439555168152;0.4981236159801483;0.005796743091195822;0.5682661533355713;0.49568623304367065;-0.005832917056977749;0.5934017300605774;0.6088237762451172;0.0020091556943953037;0.5665438175201416;0.6106309294700623;-0.007189312484115362;0.5864774525165558;0.278369727730751;-0.206753508746624;0.6201589405536652;0.5137250795960426;-0.13356764614582062;0.5490577071905136;0.5084590688347816;-0.15509671345353127;0.5862458546956381;0.711995800336202;0.15859623501698175;0.5717227856318156;0.7244979540506998;0.11089212944110234;;acercandose;frontal
1.37;0.5823460221290588;0.2961810231208801;-0.19913239777088165;0.6144084334373474;0.33941885828971863;-0.07468267530202866;0.556796133518219;0.3373030424118042;-0.09507299959659576;0.6226605772972107;0.42593371868133545;-0.03534409776329994;0.5505710244178772;0.42093753814697266;-0.07033786177635193;0.5994006991386414;0.49857425689697266;0.006170516833662987;0.5682849287986755;0.4962870478630066;-0.006202617194503546;0.5933989882469177;0.6095893383026123;-0.0036033487413078547;0.5665472745895386;0.612023651599884;-0.006145255174487829;0.5863912045955658;0.2786531299352646;-0.2027481257915497;0.6203376650810242;0.5140779167413712;-0.12680233269929886;0.5489724278450012;0.5085532739758492;-0.15210050716996193;0.5861591100692749;0.7106926838556925;0.16460004448890686;0.5719390511512756;0.7268824378649393;0.10891693457961082;;acercandose;frontal
1.4;0.5819607973098755;0.2961636483669281;-0.19784826040267944;0.6143786311149597;0.33968499302864075;-0.07608851790428162;0.556780219078064;0.3374066948890686;-0.09217500686645508;0.6226792335510254;0.42622941732406616;-0.0393664687871933;0.5505425333976746;0.42133456468582153;-0.06725220382213593;0.5994301438331604;0.49880921840667725;0.005954171530902386;0.5682819485664368;0.4965652525424957;-0.005985867232084274;0.5933796763420105;0.6098009347915649;-0.0028256261721253395;0.5665949583053589;0.612114667892456;-0.00578674441203475;0.5860876500606537;0.2786503702402115;-0.20141367316246034;0.6205208450555801;0.5143876299262047;-0.1311551332473755;0.5486973375082016;0.5087630823254585;-0.15016357973217964;0.5860498547554016;0.7101975480715433;0.16904665529727936;0.5720146695772806;0.7283269564310709;0.10527668396631877;;acercandose;frontal
1.43;0.5803254842758179;0.29615142941474915;-0.21442101895809174;0.6143282651901245;0.33988824486732483;-0.09453150629997253;0.5565522909164429;0.3376997411251068;-0.10038275271654129;0.6226488351821899;0.4265340566635132;-0.06090753525495529;0.550213634967804;0.42200079560279846;-0.07318968325853348;0.5994430184364319;0.49888986349105835;0.004083756357431412;0.5682491660118103;0.49668022990226746;-0.004101428668946028;0.5933767557144165;0.6097985506057739;0.002266899449750781;0.5666074752807617;0.6119518876075745;-0.004510578233748674;0.5848999559879303;0.27863447070121766;-0.21889336854219438;0.6206454932689667;0.5145900696516037;-0.1493442840874195;0.5486118495464325;0.509216882288456;-0.15730392932891846;0.5859078566233317;0.7102610071500143;0.16471094141403833;0.5720457235972086;0.7287228107452393;0.10776001711686452;;acercandose;frontal
1.47;0.578723132610321;0.29658231139183044;-0.2278611660003662;0.614200234413147;0.33998677134513855;-0.10558435320854187;0.5560334920883179;0.33816492557525635;-0.11070995777845383;0.622629702091217;0.4267091751098633;-0.06966863572597504;0.5495185852050781;0.42293018102645874;-0.08170665800571442;0.5994460582733154;0.4988543391227722;0.0022850169334560633;0.5682373642921448;0.49669593572616577;-0.0022944030351936817;0.5933133363723755;0.6094068288803101;0.004898562096059322;0.566678524017334;0.6115725040435791;-0.004469916690140963;0.5837162256240844;0.2789600372314453;-0.23298375755548478;0.620678260922432;0.5146002620458603;-0.15542728453874588;0.5483295619487762;0.5100815668702126;-0.1654304303228855;0.585804800192515;0.7102146744728088;0.16178609679142633;0.5720306436220804;0.7293622891108195;0.1029891495903333;;acercandose;frontal
1.5;0.5776454210281372;0.2974510192871094;-0.22723467648029327;0.613910973072052;0.3399219810962677;-0.10371404886245728;0.555037796497345;0.33867761492729187;-0.10989462584257126;0.6225320100784302;0.4267161786556244;-0.06720277667045593;0.5487879514694214;0.4238147735595703;-0.0808965191245079;0.5994495749473572;0.4987280070781708;0.000892296782694757;0.5682311654090881;0.49666738510131836;-0.00089297752128914;0.5932080149650574;0.60859215259552;0.0031057957094162703;0.5667935609817505;0.6111047863960266;-0.0046542673371732235;0.5828520476818084;0.2793670564889908;-0.23236337155103684;0.6207151710987091;0.5145136043429375;-0.15427426993846893;0.5480034500360489;0.5114197283983231;-0.16445912420749664;0.585697591304779;0.7100859880447388;0.1502458155155182;0.5720121065775553;0.7303047378857931;0.0937402956187725;;acercandose;frontal
1.53;0.5775337815284729;0.29743388295173645;-0.22678746283054352;0.6135143637657166;0.3397345244884491;-0.10263530910015106;0.5542343854904175;0.3386993408203125;-0.10971727967262268;0.6221771240234375;0.42670923471450806;-0.06523042917251587;0.5479910373687744;0.4239172339439392;-0.08055033534765244;0.5994300246238708;0.49807482957839966;0.0004464804078452289;0.5681480765342712;0.49641335010528564;-0.00044652773067355156;0.5931151509284973;0.6077426075935364;0.0007885603117756546;0.5667938590049744;0.610922634601593;-0.004123240243643522;0.5824638366699219;0.27914083898067477;-0.23177327662706376;0.6207673847675323;0.5144466832280159;-0.15247521176934242;0.5474696010351181;0.5126139894127846;-0.1640017293393612;0.5856335957845052;0.7101206580797831;0.14436534543832144;0.5722055435180664;0.7306560079256693;0.09578673541545868;;acercandose;frontal
1.57;0.5774521231651306;0.297175794839859;-0.22545011341571808;0.6128807663917542;0.33917558193206787;-0.1014329269528389;0.553159236907959;0.33875709772109985;-0.10784175992012024;0.6218798756599426;0.42660394310951233;-0.06267847120761871;0.5468956828117371;0.4238758981227875;-0.07700610905885696;0.5993788838386536;0.4973069131374359;-9,55E+10;0.5679611563682556;0.49624454975128174;9,70E+10;0.5930190086364746;0.6070393323898315;-0.0035306522622704506;0.5667750239372253;0.6108536124229431;-0.003899236675351858;0.5819482445716858;0.27873929738998415;-0.22984275370836257;0.6208512485027313;0.5143710672855377;-0.14667894691228867;0.546339601278305;0.5126933380961418;-0.159711591899395;0.5856314102808634;0.7100895047187805;0.1361968219280243;0.5723538001378378;0.7308788498242696;0.09269577637314796;;acercandose;frontal
1.6;0.576977014541626;0.2958984076976776;-0.22339805960655212;0.6119194030761719;0.33806249499320984;-0.10134721547365189;0.5522647500038147;0.33875471353530884;-0.10437648743391037;0.6214007139205933;0.42607539892196655;-0.061687737703323364;0.5456815958023071;0.42380446195602417;-0.07307158410549164;0.5992114543914795;0.4962245225906372;-0.00046112440759316087;0.5677045583724976;0.496033251285553;0.0004639746039174497;0.5929597616195679;0.6061503291130066;-0.012683731503784657;0.566686749458313;0.6106741428375244;-0.006183350924402475;0.5812034428119659;0.2772201091051102;-0.22813413441181182;0.6208531856536865;0.5136672332882881;-0.14660773426294327;0.544889360666275;0.5126651078462601;-0.15579711645841599;0.5855793952941895;0.7095223863919576;0.12961563964684805;0.5725292166074117;0.7311938206354777;0.0864687083909909;;acercandose;frontal
1.63;0.5748904347419739;0.2952388823032379;-0.2289656549692154;0.6108590364456177;0.33702051639556885;-0.10863438993692398;0.5509663820266724;0.3386935293674469;-0.1081617921590805;0.6209377646446228;0.4254187345504761;-0.06879352033138275;0.5445685386657715;0.42352378368377686;-0.07422526925802231;0.5986237525939941;0.49552828073501587;-0.0007212169584818184;0.5669957399368286;0.495179146528244;0.0007139516528695822;0.5926018357276917;0.6063845753669739;-0.018178192898631096;0.5664219260215759;0.6111946702003479;-0.00022219175298232585;0.5790099322795867;0.2765918880701065;-0.23467917442321778;0.6208276301622391;0.5132168009877205;-0.15421706810593605;0.5431753545999527;0.5126849040389061;-0.15633200854063034;0.5854492584864298;0.7096129258473715;0.13446951657533646;0.5724818110466003;0.7311785221099854;0.10180208956201871;;acercandose;frontal
1.67;0.5723983645439148;0.29487165808677673;-0.24440741539001465;0.6098649501800537;0.33628231287002563;-0.12322825193405151;0.5492984056472778;0.33867815136909485;-0.12069246917963028;0.6203457117080688;0.42468997836112976;-0.08695784211158752;0.5437416434288025;0.4234106242656708;-0.08681891858577728;0.5979980230331421;0.494310587644577;-0.0008608837379142642;0.5661612749099731;0.4937865138053894;0.0008517750538885593;0.5925553441047668;0.6061764359474182;-0.013314013369381428;0.5662100315093994;0.6111299991607666;-0.0003537108423188329;0.5765016257762909;0.2761457234621048;-0.2506739735603333;0.6208254843950272;0.5127191618084908;-0.17192426323890686;0.5421355664730072;0.51274723559618;-0.168852049857378;0.5853815674781799;0.7097986539204916;0.1333037738998731;0.5723480383555094;0.731089194615682;0.10384676108757655;;acercandose;frontal
1.7;0.5702654719352722;0.2939971089363098;-0.24341189861297607;0.608665943145752;0.3355702757835388;-0.1244802474975586;0.5478314161300659;0.33853405714035034;-0.11853208392858505;0.6195526123046875;0.42376258969306946;-0.09014300256967545;0.5432011485099792;0.4229307174682617;-0.08467812836170197;0.597311794757843;0.49267151951789856;-0.0011885688873007894;0.5652128458023071;0.491998553276062;0.001177109545096755;0.5926312804222107;0.6060492396354675;-0.011919107288122177;0.5659815669059753;0.6104328632354736;0.003771577263250947;0.5744635462760925;0.2751171112060547;-0.24944012761116027;0.6208291351795197;0.5117906630039215;-0.17909671366214752;0.5412392020225525;0.5117030143737793;-0.16850123181939125;0.5853256980578104;0.7096171975135803;0.13739031056563059;0.5718734860420227;0.7299437324206034;0.12170456598202388;;acercandose;frontal
1.73;0.5690422058105469;0.2936054766178131;-0.24908103048801422;0.6072485446929932;0.3352547883987427;-0.12434574961662292;0.545958399772644;0.33857113122940063;-0.12380591034889221;0.6183465719223022;0.4231702387332916;-0.08826367557048798;0.5423487424850464;0.42292535305023193;-0.09055254608392715;0.5969768762588501;0.4920729696750641;-0.0004837112792301923;0.5646801590919495;0.4917338192462921;0.00047338937292806804;0.5931466817855835;0.6060284376144409;-0.004132052417844534;0.5658200979232788;0.6091563105583191;0.002970996545627713;0.5732285618782044;0.27462635934352875;-0.2542728394269943;0.6207912415266037;0.5117288157343864;-0.17755311354994774;0.5407748222351074;0.5112533122301102;-0.1762848198413849;0.5853542486826578;0.7094269792238871;0.15350588659445444;0.571416179339091;0.7285619378089905;0.1217065155506134;;acercandose;frontal
1.77;0.5679226517677307;0.2934957444667816;-0.24556556344032288;0.6063767075538635;0.3348422050476074;-0.1206049770116806;0.544938862323761;0.3385854661464691;-0.12188919633626938;0.6177526712417603;0.4225466847419739;-0.08358819782733917;0.5414084792137146;0.42291608452796936;-0.0894782692193985;0.596850574016571;0.4914098381996155;0.0004297276318538934;0.5644516944885254;0.49165546894073486;-0.00043018755968660116;0.594043493270874;0.6053564548492432;-0.006158399861305952;0.5655839443206787;0.609205961227417;0.0004147200961597264;0.5720596551895142;0.2745668590068817;-0.25108942985534666;0.6207443624734879;0.5112425833940506;-0.1737830825150013;0.5401322096586227;0.5111870840191841;-0.1756792925298214;0.5854837497075399;0.7076898614565531;0.15956004709005356;0.5714697043100992;0.7283010681470236;0.11837581545114517;;acercandose;frontal
1.8;0.5672373175621033;0.2934199571609497;-0.2386336624622345;0.6055710911750793;0.3345435857772827;-0.11169488728046417;0.5441539287567139;0.33863916993141174;-0.11496570706367493;0.6172078251838684;0.42180150747299194;-0.07214157283306122;0.5400328636169434;0.4232568144798279;-0.08233613520860672;0.5967959761619568;0.49152883887290955;0.0016494473675265908;0.5642020106315613;0.4924561679363251;-0.0016416053986176848;0.5951915383338928;0.6052940487861633;-0.007531444542109966;0.5653706192970276;0.6094740033149719;-0.008725820109248161;0.5712509691715241;0.27453139424324036;-0.24443070590496063;0.6206251978874207;0.5098970085382462;-0.16701089218258858;0.5391641706228256;0.5116022601723671;-0.17175549641251564;0.5858530402183533;0.705125073591868;0.17026624083518982;0.571722666422526;0.7285531560579935;0.10374342401822408;;acercandose;frontal
1.83;0.567010760307312;0.2934170663356781;-0.23038408160209656;0.6048312783241272;0.33425140380859375;-0.10455234348773956;0.5436015129089355;0.33864066004753113;-0.10754755884408951;0.6164926290512085;0.4213363230228424;-0.0647314190864563;0.5392113327980042;0.42336907982826233;-0.073412224650383;0.5963452458381653;0.49163588881492615;0.0021244846284389496;0.5637298822402954;0.4928898215293884;-0.0021173241548240185;0.5952792763710022;0.6053696870803833;-0.016018901020288467;0.5651503205299377;0.6100143790245056;-0.008411681279540062;0.5708980083465576;0.274528244137764;-0.23627149760723115;0.6204963475465775;0.5089910253882408;-0.1619395837187767;0.5380798131227493;0.5116703733801842;-0.1634313501417637;0.5860039393107096;0.7035656174023946;0.1671983152627945;0.5716357231140137;0.728637715180715;0.10491739461819331;;acercandose;frontal
1.87;0.566348671913147;0.29348868131637573;-0.23517239093780518;0.604290783405304;0.3339710533618927;-0.10477950423955917;0.542949914932251;0.33865195512771606;-0.10877572000026703;0.6155683994293213;0.42074429988861084;-0.06642147898674011;0.5382633209228516;0.42392852902412415;-0.07507296651601791;0.5959944725036621;0.4914168417453766;0.0032838215120136738;0.5633220076560974;0.49290546774864197;-0.003281727898865938;0.5952091813087463;0.6055927276611328;-0.007254353724420071;0.5648570656776428;0.6107997894287109;-0.00763455918058753;0.5702301561832428;0.2746351569890976;-0.24153398126363754;0.620308980345726;0.508683018386364;-0.1632041074335575;0.5372036844491959;0.5117681175470352;-0.1652192436158657;0.5867401957511902;0.7038636803627014;0.18122453490893045;0.5714234709739685;0.7294045090675354;0.10178106650710106;;acercandose;frontal
1.9;0.5658496618270874;0.2934150695800781;-0.23507192730903625;0.6038336753845215;0.33379659056663513;-0.11068413406610489;0.54268479347229;0.33869221806526184;-0.10827211290597916;0.6151295304298401;0.4198938310146332;-0.08264529705047607;0.537856936454773;0.4247235357761383;-0.07375634461641312;0.5955524444580078;0.4909578561782837;0.0021459897980093956;0.563077449798584;0.4929122030735016;-0.0021481376606971025;0.5951290726661682;0.6057286858558655;-0.00219964818097651;0.5644335746765137;0.6113404035568237;-0.001326086581684649;0.5697290003299713;0.2745495676994324;-0.24133704602718353;0.620081439614296;0.5085168182849884;-0.1875368058681488;0.536907508969307;0.5131623670458794;-0.16427744179964066;0.5874980092048645;0.7070324619611105;0.17137020826339722;0.5713041226069132;0.7295192082722982;0.10756760090589523;;acercandose;frontal
1.93;0.5660198926925659;0.29342541098594666;-0.24847587943077087;0.6037399768829346;0.3338203430175781;-0.12497813999652863;0.5422881245613098;0.33889123797416687;-0.11886843293905258;0.6148924231529236;0.4196547865867615;-0.1088704764842987;0.5373660326004028;0.42557013034820557;-0.08867213129997253;0.595410168170929;0.49070003628730774;0.002122351201251149;0.5628834366798401;0.49296337366104126;-0.002125038765370846;0.5950758457183838;0.6062418818473816;0.0052322824485599995;0.564267635345459;0.6118021011352539;0.0019611790776252747;0.5699697971343994;0.2745573818683624;-0.25374510139226913;0.6197431683540344;0.5085436552762985;-0.221372090280056;0.5365451723337173;0.5148120149970055;-0.18275810033082962;0.5882535775502523;0.7150595386823019;0.16608115782340369;0.5707780122756958;0.7291884620984396;0.1198867956797282;;acercandose;frontal
1.97;0.5659907460212708;0.2935259938240051;-0.2540798485279083;0.6036226153373718;0.33390378952026367;-0.1298055499792099;0.5418765544891357;0.3392246663570404;-0.12437088042497635;0.6148109436035156;0.4196876287460327;-0.11218218505382538;0.5370193719863892;0.4271138310432434;-0.09303802251815796;0.5952757000923157;0.4905955195426941;0.0023272878024727106;0.5624933242797852;0.49307864904403687;-0.00233441055752337;0.5949395298957825;0.6074682474136353;0.00418352335691452;0.5642508864402771;0.6127918362617493;0.0015202342765405774;0.5700290203094482;0.27466203570365905;-0.2594454690814018;0.6193792372941971;0.5086341202259064;-0.2245410494506359;0.5364020615816116;0.5170914083719254;-0.1832672469317913;0.5888815522193909;0.7241048812866211;0.15037191659212112;0.5702670613924662;0.727914830048879;0.13036137074232101;;acercandose;frontal
2.0;0.5662797689437866;0.29350683093070984;-0.25019440054893494;0.6035128235816956;0.3339395225048065;-0.12509214878082275;0.5417488217353821;0.3395043909549713;-0.12274283915758133;0.61476731300354;0.4197273850440979;-0.0999414399266243;0.5367202162742615;0.4281318783760071;-0.09269117563962936;0.5949430465698242;0.490670770406723;0.0034859103616327047;0.5622095465660095;0.49417927861213684;-0.003513186937198043;0.5945758819580078;0.6115912795066833;0.002972875488922;0.5643212199211121;0.6148636937141418;-0.005537151359021664;0.570265018939972;0.27465583980083463;-0.25574531108140947;0.6189571171998978;0.5087200179696083;-0.2132018283009529;0.5363893806934357;0.5181193649768829;-0.1771894171833992;0.5900695522626241;0.7369794448216757;0.11911273499329884;0.5701727271080017;0.7283905148506165;0.12588883936405182;;acercandose;frontal
2.03;0.5663115382194519;0.29300880432128906;-0.2326739877462387;0.6034029126167297;0.3339611291885376;-0.11193192005157471;0.5412015318870544;0.34030768275260925;-0.11477471888065338;0.6143513321876526;0.42069366574287415;-0.08822483569383621;0.5362139344215393;0.4293244779109955;-0.08242406696081161;0.5942630171775818;0.4918951988220215;0.004019365180283785;0.5614449977874756;0.49592146277427673;-0.004066379740834236;0.5941341519355774;0.6140488386154175;-0.002794095082208514;0.5646397471427917;0.6184648871421814;-0.010194509290158749;0.5703685879707336;0.27412517070770265;-0.23731756657361985;0.618639200925827;0.5104641914367676;-0.20661554858088493;0.5358651280403137;0.5203893780708313;-0.16037871688604355;0.5913296739260355;0.7451145450274149;0.10134589423735936;0.5700966517130533;0.7298080325126648;0.11870286862055461;;acercandose;frontal
2.07;0.5664821267127991;0.29300639033317566;-0.22220022976398468;0.6034992933273315;0.3341490924358368;-0.09829239547252655;0.5409964323043823;0.3410477638244629;-0.10903991013765335;0.6140508055686951;0.4221375584602356;-0.07167274504899979;0.5357896089553833;0.4303123652935028;-0.07663006335496902;0.5939894318580627;0.4945269823074341;0.005291508045047522;0.5609747767448425;0.49908673763275146;-0.005348998587578535;0.5938647389411926;0.616725742816925;-0.010072186589241028;0.5647459626197815;0.6211788654327393;-0.007030812557786703;0.5704814612865448;0.2741408318281174;-0.2266409620642662;0.6185091882944107;0.5115702375769615;-0.1828746199607849;0.5356515794992447;0.5217492431402206;-0.1545899659395218;0.592468281586965;0.7524612545967102;0.08152286273737748;0.5700960357983907;0.7296020984649658;0.1436360403895378;;acercandose;frontal
2.1;0.566520631313324;0.2930299937725067;-0.20772482454776764;0.603523850440979;0.33460813760757446;-0.08736717700958252;0.5411145687103271;0.3413100838661194;-0.09633038938045502;0.6140785217285156;0.42311030626296997;-0.055641449987888336;0.5354560017585754;0.43043163418769836;-0.061969250440597534;0.5938458442687988;0.49663659930229187;0.0050897118635475636;0.5608013868331909;0.5009780526161194;-0.005142479203641415;0.5935277342796326;0.6193186640739441;-0.016153763979673386;0.5647486448287964;0.6221110224723816;-0.00433970894664526;0.5705555200576782;0.27418397963047025;-0.21217105984687806;0.6184329390525818;0.5120099186897278;-0.15775735676288605;0.535630464553833;0.5216545015573502;-0.1411391030997038;0.5933489402135214;0.7573021054267883;0.06595390972991784;0.5701202750205994;0.7296228607495626;0.1451652149359385;;acercandose;frontal
2.13;0.5665638446807861;0.2934367060661316;-0.2170933187007904;0.6040679812431335;0.3353506624698639;-0.09532595425844193;0.5412560105323792;0.3417711555957794;-0.09685244411230087;0.6144375801086426;0.42415377497673035;-0.06536989659070969;0.5354796051979065;0.4311124384403229;-0.06667520105838776;0.5938536524772644;0.4984750747680664;0.004996770061552525;0.5608823299407959;0.502657949924469;-0.00505824014544487;0.593389630317688;0.6213971376419067;-0.019380170851945877;0.5648103952407837;0.6240606904029846;0.001641365815885365;0.570639169216156;0.274438339471817;-0.22192150503396987;0.6184241622686386;0.5128654986619949;-0.16777457669377327;0.5355814099311829;0.5227375328540802;-0.14854055643081665;0.5940667589505514;0.7611590425173441;0.07090440206229687;0.5702261527379354;0.7295282284418741;0.17038744191328684;;acercandose;frontal
2.17;0.5666343569755554;0.2945205569267273;-0.2226397693157196;0.6049217581748962;0.33597564697265625;-0.09594745188951492;0.5413604378700256;0.34221601486206055;-0.1087733656167984;0.615272045135498;0.42470452189445496;-0.06896688044071198;0.5356175899505615;0.4322277307510376;-0.07624968141317368;0.5938872694969177;0.5003143548965454;0.004866580944508314;0.560947597026825;0.5038852691650391;-0.004931580740958452;0.5933120846748352;0.6228671669960022;-0.019489038735628128;0.5648255348205566;0.6252445578575134;0.012632492929697037;0.5707426488399505;0.27516100406646726;-0.2281436175107956;0.6185463219881058;0.5143510177731514;-0.17199694737792015;0.5356447398662567;0.5257567167282104;-0.16018452495336533;0.5944145123163859;0.7628799676895142;0.07275991514325142;0.5706226229667664;0.7286365628242493;0.20053785045941672;;acercandose;frontal
2.2;0.567632794380188;0.2943660020828247;-0.22420910000801086;0.6057561039924622;0.33689311146736145;-0.09914187341928482;0.541404128074646;0.34249454736709595;-0.11317317932844162;0.6161198616027832;0.4256151616573334;-0.07060477137565613;0.5357158780097961;0.43275415897369385;-0.08077357709407806;0.593955934047699;0.502191960811615;0.004564933478832245;0.5609756112098694;0.5051764249801636;-0.0046332660131156445;0.5932217240333557;0.6249197721481323;-0.02233922854065895;0.5648870468139648;0.6264927387237549;0.023417582735419273;0.5717569053173065;0.27495195865631106;-0.2296893984079361;0.6185960620641708;0.5149792283773422;-0.17345217615365982;0.5356562584638596;0.5268903225660324;-0.16195249184966087;0.5943088134129842;0.7629863023757935;0.0699715381488204;0.5707167387008667;0.7265933354695638;0.22578799227873483;;acercandose;frontal
2.23;0.5684149265289307;0.29431310296058655;-0.23017790913581848;0.6065112352371216;0.3373805284500122;-0.10356613993644714;0.5416483283042908;0.34253212809562683;-0.11740502715110779;0.6167008280754089;0.4263466000556946;-0.07849232107400894;0.5357738137245178;0.4337116479873657;-0.08546435087919235;0.5939649343490601;0.5037673115730286;0.003923104144632816;0.5610182881355286;0.5064517259597778;-0.00399175938218832;0.5931773781776428;0.6272727847099304;-0.026179056614637375;0.5648900866508484;0.6285659670829773;0.030635392293334007;0.5728681027889252;0.274758443236351;-0.2351390078663826;0.6188171207904816;0.516966700553894;-0.18762706965208054;0.5356976687908173;0.5289313048124313;-0.16791153699159622;0.5941485166549683;0.7674456834793091;0.060995636663089194;0.5708951354026794;0.7268596688906351;0.24038352072238922;;acercandose;frontal
2.27;0.5701619982719421;0.29359716176986694;-0.23017413914203644;0.6073942184448242;0.33756116032600403;-0.10365375131368637;0.5422353744506836;0.34251895546913147;-0.11638566106557846;0.6172378063201904;0.4268283247947693;-0.07873926311731339;0.5358468294143677;0.4339572787284851;-0.0839921310544014;0.5939898490905762;0.5056222081184387;0.0014756722375750542;0.5610562562942505;0.5079390406608582;-0.0015427775215357542;0.5930017828941345;0.6296876668930054;-0.024985790252685547;0.5649462938308716;0.6298221945762634;0.03500162437558174;0.5746309757232666;0.27393442690372466;-0.234968900680542;0.6193086951971054;0.5183843076229095;-0.18829967454075813;0.5357459932565689;0.5288918018341064;-0.16709118708968163;0.5938018361727396;0.770043690999349;0.06616474874317646;0.5708656708399454;0.7271317442258199;0.24209365248680115;;acercandose;frontal
2.3;0.5714455246925354;0.29210683703422546;-0.2293224185705185;0.6087414622306824;0.3378559350967407;-0.10349038988351822;0.5437018871307373;0.34202536940574646;-0.11301074177026749;0.6176927089691162;0.42729756236076355;-0.07777178287506104;0.5359695553779602;0.4338482916355133;-0.08141174912452698;0.5941131711006165;0.506454348564148;9,59E+09;0.5610768795013428;0.5085612535476685;-0.00016536358452867717;0.5929760336875916;0.6314265131950378;-0.02509041130542755;0.5649560689926147;0.6310288310050964;0.034448761492967606;0.5760835230350494;0.27221234440803527;-0.23378154188394545;0.6198237985372543;0.5185059159994125;-0.1871013045310974;0.5358016639947891;0.5292085409164429;-0.1667257510125637;0.5934465328852335;0.7714452743530273;0.06791652366518974;0.5710842808087667;0.7280104756355286;0.23747561872005463;;acercandose;frontal
2.33;0.5723834037780762;0.29145482182502747;-0.25513142347335815;0.6100932955741882;0.3378452956676483;-0.12264057248830795;0.5448562502861023;0.341300368309021;-0.13047397136688232;0.6183163523674011;0.42829805612564087;-0.09199177473783493;0.5362386107444763;0.433817595243454;-0.09801435470581055;0.5947337746620178;0.5065034031867981;-0.0007130018784664571;0.5613768100738525;0.5087286233901978;0.0006389068439602852;0.5929749608039856;0.6326686143875122;-0.025943996384739876;0.5649650692939758;0.6333376169204712;0.03404206410050392;0.5772386968135834;0.2711407393217087;-0.260588338971138;0.6201824843883514;0.5200435817241669;-0.19821057841181755;0.5358224213123322;0.5300561934709549;-0.18820302188396454;0.5932559172312418;0.7719192703564962;0.07323207519948483;0.571256140867869;0.7282268007596334;0.26275065541267395;;acercandose;frontal
2.37;0.574096143245697;0.2885805070400238;-0.2498830258846283;0.6117987632751465;0.33779144287109375;-0.11849364638328552;0.545515239238739;0.3402952253818512;-0.12720726430416107;0.6197201013565063;0.4289901554584503;-0.08821313828229904;0.5367721915245056;0.43387502431869507;-0.0938311368227005;0.5955377817153931;0.5078359246253967;-0.0009165593655779958;0.5617361068725586;0.5104297399520874;0.0008439646335318685;0.5931837558746338;0.6343287825584412;-0.025304511189460754;0.5649689435958862;0.6369799971580505;0.036295898258686066;0.579149204492569;0.2681377202272415;-0.25443918257951736;0.6209749579429626;0.5212642103433609;-0.19673419743776321;0.5358519703149796;0.5302433371543884;-0.18272709846496582;0.59325643380483;0.7725973725318909;0.09130971257885297;0.5711633563041687;0.7287583748499552;0.26902298629283905;;acercandose;frontal
2.4;0.5757143497467041;0.2868903875350952;-0.2527344226837158;0.613641619682312;0.3377867639064789;-0.11877739429473877;0.5464531779289246;0.3394879102706909;-0.13056261837482452;0.6212096214294434;0.43007174134254456;-0.08672691136598587;0.5372927188873291;0.4341179132461548;-0.09628607332706451;0.5967631936073303;0.5088695287704468;-0.0007981149828992784;0.5623145699501038;0.5115890502929688;0.0007266770116984844;0.5936208963394165;0.6370071768760681;-0.025458399206399918;0.5649715065956116;0.6403222680091858;0.03490682318806648;0.5808774411678315;0.26643397510051725;-0.2570475786924362;0.6229644566774368;0.5244802832603455;-0.19572021812200546;0.5358985960483551;0.5304250121116638;-0.18541906774044037;0.5932450294494629;0.7736745476722717;0.09749626368284225;0.5710662802060446;0.7289847334225973;0.284147505958875;;acercandose;frontal
2.43;0.5765444040298462;0.28596264123916626;-0.2521749436855316;0.6150879263877869;0.3377770185470581;-0.11754235625267029;0.5474879145622253;0.3388667702674866;-0.13125213980674744;0.6227249503135681;0.43064484000205994;-0.08257003128528595;0.5378495454788208;0.4340668320655823;-0.09553713351488113;0.5976222157478333;0.509523868560791;0.002363706473261118;0.5626728534698486;0.5115693211555481;-0.002461543306708336;0.594370424747467;0.6411479115486145;-0.022745855152606964;0.5649703145027161;0.6430388689041138;0.017025839537382126;0.5820104539394378;0.26547206938266754;-0.2567317247390747;0.624398335814476;0.5261645317077637;-0.19349882006645203;0.5360324382781982;0.5303075313568115;-0.1834036484360695;0.593239963054657;0.7745492855707804;0.116022277623415;0.5701708396275839;0.7281171083450317;0.26904962460199994;;acercandose;frontal
2.47;0.5779131054878235;0.28529104590415955;-0.2538103461265564;0.6163629293441772;0.33776912093162537;-0.11221994459629059;0.5486364364624023;0.33841273188591003;-0.13040530681610107;0.6239064931869507;0.4310080111026764;-0.07321026176214218;0.5387731790542603;0.4335760772228241;-0.0938028022646904;0.5985978245735168;0.5113135576248169;0.0044321659952402115;0.5630136132240295;0.5123448371887207;-0.004529288969933987;0.5950300097465515;0.6436954736709595;-0.021933065727353096;0.564827561378479;0.6444757580757141;0.017176706343889236;0.5834008574485778;0.26478561758995056;-0.2582681968808174;0.6264268755912781;0.5290082693099976;-0.1913263015449047;0.5361622422933578;0.5303492248058319;-0.1810542270541191;0.5932299296061198;0.7753998438517252;0.12241387615601222;0.5695532560348511;0.7281564275423685;0.2795015573501587;;acercandose;frontal
2.5;0.5790835022926331;0.28438594937324524;-0.25381603837013245;0.6174281239509583;0.3377660810947418;-0.1079162135720253;0.5496190190315247;0.3380412757396698;-0.13171297311782837;0.6250804662704468;0.43102139234542847;-0.06907881051301956;0.5397772192955017;0.4330263137817383;-0.0948844850063324;0.5997565388679504;0.5116541385650635;0.006850990001112223;0.5636438131332397;0.5122568607330322;-0.006951059214770794;0.5959550738334656;0.6437488794326782;-0.02187572419643402;0.5647413730621338;0.6427446007728577;0.017653390765190125;0.5846834480762482;0.2638142704963684;-0.25795981138944624;0.6278363466262817;0.5289261192083359;-0.18702083826065063;0.5362256914377213;0.5304388850927353;-0.18038197606801987;0.5931929151217142;0.7755196491877238;0.11670459931095441;0.567720870176951;0.7258386214574178;0.2895197073618571;;acercandose;frontal
2.53;0.5798003673553467;0.2829831838607788;-0.242288738489151;0.6185759902000427;0.338005930185318;-0.09517375379800797;0.5502703785896301;0.33782726526260376;-0.12623322010040283;0.6262223124504089;0.4318503737449646;-0.05770929530262947;0.5408886671066284;0.43293970823287964;-0.08811023086309433;0.6007727980613708;0.5139636397361755;0.00907774269580841;0.5642970204353333;0.5133827924728394;-0.009173670783638954;0.5969454050064087;0.6464195251464844;-0.020398994907736778;0.5647201538085938;0.6436072587966919;0.011754435487091541;0.5856013119220733;0.26256375312805175;-0.24578772038221358;0.6281489133834839;0.5295421332120895;-0.1763952299952507;0.5362799614667892;0.5308344215154648;-0.17221355438232422;0.5931068460146586;0.7761671344439188;0.12791623175144196;0.5664752721786499;0.7251612941424052;0.281697357694308;;acercandose;frontal
2.57;0.5813297629356384;0.28265711665153503;-0.2514195442199707;0.6194031238555908;0.33805227279663086;-0.09571141004562378;0.5508151054382324;0.3372996747493744;-0.13439956307411194;0.6270251870155334;0.4330942928791046;-0.04631085321307182;0.5418562889099121;0.4327836334705353;-0.09732133150100708;0.6015099287033081;0.5142442584037781;0.013131770305335522;0.5649981498718262;0.5131319761276245;-0.013258036226034164;0.5973739624023438;0.649197518825531;-0.0038738471921533346;0.5648482441902161;0.6466560959815979;-0.003071162384003401;0.5868853151798248;0.2619579643011093;-0.254161661863327;0.6293270438909531;0.5306786000728607;-0.15619927272200584;0.5364034324884415;0.5313288420438766;-0.1844605840742588;0.5930781364440918;0.775911827882131;0.17496525744597116;0.5660364627838135;0.7267018755276998;0.26954203347365063;;acercandose;frontal
2.6;0.5826218724250793;0.2829180955886841;-0.2745879590511322;0.6201723217964172;0.3380693197250366;-0.10466905683279037;0.5512359738349915;0.33656731247901917;-0.1546139419078827;0.6274404525756836;0.4345671534538269;-0.05407765135169029;0.5425869822502136;0.4326089024543762;-0.11953068524599075;0.6016467809677124;0.5147578716278076;0.015365773811936378;0.565362811088562;0.5129919648170471;-0.015514927916228771;0.5972472429275513;0.6505478024482727;0.01248313207179308;0.5649281144142151;0.6459820866584778;-0.004942895844578743;0.5879695832729339;0.26179604828357694;-0.2780757546424866;0.6301941573619843;0.5318025648593903;-0.16280025988817215;0.536519393324852;0.5313377231359482;-0.20749498158693314;0.5925037066141764;0.7756583491961161;0.19841954608758292;0.5654609402020773;0.7302361726760864;0.25676829119523364;;acercandose;frontal
2.63;0.5825815796852112;0.2830248177051544;-0.2782970666885376;0.6209591627120972;0.33806878328323364;-0.11414936184883118;0.5516564249992371;0.33601751923561096;-0.1526772528886795;0.6280615329742432;0.4351540207862854;-0.05691070854663849;0.542824387550354;0.43234118819236755;-0.11866569519042969;0.6022564172744751;0.5153878927230835;0.014684353955090046;0.5660113096237183;0.5128361582756042;-0.014828437939286232;0.597135603427887;0.6512879729270935;0.025515727698802948;0.5654611587524414;0.6451154947280884;-0.04302973300218582;0.5879486083984375;0.2615018725395203;-0.28245651423931123;0.6310671269893646;0.5320410877466202;-0.16486024484038353;0.5365405529737473;0.5316938906908035;-0.20788579434156418;0.5923333366711935;0.7750804424285889;0.2267677585283915;0.5656445821126302;0.7425707578659058;0.17067773640155792;;acercandose;frontal
2.67;0.5822805762290955;0.28316551446914673;-0.275488942861557;0.6214624643325806;0.33805128931999207;-0.10442151129245758;0.552023708820343;0.3356919586658478;-0.1482187658548355;0.6288715600967407;0.4361370801925659;-0.05299362912774086;0.542845606803894;0.4321683943271637;-0.11163454502820969;0.6033434271812439;0.5182979702949524;0.015079287812113762;0.5668889284133911;0.5138281583786011;-0.015209692530333996;0.5971296429634094;0.6534849405288696;0.03239723667502403;0.5662716627120972;0.6454408168792725;-0.01998824067413807;0.5878131330013275;0.261435267329216;-0.2788940280675888;0.631337434053421;0.5338276922702789;-0.1638491526246071;0.5365526080131531;0.5323987454175949;-0.197078388184309;0.5922523538271586;0.7741910417874655;0.23246690134207407;0.5660634239514669;0.7600351770718893;0.16524363309144974;;acercandose;frontal
2.7;0.5823671817779541;0.28325608372688293;-0.2657144069671631;0.6218851208686829;0.3380155861377716;-0.10300980508327484;0.5522089004516602;0.3356281816959381;-0.1466425061225891;0.6303467750549316;0.4370775818824768;-0.05243169516324997;0.5430234670639038;0.43250611424446106;-0.10726316273212433;0.6045950651168823;0.5223254561424255;0.014758219942450523;0.5676754713058472;0.5164192318916321;-0.014875699765980244;0.5971484184265137;0.6565639972686768;0.0331566147506237;0.5666849613189697;0.6474454998970032;-0.01628989167511463;0.5879323720932007;0.26147148609161375;-0.2730451196432114;0.6313422620296478;0.5358134508132935;-0.15811016783118248;0.5366231501102448;0.5339343547821045;-0.18854569643735886;0.5922178228696188;0.7761037747065226;0.21726257602373758;0.5669195254643759;0.776194711526235;0.15282732745011648;;acercandose;frontal
2.73;0.582120418548584;0.2833661437034607;-0.2558306157588959;0.6223666071891785;0.33800724148750305;-0.10193438082933426;0.5524323582649231;0.33560290932655334;-0.13108597695827484;0.6312069892883301;0.4378696084022522;-0.05228342488408089;0.5431708097457886;0.4326613247394562;-0.09154193848371506;0.605065643787384;0.5265296697616577;0.013173826038837433;0.5680156350135803;0.5198686122894287;-0.013266649097204208;0.5971289873123169;0.6628895401954651;0.020851099863648415;0.56684809923172;0.6566154360771179;-0.00395035557448864;0.5876811683177948;0.2615451753139496;-0.26437161266803744;0.6310817301273346;0.5373475104570389;-0.15853052958846092;0.536753311753273;0.5346878170967102;-0.1784166917204857;0.5919759472211202;0.7770486076672872;0.21987289190292358;0.56820281346639;0.7850061655044556;0.16729428867499033;;acercandose;frontal
2.77;0.581978440284729;0.2838346064090729;-0.2554984986782074;0.6228947639465332;0.3380114436149597;-0.10389114916324615;0.5524771809577942;0.3356208801269531;-0.12897108495235443;0.632020115852356;0.43884164094924927;-0.052002325654029846;0.5431563258171082;0.43345996737480164;-0.08952625840902328;0.605215847492218;0.5291198492050171;0.01273639127612114;0.5682272911071777;0.5230463743209839;-0.012818385846912861;0.597114622592926;0.6650794744491577;0.027281761169433594;0.5672733187675476;0.6623467206954956;0.011315600946545601;0.587507450580597;0.26182950735092164;-0.2631685137748718;0.6317385286092758;0.5406786203384399;-0.15101047232747078;0.537005215883255;0.5376086831092834;-0.17841904610395432;0.5913683970769247;0.7775091528892517;0.25136103729406994;0.5686513980229696;0.7921201388041178;0.17261463403701782;;acercandose;frontal
2.8;0.581945538520813;0.2845284044742584;-0.26102155447006226;0.6231006979942322;0.3380261957645416;-0.11235684901475906;0.5523888468742371;0.33587464690208435;-0.13358867168426514;0.6322985291481018;0.4395673871040344;-0.05630311742424965;0.5431076884269714;0.4346639811992645;-0.08972136676311493;0.6049683690071106;0.5302947759628296;0.01364212203770876;0.5681008100509644;0.5251439213752747;-0.013719467446208;0.5970861911773682;0.6636726260185242;0.04887983202934265;0.568018913269043;0.667245626449585;0.009219788014888763;0.587400758266449;0.26264725923538207;-0.2690561875700951;0.6321101188659668;0.5430363863706589;-0.15606941282749176;0.5370622724294662;0.5399294197559357;-0.17928409576416016;0.5911797483762106;0.7785470088322958;0.2632279048363368;0.5692561268806458;0.8035583098729452;0.13886850078900656;;acercandose;frontal
2.83;0.5817707777023315;0.28550100326538086;-0.28059735894203186;0.6232725977897644;0.33819156885147095;-0.12496910989284515;0.5523107051849365;0.3361244201660156;-0.15281817317008972;0.6323983073234558;0.44104376435279846;-0.07043304294347763;0.5430684089660645;0.43622729182243347;-0.11107435822486877;0.6049784421920776;0.5303793549537659;0.017258580774068832;0.5680144429206848;0.5255293846130371;-0.017342478036880493;0.5972727537155151;0.6619292497634888;0.06830566376447678;0.5686832070350647;0.6668203473091125;-0.005700066220015287;0.5871853232383728;0.26352080404758454;-0.28861708343029024;0.6323346644639969;0.5441171675920486;-0.1707564741373062;0.5370844006538391;0.54261414706707;-0.20096374303102493;0.5913988947868347;0.7794624368349711;0.2707417855660121;0.5715073347091675;0.8011578917503357;0.12207359448075294;;acercandose;frontal
2.87;0.5808468461036682;0.286827951669693;-0.29686322808265686;0.6232210397720337;0.338332861661911;-0.13631701469421387;0.5522879362106323;0.3367196023464203;-0.16630230844020844;0.6325955390930176;0.441412091255188;-0.08352673053741455;0.5430222749710083;0.4374285340309143;-0.1275273859500885;0.6052231788635254;0.5304191708564758;0.018664004281163216;0.5680750608444214;0.5266244411468506;-0.01873933896422386;0.5977091193199158;0.6609129309654236;0.06877519190311432;0.568941593170166;0.6650821566581726;-0.019119879230856895;0.5864490151405335;0.26470156013965607;-0.3047070294618607;0.6326708048582077;0.5448530316352844;-0.1859358735382557;0.5371186137199402;0.5449361652135849;-0.22022517397999763;0.5919923583666483;0.7793045441309611;0.27125562230745953;0.5738730629285177;0.8000555435816447;0.10911217828591664;;acercandose;frontal
2.9;0.5806169509887695;0.28683188557624817;-0.2688886523246765;0.6231047511100769;0.33880773186683655;-0.11183977872133255;0.5515203475952148;0.3385210931301117;-0.14246957004070282;0.6328165531158447;0.44238367676734924;-0.07118478417396545;0.5426911115646362;0.438681960105896;-0.11545858532190323;0.6051607728004456;0.5316548943519592;0.018214454874396324;0.5680282711982727;0.5292372107505798;-0.01827477104961872;0.5978905558586121;0.6603348851203918;0.07190109044313431;0.569168210029602;0.6671880483627319;-0.017850227653980255;0.5861398339271545;0.26475268602371216;-0.2731026694178581;0.6329831629991531;0.5469738841056824;-0.18231478333473206;0.537122443318367;0.5463374555110931;-0.2080950364470482;0.591999351978302;0.7792669336001078;0.28853726387023926;0.5758515397707621;0.8033301631609598;0.10644592841466267;;acercandose;frontal
2.93;0.5799897313117981;0.2870495021343231;-0.2607155740261078;0.6229861378669739;0.339041143655777;-0.10310947895050049;0.5505716800689697;0.33965083956718445;-0.1322069764137268;0.6330305337905884;0.4436001181602478;-0.06287123262882233;0.5424934029579163;0.4397868514060974;-0.10561127215623856;0.6052111387252808;0.5331092476844788;0.017609525471925735;0.568090558052063;0.5315408706665039;-0.01766999624669552;0.5981870889663696;0.6601192355155945;0.06553691625595093;0.5693443417549133;0.6695616841316223;-0.019045302644371986;0.5853963136672974;0.2648501545190811;-0.2648451864719391;0.6334744095802307;0.5480343699455261;-0.18148322775959969;0.5370291918516159;0.5482066869735718;-0.20565388351678848;0.5922175049781799;0.7789126038551331;0.29258302847544354;0.5767589608828226;0.8091923594474792;0.0997596171995004;;acercandose;frontal
2.97;0.5783465504646301;0.2861572802066803;-0.2458384931087494;0.6225154995918274;0.3388901352882385;-0.09614521265029907;0.5495333671569824;0.3399152159690857;-0.11744175106287003;0.6329157948493958;0.44393080472946167;-0.04903441667556763;0.542339026927948;0.440468430519104;-0.08332528173923492;0.6051697731018066;0.5331524610519409;0.015872230753302574;0.5680787563323975;0.5324655175209045;-0.015896165743470192;0.5984652042388916;0.6600260138511658;0.03555161878466606;0.5693629384040833;0.6731112599372864;-0.010812928900122643;0.5834877908229827;0.26395027041435243;-0.2512877732515335;0.6339226365089417;0.5487037301063538;-0.16416750475764275;0.5369615405797958;0.5497001707553864;-0.18512015789747238;0.5919768015543619;0.7788370450337728;0.27153824269771576;0.5773560007413229;0.8140123883883158;0.12087290485699971;;acercandose;frontal
3.0;0.5763604044914246;0.2861596643924713;-0.24841448664665222;0.6214606761932373;0.3385830819606781;-0.09991026669740677;0.54776531457901;0.3404794931411743;-0.12329641729593277;0.6327940225601196;0.4438001811504364;-0.052330803126096725;0.5419629216194153;0.44159409403800964;-0.08881727606058121;0.605251669883728;0.5325300693511963;0.014446881599724293;0.5680705904960632;0.5321065187454224;-0.014449313282966614;0.5985411405563354;0.6601179242134094;0.024723395705223083;0.5693398118019104;0.6742447018623352;-0.014063955284655094;0.5814935088157653;0.2638572484254837;-0.2531179919838905;0.6339322626590729;0.5489787608385086;-0.16593589261174202;0.5369450747966766;0.5516477525234222;-0.1901269629597664;0.5913532574971517;0.779379149278005;0.2623201459646225;0.5770157972971598;0.8216337362925211;0.09491934068500996;;acercandose;frontal
3.03;0.5750912427902222;0.28471729159355164;-0.2764641344547272;0.6201595067977905;0.33769741654396057;-0.11376097798347473;0.5460019111633301;0.3405844271183014;-0.1408049762248993;0.6323221325874329;0.4436659812927246;-0.07240436971187592;0.5411471724510193;0.44233644008636475;-0.10998919606208801;0.6052204370498657;0.5317941904067993;0.01446488592773676;0.5679847598075867;0.5314375758171082;-0.0144683001562953;0.598722517490387;0.65804523229599;0.045689646154642105;0.5693198442459106;0.6762929558753967;-0.015866905450820923;0.5799978792667388;0.26113325655460357;-0.2805882140994072;0.6338730305433273;0.5491932183504105;-0.19550209492444992;0.5368602424860001;0.5520705580711365;-0.2164854183793068;0.5912779172261556;0.778509279092153;0.2787577211856842;0.5771733323733012;0.8231792052586874;0.09083441024025281;;acercandose;frontal
3.07;0.5738617181777954;0.2835410237312317;-0.27995026111602783;0.61927729845047;0.3365464210510254;-0.11663311719894409;0.544795572757721;0.3405592143535614;-0.14320403337478638;0.6316989064216614;0.4435763657093048;-0.07608872652053833;0.5402394533157349;0.4423481822013855;-0.11240357160568237;0.6052002906799316;0.5306029319763184;0.014575165696442127;0.5679587125778198;0.531014084815979;-0.014575306326150894;0.5989477634429932;0.6557620167732239;0.05458473414182663;0.5691788792610168;0.6761229038238525;-0.02833188883960247;0.5784252047538757;0.2591557323932648;-0.28404955863952636;0.6337871551513672;0.5489633828401566;-0.19846341386437416;0.5365486294031143;0.5521604269742966;-0.21777408197522163;0.5913014809290568;0.7776902516682943;0.2817532370487849;0.5771140654881796;0.8240891893704733;0.05862635001540184;;acercandose;frontal
3.1;0.5728493332862854;0.2815839946269989;-0.2759820520877838;0.6184099912643433;0.334610253572464;-0.11725740879774094;0.5437731742858887;0.3402709364891052;-0.14148536324501038;0.6312803030014038;0.44293540716171265;-0.07406319677829742;0.5394054055213928;0.44221198558807373;-0.1073208898305893;0.6051837205886841;0.5297186374664307;0.01284907665103674;0.5675315260887146;0.5309229493141174;-0.012850642204284668;0.5998553037643433;0.6559720635414124;0.029171692207455635;0.5689232349395752;0.6762598156929016;-0.020384667441248894;0.5771292567253112;0.2568772226572037;-0.2808274984359741;0.6337172985076904;0.5486862361431122;-0.1928400807082653;0.5362149477005005;0.5520974695682526;-0.21559271588921547;0.5911617279052734;0.777588963508606;0.25940313935279846;0.577124297618866;0.8224039276440939;0.09008547601600488;;acercandose;frontal
3.13;0.572041928768158;0.2802264988422394;-0.28433704376220703;0.6177676916122437;0.3329472541809082;-0.12453021854162216;0.5425828099250793;0.34025102853775024;-0.14691658318042755;0.630896806716919;0.44217103719711304;-0.0780966654419899;0.5385552048683167;0.44223323464393616;-0.11130940914154053;0.6052731275558472;0.5296419262886047;0.01287849247455597;0.5671610236167908;0.5309187769889832;-0.012882147915661335;0.6011741757392883;0.6597214341163635;0.03012794442474842;0.5683691501617432;0.6769790053367615;-0.006354048382490873;0.5761829435825347;0.25542663782835007;-0.28981522619724276;0.6334731429815292;0.5484323650598526;-0.1972401849925518;0.5358337908983231;0.5532185733318329;-0.21528855338692665;0.5911155343055725;0.7772475083669027;0.2789684285720189;0.5769568085670471;0.8199190696080526;0.1315995529294014;;acercandose;frontal
3.17;0.5706101655960083;0.2790513038635254;-0.2814370393753052;0.617161750793457;0.3315863013267517;-0.12227227538824081;0.5416107773780823;0.34020259976387024;-0.14557307958602905;0.6305583119392395;0.4412230849266052;-0.07584451138973236;0.5374807119369507;0.4427228271961212;-0.11015871912240982;0.605473518371582;0.5295893549919128;0.012759670615196228;0.5670663714408875;0.5311418771743774;-0.012765474617481232;0.6024384498596191;0.6635839939117432;0.022021902725100517;0.5674711465835571;0.678942084312439;-0.006197868846356869;0.5749184727668762;0.2542653545737267;-0.28718836456537244;0.6330478340387344;0.5477096140384674;-0.19613060355186462;0.5350860059261322;0.5543585568666458;-0.2122185230255127;0.5909664829572042;0.7746229966481527;0.2990297277768453;0.5768115123112997;0.8227618734041849;0.127870824187994;;acercandose;frontal
3.2;0.5701615810394287;0.2784970998764038;-0.3094319999217987;0.6168147921562195;0.3312424123287201;-0.1419893056154251;0.5410863757133484;0.34019070863723755;-0.15832184255123138;0.6301220655441284;0.4403694272041321;-0.09688222408294678;0.5363706350326538;0.4441351294517517;-0.12159080058336258;0.6054627895355225;0.5295677781105042;0.012026585638523102;0.5665236115455627;0.5316597819328308;-0.012032563798129559;0.602784276008606;0.665525496006012;0.025662198662757874;0.5664577484130859;0.6799853444099426;-0.006157425697892904;0.5744546532630921;0.25369934290647506;-0.3150720581412315;0.632868304848671;0.5469375252723694;-0.2218889594078064;0.5341500043869019;0.55671726167202;-0.2309972122311592;0.5912858843803406;0.7741957902908325;0.3104746143023173;0.5765923857688904;0.8242299755414327;0.1376135970155398;;acercandose;frontal
3.23;0.5698878169059753;0.2782796025276184;-0.33193984627723694;0.6164335608482361;0.33072787523269653;-0.15554499626159668;0.540619969367981;0.3401377499103546;-0.17655321955680847;0.6297372579574585;0.43956390023231506;-0.11087025701999664;0.5355004072189331;0.4448954164981842;-0.14055848121643066;0.6054041385650635;0.529326319694519;0.011910060420632362;0.565661609172821;0.5319635272026062;-0.011919456534087658;0.6025980710983276;0.6658538579940796;0.05753190442919731;0.5663189888000488;0.6803828477859497;0.007917054928839207;0.5742037475109101;0.2533106327056885;-0.33795790672302245;0.6327183693647385;0.5461506545543671;-0.2411188669502735;0.5336010903120041;0.5573634654283524;-0.25353067740797997;0.592228889465332;0.7747695247332255;0.34163394570350647;0.576021154721578;0.8238096237182617;0.1718376949429512;;acercandose;frontal
3.27;0.5695574879646301;0.27834683656692505;-0.32769060134887695;0.6162484288215637;0.3302933871746063;-0.15248505771160126;0.5404449105262756;0.33988556265830994;-0.17278867959976196;0.6295127272605896;0.43931448459625244;-0.10952047258615494;0.5348842740058899;0.4449867010116577;-0.13699689507484436;0.6052241921424866;0.5288226008415222;0.011928997002542019;0.564994752407074;0.531894326210022;-0.01193867065012455;0.6025349497795105;0.6658555269241333;0.07105333358049393;0.5663325786590576;0.6809072494506836;0.0075670452788472176;0.5738883495330811;0.25312198251485823;-0.33359403163194656;0.632588267326355;0.5461205542087555;-0.24048808217048645;0.5328431129455566;0.5576275289058685;-0.24876847863197327;0.5944788058598837;0.7788995504379272;0.3416805863380432;0.5758373737335205;0.8253312309583029;0.16312715659538904;;acercandose;frontal
3.3;0.5692680478096008;0.2780710458755493;-0.33745989203453064;0.6160845756530762;0.3299516439437866;-0.163959339261055;0.5402994751930237;0.339067667722702;-0.17784281075000763;0.6293657422065735;0.43923377990722656;-0.12469768524169922;0.5343023538589478;0.44488033652305603;-0.14285872876644135;0.6049802303314209;0.527744472026825;0.01091530080884695;0.5644106268882751;0.5317445397377014;-0.01091786939650774;0.6024394035339355;0.6657685041427612;0.060377705842256546;0.5663501620292664;0.681283712387085;0.005667173303663731;0.5737077474594117;0.2525918811559677;-0.3436771512031555;0.6325111836194992;0.5461492389440536;-0.2521032691001892;0.5319817811250687;0.5577236860990524;-0.2558828145265579;0.5959337949752808;0.7868090073267618;0.32107017437616986;0.5759237408638;0.8252644141515096;0.1617185374101003;;acercandose;frontal
3.33;0.5686631798744202;0.27777472138404846;-0.33366474509239197;0.6161232590675354;0.32982581853866577;-0.16994136571884155;0.5400077700614929;0.3385509252548218;-0.17341896891593933;0.6293664574623108;0.43933025002479553;-0.13408319652080536;0.5339065194129944;0.44481122493743896;-0.13555802404880524;0.6047263741493225;0.5270730257034302;0.007414728403091431;0.563838005065918;0.5316661596298218;-0.007410252932459116;0.6021764278411865;0.668106198310852;0.049321189522743225;0.5663667917251587;0.6823743581771851;0.007327500265091658;0.5732936918735504;0.2524984061717987;-0.3411407470703125;0.6324256360530853;0.5462120622396469;-0.2610355541110039;0.5313367396593094;0.5580368340015411;-0.24660535529255867;0.5975587566693624;0.8000211318333944;0.2718442181746165;0.5763012965520223;0.8275776902834574;0.15977116425832114;;acercandose;frontal
3.37;0.5688112378120422;0.27780336141586304;-0.34940406680107117;0.616155743598938;0.3299029469490051;-0.1791859269142151;0.5395419597625732;0.33853814005851746;-0.1867540180683136;0.6294622421264648;0.43941447138786316;-0.1387501060962677;0.533207893371582;0.4457327723503113;-0.14594510197639465;0.6044985055923462;0.5270258188247681;0.007243643514811993;0.5635409355163574;0.5318055748939514;-0.007264540996402502;0.6021224856376648;0.6728176474571228;0.02040497586131096;0.5667954087257385;0.6830797791481018;0.006069682072848082;0.573510330915451;0.2527801886200905;-0.35712750852108;0.6323939263820648;0.5463182777166367;-0.2624887302517891;0.5307091921567917;0.5584110170602798;-0.25468404963612556;0.598981777826945;0.8189439177513123;0.21142073472340903;0.5765015284220377;0.8277016480763754;0.1705343872308731;;acercandose;frontal
3.4;0.5688508152961731;0.27729088068008423;-0.33408668637275696;0.6162674427032471;0.3299660086631775;-0.16791759431362152;0.5393874645233154;0.3385360538959503;-0.1791609227657318;0.6294912695884705;0.43961116671562195;-0.12785203754901886;0.5328765511512756;0.44727420806884766;-0.13912610709667206;0.6043847799301147;0.527218222618103;0.006728176958858967;0.5633412599563599;0.5320571064949036;-0.006793287117034197;0.6021767258644104;0.6800714731216431;0.006637006998062134;0.5676390528678894;0.6862002015113831;0.002377124270424247;0.573723703622818;0.2525626182556152;-0.34117381274700165;0.6323029845952988;0.5470205694437027;-0.2547086738049984;0.5306185185909271;0.5593538731336594;-0.2501450665295124;0.6004608074824015;0.834035853544871;0.1687679116924604;0.5766913096110026;0.8286206126213074;0.17067529012759527;;acercandose;frontal
3.43;0.5689957141876221;0.27760300040245056;-0.29150429368019104;0.6168978214263916;0.33019816875457764;-0.1326347440481186;0.5394159555435181;0.33853551745414734;-0.14799225330352783;0.6295377612113953;0.44029921293258667;-0.07946348190307617;0.5325247645378113;0.44798022508621216;-0.10297469049692154;0.6043608784675598;0.530009388923645;0.006606376729905605;0.5631952285766602;0.5343924760818481;-0.006690363399684429;0.6021572351455688;0.6862583160400391;-0.0008583572343923151;0.5683435201644897;0.6903629302978516;-0.0039334166795015335;0.574122953414917;0.25300402790307996;-0.2989961549639702;0.6322603821754456;0.5482940524816513;-0.1922561228275299;0.5306626707315445;0.5603845119476318;-0.19954251125454903;0.6024448672930399;0.848701556523641;0.1320228949189186;0.5767147541046143;0.8297582268714905;0.1656666100025177;;acercandose;frontal
3.47;0.5690686106681824;0.2776384949684143;-0.27091506123542786;0.6175429224967957;0.33048152923583984;-0.11512915045022964;0.5393297672271729;0.33875715732574463;-0.1317778378725052;0.6299132704734802;0.4405994713306427;-0.06245630234479904;0.5323057770729065;0.4491320848464966;-0.08702976256608963;0.6044941544532776;0.5327905416488647;0.00601685605943203;0.5631958842277527;0.5367512106895447;-0.0061159515753388405;0.6021400094032288;0.6907338500022888;-0.0026141612324863672;0.5684301853179932;0.6939637660980225;0.0003261073725298047;0.5747206211090088;0.25305664390325544;-0.2770047843456268;0.6323001384735107;0.54971843957901;-0.1753103956580162;0.5307315587997437;0.5629153251647949;-0.18108953535556793;0.6029756267865499;0.8575583299001058;0.11818185572822888;0.5768340627352396;0.8320180773735046;0.17890075842539468;;acercandose;frontal
3.5;0.569614589214325;0.2773359417915344;-0.2662503123283386;0.6186533570289612;0.33115455508232117;-0.11409133672714233;0.5393452048301697;0.33891716599464417;-0.12749212980270386;0.6303181052207947;0.44169455766677856;-0.06593385338783264;0.5321134924888611;0.45118874311447144;-0.08333506435155869;0.6047730445861816;0.535842776298523;0.004885402973741293;0.5632240176200867;0.5399225950241089;-0.005006339401006699;0.6020807027816772;0.6950656771659851;-0.009844540618360043;0.5688677430152893;0.6948850750923157;0.004733494948595762;0.575757485628128;0.2528563439846039;-0.2716285169124603;0.632389560341835;0.552305668592453;-0.18332381919026375;0.5307439118623734;0.5652971863746643;-0.178925983607769;0.6039668321609497;0.8646944761276245;0.11536434168616931;0.5768230756123861;0.8315981229146322;0.20667840540409088;;acercandose;frontal
3.53;0.5706928372383118;0.2775844633579254;-0.2731875479221344;0.6198633909225464;0.3317219316959381;-0.12184956669807434;0.5396096110343933;0.33906683325767517;-0.13125760853290558;0.6311782002449036;0.4421599209308624;-0.07573956251144409;0.5322006344795227;0.4540638029575348;-0.08871272206306458;0.6050518155097961;0.5388633608818054;0.0007539679063484073;0.5633732676506042;0.5429901480674744;-0.000865057809278369;0.6020606160163879;0.6950680613517761;-0.018334515392780304;0.5690598487854004;0.6954969167709351;0.02405969612300396;0.5770301043987274;0.253195133805275;-0.2793020188808441;0.6324708610773087;0.5542084127664566;-0.19362957775592804;0.5308185070753098;0.5687167644500732;-0.1876545511186123;0.6045617461204529;0.8680343429247538;0.09171571644643943;0.5772480765978495;0.8311034242312113;0.23662961522738138;;acercandose;frontal
3.57;0.5724170207977295;0.2779507637023926;-0.2649495303630829;0.6216226816177368;0.3328014314174652;-0.11550382524728775;0.5403972268104553;0.33923330903053284;-0.12311302125453949;0.632239580154419;0.44329577684402466;-0.06849827617406845;0.5322302579879761;0.45440882444381714;-0.07827870547771454;0.6056755781173706;0.542468786239624;0.0003826602769549936;0.5637022852897644;0.5466582775115967;-0.00048799661453813314;0.6020729541778564;0.6954704523086548;-0.023462478071451187;0.5692635774612427;0.69687819480896;0.025042444467544556;0.5785129845142365;0.2533727243542671;-0.27097456753253935;0.6324940770864487;0.5568387359380722;-0.1855914629995823;0.5309587270021439;0.5695702582597733;-0.17771367356181145;0.6050164699554443;0.8715527057647705;0.10090698177615802;0.5771699150403341;0.8300498525301615;0.25359397133191425;;acercandose;frontal
3.6;0.5748798847198486;0.27797552943229675;-0.26249441504478455;0.6231796145439148;0.33348843455314636;-0.11205334961414337;0.5411092042922974;0.3396652936935425;-0.11965952068567276;0.6335607767105103;0.44427475333213806;-0.06301896274089813;0.5326474905014038;0.45694270730018616;-0.07332997024059296;0.6063169836997986;0.5458555817604065;0.0001059228161466308;0.5641728043556213;0.54998379945755;-0.0002039488172158599;0.6023133397102356;0.6987313032150269;-0.026995336636900902;0.5694223642349243;0.7004765868186951;0.02948259375989437;0.5803941547870636;0.2534229978919029;-0.2682324007153511;0.6326359659433365;0.5585949420928955;-0.18160510808229446;0.5311693102121353;0.5717748701572418;-0.17387089133262634;0.6056203444798788;0.872401495774587;0.10259938364227612;0.5775459408760071;0.829572856426239;0.27242564658323926;;acercandose;frontal
3.63;0.5767908692359924;0.27795109152793884;-0.26230722665786743;0.6243134140968323;0.3341349959373474;-0.10866419970989227;0.5421719551086426;0.3397904336452484;-0.11763335019350052;0.634635329246521;0.4456425607204437;-0.06157344579696655;0.5333514213562012;0.4573613703250885;-0.07280786335468292;0.6070306301116943;0.5481135249137878;0.0002538940461818129;0.5647519826889038;0.5514276027679443;-0.0003479067818261683;0.6026343703269958;0.7032161951065063;-0.028927426785230637;0.5696333646774292;0.7023265361785889;0.031108658760786057;0.5823086440563202;0.253349044919014;-0.2674379348754883;0.6331091523170471;0.5614987909793854;-0.186126921325922;0.5312987118959427;0.5727211385965347;-0.1774258092045784;0.6053871115048727;0.877324382464091;0.10046901119252045;0.5778002540270487;0.827795147895813;0.2908778637647629;;acercandose;frontal
3.67;0.5784344673156738;0.277559757232666;-0.2502944767475128;0.6263951063156128;0.3356155753135681;-0.10139796137809753;0.5440045595169067;0.33981630206108093;-0.11067800968885422;0.6354877352714539;0.4483448565006256;-0.054191797971725464;0.5355834364891052;0.45721179246902466;-0.06500685214996338;0.6075500845909119;0.5514611005783081;0.0005688036326318979;0.5649920701980591;0.5524876117706299;-0.0006514348788186908;0.6033303141593933;0.7064266800880432;-0.023119624704122543;0.5702610015869141;0.7058515548706055;0.026721857488155365;0.5841876626014709;0.25286593437194826;-0.2547694891691208;0.6337974816560745;0.5660101026296616;-0.17387770488858223;0.5317597091197968;0.5735254436731339;-0.16511245444417;0.6054122447967529;0.8801377018292745;0.1165117621421814;0.5775567690531412;0.8291713198026022;0.2615099400281906;;acercandose;frontal
3.7;0.5806820392608643;0.2751770317554474;-0.2601472735404968;0.6284311413764954;0.33654552698135376;-0.10800398886203766;0.5457642674446106;0.3398131728172302;-0.11883099377155304;0.6370915174484253;0.4496903121471405;-0.06073717400431633;0.5379413962364197;0.45686474442481995;-0.0745696946978569;0.6090013980865479;0.5522971749305725;0.0008514539222232997;0.5658360123634338;0.5524412393569946;-0.000939409073907882;0.604137122631073;0.7087767124176025;-0.026383250951766968;0.570433497428894;0.7068309187889099;0.028459426015615463;0.5865495085716248;0.2504448890686035;-0.2648238703608513;0.6349500715732574;0.5680587589740753;-0.1810949556529522;0.5337451696395874;0.5737695544958115;-0.17539095506072044;0.6053804953893026;0.884340763092041;0.11181000371774037;0.5774709781010946;0.8297569751739502;0.2852194458246231;;acercandose;frontal
3.73;0.5831087231636047;0.2745790183544159;-0.26305270195007324;0.631052553653717;0.33766141533851624;-0.10843709111213684;0.5476608872413635;0.33943837881088257;-0.12163086980581284;0.6397600173950195;0.45107412338256836;-0.06256294250488281;0.5396125912666321;0.4567347466945648;-0.0764491856098175;0.6105621457099915;0.554840624332428;-0.0009786972077563405;0.5670136213302612;0.553986668586731;0.0008905683062039316;0.6057285070419312;0.7110030651092529;-0.024814266711473465;0.5704207420349121;0.7082479000091553;0.042876165360212326;0.5887808620929718;0.2495195597410202;-0.2671964466571808;0.6365666091442108;0.5691824406385422;-0.19057784974575043;0.535303384065628;0.5738494098186493;-0.17939860746264458;0.6057981848716736;0.8858824769655863;0.11878025531768799;0.5773330330848694;0.8319383859634399;0.3022536635398865;;acercandose;frontal
3.77;0.5855566263198853;0.27300721406936646;-0.29734867811203003;0.6338919401168823;0.3385385572910309;-0.13875627517700195;0.5496587753295898;0.3385961353778839;-0.14354653656482697;0.6421759724617004;0.45354923605918884;-0.09350258111953735;0.5412728190422058;0.45665282011032104;-0.09935400635004044;0.6119471788406372;0.5568605661392212;-0.0036073275841772556;0.5681987404823303;0.5546420812606812;0.0035136695951223373;0.6067540645599365;0.7121803760528564;-0.02262125536799431;0.5704067945480347;0.709084689617157;0.05486777052283287;0.5913712024688721;0.24743202179670334;-0.3029521003365517;0.6388857960700989;0.5732972621917725;-0.21894389390945435;0.5379240363836288;0.5741015821695328;-0.21172401309013367;0.605851948261261;0.8859908183415731;0.12614435205856958;0.5770657261212667;0.8321284850438436;0.32616058985392254;;acercandose;frontal
3.8;0.5868185758590698;0.2721356749534607;-0.29130592942237854;0.6360348463058472;0.33880212903022766;-0.1344517469406128;0.5514973998069763;0.3368924856185913;-0.13967664539813995;0.6433718204498291;0.45585229992866516;-0.08772949874401093;0.5428448915481567;0.45655113458633423;-0.092251256108284;0.612899899482727;0.5568774342536926;-0.004202716052532196;0.5690591335296631;0.554446280002594;0.0041052475571632385;0.6079766154289246;0.7140327095985413;-0.021776076406240463;0.5704041123390198;0.7108879685401917;0.04385543614625931;0.5929279088973999;0.24601556360721588;-0.2967967867851257;0.6416825205087662;0.5778198540210724;-0.2134530358016491;0.5406802147626877;0.575071394443512;-0.2090189941227436;0.6059871912002563;0.8850967685381571;0.13294043764472008;0.5769669413566589;0.8326097130775452;0.2976318299770355;;acercandose;frontal
3.83;0.5879276990890503;0.2708781957626343;-0.2847273349761963;0.6381747126579285;0.3392316699028015;-0.12922918796539307;0.5530503392219543;0.33593371510505676;-0.13441875576972961;0.6450981497764587;0.4582117795944214;-0.08153392374515533;0.5446000099182129;0.4563695192337036;-0.08597645908594131;0.6148163676261902;0.5589786171913147;-0.003198168706148863;0.5705285668373108;0.5561743974685669;0.003101347479969263;0.6102308034896851;0.7176970839500427;-0.02082209847867489;0.5709044337272644;0.7152231335639954;0.04076847434043884;0.5945618748664856;0.24463234543800355;-0.2899269089102745;0.64350825548172;0.5824098885059357;-0.21180428192019463;0.5426309406757355;0.5769761651754379;-0.20283446460962296;0.6061218778292338;0.8846549987792969;0.14925692727168402;0.5766240954399109;0.832289437452952;0.3073510527610779;;acercandose;frontal
3.87;0.5893715023994446;0.2696746289730072;-0.27917206287384033;0.6393768787384033;0.3391719460487366;-0.12439457327127457;0.5545126795768738;0.3352612257003784;-0.127528116106987;0.6466273665428162;0.4584129750728607;-0.07712285220623016;0.5464379787445068;0.456294447183609;-0.07823822647333145;0.6164559125900269;0.5595546364784241;-0.0028697752859443426;0.5719888806343079;0.5562301874160767;0.0027707056142389774;0.6124874353408813;0.7203801870346069;-0.020976833999156952;0.5711444020271301;0.7146384119987488;0.043345335870981216;0.5962198674678802;0.24381091445684433;-0.28464226573705675;0.6446558684110641;0.5819969326257706;-0.2092951275408268;0.5439410209655762;0.5781701505184174;-0.19354898482561111;0.6067772507667542;0.8850480318069458;0.1461369494597117;0.5765684445699056;0.8301577170689901;0.32286493976910907;;acercandose;frontal
3.9;0.5904408693313599;0.26741015911102295;-0.27853092551231384;0.6406939029693604;0.3392559289932251;-0.12440720200538635;0.5561383366584778;0.33454403281211853;-0.1277666836977005;0.6483795046806335;0.4595726728439331;-0.07696644961833954;0.5475460886955261;0.4552367329597473;-0.0796385332942009;0.6173056960105896;0.5596719980239868;-0.002336627570912242;0.5726900100708008;0.5559172034263611;0.0022297247778624296;0.6128565073013306;0.7201791405677795;-0.02035726234316826;0.5714905858039856;0.7140612006187439;0.04051274061203003;0.5976123631000518;0.24210500717163086;-0.28368207812309265;0.6460584700107574;0.5835505425930023;-0.2064727321267128;0.5449645817279816;0.5778488665819168;-0.1909230761229992;0.6069809595743815;0.884746233622233;0.14723055064678192;0.5765092174212137;0.8299063841501871;0.31688810388247174;;acercandose;frontal
3.93;0.591914713382721;0.26566603779792786;-0.2731229066848755;0.6423657536506653;0.33942538499832153;-0.1164298802614212;0.5572957396507263;0.3342190086841583;-0.1265050172805786;0.6493847966194153;0.4602701961994171;-0.07014331966638565;0.5487810969352722;0.4549623429775238;-0.07876783609390259;0.6182580590248108;0.5602264404296875;-0.0007696732063777745;0.573418140411377;0.5562208890914917;0.0006657758494839072;0.613166332244873;0.7204622030258179;-0.020619943737983704;0.571891188621521;0.7147200703620911;0.041402172297239304;0.599326902627945;0.24040260314941406;-0.27724369913339614;0.6477981507778168;0.5826126039028168;-0.2056494615972042;0.5452667474746704;0.5776325166225433;-0.18907620757818222;0.6069161693255106;0.8860729336738586;0.14261849969625473;0.5764298637708029;0.8298181692759196;0.3279132644335429;;acercandose;frontal
3.97;0.5927898287773132;0.2648351192474365;-0.27572888135910034;0.6436538696289062;0.33940503001213074;-0.11998353153467178;0.5582481026649475;0.33372679352760315;-0.12959809601306915;0.6509995460510254;0.460607647895813;-0.07467378675937653;0.5498917698860168;0.45458096265792847;-0.08089717477560043;0.619045615196228;0.5606138110160828;-0.0005879543023183942;0.5740707516670227;0.5566772222518921;0.00048013371997512877;0.6131659746170044;0.7222976088523865;-0.014371774159371853;0.5721667408943176;0.7167324423789978;0.04393748566508293;0.6002896308898926;0.23954006135463715;-0.280443000793457;0.6489190459251404;0.5830775946378708;-0.21097155660390854;0.5453750044107437;0.5774570554494858;-0.1918727345764637;0.6069608132044474;0.8861511548360189;0.16231441994508108;0.5764082272847494;0.8300553758939108;0.3282535870869954;;acercandose;frontal
4.0;0.5936682820320129;0.264676570892334;-0.27586308121681213;0.6443373560905457;0.33913639187812805;-0.12000005692243576;0.5590364336967468;0.333062082529068;-0.12988817691802979;0.6525242924690247;0.46050548553466797;-0.0723031684756279;0.5502157211303711;0.45354118943214417;-0.08192616701126099;0.619766116142273;0.5611113905906677;6,35E+10;0.5745663046836853;0.5569848418235779;-0.0001753258693497628;0.6131922602653503;0.7230160236358643;-0.008413027040660381;0.5726255178451538;0.7165653109550476;0.04259753227233887;0.6012023448944092;0.23917056024074554;-0.2808071091771126;0.6504371017217636;0.5839462429285049;-0.206838708370924;0.5453915446996689;0.5773601979017258;-0.19298085570335388;0.60691765944163;0.8868553638458252;0.17313054452339807;0.5765092968940735;0.8338942925135294;0.3165153165658315;;acercandose;frontal
4.03;0.5948439240455627;0.2648583948612213;-0.2693643271923065;0.6450268626213074;0.3385339677333832;-0.10442753881216049;0.5595704913139343;0.3325698971748352;-0.12708105146884918;0.653145432472229;0.46043458580970764;-0.05232928320765495;0.5506948828697205;0.4531363546848297;-0.08167542517185211;0.6206845641136169;0.5608447194099426;0.004182259552180767;0.5753262042999268;0.5568418502807617;-0.0042885178700089455;0.6132538914680481;0.7220104336738586;-0.009430447593331337;0.5728502869606018;0.7165992259979248;0.02422661893069744;0.6021974861621857;0.23910409957170486;-0.27405387461185454;0.6514774709939957;0.5833995938301086;-0.18594354391098022;0.5454853773117065;0.577175498008728;-0.19217588379979134;0.6065877676010132;0.8874552051226298;0.16981559246778488;0.5766197641690572;0.8424803217252096;0.2883782982826233;;acercandose;frontal
4.07;0.5961205363273621;0.2650218605995178;-0.2679913341999054;0.6458649039268494;0.33834704756736755;-0.10246003419160843;0.5599475502967834;0.3322839140892029;-0.12132643163204193;0.6538366675376892;0.4601864218711853;-0.05192062631249428;0.5508788228034973;0.45303773880004883;-0.0773908942937851;0.6214545369148254;0.5611974000930786;0.004185282159596682;0.5757840871810913;0.556901216506958;-0.004291304387152195;0.6130609512329102;0.7225802540779114;-0.0039009449537843466;0.5728388428688049;0.71744304895401;0.013217037543654442;0.6033617317676544;0.23908227682113647;-0.27253086119890213;0.6522469967603683;0.5830598026514053;-0.18686695396900177;0.5455900877714157;0.577135443687439;-0.19134754687547684;0.6065201759338379;0.8883319695790609;0.1917417049407959;0.5770079692204794;0.8541499574979147;0.244174192349116;;acercandose;frontal
4.1;0.5968191623687744;0.2648693323135376;-0.27264460921287537;0.6465387344360352;0.3383132219314575;-0.10386079549789429;0.5604607462882996;0.3319126069545746;-0.12810026109218597;0.6546229720115662;0.46015793085098267;-0.04861839860677719;0.5509570837020874;0.4530632197856903;-0.08347797393798828;0.6215583682060242;0.5624042749404907;0.008372933603823185;0.5757418274879456;0.5573025345802307;-0.00850029569119215;0.6129199266433716;0.7248519062995911;0.010487915016710758;0.5730292201042175;0.7182933688163757;0.0006922083557583392;0.6039871454238892;0.23885761052370072;-0.2771791845560074;0.6532426923513412;0.5825299024581909;-0.18240885809063911;0.5453789681196213;0.5770262032747269;-0.19576561078429222;0.6060516238212585;0.8903469244639078;0.21525553862253824;0.5771654645601908;0.8610759576161703;0.22722317775090536;;acercandose;frontal
4.13;0.5980002284049988;0.2641160190105438;-0.27276530861854553;0.6468949913978577;0.3383011519908905;-0.09702310711145401;0.5607964992523193;0.3314308524131775;-0.1302063763141632;0.6555159687995911;0.46043121814727783;-0.03718969225883484;0.5506291389465332;0.4530327618122101;-0.08613555878400803;0.6218335628509521;0.5630269646644592;0.013406806625425816;0.5758874416351318;0.5577534437179565;-0.013538969680666924;0.6128232479095459;0.726322591304779;0.015911448746919632;0.5737144947052002;0.7188832759857178;-0.014167532324790955;0.6052383363246918;0.23802380114793778;-0.27718565762043;0.6544357687234879;0.5827096849679947;-0.17060933634638786;0.5453029423952103;0.5770602375268936;-0.19588463753461838;0.6053022344907125;0.8918345967928568;0.2244523068269094;0.5769726236661276;0.8688306212425232;0.2013969123363495;;acercandose;frontal
4.17;0.5991426706314087;0.26416194438934326;-0.272824227809906;0.6468935608863831;0.338293194770813;-0.0939873605966568;0.560700535774231;0.331448495388031;-0.13016700744628906;0.6557647585868835;0.4609149396419525;-0.03302822262048721;0.5505751371383667;0.45300981402397156;-0.08614189922809601;0.6218840479850769;0.56365567445755;0.01441998966038227;0.5759337544441223;0.5583862662315369;-0.01452759001404047;0.6127639412879944;0.7272312641143799;0.015843305736780167;0.5740012526512146;0.7190093398094177;-0.007359562441706657;0.6063020288944244;0.23793436884880065;-0.27689915597438813;0.6547410786151886;0.5834798365831375;-0.16419808939099312;0.5451498776674271;0.5784545838832855;-0.1953119859099388;0.604451596736908;0.8929699858029684;0.20538256565729776;0.5762415726979574;0.8814552227656046;0.1690815563003222;;acercandose;frontal
4.2;0.599082350730896;0.2642279267311096;-0.2674955427646637;0.6468280553817749;0.33833953738212585;-0.09306135028600693;0.5605379343032837;0.3314734697341919;-0.12426319718360901;0.6557422876358032;0.4617200195789337;-0.035047147423028946;0.5505110621452332;0.4529714286327362;-0.07956518977880478;0.6217305064201355;0.564041018486023;0.013636123389005661;0.5758334994316101;0.5589706301689148;-0.013736528344452381;0.6127527356147766;0.7282705903053284;0.013199959881603718;0.5743706822395325;0.7221382856369019;-0.004826691932976246;0.6062255680561066;0.23793465793132781;-0.2713626980781555;0.6550931334495544;0.5841624140739441;-0.16580501943826675;0.5450984686613083;0.5797766447067261;-0.18579792603850365;0.6041863560676575;0.8941360116004944;0.19836627940336862;0.5764046510060629;0.8914815584818522;0.16189864526192346;;acercandose;frontal
4.23;0.5990270972251892;0.2642166316509247;-0.2679319977760315;0.6467364430427551;0.33840760588645935;-0.09193048626184464;0.5604208111763;0.3314843773841858;-0.12535612285137177;0.6558997631072998;0.46231305599212646;-0.03339872136712074;0.5504559874534607;0.45293480157852173;-0.08292628079652786;0.6215906143188477;0.5644318461418152;0.016120607033371925;0.5757689476013184;0.559488832950592;-0.016207464039325714;0.6127042770385742;0.7286614775657654;0.024882247671484947;0.5747804641723633;0.7249088287353516;-0.004853419493883848;0.6061222434043885;0.23784352242946624;-0.2718463450670242;0.6554034799337387;0.584920734167099;-0.1618419885635376;0.5450204312801361;0.5809852480888367;-0.1870291642844677;0.6040378014246622;0.8958383003870646;0.19550412893295288;0.5769965847333273;0.9010236859321594;0.14853292951981226;;acercandose;frontal
4.27;0.5987095832824707;0.26438936591148376;-0.2662188410758972;0.646776020526886;0.3387363851070404;-0.08975988626480103;0.5602982640266418;0.33148202300071716;-0.12528251111507416;0.6560567617416382;0.4633876383304596;-0.03212723508477211;0.5503139495849609;0.45292970538139343;-0.08276163041591644;0.6214924454689026;0.5668910145759583;0.016929445788264275;0.5757254958152771;0.56141597032547;-0.017012592405080795;0.6126642823219299;0.7303727269172668;0.025401713326573372;0.5751134157180786;0.7295491695404053;-0.0038223613519221544;0.6058279752731324;0.2378776714205742;-0.2703967809677124;0.6552771031856537;0.5861394703388214;-0.1626146286725998;0.5449121743440628;0.5818798542022705;-0.18759816139936447;0.6037036379178365;0.898618479569753;0.19532111783822378;0.5773785909016927;0.9038753112157186;0.15791032214959463;;acercandose;frontal
4.3;0.5985907316207886;0.26442644000053406;-0.24264220893383026;0.6466653347015381;0.338846355676651;-0.07375536113977432;0.5601634979248047;0.33149224519729614;-0.10605303943157196;0.6563481092453003;0.4638058841228485;-0.021213795989751816;0.5495844483375549;0.4530088007450104;-0.06990408152341843;0.6214374303817749;0.5694043040275574;0.016042841598391533;0.5756439566612244;0.5642390847206116;-0.016121400520205498;0.6126486659049988;0.7322468161582947;0.02962987683713436;0.5752438306808472;0.7333875298500061;-0.0011932218912988901;0.6056205689907074;0.23768833428621292;-0.2459019109606743;0.6556356400251389;0.5871729105710983;-0.15377390012145042;0.5447846353054047;0.5830971300601959;-0.18165548145771027;0.6036746700604757;0.8993212183316549;0.19923759996891022;0.5773484905560812;0.9053452213605245;0.16252426306406656;;acercandose;frontal
4.33;0.597823977470398;0.264382004737854;-0.2452363818883896;0.6466150879859924;0.3388614356517792;-0.07798545807600021;0.5592180490493774;0.33166074752807617;-0.10879386216402054;0.6562052965164185;0.4638192057609558;-0.027575939893722534;0.5481453537940979;0.453258216381073;-0.0727197602391243;0.6213423609733582;0.5710659027099609;0.015502318739891052;0.5755020976066589;0.5664903521537781;-0.015576819889247417;0.612768828868866;0.7319183349609375;0.04817035794258118;0.5752657055854797;0.735345184803009;0.010209469124674797;0.6048577308654786;0.2374233976006508;-0.2486317127943039;0.6556504219770432;0.5870487838983536;-0.1595311462879181;0.5446328073740005;0.5844708830118179;-0.18372686207294464;0.6037517786026001;0.8990691304206848;0.2192201962073644;0.5774151682853699;0.9055831829706827;0.17540809015432993;;acercandose;frontal
4.37;0.5968109369277954;0.26381534337997437;-0.24570782482624054;0.6461071968078613;0.33886051177978516;-0.07783075422048569;0.557378351688385;0.3322587311267853;-0.10857070237398148;0.6560749411582947;0.4638058543205261;-0.02843562699854374;0.5465832352638245;0.45375850796699524;-0.0731608048081398;0.6213123202323914;0.5718515515327454;0.015099095180630684;0.5754536390304565;0.5679959058761597;-0.015175454318523407;0.6127902865409851;0.7327339053153992;0.03889883682131767;0.5752474665641785;0.7373424172401428;0.012027746997773647;0.6039877533912659;0.2365163803100586;-0.24857384264469146;0.6559239327907562;0.5871009230613708;-0.16170236840844154;0.5443129241466522;0.5865318924188614;-0.1846470795571804;0.6037136117617289;0.8990207513173422;0.22496907909711203;0.5773521065711975;0.9062108993530273;0.18346711496512094;;acercandose;frontal
4.4;0.5953699946403503;0.2635161578655243;-0.26179081201553345;0.6452744603157043;0.33880946040153503;-0.09114719927310944;0.5554165840148926;0.33286821842193604;-0.1219855397939682;0.6559788584709167;0.4638824164867401;-0.03938291594386101;0.5448421835899353;0.4545336961746216;-0.08621509373188019;0.6212554574012756;0.5726572275161743;0.014947589486837387;0.5754235982894897;0.5695298314094543;-0.015018780715763569;0.6125738024711609;0.7335463166236877;0.06096632033586502;0.5751717686653137;0.7389848232269287;0.029965192079544067;0.6024778664112092;0.23599618822336196;-0.264461350440979;0.6557830274105072;0.5877261906862259;-0.1749238558113575;0.5439077764749527;0.5880215018987656;-0.20052311941981316;0.6035868922869364;0.8986700574556986;0.2653222332398097;0.577384889125824;0.9063167770703634;0.21249189476172128;;acercandose;frontal
4.43;0.5932689905166626;0.2629735767841339;-0.2802101969718933;0.6434417366981506;0.3385083079338074;-0.10836276412010193;0.5528746843338013;0.3333244025707245;-0.1358451098203659;0.6558130383491516;0.4640055298805237;-0.050896693021059036;0.5434444546699524;0.45528414845466614;-0.09438449144363403;0.6212126612663269;0.5723118185997009;0.013757918030023575;0.5751293897628784;0.5696037411689758;-0.01383014116436243;0.612499475479126;0.7336947917938232;0.050323329865932465;0.5745899081230164;0.7387219667434692;0.02571483515202999;0.6003501117229462;0.23579833209514617;-0.28410611748695375;0.6557076573371887;0.5880400389432907;-0.1803966797888279;0.5425892621278763;0.5894929617643356;-0.20491623878479004;0.6035230755805969;0.8986666599909464;0.24092705051104227;0.5774155259132385;0.9082457820574442;0.20917916297912598;;acercandose;frontal
4.47;0.5902710556983948;0.26193341612815857;-0.28652384877204895;0.6413969397544861;0.3380551040172577;-0.1131868064403534;0.5506760478019714;0.3338627219200134;-0.14149139821529388;0.6551221609115601;0.4640308618545532;-0.05472995713353157;0.5418331027030945;0.4561862051486969;-0.09856666624546051;0.6209550499916077;0.5720980763435364;0.013665609993040562;0.5745888948440552;0.5699893236160278;-0.013738156296312809;0.6124259233474731;0.733910858631134;0.044388461858034134;0.574120044708252;0.7377696633338928;0.025345392525196075;0.5978667438030243;0.235168519616127;-0.2908294305205345;0.6556191742420197;0.5881635099649429;-0.1861000768840313;0.5404761582612991;0.5909903049468994;-0.2102150283753872;0.6033837199211121;0.8984406391779581;0.2467389702796936;0.5773581067721049;0.9083823959032694;0.20473212748765945;;acercandose;frontal
4.5;0.5880085825920105;0.260621577501297;-0.292597234249115;0.6396657824516296;0.3373814821243286;-0.11872346699237823;0.548765242099762;0.334811806678772;-0.1472981870174408;0.6536385416984558;0.46402251720428467;-0.060104817152023315;0.5408321619033813;0.4572405219078064;-0.10620956867933273;0.6204506754875183;0.5725224018096924;0.013274351134896278;0.5735926628112793;0.5710528492927551;-0.013352641835808754;0.6124180555343628;0.7342647910118103;0.05780177190899849;0.5737565159797668;0.7393875122070312;0.034828025847673416;0.5959851682186127;0.23432364016771318;-0.29693477898836135;0.6553510874509811;0.5882211029529572;-0.19400539249181747;0.539671391248703;0.5924387276172638;-0.22091659158468246;0.6032781799634298;0.8982845147450765;0.2742731074492137;0.5776394605636597;0.9085525671641032;0.22991318504015604;;acercandose;frontal
4.53;0.5860870480537415;0.26015037298202515;-0.31141942739486694;0.6381852626800537;0.3369129002094269;-0.13537390530109406;0.5469219088554382;0.33592361211776733;-0.16252195835113525;0.6516481637954712;0.4641578495502472;-0.07914148271083832;0.5397614240646362;0.45799118280410767;-0.12145606428384781;0.6201257705688477;0.5725109577178955;0.013219192624092102;0.5727986693382263;0.5711435675621033;-0.013300517573952675;0.6123445630073547;0.7349157929420471;0.0864633172750473;0.5733643174171448;0.7387480139732361;0.04476076737046242;0.5943256139755249;0.23385129272937774;-0.3161457389593124;0.653867095708847;0.5890689939260483;-0.21323241665959358;0.5386922657489777;0.5942105799913406;-0.23550016805529594;0.6029643615086874;0.8979271451632181;0.30503373344739276;0.5776251951853434;0.9070924719174703;0.2411276400089264;;acercandose;frontal
4.57;0.5847054719924927;0.25969362258911133;-0.307905375957489;0.6368685364723206;0.33644330501556396;-0.12406497448682785;0.5461146831512451;0.3363480865955353;-0.15348409116268158;0.6495357751846313;0.46432870626449585;-0.0705212876200676;0.5387487411499023;0.45839717984199524;-0.11660598963499069;0.6196173429489136;0.5724849700927734;0.012692977674305439;0.572106659412384;0.571973443031311;-0.012764940038323402;0.6123382449150085;0.7348167300224304;0.07331056892871857;0.5727285146713257;0.7383149266242981;0.03669926896691322;0.592822813987732;0.23340615183115004;-0.3127730429172516;0.6525425314903259;0.5906435549259186;-0.20412934571504593;0.5378937721252441;0.5953035056591034;-0.23301996290683746;0.6026178598403931;0.8979479471842448;0.28426151474316913;0.5773196220397949;0.9066096941630045;0.2301987260580063;;acercandose;frontal
4.6;0.5836885571479797;0.2597218453884125;-0.2899326682090759;0.6362765431404114;0.33615580201148987;-0.12051419168710709;0.545026957988739;0.3372234106063843;-0.1366977095603943;0.6479843854904175;0.4643276333808899;-0.06576842069625854;0.5378913283348083;0.45910945534706116;-0.09711099416017532;0.6195290684700012;0.5726742148399353;0.013028419576585293;0.5715672373771667;0.5730215907096863;-0.013093932531774044;0.6125357151031494;0.7348814606666565;0.06768825650215149;0.5713351368904114;0.7377268075942993;0.013291430659592152;0.5916891396045685;0.23325468897819518;-0.2936592474579811;0.6511797308921814;0.5906618535518646;-0.1994486302137375;0.5370898842811584;0.5960071235895157;-0.21461402252316475;0.6025401751200358;0.8994951645533243;0.26991404096285504;0.576617697874705;0.9059788584709167;0.1900861213604609;;acercandose;frontal
4.63;0.5822116732597351;0.2596266269683838;-0.26566216349601746;0.6358723640441895;0.3358435034751892;-0.10661076754331589;0.5444588661193848;0.33787110447883606;-0.11678045988082886;0.6471095681190491;0.46430498361587524;-0.0634504184126854;0.5372716188430786;0.45987674593925476;-0.07513897120952606;0.6193975806236267;0.5733813643455505;0.012675587087869644;0.5708320140838623;0.5737622976303101;-0.012729243375360966;0.6125646829605103;0.7381153106689453;0.048616666346788406;0.5702041983604431;0.7375742793083191;0.0029950186144560575;0.5901696383953094;0.23305058628320693;-0.2695344790816307;0.6496647745370865;0.5911463648080826;-0.19766659662127495;0.5364513695240021;0.5960803478956223;-0.19144855067133904;0.6022695700327555;0.9041470487912496;0.24270308514436087;0.5759627421696981;0.9069936275482178;0.17732102423906326;;acercandose;frontal
4.67;0.5810622572898865;0.25956717133522034;-0.2592622935771942;0.6353402733802795;0.3356046676635742;-0.09904210269451141;0.5440504550933838;0.33809950947761536;-0.11093097180128098;0.6464532017707825;0.46431970596313477;-0.051826976239681244;0.5367839932441711;0.46044063568115234;-0.06924929469823837;0.6190495491027832;0.5746094584465027;0.011797569692134857;0.5700705051422119;0.5748860239982605;-0.011849098838865757;0.6123561263084412;0.7424975037574768;0.03855165094137192;0.5694749355316162;0.7381300330162048;-0.0004948571440763772;0.5889146566390991;0.2329603314399719;-0.2631243303418159;0.6491838842630386;0.5921047031879425;-0.18002814427018166;0.5357775837182999;0.5963460206985474;-0.18366898223757744;0.6023645599683126;0.9092538555463155;0.23309166232744852;0.5758115649223328;0.9082639018694559;0.17072473466396332;;acercandose;frontal
4.7;0.5804023742675781;0.25958600640296936;-0.25963911414146423;0.6350815296173096;0.33539608120918274;-0.10053591430187225;0.5436764359474182;0.3381465971469879;-0.11568456888198853;0.6462804079055786;0.4642358422279358;-0.05217026174068451;0.536148726940155;0.460666686296463;-0.07508622109889984;0.6187567114830017;0.5747352838516235;0.011779076419770718;0.5695539712905884;0.5749383568763733;-0.011832212097942829;0.6116353869438171;0.7448760271072388;0.04030556231737137;0.5695182085037231;0.7387968897819519;-0.0013586595887318254;0.5882576048374176;0.23296476006507874;-0.26481203734874725;0.6483799666166306;0.5921972543001175;-0.18135664612054825;0.5353304594755173;0.5968631207942963;-0.1886991411447525;0.602638840675354;0.9135732849438986;0.23109752933184305;0.5757494370142618;0.909395158290863;0.16887559493382773;;acercandose;frontal
4.73;0.5802581906318665;0.2597185969352722;-0.26030632853507996;0.6349655985832214;0.3352636992931366;-0.09865345060825348;0.5434364080429077;0.3381337821483612;-0.11454962939023972;0.6464327573776245;0.4640583097934723;-0.05210699141025543;0.5357916355133057;0.46065181493759155;-0.07375425845384598;0.6186044216156006;0.5753653645515442;0.011777286417782307;0.5693086385726929;0.5755621194839478;-0.011830583214759827;0.6109556555747986;0.7483047842979431;0.041785452514886856;0.5694448351860046;0.7395836710929871;-0.012926969677209854;0.5881133139133453;0.23300052136182786;-0.2648628368973732;0.6477462649345398;0.5921293050050735;-0.182892806828022;0.5353021621704102;0.5967345982789993;-0.18839402124285698;0.6028188268343607;0.915781040986379;0.23443085451920828;0.5754376451174418;0.9113147656122843;0.1485208993156751;;acercandose;frontal
4.77;0.5799977779388428;0.25998401641845703;-0.27487531304359436;0.6351006627082825;0.33526256680488586;-0.1104794591665268;0.5433404445648193;0.33817169070243835;-0.11884672194719315;0.6465110778808594;0.46457481384277344;-0.06429621577262878;0.535825788974762;0.46098974347114563;-0.07578154653310776;0.6185431480407715;0.5772659182548523;0.010822953656315804;0.5692445039749146;0.5769081115722656;-0.010879088193178177;0.6105791926383972;0.7519534230232239;0.04480071738362312;0.5692709684371948;0.7433479428291321;-0.005836662836372852;0.5879001021385193;0.23305064737796782;-0.2802774339914322;0.6470431536436081;0.5946691334247589;-0.20043843612074852;0.5353899300098419;0.5976080149412155;-0.19023646414279938;0.6031314730644226;0.9168636004130045;0.25892184178034466;0.5755537748336792;0.9131145477294922;0.16493017226457596;;acercandose;frontal
4.8;0.5798127055168152;0.25999724864959717;-0.2749422490596771;0.6351727843284607;0.33526596426963806;-0.11245784163475037;0.5434019565582275;0.3381880819797516;-0.1195916160941124;0.6466737389564514;0.4647902250289917;-0.0682668462395668;0.5359029173851013;0.4610757827758789;-0.07557588070631027;0.618445098400116;0.5776406526565552;0.009587042033672333;0.5691042542457581;0.5775769948959351;-0.009638728573918343;0.6103180050849915;0.7517987489700317;0.045099079608917236;0.5690837502479553;0.746705949306488;-0.002990484004840255;0.5876561224460601;0.23301651179790497;-0.28014529645442965;0.6463610231876373;0.5954581499099731;-0.20528041943907738;0.5354619473218918;0.5978127121925354;-0.19087211042642593;0.6035939256350199;0.9172409375508627;0.2559463183085124;0.5759236216545105;0.9140420357386271;0.1705824707945188;;acercandose;frontal
4.83;0.57984459400177;0.2603127658367157;-0.2698732614517212;0.6352187991142273;0.3352537155151367;-0.11215540021657944;0.5434020161628723;0.33823472261428833;-0.11690932512283325;0.64676833152771;0.46480637788772583;-0.06653118133544922;0.5360199809074402;0.4613710939884186;-0.07392910867929459;0.6184092164039612;0.5775920152664185;0.008388559333980083;0.5690896511077881;0.5775407552719116;-0.00842923205345869;0.6102921366691589;0.7507964372634888;0.044673383235931396;0.5690463781356812;0.7461454272270203;0.00019748989143408835;0.5875520706176758;0.2331305742263794;-0.2748411923646927;0.6457129120826721;0.5952965319156647;-0.2026527039706707;0.5358263105154037;0.5977981388568878;-0.1905353143811226;0.6036133170127869;0.916879137357076;0.23001334567864737;0.5759456356366476;0.9138879577318827;0.17292501529057822;;acercandose;frontal
4.87;0.5800290107727051;0.26041486859321594;-0.24736051261425018;0.6352078318595886;0.3351845443248749;-0.09596940129995346;0.5434234142303467;0.33823540806770325;-0.10351461917161942;0.6468310952186584;0.46475449204444885;-0.059473805129528046;0.5361060500144958;0.4618436396121979;-0.06862402707338333;0.6183392405509949;0.5776132941246033;0.008121954277157784;0.5691060423851013;0.5777104496955872;-0.008159101940691471;0.610293984413147;0.750122606754303;0.04332093149423599;0.569064736366272;0.7456695437431335;0.005724919959902763;0.5876335680484772;0.23313854038715362;-0.25109184384346006;0.645209550857544;0.5951735377311707;-0.1984092853963375;0.5367941558361053;0.5980365425348282;-0.18727533891797066;0.6036047538121542;0.9163029591242472;0.22717865308125815;0.5758308172225952;0.912844697634379;0.1786619027455648;;acercandose;frontal
4.9;0.5801331400871277;0.26042234897613525;-0.25096532702445984;0.6351794600486755;0.33507806062698364;-0.09410276263952255;0.5433319211006165;0.3382369875907898;-0.10555743426084518;0.646885335445404;0.4647403061389923;-0.05455334112048149;0.536170482635498;0.46210595965385437;-0.07072622328996658;0.6182135939598083;0.5776546001434326;0.00729968911036849;0.5691238045692444;0.577750027179718;-0.007327164523303509;0.6103023290634155;0.7501865029335022;0.038594022393226624;0.5688143968582153;0.7459758520126343;0.013381166383624077;0.5877073347568512;0.23311881273984908;-0.2547015741467476;0.6449124366044998;0.5951184928417206;-0.19149316102266312;0.5400936454534531;0.5983329713344574;-0.18832332640886307;0.6035467386245728;0.915947159131368;0.23124728600184122;0.5756446321805319;0.91180419921875;0.19478684663772583;;acercandose;frontal
4.93;0.5802607536315918;0.26043155789375305;-0.2524469196796417;0.6352067589759827;0.33504197001457214;-0.09544017910957336;0.5433825254440308;0.33823543787002563;-0.1060001477599144;0.646937906742096;0.46476927399635315;-0.05487889051437378;0.536245584487915;0.4623073637485504;-0.0716080367565155;0.618049681186676;0.5782506465911865;0.006194363813847303;0.5691413879394531;0.5780751705169678;-0.006209950894117355;0.6102972030639648;0.7505785226821899;0.04577392339706421;0.5688210725784302;0.747327983379364;0.02190905623137951;0.587680459022522;0.23303522765636445;-0.25650475472211837;0.6441386342048645;0.5951625108718872;-0.19154973700642586;0.5431554615497589;0.5988486260175705;-0.18896855786442757;0.6035040616989136;0.9156585335731506;0.24930594364802042;0.5754467248916626;0.911782443523407;0.20473933716615042;;acercandose;frontal
4.97;0.5803295373916626;0.26044124364852905;-0.2414524257183075;0.6352165341377258;0.33503255248069763;-0.08516228199005127;0.5434080362319946;0.3383014500141144;-0.09819125384092331;0.6469800472259521;0.4647059738636017;-0.04694494232535362;0.5365015268325806;0.4623171389102936;-0.0692899152636528;0.6177187561988831;0.5790243744850159;0.005959353409707546;0.5691483616828918;0.5784387588500977;-0.005973657127469778;0.6102287173271179;0.7509478330612183;0.0432584248483181;0.5688353180885315;0.7484492659568787;0.02273041382431984;0.5876923501491547;0.23299575895071029;-0.24498192667961122;0.6438750177621841;0.5949611067771912;-0.18584059923887253;0.5456462800502777;0.5990402400493622;-0.18848653137683868;0.6035148898760477;0.9154200156529745;0.2511763572692871;0.5754817525545756;0.9114935795466105;0.20997892320156097;;acercandose;frontal
5.0;0.5804117918014526;0.26057836413383484;-0.24638612568378448;0.6352317929267883;0.33503448963165283;-0.08910767734050751;0.5434508919715881;0.3385515809059143;-0.10207105427980423;0.6469962000846863;0.4648154377937317;-0.04990777373313904;0.5370627045631409;0.46326082944869995;-0.07053566724061966;0.6174346804618835;0.5802620053291321;0.006040538661181927;0.569161593914032;0.5792991518974304;-0.006054440978914499;0.6102069020271301;0.751141369342804;0.05360446870326996;0.5688219666481018;0.7492969632148743;0.020631033927202225;0.5876301646232605;0.23300146609544753;-0.25013597458601;0.6429506987333298;0.595205694437027;-0.19211269542574883;0.5472811609506607;0.6015599071979523;-0.1923406720161438;0.6035577058792114;0.9152595003445944;0.26447593172391254;0.5754362940788269;0.9113272428512573;0.20394090314706168;;acercandose;frontal
5.03;0.5803341269493103;0.26195913553237915;-0.24888791143894196;0.6352936625480652;0.3350558280944824;-0.09100916981697083;0.5434796214103699;0.3386814296245575;-0.10288125276565552;0.6470323801040649;0.4659099280834198;-0.05335959047079086;0.5378385782241821;0.46445736289024353;-0.0709586888551712;0.6171554923057556;0.5814570784568787;0.006072900723665953;0.5691695809364319;0.5804038643836975;-0.006082210224121809;0.6102083325386047;0.7512801289558411;0.05229906737804413;0.5687083005905151;0.7506993412971497;0.018220975995063782;0.5872302949428558;0.23395723402500151;-0.252850441634655;0.642195463180542;0.5980078428983688;-0.1948314867913723;0.5487191528081894;0.6039634197950363;-0.19261790812015533;0.6037574211756388;0.9149304231007894;0.27334514260292053;0.5754997332890829;0.9123755296071371;0.2007432480653127;;acercandose;frontal
5.07;0.5800391435623169;0.2621152698993683;-0.24885161221027374;0.6354072690010071;0.33506283164024353;-0.09125012904405594;0.5434995293617249;0.3387767970561981;-0.10347974300384521;0.6470432877540588;0.46648454666137695;-0.058839600533246994;0.538199782371521;0.46547555923461914;-0.07110942900180817;0.6169297695159912;0.5824470520019531;0.006076533813029528;0.5691642761230469;0.5808266997337341;-0.006082829553633928;0.6101977229118347;0.7516809105873108;0.05294652283191681;0.5686758756637573;0.750503659248352;0.017840543761849403;0.5868301153182983;0.23412575274705888;-0.25314068645238874;0.6415355652570724;0.5998154282569885;-0.19810187816619873;0.549497127532959;0.6054994165897369;-0.19399528205394745;0.6037525534629822;0.9149636427561442;0.26770387093226117;0.5750456849733988;0.9123148520787557;0.19917031625906625;;acercandose;frontal
5.1;0.5800797343254089;0.2620927691459656;-0.2457909882068634;0.6355255842208862;0.33508771657943726;-0.09209755063056946;0.5435192584991455;0.33890676498413086;-0.10322782397270203;0.6470729112625122;0.46694332361221313;-0.060168035328388214;0.5384283065795898;0.46655216813087463;-0.07288356870412827;0.616768479347229;0.583631157875061;0.00610005808994174;0.5691523551940918;0.5813804268836975;-0.0061046890914440155;0.6101093888282776;0.7525607943534851;0.054734792560338974;0.5686412453651428;0.7502407431602478;0.01915695331990719;0.5868457734584809;0.23397395759820938;-0.2497079461812973;0.6407204568386078;0.6006068587303162;-0.19854645431041718;0.5500288307666779;0.6060706675052643;-0.19623716548085213;0.6035437981287638;0.9149782061576843;0.2641115039587021;0.574707567691803;0.912824829419454;0.19844482839107513;;acercandose;frontal
5.13;0.5801091194152832;0.2620495855808258;-0.24689507484436035;0.6356047987937927;0.33515650033950806;-0.09406498819589615;0.5435280799865723;0.3390139043331146;-0.10353869944810867;0.6470937132835388;0.4672117829322815;-0.06353782117366791;0.5384735465049744;0.4669507145881653;-0.07509693503379822;0.6166419386863708;0.5840426087379456;0.006113504525274038;0.5691459774971008;0.5817166566848755;-0.006118075456470251;0.610007643699646;0.7527363300323486;0.054293617606163025;0.5686443448066711;0.750075101852417;0.018987109884619713;0.5868669033050538;0.23377219289541246;-0.2510020941495895;0.6402586549520493;0.6009884923696518;-0.2025054171681404;0.5503617227077484;0.6063100546598434;-0.19918757677078247;0.6033343076705933;0.9151710867881775;0.2623390754063924;0.5746612151463827;0.9131877819697062;0.19812304278214773;;acercandose;frontal
5.17;0.5801340937614441;0.26187998056411743;-0.25143852829933167;0.6356387138366699;0.33526596426963806;-0.09868071228265762;0.5435384511947632;0.3392423391342163;-0.1068386435508728;0.6471163034439087;0.467331200838089;-0.06718800961971283;0.53847336769104;0.4672246277332306;-0.07910040020942688;0.6164658069610596;0.5845857858657837;0.006136137992143631;0.569111704826355;0.5824180841445923;-0.006141169462352991;0.610005259513855;0.7529058456420898;0.053802937269210815;0.5686153173446655;0.7501168847084045;0.018709467723965645;0.5868943512439728;0.23356755524873735;-0.25521680116653445;0.6398793309926987;0.6016028076410294;-0.20750707387924194;0.5504397600889206;0.60667385160923;-0.20360056683421135;0.6031407117843628;0.9152113199234009;0.2671997050444285;0.5746728777885437;0.9132346312204996;0.2019227221608162;;acercandose;frontal
5.2;0.5801544785499573;0.2613973319530487;-0.25150296092033386;0.6356548070907593;0.33529534935951233;-0.09872858226299286;0.5435439944267273;0.33938613533973694;-0.10697242617607117;0.6471337080001831;0.46738913655281067;-0.06604307144880295;0.5384570956230164;0.46734318137168884;-0.0797351747751236;0.6163298487663269;0.5850154161453247;0.006145063322037458;0.5690430998802185;0.5832621455192566;-0.006150157190859318;0.6100518703460693;0.753087043762207;0.05464132875204086;0.5685068964958191;0.7501484751701355;0.025474095717072487;0.586916595697403;0.23324955850839615;-0.2552609369158745;0.6398138254880905;0.6020042449235916;-0.20610353723168373;0.5504550784826279;0.6068256795406342;-0.20300694555044174;0.6031485795974731;0.9152254263559977;0.273016760746638;0.5746838053067526;0.9129089117050171;0.21964853008588156;;acercandose;frontal
5.23;0.5801631808280945;0.26075315475463867;-0.24453046917915344;0.6356261372566223;0.3353049159049988;-0.09477697312831879;0.5435490608215332;0.3394964039325714;-0.10244347155094147;0.6467992067337036;0.46740448474884033;-0.05916081368923187;0.5384326577186584;0.467520147562027;-0.07619740068912506;0.6161872148513794;0.5854034423828125;0.005698999855667353;0.568886399269104;0.584133505821228;-0.005711931269615889;0.6100433468818665;0.7533949613571167;0.049336712807416916;0.5683016777038574;0.7514117956161499;0.03524833917617798;0.5869306087493896;0.2329167753458023;-0.24785647690296173;0.6398086845874786;0.6025822311639786;-0.1929866075515747;0.5504848212003708;0.6069544851779938;-0.19727317616343498;0.6031158367792765;0.9152403871218363;0.27158669133981067;0.5746881365776062;0.9124864141146342;0.24002979199091592;;acercandose;frontal
5.27;0.5801751613616943;0.25992655754089355;-0.2379891574382782;0.6355423927307129;0.33530810475349426;-0.0896119698882103;0.543546199798584;0.33953163027763367;-0.09846500307321548;0.6461911201477051;0.4674018919467926;-0.05226343497633934;0.5383768081665039;0.4678793251514435;-0.07323095202445984;0.6158069372177124;0.5857672095298767;0.00546483276411891;0.5684500336647034;0.5845907926559448;-0.005482817068696022;0.6100137233734131;0.7535169124603271;0.04765553027391434;0.5682075619697571;0.7537809014320374;0.03903800621628761;0.5869388580322266;0.2324587494134903;-0.24097806215286255;0.6396951377391815;0.6030234843492508;-0.18372493982315063;0.550366073846817;0.606925904750824;-0.19261594116687775;0.6031900842984518;0.9152977466583252;0.27196885148684186;0.5747123559316;0.9123745759328207;0.24502716461817423;;acercandose;frontal
5.3;0.5801758170127869;0.25945019721984863;-0.23892000317573547;0.6354806423187256;0.33531028032302856;-0.09050925076007843;0.5435525178909302;0.3395356237888336;-0.09939757734537125;0.6457411646842957;0.467389315366745;-0.053000688552856445;0.5383005142211914;0.4685020446777344;-0.07317778468132019;0.6155716776847839;0.5858016610145569;0.005120504647493362;0.5681296586990356;0.5847593545913696;-0.005143116228282452;0.6100211143493652;0.7535056471824646;0.04728862643241882;0.568178653717041;0.7537136673927307;0.0436527281999588;0.5869471073150635;0.23214043080806732;-0.24203942865133285;0.6394706517457962;0.6036280393600464;-0.18112961202859879;0.5502615422010422;0.6069092601537704;-0.19073734432458878;0.6031946738560995;0.9153206547101339;0.2708800782759984;0.5746461749076843;0.9122217098871866;0.24797992408275604;;acercandose;frontal
5.33;0.5801018476486206;0.2587977647781372;-0.23998582363128662;0.6354186534881592;0.33532145619392395;-0.09253887087106705;0.5435160398483276;0.33953985571861267;-0.09993542730808258;0.6453139185905457;0.4673864543437958;-0.053600944578647614;0.5381875038146973;0.4688144624233246;-0.07191134244203568;0.6152812838554382;0.5857802629470825;0.0040019815787673;0.5676508545875549;0.5847581624984741;-0.0040311249904334545;0.6100109815597534;0.7533223628997803;0.04642608016729355;0.5679183006286621;0.7535596489906311;0.046550337225198746;0.5869288444519043;0.23175886124372483;-0.24323962181806563;0.6392187774181366;0.6039834022521973;-0.18264469876885414;0.5502064973115921;0.6067976355552673;-0.18754611909389496;0.6030494173367819;0.9153130650520325;0.26493026812871295;0.5746061404546102;0.9119682908058167;0.25011978546778363;;acercandose;frontal
5.37;0.5800837278366089;0.25878971815109253;-0.24394650757312775;0.6353610754013062;0.33539924025535583;-0.09859020262956619;0.5435025691986084;0.3395436704158783;-0.10123466700315475;0.6450563669204712;0.4674144387245178;-0.05977239832282066;0.5380452871322632;0.4689521789550781;-0.07211307436227798;0.6151522397994995;0.5858684778213501;0.0034997162874788046;0.5674009323120117;0.5849519371986389;-0.003527967492118478;0.6100013256072998;0.7529850602149963;0.046531159430742264;0.5676394701004028;0.7534434795379639;0.04731087386608124;0.5869313299655914;0.23173241317272186;-0.24730002582073213;0.6390256583690643;0.6042856127023697;-0.18760696798563004;0.5493290722370148;0.606427326798439;-0.18852435424923897;0.6029937664667765;0.9154192209243774;0.26355989277362823;0.5745645960172018;0.9116730093955994;0.2521956115961075;;acercandose;frontal
