segundo;landmark_10_x;landmark_10_y;landmark_10_z;landmark_11_x;landmark_11_y;landmark_11_z;landmark_12_x;landmark_12_y;landmark_12_z;landmark_13_x;landmark_13_y;landmark_13_z;landmark_14_x;landmark_14_y;landmark_14_z;landmark_23_x;landmark_23_y;landmark_23_z;landmark_24_x;landmark_24_y;landmark_24_z;landmark_25_x;landmark_25_y;landmark_25_z;landmark_26_x;landmark_26_y;landmark_26_z;cara_prom_x;cara_prom_y;cara_prom_z;mano_izquierda_prom_x;mano_izquierda_prom_y;mano_izquierda_prom_z;mano_derecha_prom_x;mano_derecha_prom_y;mano_derecha_prom_z;pie_izquierdo_prom_x;pie_izquierdo_prom_y;pie_izquierdo_prom_z;pie_derecho_prom_x;pie_derecho_prom_y;pie_derecho_prom_z;;Etiqueta
0.03;0.5051795840263367;0.23683860898017883;-0.14064359664916992;0.5322241187095642;0.27510517835617065;-0.04857505112886429;0.4847568869590759;0.281313419342041;-0.04885535314679146;0.540829598903656;0.3403699994087219;-0.018794015049934387;0.4802890419960022;0.34941455721855164;-0.026042792946100235;0.523492693901062;0.4052581787109375;-0.0008703910280019045;0.49616238474845886;0.40473851561546326;0.0008774815360084176;0.5238880515098572;0.504997968673706;-0.0021440042182803154;0.4931637644767761;0.5080917477607727;-0.001882094657048583;0.5097332060337066;0.2227843791246414;-0.14141340479254721;0.536320686340332;0.41471219062805176;-0.0850986149162054;0.48416002839803696;0.42460208386182785;-0.08988720737397671;0.5220649242401123;0.6095167597134908;0.04206675543294599;0.49395089348157245;0.608812133471171;0.048107926889012255;;acercandose
0.07;0.5051787495613098;0.23672516644001007;-0.14331898093223572;0.5323143601417542;0.2753449082374573;-0.04904772341251373;0.48478594422340393;0.2815236747264862;-0.05558818206191063;0.5406798720359802;0.34324079751968384;-0.020334402099251747;0.4802868664264679;0.3511556386947632;-0.03483410179615021;0.5235586762428284;0.40582913160324097;0.0017621471779420972;0.49642619490623474;0.4054810404777527;-0.0017779661575332284;0.5233033299446106;0.5064683556556702;0.004276846069842577;0.49350863695144653;0.5084750652313232;-0.0024998625740408897;0.5096351444721222;0.22280387580394745;-0.14379424452781678;0.536139190196991;0.41567423939704895;-0.08745449222624302;0.48430512845516205;0.4251253753900528;-0.09983020834624767;0.5225786169370016;0.6094616452852885;0.04681228023643295;0.49422792593638104;0.6089585820833842;0.04617948310139278;;acercandose
0.1;0.5051888823509216;0.23663009703159332;-0.14701825380325317;0.5324612855911255;0.2755820155143738;-0.05009663850069046;0.4848049581050873;0.28154700994491577;-0.06140650063753128;0.5405861735343933;0.34448859095573425;-0.020720023661851883;0.4801495671272278;0.35212743282318115;-0.04100152105093002;0.5235852599143982;0.40629518032073975;0.004169831518083811;0.49651187658309937;0.4059489667415619;-0.004205169156193733;0.5229752659797668;0.5071957111358643;0.007239482365548611;0.49368390440940857;0.5088030695915222;-0.00367343844845891;0.509589359164238;0.22275930345058442;-0.14739873111248017;0.5360605865716934;0.41607292741537094;-0.08762933872640133;0.4843650087714195;0.42574986070394516;-0.10492715053260326;0.5228561957677206;0.6091441710789999;0.055433317087590694;0.4945746163527171;0.6088748176892599;0.046323894251448415;;acercandose
0.13;0.5051685571670532;0.23655754327774048;-0.14909802377223969;0.532617449760437;0.2758031487464905;-0.054586783051490784;0.4848734736442566;0.28153765201568604;-0.06180449575185776;0.54057377576828;0.3449363708496094;-0.025489505380392075;0.4800662696361542;0.3521152436733246;-0.04071415960788727;0.523619532585144;0.4063357412815094;0.0035691536031663418;0.49655070900917053;0.40599820017814636;-0.0035981619730591774;0.5227546095848083;0.5073657631874084;0.0054417382925748825;0.49380040168762207;0.5088265538215637;-0.003618240123614669;0.5094836413860321;0.2227468729019165;-0.14992857202887536;0.5359994322061539;0.4163975343108177;-0.09063425846397877;0.48437944054603577;0.4259875565767288;-0.10510942153632641;0.522985835870107;0.6089385151863098;0.05255173146724701;0.4946771264076233;0.6086767315864563;0.047191636404022574;;acercandose
0.17;0.5051591992378235;0.23652273416519165;-0.14977258443832397;0.5326626896858215;0.27587011456489563;-0.055890586227178574;0.48498448729515076;0.2814713716506958;-0.06226826086640358;0.5405442118644714;0.3447914719581604;-0.026494784280657768;0.48003530502319336;0.3520570397377014;-0.04072793573141098;0.5236377120018005;0.4063322842121124;0.0032714575063437223;0.49655306339263916;0.40599116683006287;-0.0033007452730089426;0.522621214389801;0.5073755979537964;0.005037776194512844;0.4939956068992615;0.5087769031524658;-0.0037691630423069;0.5094041615724564;0.2227522224187851;-0.15079723447561263;0.5359882563352585;0.4164523407816887;-0.09107189066708088;0.48435718566179276;0.42655347287654877;-0.10465221665799618;0.5230521957079569;0.6088530818621317;0.050929147750139236;0.49475247661272687;0.6084656914075216;0.04721859268223246;;acercandose
0.2;0.5051486492156982;0.23643288016319275;-0.14891557395458221;0.53272545337677;0.2758704423904419;-0.05507538095116615;0.48519623279571533;0.28118374943733215;-0.06040763854980469;0.5405398607254028;0.3447120487689972;-0.025978807359933853;0.4800828993320465;0.35196807980537415;-0.03866057097911835;0.5236817598342896;0.40633317828178406;0.003105590119957924;0.49655574560165405;0.40599071979522705;-0.003126647789031267;0.5226085782051086;0.5075829029083252;0.0017917884979397058;0.4940148890018463;0.5088183879852295;-0.003903776640072465;0.5093693643808365;0.22271790206432343;-0.14970582649111747;0.5359619855880737;0.4167344570159912;-0.09070620127022266;0.4843321740627289;0.4267280548810959;-0.10268025659024715;0.5230759779612223;0.6088497241338094;0.05023460369557142;0.49484334389368695;0.6083678007125854;0.048179903300479054;;acercandose
0.23;0.5052847862243652;0.23629960417747498;-0.14435866475105286;0.5328170657157898;0.27581867575645447;-0.05196728929877281;0.4854956269264221;0.2807855010032654;-0.0596841499209404;0.540461540222168;0.344614714384079;-0.02417447417974472;0.4800848960876465;0.3515815734863281;-0.037660833448171616;0.5237247347831726;0.4063176214694977;0.0033073434606194496;0.49656158685684204;0.40597862005233765;-0.0033361969981342554;0.5226175785064697;0.5075733661651611;0.0010031912242993712;0.4940376877784729;0.5088204741477966;-0.005968134850263596;0.5093971461057663;0.22257791608572006;-0.14525393024086952;0.5359579026699066;0.41693639010190964;-0.08832708187401295;0.4843241944909096;0.4267521873116493;-0.10224198363721371;0.5231150388717651;0.6087076465288798;0.050312847985575594;0.4949202040831248;0.6082873145739237;0.04713997826911509;;acercandose
0.27;0.5053526163101196;0.23617491126060486;-0.1441313773393631;0.5328715443611145;0.27580758929252625;-0.05193387344479561;0.48570892214775085;0.2805730700492859;-0.05893971025943756;0.5404461026191711;0.34463050961494446;-0.023948680609464645;0.4801643192768097;0.3508273661136627;-0.037049949169158936;0.5238193869590759;0.4062619209289551;0.0032068858854472637;0.4966491162776947;0.4058811068534851;-0.003236321033909917;0.5226243138313293;0.5075644850730896;0.00104930205270648;0.4940606355667114;0.5088286399841309;-0.00581289641559124;0.5094181686639786;0.22244711518287658;-0.1450436867773533;0.5359403491020203;0.4173242598772049;-0.08775285072624683;0.48432672023773193;0.4267771393060684;-0.10141853056848049;0.5232515335083008;0.6086357633272806;0.04993949846054117;0.4949288566907247;0.608253002166748;0.04625846806447953;;acercandose
0.3;0.5055059194564819;0.23597188293933868;-0.1437532603740692;0.5329769849777222;0.27549314498901367;-0.05123282968997955;0.48603495955467224;0.27982860803604126;-0.05845627188682556;0.540444552898407;0.3446005582809448;-0.023052366450428963;0.4802355468273163;0.34971967339515686;-0.03674174100160599;0.5239138603210449;0.40563473105430603;0.003307356033474207;0.4967479705810547;0.4054279327392578;-0.0033372400794178247;0.5226808786392212;0.5070809721946716;0.001041899435222149;0.4940917491912842;0.5087969899177551;-0.006480146199464798;0.5094829499721527;0.22220458835363388;-0.14475512579083444;0.5359378755092621;0.41742682456970215;-0.0858553983271122;0.4843287989497185;0.4267042353749275;-0.10102355293929577;0.5232776403427124;0.6085615555445353;0.048678063011417784;0.49495457609494525;0.6082311073939005;0.042814510486399136;;acercandose
0.33;0.5055449604988098;0.23573189973831177;-0.1433444321155548;0.5330342054367065;0.2750765085220337;-0.050558820366859436;0.48626887798309326;0.27912208437919617;-0.05837363004684448;0.5404462814331055;0.34458479285240173;-0.022341344505548477;0.48025134205818176;0.3489437401294708;-0.03649599105119705;0.523968517780304;0.40511730313301086;0.0033677341416478157;0.4968092143535614;0.4050404727458954;-0.003398030763491988;0.5227376222610474;0.5064845085144043;0.0007543701794929802;0.4941365718841553;0.508705198764801;-0.00702260946854949;0.5095121055841446;0.22195103764533997;-0.14445275515317918;0.535940945148468;0.4174586981534958;-0.08525808341801167;0.48432333022356033;0.42664726078510284;-0.10081545822322369;0.5232643882433573;0.6084352533022562;0.0479943974254032;0.49497665961583454;0.6081965764363607;0.04216897347941995;;acercandose
0.37;0.5057936310768127;0.23518303036689758;-0.14277178049087524;0.5331259369850159;0.27410653233528137;-0.04858217015862465;0.4867642819881439;0.2786584198474884;-0.058302003890275955;0.5406349301338196;0.3441140055656433;-0.019958768039941788;0.480355829000473;0.34835541248321533;-0.03636065870523453;0.5240901112556458;0.40401774644851685;0.00359154399484396;0.49696171283721924;0.40411338210105896;-0.003619997063651681;0.5228156447410583;0.5059542655944824;0.0007955316687002778;0.4941643178462982;0.5082957148551941;-0.007571558468043804;0.5096869707107544;0.22134487628936766;-0.14375822469592095;0.5360021144151688;0.41741225123405457;-0.08351771347224712;0.48434335738420486;0.4264126941561699;-0.10055510140955448;0.5232595006624857;0.6082985401153564;0.04620566676991681;0.4949842592080434;0.6080847779909769;0.040098410565406084;;acercandose
0.4;0.5059676766395569;0.23470847308635712;-0.14232806861400604;0.533202588558197;0.2733958959579468;-0.04451454430818558;0.4871334135532379;0.27846428751945496;-0.057999372482299805;0.5407614707946777;0.34310197830200195;-0.015144683420658112;0.4804820716381073;0.3478938639163971;-0.036772966384887695;0.5242505073547363;0.40277326107025146;0.005430229473859072;0.49709635972976685;0.4030294418334961;-0.005462691653519869;0.5229470133781433;0.5053139925003052;0.0008248991798609495;0.4945056736469269;0.5077989101409912;-0.010909434407949448;0.5098298609256744;0.22079493552446366;-0.1431129977107048;0.5362953245639801;0.41672731190919876;-0.08129432983696461;0.48438677936792374;0.42600612342357635;-0.10061736777424812;0.5232611695925394;0.6081463495890299;0.0461659626259158;0.4948503275712331;0.6078154246012369;0.03817844235648712;;acercandose
0.43;0.5062090158462524;0.2344120889902115;-0.14882782101631165;0.5334194898605347;0.27309665083885193;-0.046840328723192215;0.4874638319015503;0.27843570709228516;-0.06306710094213486;0.5410309433937073;0.3426164984703064;-0.016071505844593048;0.48066064715385437;0.3476562201976776;-0.04131675139069557;0.5244356989860535;0.40182730555534363;0.006113383453339338;0.49730196595191956;0.4019230306148529;-0.006151440553367138;0.5229818820953369;0.5049999356269836;0.0016997965285554528;0.494858980178833;0.5072560906410217;-0.011250700801610947;0.5100554704666138;0.22044550776481628;-0.14973770454525948;0.5368007123470306;0.4163372367620468;-0.08186296187341213;0.48440083116292953;0.42589161545038223;-0.10391228646039963;0.5232815543810526;0.6079662243525187;0.04621493893985947;0.49484288692474365;0.6076369682947794;0.03731311671435833;;acercandose
0.47;0.5069259405136108;0.23430193960666656;-0.15594343841075897;0.5339626669883728;0.2730039954185486;-0.05155570060014725;0.4878307282924652;0.2784503400325775;-0.06970357149839401;0.5413028001785278;0.342290997505188;-0.01684364303946495;0.48132774233818054;0.34766921401023865;-0.047123100608587265;0.5247017741203308;0.4012569785118103;0.006889302749186754;0.4976661205291748;0.4012361764907837;-0.006930944975465536;0.5229862928390503;0.5048772096633911;0.004875947255641222;0.4953675866127014;0.5068833827972412;-0.0111464262008667;0.510609483718872;0.22024403214454652;-0.15693565011024474;0.5376132130622864;0.4157671853899956;-0.08216134458780289;0.48445525020360947;0.4258987456560135;-0.10813848115503788;0.5233079592386881;0.6077497601509094;0.047165532441188894;0.49483635028203327;0.6075171232223511;0.03620378269503514;;acercandose
0.5;0.5076857805252075;0.23414774239063263;-0.1544080525636673;0.5344511866569519;0.27293339371681213;-0.05107754468917847;0.48815539479255676;0.2784577012062073;-0.06950996816158295;0.5418930053710938;0.3421606421470642;-0.015028389170765877;0.4821575880050659;0.3476899564266205;-0.04723038896918297;0.5252481698989868;0.4013494551181793;0.007915508933365345;0.49820733070373535;0.4012024700641632;-0.007955719716846943;0.5232033729553223;0.5049083232879639;0.005474871024489403;0.49573996663093567;0.5068121552467346;-0.012732751667499542;0.5112239778041839;0.22004688680171966;-0.15528079867362976;0.5384034812450409;0.41575128585100174;-0.07877939753234386;0.4845038428902626;0.4259752184152603;-0.10833488963544369;0.5233141978581747;0.6076585451761881;0.048128374852240086;0.4948465824127197;0.607506255308787;0.033959652918080487;;acercandose
0.53;0.5084125399589539;0.23410922288894653;-0.15582135319709778;0.5350921154022217;0.2728710174560547;-0.05099255219101906;0.48862141370773315;0.27839168906211853;-0.07144959270954132;0.5429401397705078;0.34215524792671204;-0.014168311841785908;0.48304417729377747;0.34770432114601135;-0.049161676317453384;0.5257835388183594;0.40143805742263794;0.009118117392063141;0.4986841678619385;0.4012279510498047;-0.00916152074933052;0.5235106348991394;0.5049266815185547;0.0060679675079882145;0.4963175654411316;0.5068261623382568;-0.014297631569206715;0.5118508636951447;0.21994532495737076;-0.1568232960999012;0.5397084057331085;0.41578467190265656;-0.07676832936704159;0.4846714213490486;0.42597726732492447;-0.10967403464019299;0.5233233769734701;0.6075240770975748;0.050290532410144806;0.4948920210202535;0.6074888308842977;0.03318889283885559;;acercandose
0.57;0.5091100931167603;0.23378412425518036;-0.13973720371723175;0.5356948971748352;0.2723444402217865;-0.0350809283554554;0.4892026484012604;0.27824658155441284;-0.060909926891326904;0.5435692667961121;0.34171780943870544;-0.00250413385219872;0.48405954241752625;0.347616583108902;-0.04210752248764038;0.5264914631843567;0.40150442719459534;0.010883715935051441;0.49938589334487915;0.4012519121170044;-0.010921641252934933;0.5241001844406128;0.5049062967300415;0.0064207506366074085;0.49703094363212585;0.5068232417106628;-0.017017990350723267;0.5125308930873871;0.2195750430226326;-0.13968911543488502;0.540774866938591;0.41473714262247086;-0.06812750082463026;0.4849673807621002;0.4256720766425133;-0.10252045467495918;0.523481031258901;0.6073523759841919;0.05128252071638902;0.49493347605069477;0.6073697209358215;0.03091798598567645;;acercandose
0.6;0.5097536444664001;0.23337960243225098;-0.1436944305896759;0.5362681746482849;0.2720629572868347;-0.03870060667395592;0.48981499671936035;0.27809709310531616;-0.06457524746656418;0.5442370772361755;0.34168723225593567;-0.007301897741854191;0.48489847779273987;0.3475872278213501;-0.044028040021657944;0.5271868705749512;0.4015515148639679;0.010768702253699303;0.5000817775726318;0.4011465013027191;-0.010812562890350819;0.5245653986930847;0.5044727325439453;0.008021138608455658;0.498044490814209;0.5065323710441589;-0.016392650082707405;0.5131505310535431;0.21915317177772523;-0.14321055263280869;0.5417279303073883;0.4147118255496025;-0.07037244830280542;0.4852295517921448;0.42569753527641296;-0.10266987048089504;0.5236257910728455;0.6070447365442911;0.05088058579713106;0.49507585167884827;0.6072073976198832;0.028760043904185295;;acercandose
0.63;0.5103719234466553;0.23321102559566498;-0.14436164498329163;0.5371604561805725;0.27193623781204224;-0.04065005108714104;0.4905194938182831;0.27807527780532837;-0.06455597281455994;0.5451006293296814;0.3415490388870239;-0.009295904077589512;0.4856722354888916;0.34759148955345154;-0.04261298105120659;0.5279896855354309;0.40187323093414307;0.01026846282184124;0.500860869884491;0.4011422395706177;-0.010311868973076344;0.5247487425804138;0.5044686794281006;0.007754037622362375;0.49875205755233765;0.5065048933029175;-0.0160544253885746;0.5137813091278076;0.21887558251619338;-0.1442005604505539;0.5431875884532928;0.4146818071603775;-0.07206058315932751;0.4854638949036598;0.42600371688604355;-0.10041200369596481;0.5235891938209534;0.6067971189816793;0.051383898593485355;0.4950772126515706;0.60710608959198;0.03067307050029437;;acercandose
0.67;0.511319637298584;0.23319025337696075;-0.14473627507686615;0.5378958582878113;0.2717128396034241;-0.04143272712826729;0.4912291169166565;0.27807849645614624;-0.06448236852884293;0.5465129017829895;0.3412981927394867;-0.010246232151985168;0.48641514778137207;0.34762266278266907;-0.04210198298096657;0.528895378112793;0.40279585123062134;0.009945782832801342;0.5016342997550964;0.4012642204761505;-0.00998807605355978;0.5250309109687805;0.5047041773796082;0.007418337278068066;0.49948230385780334;0.5064857602119446;-0.015526269562542439;0.514711982011795;0.21882474720478057;-0.1447522982954979;0.5447648614645004;0.4146108105778694;-0.07260864321142435;0.4856617674231529;0.4261166378855705;-0.10013403743505478;0.5235688090324402;0.6061984896659851;0.05604425507287184;0.49519644180933636;0.6068265239397684;0.03598174639046192;;acercandose
0.7;0.5121224522590637;0.23320426046848297;-0.14969809353351593;0.5388789772987366;0.27163901925086975;-0.046733807772397995;0.491868257522583;0.2781077027320862;-0.06550706177949905;0.5474128723144531;0.34120798110961914;-0.011864593252539635;0.4869683086872101;0.34767043590545654;-0.04222148284316063;0.5295608639717102;0.40336671471595764;0.00983100663870573;0.502221405506134;0.4015764892101288;-0.009873521514236927;0.5254976153373718;0.5049153566360474;0.007245843764394522;0.5006444454193115;0.5065973401069641;-0.015402466990053654;0.5156218409538269;0.21883848011493684;-0.15052964612841607;0.5463243573904037;0.4143354967236519;-0.07494181767106056;0.4861045181751251;0.4260934963822365;-0.10130470246076584;0.5233275492986044;0.6054670015970866;0.05773267770806948;0.49581655859947205;0.6062376101811727;0.040406978223472834;;acercandose
0.73;0.5129706859588623;0.23321661353111267;-0.15899288654327393;0.5399821400642395;0.2716423273086548;-0.056727275252342224;0.4927208125591278;0.2781275510787964;-0.07041075825691223;0.5480712056159973;0.3412929177284241;-0.020424390211701393;0.4872933626174927;0.3477035462856293;-0.04489968717098236;0.5299288034439087;0.4034300148487091;0.00857696495950222;0.5026593208312988;0.4015463590621948;-0.008614899590611458;0.5259626507759094;0.5052244067192078;0.0070574115961790085;0.5012362003326416;0.5063937902450562;-0.013386336155235767;0.5164577186107635;0.2188522756099701;-0.16041310206055642;0.5472679138183594;0.41433387994766235;-0.08214283362030983;0.48648659884929657;0.4260166436433792;-0.10438331216573715;0.5232016642888387;0.6054740746816;0.05597511865198612;0.4968705475330353;0.6062360207239786;0.03980162336180607;;acercandose
0.77;0.5138327479362488;0.23321624100208282;-0.16899707913398743;0.5410482287406921;0.2716611623764038;-0.06454313546419144;0.49330341815948486;0.27810636162757874;-0.07691548764705658;0.5488579869270325;0.3413642942905426;-0.028869062662124634;0.487761914730072;0.34737682342529297;-0.050089914351701736;0.5301528573036194;0.4034198522567749;0.007796369027346373;0.5029621124267578;0.40135255455970764;-0.007832689210772514;0.5261619687080383;0.5052298307418823;0.00833689235150814;0.5018618702888489;0.5063365697860718;-0.010726292617619038;0.5172646820545197;0.21885714381933213;-0.17085466012358666;0.5482063293457031;0.4145437330007553;-0.09355431608855724;0.4870392233133316;0.42582469433546066;-0.11176452785730362;0.5230893691380819;0.6054320732752482;0.05626177570472161;0.4993031322956085;0.6067132353782654;0.039888296431551375;;acercandose
0.8;0.5141139626502991;0.2332182377576828;-0.1670444905757904;0.5416708588600159;0.2716660499572754;-0.06337949633598328;0.49339109659194946;0.27808231115341187;-0.07547707110643387;0.5496676564216614;0.34134289622306824;-0.027809882536530495;0.4879615008831024;0.34732958674430847;-0.04945029690861702;0.5304372906684875;0.40348106622695923;0.0067491852678358555;0.5031559467315674;0.4013708531856537;-0.00677851215004921;0.5262457728385925;0.505454421043396;0.007949283346533775;0.5025680661201477;0.506385326385498;-0.009630149230360985;0.517702442407608;0.21887986063957215;-0.16877315267920495;0.5489165037870407;0.4146425276994705;-0.09248283691704273;0.4874500259757042;0.425808347761631;-0.11193531937897205;0.5229976375897726;0.6054232716560364;0.05607102314631144;0.5011244217554728;0.6083658138910929;0.04022641278182467;;acercandose
0.83;0.5146072506904602;0.23333047330379486;-0.16773061454296112;0.5422821640968323;0.2717818021774292;-0.06352478265762329;0.49370625615119934;0.278077632188797;-0.07663094997406006;0.5498031973838806;0.3418876528739929;-0.028818823397159576;0.4880242943763733;0.3473565876483917;-0.05111037194728851;0.5304113030433655;0.40348803997039795;0.006470853462815285;0.503161609172821;0.40139439702033997;-0.006499800831079483;0.5262075662612915;0.5055477619171143;0.00775525439530611;0.503288209438324;0.5064265727996826;-0.009833727963268757;0.5181901931762696;0.2190082386136055;-0.16970666348934174;0.5492634028196335;0.4149586781859398;-0.09624605067074299;0.4877229705452919;0.42584943771362305;-0.11426232196390629;0.522714376449585;0.6056650479634603;0.05573418736457825;0.5022579729557037;0.6105526884396871;0.03929837141185999;;acercandose
0.87;0.5147997736930847;0.23343819379806519;-0.16929973661899567;0.5428196787834167;0.2719224691390991;-0.06688040494918823;0.4937632083892822;0.27838200330734253;-0.07709173858165741;0.5502919554710388;0.34203043580055237;-0.03251752257347107;0.48798859119415283;0.34767770767211914;-0.05127916857600212;0.5304262042045593;0.4036427438259125;0.004887293558567762;0.5031078457832336;0.4015045762062073;-0.004913714248687029;0.5261679887771606;0.506668746471405;0.006360543426126242;0.5035706758499146;0.5067230463027954;-0.007728077471256256;0.5184115767478943;0.21907969415187836;-0.17145414426922798;0.5492863059043884;0.41553572565317154;-0.09878743812441826;0.4878029376268387;0.4263446107506752;-0.11488093435764313;0.522318959236145;0.6062125960985819;0.05610988133897384;0.5034580330053965;0.6131346424420675;0.04236679834624132;;acercandose
0.9;0.514964759349823;0.23374752700328827;-0.16763395071029663;0.5434107780456543;0.2723934054374695;-0.06708764284849167;0.49401959776878357;0.279037743806839;-0.07607490569353104;0.5505929589271545;0.34215351939201355;-0.033263199031353;0.4879130721092224;0.3481634855270386;-0.04935812950134277;0.5305779576301575;0.4042399823665619;0.0019847354851663113;0.5031682848930359;0.4020635485649109;-0.0020120965782552958;0.5261431932449341;0.5085836052894592;0.002169200452044606;0.5043113827705383;0.5072113275527954;-0.0055294581688940525;0.5186369001865387;0.21934604197740554;-0.16997263357043266;0.5493360310792923;0.4157288148999214;-0.10007011890411377;0.487758532166481;0.42675895243883133;-0.11326942965388298;0.5213853319485983;0.6077566941579183;0.05523645660529534;0.5040781398614248;0.6158700585365295;0.04429699915150801;;acercandose
0.93;0.5150285363197327;0.2341143935918808;-0.16818860173225403;0.5438147783279419;0.2728720009326935;-0.0667169839143753;0.4941870868206024;0.27926769852638245;-0.07505815476179123;0.550527811050415;0.3422185778617859;-0.03397746756672859;0.48787668347358704;0.348486989736557;-0.049004796892404556;0.5309351086616516;0.4047554135322571;0.002482075709849596;0.5034427046775818;0.40243425965309143;-0.0025082905776798725;0.5263667106628418;0.5099239945411682;0.0020574380178004503;0.5048345923423767;0.5073859691619873;-0.008526202291250229;0.5187247335910797;0.2197069674730301;-0.17087207809090615;0.5494228303432465;0.416213721036911;-0.10260487161576748;0.4877321124076843;0.42722828686237335;-0.11293635703623295;0.5212677121162415;0.6084530154863993;0.055075533067186676;0.5044345060984293;0.6166949272155762;0.03845283295959234;;acercandose
0.97;0.515132486820221;0.2344234585762024;-0.16795536875724792;0.543980598449707;0.2736334204673767;-0.06603430956602097;0.49432167410850525;0.2797164022922516;-0.0744655504822731;0.5504222512245178;0.34309130907058716;-0.03504060208797455;0.48783424496650696;0.349419504404068;-0.048700619488954544;0.5310702323913574;0.40555423498153687;0.0024658346083015203;0.5036247968673706;0.40312686562538147;-0.002485344186425209;0.5266088843345642;0.5102394223213196;0.0077861580066382885;0.5051776170730591;0.5074602365493774;-0.024692079052329063;0.5188003540039062;0.22014458924531938;-0.1706950530409813;0.5493585169315338;0.4165024012327194;-0.1035393700003624;0.4877058118581772;0.4280262067914009;-0.11270853690803051;0.5211825966835022;0.6089248855908712;0.0552182337269187;0.5047062635421753;0.6178572773933411;0.006915469964345296;;acercandose
1.0;0.5151265263557434;0.23462718725204468;-0.1714268922805786;0.5442501306533813;0.27456972002983093;-0.0681321993470192;0.49437424540519714;0.2807535231113434;-0.07689771056175232;0.5503910183906555;0.34413447976112366;-0.03797834366559982;0.4877799153327942;0.3504364788532257;-0.05084353685379028;0.5311212539672852;0.4064044952392578;0.0025648546870797873;0.5037418603897095;0.40424397587776184;-0.0025877291336655617;0.5267226099967957;0.5107814073562622;0.012505583465099335;0.5056118965148926;0.5085830092430115;-0.02946379967033863;0.5187780737876893;0.22049670368433;-0.1742368757724762;0.5493340939283371;0.4171706438064575;-0.10677027143537998;0.48767373710870743;0.42919614166021347;-0.11468310281634331;0.5212509234746298;0.6092288692792257;0.05875501843790213;0.50502876440684;0.619065523147583;0.0025200086335341134;;acercandose
1.03;0.5150582194328308;0.2375403791666031;-0.1749802529811859;0.5443089604377747;0.2755802273750305;-0.06950201094150543;0.4943140149116516;0.28252527117729187;-0.08014415949583054;0.5502938628196716;0.3470720052719116;-0.040179722011089325;0.4877330958843231;0.3535213768482208;-0.05346979200839996;0.5311558842658997;0.40751683712005615;0.004683072678744793;0.5037983655929565;0.4061642289161682;-0.0046969749964773655;0.526925265789032;0.5104185342788696;0.018806422129273415;0.50623619556427;0.5088165998458862;-0.03270956501364708;0.5187563359737396;0.22297806292772293;-0.17807247936725618;0.5492822080850601;0.4208579808473587;-0.1101328581571579;0.48766084015369415;0.43182993680238724;-0.11671246401965618;0.521254301071167;0.6087415019671122;0.06662876221040885;0.5052729249000549;0.6183734138806661;0.001762934649984042;;acercandose
1.07;0.5149984359741211;0.23916301131248474;-0.17730607092380524;0.5443426966667175;0.2773817181587219;-0.07120539247989655;0.4942651093006134;0.283670574426651;-0.08140166848897934;0.5502216815948486;0.3509027361869812;-0.04242320358753204;0.4876764118671417;0.35442668199539185;-0.05445454642176628;0.5311676263809204;0.4085630774497986;0.005677965469658375;0.503817081451416;0.40777602791786194;-0.005684077739715576;0.5269843339920044;0.510094940662384;0.024967020377516747;0.5063444375991821;0.5094119310379028;-0.041612643748521805;0.5187139272689819;0.22442303150892257;-0.1803084433078766;0.5492146015167236;0.423861563205719;-0.11203568428754807;0.4874417185783386;0.43305155634880066;-0.11831354349851608;0.5212207237879435;0.6084744135538737;0.07821687683463097;0.5053489208221436;0.61873992284139;-0.011573255062103271;;acercandose
1.1;0.5149502754211426;0.23917821049690247;-0.17697739601135254;0.5442354679107666;0.27945518493652344;-0.06741039454936981;0.49414777755737305;0.2849136292934418;-0.08014543354511261;0.5500804781913757;0.3533576428890228;-0.03962530568242073;0.4876587390899658;0.3560459017753601;-0.05404959246516228;0.5311465859413147;0.4099068343639374;0.006937491241842508;0.5037990212440491;0.40998783707618713;-0.0069393436424434185;0.5269868969917297;0.5100430250167847;0.03231038153171539;0.5062357187271118;0.5113537907600403;-0.048063915222883224;0.5186340153217316;0.2246216878294945;-0.17817980349063872;0.5491369217634201;0.42621075361967087;-0.10875814408063889;0.4866449385881424;0.43377377837896347;-0.1176824327558279;0.5210243264834086;0.6083163420359293;0.0920951006313165;0.5055495897928873;0.6206415494283041;-0.02133147604763508;;acercandose
1.13;0.5146370530128479;0.2392987459897995;-0.16485412418842316;0.5441703200340271;0.28158965706825256;-0.06104154884815216;0.4936712682247162;0.28627336025238037;-0.0711999461054802;0.5496045351028442;0.3562527894973755;-0.038439299911260605;0.487403929233551;0.35815826058387756;-0.05089540034532547;0.5308237075805664;0.4123470187187195;0.006897555664181709;0.5034776926040649;0.4129883944988251;-0.006891225930303335;0.5269763469696045;0.5100778937339783;-0.0018416008679196239;0.5063032507896423;0.514625072479248;-0.060136694461107254;0.5184273421764374;0.22489140033721924;-0.16508327350020408;0.5489939153194427;0.42864198237657547;-0.10954826697707176;0.4858464077115059;0.4351383075118065;-0.1170224454253912;0.5204451680183411;0.6094298561414083;0.049003150003651776;0.5071406165758768;0.626055121421814;-0.05587133951485157;;acercandose
1.17;0.5138472318649292;0.23963268101215363;-0.1608770191669464;0.5440654158592224;0.2833763360977173;-0.053171418607234955;0.49302029609680176;0.2869989573955536;-0.07070494443178177;0.5491323471069336;0.35762834548950195;-0.034761905670166016;0.4868559241294861;0.3592320382595062;-0.05101208761334419;0.53017657995224;0.41519173979759216;0.011503300629556179;0.5027619004249573;0.4155254662036896;-0.01151400338858366;0.5270661115646362;0.5119606852531433;0.052332863211631775;0.5065743923187256;0.5177695155143738;-0.07348852604627609;0.5177917420864105;0.2252804532647133;-0.16118767708539963;0.5488123893737793;0.43061062693595886;-0.10835212841629982;0.4852551519870758;0.4363415017724037;-0.12109107710421085;0.520345946153005;0.6093788146972656;0.1402541051308314;0.5083536704381307;0.6304848392804464;-0.06707001229127248;;acercandose
1.2;0.51263827085495;0.23950821161270142;-0.16211365163326263;0.5437861680984497;0.2838791012763977;-0.055521365255117416;0.49171778559684753;0.2868023216724396;-0.07020856440067291;0.5489031672477722;0.35973748564720154;-0.03188985213637352;0.4857843220233917;0.3595089018344879;-0.04952868074178696;0.5299336910247803;0.4172001779079437;0.01063014380633831;0.5024867057800293;0.41729816794395447;-0.010644949972629547;0.5270611643791199;0.5137807726860046;0.042797744274139404;0.5066272616386414;0.5208802223205566;-0.0651039332151413;0.5167915046215057;0.2251586601138115;-0.16287931874394418;0.5488081276416779;0.4330388233065605;-0.10496669821441174;0.48440757393836975;0.4370960295200348;-0.12081583961844444;0.5205327669779459;0.6076738039652506;0.16119496275981268;0.5084116657574972;0.6337412397066752;-0.03920864934722582;;acercandose
1.23;0.5116262435913086;0.23941737413406372;-0.16281823813915253;0.5431140065193176;0.28324171900749207;-0.05617976561188698;0.4907500445842743;0.28656259179115295;-0.068492092192173;0.54850172996521;0.3594745099544525;-0.029636284336447716;0.4845421016216278;0.3591626286506653;-0.04743096977472305;0.5295003652572632;0.4182122051715851;0.010081748478114605;0.5018230676651001;0.41800493001937866;-0.010096976533532143;0.5269675850868225;0.5169962644577026;0.035079192370176315;0.5065971612930298;0.5238006114959717;-0.05511515960097313;0.5157812654972076;0.22506690472364427;-0.16357987076044084;0.5488093346357346;0.4328184500336647;-0.1056838184595108;0.48332788050174713;0.43805980682373047;-0.12098801508545876;0.5214931964874268;0.6051103870073954;0.16793830196062723;0.5090871651967367;0.6356042822202047;-0.013255908464392027;;acercandose
1.27;0.509688675403595;0.23815998435020447;-0.18073898553848267;0.541824996471405;0.2831619083881378;-0.06869297474622726;0.4894583821296692;0.28649434447288513;-0.08140294253826141;0.5482171773910522;0.35950180888175964;-0.03768879920244217;0.48344558477401733;0.35881343483924866;-0.059099581092596054;0.5290836095809937;0.41786009073257446;0.010523336008191109;0.5009903311729431;0.4178173243999481;-0.01055830717086792;0.5269640684127808;0.5180690884590149;0.033173251897096634;0.5064132809638977;0.5268675088882446;-0.04715076833963394;0.5142995476722717;0.22317858785390854;-0.1821001574397087;0.5488781481981277;0.4336174726486206;-0.11543511599302292;0.482185035943985;0.43891824781894684;-0.13077551499009132;0.5222269495328268;0.598664124806722;0.21207081278165182;0.5094540516535441;0.6357221802075704;0.006346224496761958;;acercandose
1.3;0.5087646245956421;0.2364833950996399;-0.19201408326625824;0.5408123731613159;0.28241485357284546;-0.07796546071767807;0.4878433644771576;0.2861146032810211;-0.09090463817119598;0.5479491353034973;0.35921838879585266;-0.045863669365644455;0.4823859930038452;0.3592589199542999;-0.06964219361543655;0.5287512540817261;0.4178098440170288;0.0102414321154356;0.5002174973487854;0.41827264428138733;-0.010277974419295788;0.5272061824798584;0.5218142867088318;0.030815746635198593;0.5061273574829102;0.5286667943000793;-0.03204771876335144;0.5135059952735901;0.22067760974168776;-0.19346882700920104;0.5489940047264099;0.4334210082888603;-0.1270374208688736;0.4811413288116455;0.4406494125723839;-0.141369316726923;0.5231310327847799;0.5938909649848938;0.23994248112042746;0.50975102186203;0.6364025274912516;0.030745084087053936;;acercandose
1.33;0.5081111788749695;0.2348814457654953;-0.18362224102020264;0.5396468639373779;0.2807340621948242;-0.0730106458067894;0.4869907796382904;0.28495800495147705;-0.08580935746431351;0.5476803183555603;0.35866448283195496;-0.040516771376132965;0.4817069470882416;0.3590806722640991;-0.06349025666713715;0.5283315181732178;0.4179108440876007;0.010026282630860806;0.4996224045753479;0.41839271783828735;-0.010074269957840443;0.5272680521011353;0.5254806876182556;0.011711647734045982;0.5057427883148193;0.5302009582519531;-0.01903039775788784;0.5128399729728699;0.21882335990667343;-0.18523707687854768;0.5490163117647171;0.43282973021268845;-0.12027600221335888;0.4800451472401619;0.4419671595096588;-0.13367529585957527;0.5236754616101583;0.5890596111615499;0.23520865539709726;0.5096277395884196;0.6368876099586487;0.05188652857517203;;acercandose
1.37;0.5076581835746765;0.23283685743808746;-0.18555022776126862;0.5387552380561829;0.278557151556015;-0.0741797536611557;0.48645710945129395;0.28385570645332336;-0.08541123569011688;0.5475704073905945;0.35731041431427;-0.0394672192633152;0.4811987578868866;0.3590681850910187;-0.0624631829559803;0.5282196402549744;0.4175753891468048;0.009152979589998722;0.4992905259132385;0.4180224537849426;-0.009215242229402065;0.5273306965827942;0.52457594871521;0.01277304906398058;0.5051453709602356;0.5304631590843201;-0.018961671739816666;0.5123208165168762;0.21684839725494384;-0.18714553862810135;0.5489110797643661;0.4321831986308098;-0.11740705370903015;0.47978880256414413;0.4422210454940796;-0.13273854926228523;0.5243503650029501;0.5876234571139017;0.23731289307276407;0.5097266634305319;0.6369631489117941;0.05296498048119247;;acercandose
1.4;0.5070092678070068;0.23047740757465363;-0.18547363579273224;0.5379531383514404;0.2766367197036743;-0.07248997688293457;0.4859347343444824;0.28252124786376953;-0.08549612760543823;0.5473752021789551;0.35537734627723694;-0.03571874275803566;0.4806630611419678;0.3590402901172638;-0.061640333384275436;0.5278841257095337;0.4175184369087219;0.00918534304946661;0.4987761378288269;0.4177594482898712;-0.009246207773685455;0.5277367830276489;0.5236994624137878;0.0144288195297122;0.5046156048774719;0.5316653847694397;-0.014758812263607979;0.5117243468761444;0.21477706581354142;-0.18698119521141052;0.5488360673189163;0.4311703220009804;-0.1158275380730629;0.4797276481986046;0.44236068427562714;-0.13223884254693985;0.5244155327479044;0.5913589795430502;0.21672517557938895;0.5098954637845358;0.6366062164306641;0.06064695958048105;;acercandose
1.43;0.506695568561554;0.22953106462955475;-0.1831125020980835;0.537717342376709;0.2758164703845978;-0.07186749577522278;0.4853534698486328;0.28173187375068665;-0.08236807584762573;0.5470672249794006;0.3549342453479767;-0.03574864938855171;0.48009905219078064;0.35962802171707153;-0.055761855095624924;0.5277213454246521;0.41736719012260437;0.007307607680559158;0.49842557311058044;0.41824206709861755;-0.007351894862949848;0.5279878377914429;0.5238741040229797;0.006461935583502054;0.5042462348937988;0.5341554284095764;-0.011097927577793598;0.5113066375255585;0.2138376787304878;-0.18477679491043092;0.548727884888649;0.43089353293180466;-0.11545528657734394;0.4796605184674263;0.4423946142196655;-0.13088023848831654;0.5242182016372681;0.5994015137354533;0.20350935558478037;0.5100451906522115;0.6375834743181864;0.07295450133581956;;acercandose
1.47;0.506355881690979;0.22860366106033325;-0.18098710477352142;0.5375524759292603;0.27521416544914246;-0.0705142617225647;0.4849722385406494;0.2810135781764984;-0.07739371061325073;0.5467441082000732;0.3544835150241852;-0.03418589010834694;0.479674369096756;0.3595799505710602;-0.048589613288640976;0.5277009010314941;0.4172174334526062;0.005832707975059748;0.49827489256858826;0.4185608923435211;-0.00587065052241087;0.5282413959503174;0.524643063545227;-0.0003459528088569641;0.5040486454963684;0.5351104140281677;-0.011443995870649815;0.5109460532665253;0.21297853589057922;-0.18339600563049316;0.5487138479948044;0.4300666078925133;-0.1148478202521801;0.47933749109506607;0.4421967715024948;-0.12293238565325737;0.5246848464012146;0.6144176125526428;0.14591680963834128;0.5102761586507162;0.6387250820795695;0.0831346915413936;;acercandose
1.5;0.5063565969467163;0.2284320741891861;-0.1752489060163498;0.5374038815498352;0.2742427885532379;-0.06880846619606018;0.4846566319465637;0.2802865207195282;-0.07255041599273682;0.5465096235275269;0.35366517305374146;-0.03130852431058884;0.479189395904541;0.3593369424343109;-0.041969165205955505;0.5276957750320435;0.41715341806411743;0.003224367508664727;0.49817603826522827;0.41864755749702454;-0.003276447532698512;0.5282935500144958;0.5280472636222839;-0.002865961752831936;0.5038971304893494;0.5350881814956665;-0.0003112749836873263;0.5108591318130493;0.2126211032271385;-0.17809817120432853;0.5487440526485443;0.428888663649559;-0.11006377823650837;0.4790423735976219;0.4420749321579933;-0.11318793892860413;0.5259578426678976;0.629401683807373;0.10339686274528503;0.5103906790415446;0.639557401339213;0.09607733661929767;;acercandose
1.53;0.5061954259872437;0.22855795919895172;-0.17511551082134247;0.5374363660812378;0.2743251919746399;-0.06991635262966156;0.4841965436935425;0.2801101803779602;-0.07365661859512329;0.5462751388549805;0.35451561212539673;-0.03221987932920456;0.478594571352005;0.35964667797088623;-0.045048825442790985;0.5276971459388733;0.41738221049308777;0.0017287310911342502;0.4979568421840668;0.41905832290649414;-0.0017910064198076725;0.5282899737358093;0.5308144092559814;-0.0009048531064763665;0.5035526156425476;0.5354101061820984;0.0026483838446438313;0.5106982350349426;0.2125115543603897;-0.1776281476020813;0.5489386767148972;0.4295826926827431;-0.10974086076021194;0.4788769707083702;0.4423642233014107;-0.11509399861097336;0.5272148052851359;0.6431480646133423;0.07604201324284077;0.510197103023529;0.6412118872006735;0.0848790593445301;;acercandose
1.57;0.5060489177703857;0.22879719734191895;-0.1807711273431778;0.5374798774719238;0.2745690941810608;-0.08104616403579712;0.483602374792099;0.28028371930122375;-0.08001642674207687;0.5462019443511963;0.35763224959373474;-0.04635615646839142;0.4781833589076996;0.36170101165771484;-0.051561154425144196;0.5276564955711365;0.4184126555919647;-0.0016388260992243886;0.49770388007164;0.4205353856086731;0.0015717713395133615;0.5283262729644775;0.5334618091583252;-0.0015850821509957314;0.5035132169723511;0.5370083451271057;0.013457630760967731;0.5105994760990142;0.2126898780465126;-0.18297427743673325;0.5494290292263031;0.43354661017656326;-0.11659933626651764;0.4788559600710869;0.44421442598104477;-0.11751743219792843;0.5287632942199707;0.6519321203231812;0.06236591376364231;0.5099250078201294;0.6437216599782308;0.09175586700439453;;acercandose
1.6;0.50606769323349;0.22897368669509888;-0.1826593577861786;0.5375434756278992;0.27601590752601624;-0.08269374817609787;0.4829881489276886;0.2812942862510681;-0.08300679922103882;0.5461265444755554;0.36156514286994934;-0.050159525126218796;0.4777267277240753;0.36376720666885376;-0.05652516335248947;0.527658224105835;0.42001810669898987;-0.002834262792021036;0.4975466728210449;0.4228769838809967;0.0027767138089984655;0.5283222794532776;0.5356224775314331;-0.0049527306109666824;0.5035233497619629;0.5390654802322388;0.021631065756082535;0.5106486201286315;0.21282044053077698;-0.1843603178858757;0.5498945862054825;0.4372035413980484;-0.12171067856252193;0.47882524877786636;0.4470243975520134;-0.12298034690320492;0.5297612547874451;0.6558154026667277;0.048952290400241814;0.5101224780082703;0.6448348164558411;0.10628969346483548;;acercandose
1.63;0.5060067772865295;0.22963646054267883;-0.1825430691242218;0.5375615358352661;0.2775140106678009;-0.08226288855075836;0.4826176166534424;0.28222349286079407;-0.08242277801036835;0.5461093783378601;0.3630370497703552;-0.05077102780342102;0.4772759675979614;0.3650405704975128;-0.056366026401519775;0.5275881886482239;0.42200613021850586;-0.004951437469571829;0.4972688555717468;0.4255654513835907;0.004915239289402962;0.5283288955688477;0.5362797975540161;-0.009179080836474895;0.5034855008125305;0.5404404401779175;0.035784024745225906;0.5106342852115631;0.213342347741127;-0.18423051983118058;0.5502687394618988;0.43875478208065033;-0.12326849065721035;0.4788259491324425;0.4491236209869385;-0.1243300549685955;0.5305789113044739;0.6575643420219421;0.02596740486721198;0.5101904471715292;0.6447680592536926;0.12194891273975372;;acercandose
1.67;0.5060165524482727;0.2312040776014328;-0.17756731808185577;0.5376180410385132;0.2785310447216034;-0.08163587749004364;0.4826904237270355;0.2836470305919647;-0.07741385698318481;0.5462069511413574;0.3625432252883911;-0.0477885939180851;0.47685733437538147;0.36663931608200073;-0.05151165649294853;0.5275918245315552;0.4243259131908417;-0.004653844051063061;0.4971023201942444;0.42775291204452515;0.004627944435924292;0.5283421874046326;0.5390555262565613;-0.00868125818669796;0.5034157633781433;0.5414458513259888;0.025974184274673462;0.5106386244297028;0.21468444019556046;-0.17892081290483475;0.5506994277238846;0.43920525163412094;-0.12207137234508991;0.4788151830434799;0.45202062278985977;-0.11970766447484493;0.5309073726336161;0.6591876149177551;0.029043125609556835;0.51005091269811;0.6450121800104777;0.1046886866291364;;acercandose
1.7;0.5060462951660156;0.23249581456184387;-0.1770942211151123;0.5379681587219238;0.2803453505039215;-0.07971854507923126;0.48287007212638855;0.28548896312713623;-0.07738390564918518;0.5463518500328064;0.36291617155075073;-0.04804215952754021;0.47672590613365173;0.3692576289176941;-0.05153045058250427;0.5278508067131042;0.42720070481300354;-0.004208607133477926;0.4970753490924835;0.43032464385032654;0.004186577163636684;0.528506875038147;0.5410891771316528;-0.016644593328237534;0.5033707022666931;0.5429083108901978;0.034035444259643555;0.5106782138347625;0.2160821408033371;-0.1782721385359764;0.5511457771062851;0.4428902268409729;-0.1211367305368185;0.4787120968103409;0.45640110969543457;-0.12002895213663578;0.5307622750600179;0.6608547965685526;0.009928584098815918;0.5099993546803793;0.6451969146728516;0.12209095309178035;;acercandose
1.73;0.5062398314476013;0.23310941457748413;-0.18049871921539307;0.5387994050979614;0.2826055586338043;-0.08121345937252045;0.48330655694007874;0.28718310594558716;-0.08275620639324188;0.5468442440032959;0.36475080251693726;-0.05212697759270668;0.47681841254234314;0.3706110417842865;-0.05789279565215111;0.5284281969070435;0.43015730381011963;-0.0035576384980231524;0.49711939692497253;0.43294230103492737;0.0035290848463773727;0.5286161303520203;0.5451558232307434;-0.017716750502586365;0.5034214854240417;0.5453729629516602;0.038617637008428574;0.5108877062797547;0.21679723113775254;-0.1816093862056732;0.5514100193977356;0.4471229836344719;-0.12372536398470402;0.4785659685730934;0.46111640334129333;-0.12325770780444145;0.5305394530296326;0.666748583316803;0.017828272034724552;0.5101867516835531;0.6450337171554565;0.16589882721503577;;acercandose
1.77;0.5066760182380676;0.23354457318782806;-0.18042270839214325;0.5400017499923706;0.28425079584121704;-0.0779690146446228;0.48421406745910645;0.2878797948360443;-0.08225949853658676;0.5471622347831726;0.3672430217266083;-0.05176853761076927;0.4769311845302582;0.37231603264808655;-0.05792165547609329;0.5291369557380676;0.43453556299209595;-0.003488431451842189;0.49737444519996643;0.43723204731941223;0.003479281673207879;0.5285205245018005;0.5517702102661133;-0.030401146039366722;0.5035417079925537;0.5509674549102783;0.028843142092227936;0.5114186584949494;0.2171526938676834;-0.1811471939086914;0.5516557991504669;0.45079827308654785;-0.12356702424585819;0.47860145568847656;0.4639841094613075;-0.12590127624571323;0.5293433864911398;0.6712963382403055;0.03788601917525133;0.5102646946907043;0.6445030570030212;0.19568068285783133;;acercandose
1.8;0.5079416036605835;0.2335468828678131;-0.20079095661640167;0.5414498448371887;0.2844618558883667;-0.08685828745365143;0.4853288531303406;0.2889567017555237;-0.09801816195249557;0.5478883385658264;0.3691215515136719;-0.05814649909734726;0.4769813120365143;0.3755507469177246;-0.07498172670602798;0.5302032828330994;0.43640851974487305;-0.0021487786434590816;0.4978439509868622;0.43830406665802;0.0020785655360668898;0.5285012125968933;0.5555147528648376;-0.0362304225564003;0.5037612318992615;0.5522280335426331;0.022150861099362373;0.5124751210212708;0.21707206219434738;-0.20206456929445266;0.552368700504303;0.4549308866262436;-0.14011318050324917;0.47862280905246735;0.466239333152771;-0.14613807201385498;0.5286796689033508;0.6774682998657227;0.047764215123606846;0.510042150815328;0.6413982510566711;0.21146951615810394;;acercandose
1.83;0.5090131759643555;0.23315531015396118;-0.20835720002651215;0.5430408120155334;0.2843802571296692;-0.09185878932476044;0.4862951338291168;0.28990501165390015;-0.10412052273750305;0.5484645962715149;0.37043702602386475;-0.06525138020515442;0.4774128794670105;0.3770753741264343;-0.0823337733745575;0.5312064290046692;0.437252014875412;-0.0015493215760216117;0.49821946024894714;0.4380371868610382;0.0014540387783199549;0.5284906625747681;0.554877519607544;-0.06994429975748062;0.5038793683052063;0.5511383414268494;0.022951830178499222;0.5135310649871826;0.21635980010032654;-0.20989496558904647;0.5524764955043793;0.45672032982110977;-0.15372150763869286;0.47861456125974655;0.46743057668209076;-0.15370848402380943;0.5284973780314127;0.6832815607388815;0.011832084506750107;0.5095894535382589;0.6386041243871053;0.23065444827079773;;acercandose
1.87;0.5105890035629272;0.23180250823497772;-0.20448875427246094;0.5445130467414856;0.28436729311943054;-0.08857887983322144;0.487575501203537;0.2896052896976471;-0.1041565015912056;0.5493358969688416;0.37351566553115845;-0.059439416974782944;0.4788803458213806;0.37662696838378906;-0.08245083689689636;0.532325267791748;0.438574880361557;0.0025339554995298386;0.4986511170864105;0.43786004185676575;-0.002646639011800289;0.5285769104957581;0.5558555722236633;-0.06986133009195328;0.5040757656097412;0.5513451099395752;0.01924588531255722;0.5151804208755493;0.21512862145900727;-0.20565189123153688;0.5527765303850174;0.46168162673711777;-0.1443319022655487;0.4788038432598114;0.46859651058912277;-0.15156814083456993;0.5283193190892538;0.6893688837687174;0.01445943241318067;0.5081099073092142;0.6367219090461731;0.2316757639249166;;acercandose
1.9;0.5119569897651672;0.22992554306983948;-0.20066921412944794;0.5454215407371521;0.2842065095901489;-0.07291050255298615;0.48828622698783875;0.28925636410713196;-0.09885422140359879;0.5499711632728577;0.37519416213035583;-0.0430024154484272;0.4802493453025818;0.37636798620224;-0.07655441761016846;0.5334416031837463;0.44010165333747864;0.006308866199105978;0.49925166368484497;0.43855351209640503;-0.006416898686438799;0.5294510722160339;0.5583335161209106;-0.06106819584965706;0.5043253302574158;0.5566743612289429;0.003006542334333062;0.5166415631771087;0.21320312321186066;-0.20162419229745865;0.5531964749097824;0.4651353731751442;-0.1364076714962721;0.47948966175317764;0.4682485982775688;-0.14647557213902473;0.5281111200650533;0.6903337836265564;0.030592978621522587;0.5074783762296041;0.6347747246424357;0.22021442651748657;;acercandose
1.93;0.513120710849762;0.22699199616909027;-0.20214971899986267;0.546499490737915;0.2841053903102875;-0.07403171062469482;0.48922398686408997;0.28788313269615173;-0.10425082594156265;0.5508701205253601;0.37782418727874756;-0.0443117655813694;0.4811376929283142;0.3757474720478058;-0.08146481215953827;0.5345017313957214;0.44115594029426575;0.00881887972354889;0.4998374879360199;0.43887031078338623;-0.008927076123654842;0.5302343368530273;0.5634072422981262;-0.04681149125099182;0.5047977566719055;0.5637757182121277;-0.014044529758393764;0.5179678857326507;0.2109000250697136;-0.20286622941493987;0.5538493543863297;0.4664001017808914;-0.13574426248669624;0.4801429659128189;0.4679383635520935;-0.15360066667199135;0.5277640620867411;0.6923719644546509;0.0769514578084151;0.507037083307902;0.632029116153717;0.21565118928750357;;acercandose
1.97;0.5139655470848083;0.22489473223686218;-0.20701363682746887;0.5476914048194885;0.2834304869174957;-0.08024172484874725;0.489931583404541;0.28696057200431824;-0.10556668043136597;0.5526727437973022;0.3765436112880707;-0.050307195633649826;0.4817933142185211;0.3754418194293976;-0.08053269237279892;0.5357236862182617;0.4405975043773651;0.008076734840869904;0.5004733204841614;0.43849262595176697;-0.00818685907870531;0.530421257019043;0.5626316666603088;-0.03976043686270714;0.5050475597381592;0.5648282766342163;-0.017278596758842468;0.5188681602478027;0.20865435600280763;-0.20809588134288787;0.5562366396188736;0.4646241068840027;-0.14323993772268295;0.48074426501989365;0.4677479416131973;-0.15448718145489693;0.527513305346171;0.6917229493459066;0.0875475083788236;0.5070637663205465;0.6304059823354086;0.2132545163234075;;acercandose
2.0;0.5145968198776245;0.22222453355789185;-0.2164546549320221;0.5489285588264465;0.2824524939060211;-0.09060931950807571;0.4902763068675995;0.28556811809539795;-0.11177963018417358;0.5548911690711975;0.37604421377182007;-0.058241136372089386;0.4820035398006439;0.37539854645729065;-0.0842534527182579;0.5362149477005005;0.43999627232551575;0.007379395421594381;0.5007871389389038;0.43811818957328796;-0.007491033989936113;0.5304895043373108;0.56268310546875;-0.03895806893706322;0.5055510401725769;0.5637081861495972;-0.012794269248843193;0.5195175349712372;0.20593863874673843;-0.21773514300584793;0.5585185289382935;0.4651983007788658;-0.1481768973171711;0.48156172037124634;0.46759171783924103;-0.1572362408041954;0.5273499488830566;0.6906299591064453;0.09545914580424626;0.5068274140357971;0.6322185595830282;0.22422272463639578;;acercandose
2.03;0.5149771571159363;0.22075822949409485;-0.2098497897386551;0.5502341389656067;0.28064480423927307;-0.08275994658470154;0.4904279410839081;0.28416115045547485;-0.10688512772321701;0.5569722056388855;0.375566303730011;-0.04673011228442192;0.4822314977645874;0.3752914071083069;-0.08144611120223999;0.5364534258842468;0.4403611123561859;0.00896410457789898;0.5011645555496216;0.4385523498058319;-0.009077321738004684;0.5312297344207764;0.5659009218215942;-0.036726295948028564;0.5055464506149292;0.5641077160835266;-0.01633141003549099;0.5199299991130829;0.20414783656597138;-0.21136435866355896;0.5606434047222137;0.46401147544384;-0.13766835629940033;0.48209238052368164;0.46723125129938126;-0.15342474356293678;0.526904304822286;0.6905623475710551;0.09514330575863521;0.5059342583020529;0.6457833250363668;0.20912103851636252;;acercandose
2.07;0.5155669450759888;0.21997135877609253;-0.19765514135360718;0.5513312220573425;0.27871423959732056;-0.0715702623128891;0.4906218647956848;0.28312286734580994;-0.09041642397642136;0.5592814683914185;0.37041792273521423;-0.031177565455436707;0.48247021436691284;0.3744400143623352;-0.05724051222205162;0.5365287661552429;0.4404645562171936;0.008631480857729912;0.5014012455940247;0.4385359585285187;-0.008748655207455158;0.5320523977279663;0.5695600509643555;-0.026099251583218575;0.505257248878479;0.5655099153518677;-0.028441091999411583;0.5203427851200104;0.20291875451803207;-0.19851465225219728;0.5628655850887299;0.4631738215684891;-0.1216722670942545;0.4820941761136055;0.46693334728479385;-0.13084415718913078;0.5267226696014404;0.6901639699935913;0.11790984123945236;0.5058250824610392;0.6645796497662863;0.1494038626551628;;acercandose
2.1;0.5157755613327026;0.2195761650800705;-0.19619086384773254;0.5520551204681396;0.2775422930717468;-0.07283736020326614;0.4906579256057739;0.2822013795375824;-0.08745857328176498;0.5604849457740784;0.36789944767951965;-0.032695382833480835;0.48249128460884094;0.37350621819496155;-0.053920771926641464;0.5367605686187744;0.44073906540870667;0.008339019492268562;0.5015009045600891;0.4385277032852173;-0.008455184288322926;0.5322360396385193;0.5711803436279297;-0.0114121800288558;0.5046373605728149;0.5656996369361877;-0.01946227066218853;0.5204962432384491;0.20229560434818267;-0.19730356484651565;0.5638869851827621;0.46261249482631683;-0.11757712811231613;0.48205023258924484;0.46673305332660675;-0.12746793776750565;0.5258857806523641;0.6918382048606873;0.10587846611936887;0.5051249464352926;0.6816213925679525;0.1054120200375716;;acercandose
2.13;0.5156519412994385;0.2201496660709381;-0.19346052408218384;0.5525516867637634;0.2771434187889099;-0.0691213384270668;0.49057331681251526;0.28178852796554565;-0.0831708014011383;0.5616646409034729;0.3671257793903351;-0.0268389992415905;0.4824623167514801;0.37292593717575073;-0.04861757531762123;0.5367797613143921;0.4417419135570526;0.008100165985524654;0.5015062689781189;0.4395484924316406;-0.00820687785744667;0.5321727395057678;0.57448410987854;-0.007972856052219868;0.5042189955711365;0.5689364075660706;-0.016591832041740417;0.5205059289932251;0.2026307001709938;-0.19534063190221787;0.5645423233509064;0.4621487855911255;-0.11299845948815346;0.4820152148604393;0.4665762558579445;-0.12444444186985493;0.5249337752660116;0.6972645322481791;0.09915931398669879;0.5046244263648987;0.6984975337982178;0.0846997865786155;;acercandose
2.17;0.5155748128890991;0.2204723209142685;-0.19350676238536835;0.5529902577400208;0.2772703170776367;-0.06886571645736694;0.49053052067756653;0.28184226155281067;-0.08220674097537994;0.5622994303703308;0.3675495982170105;-0.02958551235496998;0.48242121934890747;0.3729161322116852;-0.05001728981733322;0.5370581150054932;0.4448055326938629;0.008076189085841179;0.5015556216239929;0.4425431787967682;-0.008152300491929054;0.532158374786377;0.5779820680618286;-0.001457227161154151;0.5041190385818481;0.5750254392623901;-0.016366789117455482;0.5204482793807983;0.20294206589460373;-0.19545808881521226;0.5649024099111557;0.4618813842535019;-0.11765500344336033;0.48187293112277985;0.4684164598584175;-0.12875512056052685;0.5246388912200928;0.7009528676668803;0.09996166701118152;0.504627505938212;0.7140800555547079;0.064089915084575;;acercandose
2.2;0.5156278610229492;0.2218245565891266;-0.19471630454063416;0.5533909201622009;0.2776576578617096;-0.06738259643316269;0.49047642946243286;0.2828197777271271;-0.08448118716478348;0.5629492998123169;0.3689969778060913;-0.027571016922593117;0.48229604959487915;0.37445709109306335;-0.05334606394171715;0.5374695658683777;0.4479934573173523;0.009893901646137238;0.5016924738883972;0.4464801549911499;-0.009939385578036308;0.5321711897850037;0.5805357098579407;0.02561747282743454;0.5041133165359497;0.5803423523902893;-0.030241813510656357;0.5204913318157196;0.20333456844091416;-0.19722861796617508;0.5655363500118256;0.46223149448633194;-0.11781302839517593;0.48152463138103485;0.4722899943590164;-0.13022626750171185;0.5243749618530273;0.7026921709378561;0.13539683322111765;0.5043413241704305;0.7232695817947388;0.02425970882177353;;acercandose
2.23;0.515531599521637;0.22395841777324677;-0.2090853750705719;0.554038405418396;0.28033044934272766;-0.07983168214559555;0.4904352128505707;0.2849627435207367;-0.08499471098184586;0.5639029741287231;0.37295839190483093;-0.045630164444446564;0.48227253556251526;0.3773573338985443;-0.05532862991094589;0.5381920337677002;0.4522624611854553;0.009294752962887287;0.5021755695343018;0.45166414976119995;-0.009295602329075336;0.5328524708747864;0.5814868807792664;0.04579056426882744;0.5042096376419067;0.5850470662117004;-0.053032707422971725;0.5204398810863495;0.20491187423467636;-0.21180345565080644;0.5659520030021667;0.46613040566444397;-0.1357828751206398;0.48150432109832764;0.4762711897492409;-0.14127407409250736;0.5244877934455872;0.7024525205294291;0.16858606288830438;0.5035162369410197;0.7313684026400248;-0.02070849450925986;;acercandose
2.27;0.5152666568756104;0.2272523194551468;-0.21342679858207703;0.5541459321975708;0.28416708111763;-0.08342655003070831;0.4903257191181183;0.2877591550350189;-0.09304981678724289;0.563793420791626;0.37708792090415955;-0.05146162956953049;0.48213815689086914;0.3812360465526581;-0.06370264291763306;0.538470447063446;0.45522990822792053;0.010022862814366817;0.5024346709251404;0.45466744899749756;-0.010033798404037952;0.5337280631065369;0.5828638076782227;0.05678525194525719;0.5046535730361938;0.588954746723175;-0.0608934685587883;0.5202925205230713;0.2081506758928299;-0.2159383624792099;0.5659465044736862;0.47070086747407913;-0.1409804429858923;0.4815394803881645;0.48170334845781326;-0.15121928229928017;0.5245516498883566;0.7008643547693888;0.17855031291643778;0.5040011803309122;0.7284617821375529;-0.03157580178231001;;acercandose
2.3;0.5146360397338867;0.2295546978712082;-0.20997266471385956;0.5545222163200378;0.28819236159324646;-0.08271199464797974;0.49012014269828796;0.29121458530426025;-0.09264172613620758;0.5637937784194946;0.380702406167984;-0.055632252246141434;0.48206254839897156;0.386103093624115;-0.06349821388721466;0.5386210680007935;0.4594120681285858;0.010347305797040462;0.5024919509887695;0.4597375988960266;-0.01036145444959402;0.5341625809669495;0.5860429406166077;0.07355520129203796;0.5050461888313293;0.5932141542434692;-0.0718255564570427;0.5199659705162049;0.21055135130882263;-0.21234040856361389;0.5659879595041275;0.47312820702791214;-0.14869822934269905;0.48160094767808914;0.48830553889274597;-0.14943424612283707;0.5248002608617147;0.7014930844306946;0.19387846191724142;0.5046433409055074;0.7331181764602661;-0.05651255945364634;;acercandose
2.33;0.5138428807258606;0.23161937296390533;-0.21285822987556458;0.5544773936271667;0.29150035977363586;-0.08281098306179047;0.48966285586357117;0.2936982214450836;-0.0939825102686882;0.5633301138877869;0.38695764541625977;-0.06266111880540848;0.4813811480998993;0.389460027217865;-0.06657982617616653;0.5385268330574036;0.4643629491329193;0.013531794771552086;0.5024716854095459;0.4643283784389496;-0.013561053201556206;0.5344271659851074;0.5879961848258972;0.10012899339199066;0.5053606033325195;0.5975982546806335;-0.09062176942825317;0.5194500267505646;0.2127194732427597;-0.21489761620759965;0.5657082945108414;0.48011842370033264;-0.16501958295702934;0.48150039464235306;0.49115797132253647;-0.15857451781630516;0.5235992670059204;0.7042438983917236;0.2417194495598475;0.5092711846033732;0.7391700943311056;-0.08766004691521327;;acercandose
2.37;0.5132431983947754;0.23313087224960327;-0.2110482156276703;0.5542597770690918;0.2930341362953186;-0.07792628556489944;0.4886559247970581;0.2963446378707886;-0.09169311076402664;0.5630282163619995;0.38868436217308044;-0.05708177760243416;0.4808318316936493;0.3931327164173126;-0.06601747125387192;0.538445234298706;0.4677737355232239;0.014994679018855095;0.5024393796920776;0.46818625926971436;-0.015019933693110943;0.5343264937400818;0.5908429622650146;0.079447902739048;0.5064837336540222;0.6027857661247253;-0.09177654981613159;0.5188814640045166;0.21435530185699464;-0.21218483448028563;0.5655073374509811;0.4831369072198868;-0.15814121067523956;0.4811755195260048;0.4939959645271301;-0.15604595839977264;0.5229300459225973;0.70745317141215;0.2235518991947174;0.5133565664291382;0.7462306618690491;-0.06925038620829582;;acercandose
2.4;0.5121838450431824;0.23385311663150787;-0.20963886380195618;0.5541545152664185;0.29339638352394104;-0.07761478424072266;0.4873686134815216;0.2983231246471405;-0.08999156951904297;0.5629734992980957;0.39155861735343933;-0.05786764249205589;0.48048657178878784;0.39516761898994446;-0.06127604469656944;0.5383908748626709;0.46954476833343506;0.01432364247739315;0.502178966999054;0.4708510935306549;-0.014343835413455963;0.5343708992004395;0.5924378633499146;0.06882616132497787;0.5073416829109192;0.6055209636688232;-0.09446976333856583;0.5180428922176361;0.21488658487796783;-0.21089594811201096;0.5651801526546478;0.4858420416712761;-0.16147958114743233;0.4798975810408592;0.4986616373062134;-0.15433315560221672;0.5229363044102987;0.7134218811988831;0.21434135735034943;0.5158222516377767;0.7544651826222738;-0.07642865180969238;;acercandose
2.43;0.5113851428031921;0.23352031409740448;-0.21334335207939148;0.5541214942932129;0.29307636618614197;-0.08365265280008316;0.486314058303833;0.29921865463256836;-0.08788161724805832;0.5628101825714111;0.3924911916255951;-0.05766569450497627;0.47948750853538513;0.39993754029273987;-0.055521897971630096;0.538345456123352;0.46980226039886475;0.009177113883197308;0.5016704201698303;0.471668541431427;-0.009181317873299122;0.5345035195350647;0.5980870723724365;0.04819493740797043;0.5074852108955383;0.6116231083869934;-0.0787506178021431;0.5174160599708557;0.21455359756946563;-0.2156680628657341;0.5650692880153656;0.48864226788282394;-0.1597478874027729;0.47712351381778717;0.5037887319922447;-0.15283681079745293;0.5231796701749166;0.7161052425702413;0.20522372424602509;0.5156232515970866;0.761070986588796;-0.03944340875993172;;acercandose
2.47;0.5106129050254822;0.23328165709972382;-0.21392004191875458;0.553848385810852;0.29250967502593994;-0.0851319208741188;0.4853966236114502;0.2986098825931549;-0.08504584431648254;0.5625384449958801;0.39109572768211365;-0.05616708844900131;0.4777882695198059;0.39967581629753113;-0.05207478255033493;0.5383044481277466;0.4701383411884308;0.0062765879556536674;0.500751256942749;0.47218066453933716;-0.006275110878050327;0.5344851613044739;0.605050802230835;0.006836520507931709;0.5075154304504395;0.6153973340988159;-0.07687195390462875;0.5166573464870453;0.21385120302438737;-0.2164333239197731;0.5648014098405838;0.4894648641347885;-0.1566285714507103;0.47388894110918045;0.5051868557929993;-0.15179552510380745;0.5230923493703207;0.7159314751625061;0.203269233306249;0.5154257615407308;0.7632105151812235;-0.029422251779275637;;acercandose
2.5;0.5100679993629456;0.23230962455272675;-0.226422980427742;0.5537436604499817;0.2923576533794403;-0.096761055290699;0.48458150029182434;0.2979758083820343;-0.08634873479604721;0.5623480081558228;0.3900432884693146;-0.05914459004998207;0.475759893655777;0.40055224299430847;-0.05336510017514229;0.5380756258964539;0.4711924195289612;0.0018505704356357455;0.4996989667415619;0.47338178753852844;-0.0018706897972151637;0.5345677137374878;0.6160470843315125;-0.023365575820207596;0.5076004862785339;0.6208025217056274;-0.021584128960967064;0.5160392940044403;0.21167634576559066;-0.2295483395457268;0.5642501264810562;0.4911010339856148;-0.16309795528650284;0.47230588644742966;0.506916955113411;-0.15118954330682755;0.523469865322113;0.7108159263928732;0.23021828134854636;0.51537158091863;0.7662591536839803;0.06848073874910672;;acercandose
2.53;0.5098007917404175;0.230933278799057;-0.23865610361099243;0.5536642074584961;0.2913074791431427;-0.10541585832834244;0.4841696321964264;0.2976607382297516;-0.09780274331569672;0.5622658729553223;0.38936665654182434;-0.06280488520860672;0.4749518036842346;0.4000382423400879;-0.06401480734348297;0.5375679135322571;0.47123533487319946;0.000786062388215214;0.49901315569877625;0.47314637899398804;-0.0008314940496347845;0.5349286794662476;0.6174885034561157;-0.03143675997853279;0.5075703263282776;0.621636688709259;-0.0025736012030392885;0.5156451404094696;0.20926475673913955;-0.241884745657444;0.5640253573656082;0.4900764673948288;-0.16595463082194328;0.47149092704057693;0.5077535435557365;-0.15872139856219292;0.5253759821256002;0.6933905482292175;0.2603732844193776;0.5156463583310446;0.7640701532363892;0.1083889218668143;;acercandose
2.57;0.5095987915992737;0.22841286659240723;-0.23841442167758942;0.5535926222801208;0.2894945740699768;-0.09928878396749496;0.484042763710022;0.2962837219238281;-0.10101161152124405;0.5621622800827026;0.3891701400279999;-0.05916178598999977;0.4743395745754242;0.3998342752456665;-0.06644218415021896;0.5372112989425659;0.4717397689819336;0.0038284293841570616;0.49867334961891174;0.4735695421695709;-0.0038980080280452967;0.5353335738182068;0.6189466714859009;-0.00743883615359664;0.5075501203536987;0.6217582821846008;-0.020478954538702965;0.5153256952762604;0.20645515322685243;-0.24136229753494262;0.5639963299036026;0.48921698331832886;-0.16224832832813263;0.47119538486003876;0.5079052373766899;-0.15926450118422508;0.527201255162557;0.6871982018152872;0.30285072326660156;0.5158066749572754;0.7662100195884705;0.07142202431956927;;acercandose
2.6;0.5095455646514893;0.22549518942832947;-0.24820257723331451;0.5536438226699829;0.2884635031223297;-0.10276979207992554;0.48378318548202515;0.2954854667186737;-0.1121968924999237;0.5621196627616882;0.3905908763408661;-0.06280328333377838;0.47381797432899475;0.39964064955711365;-0.07874953001737595;0.5372498631477356;0.4729251563549042;0.0088576665148139;0.4986613690853119;0.47526633739471436;-0.00894237868487835;0.5371288657188416;0.6158807277679443;0.03183203190565109;0.5073569416999817;0.6238252520561218;-0.036535345017910004;0.5151676714420319;0.20328421145677567;-0.25079532265663146;0.5643404126167297;0.48908261209726334;-0.1712663508951664;0.47106800228357315;0.5076426118612289;-0.1706049107015133;0.5284807284673055;0.6904099583625793;0.33580387632052106;0.5160093506177267;0.7672553857167562;0.051707158175607525;;acercandose
2.63;0.5096015930175781;0.22338326275348663;-0.24213488399982452;0.5536133646965027;0.28632402420043945;-0.09942594915628433;0.4833291471004486;0.2944728136062622;-0.10771668702363968;0.562244176864624;0.3901218771934509;-0.062439970672130585;0.47310686111450195;0.39922410249710083;-0.07407326251268387;0.537868857383728;0.4726320505142212;0.008829968050122261;0.49870234727859497;0.47582143545150757;-0.008904116228222847;0.5395211577415466;0.6143017411231995;0.02607109025120735;0.5071070194244385;0.6269387602806091;-0.02638426050543785;0.5151496052742004;0.2010329097509384;-0.24470230638980867;0.5650622248649597;0.48864737153053284;-0.1675492823123932;0.4709043502807617;0.5076067447662354;-0.16686099022626877;0.5302905837694804;0.7169116735458374;0.2885571817557017;0.5160661141077677;0.7711013158162435;0.06998852896928535;;acercandose
2.67;0.509644627571106;0.22146537899971008;-0.2371383160352707;0.5536450743675232;0.285232812166214;-0.09017404168844223;0.4831621050834656;0.29242971539497375;-0.10585572570562363;0.5625538229942322;0.3898153603076935;-0.04208250716328621;0.4723651707172394;0.39890989661216736;-0.0732206478714943;0.5382563471794128;0.4724765419960022;0.008782911114394665;0.49863600730895996;0.4758773744106293;-0.008853726089000702;0.5409758687019348;0.6158289313316345;0.01690102554857731;0.5070961713790894;0.628993570804596;-0.007388233672827482;0.5151542544364929;0.19897692650556564;-0.2399405762553215;0.5662660896778107;0.4889771640300751;-0.14754250645637512;0.4709966853260994;0.507005862891674;-0.1644066497683525;0.534320592880249;0.7440529266993204;0.17914847284555435;0.5159995357195536;0.7718145052591959;0.11512255171934764;;acercandose
2.7;0.5097503066062927;0.2205369919538498;-0.23765231668949127;0.5536206960678101;0.2846444845199585;-0.09049974381923676;0.4826998710632324;0.29137173295021057;-0.10614711046218872;0.5628790259361267;0.3901042342185974;-0.04043684899806976;0.4713073968887329;0.3986271917819977;-0.0713704377412796;0.5385384559631348;0.47340795397758484;0.007578731514513493;0.4984954595565796;0.47685566544532776;-0.007681890856474638;0.5415555238723755;0.6212447881698608;0.005211737006902695;0.5071359872817993;0.6300404071807861;-0.0008936044760048389;0.5152748465538025;0.19781230241060258;-0.2404633045196533;0.5674639791250229;0.4900163486599922;-0.13893823325634003;0.47104743868112564;0.507631465792656;-0.15953407064080238;0.5391807357470194;0.7657572428385416;0.1283118538558483;0.5159477591514587;0.7716078360875448;0.12320055067539215;;acercandose
2.73;0.5100473165512085;0.21979278326034546;-0.23080666363239288;0.5536025166511536;0.28395888209342957;-0.0820091962814331;0.4822531044483185;0.29098719358444214;-0.10076528787612915;0.5636156797409058;0.38995951414108276;-0.02844528667628765;0.4708680212497711;0.3988955318927765;-0.0632171481847763;0.5386557579040527;0.4752731919288635;0.005795097444206476;0.4983995854854584;0.47890231013298035;-0.005899194162338972;0.542125403881073;0.6270233988761902;-0.010405112989246845;0.5071524977684021;0.6323589086532593;0.004414859693497419;0.5155558526515961;0.19681395143270491;-0.23280720561742782;0.569879025220871;0.49099408090114594;-0.12648034282028675;0.4711823910474777;0.5080484375357628;-0.14997561648488045;0.5430528322855631;0.7851890722910563;0.08900925703346729;0.5152357419331869;0.7731173038482666;0.14269287139177322;;acercandose
2.77;0.5104477405548096;0.22009362280368805;-0.233050137758255;0.55386883020401;0.2840833067893982;-0.08329850435256958;0.48189014196395874;0.29115694761276245;-0.10700322687625885;0.5649523735046387;0.39217671751976013;-0.03432219475507736;0.4703986346721649;0.40183380246162415;-0.0757889375090599;0.5387402772903442;0.47787344455718994;0.004612439312040806;0.4981857240200043;0.48233404755592346;-0.004693766590207815;0.5418953895568848;0.6287127733230591;-0.04232945665717125;0.5072206258773804;0.6342447400093079;0.03612407296895981;0.5159568190574646;0.19684975147247313;-0.23416243344545365;0.5740881115198135;0.4959139972925186;-0.12986043840646744;0.4712501987814903;0.5113872736692429;-0.15746501460671425;0.5446414748827616;0.8010978500048319;-0.017904629930853844;0.5154979825019836;0.7749878962834676;0.17248374223709106;;acercandose
2.8;0.5108897089958191;0.2203018069267273;-0.24006716907024384;0.5543121099472046;0.2845117151737213;-0.09493552148342133;0.48141029477119446;0.2924760580062866;-0.110744908452034;0.5665492415428162;0.39307549595832825;-0.04711258038878441;0.4699375331401825;0.4046834409236908;-0.07884208112955093;0.5389426350593567;0.4801374077796936;-0.0020887251012027264;0.49802401661872864;0.4843616187572479;0.0020521150436252356;0.5416667461395264;0.6322319507598877;-0.06274882704019547;0.5072178840637207;0.6378756165504456;0.05187300965189934;0.5164921045303345;0.19727058112621307;-0.24125428646802902;0.5775666981935501;0.4988224282860756;-0.1326745804399252;0.4713091403245926;0.5144944414496422;-0.16055059060454369;0.5467177430788676;0.8075602253278097;-0.05473266759266456;0.5156641999880472;0.7756077448527018;0.18865947425365448;;acercandose
2.83;0.5113522410392761;0.2209375649690628;-0.2535535395145416;0.5550928115844727;0.28636133670806885;-0.11311982572078705;0.48123618960380554;0.2949361503124237;-0.11881859600543976;0.5676670670509338;0.39391404390335083;-0.06740584224462509;0.46979832649230957;0.4081345796585083;-0.08433099836111069;0.5394813418388367;0.4822565019130707;-0.007279317360371351;0.49803197383880615;0.48522478342056274;0.007250521332025528;0.5415734052658081;0.6363440155982971;-0.04180527105927467;0.5072678923606873;0.6385043263435364;0.04785313084721565;0.5171411275863648;0.19743122905492783;-0.25525623112916945;0.5792780369520187;0.5022783353924751;-0.15324094519019127;0.4720013439655304;0.5192167162895203;-0.16708121076226234;0.5496294697125753;0.8122067848841349;-0.012353975946704546;0.5156671603520712;0.7765956521034241;0.1669844165444374;;acercandose
2.87;0.5119157433509827;0.22268564999103546;-0.2750096917152405;0.5565180778503418;0.2883191406726837;-0.13479748368263245;0.4812931418418884;0.29619815945625305;-0.13557206094264984;0.5688261389732361;0.3980751633644104;-0.09980584681034088;0.4698268473148346;0.410269170999527;-0.10419932007789612;0.5398834347724915;0.4855358898639679;-0.010714276693761349;0.4980370104312897;0.48675933480262756;0.010684403590857983;0.5420451164245605;0.6408764719963074;-0.06087533012032509;0.5072852969169617;0.6399715542793274;0.06779393553733826;0.5177813351154328;0.19936070144176482;-0.27824164777994154;0.5798569619655609;0.5112430676817894;-0.1945146955549717;0.47372639179229736;0.5237236171960831;-0.18842773139476776;0.5493222077687582;0.8160766363143921;-0.052038971334695816;0.5158058404922485;0.7769117554028829;0.20448550581932068;;acercandose
2.9;0.5133708715438843;0.2240959256887436;-0.28218990564346313;0.5578091740608215;0.2902459502220154;-0.13296450674533844;0.48178887367248535;0.2977568507194519;-0.14628250896930695;0.5693554282188416;0.4030552804470062;-0.09612971544265747;0.46996283531188965;0.4123941957950592;-0.11782478541135788;0.540810763835907;0.4903918206691742;-0.00814672838896513;0.49834731221199036;0.48979833722114563;0.00811577308923006;0.54224693775177;0.6468418836593628;-0.05161524564027786;0.5075678825378418;0.6422328948974609;0.06911047548055649;0.5190722525119782;0.20097319185733795;-0.2851904734969139;0.5792103856801987;0.5149878114461899;-0.19287974387407303;0.4750199392437935;0.5284133553504944;-0.20206164568662643;0.5483205914497375;0.8222543597221375;-0.041440826278024666;0.5163570642471313;0.7777956128120422;0.23689048488934836;;acercandose
2.93;0.5149993300437927;0.2249651700258255;-0.2873504161834717;0.5595433115959167;0.29133132100105286;-0.1317615807056427;0.4823263883590698;0.30059757828712463;-0.1516047567129135;0.5704700946807861;0.40442606806755066;-0.09136838465929031;0.4701034724712372;0.41876012086868286;-0.12127680331468582;0.5419140458106995;0.49467626214027405;-0.006584305316209793;0.49866265058517456;0.49388206005096436;0.006550702732056379;0.5421713590621948;0.6512590050697327;-0.044461291283369064;0.5085630416870117;0.6451866030693054;0.06533482670783997;0.5206697881221771;0.20201777666807175;-0.29040014147758486;0.5795280039310455;0.5184789299964905;-0.19394468143582344;0.4758228585124016;0.539405032992363;-0.20996785908937454;0.546311100323995;0.822671135266622;0.01537864531079928;0.5164300203323364;0.7762797673543295;0.30041174093882245;;acercandose
2.97;0.5163386464118958;0.22552134096622467;-0.27883636951446533;0.5605979561805725;0.29159653186798096;-0.12326773256063461;0.4836421608924866;0.3021262586116791;-0.1397157907485962;0.5712110996246338;0.4031044542789459;-0.08229415863752365;0.4711320400238037;0.41935423016548157;-0.10721761733293533;0.5434951186180115;0.4994892179965973;-0.005804727785289288;0.4995310306549072;0.49902719259262085;0.0057741994969546795;0.5422747731208801;0.65756756067276;-0.05763706937432289;0.5109261870384216;0.6495784521102905;0.06568467617034912;0.5221497893333436;0.20288533866405487;-0.2822792619466782;0.5795144885778427;0.5203436687588692;-0.18777169659733772;0.47644713521003723;0.5401436239480972;-0.19927183166146278;0.5459305246671041;0.8358609278996786;0.003961288680632909;0.5162750879923502;0.7749312520027161;0.34060044089953107;;acercandose
3.0;0.5180678367614746;0.22602719068527222;-0.27403491735458374;0.5620919466018677;0.29176759719848633;-0.1229948177933693;0.48570284247398376;0.3033524453639984;-0.13158471882343292;0.5725775957107544;0.4028991460800171;-0.09184017777442932;0.4730144441127777;0.42014801502227783;-0.09764379262924194;0.5453135371208191;0.5040289759635925;-0.011980094015598297;0.5003706216812134;0.5036553740501404;0.011976373381912708;0.5428516864776611;0.6613207459449768;-0.12278388440608978;0.5118917226791382;0.6504893898963928;0.10907658189535141;0.5240540683269501;0.20361171811819076;-0.27823815643787386;0.5800368338823318;0.5201129540801048;-0.20989888906478882;0.47728145122528076;0.54197096824646;-0.19307312741875648;0.5462161103884379;0.8560309807459513;-0.09935759380459785;0.5163251161575317;0.7740098237991333;0.41610249876976013;;acercandose
3.03;0.5200281143188477;0.22596533596515656;-0.2766878008842468;0.56423020362854;0.29297924041748047;-0.1236630529165268;0.486966609954834;0.30430251359939575;-0.13067372143268585;0.5746980905532837;0.40534016489982605;-0.09178755432367325;0.47466516494750977;0.42271798849105835;-0.09742852300405502;0.5474525094032288;0.5088860988616943;-0.010769813321530819;0.5013551115989685;0.5078230500221252;0.010753014124929905;0.5444678068161011;0.6704502105712891;-0.09619563817977905;0.5133486986160278;0.6599549055099487;0.09251857548952103;0.526257336139679;0.20346473157405853;-0.2799017459154129;0.582123801112175;0.5279167890548706;-0.2083626538515091;0.47844161093235016;0.5448776185512543;-0.19825702905654907;0.5462037324905396;0.8641449411710104;-0.049298683647066355;0.5161290963490804;0.7741928895314535;0.4132534960905711;;acercandose
3.07;0.5222108364105225;0.2253764569759369;-0.2854306697845459;0.5667174458503723;0.2937481701374054;-0.12655258178710938;0.48808884620666504;0.30436989665031433;-0.13452202081680298;0.5764920711517334;0.40967226028442383;-0.09624195098876953;0.47639280557632446;0.42602649331092834;-0.10355111211538315;0.5495689511299133;0.5106164813041687;-0.010182936675846577;0.502787709236145;0.5101096034049988;0.010162449441850185;0.5458213686943054;0.6758831143379211;-0.121611088514328;0.5132593512535095;0.6740828156471252;0.07589937001466751;0.5285271167755127;0.20250402241945267;-0.28777647018432617;0.5839942544698715;0.533316507935524;-0.21509770676493645;0.48019907623529434;0.5498320311307907;-0.207695871591568;0.5459767778714498;0.8640705943107605;-0.05825937818735838;0.5159733096758524;0.7693509658177694;0.42862000068028766;;acercandose
3.1;0.5233470797538757;0.22365263104438782;-0.28452861309051514;0.5688858032226562;0.2947019636631012;-0.12163075059652328;0.4890715777873993;0.3040185868740082;-0.12567687034606934;0.5780191421508789;0.4146360754966736;-0.0908299908041954;0.47859466075897217;0.4252418577671051;-0.09061123430728912;0.5510962009429932;0.5125836133956909;-0.009432156570255756;0.5037866830825806;0.5119994282722473;0.00940698478370905;0.5467895865440369;0.6792163252830505;-0.12240985035896301;0.5131611227989197;0.6825921535491943;0.06951963156461716;0.529891961812973;0.20027191638946534;-0.28410396724939346;0.5842358320951462;0.5358292460441589;-0.20649757608771324;0.48106633871793747;0.5494048148393631;-0.1990966536104679;0.5458285411198934;0.8651181856791178;-0.0579175449286898;0.5164935191472372;0.7661034464836121;0.4255511661370595;;acercandose
3.13;0.5244166851043701;0.22146914899349213;-0.27908870577812195;0.5708662867546082;0.29485997557640076;-0.12210840731859207;0.48997220396995544;0.30293968319892883;-0.12221536785364151;0.5797726511955261;0.418803334236145;-0.09281202405691147;0.48065781593322754;0.42439335584640503;-0.08192656934261322;0.5523741245269775;0.5133975148200989;-0.00939292460680008;0.5047857761383057;0.5128476619720459;0.009359676390886307;0.5475778579711914;0.6801154017448425;-0.13128960132598877;0.5130615830421448;0.6840433478355408;0.06705508381128311;0.5311402320861817;0.1976579248905182;-0.27924933284521103;0.5853205621242523;0.54122194647789;-0.21007974073290825;0.48185350000858307;0.5498296916484833;-0.18523451685905457;0.5456828077634176;0.8660895427068075;-0.06363932291666667;0.5164107282956442;0.7654223243395487;0.43272338310877484;;acercandose
3.17;0.5251768827438354;0.21923157572746277;-0.26476481556892395;0.572420597076416;0.29474782943725586;-0.11488416790962219;0.49084174633026123;0.3004479706287384;-0.11103001236915588;0.581120491027832;0.41798174381256104;-0.08993516862392426;0.48126840591430664;0.42359963059425354;-0.07317648082971573;0.5531024932861328;0.5131840109825134;-0.009289581328630447;0.5055012702941895;0.5129232406616211;0.009250075556337833;0.5481257438659668;0.6826170682907104;-0.13427364826202393;0.5129790902137756;0.6893929839134216;0.05813724547624588;0.5321594178676605;0.1951995760202408;-0.26623274981975553;0.5863696336746216;0.5399650186300278;-0.20568076148629189;0.4831951856613159;0.5489277839660645;-0.179128959774971;0.5456438461939493;0.868261992931366;-0.062117294718821846;0.516096313794454;0.7689658999443054;0.41535085439682007;;acercandose
3.2;0.525532066822052;0.21728038787841797;-0.27435502409935;0.5736184120178223;0.29419130086898804;-0.1176021471619606;0.49135369062423706;0.29843711853027344;-0.12139208614826202;0.5826148390769958;0.41653555631637573;-0.08839686214923859;0.4814966320991516;0.42306867241859436;-0.0828610509634018;0.55430668592453;0.5133216977119446;-0.007599754258990288;0.5066134333610535;0.5121914744377136;0.007514507044106722;0.5488032698631287;0.6874914765357971;-0.07858114689588547;0.5132731199264526;0.6843604445457458;0.054936379194259644;0.5327347815036774;0.19278386682271959;-0.27625039517879485;0.5877082049846649;0.5386208593845367;-0.20803877711296082;0.48365775495767593;0.5487663447856903;-0.19264399632811546;0.5453274250030518;0.8660588065783182;0.02850387990474701;0.5139492750167847;0.7882833083470663;0.37723920742670697;;acercandose
3.23;0.5257037281990051;0.21560701727867126;-0.27728164196014404;0.5743703842163086;0.2928429841995239;-0.11954261362552643;0.4918225109577179;0.295907199382782;-0.12720930576324463;0.5841260552406311;0.41578787565231323;-0.0837526023387909;0.4816999137401581;0.4223041832447052;-0.08862178027629852;0.5551905035972595;0.5129940509796143;-0.005143682472407818;0.507082462310791;0.511470377445221;0.005024501122534275;0.5499549508094788;0.687374472618103;-0.04867904260754585;0.5134387016296387;0.6838716864585876;0.030872121453285217;0.5331061661243439;0.1907964825630188;-0.2793347403407097;0.588783785700798;0.5374509245157242;-0.19948289170861244;0.4837013930082321;0.5489218384027481;-0.19453713297843933;0.5446294148763021;0.8630396326382955;0.07556992559693754;0.5132395227750143;0.8115569154421488;0.29727121194203693;;acercandose
3.27;0.5260367393493652;0.21489889919757843;-0.27227285504341125;0.574822723865509;0.29092052578926086;-0.11038406938314438;0.49226120114326477;0.29364264011383057;-0.11823882162570953;0.5855762362480164;0.41512537002563477;-0.0564068965613842;0.4818256199359894;0.4193057119846344;-0.07015178352594376;0.5556640028953552;0.5127916932106018;-0.0018538432195782661;0.5074288249015808;0.5115447640419006;0.0017336125019937754;0.5506920218467712;0.6895498633384705;-0.018583523109555244;0.5139464735984802;0.6879956126213074;0.004682154860347509;0.5333799600601197;0.1899122565984726;-0.2757617264986038;0.5899724513292313;0.5381750762462616;-0.1691540628671646;0.4834800139069557;0.5483242124319077;-0.17312974110245705;0.5440203348795573;0.8656116922696432;0.10020730458199978;0.5132072567939758;0.8421654105186462;0.18304259578386942;;acercandose
3.3;0.5261737704277039;0.21441589295864105;-0.2721617817878723;0.5754616856575012;0.29031383991241455;-0.1098354160785675;0.4923688471317291;0.2929389774799347;-0.11487038433551788;0.5862787961959839;0.41661375761032104;-0.05186286196112633;0.48166424036026;0.418856680393219;-0.06749820709228516;0.5559979677200317;0.5140126943588257;-0.001634256448596716;0.5076463222503662;0.5132086873054504;0.0015181038761511445;0.5510078072547913;0.6944769024848938;-0.006515865679830313;0.5140144228935242;0.6946664452552795;0.004279667977243662;0.5335150122642517;0.18925300389528274;-0.275250181555748;0.5908901691436768;0.541850209236145;-0.16142790019512177;0.4833245500922203;0.5486167520284653;-0.1728559359908104;0.543345590432485;0.8706344962120056;0.11215148617823918;0.5137210488319397;0.8708566824595133;0.12714178239305815;;acercandose
3.33;0.5266056656837463;0.21468669176101685;-0.2714361250400543;0.5758103132247925;0.289102703332901;-0.0966348648071289;0.49230921268463135;0.2921532392501831;-0.1085621789097786;0.5874858498573303;0.4165066182613373;-0.037580277770757675;0.4814806580543518;0.4181089997291565;-0.05894627794623375;0.5567622780799866;0.515298068523407;0.002705467864871025;0.5079314708709717;0.5151169896125793;-0.0027789599262177944;0.5508612394332886;0.6970647573471069;-0.001706543262116611;0.5140995383262634;0.6980882287025452;-0.007709910161793232;0.5339386820793152;0.18962507843971252;-0.274211984872818;0.5916863530874252;0.5411309599876404;-0.16265086084604263;0.4831005930900574;0.5486622303724289;-0.17295779287815094;0.5415882269541422;0.8726860880851746;0.12067459026972453;0.5138701995213827;0.8867985804875692;0.10813162103295326;;acercandose
3.37;0.5266290903091431;0.21500560641288757;-0.26349252462387085;0.5763727426528931;0.28894633054733276;-0.08697789907455444;0.49218279123306274;0.2921290993690491;-0.09863922744989395;0.5884426832199097;0.41624918580055237;-0.029124930500984192;0.48135364055633545;0.4179703891277313;-0.04896187409758568;0.5571948885917664;0.5182569026947021;0.0035353596322238445;0.5080598592758179;0.5186948180198669;-0.003571317996829748;0.5508935451507568;0.6989570260047913;0.008823285810649395;0.5143811106681824;0.7040380835533142;-0.01429116353392601;0.5339172840118408;0.18987880498170853;-0.2674559950828552;0.5924565494060516;0.540496215224266;-0.15667220950126648;0.482685387134552;0.5484146773815155;-0.16960685700178146;0.541044274965922;0.8764095902442932;0.12192264944314957;0.5138761003812155;0.9016997019449869;0.07940215772638719;;acercandose
3.4;0.5264793634414673;0.21510176360607147;-0.26877015829086304;0.5763694643974304;0.28919103741645813;-0.09267815947532654;0.4921298623085022;0.29268619418144226;-0.10389614850282669;0.5885995030403137;0.4166553318500519;-0.03826626017689705;0.4812867045402527;0.41893303394317627;-0.05733047053217888;0.5575169324874878;0.5208150744438171;0.005445751827210188;0.5083308219909668;0.5214810967445374;-0.005464925896376371;0.5512840747833252;0.7027946710586548;0.019394442439079285;0.5147468447685242;0.710689127445221;-0.022839626297354698;0.5337445676326752;0.19001981019973754;-0.2726115494966507;0.5927071422338486;0.541460394859314;-0.16425882279872894;0.48250680416822433;0.5520604699850082;-0.17407841980457306;0.5408873359362284;0.8769768277804056;0.15311003973086676;0.5150828957557678;0.9070775707562765;0.060576144605875015;;acercandose
3.43;0.5263915657997131;0.21525858342647552;-0.27412500977516174;0.5762675404548645;0.2895088791847229;-0.09440379589796066;0.4917297661304474;0.29389265179634094;-0.10541465133428574;0.5883601307868958;0.41784873604774475;-0.040331047028303146;0.48108261823654175;0.42205482721328735;-0.05874310061335564;0.5575957894325256;0.5224965214729309;0.007645496167242527;0.5084872841835022;0.5244834423065186;-0.007660632487386465;0.5515864491462708;0.7045583128929138;0.02506113424897194;0.5148281455039978;0.7146775722503662;-0.02998242899775505;0.5336347341537475;0.1901502266526222;-0.27746218293905256;0.5923934280872345;0.5420233011245728;-0.1671430468559265;0.4821588471531868;0.5568405836820602;-0.1852528415620327;0.5409320990244547;0.877458413441976;0.15905667593081793;0.5164477229118347;0.9126891692479452;0.04927861442168554;;acercandose
3.47;0.5261024832725525;0.21606241166591644;-0.2984078824520111;0.5761581659317017;0.29116207361221313;-0.10923827439546585;0.4906967878341675;0.29681098461151123;-0.1312824934720993;0.5880958437919617;0.42217904329299927;-0.058091484010219574;0.4798128008842468;0.427921861410141;-0.09209941327571869;0.5577300190925598;0.5260670185089111;0.010225597769021988;0.5087157487869263;0.5295459032058716;-0.010240934789180756;0.5519368052482605;0.7053639888763428;0.048031847923994064;0.5152108669281006;0.7206127643585205;-0.0508701354265213;0.5333460807800293;0.19049173593521118;-0.30230179578065874;0.5923525989055634;0.5457638204097748;-0.19251723960042;0.48197706788778305;0.563944086432457;-0.21730316430330276;0.5407995581626892;0.87639848391215;0.21836601197719574;0.5182430346806844;0.9182652036348978;0.017296676834424336;;acercandose
3.5;0.5250921249389648;0.2173493653535843;-0.2805060148239136;0.5759959816932678;0.2918253540992737;-0.09007658064365387;0.48921093344688416;0.30120357871055603;-0.1136375367641449;0.5879709720611572;0.42148807644844055;-0.041543129831552505;0.47836992144584656;0.4340154528617859;-0.08175220340490341;0.5576624870300293;0.5297265648841858;0.010022493079304695;0.5086525082588196;0.5344159007072449;-0.010017258115112782;0.5522336959838867;0.7079102396965027;0.048051707446575165;0.5155885815620422;0.7260397672653198;-0.05446980893611908;0.5326592862606049;0.1915202558040619;-0.282582251727581;0.5922162532806396;0.5450098812580109;-0.18455075472593307;0.48147619515657425;0.5688414871692657;-0.20496371388435364;0.5403991937637329;0.8765364487965902;0.22981569667657217;0.519366721312205;0.9192537069320679;0.011407663424809774;;acercandose
3.53;0.5240800380706787;0.2181328386068344;-0.27034762501716614;0.5759719014167786;0.2930351495742798;-0.08045021444559097;0.4874153435230255;0.3039195239543915;-0.10757003724575043;0.5877634286880493;0.4230569303035736;-0.03248380869626999;0.47670915722846985;0.4382595419883728;-0.07805459201335907;0.5575492978096008;0.5329874753952026;0.011545108631253242;0.5083946585655212;0.5379445552825928;-0.011528276838362217;0.5522593855857849;0.712496817111969;0.05197017267346382;0.5155842304229736;0.7287120819091797;-0.061255861073732376;0.5317433536052704;0.19197279512882232;-0.2716857776045799;0.5919699817895889;0.5455600172281265;-0.17775437608361244;0.4802745431661606;0.573193371295929;-0.20125151053071022;0.5402370095252991;0.8776088754336039;0.25176868836085003;0.5194706519444784;0.9238420526186625;0.007328201085329056;;acercandose
3.57;0.5225881338119507;0.21853236854076385;-0.275704026222229;0.5759293437004089;0.29343414306640625;-0.0863148495554924;0.4857883155345917;0.30499598383903503;-0.10884761810302734;0.587712287902832;0.42286500334739685;-0.03633496165275574;0.4750521779060364;0.43935972452163696;-0.07770629227161407;0.5574780106544495;0.5343236327171326;0.01257102470844984;0.5073378086090088;0.5390610098838806;-0.012568095698952675;0.5522001385688782;0.7155609726905823;0.051682934165000916;0.5156193971633911;0.7298619747161865;-0.05742424353957176;0.5304821133613586;0.19219828844070436;-0.27771733701229095;0.5914212614297867;0.545887753367424;-0.178088940680027;0.47704391181468964;0.5756024867296219;-0.20006633177399635;0.5402855277061462;0.8798489371935526;0.25975533326466876;0.5196270942687988;0.92697807153066;0.01845979442199071;;acercandose
3.6;0.521642804145813;0.2185419201850891;-0.28257495164871216;0.575322687625885;0.2934955060482025;-0.0886494517326355;0.4840673506259918;0.30509230494499207;-0.11435752362012863;0.5866313576698303;0.42297470569610596;-0.034535616636276245;0.4742802679538727;0.43996939063072205;-0.07738915085792542;0.557035505771637;0.5339444875717163;0.011654425412416458;0.5062958002090454;0.5384562015533447;-0.011664419434964657;0.5521639585494995;0.7186959981918335;0.03671494871377945;0.5155133008956909;0.7340390086174011;-0.0477493517100811;0.5295085847377777;0.19222766160964966;-0.28540270775556564;0.5898762345314026;0.546936571598053;-0.17261242121458054;0.47484419494867325;0.5754618495702744;-0.19904622435569763;0.5408044457435608;0.8802294929822286;0.23955731590588888;0.5195640921592712;0.9273186922073364;0.040270683666070305;;acercandose
3.63;0.5208141803741455;0.2185468226671219;-0.29806944727897644;0.5744154453277588;0.2934897541999817;-0.10608838498592377;0.4828066825866699;0.3047974705696106;-0.12461727112531662;0.585900604724884;0.4231437146663666;-0.041595734655857086;0.4725572168827057;0.44002294540405273;-0.08583145588636398;0.5563727021217346;0.5340282917022705;0.010839392431080341;0.505209743976593;0.5382152199745178;-0.010870859026908875;0.5528879761695862;0.7216139435768127;-0.0039336769841611385;0.5150590538978577;0.7367994785308838;-0.02408106066286564;0.5287117719650268;0.1917891800403595;-0.30131651014089583;0.5883670449256897;0.5492603778839111;-0.1754109188914299;0.47356531023979187;0.5775627791881561;-0.20866835489869118;0.5420863628387451;0.8745822310447693;0.2527694950501124;0.5197932124137878;0.9278804659843445;0.11881964094936848;;acercandose
3.67;0.520449697971344;0.21816891431808472;-0.29329413175582886;0.5734122395515442;0.29330989718437195;-0.08388582617044449;0.48142412304878235;0.3047540485858917;-0.12310556322336197;0.584893524646759;0.4231738746166229;-0.016468489542603493;0.47091999650001526;0.43957167863845825;-0.08756595849990845;0.5555577874183655;0.5353013873100281;0.01808999478816986;0.5044445991516113;0.539267897605896;-0.01813574694097042;0.5539000034332275;0.725719690322876;0.039806704968214035;0.5147207975387573;0.739790141582489;-0.022532563656568527;0.5282723248004914;0.19039976149797438;-0.2939614802598953;0.5872541666030884;0.5498905777931213;-0.15350052900612354;0.4720975235104561;0.5775653272867203;-0.2102450616657734;0.5444523294766744;0.8715810378392538;0.3220282196998596;0.5199124614397684;0.930300215880076;0.11100112895170848;;acercandose
3.7;0.5201677083969116;0.21746139228343964;-0.2907010614871979;0.5725311636924744;0.2926586866378784;-0.07889065891504288;0.48011794686317444;0.3047217130661011;-0.1336759477853775;0.5840430855751038;0.423030823469162;-0.00808442011475563;0.46980994939804077;0.4400885999202728;-0.10181230306625366;0.554339587688446;0.5361306667327881;0.024937404319643974;0.5033025741577148;0.5399237275123596;-0.024997247382998466;0.5542868375778198;0.7284362316131592;0.07496877014636993;0.5142539143562317;0.7393284440040588;-0.019497498869895935;0.5278879404067993;0.188898566365242;-0.29180870950222015;0.5864514112472534;0.5513651967048645;-0.14495746232569218;0.47095171362161636;0.5800477117300034;-0.22465923056006432;0.5467763940493265;0.8721031347910563;0.3377017180124919;0.5199626485506693;0.9307224353154501;0.11343414957324664;;acercandose
3.73;0.5193274617195129;0.2154361456632614;-0.272210031747818;0.5720666646957397;0.29221591353416443;-0.06942731887102127;0.47922268509864807;0.3039175570011139;-0.12092916667461395;0.5835379362106323;0.42338827252388;-0.004432265181094408;0.46885472536087036;0.4396214485168457;-0.09239538013935089;0.5535370707511902;0.5367302298545837;0.023453645408153534;0.5022984147071838;0.540804922580719;-0.023506322875618935;0.5547217726707458;0.7292472124099731;0.058886729180812836;0.5138103365898132;0.7404019832611084;-0.022158069536089897;0.5270650148391723;0.18623319417238235;-0.27336365580558775;0.5861135274171829;0.5549227893352509;-0.13979686796665192;0.4701860472559929;0.579296201467514;-0.21839726716279984;0.5484309196472168;0.8839503725369772;0.27754036088784534;0.5203479329744974;0.9318634867668152;0.10567707351098458;;acercandose
3.77;0.5182186961174011;0.2131299525499344;-0.260975182056427;0.5714315176010132;0.2911660075187683;-0.0689828023314476;0.4785260260105133;0.30274614691734314;-0.10808166116476059;0.5831558704376221;0.4233418405056;-0.007962830364704132;0.46818363666534424;0.4392963647842407;-0.07254519313573837;0.5531798005104065;0.5366556644439697;0.0214851051568985;0.5016971230506897;0.5410457849502563;-0.021526671946048737;0.5549638867378235;0.7305577993392944;0.028687050566077232;0.5134292840957642;0.7397110462188721;-0.01923356205224991;0.526111763715744;0.1838776260614395;-0.26253016889095304;0.5860996097326279;0.5571809858083725;-0.14192657358944416;0.46950817853212357;0.5789213329553604;-0.19519046694040298;0.5508701602617899;0.9020617604255676;0.17389797419309616;0.5203858415285746;0.9334129889806112;0.11273135120670001;;acercandose
3.8;0.5176762938499451;0.21162107586860657;-0.26521024107933044;0.5711190700531006;0.2904910743236542;-0.07519026845693588;0.4777248203754425;0.30217793583869934;-0.1085030734539032;0.5828220248222351;0.4238854944705963;-0.009607498534023762;0.467425674200058;0.43950632214546204;-0.06695319712162018;0.5530402064323425;0.5363114476203918;0.012243947945535183;0.5009803175926208;0.5409157872200012;-0.01232257578521967;0.5552170276641846;0.7316677570343018;0.011976931244134903;0.5129597783088684;0.7393706440925598;-0.00824381411075592;0.5256592810153962;0.18191660791635514;-0.26695853620767596;0.5861227661371231;0.559422492980957;-0.14675657451152802;0.4690854251384735;0.5802969932556152;-0.18519123643636703;0.5536584655443827;0.9182365536689758;0.12530790145198503;0.5204383532206217;0.9352535208066305;0.11172288966675599;;acercandose
3.83;0.517396867275238;0.2103852480649948;-0.2810196876525879;0.570930540561676;0.29025277495384216;-0.10181864351034164;0.4771198034286499;0.30189400911331177;-0.11231829971075058;0.5827272534370422;0.42517539858818054;-0.034799277782440186;0.4669858515262604;0.4397592842578888;-0.06937777996063232;0.5530064105987549;0.5360808968544006;0.002766711637377739;0.5006771683692932;0.540722131729126;-0.0028803993482142687;0.5553120374679565;0.7320569157600403;0.009721770882606506;0.5126588344573975;0.7390267848968506;0.00813351757824421;0.5254697263240814;0.1801956206560135;-0.2828734591603279;0.5861775726079941;0.5619325637817383;-0.1578913815319538;0.4693087711930275;0.5815149545669556;-0.18847915530204773;0.555753747622172;0.9259083867073059;0.12794086709618568;0.5212390820185343;0.9354887207349142;0.13433748111128807;;acercandose
3.87;0.5174810886383057;0.21018940210342407;-0.28497663140296936;0.5708574056625366;0.2891392409801483;-0.10522782802581787;0.476793110370636;0.30184656381607056;-0.11523083597421646;0.5827995538711548;0.4250864088535309;-0.036005839705467224;0.46640801429748535;0.4402504563331604;-0.07021380215883255;0.5532601475715637;0.5361473560333252;-0.0002450293395668268;0.5007909536361694;0.5413004159927368;0.0001360653550364077;0.5555473566055298;0.7355569005012512;0.00838182121515274;0.5126549601554871;0.742303729057312;0.010461107827723026;0.5254891037940979;0.17977089583873748;-0.2868837043642998;0.5866552293300629;0.5626282691955566;-0.15721258893609047;0.4694269970059395;0.5827827453613281;-0.18750084191560745;0.5563300251960754;0.9350293676058451;0.11612758102516334;0.5216474731763204;0.9372114340464274;0.1314887541035811;;acercandose
3.9;0.5173983573913574;0.21001331508159637;-0.29521363973617554;0.5708523392677307;0.28815287351608276;-0.11314818263053894;0.476829469203949;0.301815003156662;-0.12344364821910858;0.5830579996109009;0.42460328340530396;-0.03996911272406578;0.4662812352180481;0.44048187136650085;-0.07162047177553177;0.5539104342460632;0.5363146066665649;-0.0024343675468117;0.5008846521377563;0.5415315628051758;0.0023371141869574785;0.5558801889419556;0.7381855845451355;0.007799256127327681;0.5126489400863647;0.7456983327865601;0.02101779729127884;0.5254364669322967;0.17975970953702927;-0.2979497447609901;0.5877141803503036;0.5618426203727722;-0.15696483850479126;0.46958403289318085;0.5848556607961655;-0.18888626620173454;0.557042400042216;0.9432809948921204;0.09355914701397221;0.521745502948761;0.9395676255226135;0.13626567895213762;;acercandose
3.93;0.517351508140564;0.2096136212348938;-0.30489638447761536;0.5710926651954651;0.28812074661254883;-0.12766030430793762;0.4768747389316559;0.3018900454044342;-0.13730241358280182;0.5835925340652466;0.42502689361572266;-0.05652850866317749;0.4665181040763855;0.44320768117904663;-0.08530076593160629;0.554728090763092;0.5364185571670532;-0.0031923302449285984;0.5010366439819336;0.5419174432754517;0.003080774564296007;0.5559515953063965;0.7409864068031311;0.007338275201618671;0.5130255222320557;0.7486183643341064;0.023105686530470848;0.5253846108913421;0.17958994358778;-0.30758984237909315;0.5892643183469772;0.5615081340074539;-0.16525670140981674;0.46964675933122635;0.5862691104412079;-0.19243846461176872;0.5567543903986613;0.9424624840418497;0.10244592217107613;0.5221928159395853;0.9391637047131857;0.14051244780421257;;acercandose
3.97;0.5173215866088867;0.2091083824634552;-0.3149798810482025;0.5716972947120667;0.28811997175216675;-0.14011116325855255;0.47702911496162415;0.30184438824653625;-0.14988595247268677;0.5837485194206238;0.4262934923171997;-0.07263040542602539;0.4670471251010895;0.444644570350647;-0.10164875537157059;0.5558431148529053;0.5371733903884888;-0.00394452502951026;0.5014625191688538;0.5426327586174011;0.003805226646363735;0.5559425950050354;0.7411985993385315;0.005692807026207447;0.5132911801338196;0.7485963106155396;0.026969412341713905;0.5252721548080445;0.17928153276443481;-0.3182009130716324;0.5906281173229218;0.5624402463436127;-0.1781114898622036;0.47120191901922226;0.5884491354227066;-0.20153746753931046;0.557199498017629;0.9425815343856812;0.11776851490139961;0.5225302974383036;0.9384090701738993;0.15674670288960138;;acercandose
4.0;0.5173500180244446;0.20875802636146545;-0.3192644417285919;0.5723133683204651;0.2876319885253906;-0.14506514370441437;0.4771617352962494;0.30181029438972473;-0.15665705502033234;0.5844487547874451;0.42699405550956726;-0.07703233510255814;0.46844297647476196;0.44550690054893494;-0.10827016085386276;0.5568148493766785;0.5371854305267334;-0.0039188191294670105;0.5024541616439819;0.5425885915756226;0.0037773053627461195;0.5560534000396729;0.7415545582771301;0.004871095530688763;0.5135218501091003;0.7491048574447632;0.02652534656226635;0.5252795279026031;0.17897252440452577;-0.322693395614624;0.5925161242485046;0.5639113187789917;-0.18239134550094604;0.4727388396859169;0.5910705178976059;-0.20704782754182816;0.5571566621462504;0.9421072204907736;0.11190851715703805;0.5225392778714498;0.9378522435824076;0.1515768294533094;;acercandose
4.03;0.5173037648200989;0.2085895985364914;-0.3174980580806732;0.573147177696228;0.28686240315437317;-0.14217644929885864;0.4775810241699219;0.30055034160614014;-0.15442690253257751;0.5856519341468811;0.42697957158088684;-0.07254983484745026;0.4694511890411377;0.4453110992908478;-0.10691478103399277;0.5571720004081726;0.5371401906013489;-0.0034841629676520824;0.5029685497283936;0.5425225496292114;0.003345406847074628;0.556511402130127;0.7411757111549377;0.0020102295093238354;0.5137087106704712;0.7483564019203186;0.021669825538992882;0.5252419412136078;0.17895701229572297;-0.321739162504673;0.5937090367078781;0.5649792701005936;-0.17988213524222374;0.47386450320482254;0.5912789553403854;-0.20916864275932312;0.557181696097056;0.940458337465922;0.1160766010483106;0.5223012367884318;0.9375591278076172;0.14643953492244086;;acercandose
4.07;0.5173100233078003;0.20820362865924835;-0.3182837665081024;0.5741952061653137;0.28633835911750793;-0.14354701340198517;0.47806382179260254;0.2996717393398285;-0.15378274023532867;0.5868706107139587;0.427619993686676;-0.07406368106603622;0.4701012074947357;0.4452168345451355;-0.10588321089744568;0.5577998161315918;0.5371599793434143;-0.00392982317134738;0.5036692023277283;0.5424498319625854;0.0037863769102841616;0.5570055246353149;0.7412592768669128;-0.0011312243295833468;0.5137481689453125;0.7481164932250977;0.022314343601465225;0.5252830564975739;0.17872275561094284;-0.32265681475400926;0.5952339768409729;0.5660098344087601;-0.18090926483273506;0.4746704250574112;0.5912160873413086;-0.20893750712275505;0.5576433738072714;0.9402230779329935;0.11840424314141273;0.5225318868954977;0.9373879233996073;0.1525611033042272;;acercandose
4.1;0.5173379182815552;0.2074793428182602;-0.31595009565353394;0.5756550431251526;0.2862968146800995;-0.14223358035087585;0.4787619709968567;0.2991414964199066;-0.15116100013256073;0.5887066721916199;0.42959854006767273;-0.07312078028917313;0.4707288146018982;0.44483983516693115;-0.10317352414131165;0.5585055351257324;0.5373319983482361;-0.0038268521893769503;0.5040165185928345;0.542540967464447;0.0036812303587794304;0.5578455924987793;0.7410695552825928;-0.007386926095932722;0.5138030648231506;0.7479413747787476;0.02001984789967537;0.5254453539848327;0.1782774344086647;-0.32017859518527986;0.5962299406528473;0.5690578371286392;-0.17939479276537895;0.4751231223344803;0.5912124514579773;-0.20788804069161415;0.5578250686327616;0.9400528271993002;0.12083982800443967;0.522783080736796;0.9373030861218771;0.15188275277614594;;acercandose
4.13;0.5174445509910583;0.2069624811410904;-0.31373894214630127;0.5769995450973511;0.2861862778663635;-0.1383170783519745;0.47942185401916504;0.2990700304508209;-0.14933380484580994;0.5903445482254028;0.4300139546394348;-0.06996387988328934;0.47097745537757874;0.4446588456630707;-0.10202322900295258;0.5594114661216736;0.5375476479530334;-0.0036621419712901115;0.5045301914215088;0.5431684851646423;0.0035200617276132107;0.5586172938346863;0.740757405757904;-0.004008557181805372;0.5138314366340637;0.747698187828064;0.01895696111023426;0.5257145166397095;0.17798002064228058;-0.31773622035980226;0.5972904711961746;0.568973645567894;-0.1781456582248211;0.4755770042538643;0.5914804488420486;-0.204299945384264;0.5578798651695251;0.9391839106877645;0.12408668051163356;0.5229280591011047;0.9372127850850424;0.14869230737288794;;acercandose
4.17;0.5175455212593079;0.20664101839065552;-0.2988685965538025;0.5777141451835632;0.28586533665657043;-0.12625092267990112;0.4800989329814911;0.2990918755531311;-0.13646212220191956;0.5916154980659485;0.4299487769603729;-0.05673282593488693;0.471569687128067;0.44455063343048096;-0.08790045976638794;0.5603575706481934;0.5379298329353333;-0.00357453222386539;0.5052754878997803;0.5435906648635864;0.003432800993323326;0.5590023994445801;0.7406676411628723;-0.002390434266999364;0.5142104625701904;0.7475332021713257;0.014580542221665382;0.5259431004524231;0.1778806507587433;-0.3017039805650711;0.5981423854827881;0.568589448928833;-0.166423037648201;0.47594844549894333;0.5916132926940918;-0.19354501739144325;0.5577198465665182;0.9391532937685648;0.12472492332259814;0.5231967171033224;0.9371072053909302;0.14285684252778688;;acercandose
4.2;0.5179972648620605;0.20641344785690308;-0.29843759536743164;0.5788246989250183;0.28552961349487305;-0.12611043453216553;0.48129579424858093;0.2990894615650177;-0.13657228648662567;0.592658519744873;0.429926335811615;-0.056364886462688446;0.4725481867790222;0.44445720314979553;-0.08801261335611343;0.5612093806266785;0.5380967855453491;-0.00318345008417964;0.5061084628105164;0.5435582995414734;0.003040556563064456;0.5593546032905579;0.7405970096588135;-0.0019410870736464858;0.5145806074142456;0.7474009990692139;0.01243008952587843;0.5263853430747986;0.1777707114815712;-0.30137035995721817;0.5990407913923264;0.5684612840414047;-0.1645720787346363;0.47605281323194504;0.591817244887352;-0.19154375046491623;0.5575982928276062;0.9387789964675903;0.12396631265679996;0.5231881539026896;0.9360620975494385;0.14262490719556808;;acercandose
4.23;0.5189045071601868;0.20627790689468384;-0.2995780110359192;0.579674482345581;0.28516992926597595;-0.12680301070213318;0.4826044738292694;0.2990930676460266;-0.13779352605342865;0.5932435989379883;0.4299144148826599;-0.05649786442518234;0.4734073579311371;0.4443646967411041;-0.08889792114496231;0.5618179440498352;0.5383264422416687;-0.002707134699448943;0.5068450570106506;0.5435475707054138;0.0025648605078458786;0.5595855116844177;0.740588903427124;-0.0012447849148884416;0.5149379372596741;0.7473752498626709;0.011021935380995274;0.5271340370178222;0.17770212590694429;-0.30282524675130845;0.5993444919586182;0.5688830316066742;-0.16514558717608452;0.4761590287089348;0.5928369462490082;-0.19266381114721298;0.5575147867202759;0.9385733803113302;0.12430176014701526;0.523200790087382;0.9351422389348348;0.14239197596907616;;acercandose
4.27;0.5197759866714478;0.20613926649093628;-0.3062780797481537;0.580374538898468;0.28494709730148315;-0.1323365420103073;0.4835149347782135;0.29912900924682617;-0.14358384907245636;0.5940678119659424;0.4298761785030365;-0.061291202902793884;0.4742339849472046;0.44432082772254944;-0.09462226927280426;0.5624128580093384;0.5385305881500244;-0.0023169624619185925;0.5074862837791443;0.5435603857040405;0.0021724263206124306;0.559777021408081;0.7408093214035034;-0.00030428776517510414;0.5154941082000732;0.7472229599952698;0.010971905663609505;0.5279161214828492;0.1776602938771248;-0.3099754974246025;0.5994652360677719;0.5693340301513672;-0.16767466813325882;0.4763123691082001;0.5936254113912582;-0.19479094073176384;0.5574435393015543;0.9384916027386984;0.12496538336078326;0.523258904616038;0.934831420580546;0.1422615870833397;;acercandose
4.3;0.5207575559616089;0.20613425970077515;-0.3061054050922394;0.5807256698608398;0.2846719026565552;-0.13195203244686127;0.4844335913658142;0.299186110496521;-0.1433909684419632;0.5947929620742798;0.42981237173080444;-0.061183780431747437;0.4750600755214691;0.44423067569732666;-0.09441822022199631;0.5630005598068237;0.5388066172599792;-0.0022044137585908175;0.5082989931106567;0.543618381023407;0.0020627612248063087;0.5599711537361145;0.7410421967506409;-5,27E+11;0.5160679817199707;0.7471352219581604;0.011059632524847984;0.5287473320960998;0.1776804432272911;-0.3097697079181671;0.5995807647705078;0.5693437308073044;-0.167769443243742;0.47660160064697266;0.5936249047517776;-0.19495518133044243;0.557403047879537;0.9384727080663046;0.125583549340566;0.5233401854832967;0.9346422751744589;0.14232490956783295;;acercandose
4.33;0.5217006802558899;0.20614002645015717;-0.2972353398799896;0.5810551643371582;0.2845913767814636;-0.12404269725084305;0.4851476848125458;0.2993561923503876;-0.13406947255134583;0.5953341722488403;0.4297773540019989;-0.054170239716768265;0.47565168142318726;0.443850576877594;-0.0859614685177803;0.563464343547821;0.5392768383026123;-0.0021416102536022663;0.5091224312782288;0.54383784532547;0.0020046683494001627;0.5602831840515137;0.741052508354187;0.00021522759925574064;0.5166497826576233;0.7467024922370911;0.011119055561721325;0.5295702040195465;0.17776355743408204;-0.30026595294475555;0.5995736867189407;0.5692705363035202;-0.16320764645934105;0.4771830290555954;0.5935338735580444;-0.19027478992938995;0.5572854479153951;0.938467780749003;0.12463672955830891;0.5234979192415873;0.9344956278800964;0.1411923182507356;;acercandose
4.37;0.5225552320480347;0.20619815587997437;-0.28606554865837097;0.5814622044563293;0.28455397486686707;-0.11152750253677368;0.485779345035553;0.2995985150337219;-0.12505978345870972;0.5958887934684753;0.429191529750824;-0.04231153428554535;0.47602543234825134;0.44342106580734253;-0.07830395549535751;0.5638118386268616;0.5398014783859253;-0.0015135989524424076;0.5096402168273926;0.5441052913665771;0.0013899762416258454;0.5607594847679138;0.7413756251335144;-0.00026959722163155675;0.5169850587844849;0.7466240525245667;0.007307255640625954;0.5302428245544434;0.17794449627399445;-0.2887446179986;0.5996883511543274;0.5689138919115067;-0.1538640484213829;0.47806981205940247;0.5934583991765976;-0.18451344221830368;0.5572365919748942;0.938757578531901;0.12261256203055382;0.5236835479736328;0.934478759765625;0.13474000866214433;;acercandose
4.4;0.5232574343681335;0.20625874400138855;-0.2753082811832428;0.5817527770996094;0.28427931666374207;-0.10110460966825485;0.48630189895629883;0.29982098937034607;-0.11532486975193024;0.5962392687797546;0.42588403820991516;-0.031710024923086166;0.4763738512992859;0.44326701760292053;-0.06905349344015121;0.5642729997634888;0.5400047898292542;-0.0013295982498675585;0.5100095272064209;0.5442140698432922;0.0012176923919469118;0.5610758662223816;0.7415521740913391;-0.002783883363008499;0.5171334147453308;0.7465687990188599;0.0035225588362663984;0.5308186888694764;0.1780623435974121;-0.27778628617525103;0.599767878651619;0.5668687373399734;-0.1450452096760273;0.47891679406166077;0.5934015661478043;-0.17836294323205948;0.5572131872177124;0.9389437437057495;0.11892655491828918;0.5237382451693217;0.9344513416290283;0.12748445942997932;;acercandose
4.43;0.5236355662345886;0.20630507171154022;-0.27268630266189575;0.5820906162261963;0.28390881419181824;-0.0985591784119606;0.48678940534591675;0.299827516078949;-0.11256017535924911;0.5962027311325073;0.42208874225616455;-0.029377290979027748;0.4766131639480591;0.4431653618812561;-0.06751386821269989;0.5646126866340637;0.5400645732879639;-0.0013206946896389127;0.5103703141212463;0.5442114472389221;0.0012057902058586478;0.561299741268158;0.7416988015174866;-0.004353536758571863;0.5172309279441833;0.7465369701385498;0.0018199170008301735;0.5312026977539063;0.17814953178167342;-0.27530201375484464;0.5997684299945831;0.5631915926933289;-0.14301838353276253;0.4797756150364876;0.593322291970253;-0.17854052037000656;0.5571941137313843;0.9390018184979757;0.11457736852268378;0.5237185557683309;0.9344706535339355;0.12134526297450066;;acercandose
4.47;0.523978590965271;0.20631547272205353;-0.27797427773475647;0.5825703740119934;0.2837757468223572;-0.10369841754436493;0.48725181818008423;0.29983314871788025;-0.11706963926553726;0.596424400806427;0.4218185842037201;-0.03483262285590172;0.4770110547542572;0.44319698214530945;-0.07161343097686768;0.565026581287384;0.5401468276977539;-0.0012108342489227653;0.5107594132423401;0.5441997051239014;0.001102074864320457;0.5616657733917236;0.7417339086532593;-0.003990153316408396;0.5173224806785583;0.7465108633041382;0.002473728731274605;0.5315931797027588;0.1781797558069229;-0.2807441860437393;0.5997994989156723;0.5625943094491959;-0.14745009690523148;0.48051881045103073;0.5933563858270645;-0.1806790642440319;0.557208518187205;0.9388219316800436;0.11637324467301369;0.5237637758255005;0.9344573020935059;0.1232391061882178;;acercandose
4.5;0.524337112903595;0.2063240259885788;-0.280742347240448;0.582978367805481;0.28372722864151;-0.10593050718307495;0.48764580488204956;0.29981184005737305;-0.118985116481781;0.5966878533363342;0.4220114052295685;-0.03715809807181358;0.4772447645664215;0.4432726502418518;-0.07337281852960587;0.565337061882019;0.5401948690414429;-0.0011172579834237695;0.5110762119293213;0.5441969037055969;0.001013759057968855;0.5619282722473145;0.7419673800468445;-0.0037054847925901413;0.517397403717041;0.7464724779129028;0.002320795552805066;0.5319866001605987;0.17820396423339843;-0.2835543155670166;0.5998563021421432;0.5624801367521286;-0.14943257346749306;0.4809865802526474;0.5933791697025299;-0.18146654963493347;0.5572028954823812;0.9387074708938599;0.11727034921447436;0.5238603154818217;0.9344610174496969;0.12407891949017842;;acercandose
4.53;0.5246936082839966;0.2063334584236145;-0.2820587456226349;0.5832428336143494;0.2837091088294983;-0.10625085234642029;0.4881303310394287;0.2997715175151825;-0.11982297152280807;0.59708571434021;0.422151118516922;-0.03707284480333328;0.4775141477584839;0.44325417280197144;-0.0739152655005455;0.5655246376991272;0.540182888507843;-0.0007863181526772678;0.5112377405166626;0.5441675186157227;0.0006882287561893463;0.5621364712715149;0.7419790625572205;-0.0034688578452914953;0.5174868106842041;0.7464610934257507;0.0016323616728186607;0.5323806703090668;0.1782224878668785;-0.2848882168531418;0.6000134646892548;0.5625892728567123;-0.15042724460363388;0.4812561869621277;0.5933760106563568;-0.18239883333444595;0.5573345025380453;0.9386712511380514;0.1173232061167558;0.5240995089213053;0.9345346887906393;0.12139562144875526;;acercandose
4.57;0.5249731540679932;0.20634223520755768;-0.2835935056209564;0.5836403369903564;0.2837262749671936;-0.10701585561037064;0.4886028468608856;0.2996911108493805;-0.12058233469724655;0.5972381234169006;0.422574520111084;-0.03810910880565643;0.47769689559936523;0.4429689347743988;-0.07452315092086792;0.5655438899993896;0.5401389598846436;-0.00022352913219947368;0.5112897157669067;0.5439881682395935;0.00012574427819345146;0.5623096823692322;0.7419837117195129;-0.0033242793288081884;0.517558753490448;0.7464724779129028;0.0009823121363297105;0.5327257931232452;0.1782381221652031;-0.2868113428354263;0.6000853627920151;0.5629250407218933;-0.15120653435587883;0.4814615398645401;0.5934429615736008;-0.18322866410017014;0.5574515461921692;0.938488245010376;0.11764900013804436;0.5243053237597147;0.9345739881197611;0.12059008950988452;;acercandose
4.6;0.525229275226593;0.20635175704956055;-0.2840332090854645;0.5839841365814209;0.2837573289871216;-0.10748504847288132;0.4887627363204956;0.2996852993965149;-0.12125623226165771;0.5973341464996338;0.42311179637908936;-0.0379742793738842;0.4778178632259369;0.44292354583740234;-0.0751010999083519;0.5655415058135986;0.5401671528816223;-4,77E+08;0.5113105177879333;0.5439837574958801;-9,03E+10;0.5624140501022339;0.7421943545341492;-0.0032501465175300837;0.5175995826721191;0.7465935945510864;0.0012682746164500713;0.5330064713954925;0.17826229482889175;-0.28714199662208556;0.6001494526863098;0.5633671581745148;-0.1511474810540676;0.48169147223234177;0.5934745222330093;-0.1838945560157299;0.5575218002001444;0.9384015401204427;0.11828091616431873;0.524423360824585;0.9346306125322977;0.12174656987190247;;acercandose
4.63;0.5255001783370972;0.20636223256587982;-0.2835102677345276;0.5842816233634949;0.28377434611320496;-0.10698799043893814;0.4889403283596039;0.29968002438545227;-0.12030701339244843;0.597450315952301;0.4233871400356293;-0.03726061061024666;0.4780753254890442;0.4428407847881317;-0.07382713258266449;0.5655654072761536;0.540227472782135;1,43E+10;0.5113382339477539;0.5439776182174683;-9,65E+10;0.5625142455101013;0.742443859577179;-0.0030975332483649254;0.5176388621330261;0.7466852068901062;0.001396281411871314;0.5332707047462464;0.1782822921872139;-0.286607126891613;0.6002684682607651;0.5636089146137238;-0.1507406309247017;0.48182906955480576;0.5934652239084244;-0.18368587642908096;0.5575792988141378;0.9383061130841573;0.11950527007381122;0.5245009064674377;0.9346375664075216;0.1229548379778862;;acercandose
4.67;0.5258247256278992;0.20642665028572083;-0.2837805151939392;0.5844753384590149;0.2838536202907562;-0.10717052221298218;0.48910537362098694;0.29967695474624634;-0.1206897720694542;0.5977414846420288;0.42363446950912476;-0.037690170109272;0.47836917638778687;0.44280433654785156;-0.07420235127210617;0.5656285285949707;0.5403053164482117;-5,53E+09;0.5114224553108215;0.5439504981040955;-8,89E+10;0.5626328587532043;0.7425583004951477;-0.003257067408412695;0.5177006721496582;0.7467348575592041;0.0015397756360471249;0.5335618257522583;0.17836118042469024;-0.28692694306373595;0.600491002202034;0.5641509592533112;-0.1508953794836998;0.4818549156188965;0.5934527665376663;-0.18402374535799026;0.5576497117678324;0.9382002154986063;0.12042995542287827;0.5245888630549113;0.9346047043800354;0.12403024112184842;;acercandose
4.7;0.5261392593383789;0.20648512244224548;-0.2888210713863373;0.5846326947212219;0.28393223881721497;-0.11162935197353363;0.48932650685310364;0.2997070550918579;-0.12469365447759628;0.5980214476585388;0.4240435063838959;-0.04132348671555519;0.47869786620140076;0.44279107451438904;-0.07669388502836227;0.5657669901847839;0.5403549671173096;-5,15E+09;0.5115371942520142;0.5439456701278687;-8,93E+10;0.5627893209457397;0.7425840497016907;-0.003180976491421461;0.5177880525588989;0.7467622756958008;0.001830636290833354;0.5338564217090607;0.17845717519521714;-0.2920630440115929;0.6007262319326401;0.5647723972797394;-0.15451683104038239;0.4818616434931755;0.5935770571231842;-0.18565091863274574;0.5577372908592224;0.938103199005127;0.12220483024915059;0.5246444741884867;0.9345324635505676;0.12618300318717957;;acercandose
4.73;0.5264416933059692;0.2065337747335434;-0.29429730772972107;0.5848893523216248;0.2842332422733307;-0.11796847730875015;0.48948484659194946;0.299795925617218;-0.1288568377494812;0.5982059836387634;0.42567601799964905;-0.047678668051958084;0.4790058135986328;0.44287970662117004;-0.07984206080436707;0.5659518837928772;0.5404654145240784;-0.00012089240044588223;0.5116457939147949;0.5439651608467102;2,46E+09;0.5629347562789917;0.7427356839179993;-0.0031131994910538197;0.5178336501121521;0.7469135522842407;0.003017028560861945;0.5341699600219727;0.17851888686418532;-0.29751437455415725;0.6008085012435913;0.5666773617267609;-0.16045260801911354;0.48185282945632935;0.5938351899385452;-0.18819227442145348;0.557824949423472;0.9380885362625122;0.12446950127681096;0.5247007409731547;0.9345067143440247;0.1296131101747354;;acercandose
4.77;0.5267453193664551;0.20657400786876678;-0.2981683313846588;0.585091233253479;0.28434184193611145;-0.12238187342882156;0.48965781927108765;0.2999695837497711;-0.13127246499061584;0.5984171032905579;0.4264542758464813;-0.05221053212881088;0.4792182445526123;0.44332969188690186;-0.08209167420864105;0.566076397895813;0.5406280755996704;-0.0006905709742568433;0.5117310285568237;0.5440282821655273;0.0005929748294875026;0.5630804896354675;0.7429645657539368;-0.004020666237920523;0.5178451538085938;0.7470189332962036;0.004220123402774334;0.5345098495483398;0.17857020795345308;-0.30158375203609467;0.6009198576211929;0.5679203271865845;-0.16526158899068832;0.48184799402952194;0.5944422334432602;-0.191838338971138;0.5579302509625753;0.9380797147750854;0.12554840371012688;0.5247894922892252;0.9344367782274882;0.13302230338255563;;acercandose
4.8;0.5270143747329712;0.20660358667373657;-0.3011965751647949;0.585328221321106;0.2846214175224304;-0.12591972947120667;0.4897645115852356;0.30024275183677673;-0.13398431241512299;0.5986014008522034;0.42798295617103577;-0.05642533674836159;0.47943222522735596;0.4439643621444702;-0.08462598919868469;0.5661605596542358;0.5409552454948425;-0.0008986134198494256;0.5118522047996521;0.5441757440567017;0.0007989996811375022;0.5632548332214355;0.7430269122123718;-0.004001354333013296;0.5178607106208801;0.7471064329147339;0.005350622348487377;0.5347982764244079;0.17861393392086028;-0.30458372086286545;0.6010646969079971;0.5697046965360641;-0.16925477609038353;0.48186638206243515;0.595006451010704;-0.19391094148159027;0.55799533923467;0.938054621219635;0.12710571040709814;0.5248547395070394;0.9343480865160624;0.13468953470389047;;acercandose
4.83;0.5272747874259949;0.20666386187076569;-0.30288180708885193;0.5854468941688538;0.28489968180656433;-0.12744390964508057;0.48984697461128235;0.3004325032234192;-0.13599762320518494;0.598678469657898;0.4293055534362793;-0.05782228708267212;0.47957852482795715;0.44441401958465576;-0.08689854294061661;0.5662369728088379;0.5412318706512451;-0.0010638432577252388;0.5119556784629822;0.5443135499954224;0.0009614303125999868;0.5633858442306519;0.7430981397628784;-0.004738615360110998;0.5178661942481995;0.7472265362739563;0.005731409415602684;0.5350548624992371;0.1786765545606613;-0.3064256370067596;0.6013411730527878;0.570894867181778;-0.17064141109585762;0.4818875715136528;0.5953828692436218;-0.1954495571553707;0.558051347732544;0.9379520813624064;0.12925038983424506;0.5249634981155396;0.9342374404271444;0.13743062938253084;;acercandose
4.87;0.5276206135749817;0.20669488608837128;-0.30689990520477295;0.5856344699859619;0.2853347063064575;-0.13082455098628998;0.4899459779262543;0.3004395663738251;-0.1397157460451126;0.5987638831138611;0.4307156503200531;-0.06109703704714775;0.4796596169471741;0.44450369477272034;-0.09089157730340958;0.5662861466407776;0.5415003299713135;-0.0011479819659143686;0.5119993686676025;0.5443872809410095;0.0010426596272736788;0.5635037422180176;0.7431766986846924;-0.004783464130014181;0.5178678035736084;0.7473478317260742;0.006361262872815132;0.5353676736354828;0.1787150979042053;-0.3104738131165504;0.6017903089523315;0.5720920711755753;-0.17342505976557732;0.48188672214746475;0.5956947952508926;-0.19859592989087105;0.5580993890762329;0.9378153681755066;0.1334622080127398;0.5250548322995504;0.9341657956441244;0.14098835115631422;;acercandose
4.9;0.5278513431549072;0.20672348141670227;-0.3086737394332886;0.5857590436935425;0.2857891023159027;-0.1327744871377945;0.4900415539741516;0.3004426658153534;-0.14125502109527588;0.5989159345626831;0.431956022977829;-0.06300406903028488;0.47975701093673706;0.4444986879825592;-0.09247513860464096;0.5663586854934692;0.5417505502700806;-0.0012814245419576764;0.5120311975479126;0.544495701789856;0.0011719167232513428;0.5636042952537537;0.7431951761245728;-0.004751944914460182;0.5178657174110413;0.7475182414054871;0.007681765127927065;0.5356286466121674;0.17876282781362535;-0.3121339738368988;0.6022816747426987;0.5731934458017349;-0.17509667947888374;0.4818706288933754;0.5958000272512436;-0.19993513450026512;0.5581188599268595;0.9375987450281779;0.13745767126480737;0.5251259803771973;0.9341206550598145;0.14485841741164526;;acercandose
4.93;0.528090238571167;0.20676973462104797;-0.30726882815361023;0.5858282446861267;0.2858923077583313;-0.13122351467609406;0.4901227056980133;0.30044499039649963;-0.14110876619815826;0.5990585684776306;0.43197664618492126;-0.061961494386196136;0.47986769676208496;0.4444521367549896;-0.09127914905548096;0.5665103197097778;0.5418881773948669;-0.001391586847603321;0.512102484703064;0.5446017980575562;0.0012824088335037231;0.5637248158454895;0.7432473301887512;-0.005347780883312225;0.5178667306900024;0.7477673292160034;0.007706211414188147;0.5359032928943634;0.17882339507341385;-0.31063255965709685;0.6025969088077545;0.5732379704713821;-0.1739249750971794;0.4818419814109802;0.5957986861467361;-0.19946358352899551;0.5581430792808533;0.9374872048695883;0.13647928461432457;0.5251936912536621;0.9340537389119467;0.144241942713658;;acercandose
4.97;0.5283068418502808;0.20688676834106445;-0.3062705993652344;0.5859488248825073;0.28603595495224;-0.12983080744743347;0.49020615220069885;0.3004472553730011;-0.13968664407730103;0.599125862121582;0.43193623423576355;-0.060229264199733734;0.479923278093338;0.4444334805011749;-0.09028197824954987;0.5666800737380981;0.5419272780418396;-0.0014079014072194695;0.5121918320655823;0.5446306467056274;0.0012988053495064378;0.5639247298240662;0.7432441711425781;-0.00546017661690712;0.5178625583648682;0.7478057146072388;0.0076586096547544;0.5361343026161194;0.17897260040044785;-0.3097900852560997;0.6027528494596481;0.5732164978981018;-0.17261674255132675;0.4818110838532448;0.5958131849765778;-0.1987621821463108;0.5581546425819397;0.9373123049736023;0.1358488289018472;0.5252338846524557;0.9340275327364603;0.14308086906870207;;acercandose
