segundo;landmark_10_x;landmark_10_y;landmark_10_z;landmark_11_x;landmark_11_y;landmark_11_z;landmark_12_x;landmark_12_y;landmark_12_z;landmark_13_x;landmark_13_y;landmark_13_z;landmark_14_x;landmark_14_y;landmark_14_z;landmark_23_x;landmark_23_y;landmark_23_z;landmark_24_x;landmark_24_y;landmark_24_z;landmark_25_x;landmark_25_y;landmark_25_z;landmark_26_x;landmark_26_y;landmark_26_z;cara_prom_x;cara_prom_y;cara_prom_z;mano_izquierda_prom_x;mano_izquierda_prom_y;mano_izquierda_prom_z;mano_derecha_prom_x;mano_derecha_prom_y;mano_derecha_prom_z;pie_izquierdo_prom_x;pie_izquierdo_prom_y;pie_izquierdo_prom_z;pie_derecho_prom_x;pie_derecho_prom_y;pie_derecho_prom_z;;Etiqueta;Vista
0.03;0.48462972044944763;0.2937023937702179;-0.188869446516037;0.5258134007453918;0.3680424094200134;-0.07468270510435104;0.44956833124160767;0.36644667387008667;-0.06477855890989304;0.5342344045639038;0.47501644492149353;-0.038067225366830826;0.43728187680244446;0.4764203429222107;-0.03684856742620468;0.508768618106842;0.5739291906356812;-0.008518754504621029;0.4645312428474426;0.5749627947807312;0.008503730408847332;0.5109002590179443;0.7241828441619873;-0.002996122697368264;0.46929439902305603;0.722260057926178;0.016281818971037865;0.4893730342388153;0.2704841434955597;-0.18966619670391083;0.5343206226825714;0.6006932407617569;-0.12654152140021324;0.4408779963850975;0.5949324816465378;-0.12466692551970482;0.5151820381482443;0.8783394694328308;0.08737502060830593;0.47102250655492145;0.8759811321894327;0.11597800999879837;;vertical;frontal
0.07;0.4845733642578125;0.2935878038406372;-0.19121594727039337;0.525719165802002;0.3680223226547241;-0.07695890218019485;0.4495539367198944;0.3664347529411316;-0.06731411069631577;0.5340813398361206;0.4747563302516937;-0.04071744903922081;0.4372033476829529;0.4760308265686035;-0.03777346387505531;0.5087689757347107;0.5738980174064636;-0.007781023625284433;0.4645492136478424;0.5747910141944885;0.007751129567623138;0.5109100341796875;0.7242593765258789;-0.003998639527708292;0.46925854682922363;0.7225783467292786;0.015495453029870987;0.48933206796646117;0.2704462021589279;-0.19234029501676558;0.534225344657898;0.5999180972576141;-0.1337700355798006;0.4405684396624565;0.594889909029007;-0.12481854669749737;0.5149264534314474;0.8783216675122579;0.09371314321955045;0.47125618656476337;0.8743625283241272;0.12375168005625407;;vertical;frontal
0.1;0.4845140278339386;0.2934150695800781;-0.19113199412822723;0.5254956483840942;0.3680214583873749;-0.07685158401727676;0.44932568073272705;0.3664560317993164;-0.06718047708272934;0.5339499115943909;0.47474968433380127;-0.04114192724227905;0.43700796365737915;0.4759896993637085;-0.03753601759672165;0.5087538957595825;0.5738547444343567;-0.0074888295494019985;0.4645416736602783;0.5747233033180237;0.00745417783036828;0.510890007019043;0.7242609262466431;-0.0043226066045463085;0.4692302942276001;0.7227436304092407;0.01407881174236536;0.4892472833395004;0.2704221338033676;-0.19223632887005807;0.5340410023927689;0.5991824716329575;-0.1363385058939457;0.440264068543911;0.5949123948812485;-0.12392129935324192;0.5146211783091227;0.878037691116333;0.09641952440142632;0.4713554282983144;0.8737638791402181;0.12329231450955074;;vertical;frontal
0.13;0.48429644107818604;0.2927182614803314;-0.19106951355934143;0.5250677466392517;0.3680211901664734;-0.07592608779668808;0.4486808776855469;0.366583913564682;-0.0699080303311348;0.5336333513259888;0.47474801540374756;-0.03862675651907921;0.43640151619911194;0.4762517511844635;-0.041027478873729706;0.5087093710899353;0.5738515853881836;-0.00584821542724967;0.46452608704566956;0.5747291445732117;0.00580311706289649;0.5108284950256348;0.7244089841842651;-0.004305762238800526;0.4692314863204956;0.7232713103294373;0.010603421367704868;0.48899097740650177;0.27027652263641355;-0.19217436462640763;0.533909410238266;0.598795160651207;-0.1355432141572237;0.44001448154449463;0.5953347235918045;-0.1257979590445757;0.5142020980517069;0.8780405322710673;0.09871564681331317;0.47141291697820026;0.8735386927922567;0.12169114127755165;;vertical;frontal
0.17;0.48406776785850525;0.2926310896873474;-0.19222120940685272;0.5243930220603943;0.3680691421031952;-0.0758923590183258;0.4479735791683197;0.3666914403438568;-0.07300153374671936;0.5328453183174133;0.47474661469459534;-0.03679793328046799;0.4358353614807129;0.47637736797332764;-0.04468635842204094;0.508432149887085;0.5738529562950134;-0.005436586681753397;0.46428996324539185;0.5747327208518982;0.005386595614254475;0.5106173753738403;0.7245361804962158;-0.004287661984562874;0.4691726863384247;0.7235148549079895;0.009918831288814545;0.488631671667099;0.27018622159957884;-0.19287099689245224;0.5334711819887161;0.5986742079257965;-0.13383781909942627;0.4397338330745697;0.5964302122592926;-0.13014890253543854;0.5140481193860372;0.8779295086860657;0.09912370517849922;0.47133857011795044;0.8736964662869772;0.11984636386235555;;vertical;frontal
0.2;0.48352691531181335;0.29301074147224426;-0.19827470183372498;0.5239326357841492;0.3683876693248749;-0.07764151692390442;0.44674837589263916;0.3669854998588562;-0.07768706232309341;0.5320998430252075;0.4748203456401825;-0.036777034401893616;0.43511274456977844;0.4771396219730377;-0.04850372299551964;0.5077738761901855;0.5738313794136047;-0.0051600816659629345;0.4637305438518524;0.5747281908988953;0.005105599295347929;0.5102459788322449;0.7246382236480713;-0.007357782684266567;0.4690987169742584;0.7238584756851196;0.007633838336914778;0.4880355507135391;0.27025350630283357;-0.19858551025390625;0.5327834486961365;0.5987407863140106;-0.13336627930402756;0.43929848819971085;0.5968102365732193;-0.1361531987786293;0.5139262874921163;0.8778594136238098;0.10008418808380763;0.47129063804944354;0.8739313284556071;0.11892808725436528;;vertical;frontal
0.23;0.4825403094291687;0.2934044599533081;-0.20273539423942566;0.5232589244842529;0.3686325252056122;-0.08004899322986603;0.4452477693557739;0.3673129975795746;-0.08022268116474152;0.5315706729888916;0.47524821758270264;-0.03679928556084633;0.434185653924942;0.4781621992588043;-0.050428107380867004;0.5070882439613342;0.5738894939422607;-0.004976056516170502;0.46312475204467773;0.5749019980430603;0.0049175675958395;0.5100780129432678;0.7249658107757568;-0.008391520008444786;0.46888795495033264;0.7241517305374146;0.006934868637472391;0.4871048629283905;0.2703420490026474;-0.2030288428068161;0.5321619659662247;0.5991024374961853;-0.1330345943570137;0.4388422816991806;0.5973249077796936;-0.13902111165225506;0.5137571692466736;0.8778813083966573;0.10118076701958974;0.4711488385995229;0.874091386795044;0.11881884187459946;;vertical;frontal
0.27;0.48133376240730286;0.29404062032699585;-0.20074939727783203;0.52232426404953;0.3688458800315857;-0.07967521250247955;0.44358864426612854;0.36770379543304443;-0.07843878865242004;0.5311368107795715;0.47560983896255493;-0.03668144345283508;0.43334200978279114;0.47882407903671265;-0.04892899841070175;0.5064273476600647;0.5739572644233704;-0.005003812722861767;0.4626201093196869;0.5750476121902466;0.004945567809045315;0.5099843144416809;0.7251815795898438;-0.008843671530485153;0.4686858057975769;0.7241623997688293;0.006918406113982201;0.48592608571052553;0.27056110501289365;-0.2011258602142334;0.5317263305187225;0.599302664399147;-0.13253088295459747;0.43822329491376877;0.5977833122014999;-0.13711648993194103;0.5135753154754639;0.8780730366706848;0.1002622867623965;0.47100361188252765;0.8743080099423727;0.1180739514529705;;vertical;frontal
0.3;0.4800466001033783;0.2947169542312622;-0.19737370312213898;0.5211254954338074;0.3689006567001343;-0.07851895689964294;0.4420417249202728;0.36822065711021423;-0.07795076817274094;0.5305712819099426;0.4756717085838318;-0.03505602478981018;0.4326762855052948;0.48011472821235657;-0.048644352704286575;0.5059635639190674;0.5740795135498047;-0.005028069019317627;0.4622931480407715;0.575403094291687;0.004972250200808048;0.5099008679389954;0.7252922654151917;-0.010122532956302166;0.4685138463973999;0.7241700887680054;0.0070860665291547775;0.4846360981464386;0.27084161043167115;-0.19758498370647432;0.5315442383289337;0.5994157642126083;-0.12707233801484108;0.4377503767609596;0.5987628549337387;-0.1347483117133379;0.5134785175323486;0.8783124685287476;0.09447179858883221;0.47082239389419556;0.8744022051493326;0.11605012541015942;;vertical;frontal
0.33;0.47934967279434204;0.2958005964756012;-0.19745811820030212;0.5194980502128601;0.36888280510902405;-0.07822353392839432;0.4405234754085541;0.3687273859977722;-0.07757703959941864;0.5297727584838867;0.4755088984966278;-0.03294963762164116;0.43228602409362793;0.48097899556159973;-0.0479264035820961;0.5057414174079895;0.5741350650787354;-0.005017694551497698;0.46211758255958557;0.5758744478225708;0.004965229891240597;0.5098856687545776;0.7252890467643738;-0.009847002103924751;0.468365341424942;0.7243979573249817;0.00566360866650939;0.4834195673465729;0.27135692834854125;-0.1978425219655037;0.5315380692481995;0.5993450433015823;-0.12153010256588459;0.43733493238687515;0.6001943498849869;-0.13451380096375942;0.5134509801864624;0.8787642319997152;0.09009234979748726;0.4707796772321065;0.8750699758529663;0.10801376899083455;;vertical;frontal
0.37;0.4788269102573395;0.2977040410041809;-0.197218120098114;0.5177302956581116;0.368692010641098;-0.07573503255844116;0.43901294469833374;0.3692193925380707;-0.07896853238344193;0.5292555093765259;0.47509896755218506;-0.026911158114671707;0.43165484070777893;0.4818628132343292;-0.048562563955783844;0.5053803324699402;0.5741280913352966;-0.004549818113446236;0.4618845283985138;0.5761378407478333;0.00450433325022459;0.5095898509025574;0.7256144285202026;-0.013917175121605396;0.4677139222621918;0.7249500155448914;0.00607264693826437;0.48239450752735136;0.27244647443294523;-0.19781845360994338;0.5315780192613602;0.5983281135559082;-0.11326340772211552;0.4367331489920616;0.6014959812164307;-0.13418339006602764;0.5130190054575602;0.8800089359283447;0.07912116901328166;0.4705296456813812;0.8750025629997253;0.1088968962430954;;vertical;frontal
0.4;0.47812357544898987;0.29842013120651245;-0.20050404965877533;0.5153318047523499;0.36810100078582764;-0.07580229640007019;0.43743380904197693;0.3694102466106415;-0.08539918810129166;0.5286778211593628;0.47476112842559814;-0.026643268764019012;0.4304550588130951;0.4826578199863434;-0.053771816194057465;0.5050522685050964;0.574019730091095;-0.004134381655603647;0.4615584909915924;0.5767938494682312;0.0040954044088721275;0.5088887214660645;0.725984513759613;-0.015501693822443485;0.46724972128868103;0.7257537245750427;0.010456301271915436;0.48100011944770815;0.27322817742824557;-0.20141615420579911;0.5315774828195572;0.5978449881076813;-0.11269021593034267;0.43646174669265747;0.603447824716568;-0.13455966487526894;0.5125033060709635;0.8822428584098816;0.07540523400530219;0.47049591938654584;0.8749184608459473;0.125606968998909;;vertical;frontal
0.43;0.47816982865333557;0.3006555140018463;-0.19987356662750244;0.5126670002937317;0.3673972487449646;-0.07139679044485092;0.43554413318634033;0.36967983841896057;-0.08796034753322601;0.5277365446090698;0.4730885922908783;-0.019350701943039894;0.42900174856185913;0.48333460092544556;-0.057478126138448715;0.5046827793121338;0.5730610489845276;-0.003347032703459263;0.46138134598731995;0.5768633484840393;0.003323993878439069;0.5084776878356934;0.7256767749786377;-0.014729943126440048;0.46692413091659546;0.7257804274559021;0.008187652565538883;0.48034200370311736;0.27579214572906496;-0.19978240132331848;0.5315533727407455;0.5966375321149826;-0.10298102721571922;0.43636074662208557;0.6041043400764465;-0.13427899591624737;0.5123141209284464;0.8819851676623026;0.07448367758964498;0.47053173184394836;0.8749326467514038;0.11571201557914416;;vertical;frontal
0.47;0.47814682126045227;0.3023168444633484;-0.1858629733324051;0.5103718638420105;0.36690428853034973;-0.054308127611875534;0.43375784158706665;0.3702867925167084;-0.08811751008033752;0.5265851616859436;0.47254788875579834;-0.0033316435292363167;0.42804989218711853;0.4837176203727722;-0.06232918053865433;0.5045644640922546;0.5721737146377563;-0.0005516817327588797;0.46139755845069885;0.5769480466842651;0.0005775767494924366;0.5082635283470154;0.7256289124488831;-0.013571369461715221;0.4667910933494568;0.7260059714317322;0.009131072089076042;0.47968471944332125;0.2775457799434662;-0.1842503271996975;0.5315143764019012;0.5946521311998367;-0.08972075767815113;0.43661507219076157;0.6051119416952133;-0.13496569730341434;0.5119292140007019;0.8813563386599222;0.0660081196971684;0.4705076316992442;0.8747132619222006;0.11588232467571895;;vertical;frontal
0.5;0.4777166247367859;0.30315864086151123;-0.16806922852993011;0.5083605051040649;0.36670973896980286;-0.04617544263601303;0.43195757269859314;0.37140095233917236;-0.0863807424902916;0.5250326991081238;0.47257718443870544;0.0013192878104746342;0.42723557353019714;0.4847138524055481;-0.0617421455681324;0.5043290257453918;0.5720292329788208;-6,56E+09;0.4612685441970825;0.5781019926071167;0.0001097320273402147;0.5079646706581116;0.7254979014396667;-0.01586712710559368;0.46581512689590454;0.7263516187667847;0.01299029216170311;0.4781970679759979;0.27889037132263184;-0.1659468412399292;0.5314076393842697;0.594260036945343;-0.08503375388681889;0.4368872568011284;0.6057786494493484;-0.13196885772049427;0.5112426280975342;0.8807454307874044;0.05789756992210945;0.469988485177358;0.8741041024525961;0.12517024079958597;;vertical;frontal
0.53;0.47654929757118225;0.30324023962020874;-0.15921548008918762;0.5065879821777344;0.366651326417923;-0.03783351927995682;0.4301895499229431;0.37231677770614624;-0.07971612364053726;0.5229637026786804;0.4725293219089508;0.00965399481356144;0.4264319837093353;0.4859501123428345;-0.06065832078456879;0.5041090846061707;0.5723453760147095;0.0001651906204642728;0.46116966009140015;0.5803923010826111;-0.00012326524301897734;0.5077829360961914;0.7257558107376099;-0.014648539945483208;0.4655108153820038;0.7278370261192322;0.008605957962572575;0.4767583578824997;0.27902881503105165;-0.15662596747279167;0.5309882164001465;0.5931558459997177;-0.07481465954333544;0.4376939758658409;0.6058402806520462;-0.1252034306526184;0.5106086134910583;0.8770245711008707;0.08257246017456055;0.46962952613830566;0.874064306418101;0.12354255591829617;;vertical;frontal
0.57;0.47456932067871094;0.3033474385738373;-0.16089509427547455;0.504761278629303;0.36641377210617065;-0.04774390906095505;0.4285803735256195;0.3736182451248169;-0.0825686976313591;0.5218070149421692;0.4714890718460083;0.00046989688416942954;0.42573079466819763;0.4879760444164276;-0.059884700924158096;0.5035923719406128;0.5725311636924744;-6,81E+10;0.46094074845314026;0.5820377469062805;0.00010197883239015937;0.5077573657035828;0.7258145213127136;-0.016006654128432274;0.4652169346809387;0.7298529744148254;0.0058005861937999725;0.4749403864145279;0.2794463813304901;-0.16513098105788232;0.530615046620369;0.5913056433200836;-0.08618650585412979;0.4386821612715721;0.6064305305480957;-0.12834306992590427;0.5095862944920858;0.8771886825561523;0.09051025162140529;0.4698353906472524;0.8756012320518494;0.12247817466656367;;vertical;frontal
0.6;0.47438788414001465;0.30448681116104126;-0.17737914621829987;0.5026040077209473;0.36613956093788147;-0.05075136944651604;0.42713892459869385;0.3750055730342865;-0.09886807948350906;0.5201464891433716;0.4711269438266754;0.0042484356090426445;0.4250946044921875;0.4899899363517761;-0.07387430965900421;0.5028325319290161;0.5726917386054993;0.0022373187821358442;0.4607028663158417;0.5829451084136963;-0.0021960462909191847;0.507719874382019;0.7259250283241272;-0.015624658204615116;0.46508678793907166;0.7325375080108643;0.0054971640929579735;0.4746152639389038;0.2812479943037033;-0.17397970855236053;0.5297278761863708;0.5881656855344772;-0.0800475925207138;0.43953604251146317;0.6081672161817551;-0.14090744778513908;0.5085933605829874;0.8825686772664388;0.07683130602041881;0.4699208736419678;0.8769551912943522;0.11775217701991399;;vertical;frontal
0.63;0.47460758686065674;0.3047749102115631;-0.18606092035770416;0.5015103220939636;0.36610662937164307;-0.04986214637756348;0.4269859492778778;0.37619200348854065;-0.12024256587028503;0.5188817381858826;0.4712705612182617;0.005878911819308996;0.42465174198150635;0.4913698136806488;-0.10312759876251221;0.5021790266036987;0.573518693447113;0.007722456473857164;0.4604611396789551;0.5837756395339966;-0.007660984992980957;0.5073246955871582;0.7256415486335754;0.005396055523306131;0.4648873209953308;0.7322537899017334;-0.002078582067042589;0.4748955726623535;0.28189773857593536;-0.17927044481039048;0.5291683822870255;0.5879464745521545;-0.07994433678686619;0.4404929056763649;0.610330194234848;-0.17002348229289055;0.5064707299073538;0.8836902777353922;0.10784583290417989;0.4690488477547963;0.8793381055196127;0.10693869243065517;;vertical;frontal
0.67;0.4748048484325409;0.3050450086593628;-0.19754530489444733;0.5011054277420044;0.36611711978912354;-0.049219127744436264;0.42704835534095764;0.37658214569091797;-0.12429095059633255;0.5162476301193237;0.47152072191238403;0.00674304086714983;0.4241718053817749;0.49134472012519836;-0.10875643789768219;0.5018031001091003;0.57415372133255;0.011146491393446922;0.4602397680282593;0.5846445560455322;-0.011071523651480675;0.507016658782959;0.7251453995704651;0.010733911767601967;0.4643685817718506;0.7331710457801819;-0.004808090161532164;0.4750585347414017;0.2827614337205887;-0.19134049639105796;0.5282747745513916;0.5863421708345413;-0.08409874513745308;0.4406648948788643;0.6109879910945892;-0.1855192631483078;0.5041598975658417;0.8818237781524658;0.147937702635924;0.46879250804583233;0.8809162179629008;0.11742770299315453;;girando;frontal
0.7;0.47573596239089966;0.3065257668495178;-0.20506103336811066;0.5004751086235046;0.36634698510169983;-0.04317730292677879;0.4269256591796875;0.3769536316394806;-0.14730428159236908;0.5137921571731567;0.4729563593864441;0.0168538186699152;0.42418915033340454;0.49268361926078796;-0.13792634010314941;0.5008323788642883;0.5751356482505798;0.01989758014678955;0.4599868059158325;0.5853223204612732;-0.019811416044831276;0.5061048269271851;0.7236284613609314;0.019253848120570183;0.46397554874420166;0.7329747080802917;-0.016669638454914093;0.47597092390060425;0.2847767621278763;-0.1989465057849884;0.5274079442024231;0.5854691863059998;-0.07795939687639475;0.4410032629966736;0.611903503537178;-0.20847340300679207;0.5008163551489512;0.8781753778457642;0.17422808210055032;0.4686519503593445;0.8814227978388468;0.11592450117071469;;girando;frontal
0.73;0.47592177987098694;0.3067440390586853;-0.20454442501068115;0.5001882314682007;0.367205411195755;-0.027213800698518753;0.42708125710487366;0.3768770098686218;-0.13771650195121765;0.5120862126350403;0.4740369915962219;0.030398566275835037;0.4243592917919159;0.4925602078437805;-0.1323978453874588;0.49982282519340515;0.5759311318397522;0.023943927139043808;0.4595227837562561;0.585367739200592;-0.02385156787931919;0.5054581761360168;0.7234506607055664;0.021006429567933083;0.46371990442276;0.732835590839386;-0.021534303203225136;0.47629489600658415;0.2851979821920395;-0.19256852120161055;0.526564434170723;0.5845517814159393;-0.06516220327466726;0.441468246281147;0.6121209859848022;-0.20792973414063454;0.4975641369819641;0.8751516342163086;0.17359991868336996;0.46861589948336285;0.8823216954867045;0.11103014275431633;;girando;frontal
0.77;0.4786384105682373;0.30745571851730347;-0.19445446133613586;0.49968400597572327;0.3679826855659485;-0.01420662086457014;0.42736950516700745;0.37682679295539856;-0.15352101624011993;0.5095472931861877;0.47445735335350037;0.04506109282374382;0.42444679141044617;0.49321654438972473;-0.15310874581336975;0.49909502267837524;0.5769218802452087;0.032280631363391876;0.4592196047306061;0.585635781288147;-0.03218713402748108;0.5046401023864746;0.7244336009025574;0.028315937146544456;0.46368685364723206;0.7343758940696716;-0.027445385232567787;0.4784725606441498;0.28608172833919526;-0.1828901432454586;0.524531289935112;0.5839611887931824;-0.0457596923224628;0.4426140710711479;0.6136577874422073;-0.21848930791020393;0.4950166344642639;0.8734186291694641;0.18431726594765982;0.4685218234856923;0.8837987581888834;0.10986910884579022;;girando;frontal
0.8;0.4804897606372833;0.3088414967060089;-0.17997437715530396;0.49900561571121216;0.3691845238208771;-0.0034449410159140825;0.4275357127189636;0.37688109278678894;-0.15231278538703918;0.5079846382141113;0.474735826253891;0.054050177335739136;0.42455267906188965;0.49388110637664795;-0.1525912880897522;0.49803635478019714;0.5781868696212769;0.03577897325158119;0.45909467339515686;0.585902988910675;-0.03569149225950241;0.5031193494796753;0.7248407006263733;0.037678834050893784;0.4635757803916931;0.7349554300308228;-0.027251143008470535;0.48014408349990845;0.2875897794961929;-0.17044662311673164;0.523068830370903;0.583505317568779;-0.03721188800409436;0.44279199838638306;0.6142187863588333;-0.2169213779270649;0.4934213658173879;0.8712813059488932;0.18442164361476898;0.46809553106625873;0.8848161697387695;0.10797566175460815;;girando;frontal
0.83;0.4818403124809265;0.31072986125946045;-0.17821460962295532;0.4981311857700348;0.3717568814754486;-0.006891036406159401;0.4282723069190979;0.37687110900878906;-0.16397733986377716;0.5066015720367432;0.4771581292152405;0.048291970044374466;0.4247129261493683;0.4950893223285675;-0.17004714906215668;0.49706020951271057;0.5785229802131653;0.03470289334654808;0.45910024642944336;0.5858537554740906;-0.034603144973516464;0.5011817216873169;0.7233580350875854;0.03161698952317238;0.46359214186668396;0.7348177433013916;-0.026477161794900894;0.48118663132190703;0.28943581879138947;-0.16967268139123917;0.5224734395742416;0.5845891982316971;-0.03645217465236783;0.44314219057559967;0.6145272254943848;-0.22995544597506523;0.49200525879859924;0.8699732621510824;0.16802564014991125;0.4679370919863383;0.8854216535886129;0.09948421145478885;;girando;frontal
0.87;0.4831159710884094;0.31098270416259766;-0.17777781188488007;0.4975234270095825;0.3741956651210785;-0.007618975359946489;0.430294394493103;0.37661415338516235;-0.1725887805223465;0.5059239268302917;0.47972768545150757;0.0436982735991478;0.42551329731941223;0.4954977333545685;-0.18539804220199585;0.49625033140182495;0.579056441783905;0.036551423370838165;0.4592236578464508;0.5858039259910583;-0.03645303472876549;0.4995470345020294;0.72054523229599;0.013162313029170036;0.46360552310943604;0.7347404956817627;-0.029978986829519272;0.48234679102897643;0.2895410656929016;-0.1694556377828121;0.5224349349737167;0.5885571539402008;-0.04411167465150356;0.4436953514814377;0.614687904715538;-0.24414925277233124;0.4904184142748515;0.868114193280538;0.14533320317665735;0.46783632040023804;0.8870855371157328;0.07919364298383395;;girando;frontal
0.9;0.48432978987693787;0.3123913109302521;-0.1775946021080017;0.49761638045310974;0.37614455819129944;-0.0037079111207276583;0.4330142140388489;0.37571731209754944;-0.17314286530017853;0.5051168203353882;0.481206476688385;0.04590017721056938;0.426367849111557;0.4953691065311432;-0.18570519983768463;0.4955926537513733;0.5793209075927734;0.038960278034210205;0.4594362676143646;0.5856890082359314;-0.03885893523693085;0.4984094500541687;0.720058023929596;0.017635222524404526;0.4634394645690918;0.7346895337104797;-0.033778466284275055;0.4838621437549591;0.2905647575855255;-0.16924345195293428;0.5209221094846725;0.591044083237648;-0.04509007465094328;0.4440612569451332;0.6150880008935928;-0.24745351821184158;0.4897534151871999;0.8656707406044006;0.15890097866455713;0.46746815244356793;0.8873617053031921;0.08373855488995711;;girando;frontal
0.93;0.48550987243652344;0.3140418827533722;-0.16750076413154602;0.4976538121700287;0.3770248591899872;0.0063114771619439125;0.43455788493156433;0.375372052192688;-0.16967476904392242;0.5044311881065369;0.481265127658844;0.055408407002687454;0.4282255470752716;0.49524763226509094;-0.1793091595172882;0.4949604272842407;0.5800085067749023;0.0423559844493866;0.4596875309944153;0.5855618715286255;-0.04225578531622887;0.49697792530059814;0.7194117307662964;0.04152389243245125;0.4631944000720978;0.73329097032547;-0.04418383166193962;0.4855819195508957;0.29168410301208497;-0.15890281796455383;0.5195221900939941;0.591770738363266;-0.03316137986257672;0.4441556930541992;0.6153070777654648;-0.23639826476573944;0.4891514182090759;0.8661792476971945;0.15740874906380972;0.4675692121187846;0.88764355580012;0.045438780138889946;;girando;frontal
0.97;0.4869982898235321;0.3152366280555725;-0.15982505679130554;0.4975632429122925;0.3789215683937073;0.01127481646835804;0.436830997467041;0.37495285272598267;-0.17376859486103058;0.5033540725708008;0.48286914825439453;0.056333981454372406;0.43138402700424194;0.49399909377098083;-0.1882479190826416;0.4942989647388458;0.580144464969635;0.04456806927919388;0.4598981738090515;0.5844082236289978;-0.04447171092033386;0.49622973799705505;0.71751469373703;0.05106247216463089;0.4629926383495331;0.7321062088012695;-0.053288619965314865;0.4870229005813599;0.2921227037906647;-0.15123988315463066;0.5165799558162689;0.5948233008384705;-0.03222576482221484;0.44422677904367447;0.6152738928794861;-0.24018466100096703;0.48830845952033997;0.8665022850036621;0.15674319366614023;0.46750421325365704;0.8877542614936829;0.022703758130470913;;girando;frontal
1.0;0.48979705572128296;0.31505855917930603;-0.14671215415000916;0.4974004924297333;0.3795313537120819;0.019893255084753036;0.439127653837204;0.3738580644130707;-0.1729016751050949;0.5019122362136841;0.48278000950813293;0.06227606162428856;0.4337327778339386;0.49259328842163086;-0.18975193798542023;0.49374136328697205;0.5803357362747192;0.04568454623222351;0.460053414106369;0.5839701294898987;-0.04558801278471947;0.49577468633651733;0.7161356210708618;0.05551944300532341;0.46300092339515686;0.7321687936782837;-0.04753001406788826;0.4894974887371063;0.29192088842391967;-0.1371708631515503;0.5137649476528168;0.595083624124527;-0.02297026023734361;0.4444348067045212;0.6145212203264236;-0.23592128232121468;0.4889211654663086;0.8662625153859457;0.1698115070660909;0.4673457245031993;0.8891083796819051;0.035010085751612983;;girando;frontal
1.03;0.4923974871635437;0.31651973724365234;-0.13920241594314575;0.4961702823638916;0.37954455614089966;0.026224493980407715;0.44259434938430786;0.37170231342315674;-0.18161264061927795;0.49846506118774414;0.4829140901565552;0.065776027739048;0.4346736967563629;0.4883594810962677;-0.206061452627182;0.4934602677822113;0.5806503891944885;0.049362871795892715;0.46088725328445435;0.583181619644165;-0.04927239939570427;0.49409687519073486;0.7161466479301453;0.0764695554971695;0.4630011320114136;0.7320849895477295;-0.053467366844415665;0.49198855757713317;0.2922616481781006;-0.12852736413478852;0.5091304332017899;0.5951659828424454;-0.01597628438321408;0.4445830509066582;0.6134775876998901;-0.24357940256595612;0.48935049772262573;0.866191546122233;0.18464132150014242;0.4674604336420695;0.8906768560409546;0.013508020589749018;;girando;frontal
1.07;0.49424225091934204;0.3177867531776428;-0.1459832638502121;0.4948730170726776;0.3792524039745331;0.01949123479425907;0.44489726424217224;0.3713005781173706;-0.19489321112632751;0.4958966076374054;0.4828200936317444;0.05909644812345505;0.43540677428245544;0.4877335727214813;-0.2211306244134903;0.49323034286499023;0.581727921962738;0.05102740600705147;0.4620359241962433;0.5833889245986938;-0.05094359070062637;0.4932040572166443;0.7163384556770325;0.08663830906152725;0.4631372392177582;0.7330080270767212;-0.05270035192370415;0.49376286268234254;0.2927328526973724;-0.13538543172180653;0.5062569379806519;0.5956271141767502;-0.02523506199941039;0.44483260065317154;0.6134420186281204;-0.25386621057987213;0.4896988272666931;0.866693119208018;0.20010990897814432;0.4673045178254445;0.8933135867118835;0.012526838729778925;;girando;frontal
1.1;0.4956645369529724;0.3183727264404297;-0.1460934728384018;0.493569940328598;0.37947189807891846;0.026912547647953033;0.44699379801750183;0.3704042136669159;-0.21437200903892517;0.4942004382610321;0.48468393087387085;0.06504534929990768;0.4364033043384552;0.48717308044433594;-0.24663449823856354;0.492068886756897;0.5829532742500305;0.06307723373174667;0.46281662583351135;0.5840362310409546;-0.06307148933410645;0.49260038137435913;0.716461181640625;0.11655351519584656;0.46354982256889343;0.7341822385787964;-0.05159256234765053;0.4950666636228561;0.29331232607364655;-0.13440128825604916;0.5069640427827835;0.6019139587879181;-0.010383618995547295;0.4453617259860039;0.613533228635788;-0.27256640046834946;0.48985373973846436;0.8674476742744446;0.22982366383075714;0.47040095925331116;0.8935295740763346;0.02944222961862882;;girando;frontal
1.13;0.4967392683029175;0.31817808747291565;-0.14656883478164673;0.49231112003326416;0.38001778721809387;0.03780967369675636;0.44913724064826965;0.37015292048454285;-0.22967271506786346;0.4931930601596832;0.4865398108959198;0.0838935449719429;0.4374372661113739;0.48695433139801025;-0.26555049419403076;0.49050554633140564;0.5856638550758362;0.07653776556253433;0.4631197452545166;0.586700975894928;-0.07658567279577255;0.49216049909591675;0.7192929983139038;0.16027270257472992;0.4636317193508148;0.7414012551307678;-0.038392696529626846;0.4960214734077454;0.2935518085956573;-0.13388166576623917;0.5072520077228546;0.6042498350143433;0.019312734220875427;0.44650591164827347;0.6139521300792694;-0.28981541097164154;0.48940224448839825;0.8681180079778036;0.286114235719045;0.47072193026542664;0.8946321209271749;0.038451166823506355;;girando;frontal
1.17;0.4974796772003174;0.31811532378196716;-0.1387874335050583;0.49151936173439026;0.38137391209602356;0.048291392624378204;0.4509241282939911;0.3700353801250458;-0.22802256047725677;0.49322494864463806;0.48773708939552307;0.09715330600738525;0.43956276774406433;0.4865190088748932;-0.2659779191017151;0.4894139766693115;0.5878511071205139;0.08093058317899704;0.46407821774482727;0.5884519815444946;-0.08099177479743958;0.49210476875305176;0.7201948761940002;0.17260587215423584;0.46443724632263184;0.7458245754241943;-0.02809743583202362;0.49681612849235535;0.2938137114048004;-0.12508043944835662;0.5079811811447144;0.6046154201030731;0.03766473801806569;0.448419488966465;0.6137361377477646;-0.28971268236637115;0.4897749225298564;0.8686201572418213;0.29298921426137287;0.4729696810245514;0.8937878807385763;0.05003193734834591;;girando;frontal
1.2;0.49875780940055847;0.31797662377357483;-0.13943354785442352;0.4877799153327942;0.3810509443283081;0.050116103142499924;0.45377349853515625;0.36921921372413635;-0.23491637408733368;0.4885290861129761;0.4874207675457001;0.09781777858734131;0.44147729873657227;0.4845057427883148;-0.2734265923500061;0.48768168687820435;0.5877212882041931;0.0876869410276413;0.46523597836494446;0.5879625678062439;-0.08776988089084625;0.49187836050987244;0.7208669185638428;0.17863649129867554;0.4656761884689331;0.7448545098304749;-0.029258713126182556;0.4974007248878479;0.2938491404056549;-0.12600367851555347;0.5048340708017349;0.6039371639490128;0.03714462975040078;0.4501693919301033;0.6135046631097794;-0.2925039827823639;0.48975883920987445;0.8685037692387899;0.3002290527025859;0.4721926152706146;0.8947208126386007;0.043064819338421025;;girando;frontal
1.23;0.49936601519584656;0.31788864731788635;-0.136657252907753;0.48517921566963196;0.3807218670845032;0.05678703635931015;0.4555203318595886;0.36891210079193115;-0.2364310920238495;0.4855978190898895;0.48719796538352966;0.10434138774871826;0.4442705810070038;0.48423269391059875;-0.27673962712287903;0.4868881404399872;0.5873515009880066;0.09133783727884293;0.4667661786079407;0.5878663659095764;-0.09141717851161957;0.49148669838905334;0.7220791578292847;0.18064212799072266;0.4687005877494812;0.7445159554481506;-0.03028303198516369;0.49781340956687925;0.2938820719718933;-0.12259419299662114;0.5034875422716141;0.6031617820262909;0.040289461612701416;0.4519031122326851;0.6133627444505692;-0.2989261895418167;0.48968254526456195;0.870081384976705;0.3016282816727956;0.470658411582311;0.8954882621765137;0.039972467658420406;;girando;frontal
1.27;0.4995110034942627;0.31781765818595886;-0.1358271986246109;0.48159995675086975;0.3793044090270996;0.059949617832899094;0.4566565155982971;0.3689245581626892;-0.24022142589092255;0.4789925217628479;0.4871239960193634;0.10573999583721161;0.4460337162017822;0.48439714312553406;-0.28153446316719055;0.48556289076805115;0.5871009826660156;0.09584091603755951;0.46770909428596497;0.5877654552459717;-0.09592602401971817;0.4902862310409546;0.7227991819381714;0.19592100381851196;0.4717327058315277;0.743941068649292;-0.03184517100453377;0.497935551404953;0.2941012352705002;-0.12156332544982433;0.4967700093984604;0.6026104688644409;0.03985923063009977;0.45440229773521423;0.613376721739769;-0.3001616597175598;0.4899107317129771;0.8716827233632406;0.3254822889963786;0.47071946660677594;0.8964599370956421;0.03698501984278361;;girando;frontal
1.3;0.4996511936187744;0.3177819848060608;-0.1292126327753067;0.4775673747062683;0.37669169902801514;0.06495838612318039;0.4587828516960144;0.3689057230949402;-0.23605060577392578;0.4726846218109131;0.4870002865791321;0.10400695353746414;0.44857507944107056;0.4848445951938629;-0.2761423587799072;0.48305338621139526;0.5848583579063416;0.09710425138473511;0.4678319990634918;0.5867383480072021;-0.0971764549612999;0.48940929770469666;0.7230203151702881;0.18707185983657837;0.4733685851097107;0.743385910987854;-0.035613320767879486;0.49807477593421934;0.29437221884727477;-0.11506071984767914;0.4884466379880905;0.6007814854383469;0.03461167076602578;0.4574095904827118;0.6132717132568359;-0.291657492518425;0.488896111647288;0.8731480042139689;0.30624639987945557;0.4723461369673411;0.8982827464739481;0.024283867329359055;;girando;frontal
1.33;0.4996239244937897;0.3181154131889343;-0.1232558861374855;0.4760487377643585;0.37445977330207825;0.06775302439928055;0.46031904220581055;0.36847248673439026;-0.23379768431186676;0.47143539786338806;0.48555654287338257;0.10183994472026825;0.4505552351474762;0.4842071533203125;-0.27403053641319275;0.4812212586402893;0.5848888754844666;0.09839607775211334;0.4678588807582855;0.5867332816123962;-0.09847736358642578;0.48808926343917847;0.7262656092643738;0.19004596769809723;0.47672754526138306;0.7432859539985657;-0.03311488404870033;0.49812593758106233;0.2950262039899826;-0.10929863266646862;0.4844888523221016;0.5976499319076538;0.03386435331776738;0.4625844433903694;0.6109911650419235;-0.286896288394928;0.4874686896800995;0.8750937183698019;0.3088269730408986;0.4741170008977254;0.9001357754071554;0.03229384465763966;;girando;frontal
1.37;0.4997497498989105;0.3180781900882721;-0.1206190213561058;0.474223792552948;0.3717265725135803;0.0682101622223854;0.46213778853416443;0.36803993582725525;-0.2322811484336853;0.47149690985679626;0.4834717810153961;0.09760752320289612;0.4530244767665863;0.484060674905777;-0.2725900411605835;0.47966450452804565;0.5847485661506653;0.09822291135787964;0.46861568093299866;0.5864922404289246;-0.09830769896507263;0.4865955114364624;0.7275320291519165;0.18909314274787903;0.4791540205478668;0.7436765432357788;-0.03033476322889328;0.4980891287326813;0.29517750144004823;-0.10641188584268094;0.48027578741312027;0.5963702201843262;0.028253380674868822;0.46697647869586945;0.609778881072998;-0.28492340445518494;0.48362116018931073;0.8776066700617472;0.30757616957028705;0.47647292415301007;0.9010037183761597;0.034167706966400146;;girando;frontal
1.4;0.5001506209373474;0.31806257367134094;-0.11477477848529816;0.47246938943862915;0.3697802722454071;0.07124320417642593;0.46422144770622253;0.36724039912223816;-0.2291857749223709;0.4716838002204895;0.481118381023407;0.09585469961166382;0.4557175636291504;0.4833914339542389;-0.26730939745903015;0.4762945771217346;0.5827180743217468;0.09781850874423981;0.47038212418556213;0.585664689540863;-0.09790465235710144;0.48585718870162964;0.7281456589698792;0.1756426841020584;0.4807017743587494;0.7435397505760193;-0.03010661154985428;0.4981341302394867;0.29525806903839114;-0.1004755774512887;0.4789632707834244;0.5962285101413727;0.026473757345229387;0.47022851556539536;0.6091416478157043;-0.2734998017549515;0.48338524500528973;0.8800874352455139;0.2854197820027669;0.4796854058901469;0.9018953045209249;0.037418339091042675;;girando;frontal
1.43;0.5002672076225281;0.31790944933891296;-0.10766588896512985;0.4701298475265503;0.36858537793159485;0.07334667444229126;0.46687889099121094;0.3668496906757355;-0.22668229043483734;0.4689808189868927;0.48117607831954956;0.09577678889036179;0.45743808150291443;0.483585000038147;-0.26473763585090637;0.47191253304481506;0.581132709980011;0.09579624235630035;0.47173407673835754;0.5840990543365479;-0.0958692654967308;0.48478028178215027;0.7279225587844849;0.16213823854923248;0.48266828060150146;0.7425776720046997;-0.03417102247476578;0.4981703907251358;0.2952952653169632;-0.09328412190079689;0.4761068969964981;0.5964079201221466;0.032569628208875656;0.4737228900194168;0.6091453433036804;-0.268586628139019;0.482979695002238;0.8840657273928324;0.24734029670556387;0.48187251885732013;0.9043808778127035;0.026222226520379383;;girando;frontal
1.47;0.5005571246147156;0.31747135519981384;-0.10559884458780289;0.4698663353919983;0.36820462346076965;0.07455307990312576;0.46865224838256836;0.36686375737190247;-0.2255944311618805;0.46789494156837463;0.4812300503253937;0.09543154388666153;0.45964953303337097;0.48499658703804016;-0.2632594108581543;0.4715054929256439;0.5810767412185669;0.09534750878810883;0.4730190634727478;0.5836571455001831;-0.09540969133377075;0.48399224877357483;0.7279783487319946;0.1556556671857834;0.4827200472354889;0.7423835396766663;-0.0353119932115078;0.49819870889186857;0.29517858624458315;-0.09129719194024802;0.47483447194099426;0.5994341969490051;0.0343978269957006;0.47876137495040894;0.6092781722545624;-0.26677291095256805;0.48195508122444153;0.8850906292597452;0.23605910440286001;0.4841954708099365;0.9065473874409994;0.020580121626456577;;girando;frontal
1.5;0.500891923904419;0.3172265887260437;-0.10173675417900085;0.4696955382823944;0.368400514125824;0.07617994397878647;0.47089698910713196;0.36687934398651123;-0.22224152088165283;0.4671412706375122;0.4832254648208618;0.0949738547205925;0.46540603041648865;0.4890223741531372;-0.25921714305877686;0.47064486145973206;0.5811709761619568;0.09498795866966248;0.47377026081085205;0.5835339426994324;-0.09504514932632446;0.4829648435115814;0.7285724878311157;0.14533542096614838;0.48283126950263977;0.742340624332428;-0.04127773642539978;0.4983031153678894;0.29510303735733034;-0.08768768720328808;0.4750875011086464;0.6045806407928467;0.03561469912528992;0.485622376203537;0.6095070093870163;-0.25882333889603615;0.48108971118927;0.8853182792663574;0.2196651796499888;0.4848248561223348;0.9072635571161906;0.004480928803483645;;girando;frontal
1.53;0.5010756850242615;0.31720978021621704;-0.10075433552265167;0.46876129508018494;0.3685862720012665;0.07831375300884247;0.473101407289505;0.3673192262649536;-0.22210390865802765;0.4636673331260681;0.48588913679122925;0.09418076276779175;0.46925926208496094;0.4904926121234894;-0.25791287422180176;0.4694376587867737;0.5832704305648804;0.09629203379154205;0.4746481776237488;0.5849646329879761;-0.09635256230831146;0.48190370202064514;0.7294197082519531;0.1480741798877716;0.48283252120018005;0.7423982620239258;-0.04028138890862465;0.4983017176389694;0.2951715886592865;-0.08629275821149349;0.47132764011621475;0.6088598817586899;0.03447011671960354;0.4863113909959793;0.6102959215641022;-0.25328120589256287;0.48061827818552655;0.8848635752995809;0.23389566938082376;0.48514119784037274;0.9079907337824503;0.013128428409496943;;girando;frontal
1.57;0.5012534260749817;0.3172054886817932;-0.10131248086690903;0.46795234084129333;0.36899617314338684;0.07876377552747726;0.474992573261261;0.36865875124931335;-0.22303323447704315;0.4618840515613556;0.4904550015926361;0.09410461038351059;0.47478559613227844;0.4929083287715912;-0.2577934265136719;0.46936604380607605;0.5858911275863647;0.09803370386362076;0.47524896264076233;0.58878493309021;-0.09811034053564072;0.482031911611557;0.7308433055877686;0.15269044041633606;0.482285737991333;0.7435070872306824;-0.03807086497545242;0.49840893447399137;0.2952333092689514;-0.08657030947506428;0.46988121420145035;0.6109679490327835;0.03352491371333599;0.4888487532734871;0.6115789860486984;-0.2508564740419388;0.4810034930706024;0.8845358292261759;0.24101469914118448;0.485018789768219;0.9077904423077902;0.01642705375949542;;girando;frontal
1.6;0.5012469291687012;0.31718045473098755;-0.10116235911846161;0.4665031433105469;0.36912140250205994;0.07682369649410248;0.4772149622440338;0.36997535824775696;-0.22284317016601562;0.4603734612464905;0.49147099256515503;0.09212642163038254;0.47943392395973206;0.49521079659461975;-0.2551150619983673;0.4682758152484894;0.5871803760528564;0.09735864400863647;0.47528690099716187;0.5928148627281189;-0.09744583070278168;0.4819769263267517;0.7308216094970703;0.15736795961856842;0.4818618595600128;0.7442882657051086;-0.031275372952222824;0.4985123544931412;0.2952143669128418;-0.08676935583353043;0.4668864905834198;0.6118355989456177;0.03392237238585949;0.4899512082338333;0.61539126932621;-0.24606792628765106;0.48129092653592426;0.8837607304255167;0.24792123337586722;0.48507585128148395;0.9078386227289835;0.03153070931633314;;girando;frontal
1.63;0.5012708902359009;0.31754159927368164;-0.09881274402141571;0.46581342816352844;0.37148168683052063;0.07706931978464127;0.4784381091594696;0.37299293279647827;-0.21947956085205078;0.4598636329174042;0.49526891112327576;0.09004008024930954;0.4821014702320099;0.499784380197525;-0.24765953421592712;0.46782320737838745;0.5897842645645142;0.09683527797460556;0.47521093487739563;0.5959777235984802;-0.09693125635385513;0.4821699857711792;0.732040524482727;0.16919709742069244;0.48166409134864807;0.7464178204536438;-0.019572993740439415;0.4985632419586182;0.2954316735267639;-0.08451932538300752;0.46340592950582504;0.6218946278095245;0.032754482701420784;0.4912930130958557;0.6198458075523376;-0.22860170900821686;0.4818503061930339;0.8838140368461609;0.2729951391617457;0.48509129881858826;0.908753494421641;0.05761141454180082;;girando;frontal
1.67;0.5010870099067688;0.3187582790851593;-0.09005670994520187;0.4636516571044922;0.37318187952041626;0.0791308730840683;0.48138147592544556;0.37712952494621277;-0.20912116765975952;0.4562114179134369;0.49640730023384094;0.08973000943660736;0.483754962682724;0.5020238161087036;-0.2347012609243393;0.46689292788505554;0.5935949087142944;0.09641769528388977;0.47522854804992676;0.6009389758110046;-0.09650158137083054;0.4816592335700989;0.7343408465385437;0.17293855547904968;0.4816156029701233;0.7484226822853088;-0.015035073272883892;0.49778722822666166;0.295897102355957;-0.07652380112558603;0.46122147887945175;0.6194532960653305;0.032483313232660294;0.4932124465703964;0.6222847998142242;-0.21312106400728226;0.48258058230082196;0.8844891389211019;0.27792113025983173;0.48532302180926007;0.9091551502545675;0.06645939561227958;;girando;frontal
1.7;0.49902600049972534;0.3187376856803894;-0.06654292345046997;0.4615839719772339;0.37455978989601135;0.08798986673355103;0.4865739643573761;0.37778252363204956;-0.19331876933574677;0.4561346173286438;0.4961915612220764;0.09589814394712448;0.48640257120132446;0.5011953711509705;-0.21965815126895905;0.4661880135536194;0.5928769707679749;0.09613801538944244;0.4757170081138611;0.5995995998382568;-0.09624654054641724;0.4815540909767151;0.7341601848602295;0.1698886901140213;0.48139047622680664;0.7483671307563782;-0.019264202564954758;0.49519539475440977;0.2960816353559494;-0.054083321144571525;0.4634742960333824;0.6156169176101685;0.04519280977547169;0.49515944719314575;0.6215486228466034;-0.19553086906671524;0.48279253641764325;0.8845323920249939;0.2699405948321025;0.4857649902502696;0.9086235960324606;0.056169481948018074;;girando;frontal
1.73;0.49843212962150574;0.3193507492542267;-0.029189428314566612;0.4589161276817322;0.3753716051578522;0.08727706968784332;0.4910448491573334;0.37856799364089966;-0.1780507117509842;0.45649704337120056;0.4954483211040497;0.0943743959069252;0.4917980134487152;0.5013609528541565;-0.19889508187770844;0.46587520837783813;0.5924459099769592;0.09545295685529709;0.47645989060401917;0.599524736404419;-0.09568796306848526;0.48140251636505127;0.7343946695327759;0.1724090576171875;0.4812661409378052;0.7482079863548279;-0.015502453781664371;0.4944810301065445;0.2967616438865662;-0.017791203246451913;0.4629250168800354;0.6148822009563446;0.04712664522230625;0.5012162700295448;0.6217705756425858;-0.16733049228787422;0.48341259360313416;0.884670356909434;0.26973764101664227;0.4858873089154561;0.9085555076599121;0.06068085071941217;;girando;frontal
1.77;0.4970555305480957;0.32029759883880615;0.016756948083639145;0.4559638500213623;0.37753283977508545;0.08512172847986221;0.49505212903022766;0.3800414502620697;-0.15594151616096497;0.45354530215263367;0.49517253041267395;0.08773154020309448;0.4952230751514435;0.5011414885520935;-0.16688868403434753;0.464700311422348;0.5921564698219299;0.09187055379152298;0.47815409302711487;0.5998708009719849;-0.09217604994773865;0.4812401235103607;0.7342279553413391;0.17061765491962433;0.4813117980957031;0.7481669187545776;-0.015381737612187862;0.49259752631187437;0.29796414375305175;0.0241019269451499;0.46118734776973724;0.6142678260803223;0.04539267998188734;0.5014585852622986;0.6215004920959473;-0.1282167974859476;0.4831608235836029;0.8831545909245809;0.264491672317187;0.4857015113035838;0.9083618323008219;0.05386109867443641;;girando;frontal
1.8;0.49517667293548584;0.3209483325481415;0.04664258286356926;0.45193442702293396;0.3794654607772827;0.08246661722660065;0.4971126914024353;0.38181716203689575;-0.13679659366607666;0.4514046311378479;0.4951137602329254;0.08228381723165512;0.4992784857749939;0.5020368099212646;-0.1412101835012436;0.46314358711242676;0.5920722484588623;0.08612416684627533;0.4815389811992645;0.6001659035682678;-0.08639982342720032;0.4805499315261841;0.7336413264274597;0.15830163657665253;0.48136794567108154;0.7480229139328003;-0.015181638300418854;0.4907922804355621;0.29885055124759674;0.05016084462404251;0.4597487077116966;0.6126479953527451;0.053970031440258026;0.5028456151485443;0.6222550719976425;-0.10665705986320972;0.4814392328262329;0.8824371496836344;0.23975433905919394;0.48434968789418537;0.9074215094248453;0.04526128557821115;;girando;frontal
1.83;0.4946928322315216;0.32147154211997986;0.06871098279953003;0.4485013484954834;0.38091862201690674;0.08208971470594406;0.4994288384914398;0.38299381732940674;-0.11835359036922455;0.4496125876903534;0.4885520339012146;0.0859999731183052;0.5016871690750122;0.5020048022270203;-0.12062766402959824;0.46007105708122253;0.5926758646965027;0.0780409574508667;0.4843186140060425;0.5999498963356018;-0.07824866473674774;0.47521325945854187;0.7319291830062866;0.13445572555065155;0.4834405779838562;0.747952401638031;-0.016091303899884224;0.4902823805809021;0.2993828892707825;0.0696987520903349;0.4601622447371483;0.5852707773447037;0.0811131950467825;0.5049762576818466;0.622861921787262;-0.08627137914299965;0.469596803188324;0.8840727806091309;0.19707762698332468;0.48375601569811505;0.907753566900889;0.03668834719186028;;girando;frontal
1.87;0.49432599544525146;0.3218287229537964;0.07790101319551468;0.4457666873931885;0.38220643997192383;0.07023985683917999;0.5008386373519897;0.38345158100128174;-0.09970782697200775;0.44815126061439514;0.4863308072090149;0.09189244359731674;0.5044898986816406;0.502522349357605;-0.09540601819753647;0.45749571919441223;0.593464195728302;0.06448331475257874;0.4856073558330536;0.5997417569160461;-0.06465154886245728;0.46946385502815247;0.7317841053009033;0.11846832931041718;0.4860687553882599;0.747927725315094;-0.010466794483363628;0.489809575676918;0.29972009658813475;0.07591086644679308;0.46087639033794403;0.5573266744613647;0.11366576887667179;0.5065992325544357;0.6229451894760132;-0.056515452452003956;0.46092602610588074;0.8839985330899557;0.1793964852889379;0.48378719886144;0.9092967708905538;0.03261449048295617;;girando;frontal
1.9;0.4929114282131195;0.32198822498321533;0.0961446762084961;0.44313815236091614;0.3840863108634949;0.05867750570178032;0.5027938485145569;0.3841683268547058;-0.07926176488399506;0.44383788108825684;0.48649367690086365;0.09343009442090988;0.5072894096374512;0.5043795108795166;-0.07551842927932739;0.4565301537513733;0.5947912931442261;0.04967377707362175;0.48663851618766785;0.6003621220588684;-0.0497744157910347;0.4668620526790619;0.7348598837852478;0.09636883437633514;0.4876898527145386;0.7488418221473694;0.006110197864472866;0.4884427636861801;0.2998273134231567;0.09114896927494556;0.46111374348402023;0.5524530857801437;0.13880877941846848;0.5095214545726776;0.6240926682949066;-0.041128900833427906;0.45654035607973736;0.8884770671526591;0.14911079903443655;0.48428018887837726;0.9110120733579;0.04003275309999784;;girando;frontal
1.93;0.49069729447364807;0.3219633102416992;0.10187266767024994;0.44117751717567444;0.38539934158325195;0.04221854731440544;0.5050132274627686;0.3844747841358185;-0.07217160612344742;0.4400952458381653;0.4956112802028656;0.04452892020344734;0.5106727480888367;0.5043060779571533;-0.0659128874540329;0.4554864764213562;0.5954264402389526;0.04756840318441391;0.48733410239219666;0.60044264793396;-0.04771321266889572;0.4632415771484375;0.7370867133140564;0.10222139209508896;0.48817479610443115;0.7495400309562683;0.007461081724613905;0.4866064369678497;0.29974808394908903;0.09578572675818578;0.4510406330227852;0.6086244881153107;0.05761396139860153;0.5130946934223175;0.6254693120718002;-0.01795981079339981;0.45418187975883484;0.8932838638623556;0.1608861784140269;0.484614094098409;0.912427544593811;0.04065228812396526;;girando;frontal
1.97;0.488518625497818;0.32163047790527344;0.09579837322235107;0.4392946660518646;0.3856799900531769;0.023464983329176903;0.5066739320755005;0.3850744366645813;-0.07065397500991821;0.43549004197120667;0.5000545382499695;0.024201862514019012;0.512258768081665;0.5047758221626282;-0.06573861837387085;0.45434755086898804;0.5961728692054749;0.04368003457784653;0.4881933629512787;0.6009035706520081;-0.04386482760310173;0.4604019224643707;0.740533709526062;0.09722359478473663;0.4878217577934265;0.7508716583251953;0.009293967857956886;0.48468555212020875;0.2993251234292984;0.08815556217450649;0.43934230506420135;0.6194536983966827;0.0304975057952106;0.5156586021184921;0.62569759786129;-0.026445528492331505;0.4522579312324524;0.8978546261787415;0.15390844146410623;0.48526740074157715;0.9129665295282999;0.04030763357877731;;girando;frontal
2.0;0.486907422542572;0.3211212754249573;0.09355325251817703;0.43847882747650146;0.3853168189525604;0.010934190824627876;0.5078039169311523;0.3859383165836334;-0.06305509805679321;0.43204790353775024;0.5007045865058899;0.012356084771454334;0.5141648054122925;0.5050085783004761;-0.058733049780130386;0.4535667896270752;0.5963060855865479;0.03559498116374016;0.4886084496974945;0.6012407541275024;-0.03583966940641403;0.4569161534309387;0.7434283494949341;0.07976515591144562;0.48754242062568665;0.752548336982727;0.020418960601091385;0.48309567868709563;0.29866995811462405;0.08422986560035498;0.4316127821803093;0.6204586178064346;0.019520630594342947;0.5176149159669876;0.626279667019844;-0.025734102819114923;0.4525141716003418;0.9030560255050659;0.12886586288611093;0.48585716883341473;0.9130016167958578;0.05402040667831898;;girando;frontal
2.03;0.48334506154060364;0.3200036883354187;0.10821757465600967;0.4375301003456116;0.38515934348106384;-0.006809015292674303;0.5089065432548523;0.38653579354286194;-0.03479894995689392;0.4303106665611267;0.5008736252784729;-0.008827843703329563;0.5162942409515381;0.5050779581069946;-0.03198396787047386;0.4528423249721527;0.5962567925453186;0.015006679110229015;0.4891878664493561;0.6011574268341064;-0.015244920738041401;0.4552944004535675;0.7468976974487305;0.03804677724838257;0.487352579832077;0.7533258199691772;0.038355693221092224;0.47938668727874756;0.29735282957553866;0.09565912736579776;0.42671865969896317;0.6228663176298141;0.006739117263350636;0.5180975496768951;0.6261570453643799;-0.010931722586974502;0.4522051314512889;0.9107050697008768;0.0687033695479234;0.48454856872558594;0.913933535416921;0.071258295327425;;girando;frontal
2.07;0.480403870344162;0.319106787443161;0.11753319948911667;0.43670040369033813;0.3850487768650055;-0.011875646188855171;0.5094100832939148;0.3868712782859802;-0.022911788895726204;0.42769086360931396;0.5007348656654358;-0.01528883632272482;0.5173531770706177;0.5045285820960999;-0.022918542847037315;0.45173123478889465;0.5961929559707642;0.0069426316767930984;0.4896954298019409;0.601089358329773;-0.007152036763727665;0.4533228278160095;0.7487289309501648;0.025165211409330368;0.48722758889198303;0.753663182258606;0.04473875090479851;0.47666641771793367;0.29679118990898135;0.10368842873722314;0.42250218987464905;0.6227313727140427;0.0006899888776388252;0.5184499323368073;0.625441312789917;-0.009475888218730688;0.4517519772052765;0.9141825636227926;0.04624300512174765;0.48386748631795246;0.9145776232083639;0.07238235572973888;;girando;frontal
2.1;0.4783439636230469;0.31893426179885864;0.12740877270698547;0.4356631934642792;0.3849896788597107;-0.00986028928309679;0.5092922449111938;0.38719797134399414;-0.012944068759679794;0.4251759648323059;0.5009607076644897;-0.017004452645778656;0.5173889994621277;0.5041683316230774;-0.018090056255459785;0.45067697763442993;0.5964167714118958;0.004674949217587709;0.48993632197380066;0.6013379693031311;-0.004879597574472427;0.4512530267238617;0.749756932258606;0.026981528848409653;0.4871739149093628;0.7541844248771667;0.047703418880701065;0.4747239500284195;0.2966717600822449;0.11303170025348663;0.41712385416030884;0.6209995299577713;-0.0008073399076238275;0.5180905312299728;0.6235655844211578;-0.013978328788653016;0.4519963065783183;0.9129044612248739;0.05106887718041738;0.48359570900599164;0.9150241613388062;0.07679900402824084;;girando;frontal
2.13;0.4771761894226074;0.31859591603279114;0.12444724887609482;0.43462619185447693;0.3850533068180084;-0.016638683155179024;0.5092787742614746;0.38760942220687866;-0.013835093006491661;0.4231795072555542;0.5006242394447327;-0.024904457852244377;0.5177702903747559;0.5042949318885803;-0.02175978012382984;0.4497936964035034;0.5973816514015198;0.002881834749132395;0.4899764060974121;0.6024492383003235;-0.003087374148890376;0.4503735899925232;0.7511705756187439;0.031801532953977585;0.48710379004478455;0.7561511993408203;0.05414817854762077;0.4733360081911087;0.29651794135570525;0.11011559478938579;0.4137830212712288;0.6216853559017181;-0.008037145365960896;0.5178156346082687;0.6233744472265244;-0.022005086299031973;0.4518397847811381;0.913830558458964;0.06300600866476695;0.48392341534296673;0.9156436920166016;0.08944645524024963;;girando;frontal
2.17;0.47668373584747314;0.3185800611972809;0.1281799077987671;0.43289560079574585;0.38512346148490906;-0.01783953793346882;0.5090430378913879;0.3878870904445648;-0.008317051455378532;0.42123690247535706;0.5003836750984192;-0.027383921667933464;0.518315851688385;0.5043566226959229;-0.01349976472556591;0.4488910734653473;0.5975314378738403;-0.0006676848861388862;0.48989638686180115;0.6024537682533264;0.0004614519129972905;0.45026877522468567;0.7525747418403625;0.024625277146697044;0.4866717755794525;0.7574738264083862;0.05679823458194733;0.47255676090717313;0.29658145010471343;0.11359233669936657;0.4113246724009514;0.6216763556003571;-0.006939434562809765;0.5181337296962738;0.6231865882873535;-0.005041382624767721;0.4511733551820119;0.9170518716176351;0.05341013272603353;0.48421427607536316;0.9166735212008158;0.09017205486694972;;girando;frontal
2.2;0.47582194209098816;0.3184365928173065;0.12312595546245575;0.430724173784256;0.3851069509983063;-0.031375184655189514;0.5085293054580688;0.38836756348609924;-0.0089794360101223;0.41978025436401367;0.502082109451294;-0.040407296270132065;0.5178157687187195;0.5049737095832825;-0.012899849563837051;0.44791969656944275;0.5984821319580078;-0.009081395342946053;0.48974066972732544;0.6027458310127258;0.008895397186279297;0.45021021366119385;0.7548388838768005;0.010061811655759811;0.48581603169441223;0.758159339427948;0.061969541013240814;0.4713648289442062;0.29657487869262694;0.10836881827563047;0.40838202834129333;0.6244081407785416;-0.016032715560868382;0.5179492384195328;0.6232323944568634;-0.005868795851711184;0.4510645071665446;0.9200207789738973;0.036952903804679714;0.48442181944847107;0.9167960286140442;0.0960942010084788;;girando;frontal
2.23;0.47528037428855896;0.31811147928237915;0.12485196441411972;0.42903175950050354;0.3850899934768677;-0.02432439848780632;0.5081378221511841;0.3885091245174408;-0.009996990673244;0.41865837574005127;0.5039318203926086;-0.033131618052721024;0.5170570015907288;0.5049492716789246;-0.01081569492816925;0.4470633268356323;0.5992714166641235;-0.005831160116940737;0.48959729075431824;0.6027893424034119;0.005621565971523523;0.4503396153450012;0.7574623823165894;0.01119113340973854;0.48423856496810913;0.7589719891548157;0.057754144072532654;0.4704154461622238;0.2964982271194458;0.11049907300621271;0.4074017405509949;0.626442477107048;-0.01346751069650054;0.5181514024734497;0.6229236125946045;0.005232833529589698;0.45157097776730853;0.924218475818634;0.0354666318744421;0.4843394259611766;0.9173074165980021;0.09041577577590942;;girando;frontal
2.27;0.47402068972587585;0.31789758801460266;0.12461405992507935;0.42762961983680725;0.3852083384990692;-0.026766682043671608;0.5076590776443481;0.388456791639328;-0.009673633612692356;0.41773170232772827;0.5053686499595642;-0.03603848069906235;0.5166101455688477;0.5049293637275696;-0.014102939516305923;0.44650959968566895;0.5995116829872131;-0.007539629936218262;0.4894939363002777;0.6026405096054077;0.0073135728016495705;0.44941309094429016;0.7575675845146179;0.006819687318056822;0.48321446776390076;0.7588240504264832;0.05800018832087517;0.46877539753913877;0.2964810788631439;0.11029271353036166;0.40770774334669113;0.627693697810173;-0.01653928984887898;0.5180427879095078;0.6230138540267944;-0.005272843758575618;0.45109298825263977;0.9243326783180237;0.0293047948119541;0.48424293597539264;0.9171838164329529;0.08893624941507976;;girando;frontal
2.3;0.47079557180404663;0.3178488314151764;0.12236417084932327;0.42608433961868286;0.38555270433425903;-0.04138551279902458;0.506339967250824;0.3884095251560211;-0.002143130637705326;0.41628989577293396;0.50666344165802;-0.050795700401067734;0.5162279009819031;0.5052319765090942;-0.010258537717163563;0.4462384581565857;0.5999172329902649;-0.020976990461349487;0.4894172251224518;0.6026145219802856;0.020767642185091972;0.4479498565196991;0.7592028379440308;0.0005441202665679157;0.4826320707798004;0.7593188881874084;0.0819714218378067;0.4655985772609711;0.2965246498584747;0.10749356355518103;0.40806994587183;0.6296606063842773;-0.02316583739593625;0.5180164724588394;0.6240528225898743;-0.009995924425311387;0.45039084553718567;0.9257720510164896;0.029473827375719946;0.48464929064114887;0.9171141386032104;0.11941274752219518;;girando;frontal
2.33;0.4667899012565613;0.3178476095199585;0.11979147791862488;0.4242556095123291;0.3864254653453827;-0.05060606077313423;0.5045937299728394;0.38837164640426636;0.002323336433619261;0.41449904441833496;0.5088731050491333;-0.05950719490647316;0.5160773396492004;0.5060737133026123;-0.0062128519639372826;0.4455071687698364;0.6007753610610962;-0.028065863996744156;0.48899737000465393;0.6028745770454407;0.027861006557941437;0.44677889347076416;0.7629129886627197;-0.005741148721426725;0.482205867767334;0.7600947618484497;0.0881064310669899;0.4621379792690277;0.2966067552566528;0.10461682761088013;0.4085916727781296;0.6312733441591263;-0.028226930648088455;0.5178743004798889;0.6246406137943268;-0.010763685102574527;0.4501823087533315;0.9288241863250732;0.02523294750911494;0.4846845765908559;0.9172323942184448;0.1272675817211469;;girando;frontal
2.37;0.4634319245815277;0.3183923065662384;0.11943859606981277;0.42255112528800964;0.38768813014030457;-0.05096515640616417;0.5018789768218994;0.388340026140213;0.0023296268191188574;0.41281163692474365;0.5111040472984314;-0.06180529668927193;0.5157186985015869;0.5060533881187439;-0.006330159027129412;0.4447095990180969;0.6019989848136902;-0.026739394292235374;0.4884754419326782;0.6030460596084595;0.026541905477643013;0.4459344744682312;0.7642614841461182;-0.01286822184920311;0.4819888770580292;0.7605594396591187;0.07595041394233704;0.45918155312538145;0.29740636944770815;0.10379533488303423;0.40906083583831787;0.6329855471849442;-0.03270516078919172;0.5176059603691101;0.6242738217115402;-0.0112836470361799;0.45002253850301105;0.9285743435223898;0.012678164057433605;0.4844524562358856;0.9174910386403402;0.110870860517025;;girando;frontal
2.4;0.4617902338504791;0.3189797103404999;0.12056129425764084;0.4209010601043701;0.3890228271484375;-0.04570802301168442;0.4999401569366455;0.38831761479377747;-0.0009164728107862175;0.41234079003334045;0.5110098123550415;-0.055819712579250336;0.5146501064300537;0.5061289072036743;-0.00737063679844141;0.44390398263931274;0.6021961569786072;-0.020743554458022118;0.4878794848918915;0.6027765274047852;0.020548194646835327;0.44548362493515015;0.7637419104576111;-0.00796554982662201;0.482024610042572;0.7606436610221863;0.0700206458568573;0.45749499201774596;0.29812170565128326;0.10454033082351089;0.40882790833711624;0.6327695548534393;-0.02841689297929406;0.516637921333313;0.6240204125642776;-0.010091669857501984;0.4502157469590505;0.9275750716527303;0.014672253280878067;0.48443396886189777;0.9179461598396301;0.10470071931680043;;girando;frontal
2.43;0.4608956575393677;0.31937694549560547;0.11949899047613144;0.41975656151771545;0.38969528675079346;-0.042002901434898376;0.49832841753959656;0.388292133808136;-0.005837234202772379;0.4122884273529053;0.5116413831710815;-0.04962845891714096;0.5131980776786804;0.5063784718513489;-0.010870939120650291;0.4429359436035156;0.6032336354255676;-0.016360439360141754;0.4869456887245178;0.6028231978416443;0.01616109162569046;0.44510817527770996;0.7641744017601013;0.001267250394448638;0.4819910526275635;0.7606300711631775;0.0694328099489212;0.45658222436904905;0.29877467453479767;0.10364982690662146;0.40876465290784836;0.6329807192087173;-0.023960682097822428;0.5149389356374741;0.6241757720708847;-0.010889622499234974;0.4505220552285512;0.9272443453470866;0.028351156739518046;0.48431944847106934;0.9179173906644186;0.10476790368556976;;girando;frontal
2.47;0.45879900455474854;0.31985318660736084;0.11917409300804138;0.41839632391929626;0.3907836973667145;-0.044209614396095276;0.4967879056930542;0.3882898688316345;3,49E+10;0.41206094622612;0.5132094621658325;-0.04963293299078941;0.5117203593254089;0.5067206621170044;-0.0025372912641614676;0.4423542320728302;0.6038519740104675;-0.019049618393182755;0.48641079664230347;0.6028172373771667;0.018840298056602478;0.44469818472862244;0.7645255923271179;0.0006909943767823279;0.482003778219223;0.7606561183929443;0.07934792339801788;0.45465071499347687;0.29928560853004454;0.10339563945308328;0.4087483882904053;0.6334262788295746;-0.02242712816223502;0.5136373341083527;0.6243214905261993;-0.00028071484848624095;0.45033936699231464;0.9274147351582845;0.02781652131428321;0.48311151067415875;0.9174604018529257;0.11525802314281464;;girando;frontal
2.5;0.45798230171203613;0.3203994035720825;0.11239119619131088;0.417654424905777;0.3917329013347626;-0.05080093815922737;0.49548062682151794;0.38828250765800476;-0.0022684859577566385;0.4119073152542114;0.5143435597419739;-0.05337723344564438;0.5102651715278625;0.5065847039222717;-0.002590962452813983;0.4419012665748596;0.6040763854980469;-0.020027248188853264;0.48579153418540955;0.6026881337165833;0.019795117899775505;0.44415631890296936;0.7646113038063049;0.0035758400335907936;0.48194029927253723;0.7606117725372314;0.08537010848522186;0.45371669828891753;0.3000288039445877;0.09546825475990772;0.4082423746585846;0.6338204145431519;-0.020964685827493668;0.5128171294927597;0.6245276033878326;0.0013497482286766171;0.44995397329330444;0.9275577465693156;0.030774280118445557;0.4818889995416005;0.9169685045878092;0.12810376783212027;;girando;frontal
2.53;0.45743051171302795;0.3204689621925354;0.11247702687978745;0.4173460304737091;0.3922710120677948;-0.04961603134870529;0.49433520436286926;0.3882219195365906;0.003873055102303624;0.41191744804382324;0.5148083567619324;-0.054449472576379776;0.508796751499176;0.5065093636512756;0.00036751304287463427;0.4419747591018677;0.6044434309005737;-0.02375662326812744;0.48513296246528625;0.6026515960693359;0.023527810350060463;0.4438786506652832;0.7644586563110352;-0.003817209042608738;0.4818213880062103;0.7605850696563721;0.08379527181386948;0.4529991388320923;0.30028348565101626;0.09624905018135906;0.4075547382235527;0.6354979425668716;-0.02185498969629407;0.5112451761960983;0.6246690899133682;-2,76E+10;0.45011059443155926;0.9255011280377706;0.024426244548521936;0.4791045089562734;0.9170488715171814;0.12221515427033107;;girando;frontal
2.57;0.4571925699710846;0.32046371698379517;0.11247111111879349;0.4174732565879822;0.39240404963493347;-0.05453348159790039;0.4933490455150604;0.3878779113292694;0.005509849637746811;0.41173261404037476;0.515926718711853;-0.05888234078884125;0.5068268179893494;0.5055118203163147;0.0008792135631665587;0.4420454204082489;0.604559063911438;-0.029597586020827293;0.48458167910575867;0.6025174856185913;0.02938685193657875;0.44379922747612;0.765883207321167;-0.009729103185236454;0.48138427734375;0.7594593167304993;0.08996117115020752;0.45245622396469115;0.3003996998071671;0.09637829903513193;0.40719694644212723;0.6360986530780792;-0.026403598487377167;0.5095493346452713;0.6243225783109665;-0.0020788670153706335;0.4499331514040629;0.9266802271207174;0.017755734734237194;0.4789513349533081;0.9153428872426351;0.1304128294189771;;girando;frontal
2.6;0.4561755657196045;0.32038649916648865;0.11015212535858154;0.4179602265357971;0.3924110233783722;-0.06748165190219879;0.49305373430252075;0.38758978247642517;0.010795125737786293;0.4116233289241791;0.5174453258514404;-0.06976193189620972;0.5053641200065613;0.5044354200363159;0.006249208003282547;0.44220173358917236;0.6048744916915894;-0.037080068141222;0.4844547510147095;0.60231614112854;0.03687089681625366;0.44387373328208923;0.7670575976371765;-0.011713585816323757;0.4797790050506592;0.7588664889335632;0.09818281978368759;0.4514200657606125;0.30036820769309996;0.09339857555460185;0.40636733174324036;0.6377805769443512;-0.029433598276227713;0.5077020227909088;0.6240076422691345;2,31E+11;0.4487804075082143;0.9273034930229187;0.01904557567710678;0.4779503643512726;0.9145127932230631;0.14098221063613892;;girando;frontal
2.63;0.4569825530052185;0.3203401267528534;0.10261691361665726;0.41834720969200134;0.3929694890975952;-0.07811043411493301;0.4930312931537628;0.3875797688961029;0.011449141427874565;0.4116285741329193;0.5197023153305054;-0.07951678335666656;0.503452718257904;0.5045191645622253;0.008432178758084774;0.4423125684261322;0.6057826280593872;-0.042925864458084106;0.48445576429367065;0.6021637320518494;0.04272979125380516;0.44403597712516785;0.7670161724090576;-0.016749007627367973;0.47812655568122864;0.7566784024238586;0.11202235519886017;0.45195651352405547;0.3004218369722366;0.08556538475677371;0.40567464381456375;0.6404662132263184;-0.03283937647938728;0.5046845972537994;0.6239303350448608;0.0031683900160714984;0.4480122923851013;0.9277764360109965;0.018535898843159277;0.477978636821111;0.9093455076217651;0.16643667221069336;;girando;frontal
2.67;0.45606860518455505;0.32052814960479736;0.1045103371143341;0.4192289710044861;0.3931077718734741;-0.08536753803491592;0.49324578046798706;0.38770899176597595;0.027615150436758995;0.41179758310317993;0.519637942314148;-0.08913157880306244;0.5012164115905762;0.5050328969955444;0.037179697304964066;0.442462295293808;0.606217086315155;-0.0500950887799263;0.48414677381515503;0.6017860770225525;0.049912892282009125;0.4441511034965515;0.7674633264541626;-0.019749583676457405;0.47684499621391296;0.7533274292945862;0.12154687196016312;0.4511534243822098;0.30076479017734525;0.08769500837661326;0.4039922058582306;0.6401911377906799;-0.033005842473357916;0.5020585358142853;0.6220419108867645;0.052200364880263805;0.4481478730837504;0.9278831680615743;0.016362732431540888;0.4780590037504832;0.9046414891878763;0.17995778719584146;;girando;frontal
2.7;0.4549528956413269;0.3210541307926178;0.10519427061080933;0.4217325747013092;0.39306512475013733;-0.0928603932261467;0.49345141649246216;0.38780003786087036;0.03332825377583504;0.4119768440723419;0.5192469358444214;-0.09774363785982132;0.5009946227073669;0.5056319832801819;0.046796899288892746;0.442992240190506;0.6071309447288513;-0.05277874693274498;0.48390474915504456;0.6018226146697998;0.05262748524546623;0.44422775506973267;0.7679845690727234;-0.02019026316702366;0.4757325053215027;0.7509304285049438;0.11955630779266357;0.45034373700618746;0.301267072558403;0.08649532245472073;0.4017489105463028;0.6399004310369492;-0.036916100420057774;0.5000195428729057;0.6198649406433105;0.06339270994067192;0.4485819935798645;0.928278923034668;0.01704290711010496;0.4780135651429494;0.9016338388125101;0.17473704119523367;;girando;frontal
2.73;0.4542229175567627;0.3227868378162384;0.10182852298021317;0.424610435962677;0.3930386006832123;-0.10517895221710205;0.4936375021934509;0.3878691494464874;0.038765620440244675;0.4125072658061981;0.5191023349761963;-0.11474639177322388;0.5001125931739807;0.5045018792152405;0.05369647592306137;0.4439726173877716;0.607482373714447;-0.057654254138469696;0.48366570472717285;0.6019484400749207;0.0575244165956974;0.4442862272262573;0.7680805921554565;-0.02875041961669922;0.4748838543891907;0.7492381930351257;0.11545667797327042;0.44987969696521757;0.3026462823152542;0.08072414603084326;0.40000174194574356;0.6380702406167984;-0.05485866870731115;0.49837664514780045;0.6167350113391876;0.06502765137702227;0.4486822485923767;0.9292154908180237;0.005840474118789037;0.4779332180817922;0.8998701373736063;0.1638318101565043;;girando;frontal
2.77;0.45350369811058044;0.32523617148399353;0.09146357327699661;0.42741674184799194;0.3930171728134155;-0.12872567772865295;0.4937669038772583;0.38814929127693176;0.04721132293343544;0.41387873888015747;0.5190219879150391;-0.14693723618984222;0.4980001747608185;0.5043859481811523;0.0683467909693718;0.4452495574951172;0.609466552734375;-0.06559175252914429;0.4834814667701721;0.6035329699516296;0.06550784409046173;0.4443565905094147;0.768008291721344;-0.02415436878800392;0.4731181859970093;0.7472992539405823;0.13330884277820587;0.4494688391685486;0.30455991327762605;0.06805762946605683;0.3976138085126877;0.6362368166446686;-0.08841986022889614;0.4949739873409271;0.6125440001487732;0.07872985489666462;0.44874664147694904;0.9301372965176901;0.017129838466644287;0.47759828964869183;0.8984696666399637;0.19901776810487112;;girando;frontal
2.8;0.45331624150276184;0.3267592489719391;0.07795707881450653;0.4315197765827179;0.3930046856403351;-0.1528683453798294;0.49415069818496704;0.3895373046398163;0.06728368997573853;0.41599950194358826;0.5184579491615295;-0.17178736627101898;0.49716487526893616;0.504520058631897;0.1030711829662323;0.4462457299232483;0.6121656894683838;-0.0711069405078888;0.48294344544410706;0.6069495677947998;0.07101953029632568;0.4444170594215393;0.767977774143219;-0.021550340577960014;0.4715125858783722;0.747009813785553;0.14367054402828217;0.44930408895015717;0.30607044994831084;0.051019757986068726;0.3971390798687935;0.6351787000894547;-0.1056049820035696;0.4826248660683632;0.60456383228302;0.1195779349654913;0.4488329192002614;0.9312165180842081;0.028191811715563137;0.4766099750995636;0.8988555669784546;0.2101946622133255;;girando;frontal
2.83;0.4533490240573883;0.3273457884788513;0.06103423237800598;0.4366002082824707;0.3929992914199829;-0.1659143716096878;0.49418938159942627;0.3902048170566559;0.07810266315937042;0.4187704622745514;0.5182862281799316;-0.18431204557418823;0.4927632808685303;0.5044419765472412;0.13165593147277832;0.4472082853317261;0.6121049523353577;-0.0729171484708786;0.4821109175682068;0.6073251962661743;0.07281294465065002;0.444583535194397;0.7667430639266968;-0.010849817655980587;0.4698770344257355;0.7457914352416992;0.15219521522521973;0.4493623346090317;0.30694596767425536;0.033354189991950986;0.3965892270207405;0.6328561753034592;-0.11203260160982609;0.46319229900836945;0.5888805538415909;0.15997765958309174;0.4487709601720174;0.9316978653271993;0.05122006249924501;0.47546136379241943;0.8990152676900228;0.22621474663416544;;girando;frontal
2.87;0.4511707127094269;0.32828956842422485;0.047757696360349655;0.44195666909217834;0.3928428888320923;-0.17735770344734192;0.4922945499420166;0.39012718200683594;0.0840112566947937;0.4224875569343567;0.5181947946548462;-0.2034524381160736;0.48863834142684937;0.4966561496257782;0.14938589930534363;0.44900891184806824;0.6127315163612366;-0.0759371966123581;0.48070228099823;0.6079776883125305;0.07580123096704483;0.44737526774406433;0.7666839957237244;0.0032368903048336506;0.4694272577762604;0.7462447285652161;0.15501058101654053;0.44815911948680875;0.3078573316335678;0.020054878666996956;0.3959559053182602;0.6317006796598434;-0.1344696320593357;0.4505521133542061;0.5531841665506363;0.1909954622387886;0.4509255588054657;0.9331573446591696;0.07506570965051651;0.4742908279101054;0.9020233352979025;0.23135816554228464;;girando;frontal
2.9;0.44757571816444397;0.32910630106925964;0.0388278104364872;0.4470409154891968;0.3924658000469208;-0.1781560778617859;0.4906080961227417;0.38935935497283936;0.08705610781908035;0.42847880721092224;0.5155146718025208;-0.2070194035768509;0.48774996399879456;0.4900110363960266;0.1503201723098755;0.4512927532196045;0.6126202940940857;-0.07792229950428009;0.48032355308532715;0.6078036427497864;0.07776718586683273;0.4493092894554138;0.7655702233314514;0.004166444297879934;0.46932095289230347;0.7463251948356628;0.1538359671831131;0.4458323061466217;0.3080323666334152;0.011288213124498726;0.39761707931756973;0.6270132064819336;-0.14351212233304977;0.4514155238866806;0.5466799885034561;0.1874317191541195;0.45256319642066956;0.9328015446662903;0.0727982297539711;0.47297420104344684;0.9029433131217957;0.2307953933874766;;girando;frontal
2.93;0.4454898536205292;0.3296193480491638;0.01713673211634159;0.4507404565811157;0.39194434881210327;-0.19348867237567902;0.4873464107513428;0.38890784978866577;0.10225524753332138;0.4331578016281128;0.5146155953407288;-0.22485172748565674;0.48338189721107483;0.4918622672557831;0.1340848207473755;0.45465439558029175;0.6124170422554016;-0.08745738118886948;0.47992825508117676;0.6076918840408325;0.08727069944143295;0.4523473083972931;0.7630749344825745;0.001370656886138022;0.4696866571903229;0.746511697769165;0.16185542941093445;0.44459207355976105;0.3079896032810211;-0.010824100766330957;0.3999350890517235;0.6246583312749863;-0.1637621894478798;0.4474952816963196;0.5649905651807785;0.13006917387247086;0.45533162355422974;0.932189921538035;0.06422512605786324;0.4746683140595754;0.9027318557103475;0.24669048686822256;;girando;frontal
2.97;0.44190388917922974;0.3295024037361145;-0.05396642908453941;0.4555847942829132;0.3915819525718689;-0.22623810172080994;0.48028478026390076;0.3858952522277832;0.0906941369175911;0.43720415234565735;0.5142856240272522;-0.23634393513202667;0.4726710021495819;0.4920506477355957;0.11854609102010727;0.45906081795692444;0.6121036410331726;-0.09535035490989685;0.4782065749168396;0.6069339513778687;0.09521640092134476;0.45251575112342834;0.7612019777297974;-0.0034139573108404875;0.46902042627334595;0.7466095089912415;0.18370646238327026;0.44241891503334047;0.30758067071437833;-0.0827507079578936;0.4033316671848297;0.6243897527456284;-0.15359246358275414;0.446571484208107;0.5880022346973419;0.061137355864048004;0.45116623242696124;0.9321881731351217;0.06971408054232597;0.4731757640838623;0.9028086066246033;0.29557014505068463;;girando;frontal
3.0;0.43979111313819885;0.3294735848903656;-0.06740356236696243;0.4604176878929138;0.39072638750076294;-0.23258544504642487;0.4752582311630249;0.38436585664749146;0.08500085771083832;0.4443034827709198;0.5105584859848022;-0.2403218299150467;0.4664416015148163;0.4930090606212616;0.11146590113639832;0.46276870369911194;0.6105842590332031;-0.09457623958587646;0.47629982233047485;0.6051751375198364;0.09450353682041168;0.4526374638080597;0.7575703859329224;-0.031057208776474;0.4690294861793518;0.7452583312988281;0.19186237454414368;0.44145083129405976;0.3064178735017776;-0.09653606228530406;0.4094584733247757;0.6212387979030609;-0.16053147986531258;0.44213375449180603;0.5942631661891937;0.04188598692417145;0.4489017923672994;0.9320514798164368;0.02247484711309274;0.47431476910909015;0.9025604526201884;0.2984965642293294;;girando;frontal
3.03;0.43919646739959717;0.3287351727485657;-0.06570509076118469;0.4638212323188782;0.3895360231399536;-0.2300366461277008;0.47325295209884644;0.38357457518577576;0.08504939824342728;0.44879043102264404;0.5090820789337158;-0.23801155388355255;0.4667896330356598;0.4935935437679291;0.11095915734767914;0.46543487906455994;0.6079587936401367;-0.09373722970485687;0.47479113936424255;0.6032785773277283;0.09367543458938599;0.45610475540161133;0.7530804872512817;-0.04611211270093918;0.4681625962257385;0.7446553111076355;0.18974731862545013;0.44167972803115846;0.3047824800014496;-0.09404655192047358;0.4153449162840843;0.6194083243608475;-0.16153144091367722;0.44394300878047943;0.5971765220165253;0.04227888258174062;0.45221755901972455;0.9318428834279379;-0.012952606193721294;0.47341333826382953;0.9031362136205038;0.2902294596036275;;girando;frontal
3.07;0.4396067261695862;0.328013151884079;-0.0691990777850151;0.4673285484313965;0.38931673765182495;-0.22868546843528748;0.470668226480484;0.3836185038089752;0.0825478807091713;0.453213632106781;0.509048581123352;-0.24329419434070587;0.4671730101108551;0.4978703260421753;0.10867849737405777;0.4684443473815918;0.606385350227356;-0.09288066625595093;0.4729026257991791;0.6022698879241943;0.09282513707876205;0.45757922530174255;0.7517386674880981;-0.06998566538095474;0.4680747985839844;0.7445708513259888;0.18419961631298065;0.4423450082540512;0.3037104994058609;-0.09683204181492329;0.42300140857696533;0.6201126873493195;-0.18677135929465294;0.445516400039196;0.6102643758058548;0.03424564003944397;0.4568864007790883;0.9305869539578756;-0.05603527029355367;0.4737337827682495;0.9040283958117167;0.26925594607988995;;girando;frontal
3.1;0.4397524297237396;0.3279832601547241;-0.09258729964494705;0.4707634747028351;0.38828128576278687;-0.2462654709815979;0.46913719177246094;0.3839520812034607;0.06734520196914673;0.45948344469070435;0.5091904997825623;-0.2632860243320465;0.46564149856567383;0.4991833567619324;0.09767545014619827;0.470392107963562;0.6047520041465759;-0.09204287827014923;0.47165751457214355;0.6014452576637268;0.09197916090488434;0.46013906598091125;0.7526005506515503;-0.0525754876434803;0.46836963295936584;0.7448554635047913;0.18062280118465424;0.44274367690086364;0.30346683859825135;-0.12076036632061005;0.43070168048143387;0.6222466826438904;-0.21717653796076775;0.4466668590903282;0.6149603575468063;0.024052523775026202;0.46264131863911945;0.9293142557144165;-0.010171787192424139;0.47423502802848816;0.9041367967923483;0.275852104028066;;girando;frontal
3.13;0.4402007758617401;0.32793906331062317;-0.08007960766553879;0.47433701157569885;0.386109858751297;-0.2345559298992157;0.4671582579612732;0.38580581545829773;0.06992753595113754;0.46505236625671387;0.5065751075744629;-0.25737571716308594;0.46359795331954956;0.5006731152534485;0.10463428497314453;0.4733368158340454;0.6011332869529724;-0.09254651516675949;0.4701128304004669;0.6003321409225464;0.0924852266907692;0.4618724286556244;0.7526757121086121;-0.045814529061317444;0.46838515996932983;0.7457910776138306;0.16694936156272888;0.4432887017726898;0.3032529681921005;-0.10725127793848514;0.4377743750810623;0.622195303440094;-0.22804702073335648;0.44660603255033493;0.614916980266571;0.03715430898591876;0.46986087163289386;0.9289009769757589;-0.0005496560285488764;0.4751987357934316;0.9051429033279419;0.2501945396264394;;girando;frontal
3.17;0.4406740069389343;0.32791098952293396;-0.08107597380876541;0.476461261510849;0.38448238372802734;-0.23431098461151123;0.46685031056404114;0.3866179287433624;0.06999868154525757;0.47074073553085327;0.505116879940033;-0.25819724798202515;0.46495136618614197;0.5010346174240112;0.10540463775396347;0.47557252645492554;0.6001004576683044;-0.09278592467308044;0.4698663055896759;0.5996231436729431;0.09272866696119308;0.465030699968338;0.7529743909835815;-0.046796366572380066;0.46867698431015015;0.7459360361099243;0.16286659240722656;0.4440788388252258;0.3031736046075821;-0.10799440480768681;0.44545041769742966;0.6246462166309357;-0.2350146323442459;0.4481804370880127;0.618663027882576;0.04018927505239844;0.47483745217323303;0.9283998608589172;-0.0051714759320020676;0.47632760802904767;0.9023477435112;0.24604250490665436;;girando;frontal
3.2;0.44120222330093384;0.3277147114276886;-0.10285809636116028;0.4805408716201782;0.38435837626457214;-0.24738916754722595;0.46553200483322144;0.3889705538749695;0.052562519907951355;0.47403791546821594;0.5051279664039612;-0.2708432972431183;0.46316221356391907;0.5021273493766785;0.09881991147994995;0.47892072796821594;0.5997745990753174;-0.09190589934587479;0.46877190470695496;0.5986774563789368;0.09184090048074722;0.47012463212013245;0.7548168897628784;-0.04379300773143768;0.4688061475753784;0.7468616962432861;0.1748754233121872;0.4453966856002808;0.3030039340257645;-0.13074298538267612;0.45339375734329224;0.6294341683387756;-0.2567508891224861;0.44908691197633743;0.6186758428812027;0.03504438931122422;0.4810384710629781;0.9280712008476257;-0.0059071847548087435;0.4759780367215474;0.8960817456245422;0.2790100574493408;;girando;frontal
3.23;0.44258153438568115;0.3276020884513855;-0.10112624615430832;0.4831763505935669;0.38450610637664795;-0.24352724850177765;0.4657312035560608;0.39023008942604065;0.04879841208457947;0.4803251326084137;0.5051620006561279;-0.2642345130443573;0.4648303985595703;0.5043758153915405;0.09252379089593887;0.47794070839881897;0.6024556756019592;-0.09108578413724899;0.4660888612270355;0.6002101302146912;0.09101782739162445;0.4749191999435425;0.76156085729599;-0.03233633562922478;0.46901023387908936;0.7533065676689148;0.17209367454051971;0.4470048725605011;0.30298388600349424;-0.1288754791021347;0.46344728022813797;0.635203629732132;-0.24740509688854218;0.45464394986629486;0.6216304004192352;0.03101433045230806;0.4888658920923869;0.9264935453732809;0.027046009277304012;0.476055641969045;0.896433691183726;0.26970534523328143;;girando;frontal
3.27;0.44477683305740356;0.3267403542995453;-0.11238474398851395;0.48587724566459656;0.3845676779747009;-0.24786177277565002;0.46651166677474976;0.3906085789203644;0.036138616502285004;0.4873681366443634;0.5068497061729431;-0.26649755239486694;0.4654611647129059;0.5076977014541626;0.07920903712511063;0.4770694673061371;0.6091654300689697;-0.08765464276075363;0.4641192853450775;0.6052628755569458;0.08756279200315475;0.47902193665504456;0.7644025683403015;-0.01543318759649992;0.46906033158302307;0.754362165927887;0.17095299065113068;0.449204084277153;0.3026288509368896;-0.1404044434428215;0.47147391736507416;0.6393361538648605;-0.25034844130277634;0.4576227590441704;0.6279918998479843;0.020525368570815772;0.49484538038571674;0.9201020201047262;0.060058395067850746;0.4721384346485138;0.8965245087941488;0.2734433213869731;;girando;frontal
3.3;0.4472043812274933;0.3261338472366333;-0.11882321536540985;0.49043166637420654;0.38444799184799194;-0.24575473368167877;0.46425166726112366;0.3910098969936371;0.036830440163612366;0.4938730299472809;0.5068029165267944;-0.2580033838748932;0.4654919505119324;0.5079228281974792;0.08056912571191788;0.47913721203804016;0.6086145639419556;-0.08211348950862885;0.4629153907299042;0.6048725843429565;0.08205749094486237;0.4844566583633423;0.7615035176277161;-0.04308318719267845;0.4689869284629822;0.7530885934829712;0.14715427160263062;0.4516330808401108;0.3023708313703537;-0.14369204342365266;0.48396387696266174;0.6380516588687897;-0.24383091554045677;0.4572930410504341;0.624781459569931;0.021620869636535645;0.4969574312369029;0.9200307726860046;-0.008388562127947807;0.4712273081143697;0.8958961367607117;0.23448623220125833;;girando;frontal
3.33;0.4492407739162445;0.3246115744113922;-0.12535621225833893;0.49419596791267395;0.3851536512374878;-0.2231995314359665;0.4607853293418884;0.39197418093681335;0.035273194313049316;0.4963393807411194;0.5098302960395813;-0.23896978795528412;0.46341994404792786;0.5099714398384094;0.07850902527570724;0.4825112223625183;0.6085851192474365;-0.07814745604991913;0.461200088262558;0.6053931713104248;0.07813426107168198;0.4898003041744232;0.7614688873291016;-0.058369338512420654;0.467529296875;0.7510288953781128;0.14969736337661743;0.4537496894598007;0.3019033223390579;-0.14871011450886726;0.49154435098171234;0.6405857056379318;-0.23157791420817375;0.4558304250240326;0.6242292076349258;0.01304906199220568;0.499658207098643;0.918145219484965;-0.03642047864074508;0.4693608383337657;0.894794245560964;0.23867540061473846;;girando;frontal
3.37;0.4517655372619629;0.32329803705215454;-0.15242977440357208;0.49760928750038147;0.38659238815307617;-0.20475076138973236;0.4573657512664795;0.39234766364097595;0.02529224567115307;0.499979168176651;0.5132821798324585;-0.21413461863994598;0.46089309453964233;0.5098721981048584;0.07223254442214966;0.4849099814891815;0.6090657114982605;-0.07248308509588242;0.4597356915473938;0.6065848469734192;0.07248693704605103;0.493587464094162;0.7615253925323486;-0.06024717912077904;0.4668155908584595;0.750825822353363;0.1489691287279129;0.45650793612003326;0.3013010859489441;-0.17208869755268097;0.4981452524662018;0.6455812603235245;-0.22711405158042908;0.45380619168281555;0.6232956647872925;-0.00043386641482356936;0.5016204019387563;0.9189188679059347;-0.036384773906320333;0.46955708662668866;0.8948560158411661;0.2588707357645035;;girando;frontal
3.4;0.4547705352306366;0.3232629597187042;-0.16397793591022491;0.501442551612854;0.3887350857257843;-0.18682941794395447;0.45491623878479004;0.3926484286785126;0.017923422157764435;0.5035003423690796;0.5143592953681946;-0.18572896718978882;0.46044284105300903;0.5096525549888611;0.06710053980350494;0.4876299500465393;0.6089298129081726;-0.06599880754947662;0.4585476219654083;0.6064440011978149;0.06601040065288544;0.4960564970970154;0.7620642781257629;-0.053970471024513245;0.46692079305648804;0.7512171864509583;0.13828863203525543;0.4596498340368271;0.3011415213346481;-0.18145002275705338;0.5053706914186478;0.6474610418081284;-0.19951443001627922;0.45407627522945404;0.6204148232936859;-0.011668310733512044;0.5025380651156107;0.9186653097470602;-0.023067886630694073;0.470057874917984;0.8950133721033732;0.2556974043448766;;girando;frontal
3.43;0.4580521583557129;0.3217776119709015;-0.17427638173103333;0.5029913187026978;0.38933324813842773;-0.17891846597194672;0.45393532514572144;0.39263057708740234;0.013658128678798676;0.5107138156890869;0.513360857963562;-0.17241263389587402;0.46060559153556824;0.5088169574737549;0.06595263630151749;0.4891468584537506;0.6088477969169617;-0.06195911765098572;0.4579150974750519;0.606341540813446;0.06197028607130051;0.49780383706092834;0.7626373171806335;-0.048214834183454514;0.4669123888015747;0.752537190914154;0.1347152441740036;0.4637929141521454;0.3000885099172592;-0.18964787796139718;0.515336275100708;0.6458252966403961;-0.19160344079136848;0.4551288112998009;0.6193422973155975;-0.017509160592453554;0.5030433634916941;0.9187624851862589;-0.00564898985127608;0.4702471395333608;0.8958562612533569;0.25609595080216724;;girando;frontal
3.47;0.4605877101421356;0.31986722350120544;-0.17333410680294037;0.5065164566040039;0.39052334427833557;-0.162081778049469;0.4519457519054413;0.392596036195755;0.007008101791143417;0.5148576498031616;0.5142444968223572;-0.14714929461479187;0.4600205421447754;0.5076216459274292;0.0578160285949707;0.49223363399505615;0.608748197555542;-0.05605922266840935;0.4581276774406433;0.6063470840454102;0.056106261909008026;0.49927136301994324;0.7639385461807251;-0.04163092002272606;0.4669593572616577;0.7562252879142761;0.12061907351016998;0.4666879206895828;0.2985793471336365;-0.18719980046153067;0.5198399424552917;0.6461786329746246;-0.17068377509713173;0.45595410466194153;0.6183264255523682;-0.02878784714266658;0.5033303499221802;0.9186259706815084;0.00883061314622561;0.4703725278377533;0.8967724839846293;0.24377277990182242;;girando;frontal
3.5;0.46381622552871704;0.31905636191368103;-0.16376341879367828;0.509892463684082;0.39166024327278137;-0.13732032477855682;0.45068955421447754;0.39255648851394653;0.011369308456778526;0.5179129838943481;0.5141187310218811;-0.11950167268514633;0.45898881554603577;0.5074363350868225;0.05948904901742935;0.49504226446151733;0.6079853177070618;-0.05152255296707153;0.4581364393234253;0.6062809228897095;0.05159832537174225;0.4996210038661957;0.7640388607978821;-0.03545624762773514;0.4663322865962982;0.7574215531349182;0.11040813475847244;0.4703455090522766;0.29796679615974425;-0.17510619312524794;0.5230210721492767;0.6454910933971405;-0.15071114897727966;0.45587896555662155;0.6178968697786331;-0.031030894024297595;0.5036056737105051;0.918867826461792;0.020442259808381397;0.470303217569987;0.8977060914039612;0.232450932264328;;girando;frontal
3.53;0.466983437538147;0.3181564509868622;-0.17666314542293549;0.5128591656684875;0.3930252492427826;-0.12930631637573242;0.4496183693408966;0.3925170600414276;-0.008449948392808437;0.5205181241035461;0.515832781791687;-0.10413256287574768;0.4546472132205963;0.5068586468696594;0.03667519986629486;0.4969921112060547;0.6079517006874084;-0.0432601235806942;0.458218514919281;0.6065261960029602;0.04330886900424957;0.5009232759475708;0.7661714553833008;-0.024077793583273888;0.4655640423297882;0.7593366503715515;0.09917471557855606;0.4733829736709595;0.29686230719089507;-0.1851225681602955;0.5271738767623901;0.6450112909078598;-0.15006667003035545;0.4534780830144882;0.6189104914665222;-0.05504128988832235;0.503493070602417;0.9185647964477539;0.06337058544158936;0.4696756601333618;0.8987656831741333;0.23088846107323965;;girando;frontal
3.57;0.4690599739551544;0.31785905361175537;-0.1720474660396576;0.5164311528205872;0.39387547969818115;-0.10735262930393219;0.4486900866031647;0.3927784860134125;-0.017273446545004845;0.5255540609359741;0.5157744288444519;-0.08028876781463623;0.44833144545555115;0.5066776871681213;0.02744174376130104;0.4984794557094574;0.607920229434967;-0.03748658671975136;0.458442747592926;0.6066468954086304;0.03750475496053696;0.501870334148407;0.7672260999679565;-0.026940131559967995;0.4643785059452057;0.7594066858291626;0.08896122127771378;0.47575461566448213;0.29641800820827485;-0.17916020452976228;0.5313275456428528;0.6445545703172684;-0.14810439199209213;0.447154238820076;0.6203849464654922;-0.06438494473695755;0.5035211940606436;0.9187941153844198;0.06206475601842006;0.46948160727818805;0.8991958697636923;0.22954257329305014;;girando;frontal
3.6;0.4716617166996002;0.3177633583545685;-0.1888343095779419;0.519316554069519;0.3946586847305298;-0.11469831317663193;0.4485474228858948;0.3928074836730957;-0.037731628865003586;0.5295959711074829;0.515734076499939;-0.08324303478002548;0.4462984800338745;0.5061306357383728;0.009350358508527279;0.5001004338264465;0.6081159710884094;-0.035145070403814316;0.4586803913116455;0.6066331267356873;0.03513867035508156;0.5020947456359863;0.7675710320472717;-0.02745668590068817;0.4629596471786499;0.7591617107391357;0.09321090579032898;0.4780558288097382;0.2960964649915695;-0.19468534886837005;0.535295769572258;0.6437925845384598;-0.15351037681102753;0.44324854761362076;0.6204797029495239;-0.07977025210857391;0.503279576698939;0.9191113710403442;0.04571743682026863;0.46911991635958356;0.8988852898279825;0.23256089786688486;;girando;frontal
3.63;0.4739896357059479;0.3175732493400574;-0.17412357032299042;0.5213100910186768;0.3947267532348633;-0.08323577791452408;0.44878214597702026;0.3925180733203888;-0.021185170859098434;0.531317949295044;0.5142081379890442;-0.057172276079654694;0.44379985332489014;0.5032212734222412;0.021347617730498314;0.5007644295692444;0.6084778308868408;-0.03260054811835289;0.4588422179222107;0.6066038608551025;0.03259425237774849;0.5020816326141357;0.76744145154953;-0.03253921866416931;0.4606519341468811;0.7589110732078552;0.08246570080518723;0.48021936118602754;0.29579599797725675;-0.1789852723479271;0.537087693810463;0.639970526099205;-0.14340252988040447;0.43985680490732193;0.6199163496494293;-0.06865305826067924;0.5036998887856802;0.9194234808286031;0.04042374653120836;0.46836315592130023;0.8984659910202026;0.2267560213804245;;girando;frontal
3.67;0.4759475886821747;0.3168471157550812;-0.1694134771823883;0.5228527784347534;0.3948666751384735;-0.07834188640117645;0.4490683674812317;0.39193904399871826;-0.026403730735182762;0.5332602262496948;0.5128238201141357;-0.04948459565639496;0.4416996240615845;0.501396656036377;0.015393582172691822;0.5014998912811279;0.6084233522415161;-0.027194499969482422;0.4589671790599823;0.6060056686401367;0.02716854400932789;0.5023318529129028;0.7673212885856628;-0.04482549428939819;0.45817646384239197;0.7587085366249084;0.07561635226011276;0.4821904867887497;0.2951626628637314;-0.17491590827703477;0.5388156622648239;0.6370893269777298;-0.14095448143780231;0.4369889721274376;0.6189003139734268;-0.07770623359829187;0.503983865181605;0.9193241397539774;0.039446097488204636;0.4680471916993459;0.8962050080299377;0.23552963137626648;;girando;frontal
3.7;0.4777200520038605;0.316927045583725;-0.17396661639213562;0.5241777896881104;0.39509737491607666;-0.07845272868871689;0.44914430379867554;0.3913417458534241;-0.03443095088005066;0.534209132194519;0.5116938948631287;-0.048874665051698685;0.4412180483341217;0.5013256669044495;0.006356322206556797;0.5017847418785095;0.6083939075469971;-0.0251445509493351;0.4589422941207886;0.6057413220405579;0.025122379884123802;0.5018669962882996;0.7670970559120178;-0.04691037908196449;0.45601701736450195;0.7594835162162781;0.06782322376966476;0.4839157730340958;0.2951305568218231;-0.17830099016427994;0.5400199890136719;0.6349374353885651;-0.14323797821998596;0.435305155813694;0.6190220564603806;-0.08964969962835312;0.5038867990175883;0.9194003144900004;0.03368976960579554;0.466847042242686;0.8973710536956787;0.21813327074050903;;girando;frontal
3.73;0.4785343408584595;0.3172939121723175;-0.19087974727153778;0.5252528786659241;0.3954237401485443;-0.08704732358455658;0.4493500590324402;0.3909629285335541;-0.045971933752298355;0.5350578427314758;0.5113669037818909;-0.05494013801217079;0.4412088692188263;0.5013015866279602;-0.0018275856273248792;0.5026785135269165;0.6083735227584839;-0.02376008965075016;0.4590025842189789;0.6055819988250732;0.02371971867978573;0.5021078586578369;0.767051637172699;-0.04624655842781067;0.45481041073799133;0.7596843838691711;0.05135058984160423;0.484784933924675;0.2952291280031204;-0.19380630031228066;0.5404566377401352;0.6341241151094437;-0.14976903796195984;0.4347059428691864;0.6192435771226883;-0.10435052029788494;0.5036880274613699;0.9201376636823019;0.04792294651269913;0.4655507405598958;0.8987629413604736;0.2088009218374888;;girando;frontal
3.77;0.4799218475818634;0.31746572256088257;-0.1884097456932068;0.5258669257164001;0.3954712450504303;-0.07611445337533951;0.44945695996284485;0.3907175660133362;-0.052881933748722076;0.5355110764503479;0.5104745626449585;-0.03888119012117386;0.4408363103866577;0.501354992389679;-0.011900916695594788;0.5031078457832336;0.607613742351532;-0.016096990555524826;0.45904645323753357;0.6039994955062866;0.016041528433561325;0.5028828382492065;0.7668635845184326;-0.03258998319506645;0.4543832838535309;0.7595884203910828;0.027347497642040253;0.48602553009986876;0.2952720671892166;-0.19139081686735154;0.5404224842786789;0.6324836015701294;-0.1403753850609064;0.43402188271284103;0.6192810088396072;-0.11168895475566387;0.5036417643229166;0.920352061589559;0.06613498429457347;0.46414996186892193;0.9013974865277609;0.15266252060731253;;girando;frontal
3.8;0.48053088784217834;0.31794771552085876;-0.19169476628303528;0.5263782143592834;0.3954929709434509;-0.0769159272313118;0.4495971202850342;0.3904491066932678;-0.05580631271004677;0.5355634093284607;0.5100940465927124;-0.03806667774915695;0.44044622778892517;0.5011341571807861;-0.013817915692925453;0.5031918883323669;0.6072395443916321;-0.013393432833254337;0.45899879932403564;0.6028798818588257;0.013340385630726814;0.5041749477386475;0.7667942047119141;-0.032782115042209625;0.454812616109848;0.7595461010932922;0.021297017112374306;0.48674012422561647;0.29539927542209626;-0.19470828175544738;0.5405128598213196;0.6319102495908737;-0.14080998487770557;0.4328008443117142;0.619671955704689;-0.1127097811549902;0.5031001071135203;0.9202153086662292;0.07963773437465231;0.4618929425875346;0.9026255408922831;0.15420155972242355;;girando;frontal
3.83;0.4815822243690491;0.31798413395881653;-0.19393575191497803;0.5263813138008118;0.395630806684494;-0.07679645717144012;0.4495885670185089;0.3903113901615143;-0.05966594070196152;0.5356215238571167;0.5100905299186707;-0.03542414307594299;0.43867385387420654;0.5005552172660828;-0.020047228783369064;0.5031886696815491;0.607144296169281;-0.012348053976893425;0.45899567008018494;0.6024636030197144;0.01228780671954155;0.5046330094337463;0.766944944858551;-0.033408842980861664;0.4552844166755676;0.7594949007034302;0.012218940071761608;0.4876731038093567;0.2953548073768616;-0.19660608917474748;0.5409477651119232;0.6320832073688507;-0.1374458596110344;0.4322740063071251;0.6201256364583969;-0.11783767119050026;0.5029770036538442;0.9200606147448221;0.08982294984161854;0.45985692739486694;0.9054271380106608;0.14153143763542175;;girando;frontal
3.87;0.4822979271411896;0.3182353377342224;-0.19672977924346924;0.5260589122772217;0.3959297239780426;-0.07783413678407669;0.4491403102874756;0.3903115391731262;-0.06532043218612671;0.5353319048881531;0.5101231932640076;-0.0346183106303215;0.43668341636657715;0.5005797743797302;-0.027243204414844513;0.5032930970191956;0.6071211695671082;-0.01108044944703579;0.4589982330799103;0.6024079918861389;0.011027318425476551;0.5045908093452454;0.76689213514328;-0.02904248610138893;0.45562347769737244;0.759495198726654;0.012903598137199879;0.4881728559732437;0.29544941782951356;-0.1987594947218895;0.540612667798996;0.6324122399091721;-0.1334032639861107;0.4326615333557129;0.6212306916713715;-0.12290185503661633;0.5028887689113617;0.9200649658838908;0.09046990734835465;0.4579976101716359;0.9089159369468689;0.13225557406743368;;vertical;frontal
3.9;0.4824983775615692;0.31874382495880127;-0.19690731167793274;0.5257634520530701;0.39609330892562866;-0.07820538431406021;0.44817838072776794;0.3905395567417145;-0.06700309365987778;0.5351407527923584;0.510053813457489;-0.03536039590835571;0.43586447834968567;0.5012370944023132;-0.029052844271063805;0.5035194754600525;0.6071162819862366;-0.010575843043625355;0.45900046825408936;0.6024200916290283;0.010529913008213043;0.5045598149299622;0.7668823003768921;-0.028746558353304863;0.45585596561431885;0.7598304748535156;0.010765586979687214;0.4882901877164841;0.29568292796611784;-0.19889548569917678;0.5398829430341721;0.6324299573898315;-0.13463668525218964;0.43287892639636993;0.6234835982322693;-0.12268061935901642;0.5030305087566376;0.9198023875554403;0.09036680559317271;0.4563967188199361;0.9113568862279257;0.1296435222029686;;vertical;frontal
3.93;0.482441246509552;0.31973111629486084;-0.19413134455680847;0.5252846479415894;0.39642134308815;-0.0747012048959732;0.44686177372932434;0.39085277915000916;-0.06371856480836868;0.534614622592926;0.5097135901451111;-0.03393234312534332;0.43386292457580566;0.5017280578613281;-0.02667667344212532;0.5036576390266418;0.6069921851158142;-0.010356145910918713;0.4589087665081024;0.6024303436279297;0.01032394077628851;0.5044863820075989;0.7661920785903931;-0.028827350586652756;0.45598775148391724;0.7600564360618591;0.006238972302526236;0.48806519210338595;0.2960770785808563;-0.196232371032238;0.5392304211854935;0.6317352056503296;-0.1368490420281887;0.4329744502902031;0.6250481754541397;-0.12030196189880371;0.5031928618748983;0.9192707339922587;0.09478164402147134;0.45592034856478375;0.9147260785102844;0.12144944444298744;;vertical;frontal
3.97;0.4820334315299988;0.3200238049030304;-0.22193662822246552;0.5249453783035278;0.39686375856399536;-0.07639935612678528;0.4449285566806793;0.3912683129310608;-0.08850400149822235;0.5341538190841675;0.5109788775444031;-0.03522947058081627;0.431977242231369;0.503122866153717;-0.048339828848838806;0.5037983655929565;0.6069880127906799;-0.007915878668427467;0.4586828947067261;0.6030299067497253;0.007879804819822311;0.5046044588088989;0.7661044001579285;-0.026039812713861465;0.45603668689727783;0.7610525488853455;0.01017569936811924;0.48767365217208863;0.2961632013320923;-0.22319115251302718;0.5386247783899307;0.6326564997434616;-0.1341305524110794;0.4324282854795456;0.6261024922132492;-0.14130583964288235;0.5031873285770416;0.919090747833252;0.10425590847929318;0.4557709793249766;0.9161206682523092;0.13797593613465628;;vertical;frontal
4.0;0.4816327393054962;0.3200177848339081;-0.24170726537704468;0.5240616798400879;0.3972707688808441;-0.09709392488002777;0.4423674941062927;0.3915480673313141;-0.10870466381311417;0.533604621887207;0.5120506882667542;-0.040969762951135635;0.4302699863910675;0.5042985677719116;-0.06762627512216568;0.5036430954933167;0.6067718267440796;-0.005422594957053661;0.45801055431365967;0.6030404567718506;0.005372805055230856;0.5045849680900574;0.7651672959327698;-0.016390301287174225;0.4559858739376068;0.7610018253326416;0.004954427946358919;0.48729159235954284;0.2961258560419083;-0.24236170649528505;0.5383914262056351;0.6332053989171982;-0.13568026572465897;0.43138130754232407;0.6272892653942108;-0.1550925262272358;0.5032429794470469;0.9185920556386312;0.11106110612551372;0.45576990644137066;0.9162385662396749;0.12507854402065277;;vertical;frontal
4.03;0.4813019037246704;0.3200299143791199;-0.22520002722740173;0.5216904282569885;0.3973052203655243;-0.09636623412370682;0.4400413930416107;0.39195096492767334;-0.09767098724842072;0.5314469337463379;0.5120751857757568;-0.040601782500743866;0.4284352660179138;0.5064027309417725;-0.059526629745960236;0.5035594701766968;0.6067684888839722;-0.005298085510730743;0.4573821425437927;0.6036723852157593;0.005270292051136494;0.5047805905342102;0.7642475962638855;-0.01464654691517353;0.4556032717227936;0.7609663605690002;0.004499081056565046;0.48667578101158143;0.2961163580417633;-0.22627129405736923;0.5354877263307571;0.6328828483819962;-0.1325865164399147;0.42924366891384125;0.6304726153612137;-0.14653655514121056;0.5035395125548044;0.9184014797210693;0.09858122716347377;0.45576385656992596;0.9171517690022787;0.10900841653347015;;vertical;frontal
4.07;0.47987499833106995;0.3200259506702423;-0.21726614236831665;0.5191664695739746;0.3973260819911957;-0.08462293446063995;0.4375315308570862;0.3920851945877075;-0.09199550747871399;0.528389036655426;0.5109350681304932;-0.030648987740278244;0.42721155285835266;0.5071247220039368;-0.05683712661266327;0.5029706954956055;0.6062777638435364;-0.003501442028209567;0.4559400677680969;0.6038338541984558;0.0034703670535236597;0.5048340559005737;0.7638594508171082;-0.017114590853452682;0.4544561505317688;0.7618409991264343;-0.0015577493468299508;0.4849927395582199;0.2960855096578598;-0.21945277005434036;0.5331332683563232;0.6317479759454727;-0.12492748722434044;0.4276958554983139;0.6340831965208054;-0.1449202336370945;0.5032772223154703;0.9191365043322245;0.0944768562912941;0.45600276192029315;0.9176759918530782;0.10554731016357739;;vertical;frontal
4.1;0.4783753454685211;0.3200117349624634;-0.21633869409561157;0.5168781876564026;0.3973277509212494;-0.08541754633188248;0.43577927350997925;0.3920825719833374;-0.09299840778112411;0.5263091325759888;0.5108699202537537;-0.033955249935388565;0.4256056249141693;0.5077720284461975;-0.057342320680618286;0.5016587972640991;0.606105625629425;-0.003627137513831258;0.45461034774780273;0.604483962059021;0.0035956273786723614;0.5048620700836182;0.7628485560417175;-0.018930358812212944;0.45377904176712036;0.7622156739234924;0.0005969462799839675;0.4829602360725403;0.29603886008262636;-0.217836332321167;0.5310088843107224;0.6318206787109375;-0.12628335319459438;0.4270875081419945;0.6357528567314148;-0.14375761523842812;0.5035449862480164;0.9177356759707133;0.0928468219935894;0.4561656912167867;0.9182513753573099;0.11003133778770764;;vertical;frontal
4.13;0.47632819414138794;0.3200983703136444;-0.2148793637752533;0.514167845249176;0.3972081243991852;-0.08445868641138077;0.4337090849876404;0.39212745428085327;-0.09011432528495789;0.5245395302772522;0.5093111395835876;-0.03265974298119545;0.42434385418891907;0.5083886981010437;-0.05308660492300987;0.5006159543991089;0.6056747436523438;-0.00455050403252244;0.45335620641708374;0.6051205396652222;0.004513632506132126;0.504841685295105;0.762363851070404;-0.020127521827816963;0.45270249247550964;0.7629953622817993;-0.0011842182138934731;0.4806554079055786;0.29604412615299225;-0.21653969585895538;0.5294583737850189;0.6317915767431259;-0.1235683374106884;0.42614711076021194;0.6378475874662399;-0.13960533030331135;0.5034899910291036;0.9177329142888387;0.07742639724165201;0.4561336437861125;0.9203696250915527;0.09520824253559113;;vertical;frontal
4.17;0.4744749367237091;0.3200499713420868;-0.22826316952705383;0.5118324756622314;0.39699047803878784;-0.0906168594956398;0.4321272075176239;0.3921065926551819;-0.0982832983136177;0.5230769515037537;0.5092635154724121;-0.033999428153038025;0.4224187135696411;0.5089051127433777;-0.05968896299600601;0.49921467900276184;0.6056596040725708;-0.005030905362218618;0.45210403203964233;0.6060150265693665;0.004987708758562803;0.5047733783721924;0.7623672485351562;-0.020364655181765556;0.45129168033599854;0.7634265422821045;0.003573453053832054;0.4786159783601761;0.2959766358137131;-0.22908563166856766;0.5280459523200989;0.6320430487394333;-0.12447927705943584;0.42544082552194595;0.6384686976671219;-0.14780455455183983;0.5033202767372131;0.917836586634318;0.08222164493054152;0.4561749001344045;0.9201296170552572;0.1010804424683253;;vertical;frontal
4.2;0.47210028767585754;0.32000595331192017;-0.23877301812171936;0.5097049474716187;0.3965989649295807;-0.09851707518100739;0.43073347210884094;0.39210546016693115;-0.10188835859298706;0.5214608907699585;0.5092772245407104;-0.041090935468673706;0.4212881922721863;0.5088696479797363;-0.0618671290576458;0.4980577528476715;0.6056586503982544;-0.005114744417369366;0.4508548378944397;0.6065801978111267;0.005067134741693735;0.5044448971748352;0.7621831297874451;-0.021106040105223656;0.45058491826057434;0.763454020023346;0.00408103596419096;0.4764491081237793;0.2959077596664429;-0.2401002064347267;0.5264152437448502;0.6330347061157227;-0.1328624151647091;0.4248763993382454;0.6383277028799057;-0.15289256721735;0.5034077564875284;0.9170148770014445;0.10081224019328754;0.4557867149511973;0.9201512138048807;0.10982165858149529;;vertical;frontal
4.23;0.46990400552749634;0.3200071156024933;-0.23034508526325226;0.5079557299613953;0.3962993919849396;-0.09580442309379578;0.42986178398132324;0.39190471172332764;-0.0975412055850029;0.52015221118927;0.5092428922653198;-0.03987472131848335;0.4197293817996979;0.5075201392173767;-0.05706339329481125;0.4968743324279785;0.6054272055625916;-0.005460203159600496;0.4499817192554474;0.6065734028816223;0.0054143620654940605;0.5038148164749146;0.7616517543792725;-0.022836942225694656;0.4502911865711212;0.7634426951408386;0.0033859091345220804;0.47453555166721345;0.29586350321769717;-0.23204649835824967;0.5251254290342331;0.6330783665180206;-0.13302205689251423;0.42386171966791153;0.6378142535686493;-0.14861489087343216;0.5031881332397461;0.916853129863739;0.09621968244512875;0.4555031359195709;0.9198848009109497;0.1150236465036869;;vertical;frontal
4.27;0.46844813227653503;0.32000887393951416;-0.22697927057743073;0.5065561532974243;0.39570727944374084;-0.0922304019331932;0.4285758137702942;0.3919048011302948;-0.09434642642736435;0.5187151432037354;0.5084819793701172;-0.03870866075158119;0.418885201215744;0.5075365900993347;-0.05662193521857262;0.49600860476493835;0.6053637862205505;-0.00480160117149353;0.44923135638237;0.6065667271614075;0.004763738252222538;0.5030505657196045;0.7616625428199768;-0.02286931499838829;0.4502468705177307;0.7634242177009583;0.001588998013176024;0.47294620871543885;0.29580373466014864;-0.22876317650079728;0.5244031101465225;0.6324789822101593;-0.1328851580619812;0.423747181892395;0.63739013671875;-0.1492256037890911;0.5025458733240763;0.9190068244934082;0.09565685503184795;0.4554138282934825;0.9196985165278116;0.11517492557565372;;vertical;frontal
4.3;0.46750253438949585;0.31994757056236267;-0.22527800500392914;0.5054472088813782;0.39491507411003113;-0.09012848138809204;0.4275752604007721;0.3919566869735718;-0.09513305872678757;0.5176605582237244;0.5074671506881714;-0.03683256730437279;0.4181995093822479;0.5079551339149475;-0.06001662462949753;0.49546223878860474;0.6050710678100586;-0.0031346462201327085;0.44875818490982056;0.6065025925636292;0.0030975586269050837;0.5018669366836548;0.7617409229278564;-0.022995904088020325;0.4503767490386963;0.7633990049362183;-0.002939528552815318;0.47170003354549406;0.2956606328487396;-0.22709670662879944;0.5236837863922119;0.6316135376691818;-0.13059944473206997;0.4237312600016594;0.6375639587640762;-0.14964588731527328;0.5014995038509369;0.9203314781188965;0.09380450596412022;0.4552292625109355;0.919610838095347;0.11017565801739693;;vertical;frontal
4.33;0.46601301431655884;0.31868642568588257;-0.21551184356212616;0.5049428939819336;0.3944545388221741;-0.07908309251070023;0.4270610809326172;0.3919011354446411;-0.09119262546300888;0.5169990658760071;0.5071857571601868;-0.028046466410160065;0.4171116352081299;0.5077700018882751;-0.0581076517701149;0.49502354860305786;0.6045402884483337;-0.001657796441577375;0.4484618604183197;0.6059455871582031;0.0016153876204043627;0.5005159974098206;0.7615876793861389;-0.02210146002471447;0.4504956305027008;0.7629384994506836;-0.0061097778379917145;0.47059181332588196;0.2950569212436676;-0.2155833661556244;0.5233339667320251;0.631348505616188;-0.12447688356041908;0.42331378161907196;0.6372863203287125;-0.14830542355775833;0.49999969204266864;0.9218028783798218;0.09330094046890736;0.4551853537559509;0.9193764527638754;0.10273020341992378;;vertical;frontal
4.37;0.46478861570358276;0.3182448446750641;-0.21062801778316498;0.5044023394584656;0.3938680589199066;-0.075193852186203;0.42655500769615173;0.3917713761329651;-0.08732996881008148;0.5164406895637512;0.5068684816360474;-0.023958483710885048;0.4165968596935272;0.5075930953025818;-0.05697839707136154;0.49475201964378357;0.6042263507843018;-0.0008956484962254763;0.44830945134162903;0.6055245995521545;0.0008459416567347944;0.4993407428264618;0.7615459561347961;-0.022260166704654694;0.45058053731918335;0.7626821994781494;-0.006119053810834885;0.46958895623683927;0.2948444575071335;-0.21073696464300157;0.5229058265686035;0.6310314685106277;-0.12120271660387516;0.42303477972745895;0.6361927539110184;-0.14763706922531128;0.499401996533076;0.9225947459538778;0.09306856617331505;0.4551246166229248;0.9189546704292297;0.10611319169402122;;vertical;frontal
4.4;0.46456390619277954;0.31817427277565;-0.20921146869659424;0.5041269659996033;0.39336779713630676;-0.07521659135818481;0.42639556527137756;0.39165931940078735;-0.0870911255478859;0.5160702466964722;0.5064554810523987;-0.023711511865258217;0.41617703437805176;0.5077017545700073;-0.056251220405101776;0.49457624554634094;0.6037157773971558;-0.00038670748472213745;0.4482240080833435;0.6050958633422852;0.00033010641345754266;0.4985680878162384;0.7614427804946899;-0.02129124477505684;0.4506433606147766;0.7626057863235474;-0.006400498561561108;0.46913471817970276;0.2947087287902832;-0.20943498015403747;0.5227222591638565;0.6303920447826385;-0.11951768212020397;0.4227612465620041;0.6360524445772171;-0.1469067558646202;0.49933017293612164;0.9226804971694946;0.09601611457765102;0.45514219005902606;0.9182992577552795;0.1065004790822665;;vertical;frontal
4.43;0.46428045630455017;0.318185955286026;-0.20617656409740448;0.5043167471885681;0.3933282494544983;-0.07439364492893219;0.42616695165634155;0.3917035460472107;-0.08539486676454544;0.5160792469978333;0.5062066912651062;-0.023525133728981018;0.4160764217376709;0.509708046913147;-0.05577770248055458;0.4945484697818756;0.6036083102226257;-0.0004992860485799611;0.4482434391975403;0.6050935983657837;0.0004413801652844995;0.49836108088493347;0.7613745927810669;-0.018685493618249893;0.4506746232509613;0.7625618577003479;-0.005514505319297314;0.4688712924718857;0.29465676546096803;-0.20612368881702423;0.5224577486515045;0.6298241019248962;-0.11921972408890724;0.4227447137236595;0.6361727267503738;-0.14624837413430214;0.4995047946770986;0.9225766857465109;0.09702907999356587;0.4551086326440175;0.9177243908246359;0.10564443841576576;;vertical;frontal
4.47;0.46414250135421753;0.3185707628726959;-0.19774211943149567;0.5044955611228943;0.39330628514289856;-0.0684480369091034;0.42621803283691406;0.3917776942253113;-0.07827702164649963;0.5159269571304321;0.5057129263877869;-0.019969144836068153;0.4163585901260376;0.5099999308586121;-0.05077115818858147;0.49454405903816223;0.60358065366745;-0.0007618581876158714;0.4482262432575226;0.6051780581474304;0.0007062767399474978;0.49841660261154175;0.7613372206687927;-0.018316376954317093;0.4507041573524475;0.7625427842140198;-0.004791879560798407;0.4686024308204651;0.2947089523077011;-0.19762956574559212;0.5223100036382675;0.6293016523122787;-0.11686794273555279;0.4225818142294884;0.6361451297998428;-0.14201349951326847;0.4997325936953227;0.9224778215090433;0.09636286521951358;0.45512092113494873;0.9171311855316162;0.10691624383131663;;vertical;frontal
4.5;0.4641004204750061;0.3199184834957123;-0.19281567633152008;0.5046979784965515;0.3933461606502533;-0.06528782099485397;0.4263698160648346;0.39183810353279114;-0.07404924929141998;0.5158514976501465;0.5056506991386414;-0.018680553883314133;0.4165729582309723;0.5101677775382996;-0.04856541007757187;0.49451762437820435;0.603496253490448;-0.0009062518365681171;0.4482147991657257;0.6052941679954529;0.0008493753266520798;0.49835407733917236;0.760902464389801;-0.01784202829003334;0.45071926712989807;0.7623776197433472;-0.004335422068834305;0.46839641630649564;0.29510133564472196;-0.19299886748194695;0.5222194641828537;0.6292533427476883;-0.11498561128973961;0.4225717931985855;0.6361638903617859;-0.14047151431441307;0.4998621642589569;0.9223479231198629;0.09398000687360764;0.45513881246248883;0.916828989982605;0.10421139498551686;;vertical;frontal
4.53;0.46434006094932556;0.3206658661365509;-0.19316421449184418;0.5048739314079285;0.3934440016746521;-0.06640837341547012;0.4265003800392151;0.3919578790664673;-0.07521713525056839;0.5160365700721741;0.5058545470237732;-0.020102962851524353;0.41667354106903076;0.5102146863937378;-0.0506969653069973;0.49455007910728455;0.6034129858016968;-0.0011705548968166113;0.44827359914779663;0.6054432392120361;0.0011129839112982154;0.4982573688030243;0.7604284286499023;-0.016477596014738083;0.4507456123828888;0.7615548968315125;-0.0010295434622094035;0.4685573518276215;0.2953623741865158;-0.19393363669514657;0.522323876619339;0.62922203540802;-0.11665363237261772;0.4226148799061775;0.6361716538667679;-0.14178702607750893;0.49992621938387555;0.9222028255462646;0.09360278273622195;0.45511189103126526;0.9163031776746114;0.10501219083865483;;vertical;frontal
4.57;0.4643018841743469;0.3207164704799652;-0.19750761985778809;0.5049806237220764;0.3938036262989044;-0.06714808940887451;0.4266429841518402;0.39210811257362366;-0.07678212225437164;0.5161582827568054;0.5073215365409851;-0.020235562697052956;0.41678693890571594;0.510346531867981;-0.05019395798444748;0.49457788467407227;0.6034592390060425;-0.001495641190558672;0.4483089745044708;0.6057732105255127;0.001432184362784028;0.49817878007888794;0.7601194977760315;-0.014710611663758755;0.4507623016834259;0.7612184882164001;-0.0001872705906862393;0.4686113357543945;0.2954545676708221;-0.19818054735660554;0.5224907249212265;0.6293745040893555;-0.11754686757922173;0.4227137491106987;0.6360998302698135;-0.14124278724193573;0.4999579091866811;0.9217331608136495;0.09760076490541299;0.45507996280988056;0.9158084988594055;0.10581956803798676;;vertical;frontal
4.6;0.46433940529823303;0.3208531439304352;-0.19578410685062408;0.5050402879714966;0.39412540197372437;-0.06708821654319763;0.42668575048446655;0.39219915866851807;-0.07591845840215683;0.5162440538406372;0.5075037479400635;-0.01903693377971649;0.41682949662208557;0.5103342533111572;-0.05000977963209152;0.4946057200431824;0.60345858335495;-0.001595719950273633;0.4484541118144989;0.6059242486953735;0.0015336443902924657;0.49820369482040405;0.7595096826553345;-0.01487869955599308;0.4509832561016083;0.761042058467865;-0.00020756968297064304;0.46869578063488004;0.29563807547092436;-0.1959522970020771;0.5230292826890945;0.6291198432445526;-0.11422917619347572;0.4233640283346176;0.6357410699129105;-0.1411402653902769;0.49995750188827515;0.9213358561197916;0.09698674455285072;0.45504926641782123;0.9151328603426615;0.1061164823671182;;vertical;frontal
4.63;0.46442827582359314;0.32114022970199585;-0.19646576046943665;0.5050688982009888;0.39418700337409973;-0.06728541105985641;0.42688876390457153;0.3921998143196106;-0.07523203641176224;0.5164493322372437;0.507304310798645;-0.018802814185619354;0.4169902205467224;0.5103051066398621;-0.04936455935239792;0.49473896622657776;0.6034377217292786;-0.0016613901825621724;0.448742151260376;0.6060526967048645;0.0015987365040928125;0.4982341527938843;0.7592803239822388;-0.015085910446941853;0.45113906264305115;0.7610317468643188;0.000345092877978459;0.46879224181175233;0.29591753482818606;-0.19681456685066223;0.5234814584255219;0.6281183660030365;-0.11458757147192955;0.4236791878938675;0.6354986131191254;-0.14115865342319012;0.4999687572320302;0.9211282531420389;0.09610309389730294;0.4550546705722809;0.9144736329714457;0.10834873467683792;;vertical;frontal
4.67;0.46448931097984314;0.3212309777736664;-0.19991958141326904;0.5051015615463257;0.3942132592201233;-0.07028760015964508;0.4272993505001068;0.3921372592449188;-0.07560611516237259;0.5169611573219299;0.507248044013977;-0.021323099732398987;0.41745173931121826;0.5102938413619995;-0.0498647466301918;0.49494409561157227;0.6034125089645386;-0.001789380214177072;0.449021577835083;0.6060447692871094;0.0017295372672379017;0.4982517659664154;0.7590222954750061;-0.015507024712860584;0.4512844383716583;0.7610059380531311;0.0023145887535065413;0.4688713371753693;0.29603245556354524;-0.2006826102733612;0.5241270363330841;0.6281585395336151;-0.11659935116767883;0.4238840192556381;0.6353739500045776;-0.14295242726802826;0.49993057052294415;0.9207879304885864;0.09554729734857877;0.45505284269650775;0.9139886101086935;0.11342215538024902;;vertical;frontal
4.7;0.4645105302333832;0.3212290108203888;-0.19491834938526154;0.5052410364151001;0.3942084014415741;-0.06548935174942017;0.42803555727005005;0.39186611771583557;-0.07207553833723068;0.5173120498657227;0.5066618323326111;-0.017619149759411812;0.41825318336486816;0.5099732875823975;-0.04696675017476082;0.4949743449687958;0.6032848358154297;-0.0018404616275802255;0.44934070110321045;0.6057403683662415;0.0017833684105426073;0.4982606768608093;0.7589338421821594;-0.017308393493294716;0.4515361785888672;0.7608393430709839;0.0013274028897285461;0.46897884607315066;0.2960400879383087;-0.19550302773714065;0.5248159915208817;0.6276260763406754;-0.1147018913179636;0.4246983528137207;0.6338366717100143;-0.14222057349979877;0.4999115963776906;0.9207233786582947;0.09339236157635848;0.45504727959632874;0.9137534101804098;0.11112541208664577;;vertical;frontal
4.73;0.46454310417175293;0.32109224796295166;-0.19142651557922363;0.5055168867111206;0.3942019045352936;-0.06321509927511215;0.4287668764591217;0.3915829062461853;-0.06944017857313156;0.5176315903663635;0.5064321160316467;-0.016532570123672485;0.4191974997520447;0.5098401308059692;-0.04428249970078468;0.49498361349105835;0.6032728552818298;-0.0018791239708662033;0.4495634138584137;0.6054993271827698;0.0018234573071822524;0.4982665479183197;0.7589876651763916;-0.018101418390870094;0.4516991674900055;0.7608274817466736;0.0001292569504585117;0.4691596031188965;0.2960014551877975;-0.19179214537143707;0.5252679735422134;0.6274380087852478;-0.11344891972839832;0.42566385865211487;0.6327362954616547;-0.14004997350275517;0.49984313050905865;0.9207086364428202;0.0926941769818465;0.45498646299044293;0.9134122133255005;0.10893870641787846;;vertical;frontal
