segundo;landmark_10_x;landmark_10_y;landmark_10_z;landmark_11_x;landmark_11_y;landmark_11_z;landmark_12_x;landmark_12_y;landmark_12_z;landmark_13_x;landmark_13_y;landmark_13_z;landmark_14_x;landmark_14_y;landmark_14_z;landmark_23_x;landmark_23_y;landmark_23_z;landmark_24_x;landmark_24_y;landmark_24_z;landmark_25_x;landmark_25_y;landmark_25_z;landmark_26_x;landmark_26_y;landmark_26_z;cara_prom_x;cara_prom_y;cara_prom_z;mano_izquierda_prom_x;mano_izquierda_prom_y;mano_izquierda_prom_z;mano_derecha_prom_x;mano_derecha_prom_y;mano_derecha_prom_z;pie_izquierdo_prom_x;pie_izquierdo_prom_y;pie_izquierdo_prom_z;pie_derecho_prom_x;pie_derecho_prom_y;pie_derecho_prom_z;;Etiqueta;Vista
0.03;0.47888490557670593;0.23769140243530273;-0.1919076293706894;0.5222622156143188;0.323269248008728;-0.05603642016649246;0.4386579990386963;0.31319814920425415;-0.06903190910816193;0.5302476286888123;0.4366901218891144;-0.010713038966059685;0.4280334711074829;0.43431025743484497;-0.044105593115091324;0.5012004375457764;0.5413265824317932;-0.0005158871063031256;0.4537217617034912;0.5391717553138733;0.00046992633724585176;0.4986959993839264;0.7017853260040283;0.009715110994875431;0.4571417272090912;0.7001091837882996;0.00999799557030201;0.4846436470746994;0.21269699484109877;-0.19101727679371833;0.5324891209602356;0.5701224058866501;-0.10772048681974411;0.4285471588373184;0.5610900074243546;-0.14012302830815315;0.49538267652193707;0.8651746312777201;0.10754458357890447;0.4532080988089244;0.8593517541885376;0.11794700225194295;;vertical;
0.07;0.4789005517959595;0.23769664764404297;-0.21128709614276886;0.5223099589347839;0.32348355650901794;-0.07608955353498459;0.43866291642189026;0.31432682275772095;-0.07704886794090271;0.5302771329879761;0.4372621774673462;-0.026246577501296997;0.4277147352695465;0.4353872239589691;-0.045428209006786346;0.5012072324752808;0.5416547060012817;-0.0020720285829156637;0.45374464988708496;0.5393469929695129;0.0020100893452763557;0.4987863600254059;0.7022430300712585;-0.0009988786187022924;0.45715823769569397;0.7001111507415771;0.010095697827637196;0.4846735388040543;0.21279476433992386;-0.2112681731581688;0.5323542952537537;0.5710392147302628;-0.12273954786360264;0.42846347391605377;0.5612500756978989;-0.14217126742005348;0.49540969729423523;0.8648910919825236;0.12346169352531433;0.45341411232948303;0.8596934080123901;0.1343295450011889;;vertical;
0.1;0.4788762927055359;0.2376617044210434;-0.2204006314277649;0.5223432779312134;0.3236146867275238;-0.08430586010217667;0.4386676251888275;0.3149157166481018;-0.08366701006889343;0.530295193195343;0.43767818808555603;-0.032665401697158813;0.427534282207489;0.4361068308353424;-0.0489567331969738;0.5012532472610474;0.5417155623435974;-0.0031307584140449762;0.4537694454193115;0.5393717885017395;0.003062138333916664;0.4988817870616913;0.7022837996482849;-0.0026603518053889275;0.45717984437942505;0.7000344395637512;0.010864902287721634;0.4846700936555862;0.21285173892974854;-0.22063546478748322;0.532142236828804;0.5717212557792664;-0.12683647125959396;0.4284530282020569;0.5613724142313004;-0.14533906430006027;0.4954433739185333;0.8646938800811768;0.12537989765405655;0.4534989893436432;0.8599421977996826;0.1379981612165769;;vertical;
0.13;0.4788477420806885;0.23763814568519592;-0.22190234065055847;0.522343635559082;0.32360589504241943;-0.08345911651849747;0.43866848945617676;0.31507608294487;-0.08644872903823853;0.5302817821502686;0.43763431906700134;-0.03133321553468704;0.42742475867271423;0.43629729747772217;-0.05195208638906479;0.5012466907501221;0.5414451956748962;-0.0030521422158926725;0.4537583589553833;0.5391800403594971;0.002984544960781932;0.4989102780818939;0.7022861838340759;-0.001236196025274694;0.4572555720806122;0.6994252800941467;0.010761119425296783;0.48466403484344484;0.21287522614002227;-0.2220723032951355;0.5317755937576294;0.5716969966888428;-0.12548745423555374;0.42844564467668533;0.5614222288131714;-0.14765239506959915;0.495435098807017;0.8648325602213541;0.12195529416203499;0.4536038239796956;0.8601851065953573;0.13385773450136185;;vertical;
0.17;0.47881120443344116;0.23755668103694916;-0.21748635172843933;0.5223434567451477;0.32357627153396606;-0.07816196978092194;0.4386664927005768;0.315093070268631;-0.08624003082513809;0.5301976203918457;0.4376157224178314;-0.02818288840353489;0.42735573649406433;0.4363029897212982;-0.05143441632390022;0.5012460947036743;0.5414083003997803;-0.0031522929202765226;0.4537983238697052;0.5391771197319031;0.003085062140598893;0.4989398419857025;0.7023728489875793;-0.00015993371198419482;0.4572564959526062;0.6990403532981873;0.011337053962051868;0.48464899361133573;0.21282093077898026;-0.21737167686223985;0.5310714691877365;0.5716497600078583;-0.12316720187664032;0.4287152513861656;0.5616439878940582;-0.14717230014503002;0.49542030692100525;0.8648106654485067;0.12118333578109741;0.4535779356956482;0.86019895474116;0.13194733361403146;;vertical;
0.2;0.4787804186344147;0.2373930811882019;-0.21626965701580048;0.5223283767700195;0.32345688343048096;-0.07599480450153351;0.4386655390262604;0.3150874376296997;-0.08228623121976852;0.5299607515335083;0.43743401765823364;-0.026574766263365746;0.42735353112220764;0.4362623393535614;-0.04856070876121521;0.501253604888916;0.5410515666007996;-0.003280384000390768;0.45396357774734497;0.5390056371688843;0.0032157672103494406;0.4989601969718933;0.7023626565933228;-0.00010766384366434067;0.4572109580039978;0.6987117528915405;0.012065252289175987;0.4846287190914154;0.2127241998910904;-0.2161104053258896;0.5307004451751709;0.5711630582809448;-0.12251373566687107;0.4290508031845093;0.5616493672132492;-0.14578287675976753;0.4954024056593577;0.86453777551651;0.12099187200268109;0.4535488287607829;0.8601666291554769;0.13086087008317313;;vertical;
0.23;0.47869589924812317;0.23703907430171967;-0.21514122188091278;0.5222956538200378;0.3232407569885254;-0.0745299905538559;0.4386652708053589;0.3150731921195984;-0.07805315405130386;0.5297790169715881;0.43746089935302734;-0.026849301531910896;0.42734387516975403;0.4358118772506714;-0.046049270778894424;0.5012876391410828;0.5408223867416382;-0.003684228053316474;0.4541064202785492;0.5389608144760132;0.003622745629400015;0.49896860122680664;0.7023435831069946;0.0002904247376136482;0.4571743309497833;0.6985620856285095;0.013301311060786247;0.4845776349306107;0.21250491291284562;-0.2147117406129837;0.5303162038326263;0.5709017068147659;-0.1238369382917881;0.42932672053575516;0.5616456568241119;-0.14503849111497402;0.49538654088974;0.864075779914856;0.1199899526933829;0.4535163740317027;0.8600420554478964;0.13134788597623506;;vertical;
0.27;0.4785235524177551;0.2364826798439026;-0.20765350759029388;0.5221172571182251;0.3225209414958954;-0.07104382663965225;0.4386898875236511;0.3149805963039398;-0.07286984473466873;0.5293427109718323;0.43725675344467163;-0.02414785698056221;0.42731672525405884;0.43490418791770935;-0.04269740730524063;0.5013432502746582;0.5402162075042725;-0.003913826309144497;0.45418912172317505;0.5386244654655457;0.0038532086182385683;0.4989691972732544;0.7023091912269592;0.0005363621166907251;0.4571436643600464;0.6985295414924622;0.013801747933030128;0.48447759747505187;0.21208052039146424;-0.20683818459510803;0.5303307622671127;0.5701447874307632;-0.12116659618914127;0.42935139685869217;0.5611933320760727;-0.1416187882423401;0.49536799391110736;0.8634924093882242;0.11948821817835172;0.45351168513298035;0.8595646023750305;0.13418482740720114;;vertical;
0.3;0.4784838557243347;0.23544920980930328;-0.20442131161689758;0.5217006802558899;0.3213874101638794;-0.06878334283828735;0.43881314992904663;0.31487396359443665;-0.0714094266295433;0.5289233922958374;0.4359951615333557;-0.02142535336315632;0.42710044980049133;0.4344654679298401;-0.04148994758725166;0.5013445019721985;0.5397742986679077;-0.003886861028149724;0.4542199969291687;0.5379886031150818;0.0038267727941274643;0.49897679686546326;0.7017310857772827;0.00037214942858554423;0.45717617869377136;0.6979917287826538;0.013662734068930149;0.48443845510482786;0.2113751158118248;-0.20348582565784454;0.531358003616333;0.5676524937152863;-0.12029059790074825;0.42700081318616867;0.5595151782035828;-0.14120008051395416;0.49537105361620587;0.8630642096201578;0.11922294273972511;0.4536171058813731;0.8591905832290649;0.1332516446709633;;vertical;
0.33;0.47843363881111145;0.2344425767660141;-0.19704990088939667;0.5214460492134094;0.32048988342285156;-0.06323433667421341;0.43902096152305603;0.3147433400154114;-0.06638438999652863;0.5292183756828308;0.43525388836860657;-0.01606547273695469;0.42610180377960205;0.4312582015991211;-0.03795493394136429;0.5016140937805176;0.5397051572799683;-0.003885192796587944;0.4544650614261627;0.5376243591308594;0.0038265406619757414;0.4990055561065674;0.7008818984031677;0.0005204590852372348;0.4573049247264862;0.697334349155426;0.013585822656750679;0.48433035910129546;0.21076517701148986;-0.19595696404576302;0.535760909318924;0.5659332573413849;-0.1168975867331028;0.4217895194888115;0.5554152578115463;-0.13934708945453167;0.49538537859916687;0.8625621596972147;0.1196023200949033;0.45369525750478107;0.8587642312049866;0.1335200990239779;;vertical;
0.37;0.47828054428100586;0.23364302515983582;-0.2214324027299881;0.5211511254310608;0.31949713826179504;-0.07984127849340439;0.4390797019004822;0.31466957926750183;-0.07958958297967911;0.531840443611145;0.43319830298423767;-0.026636555790901184;0.42391154170036316;0.4292392432689667;-0.04178541526198387;0.5015796422958374;0.539501965045929;-0.003933863714337349;0.45444485545158386;0.536952555179596;0.003874117275699973;0.498844712972641;0.7002977728843689;0.0029181314166635275;0.4575028717517853;0.6969254016876221;0.015159531496465206;0.48404072523117064;0.2101609617471695;-0.22154160737991332;0.5472983419895172;0.5645536482334137;-0.1291560735553503;0.4110396206378937;0.5525507032871246;-0.1482240930199623;0.49535684784253436;0.8619847496350607;0.12325284009178479;0.4536796410878499;0.8582596778869629;0.13946554313103357;;vertical;
0.4;0.478160560131073;0.2335406392812729;-0.23883697390556335;0.5209085941314697;0.31896573305130005;-0.09290307760238647;0.4390849471092224;0.314494252204895;-0.09392660111188889;0.5359705686569214;0.4315621554851532;-0.03630323335528374;0.42031630873680115;0.4273628294467926;-0.052551575005054474;0.5015267133712769;0.5392274856567383;-0.003930014558136463;0.4544205069541931;0.53574138879776;0.003867365187034011;0.4984475374221802;0.7002037167549133;0.013684245757758617;0.4575970768928528;0.6966723203659058;0.021051757037639618;0.48374496698379515;0.21007433980703355;-0.23883650898933412;0.5621989369392395;0.5583161413669586;-0.14043189585208893;0.39993537217378616;0.5486530512571335;-0.16043700650334358;0.49516864617665607;0.8614230354626974;0.12951144824425379;0.453626016775767;0.8573724031448364;0.1459971914688746;;vertical;
0.43;0.4779861867427826;0.23356157541275024;-0.2366027683019638;0.5207298398017883;0.31794121861457825;-0.09495878964662552;0.4389015734195709;0.31448620557785034;-0.09273998439311981;0.5407893061637878;0.4231419861316681;-0.04446690157055855;0.41438624262809753;0.42654672265052795;-0.05550730600953102;0.5014725923538208;0.5386704802513123;-0.00452797394245863;0.45441266894340515;0.5352703928947449;0.004445516038686037;0.4981701374053955;0.7000080347061157;0.01788948103785515;0.45779943466186523;0.6966021656990051;0.026230769231915474;0.48341932594776155;0.21005548685789108;-0.23613476157188415;0.5755911767482758;0.5445553660392761;-0.15068450570106506;0.38561397045850754;0.5469022542238235;-0.16414576023817062;0.4951249659061432;0.8609678745269775;0.1283464046816031;0.45360936721165973;0.8569997747739156;0.14605724066495895;;vertical;
0.47;0.4776725769042969;0.23348215222358704;-0.28592485189437866;0.5208460688591003;0.31701746582984924;-0.1387288123369217;0.4387072026729584;0.3142894506454468;-0.12886972725391388;0.5509593486785889;0.4202575385570526;-0.09125963598489761;0.40662261843681335;0.42019686102867126;-0.09225111454725266;0.5014747381210327;0.5382079482078552;-0.006444450467824936;0.45440390706062317;0.5348695516586304;0.006323676090687513;0.4979976415634155;0.6998209357261658;0.03358937054872513;0.45782122015953064;0.6966033577919006;0.048317987471818924;0.4831047415733337;0.2099212348461151;-0.28729777336120604;0.5943049490451813;0.5268086493015289;-0.19691912457346916;0.3690054640173912;0.5367090851068497;-0.19823629036545753;0.49507354696591693;0.8605798085530599;0.1577796737353007;0.4536043604214986;0.8569572567939758;0.17968701322873434;;vertical;
0.5;0.4775366485118866;0.23344285786151886;-0.2923066020011902;0.5208476781845093;0.3152270019054413;-0.1458779275417328;0.4382339417934418;0.31322067975997925;-0.13119880855083466;0.559025764465332;0.4065052270889282;-0.10794662684202194;0.39828842878341675;0.40762966871261597;-0.0976836308836937;0.501480221748352;0.5362349152565002;-0.008819136768579483;0.4543951749801636;0.5340807437896729;0.008684850297868252;0.49793747067451477;0.6993265748023987;0.04322684556245804;0.457832396030426;0.6965168118476868;0.06119517982006073;0.48288721442222593;0.20975788980722426;-0.2939468875527382;0.6107494235038757;0.5044095888733864;-0.22003203630447388;0.3503897935152054;0.5124353021383286;-0.20879130065441132;0.49504602948824566;0.8599732120831808;0.16578479607899985;0.4535742203394572;0.8567962050437927;0.19066832959651947;;vertical;
0.53;0.4772997498512268;0.23322787880897522;-0.3115350008010864;0.520832359790802;0.31361374258995056;-0.1690588742494583;0.43747925758361816;0.31166449189186096;-0.14308176934719086;0.5662674307823181;0.3975859582424164;-0.1493842899799347;0.39149078726768494;0.39556849002838135;-0.11217371374368668;0.5014827251434326;0.5350847840309143;-0.013053510338068008;0.4543956518173218;0.5335248112678528;0.01294105127453804;0.4979458153247833;0.6988128423690796;0.05689486488699913;0.45782405138015747;0.6962698101997375;0.08466476947069168;0.48259384334087374;0.20948225855827332;-0.3134678080677986;0.6262749880552292;0.47992872446775436;-0.27344562858343124;0.3349668085575104;0.48657146841287613;-0.22819674015045166;0.49504056572914124;0.8595816493034363;0.18351290623346964;0.453550527493159;0.8562310139338175;0.21996433039506277;;vertical;
0.57;0.4770386815071106;0.2332083284854889;-0.29490113258361816;0.5206218361854553;0.3125036656856537;-0.15935495495796204;0.4363008141517639;0.3106461763381958;-0.12799665331840515;0.5723367929458618;0.38163521885871887;-0.14421485364437103;0.3854914605617523;0.3835127651691437;-0.09491068124771118;0.5013120770454407;0.5347150564193726;-0.016231607645750046;0.4543217122554779;0.5334557294845581;0.016147704795002937;0.4979541301727295;0.6973667144775391;0.06289247423410416;0.4577454626560211;0.6958755850791931;0.0958806723356247;0.4822868496179581;0.20938885658979417;-0.29631211906671523;0.6367796659469604;0.4479682892560959;-0.27539587020874023;0.32297997921705246;0.4560302421450615;-0.20943917706608772;0.49498020609219867;0.8589773774147034;0.19382862001657486;0.45360374450683594;0.8552982012430826;0.23907427489757538;;vertical;
0.6;0.4769585430622101;0.2329603135585785;-0.2808082401752472;0.5203430652618408;0.31083571910858154;-0.1587391495704651;0.4355996251106262;0.30981510877609253;-0.12110290676355362;0.5773488283157349;0.3664546012878418;-0.1528124362230301;0.381672203540802;0.3704202473163605;-0.08786960691213608;0.5010802149772644;0.5343743562698364;-0.01896136812865734;0.4543127119541168;0.5333842635154724;0.0188937708735466;0.49793365597724915;0.6952379941940308;0.057634446769952774;0.45768409967422485;0.6944989562034607;0.09349579364061356;0.4820262134075165;0.20911588966846467;-0.28247675597667693;0.6464516073465347;0.4189272001385689;-0.28038156777620316;0.3151400238275528;0.4270641580224037;-0.19914237782359123;0.4951326251029968;0.8585963646570841;0.1777422477801641;0.45371025800704956;0.8548028071721395;0.22861146926879883;;vertical;
0.63;0.476870059967041;0.23293760418891907;-0.2740020453929901;0.5202967524528503;0.3077239394187927;-0.1486826241016388;0.4351993203163147;0.30839207768440247;-0.12066178023815155;0.5776774287223816;0.35447534918785095;-0.14619123935699463;0.3770630657672882;0.36027657985687256;-0.09068715572357178;0.5010035037994385;0.5333178639411926;-0.019391203299164772;0.45432522892951965;0.532410740852356;0.01935349777340889;0.49793729186058044;0.6930386424064636;0.048247016966342926;0.4575174152851105;0.6926890015602112;0.07981220632791519;0.48181244134902956;0.20906954854726792;-0.27511639297008517;0.6496192961931229;0.3888348266482353;-0.26786501333117485;0.3077405244112015;0.4092792049050331;-0.20163503289222717;0.49535538752873737;0.858436644077301;0.13735675066709518;0.45372217893600464;0.8546010851860046;0.21269323925177255;;vertical;
0.67;0.47683581709861755;0.23230619728565216;-0.27315202355384827;0.5202686190605164;0.3055095672607422;-0.14200186729431152;0.43471774458885193;0.3066791892051697;-0.11197946965694427;0.581004798412323;0.3395631015300751;-0.1395919770002365;0.37631499767303467;0.34811273217201233;-0.08703354001045227;0.5009424686431885;0.5325759649276733;-0.019581306725740433;0.45430997014045715;0.5317501425743103;0.019546879455447197;0.49795082211494446;0.691407322883606;0.04614928364753723;0.4573555290699005;0.6914554834365845;0.07900193333625793;0.4816934704780579;0.20864145159721376;-0.2739910870790482;0.6565004736185074;0.36584577709436417;-0.2621132992208004;0.3045521304011345;0.384955033659935;-0.19677122682332993;0.49541086951891583;0.8578904072443644;0.13671312977870306;0.45373477538426715;0.8542386492093405;0.201971506079038;;vertical;
0.7;0.4767475426197052;0.23203180730342865;-0.27053093910217285;0.520255446434021;0.3037101626396179;-0.14095677435398102;0.4342746138572693;0.30485203862190247;-0.10080794245004654;0.5808319449424744;0.3278804123401642;-0.146641805768013;0.37496840953826904;0.3407522141933441;-0.07531659305095673;0.5008898377418518;0.5324951410293579;-0.021124551072716713;0.4542918801307678;0.5316889882087708;0.021079910919070244;0.4979141056537628;0.6910921931266785;0.04343164712190628;0.4572575092315674;0.6911248564720154;0.08279909938573837;0.4814805120229721;0.20806834399700164;-0.27211998850107194;0.6583948284387589;0.343993216753006;-0.26860548183321953;0.3029417395591736;0.3693096488714218;-0.1785588338971138;0.495517094930013;0.857469916343689;0.139657124876976;0.4538087745507558;0.8542595108350118;0.203594500819842;;vertical;
0.73;0.4766954779624939;0.23203547298908234;-0.27006980776786804;0.5203320384025574;0.3026049733161926;-0.1426519751548767;0.4340353310108185;0.3030063211917877;-0.09697973728179932;0.5816406607627869;0.31585440039634705;-0.15180794894695282;0.37397438287734985;0.334926038980484;-0.070136159658432;0.5008805394172668;0.5325318574905396;-0.02238285355269909;0.4542402923107147;0.5317466259002686;0.02232205681502819;0.4978667199611664;0.6912394165992737;0.03546489402651787;0.45713481307029724;0.6912129521369934;0.08234928548336029;0.4812583714723587;0.20778965651988984;-0.2699491366744041;0.6572211384773254;0.3322342410683632;-0.27317728102207184;0.3001100793480873;0.3571018949151039;-0.1694207824766636;0.49553073445955914;0.8573645750681559;0.14086953302224478;0.4538116256395976;0.8543624679247538;0.20611053705215454;;vertical;
0.77;0.47663792967796326;0.23195672035217285;-0.276918888092041;0.5203450322151184;0.3010580837726593;-0.14488045871257782;0.4334269165992737;0.30174192786216736;-0.10817723721265793;0.5820520520210266;0.3096179962158203;-0.14917054772377014;0.37059229612350464;0.32963624596595764;-0.08865383267402649;0.5008729696273804;0.5325859189033508;-0.021361133083701134;0.4540839195251465;0.5317713618278503;0.021291203796863556;0.49784955382347107;0.6913750171661377;0.03253171220421791;0.4570220112800598;0.6913541555404663;0.08211313933134079;0.48108701705932616;0.20713900923728942;-0.2781946733593941;0.6596197187900543;0.3186612203717232;-0.2680057920515537;0.29734738916158676;0.34773558378219604;-0.18861110508441925;0.4955342511336009;0.8571522434552511;0.15694937855005264;0.45385175943374634;0.8539471626281738;0.22146732608477274;;vertical;
0.8;0.47650036215782166;0.23126083612442017;-0.2784145474433899;0.5203408598899841;0.2992191016674042;-0.14434024691581726;0.4330326020717621;0.29931652545928955;-0.10939307510852814;0.5826018452644348;0.3056885004043579;-0.1482238918542862;0.3699292242527008;0.3240162432193756;-0.08941904455423355;0.5008646249771118;0.5322972536087036;-0.02090785652399063;0.45403847098350525;0.5316739082336426;0.020828085020184517;0.49786168336868286;0.6910635232925415;0.031651563942432404;0.4569861888885498;0.6914188861846924;0.08198955655097961;0.48092939853668215;0.20575771778821944;-0.2796910166740417;0.6603413820266724;0.3135559484362602;-0.26726798713207245;0.29594480991363525;0.34009847044944763;-0.19034432247281075;0.49554510911305744;0.8562512199083964;0.15997225294510523;0.454181969165802;0.8536951740582784;0.22073816259702048;;vertical;
0.83;0.4759863317012787;0.23059526085853577;-0.2792617678642273;0.5202522873878479;0.29787907004356384;-0.1452462375164032;0.43240827322006226;0.29809653759002686;-0.1092294380068779;0.582534670829773;0.3041691482067108;-0.14872419834136963;0.3692622184753418;0.32072508335113525;-0.08794397115707397;0.5008627772331238;0.5317126512527466;-0.02097155526280403;0.45401641726493835;0.531597912311554;0.020872948691248894;0.498020201921463;0.6910631060600281;0.02576553076505661;0.4569751024246216;0.6914674043655396;0.082402803003788;0.48046301305294037;0.20489321351051332;-0.28096734285354613;0.6591903567314148;0.3086875081062317;-0.2665277160704136;0.29491835087537766;0.3368665352463722;-0.18940450623631477;0.495598703622818;0.8547393282254537;0.17041406283775964;0.45432183146476746;0.8516459067662557;0.2340866873661677;;vertical;
0.87;0.47572311758995056;0.22947445511817932;-0.2798455059528351;0.5202237367630005;0.29713648557662964;-0.1467903107404709;0.43203315138816833;0.29753008484840393;-0.10983826220035553;0.5825915336608887;0.30319744348526;-0.15164640545845032;0.36988702416419983;0.3180980086326599;-0.08713829517364502;0.5008613467216492;0.5311834216117859;-0.020904332399368286;0.45399531722068787;0.5312623977661133;0.02080133743584156;0.49822285771369934;0.691127359867096;0.02678106725215912;0.45689284801483154;0.6914689540863037;0.0854182168841362;0.4801671028137207;0.20347606837749482;-0.28135543316602707;0.6585840582847595;0.30594054609537125;-0.2717038132250309;0.29433485120534897;0.33218420296907425;-0.18845046684145927;0.49567166964213055;0.8546685576438904;0.16587409873803458;0.4542425870895386;0.8504079580307007;0.23182290295759836;;vertical;
0.9;0.47562432289123535;0.22802957892417908;-0.285209983587265;0.5200242400169373;0.2963636517524719;-0.14750131964683533;0.43102744221687317;0.2967436611652374;-0.11766006052494049;0.5820052027702332;0.3029082119464874;-0.1502494513988495;0.3682297170162201;0.316423237323761;-0.0986754521727562;0.5008562207221985;0.5303761959075928;-0.020695002749562263;0.45398014783859253;0.5308407545089722;0.02059282921254635;0.498247891664505;0.6911750435829163;0.033099908381700516;0.456813782453537;0.691489577293396;0.08564601093530655;0.47996818125247953;0.20185933113098145;-0.28549700379371645;0.6585216671228409;0.30494091659784317;-0.2692578434944153;0.29181432723999023;0.3290877565741539;-0.20192481577396393;0.49566734830538434;0.8546761870384216;0.16748807082573572;0.45424357056617737;0.8500922520955404;0.22987201809883118;;vertical;
0.93;0.47505033016204834;0.22677117586135864;-0.2828686237335205;0.5195517539978027;0.29494401812553406;-0.14647507667541504;0.43057647347450256;0.29615500569343567;-0.11654011905193329;0.5813574194908142;0.30087608098983765;-0.14823724329471588;0.3673279583454132;0.3150646388530731;-0.09825441241264343;0.5008010268211365;0.5298642516136169;-0.020760364830493927;0.4539526402950287;0.5305958986282349;0.020655730739235878;0.4983829855918884;0.6911954879760742;0.03350662812590599;0.45675456523895264;0.6914435029029846;0.08512753248214722;0.47937388718128204;0.20070582926273345;-0.2832610785961151;0.6578759104013443;0.30505412071943283;-0.2671170309185982;0.2907089814543724;0.32743047177791595;-0.20268207788467407;0.49569807449976605;0.8543237447738647;0.1631692349910736;0.4542691508928935;0.8498645822207133;0.225266362229983;;vertical;
0.97;0.4744834303855896;0.22529862821102142;-0.2821899354457855;0.5189628601074219;0.29376551508903503;-0.14565423130989075;0.42995646595954895;0.29582101106643677;-0.11945845931768417;0.5808148384094238;0.3000549376010895;-0.148115873336792;0.3652748167514801;0.3135104477405548;-0.10705813020467758;0.5007977485656738;0.5291197896003723;-0.02005261555314064;0.45394977927207947;0.530121386051178;0.019946834072470665;0.4985915720462799;0.6912155747413635;0.03472485765814781;0.4566916823387146;0.6911296248435974;0.08317440748214722;0.4788341224193573;0.19946861267089844;-0.2822743356227875;0.6571473181247711;0.3049326166510582;-0.26284753903746605;0.2889765650033951;0.32609717547893524;-0.21206779032945633;0.49569981296857196;0.8535944819450378;0.16228780895471573;0.45420758922894794;0.8494206269582113;0.21777670085430145;;vertical;
1.0;0.4740501046180725;0.2245243340730667;-0.28249233961105347;0.5184825658798218;0.2928667664527893;-0.14175157248973846;0.429447203874588;0.2952064275741577;-0.12299586832523346;0.58031165599823;0.29966285824775696;-0.13766686618328094;0.36450496315956116;0.3126913905143738;-0.11337770521640778;0.500795841217041;0.528507649898529;-0.01825547032058239;0.45395511388778687;0.5299117565155029;0.01814895123243332;0.4986247718334198;0.6912457346916199;0.04135128855705261;0.45656219124794006;0.6907545924186707;0.08015342801809311;0.4784222483634949;0.1987783819437027;-0.2818319141864777;0.6559906899929047;0.3065281808376312;-0.24986807256937027;0.28799472004175186;0.32546772062778473;-0.21874721348285675;0.495545357465744;0.8523721496264139;0.1753529186050097;0.45420974493026733;0.8482314745585123;0.21721317370732626;;vertical;
1.03;0.4740661680698395;0.22375009953975677;-0.26493844389915466;0.517685055732727;0.2925226092338562;-0.12597878277301788;0.4288017451763153;0.2949679493904114;-0.11430171132087708;0.5802534818649292;0.29935136437416077;-0.12087181210517883;0.36455148458480835;0.3116353750228882;-0.10709841549396515;0.5007995963096619;0.5283151268959045;-0.017902489751577377;0.45414233207702637;0.5299252867698669;0.017801932990550995;0.49887558817863464;0.6912680864334106;0.03954819589853287;0.4564879536628723;0.6907443404197693;0.0777081847190857;0.4782772809267044;0.19830378741025925;-0.26214283108711245;0.6553893536329269;0.30624786019325256;-0.23395901918411255;0.2878890335559845;0.32259125262498856;-0.211863212287426;0.49552667140960693;0.8519625663757324;0.1722030167778333;0.45425771673520404;0.846939225991567;0.2173186590274175;;vertical;
1.07;0.47420865297317505;0.22375862300395966;-0.2647530138492584;0.5171718001365662;0.2923564314842224;-0.12675818800926208;0.42821672558784485;0.2947353720664978;-0.10963698476552963;0.5801272988319397;0.2995304763317108;-0.1213250532746315;0.3644953668117523;0.3115198016166687;-0.10465288162231445;0.5008154511451721;0.5277140140533447;-0.018636634573340416;0.454298734664917;0.529927670955658;0.018541287630796432;0.49908220767974854;0.6898988485336304;0.03151315823197365;0.4564570188522339;0.6899110078811646;0.07862669229507446;0.4781987935304642;0.19815502166748047;-0.2627060875296593;0.6548478752374649;0.30690160393714905;-0.23739521577954292;0.2871754840016365;0.32118963450193405;-0.2088521495461464;0.4956325093905131;0.8500003218650818;0.17130562414725622;0.45446882645289105;0.8468043009440104;0.21983566880226135;;vertical;
1.1;0.47509104013442993;0.2238534539937973;-0.26242125034332275;0.5166414976119995;0.29236066341400146;-0.12144656479358673;0.4278041422367096;0.2946147620677948;-0.11014080792665482;0.5799197554588318;0.29955747723579407;-0.10965785384178162;0.36330878734588623;0.3108290433883667;-0.10601399093866348;0.5008147954940796;0.5275073647499084;-0.0175285954028368;0.4543815851211548;0.5301111340522766;0.017450327053666115;0.500022292137146;0.6889199018478394;0.039137620478868484;0.45649003982543945;0.6887161135673523;0.08141949772834778;0.47847826182842257;0.19823435842990875;-0.25943344831466675;0.6523848176002502;0.3080892190337181;-0.22102316468954086;0.2854956388473511;0.320050373673439;-0.21281636506319046;0.4961475928624471;0.8495627442995707;0.1729210913181305;0.4545718729496002;0.8462515274683634;0.22436553736527762;;vertical;
1.13;0.4757160544395447;0.224229633808136;-0.28220048546791077;0.5162835717201233;0.2916751503944397;-0.12463457882404327;0.4277401268482208;0.29419663548469543;-0.1307145357131958;0.5793958902359009;0.30004996061325073;-0.10958706587553024;0.3636769652366638;0.31040164828300476;-0.12174633145332336;0.5008202791213989;0.5270795226097107;-0.00996329914778471;0.4544902741909027;0.530279278755188;0.009914956986904144;0.5008288621902466;0.6884946823120117;0.05723600462079048;0.45698168873786926;0.6884628534317017;0.0828942209482193;0.4786729276180267;0.19840795844793319;-0.27896658629179;0.6490948051214218;0.3102053329348564;-0.2243473194539547;0.28577912598848343;0.3196641802787781;-0.22368141636252403;0.49828972419102985;0.8504610459009806;0.18720772117376328;0.4547834098339081;0.8463358283042908;0.22918202976385751;;vertical;
1.17;0.47734931111335754;0.22378985583782196;-0.2677237391471863;0.5161650776863098;0.29119929671287537;-0.10339047759771347;0.4278195798397064;0.29334551095962524;-0.13196612894535065;0.5779263377189636;0.300489217042923;-0.07986698299646378;0.3645530641078949;0.3094478249549866;-0.12891347706317902;0.5008118152618408;0.5267353653907776;0.00023015371698420495;0.45464077591896057;0.5303615927696228;-0.00027087764465250075;0.5015706419944763;0.6864187121391296;0.07608070224523544;0.4574457108974457;0.6882010698318481;0.07764171808958054;0.47963990867137907;0.19829130470752715;-0.262505342066288;0.6450164318084717;0.31151843816041946;-0.1937924586236477;0.28702280670404434;0.31948691606521606;-0.22851020842790604;0.49968159198760986;0.8495299220085144;0.20195400218168894;0.4548037548859914;0.8464702765146891;0.22778055568536124;;vertical;
1.2;0.4793621897697449;0.2226169854402542;-0.24254721403121948;0.5161949992179871;0.2910154461860657;-0.07430101186037064;0.4281936585903168;0.2924208343029022;-0.12930738925933838;0.5775378346443176;0.3004917800426483;-0.04335785284638405;0.3650829493999481;0.30785003304481506;-0.129907488822937;0.5008072853088379;0.526286780834198;0.011278907768428326;0.4547395408153534;0.5303766131401062;-0.011336278170347214;0.5017572045326233;0.6858758330345154;0.07434377819299698;0.45804089307785034;0.6883501410484314;0.062491849064826965;0.48117642402648925;0.19789739400148393;-0.23575195521116257;0.643417626619339;0.3125070482492447;-0.15082165971398354;0.2878042906522751;0.31941521167755127;-0.22640320658683777;0.498363455136617;0.847835640112559;0.19900921980539957;0.45468011498451233;0.8461913466453552;0.21518265704313913;;vertical;
1.23;0.4826452136039734;0.22250764071941376;-0.22193780541419983;0.5165858268737793;0.29076698422431946;-0.04639922454953194;0.4289415180683136;0.29139670729637146;-0.1285315603017807;0.5773079991340637;0.30057236552238464;-0.0010713132796809077;0.36632445454597473;0.3072419762611389;-0.13724003732204437;0.5007307529449463;0.5259657502174377;0.022536441683769226;0.4549126923084259;0.5303341746330261;-0.022598465904593468;0.5018761157989502;0.6854954957962036;0.07466486841440201;0.45834407210350037;0.6883596181869507;0.042633380740880966;0.4836460828781128;0.1978429526090622;-0.21350460201501847;0.6411347538232803;0.31303518265485764;-0.09504696726799011;0.28812240064144135;0.3192431926727295;-0.22994395345449448;0.495170791943868;0.8454242746035258;0.20902382830778757;0.4542875488599141;0.8457575837771097;0.1971308390299479;;vertical;
1.27;0.48440811038017273;0.22254912555217743;-0.21295519173145294;0.5169000029563904;0.2907622754573822;-0.03665732964873314;0.430020272731781;0.2901034355163574;-0.12255680561065674;0.5770249366760254;0.30091503262519836;0.008576273918151855;0.36934420466423035;0.3054918944835663;-0.13159272074699402;0.5007525086402893;0.5259705185890198;0.023846326395869255;0.45521822571754456;0.5302785038948059;-0.02391701377928257;0.5018507242202759;0.6854643225669861;0.07442204654216766;0.4584636688232422;0.6883816123008728;0.03743483126163483;0.48569937646389005;0.19794186800718308;-0.20438531711697577;0.6393390893936157;0.31350453943014145;-0.0855912808328867;0.2894537225365639;0.3179108127951622;-0.22717677429318428;0.49450162053108215;0.8451099793116251;0.21385432283083597;0.45394553740819293;0.8457595904668173;0.19266184667746225;;vertical;
1.3;0.488404244184494;0.22261911630630493;-0.20141737163066864;0.5175862908363342;0.29081854224205017;-0.028804443776607513;0.4317413568496704;0.2891066372394562;-0.12239938229322433;0.5770110487937927;0.30110010504722595;0.025697050616145134;0.3723110556602478;0.305358350276947;-0.1334066241979599;0.50074702501297;0.525908350944519;0.026031339541077614;0.4555191099643707;0.5300081372261047;-0.026105131953954697;0.5013852119445801;0.6851435303688049;0.0813811868429184;0.45844945311546326;0.6880541443824768;0.03847772255539894;0.4897502899169922;0.19819356352090836;-0.19294314682483674;0.6366921067237854;0.31366270035505295;-0.0594391580671072;0.2938520237803459;0.3173554688692093;-0.22730223461985588;0.4942910671234131;0.8448700110117594;0.21899146338303885;0.4538689851760864;0.8458327253659567;0.19264675676822662;;girando ;
1.33;0.49302032589912415;0.22287993133068085;-0.1914273053407669;0.517821192741394;0.2911146581172943;-0.00520502170547843;0.4340764284133911;0.2878563702106476;-0.13648349046707153;0.5734867453575134;0.30124565958976746;0.08788347989320755;0.3768627941608429;0.3049718141555786;-0.16821357607841492;0.5007708072662354;0.5259582996368408;0.032995518296957016;0.4564816951751709;0.5299983024597168;-0.033083900809288025;0.5009510517120361;0.6844655275344849;0.08395462483167648;0.45844465494155884;0.6873763203620911;0.046309810131788254;0.49412662982940675;0.19838275164365768;-0.1812693305313587;0.6330713927745819;0.3129344880580902;0.05595660302788019;0.299008771777153;0.3179495856165886;-0.2615518569946289;0.4938972194989522;0.8447349866231283;0.2100123812754949;0.453869233528773;0.8453047672907511;0.21840216716130575;;girando ;
1.37;0.49858903884887695;0.22328202426433563;-0.1908077746629715;0.5185221433639526;0.2912968397140503;0.0021106009371578693;0.436092734336853;0.2865176200866699;-0.1503024846315384;0.5705973505973816;0.3013666868209839;0.13194799423217773;0.3790384829044342;0.30445894598960876;-0.18919868767261505;0.5010411739349365;0.5259174704551697;0.03645649924874306;0.4576347768306732;0.5294581651687622;-0.03655749559402466;0.5009467005729675;0.6832054853439331;0.08578915148973465;0.45846396684646606;0.6863411068916321;0.04930116981267929;0.4985530495643616;0.1987820029258728;-0.18044759184122086;0.6276272237300873;0.3122089058160782;0.15327095985412598;0.30256178975105286;0.31812991201877594;-0.285642072558403;0.4941945970058441;0.844711442788442;0.2079397588968277;0.4536723693211873;0.8442185123761495;0.23812646667162576;;girando ;
1.4;0.5031378269195557;0.22390301525592804;-0.16510209441184998;0.519482433795929;0.29174283146858215;0.040195826441049576;0.4395483434200287;0.28497448563575745;-0.14986707270145416;0.566400945186615;0.3029114007949829;0.23945112526416779;0.38462013006210327;0.30374279618263245;-0.18955792486667633;0.5017126798629761;0.5259445309638977;0.046867821365594864;0.459214448928833;0.5287850499153137;-0.04703539237380028;0.5009709000587463;0.6830379962921143;0.10515196621417999;0.4585050940513611;0.6862815618515015;0.046142250299453735;0.5028358787298203;0.1990915834903717;-0.1543975979089737;0.6234215646982193;0.3114516958594322;0.3600023239850998;0.31004292517900467;0.31813736259937286;-0.27347829937934875;0.49393129348754883;0.8446056246757507;0.22087213893731436;0.45303144057591754;0.8428911566734314;0.23291432857513428;;girando ;
1.43;0.5065089464187622;0.22411684691905975;-0.16207732260227203;0.5201901197433472;0.2922437787055969;0.055889103561639786;0.4441635310649872;0.2840612530708313;-0.16374671459197998;0.5643840432167053;0.30619457364082336;0.2787656784057617;0.39115384221076965;0.3035176992416382;-0.2434430569410324;0.5029618144035339;0.5259309411048889;0.05857149884104729;0.4616087079048157;0.5281240344047546;-0.05877794325351715;0.5013536214828491;0.6826019883155823;0.1276797652244568;0.45857927203178406;0.6853442788124084;0.03384888172149658;0.505519637465477;0.199182191491127;-0.1509224608540535;0.620238646864891;0.3113984987139702;0.4385794773697853;0.3169364556670189;0.3175134062767029;-0.36154212057590485;0.49432018399238586;0.8434124787648519;0.24262273808320364;0.45250364144643146;0.8427171111106873;0.20040839413801828;;girando ;
1.47;0.5099493265151978;0.22441938519477844;-0.14651143550872803;0.5207898020744324;0.2934260964393616;0.06451556086540222;0.4480307102203369;0.2829439342021942;-0.1689898669719696;0.5573063492774963;0.3098469078540802;0.3168005645275116;0.397919237613678;0.30207589268684387;-0.2708156406879425;0.5045022368431091;0.5260905623435974;0.06340733915567398;0.4638310670852661;0.5281260013580322;-0.06364437192678452;0.5019329190254211;0.6824071407318115;0.13155409693717957;0.4592461884021759;0.6849097013473511;0.029646102339029312;0.5082809418439865;0.19947443008422852;-0.1354706484824419;0.6130251586437225;0.3112834692001343;0.5410356223583221;0.3254193961620331;0.31670042127370834;-0.39771921932697296;0.4946845869223277;0.8426478703816732;0.24680761496225992;0.4524933596452077;0.8426791628201803;0.18975536028544107;;girando ;
1.5;0.5115160942077637;0.2249990850687027;-0.13025210797786713;0.5208947658538818;0.2938874065876007;0.08969049900770187;0.4517756402492523;0.2817985713481903;-0.16839471459388733;0.5576866269111633;0.3120897114276886;0.35082578659057617;0.4054385721683502;0.30077117681503296;-0.3012178838253021;0.5062143206596375;0.5248362421989441;0.07396785914897919;0.46639707684516907;0.5267210006713867;-0.07428733259439468;0.5022999048233032;0.6820448040962219;0.12922903895378113;0.4631110727787018;0.6848033666610718;0.007946785539388657;0.5098119616508484;0.20034316182136536;-0.11796594280749559;0.6102763712406158;0.31319767236709595;0.5927713960409164;0.3349897265434265;0.3160765990614891;-0.45420365780591965;0.4952143331368764;0.8428171873092651;0.2421948661406835;0.45336676637331647;0.8430046240488688;0.15347454945246378;;girando ;
1.53;0.5130956172943115;0.22583332657814026;-0.12790869176387787;0.5212332010269165;0.29392382502555847;0.1057911291718483;0.45557302236557007;0.2798747420310974;-0.17647551000118256;0.5535315871238708;0.31355106830596924;0.3709924817085266;0.41240039467811584;0.30048277974128723;-0.3700293004512787;0.5074531435966492;0.5240598917007446;0.08428820222616196;0.4694415330886841;0.524918794631958;-0.0846426859498024;0.5033473968505859;0.6817522644996643;0.12582337856292725;0.4672399163246155;0.6848049163818359;-0.017694363370537758;0.5115266472101212;0.2016358569264412;-0.11352940853685141;0.6021085530519485;0.3170391172170639;0.6280926614999771;0.34655454009771347;0.3157239258289337;-0.5919868499040604;0.4952358603477478;0.8429474234580994;0.2577395737171173;0.45540450016657513;0.8439850409825643;0.11948280408978462;;girando ;
1.57;0.5150114893913269;0.2266353815793991;-0.1255052089691162;0.5212115049362183;0.29330670833587646;0.10981988161802292;0.4585022032260895;0.27834638953208923;-0.18196530640125275;0.5459040999412537;0.31385496258735657;0.3661077320575714;0.418368935585022;0.29889196157455444;-0.3848322331905365;0.5083019137382507;0.5192126035690308;0.08794892579317093;0.47190114855766296;0.5196309089660645;-0.08828158676624298;0.5040903091430664;0.6794566512107849;0.10522250086069107;0.47461962699890137;0.6825422644615173;-0.03836655244231224;0.5133901029825211;0.20239997953176497;-0.11036473363637925;0.5905069261789322;0.32154909521341324;0.6096528023481369;0.36081787943840027;0.31460483372211456;-0.6066970676183701;0.4951893985271454;0.843376874923706;0.2266853799422582;0.4583452145258586;0.8443251450856527;0.08571150961021583;;girando ;
1.6;0.5172162055969238;0.226622074842453;-0.13926731050014496;0.5179988741874695;0.2917470932006836;0.09400574862957001;0.4647286534309387;0.27518174052238464;-0.21273314952850342;0.5363020300865173;0.312430739402771;0.3695276081562042;0.4266705811023712;0.2971462607383728;-0.42096734046936035;0.508020281791687;0.5188215374946594;0.09259333461523056;0.4742858111858368;0.5187075138092041;-0.09298788011074066;0.5060669183731079;0.6785699129104614;0.10310572385787964;0.48169904947280884;0.682091474533081;-0.020227547734975815;0.5145320057868957;0.20243673473596574;-0.12408214751631022;0.5780637711286545;0.32070285826921463;0.6284980475902557;0.3763190656900406;0.31471244990825653;-0.6474267989397049;0.4953925708929698;0.8438012003898621;0.22356992959976196;0.46201326449712116;0.8452872435251871;0.12067554394404094;;girando ;
1.63;0.5190848708152771;0.22653180360794067;-0.14213144779205322;0.5119503140449524;0.28955742716789246;0.08914729207754135;0.47149085998535156;0.27285659313201904;-0.22401921451091766;0.52410489320755;0.31235697865486145;0.3541638255119324;0.4396773874759674;0.2962331473827362;-0.4479517638683319;0.5078601837158203;0.5186119675636292;0.09792634099721909;0.47707805037498474;0.5183075666427612;-0.09832239896059036;0.5066660046577454;0.6782687902450562;0.13922789692878723;0.48859167098999023;0.6818367838859558;-0.05217474699020386;0.5160151362419129;0.20242036432027816;-0.12688970975577832;0.5645392537117004;0.31830234825611115;0.5931925922632217;0.3972257450222969;0.31387604773044586;-0.6952999234199524;0.495320200920105;0.8439124623934428;0.2555878361066182;0.46604448556900024;0.8475399812062582;0.04100956084827582;;girando ;
1.67;0.5200794339179993;0.22576038539409637;-0.13574932515621185;0.506070077419281;0.28634029626846313;0.0917140319943428;0.4756219983100891;0.2712283730506897;-0.23081238567829132;0.5155510306358337;0.31262344121932983;0.34972307085990906;0.45475277304649353;0.2948475480079651;-0.4635513722896576;0.504986047744751;0.5188497304916382;0.1037142425775528;0.48099952936172485;0.5186293721199036;-0.1040792465209961;0.505674421787262;0.6783730387687683;0.1703380048274994;0.49402374029159546;0.6815738081932068;-0.0639479011297226;0.5170611560344696;0.20196334272623062;-0.12115895077586174;0.5494099110364914;0.31459949165582657;0.5764041244983673;0.4208940789103508;0.30983737856149673;-0.7155661880970001;0.49420998493830365;0.8436554471651713;0.27667230864365894;0.473563015460968;0.8539358576138815;0.005330471321940422;;girando ;
1.7;0.5201695561408997;0.22488106787204742;-0.11304283887147903;0.5020996332168579;0.2842820882797241;0.09795936197042465;0.48161396384239197;0.27088063955307007;-0.22930125892162323;0.5035632252693176;0.3125198781490326;0.34921756386756897;0.46243682503700256;0.292108952999115;-0.46658894419670105;0.49982601404190063;0.5181743502616882;0.10196893662214279;0.48372673988342285;0.518750011920929;-0.10221952944993973;0.5036318302154541;0.6766166090965271;0.14566686749458313;0.4984283149242401;0.6799348592758179;-0.0729820728302002;0.5169426500797272;0.20173936188220978;-0.10123393908143044;0.5243338793516159;0.30476462095975876;0.5858896970748901;0.4394226744771004;0.30786631256341934;-0.7247513234615326;0.4910089174906413;0.8425950606664022;0.21879593034585318;0.4832719365755717;0.8589022358258566;-0.031264915596693754;;girando ;
1.73;0.5199828743934631;0.22159209847450256;-0.0352671779692173;0.49408847093582153;0.2824721932411194;0.15826261043548584;0.48472756147384644;0.2675989866256714;-0.21437260508537292;0.47734203934669495;0.3731248676776886;0.2736954092979431;0.4783148169517517;0.28960952162742615;-0.4255181849002838;0.493807315826416;0.5141015648841858;0.10848928987979889;0.48554563522338867;0.5166124105453491;-0.10856156796216965;0.5030555725097656;0.670232892036438;0.1427687406539917;0.5011776089668274;0.6777161359786987;-0.07730241119861603;0.5164469480514526;0.20029944330453872;-0.018813974293880164;0.47986823320388794;0.4618018940091133;0.28210828453302383;0.46489161252975464;0.3054884821176529;-0.653592512011528;0.49133313695589703;0.8419129848480225;0.2076964279015859;0.487988422314326;0.860233724117279;-0.03854051232337952;;girando ;
1.77;0.5213354229927063;0.21976421773433685;-0.018848728388547897;0.48812559247016907;0.2796540856361389;0.15507353842258453;0.4926265776157379;0.26777976751327515;-0.1960766315460205;0.4684610962867737;0.385760635137558;0.22995725274085999;0.48665398359298706;0.2829643189907074;-0.4021838903427124;0.4871976673603058;0.5124377608299255;0.10676971822977066;0.4894863963127136;0.5169025659561157;-0.10685429722070694;0.5015031099319458;0.6690981984138489;0.15014183521270752;0.502859354019165;0.6778532266616821;-0.06057809293270111;0.5173613250255584;0.19894415736198426;-0.0020133801735937595;0.47755516320466995;0.4929373264312744;0.22734495997428894;0.47753679752349854;0.2985662892460823;-0.616385281085968;0.4932561218738556;0.8429270188013712;0.21249506374200186;0.49560542901357013;0.862454354763031;-0.016333634965121746;;girando ;
1.8;0.5217857956886292;0.21945258975028992;-0.044879212975502014;0.4865345060825348;0.27533090114593506;0.13184107840061188;0.4937261641025543;0.2680564224720001;-0.18856753408908844;0.4823967516422272;0.3384813070297241;0.2566644251346588;0.49235522747039795;0.2864662706851959;-0.39594706892967224;0.4855787754058838;0.5107116103172302;0.1006651297211647;0.49190467596054077;0.516360342502594;-0.10076765716075897;0.5002936720848083;0.6687005758285522;0.13685427606105804;0.5057879090309143;0.6780204176902771;-0.05762338265776634;0.5178886353969574;0.1986450508236885;-0.032487788260914384;0.48654791712760925;0.4199320375919342;0.35897573083639145;0.49817052483558655;0.3002031594514847;-0.6070886552333832;0.49483906229337055;0.8430701295534769;0.17272683481375375;0.5038136541843414;0.8649025162061056;-0.02968753470728795;;girando ;
1.83;0.5221425294876099;0.2172594517469406;-0.02228783443570137;0.4887866675853729;0.27394846081733704;0.1554156094789505;0.49456295371055603;0.2654401659965515;-0.16489820182323456;0.48071545362472534;0.3776578903198242;0.21419714391231537;0.49687692523002625;0.29980775713920593;-0.31275054812431335;0.4864547550678253;0.5065485835075378;0.10147503763437271;0.4923955202102661;0.5125452876091003;-0.10152117908000946;0.4985593259334564;0.6662262678146362;0.1364768147468567;0.5073092579841614;0.6779202818870544;-0.0785992443561554;0.5185083508491516;0.1979063183069229;-0.0077048308914527295;0.49144701659679413;0.46771129965782166;0.20056704804301262;0.5196887999773026;0.31514637917280197;-0.43018753826618195;0.494757076104482;0.8371410767237345;0.17324703435103098;0.5128403902053833;0.8642259438832601;-0.0698242262005806;;girando ;
1.87;0.5240644216537476;0.21736110746860504;-0.041643235832452774;0.4881671667098999;0.273181289434433;0.13946448266506195;0.498692125082016;0.2660660147666931;-0.17047584056854248;0.49090275168418884;0.3081696331501007;0.33882206678390503;0.5052115321159363;0.3062809705734253;-0.34294214844703674;0.4865567684173584;0.5075773000717163;0.10215749591588974;0.4946281909942627;0.5146692395210266;-0.10230256617069244;0.49789565801620483;0.6650007367134094;0.18141934275627136;0.5105258226394653;0.6788734197616577;-0.06435372680425644;0.5203749120235444;0.19783770740032197;-0.029479961679317056;0.5092155933380127;0.26545121520757675;0.5523568689823151;0.540573850274086;0.32010938227176666;-0.5068449750542641;0.49345166484514874;0.8313480615615845;0.2649940550327301;0.5204957127571106;0.8630008300145467;-0.03621149187286695;;girando ;
1.9;0.5256893038749695;0.21757270395755768;-0.029147889465093613;0.48644325137138367;0.2724270224571228;0.13903482258319855;0.5024645924568176;0.2664841115474701;-0.1647743433713913;0.4921680688858032;0.3078431785106659;0.3440719246864319;0.5146389007568359;0.31096726655960083;-0.34411701560020447;0.48608946800231934;0.508203387260437;0.10070975869894028;0.49779176712036133;0.5160989761352539;-0.1008840873837471;0.49799275398254395;0.6641654372215271;0.17609579861164093;0.5124895572662354;0.678934633731842;-0.04526389017701149;0.5219341337680816;0.19767255932092667;-0.018393501918762923;0.5098455250263214;0.3060319274663925;0.5616188049316406;0.5598930418491364;0.3241695985198021;-0.5074728280305862;0.49405665198961896;0.8299447298049927;0.2580041189988454;0.5212084452311198;0.8603550593058268;-0.01149369558940331;;girando ;
1.93;0.5262989401817322;0.2177111655473709;-0.01939428225159645;0.4862480163574219;0.2713511884212494;0.14389435946941376;0.5067716836929321;0.266785204410553;-0.16274426877498627;0.4881262183189392;0.3131144940853119;0.3293493986129761;0.526151716709137;0.3132292628288269;-0.3217478096485138;0.48650771379470825;0.5078438520431519;0.0999876856803894;0.5004425644874573;0.5161353945732117;-0.1001853495836258;0.49819862842559814;0.6638123393058777;0.16962262988090515;0.5139813423156738;0.6789610385894775;-0.04135860502719879;0.5223831117153168;0.1976273089647293;-0.00802158045116812;0.5146175026893616;0.3265409842133522;0.5142041817307472;0.5818443596363068;0.33098265528678894;-0.43815261870622635;0.49615855018297833;0.8288160562515259;0.24700836340586343;0.5198247035344442;0.8584779898325602;-0.0030621870731314025;;girando ;
1.97;0.5254559516906738;0.2178322672843933;0.006744629703462124;0.4815705120563507;0.27417176961898804;0.14166995882987976;0.5134690999984741;0.27236828207969666;-0.15860286355018616;0.4530954658985138;0.3158273696899414;0.3165038526058197;0.537343442440033;0.3132230043411255;-0.33204811811447144;0.48654308915138245;0.5080757737159729;0.09918350726366043;0.5020711421966553;0.5180211663246155;-0.09946837276220322;0.5004137754440308;0.6632886528968811;0.1627737283706665;0.5139647126197815;0.6789852380752563;-0.024118762463331223;0.521847528219223;0.19796812534332275;0.013955323514528573;0.4559858664870262;0.33212705701589584;0.5455175042152405;0.6055700182914734;0.3334215581417084;-0.48404520750045776;0.49821258584658307;0.8288382093111674;0.23809378842512766;0.5176574985186259;0.8582340876261393;0.020285540260374546;;girando ;
2.0;0.5249430537223816;0.21857069432735443;-0.00030278004123829305;0.4787357747554779;0.27664506435394287;0.13690032064914703;0.5177581310272217;0.2752419114112854;-0.16254375874996185;0.4544511139392853;0.30440184473991394;0.3408395051956177;0.5501235127449036;0.31297770142555237;-0.37209129333496094;0.48660942912101746;0.5104495882987976;0.09908715635538101;0.5051781535148621;0.5209521651268005;-0.09940923750400543;0.5016459822654724;0.6635577082633972;0.17041069269180298;0.5167275667190552;0.6796448826789856;-0.0324445478618145;0.5218436121940613;0.1988231509923935;0.007225590711459518;0.44033024460077286;0.29855186492204666;0.6010325998067856;0.6219669431447983;0.33876097947359085;-0.559195339679718;0.4975579579671224;0.8298229177792867;0.2463991343975067;0.520044724146525;0.8584900895754496;-0.014215024304576218;;girando ;
2.03;0.5246706008911133;0.2209276556968689;0.01574002578854561;0.47452306747436523;0.2782754600048065;0.11494097858667374;0.5271475911140442;0.2802998423576355;-0.1639203131198883;0.4493388533592224;0.30505767464637756;0.3311033546924591;0.5703229904174805;0.31444355845451355;-0.3690957725048065;0.48508208990097046;0.5132967829704285;0.09427478164434433;0.510791540145874;0.5236202478408813;-0.0945514366030693;0.5008240342140198;0.6639093160629272;0.17452958226203918;0.5190224051475525;0.6823387742042542;-0.03455396369099617;0.5213964998722076;0.20034968256950378;0.019136431999504565;0.4188295602798462;0.2992164343595505;0.5518472790718079;0.6416197121143341;0.34216775745153427;-0.5495857745409012;0.4964662293593089;0.8300074934959412;0.2467819700638453;0.5223581592241923;0.8588255047798157;-0.017213675174086045;;girando ;
2.07;0.5257850885391235;0.22266557812690735;0.044555727392435074;0.4722190797328949;0.2797181308269501;0.10412853211164474;0.5367197394371033;0.2846468985080719;-0.133224755525589;0.4469028413295746;0.30656668543815613;0.2475767284631729;0.5891389846801758;0.31885573267936707;-0.29817214608192444;0.48343491554260254;0.5154193639755249;0.0894177109003067;0.5141903162002563;0.5251888036727905;-0.08969032764434814;0.49918150901794434;0.6639667749404907;0.1735973358154297;0.5197936296463013;0.6838054656982422;-0.03217471018433571;0.5220002114772797;0.20104981511831282;0.04357486963272095;0.40524822473526;0.3045708164572716;0.4065880998969078;0.6569346487522125;0.3476567938923836;-0.4731660261750221;0.495543509721756;0.8273182312647501;0.2514839420715968;0.523112952709198;0.8590203921000162;-0.010600048893441757;;girando ;
2.1;0.5274258852005005;0.22374261915683746;0.05663411691784859;0.47160449624061584;0.27973663806915283;0.07565610855817795;0.5427246689796448;0.28659841418266296;-0.11075973510742188;0.4376835227012634;0.3052290380001068;0.17753402888774872;0.5983152389526367;0.32105544209480286;-0.20081552863121033;0.48284462094306946;0.5182129740715027;0.07773507386445999;0.5158209800720215;0.5278360247612;-0.07804863154888153;0.49732646346092224;0.6640638709068298;0.17724616825580597;0.5205222964286804;0.6870495080947876;-0.02558795176446438;0.5229646384716033;0.2016328439116478;0.05248972736299038;0.3950425162911415;0.3086664229631424;0.28688620030879974;0.6670721620321274;0.35356520116329193;-0.27620452642440796;0.493170698483785;0.8239750862121582;0.2824788490931193;0.5240726272265116;0.8603306611378988;-0.009265169966965914;;girando ;
2.13;0.527005672454834;0.22215428948402405;0.08183149993419647;0.4708738923072815;0.2797371745109558;0.05653853714466095;0.5457829236984253;0.28699812293052673;-0.09542108327150345;0.4330814778804779;0.3055841028690338;0.1270645409822464;0.6018846035003662;0.32417726516723633;-0.16104266047477722;0.4830318093299866;0.5190526247024536;0.07066293060779572;0.5163813829421997;0.5274779200553894;-0.07106000185012817;0.4973301887512207;0.6642224788665771;0.17932763695716858;0.5193398594856262;0.686764657497406;-0.006052840035408735;0.5221254050731658;0.2001676082611084;0.0740843982435763;0.3766246363520622;0.3088153526186943;0.20279696956276894;0.6771201193332672;0.35748276859521866;-0.20909540355205536;0.4933536450068156;0.8270364801088969;0.2999701499938965;0.5236166914304098;0.8612215121587118;0.031701830215752125;;girando ;
2.17;0.5267818570137024;0.22058318555355072;0.0801529586315155;0.4704168736934662;0.27973759174346924;0.016169937327504158;0.5496071577072144;0.28775691986083984;-0.08270815014839172;0.42825305461883545;0.3048447072505951;0.05824139714241028;0.6063187718391418;0.3240673243999481;-0.11519638448953629;0.48294296860694885;0.5211403369903564;0.0477069690823555;0.5191092491149902;0.5282956957817078;-0.04814155772328377;0.4951827824115753;0.668282687664032;0.17216956615447998;0.5200865268707275;0.6882851719856262;0.027613701298832893;0.5214271724224091;0.19898685663938523;0.06854992974549531;0.37200483679771423;0.309296078979969;0.10062555782496929;0.6816165596246719;0.357212096452713;-0.13511944003403187;0.49152565002441406;0.8313937187194824;0.29260743657747906;0.5250634948412577;0.8622685472170512;0.07619189843535423;;girando ;
2.2;0.5265670418739319;0.22010011970996857;0.08432869613170624;0.47016051411628723;0.27966636419296265;0.01284599769860506;0.5509726405143738;0.28842416405677795;-0.07852056622505188;0.4236951768398285;0.30335158109664917;0.04831860587000847;0.6083516478538513;0.3236156404018402;-0.09471927583217621;0.4827209413051605;0.5233123302459717;0.04208659380674362;0.5205385088920593;0.5298473834991455;-0.04257642477750778;0.4917715787887573;0.6742143034934998;0.16198718547821045;0.520729660987854;0.6921481490135193;0.04759000241756439;0.5209666848182678;0.19863561987876893;0.07253506183624267;0.3650636002421379;0.30903422087430954;0.08344661444425583;0.686248704791069;0.35542141646146774;-0.08934570848941803;0.48990877469380695;0.836236854394277;0.28543491164843243;0.5254856546719869;0.8633367021878561;0.11653499553600948;;girando ;
2.23;0.5252499580383301;0.21919552981853485;0.08250439167022705;0.47014757990837097;0.2795039713382721;-0.006137896329164505;0.5530745983123779;0.2898116409778595;-0.07822596281766891;0.41831186413764954;0.3016408085823059;0.01679636910557747;0.6115900874137878;0.3229595124721527;-0.07662368565797806;0.48273956775665283;0.5245576500892639;0.031636107712984085;0.5220984220504761;0.5311019420623779;-0.032155003398656845;0.48740071058273315;0.6802798509597778;0.15039889514446259;0.5214461088180542;0.6944845914840698;0.07432866096496582;0.5198514461517334;0.19792692512273788;0.0689324013888836;0.3552451655268669;0.31027212738990784;0.04102790355682373;0.6907318383455276;0.3552138954401016;-0.05090143717825413;0.48807559410731;0.8424843152364095;0.2784751057624817;0.5257055759429932;0.8641875982284546;0.16359041134516397;;girando ;
2.27;0.5235725045204163;0.21800312399864197;0.09614889323711395;0.4699840247631073;0.2790142893791199;-0.00032887421548366547;0.5541465878486633;0.28996482491493225;-0.06857095658779144;0.4159347712993622;0.3008156716823578;0.014945601113140583;0.6134413480758667;0.32248765230178833;-0.07716002315282822;0.4828018546104431;0.5242481827735901;0.02886958234012127;0.5238097310066223;0.5309550166130066;-0.02936958149075508;0.48586443066596985;0.6832472681999207;0.12382705509662628;0.5216838717460632;0.6950093507766724;0.05903477221727371;0.5188054025173188;0.19711073935031892;0.08128718780353665;0.34942640364170074;0.3100595027208328;0.02989799017086625;0.6931009441614151;0.35530783981084824;-0.06550362054258585;0.48531532287597656;0.8493509093920389;0.2270494649807612;0.5249078273773193;0.8652892708778381;0.12884735812743506;;girando ;
2.3;0.5221310257911682;0.21801257133483887;0.07767590135335922;0.4693962037563324;0.2787366509437561;-0.024370554834604263;0.5541515946388245;0.2897397577762604;-0.07978644222021103;0.4141109883785248;0.2993296682834625;-0.01226261630654335;0.6137503981590271;0.32222139835357666;-0.06389545649290085;0.4826967120170593;0.5240958333015442;0.022822663187980652;0.524660587310791;0.5307687520980835;-0.023362213745713234;0.4836499094963074;0.6849920153617859;0.12549510598182678;0.5217596888542175;0.6953923106193542;0.07945763319730759;0.5178300499916076;0.19712893813848495;0.06335584237240255;0.34299250692129135;0.3083856552839279;0.0026746122748591006;0.6944760829210281;0.3545607104897499;-0.013091436005197465;0.4840957224369049;0.8512778282165527;0.23763546844323477;0.524344801902771;0.8659194310506185;0.16914082070191702;;girando ;
2.33;0.5212287306785583;0.2183208018541336;0.06824593991041183;0.4686634838581085;0.27818265557289124;-0.06132454797625542;0.5542635321617126;0.289432555437088;-0.07223442196846008;0.410880982875824;0.2993853688240051;-0.06114150583744049;0.6141852140426636;0.3219834864139557;-0.04078828543424606;0.4827544391155243;0.5245017409324646;0.0002447621081955731;0.5255706906318665;0.5306909680366516;-0.0007917314069345593;0.481611043214798;0.6850070953369141;0.11189482361078262;0.5215481519699097;0.6949718594551086;0.12358655035495758;0.5171972036361694;0.19727867394685744;0.05232453271746636;0.33594783395528793;0.3090911731123924;-0.049848897382617;0.6929508298635483;0.3539532944560051;0.017020473023876548;0.48179036378860474;0.8513744870821635;0.22859569390614828;0.5235974192619324;0.8653031984965006;0.23519027729829153;;girando ;
2.37;0.5203517079353333;0.218337282538414;0.06569258123636246;0.46837446093559265;0.27791211009025574;-0.07660890370607376;0.5548863410949707;0.2892650067806244;-0.05677669495344162;0.4074009358882904;0.2992634177207947;-0.08476849645376205;0.6138598322868347;0.32117366790771484;-0.016742656007409096;0.4827963411808014;0.5248712301254272;-0.015576730482280254;0.5262094140052795;0.5305788516998291;0.015051489695906639;0.479854941368103;0.6844587922096252;0.09536896646022797;0.5214850902557373;0.6946004629135132;0.12981942296028137;0.5166036188602448;0.19732149988412856;0.04978138357400894;0.3325994461774826;0.30934572219848633;-0.07661711052060127;0.6899729669094086;0.35350097715854645;0.049382916651666164;0.48053111632664997;0.8512711723645529;0.21054202814896902;0.5212613344192505;0.8640029430389404;0.23566883305708566;;girando ;
2.4;0.5198960900306702;0.218964621424675;0.06331048160791397;0.46701759099960327;0.27802374958992004;-0.09049291163682938;0.5539693832397461;0.28915640711784363;-0.055724937468767166;0.40380924940109253;0.29965442419052124;-0.11468998342752457;0.6122499704360962;0.3202582001686096;-0.006754687987267971;0.48284533619880676;0.5260723829269409;-0.02297951653599739;0.5269197225570679;0.530572235584259;0.022458268329501152;0.4797933101654053;0.684898316860199;0.08418641239404678;0.5212970972061157;0.6943451762199402;0.13595952093601227;0.5160456418991088;0.19761491566896439;0.042809412628412244;0.3283960670232773;0.30969323962926865;-0.12504331767559052;0.6903288960456848;0.35315312445163727;0.07670236751437187;0.48166557153066;0.8535379568735758;0.1966556708017985;0.5210097432136536;0.8647757768630981;0.24529966215292612;;girando ;
2.43;0.5191614031791687;0.21997369825839996;0.07469028234481812;0.4653221070766449;0.2788701057434082;-0.07900741696357727;0.552814781665802;0.2890954911708832;-0.03763851523399353;0.4010060131549835;0.2998676598072052;-0.10900088399648666;0.6092014908790588;0.31932103633880615;0.017590170726180077;0.48287925124168396;0.5267997980117798;-0.025553537532687187;0.5269349217414856;0.5305438041687012;0.02503129653632641;0.47981488704681396;0.6854049563407898;0.07632884383201599;0.521194338798523;0.6943010687828064;0.12766873836517334;0.514980036020279;0.19825426936149598;0.05493915006518364;0.32635805755853653;0.3099536597728729;-0.12255695648491383;0.6867521107196808;0.35287344455718994;0.11735988967120647;0.4815474947293599;0.8586307962735494;0.18334990739822388;0.5195433696111044;0.8639213045438131;0.22889662285645804;;girando ;
2.47;0.5181700587272644;0.2215627133846283;0.07147292792797089;0.4636814594268799;0.28042128682136536;-0.08445078134536743;0.551816999912262;0.28905928134918213;-0.03408169746398926;0.40005406737327576;0.30000215768814087;-0.14158326387405396;0.606907844543457;0.3184419274330139;0.03355763107538223;0.48286017775535583;0.5283512473106384;-0.02676538936793804;0.5266510844230652;0.5306933522224426;0.026175716891884804;0.47984474897384644;0.6892480254173279;0.07085909694433212;0.5211715698242188;0.6945887804031372;0.12488136440515518;0.5136362075805664;0.19983180314302446;0.05267525687813759;0.32391972094774246;0.3113924488425255;-0.1876806616783142;0.6841143071651459;0.34986046701669693;0.15616997703909874;0.48151956995328266;0.864584485689799;0.16780605912208557;0.5194497108459473;0.8641042311986288;0.22114669779936472;;girando ;
2.5;0.5167331099510193;0.22267907857894897;0.07831660658121109;0.4610230028629303;0.2827414274215698;-0.07607579976320267;0.5514515042304993;0.288993775844574;-0.0279838889837265;0.397054523229599;0.3008061945438385;-0.11606525629758835;0.605705976486206;0.31844937801361084;0.03414446860551834;0.48251238465309143;0.5298424959182739;-0.022693080827593803;0.5262739658355713;0.5307806134223938;0.022096168249845505;0.4799085259437561;0.6913458704948425;0.07823314517736435;0.521058201789856;0.6945409774780273;0.1274384707212448;0.5119846343994141;0.2011948525905609;0.05868850201368332;0.32167453318834305;0.3141550198197365;-0.1333962343633175;0.6834391355514526;0.35011445730924606;0.1550157517194748;0.48183779915173847;0.866321325302124;0.178894504904747;0.5199088255564371;0.8639963467915853;0.232520322004954;;girando ;
2.53;0.514612078666687;0.22317315638065338;0.0833849310874939;0.4581480324268341;0.28440290689468384;-0.07954126596450806;0.5506857633590698;0.28893962502479553;-0.018053770065307617;0.39504677057266235;0.30227091908454895;-0.1259685754776001;0.6044104695320129;0.3185622990131378;0.04716670140624046;0.4818786084651947;0.5307008624076843;-0.025759564712643623;0.5258989334106445;0.5308492183685303;0.025199664756655693;0.4796307682991028;0.6951100826263428;0.0655246302485466;0.5209859013557434;0.6951353549957275;0.12221220135688782;0.5097299635410308;0.2016947329044342;0.06235229093581438;0.31971360743045807;0.3167554512619972;-0.13625919446349144;0.6788989901542664;0.3504341095685959;0.17598975077271461;0.48196539282798767;0.8683667381604513;0.15780618290106455;0.5214635928471884;0.8650350173314413;0.22103706995646158;;girando ;
2.57;0.5104727745056152;0.2234703153371811;0.1007283553481102;0.45498552918434143;0.2853609621524811;-0.07634582370519638;0.5469444990158081;0.28890836238861084;-0.006013588979840279;0.3923792839050293;0.30430513620376587;-0.11415239423513412;0.5963737368583679;0.3185763657093048;0.0797046348452568;0.48105674982070923;0.5306658148765564;-0.02253316529095173;0.5252741575241089;0.5304290056228638;0.022029561921954155;0.4795399010181427;0.6942695379257202;0.0553036630153656;0.5209405422210693;0.6943480372428894;0.11080777645111084;0.5057053029537201;0.2022062733769417;0.07792149669257924;0.31877949833869934;0.3197622001171112;-0.10912350378930569;0.6615076959133148;0.3504340872168541;0.238525390625;0.48273443182309467;0.8673748970031738;0.1321697657306989;0.5215905507405599;0.8640514810880026;0.18684090673923492;;girando ;
2.6;0.504664957523346;0.2236003279685974;0.1086483746767044;0.4521995782852173;0.28557464480400085;-0.07550754398107529;0.542532205581665;0.2883269190788269;0.0029741066973656416;0.38907361030578613;0.3055794835090637;-0.1177142783999443;0.5917227268218994;0.3182451128959656;0.0805591493844986;0.47980451583862305;0.5305399298667908;-0.02761891670525074;0.5236263871192932;0.5273135304450989;0.027105050161480904;0.47976550459861755;0.6935148239135742;0.05284743383526802;0.5204977989196777;0.6906065344810486;0.1091417744755745;0.5005160182714462;0.20254974365234374;0.08598710405640304;0.3149423226714134;0.3224188834428787;-0.12946400232613087;0.657721146941185;0.350571908056736;0.21873756870627403;0.4833185871442159;0.8664012749989828;0.131244994699955;0.5225369731585184;0.8624518116315206;0.18911436200141907;;girando ;
2.63;0.5013725161552429;0.2238149344921112;0.10582283139228821;0.44987353682518005;0.28595834970474243;-0.07786305248737335;0.5391805768013;0.28813886642456055;0.0016000743489712477;0.38762131333351135;0.30629995465278625;-0.11729500442743301;0.5872942209243774;0.3172796070575714;0.0776904970407486;0.4780968129634857;0.5304630994796753;-0.027073001489043236;0.5209710597991943;0.5268564820289612;0.026541132479906082;0.4796958565711975;0.6930390000343323;0.058409713208675385;0.5199228525161743;0.6888306140899658;0.11224663257598877;0.49710471630096437;0.20273632258176805;0.08330058925785125;0.3141613304615021;0.32610519975423813;-0.12059990502893925;0.6518974006175995;0.35026951879262924;0.2131020426750183;0.4828735788663228;0.8658534288406372;0.14410783847173056;0.5235331058502197;0.8590171337127686;0.195681502421697;;girando ;
2.67;0.49887317419052124;0.22408567368984222;0.11411970853805542;0.4491831362247467;0.28587472438812256;-0.07569800317287445;0.5358108878135681;0.2879275679588318;0.01216042973101139;0.38676390051841736;0.3085562586784363;-0.12166525423526764;0.5815632939338684;0.31717976927757263;0.09394285082817078;0.47618499398231506;0.5314455628395081;-0.03142360597848892;0.5183364152908325;0.5267194509506226;0.03090803325176239;0.47929826378822327;0.6943054795265198;0.048092231154441833;0.519170880317688;0.6884850859642029;0.11656354367733002;0.4944321155548096;0.20297708362340927;0.09155989612918347;0.3129269853234291;0.3314523845911026;-0.12862168066203594;0.6444429755210876;0.3501657024025917;0.23963088542222977;0.4814663628737132;0.8661841948827108;0.12846684952576956;0.5249780416488647;0.85786372423172;0.20681338012218475;;girando ;
2.7;0.49421775341033936;0.22490237653255463;0.12157846242189407;0.44723251461982727;0.2862006425857544;-0.07333368062973022;0.5321372151374817;0.28797000646591187;0.022266505286097527;0.38698580861091614;0.3106078803539276;-0.12958060204982758;0.5785571932792664;0.31701841950416565;0.110756516456604;0.47505173087120056;0.5323137640953064;-0.03547308221459389;0.5157399773597717;0.5265197157859802;0.03493858128786087;0.4791834056377411;0.6958110332489014;0.0438002310693264;0.5184016823768616;0.6885372400283813;0.1136966347694397;0.490163180232048;0.20355718433856965;0.09900865815579891;0.31359558552503586;0.3347759023308754;-0.15234380960464478;0.6336236000061035;0.3480748161673546;0.2660989835858345;0.4808611472447713;0.8672988613446554;0.1184025506178538;0.5273564457893372;0.8575112620989481;0.20029318829377493;;girando ;
2.73;0.4882233440876007;0.2253616899251938;0.11161062866449356;0.4478823244571686;0.2861275374889374;-0.08704005181789398;0.5297471284866333;0.28754153847694397;0.021315766498446465;0.38901326060295105;0.31045618653297424;-0.1792888343334198;0.5739489197731018;0.3169194161891937;0.13044628500938416;0.47511106729507446;0.5325612425804138;-0.0484466627240181;0.514506995677948;0.5249813199043274;0.04788917303085327;0.47854921221733093;0.6958917379379272;0.035367317497730255;0.5160791277885437;0.6862615942955017;0.13041362166404724;0.48503272235393524;0.20380248129367828;0.09006710883695632;0.3164633959531784;0.33649589866399765;-0.2494911178946495;0.6285886913537979;0.3493100479245186;0.3196253404021263;0.48095737894376117;0.8682474891344706;0.1201094388961792;0.5245590607325236;0.855032205581665;0.2224619040886561;;girando ;
2.77;0.4855140149593353;0.22685657441616058;0.09416615962982178;0.4487360417842865;0.2860710322856903;-0.11630868911743164;0.528232216835022;0.287523478269577;0.027759967371821404;0.39047762751579285;0.31120845675468445;-0.23070861399173737;0.5657382011413574;0.3177624046802521;0.1685696542263031;0.4752025604248047;0.532488226890564;-0.06142089515924454;0.5133690237998962;0.5225948095321655;0.0608036108314991;0.47805315256118774;0.6956603527069092;0.025737831369042397;0.512937068939209;0.6798368692398071;0.1554466038942337;0.48250881135463713;0.20487681776285172;0.06890318123623729;0.31793563812971115;0.3369665965437889;-0.323336161673069;0.6185571998357773;0.3489740416407585;0.3935501426458359;0.48206467429796857;0.8692844112714132;0.10406927019357681;0.5250957012176514;0.8480565547943115;0.25299329062302905;;girando ;
2.8;0.4798426032066345;0.2268158495426178;0.06732948869466782;0.44923245906829834;0.28561192750930786;-0.13654039800167084;0.5263386368751526;0.28652289509773254;0.02843034639954567;0.3966829478740692;0.3112543523311615;-0.20096521079540253;0.5611048936843872;0.31811225414276123;0.17421984672546387;0.47541385889053345;0.5307796001434326;-0.06981582194566727;0.5121197700500488;0.5176328420639038;0.06913216412067413;0.47778499126434326;0.6946736574172974;-0.0015731583116576076;0.5089073777198792;0.6733430027961731;0.16486898064613342;0.47784175872802737;0.20487056374549867;0.0416775818914175;0.3244231194257736;0.33618348836898804;-0.22408685460686684;0.6077584773302078;0.34868816286325455;0.3914865553379059;0.4831906755765279;0.8695566058158875;0.040418604388833046;0.5218810637791952;0.8400790095329285;0.24246472120285034;;girando ;
2.83;0.4737567603588104;0.226874440908432;0.04666056111454964;0.4494847357273102;0.28560206294059753;-0.14789578318595886;0.5230638980865479;0.28544628620147705;0.03275550901889801;0.3992944359779358;0.3117196261882782;-0.18492674827575684;0.5571867227554321;0.3181295096874237;0.19088993966579437;0.47561824321746826;0.5315988659858704;-0.07807555049657822;0.5091509819030762;0.5182582139968872;0.07738372683525085;0.4780677258968353;0.694707989692688;-0.01899360865354538;0.5004269480705261;0.6717814803123474;0.1944381594657898;0.47309372425079343;0.20507865101099015;0.020264375873375685;0.3331916183233261;0.33721616119146347;-0.16166933625936508;0.6004946678876877;0.34807784110307693;0.42283768951892853;0.4823967516422272;0.8699000875155131;0.00960608230282863;0.5178856352965037;0.8289947112401327;0.28919582565625507;;girando ;
2.87;0.46956127882003784;0.22717127203941345;0.051591772586107254;0.4497591555118561;0.2863394320011139;-0.16412381827831268;0.5208231806755066;0.2845900356769562;0.07103447616100311;0.40488627552986145;0.3133033215999603;-0.2236005961894989;0.553303062915802;0.3195614218711853;0.27180179953575134;0.47569140791893005;0.5333420038223267;-0.08706339448690414;0.5070503354072571;0.5183497667312622;0.08654520660638809;0.4790022373199463;0.6931018233299255;-0.03144441545009613;0.49019655585289;0.670012354850769;0.17648081481456757;0.4693803459405899;0.20538744181394578;0.023980126809328796;0.34435392171144485;0.3397938758134842;-0.1900719329714775;0.5593243092298508;0.3315269500017166;0.5558052211999893;0.48286370436350506;0.8693997859954834;-0.004739710905899604;0.5047210156917572;0.8316528002421061;0.25643616914749146;;girando ;
2.9;0.4653099775314331;0.22717858850955963;0.05034144967794418;0.45080187916755676;0.2864428460597992;-0.16188274323940277;0.5185298323631287;0.2834540009498596;0.08067183941602707;0.40852341055870056;0.315705806016922;-0.23052585124969482;0.5517606735229492;0.32080981135368347;0.28654903173446655;0.47597232460975647;0.5334692001342773;-0.08762407302856445;0.5059322714805603;0.5187425017356873;0.08714310079813004;0.47901833057403564;0.6930113434791565;-0.04222267121076584;0.4877254068851471;0.6675742268562317;0.180461123585701;0.4659831583499908;0.20528876036405563;0.02118995077908039;0.35846952348947525;0.33903098851442337;-0.2117377407848835;0.5541234612464905;0.33161787688732147;0.5722760558128357;0.48189709583918255;0.8700828949610392;-0.031909303118785225;0.5002551774183909;0.8289349476496378;0.2578838566939036;;girando ;
2.93;0.46203723549842834;0.2268090844154358;0.04854661598801613;0.45516011118888855;0.2855868339538574;-0.16101126372814178;0.5141571164131165;0.2820671796798706;0.09042361378669739;0.4167086184024811;0.318960040807724;-0.27860257029533386;0.5453904867172241;0.32173842191696167;0.3048795759677887;0.47671669721603394;0.5327552556991577;-0.09071484208106995;0.5044718980789185;0.5183935165405273;0.09025108814239502;0.47895973920822144;0.6924499869346619;-0.05331982672214508;0.48531225323677063;0.6654909253120422;0.18256741762161255;0.4633695989847183;0.20416996926069259;0.01865480896085501;0.37041884660720825;0.33875805884599686;-0.3325064331293106;0.5545031428337097;0.33353619277477264;0.599253460764885;0.48079269131024677;0.8706068595250448;-0.051565018792947136;0.4924271802107493;0.8260604739189148;0.257900337378184;;girando ;
2.97;0.45994728803634644;0.22678512334823608;0.02006600797176361;0.4620365500450134;0.2846631407737732;-0.16884766519069672;0.5089580416679382;0.28017762303352356;0.0872717872262001;0.4301187992095947;0.319478839635849;-0.3385777473449707;0.5355092287063599;0.3222322463989258;0.3087306022644043;0.47827214002609253;0.5327335000038147;-0.09289467334747314;0.5006403923034668;0.5186187028884888;0.09236900508403778;0.47887590527534485;0.6919975280761719;-0.058777909725904465;0.4821076989173889;0.6664720177650452;0.17550571262836456;0.46179587543010714;0.20398500859737395;-0.0092149892821908;0.3847620114684105;0.3393673077225685;-0.4601103216409683;0.5429259091615677;0.3343515545129776;0.6063607931137085;0.48094215989112854;0.8697882890701294;-0.04743733381231626;0.4827910860379537;0.8265008330345154;0.25173517564932507;;girando ;
3.0;0.45686882734298706;0.22677777707576752;0.005137405823916197;0.4678395390510559;0.28301459550857544;-0.18069159984588623;0.5063403844833374;0.28028956055641174;0.09907680004835129;0.4496593773365021;0.31928199529647827;-0.40653032064437866;0.5317131876945496;0.3309401571750641;0.3265542685985565;0.4795527160167694;0.5327540040016174;-0.0958363339304924;0.4975355863571167;0.5196439623832703;0.0953381285071373;0.4777676463127136;0.6919600367546082;-0.05173962190747261;0.4788464307785034;0.667402446269989;0.17565299570560455;0.459610316157341;0.2036556974053383;-0.025390671379864217;0.40256180614233017;0.33905838429927826;-0.6071776002645493;0.525714710354805;0.33715060353279114;0.6032092571258545;0.4780181149641673;0.8672330975532532;-0.025363636203110218;0.4762582778930664;0.8277003566424052;0.25054139892260235;;girando ;
3.03;0.4516972005367279;0.22658132016658783;-0.019313467666506767;0.4732736051082611;0.28188249468803406;-0.20636506378650665;0.4946691393852234;0.2790374755859375;0.11522183567285538;0.45764774084091187;0.31992828845977783;-0.4374431371688843;0.49391648173332214;0.33903220295906067;0.3400373160839081;0.48198962211608887;0.5324701070785522;-0.10316558927297592;0.49306049942970276;0.5200827121734619;0.1028907522559166;0.47690466046333313;0.6931833624839783;-0.03881441056728363;0.47762414813041687;0.6747518181800842;0.17197462916374207;0.45561209619045256;0.20295108556747438;-0.050503928773105146;0.4140421524643898;0.3392290696501732;-0.6370479017496109;0.4645188897848129;0.35668236017227173;0.5927507728338242;0.47579466303189594;0.8669684529304504;0.003187676270802816;0.47279633084932965;0.8354570269584656;0.24609034756819406;;girando ;
3.07;0.4482215940952301;0.22633400559425354;-0.015604139305651188;0.47682201862335205;0.2801555097103119;-0.2033366858959198;0.48649874329566956;0.27784374356269836;0.13464701175689697;0.46794334053993225;0.31967875361442566;-0.4399961829185486;0.4873341917991638;0.33774277567863464;0.367608904838562;0.48380377888679504;0.5297179818153381;-0.10506629198789597;0.4909527003765106;0.5199195146560669;0.10485075414180756;0.47679951786994934;0.6928256750106812;-0.056598883122205734;0.47771453857421875;0.6773579716682434;0.15420815348625183;0.4529536008834839;0.20257207602262498;-0.04735056683421135;0.4329165443778038;0.33925674855709076;-0.6455601751804352;0.4660433828830719;0.35477521270513535;0.6295660436153412;0.47411832213401794;0.8662428061167399;-0.02238090957204501;0.47088853518168133;0.8388622800509135;0.20333623389403024;;girando ;
3.1;0.44771525263786316;0.225747749209404;-0.009338753297924995;0.4797544777393341;0.2785240709781647;-0.18810488283634186;0.48077717423439026;0.27798253297805786;0.14356350898742676;0.47859007120132446;0.2985316812992096;-0.42255523800849915;0.4913550615310669;0.3509133458137512;0.350012868642807;0.48427557945251465;0.5290324091911316;-0.10422014445066452;0.4849850535392761;0.5201681852340698;0.10406927019357681;0.47664445638656616;0.6924816370010376;-0.06887657940387726;0.4770561158657074;0.6801005601882935;0.13624577224254608;0.4524061769247055;0.20215876400470734;-0.040454570390284064;0.4578796327114105;0.3289611339569092;-0.6328197568655014;0.47294924408197403;0.3835284411907196;0.5631228685379028;0.4739190737406413;0.8652252952257792;-0.046192326272527374;0.47109896938006085;0.8421765168507894;0.17342697083950043;;girando ;
3.13;0.4479401111602783;0.2247714251279831;-0.008576788008213043;0.4780428409576416;0.27613964676856995;-0.19211404025554657;0.4806118309497833;0.2780452072620392;0.14674241840839386;0.4805375635623932;0.29170024394989014;-0.4378936290740967;0.491963654756546;0.34975382685661316;0.37315136194229126;0.48400917649269104;0.5259304642677307;-0.10741142183542252;0.48501870036125183;0.5193100571632385;0.10728105157613754;0.47667765617370605;0.6912913918495178;-0.07120662182569504;0.4774017035961151;0.6806260943412781;0.13835608959197998;0.4527734279632568;0.2014830857515335;-0.03959391321986914;0.46848346292972565;0.32477569580078125;-0.6611150354146957;0.47883111983537674;0.35829948633909225;0.6240875720977783;0.4733968178431193;0.8650553425153097;-0.05514896040161451;0.4705802996953328;0.8430644273757935;0.17631002267201742;;girando ;
3.17;0.44719621539115906;0.2241402268409729;-0.02961617521941662;0.4784221351146698;0.2761284112930298;-0.20376627147197723;0.4784265160560608;0.2783251702785492;0.1313275843858719;0.4838075339794159;0.2886325418949127;-0.45478302240371704;0.4834984242916107;0.3134787678718567;0.3731570839881897;0.4847039580345154;0.5248051881790161;-0.10670478641986847;0.48384517431259155;0.5193735361099243;0.10656878352165222;0.4767095148563385;0.6895462870597839;-0.06953959912061691;0.47741761803627014;0.6809418797492981;0.1432078331708908;0.45241340696811677;0.20053430944681166;-0.05845504365861416;0.48225944489240646;0.31381791085004807;-0.6920944303274155;0.4821978285908699;0.3145627826452255;0.6483061611652374;0.47321945428848267;0.865062932173411;-0.05327867095669111;0.4701164662837982;0.8428738713264465;0.19136522710323334;;girando ;
3.2;0.4476301074028015;0.22471831738948822;-0.04222922772169113;0.4807202219963074;0.2782897651195526;-0.20162618160247803;0.4747036397457123;0.28347137570381165;0.13548295199871063;0.4911762773990631;0.29675358533859253;-0.44508400559425354;0.4814217686653137;0.3275904655456543;0.3718770146369934;0.4863172173500061;0.5247281193733215;-0.10648718476295471;0.481842964887619;0.5196788907051086;0.10639320313930511;0.47684532403945923;0.6879557371139526;-0.07116775959730148;0.47678059339523315;0.6808763146400452;0.14546385407447815;0.4524988353252411;0.20070719718933105;-0.0696914728730917;0.49499231576919556;0.31717509031295776;-0.6891909688711166;0.4851771369576454;0.32452859729528427;0.6163726449012756;0.47332844138145447;0.8644044001897176;-0.05157609594364961;0.4699529806772868;0.8427460193634033;0.1976244846979777;;girando ;
3.23;0.4482700824737549;0.22502398490905762;-0.0400930717587471;0.48163384199142456;0.277513712644577;-0.1944756805896759;0.4684126079082489;0.2842388451099396;0.1390521377325058;0.4986671507358551;0.3044257164001465;-0.43952468037605286;0.46131816506385803;0.3361566662788391;0.3662744164466858;0.489166259765625;0.5211731195449829;-0.10611356049776077;0.4813028872013092;0.5185105204582214;0.1062624603509903;0.4768991768360138;0.6852673292160034;-0.0893775001168251;0.4768466353416443;0.6807591319084167;0.11796358972787857;0.4527558028697968;0.200913704931736;-0.06595789007842541;0.5086542963981628;0.31562499701976776;-0.6971630603075027;0.4410892650485039;0.3440273702144623;0.6030458956956863;0.47266964117685956;0.8636588056882223;-0.09453549732764562;0.4699925482273102;0.8431403040885925;0.1451971853772799;;girando ;
3.27;0.4488111436367035;0.22622887790203094;-0.08315616846084595;0.486383318901062;0.27828994393348694;-0.17735865712165833;0.4611193835735321;0.2859048843383789;0.13055860996246338;0.5072582364082336;0.30474498867988586;-0.4159134328365326;0.453251451253891;0.33572039008140564;0.3571200370788574;0.4913768470287323;0.5163597464561462;-0.09873124212026596;0.47453731298446655;0.5145217180252075;0.09887731075286865;0.4775131046772003;0.6799476146697998;-0.1220485121011734;0.4735645651817322;0.679243803024292;0.11089663207530975;0.452956947684288;0.2020666018128395;-0.10438593789003789;0.5330274701118469;0.3150215223431587;-0.6711510419845581;0.4224527180194855;0.35177770256996155;0.5850080251693726;0.4736848771572113;0.8607263167699178;-0.14831476410230002;0.4697512189547221;0.8407614429791769;0.14905672272046408;;girando ;
3.3;0.44947636127471924;0.22767964005470276;-0.13130097091197968;0.49187171459198;0.2793714702129364;-0.1777145117521286;0.45737963914871216;0.2871020436286926;0.10691031813621521;0.5143107771873474;0.3043394982814789;-0.4103587865829468;0.4442666471004486;0.3347018361091614;0.3545711934566498;0.49293720722198486;0.5143269896507263;-0.09332296997308731;0.47237154841423035;0.5122741460800171;0.09341815114021301;0.47800636291503906;0.6753364205360413;-0.13773231208324432;0.47204652428627014;0.6759383678436279;0.11681171506643295;0.4534061163663864;0.20320800542831421;-0.15203529968857765;0.5510427057743073;0.31389980763196945;-0.6687859296798706;0.4044717624783516;0.3538663983345032;0.5686616152524948;0.47578802704811096;0.8593318462371826;-0.17139719923337302;0.47083837787310284;0.839298407236735;0.1673203408718109;;girando ;
3.33;0.4499431550502777;0.22805462777614594;-0.13416574895381927;0.49505525827407837;0.27938002347946167;-0.1731833517551422;0.45384782552719116;0.28886690735816956;0.10526253283023834;0.5181460976600647;0.30287283658981323;-0.3821485638618469;0.439716637134552;0.33264169096946716;0.35035035014152527;0.49351033568382263;0.5108911991119385;-0.0909588634967804;0.4695471525192261;0.5100222826004028;0.09099043905735016;0.4790714979171753;0.6679976582527161;-0.14853626489639282;0.4712224006652832;0.6707830429077148;0.11177397519350052;0.4538419544696808;0.203350667655468;-0.15300190150737764;0.5652409493923187;0.3108639344573021;-0.643483892083168;0.3940521329641342;0.35583799332380295;0.5865005552768707;0.48006389538447064;0.8542755444844564;-0.18427959581216177;0.47133857011795044;0.8353945215543112;0.16429859896500906;;girando ;
3.37;0.450161874294281;0.2286200374364853;-0.14692842960357666;0.49684226512908936;0.27945634722709656;-0.16541261970996857;0.4500464200973511;0.29175153374671936;0.10381226241588593;0.5222850441932678;0.3023914098739624;-0.33833327889442444;0.4312083125114441;0.3325711190700531;0.3469462990760803;0.49389758706092834;0.5064513683319092;-0.09091237932443619;0.4681430757045746;0.5070566534996033;0.0909060686826706;0.48070433735847473;0.6650100946426392;-0.14018335938453674;0.47104212641716003;0.6676774621009827;0.11827003955841064;0.4546820461750031;0.20377293676137925;-0.16264632232487203;0.577677771449089;0.3095524236559868;-0.5794976204633713;0.3819323778152466;0.35637105256319046;0.5843560248613358;0.4841517011324565;0.849992831548055;-0.16945662101109824;0.4717639684677124;0.8313941359519958;0.1688677320877711;;girando ;
3.4;0.45019108057022095;0.22916601598262787;-0.16313374042510986;0.4987472891807556;0.28008562326431274;-0.16574983298778534;0.44635912775993347;0.2948656380176544;0.0945868045091629;0.5351450443267822;0.29938554763793945;-0.3230364918708801;0.4186350703239441;0.3332015573978424;0.34524741768836975;0.49472251534461975;0.5061990022659302;-0.09045185148715973;0.4665735960006714;0.5067459344863892;0.09042155742645264;0.48260000348091125;0.665295422077179;-0.12405902147293091;0.4693959057331085;0.666803240776062;0.0863625630736351;0.4555927038192749;0.20447535812854767;-0.17744952216744422;0.5927384495735168;0.3089118227362633;-0.5620754957199097;0.36683439463377;0.3578481003642082;0.5731063038110733;0.4881381392478943;0.8460484345753988;-0.11590021351973216;0.471555491288503;0.8289822737375895;0.14223913103342056;;girando ;
3.43;0.45132678747177124;0.22955471277236938;-0.16157333552837372;0.502413809299469;0.2814866304397583;-0.14638003706932068;0.4428556263446808;0.29594966769218445;0.075406514108181;0.5456292629241943;0.29971641302108765;-0.2692682147026062;0.4127166271209717;0.33407267928123474;0.32658693194389343;0.49531906843185425;0.5075476169586182;-0.08109115064144135;0.46378570795059204;0.5074094533920288;0.08101220428943634;0.4858452379703522;0.6671493649482727;-0.06575357913970947;0.4668809175491333;0.6670082211494446;0.08525095134973526;0.4572436809539795;0.20530372112989426;-0.17348423339426516;0.6028608828783035;0.3095705956220627;-0.48022256046533585;0.36132172495126724;0.3577670231461525;0.5603086054325104;0.4929378827412923;0.841744581858317;-0.010701888551314672;0.4700689415136973;0.8276654680569967;0.1546614021062851;;girando ;
3.47;0.4542334973812103;0.2297528237104416;-0.1763642281293869;0.5056543946266174;0.2833930253982544;-0.14395038783550262;0.44012463092803955;0.2965039312839508;0.05269088223576546;0.5507522225379944;0.30126655101776123;-0.2665116786956787;0.40512555837631226;0.33409395813941956;0.28715887665748596;0.49527567625045776;0.5082175731658936;-0.07553060352802277;0.46159085631370544;0.5082095861434937;0.07545057684183121;0.48808878660202026;0.6682416796684265;-0.042139798402786255;0.46595996618270874;0.6670801043510437;0.09801477193832397;0.45966280698776246;0.20583024621009827;-0.18670426160097123;0.6100146472454071;0.3099886178970337;-0.4871618151664734;0.3526444435119629;0.35735824704170227;0.4946354255080223;0.4961649477481842;0.8400063713391622;0.032938750460743904;0.4698964258035024;0.8262941241264343;0.1989796757698059;;girando ;
3.5;0.4563339650630951;0.22978544235229492;-0.1664201319217682;0.5073860287666321;0.28438419103622437;-0.1335858255624771;0.4376819133758545;0.29710516333580017;0.053296905010938644;0.5551060438156128;0.30137738585472107;-0.23972761631011963;0.3986681401729584;0.33397719264030457;0.2479996532201767;0.4954057037830353;0.5106773972511292;-0.07176858931779861;0.45930051803588867;0.5113953948020935;0.07170752435922623;0.49276986718177795;0.6689736843109131;-0.03423387557268143;0.46542754769325256;0.6671496033668518;0.1026725023984909;0.46163450479507445;0.206040658056736;-0.17693980634212494;0.6168027818202972;0.31016018986701965;-0.4333326369524002;0.343909852206707;0.3571268320083618;0.40800192207098007;0.4993838469187419;0.8406129479408264;0.04763113893568516;0.4701708455880483;0.8265586892763773;0.2264092763264974;;girando ;
3.53;0.45811790227890015;0.22979171574115753;-0.18535155057907104;0.5087634325027466;0.2858249843120575;-0.14382563531398773;0.43608540296554565;0.2971211075782776;0.032974474132061005;0.5621515512466431;0.30139777064323425;-0.24381107091903687;0.3947819769382477;0.33354267477989197;0.1979711651802063;0.49599960446357727;0.51207435131073;-0.0704234167933464;0.45766398310661316;0.5141159296035767;0.07035119831562042;0.4973263740539551;0.6706959009170532;-0.045136041939258575;0.46520230174064636;0.6694806218147278;0.11397724598646164;0.4638433814048767;0.2061729446053505;-0.19361052811145782;0.6274293065071106;0.31035206466913223;-0.4335695803165436;0.3367217406630516;0.3570401072502136;0.3020216152071953;0.5011414885520935;0.8426039417584738;0.030953948696454365;0.4693886439005534;0.8278799653053284;0.23840315639972687;;girando ;
3.57;0.4601593017578125;0.22980435192584991;-0.18372952938079834;0.5103108286857605;0.2877999246120453;-0.13794071972370148;0.4340786337852478;0.2969765365123749;0.0252354945987463;0.5667092204093933;0.30310943722724915;-0.21927279233932495;0.3914794921875;0.3332834541797638;0.17589889466762543;0.49734392762184143;0.5142446160316467;-0.0636151134967804;0.45713162422180176;0.5172073841094971;0.06353892385959625;0.5014599561691284;0.6756606698036194;-0.02345968596637249;0.46561554074287415;0.6726489663124084;0.12097543478012085;0.466073739528656;0.20627755671739578;-0.1901123397052288;0.6313236951828003;0.3113478496670723;-0.40329955518245697;0.33110411465168;0.3578721061348915;0.2576433904469013;0.5039986371994019;0.84227188428243;0.06712692444367956;0.4682093560695648;0.8293686111768087;0.24241217970848083;;girando ;
3.6;0.463108628988266;0.2300732135772705;-0.19373244047164917;0.5127959847450256;0.29069089889526367;-0.13834168016910553;0.43302178382873535;0.2970934808254242;0.007251848932355642;0.5714147686958313;0.3072108328342438;-0.19148162007331848;0.3888400197029114;0.3332020938396454;0.14670966565608978;0.4983542561531067;0.5169631242752075;-0.061255939304828644;0.45708486437797546;0.5205632448196411;0.06120777502655983;0.504204273223877;0.6785377264022827;-0.015411783009767532;0.4659411609172821;0.6761906147003174;0.13032174110412598;0.46865300834178925;0.2068379446864128;-0.1975245036184788;0.6370625048875809;0.3163389340043068;-0.34314121305942535;0.32734593749046326;0.35785531997680664;0.20470178872346878;0.5055362979571024;0.8420597314834595;0.07797398480276267;0.46792275706926983;0.8300705154736837;0.2641468346118927;;girando ;
3.63;0.4670398235321045;0.22986389696598053;-0.19656868278980255;0.5154701471328735;0.2928803563117981;-0.13441328704357147;0.43346545100212097;0.29718607664108276;-0.011271055787801743;0.5761085152626038;0.31079941987991333;-0.18238414824008942;0.3867454528808594;0.3330744504928589;0.09255466610193253;0.499769389629364;0.5182453393936157;-0.054957062005996704;0.4573744237422943;0.522208034992218;0.05492258444428444;0.5056732296943665;0.6784593462944031;-0.006464809644967318;0.46615728735923767;0.6769023537635803;0.13402888178825378;0.472052001953125;0.20664064735174179;-0.19814823046326638;0.6426226943731308;0.3199048936367035;-0.33254382014274597;0.32292158901691437;0.3580443263053894;0.10196383856236935;0.5066589911778768;0.8405628601710001;0.08243758541842301;0.46783876419067383;0.8304726878801981;0.273761585354805;;vertical;
3.67;0.4697591960430145;0.2297390252351761;-0.21085840463638306;0.5176166296005249;0.2940017580986023;-0.13879135251045227;0.4340459406375885;0.29710853099823;-0.024851657450199127;0.5780590772628784;0.31325870752334595;-0.18869870901107788;0.385349839925766;0.332841694355011;0.06711398810148239;0.500927209854126;0.5185701251029968;-0.05470552667975426;0.45766693353652954;0.5224478840827942;0.05468515679240227;0.5058274269104004;0.6783940196037292;-0.011408910155296326;0.46615222096443176;0.67739337682724;0.1428990662097931;0.47450088560581205;0.2061735838651657;-0.21215282008051872;0.647227555513382;0.32458648830652237;-0.3405689597129822;0.31895841658115387;0.35793136805295944;0.05443458165973425;0.5064234137535095;0.8406703074773153;0.07104194924856226;0.4676638146241506;0.8306707739830017;0.28981076180934906;;vertical;
3.7;0.47268953919410706;0.22905085980892181;-0.21490634977817535;0.5192685127258301;0.29493778944015503;-0.14080092310905457;0.4347072243690491;0.2971700131893158;-0.03739066794514656;0.5792412161827087;0.3143613040447235;-0.18406283855438232;0.38382917642593384;0.3326098322868347;0.03463909029960632;0.5022461414337158;0.518851637840271;-0.05378211662173271;0.45816320180892944;0.522339940071106;0.053739264607429504;0.5061166286468506;0.6783650517463684;-0.010918947868049145;0.466026246547699;0.6773309707641602;0.1425403356552124;0.4770024508237839;0.20534020215272902;-0.2155504733324051;0.6504879891872406;0.32792476564645767;-0.32831501960754395;0.31637731939554214;0.3578427955508232;-0.0035997290397062898;0.5067874789237976;0.8407143155733744;0.07164775378381212;0.4675045410792033;0.8308038711547852;0.2874184896548589;;vertical;
3.73;0.4749327600002289;0.22850576043128967;-0.23037587106227875;0.52127605676651;0.2955078184604645;-0.14211630821228027;0.4356061816215515;0.29721638560295105;-0.055265527218580246;0.581336498260498;0.3153139650821686;-0.17748945951461792;0.3841873109340668;0.33196449279785156;0.003724668873474002;0.5034294724464417;0.5191753506660461;-0.04937751218676567;0.4586312770843506;0.5221059322357178;0.049314990639686584;0.5058588981628418;0.6783262491226196;-0.0018928992794826627;0.46592140197753906;0.6772435307502747;0.14019325375556946;0.47927156686782835;0.20472362488508225;-0.23071180880069733;0.6551492661237717;0.33256153017282486;-0.3126254007220268;0.3146120235323906;0.3577633798122406;-0.05437514651566744;0.5067516366640726;0.8406485319137573;0.084829601769646;0.4670867423216502;0.8311436573664347;0.2685513496398926;;vertical;
3.77;0.4781867563724518;0.22722916305065155;-0.24556408822536469;0.5232966542243958;0.29509636759757996;-0.1479446440935135;0.43628808856010437;0.29702237248420715;-0.07308971881866455;0.5834072232246399;0.3167327046394348;-0.17324091494083405;0.38428476452827454;0.3304147720336914;-0.030840091407299042;0.5047462582588196;0.519159197807312;-0.04561334103345871;0.4587947428226471;0.5214557647705078;0.04552459344267845;0.5058740973472595;0.6782515048980713;0.0019735568203032017;0.46559059619903564;0.6771336793899536;0.1373646855354309;0.48272478878498076;0.20354980379343032;-0.24558927416801452;0.6587962806224823;0.33494826406240463;-0.2986465021967888;0.3122935816645622;0.3573981821537018;-0.11128914728760719;0.5069274504979452;0.8403237263361613;0.08571146428585052;0.46657400329907733;0.8313610156377157;0.2630836417277654;;vertical;
3.8;0.48073768615722656;0.22577381134033203;-0.24578119814395905;0.5240846872329712;0.2948099374771118;-0.14863841235637665;0.4363884925842285;0.2966814935207367;-0.07521309703588486;0.5847464799880981;0.3172927796840668;-0.16871190071105957;0.3851163387298584;0.32904842495918274;-0.03858204185962677;0.5058476328849792;0.5190348029136658;-0.044319432228803635;0.45956265926361084;0.5204037427902222;0.04422580823302269;0.5061090588569641;0.6782044768333435;0.0031358737032860518;0.46500876545906067;0.677081823348999;0.13683009147644043;0.4850058227777481;0.20259458273649217;-0.24543369710445403;0.6616437137126923;0.33779019117355347;-0.29384805262088776;0.3120127022266388;0.3569736033678055;-0.1230643168091774;0.5066529115041097;0.8399041692415873;0.08446160486588876;0.4661271373430888;0.8311845262845358;0.2616177350282669;;vertical;
3.83;0.48530977964401245;0.2259386032819748;-0.2594270408153534;0.5251730680465698;0.2946827709674835;-0.15070852637290955;0.43717333674430847;0.29659509658813477;-0.09820526093244553;0.5866541266441345;0.31815242767333984;-0.16116824746131897;0.38555392622947693;0.3288309872150421;-0.07544182986021042;0.506868839263916;0.5190260410308838;-0.03675856441259384;0.4607710838317871;0.5199388861656189;0.03667597472667694;0.506318211555481;0.6778092980384827;0.00580158457159996;0.4638241231441498;0.6769134998321533;0.1077883318066597;0.48872422575950625;0.20286450237035752;-0.25868016481399536;0.6625091433525085;0.3391551300883293;-0.27515802532434464;0.3109072893857956;0.35610315203666687;-0.1722625233232975;0.5065288345019022;0.8388783733050028;0.08670429450770219;0.46520859003067017;0.8316058317820231;0.21827064951260886;;vertical;
3.87;0.4881551265716553;0.22597487270832062;-0.24750344455242157;0.5275918245315552;0.2948230504989624;-0.13967105746269226;0.4391886293888092;0.296509325504303;-0.09328906238079071;0.5874211192131042;0.3182362914085388;-0.1415536105632782;0.3863671123981476;0.32855790853500366;-0.07887958735227585;0.5078749656677246;0.5192397236824036;-0.03105892799794674;0.4616694450378418;0.5197974443435669;0.0309919361025095;0.5072758793830872;0.6777879595756531;0.006979481317102909;0.4627862274646759;0.6762264370918274;0.08482779562473297;0.49114098250865934;0.20292166620492935;-0.24713826030492783;0.6626132726669312;0.34043844789266586;-0.251599732786417;0.31042343378067017;0.35470540076494217;-0.17978394404053688;0.5063854058583578;0.8379989663759867;0.09970221233864625;0.46440990765889484;0.8317915201187134;0.19660431643327078;;vertical;
3.9;0.4907775819301605;0.2260083109140396;-0.2535855174064636;0.5289279818534851;0.2950992286205292;-0.14036133885383606;0.4414181709289551;0.2964746057987213;-0.10323663800954819;0.5884698033332825;0.31841138005256653;-0.14145943522453308;0.3866035044193268;0.3283703923225403;-0.09369117766618729;0.5088971257209778;0.5194315910339355;-0.027646390721201897;0.4624200463294983;0.519717812538147;0.027534492313861847;0.5077112913131714;0.6782289743423462;0.0004320097796153277;0.4603041410446167;0.6762917637825012;0.06329578906297684;0.4936152040958405;0.2029631480574608;-0.25212509036064146;0.6638863980770111;0.3424313962459564;-0.24696825072169304;0.3109084218740463;0.3541569858789444;-0.19136253744363785;0.5062787731488546;0.8382895787556967;0.11498098199566205;0.4636983076731364;0.8305482665697733;0.19458655516306558;;vertical;
3.93;0.4922062158584595;0.22567178308963776;-0.24626199901103973;0.5302518010139465;0.29524940252304077;-0.1322857290506363;0.4437769055366516;0.29646122455596924;-0.0948416143655777;0.5883920788764954;0.3190675377845764;-0.13192860782146454;0.38728100061416626;0.32789817452430725;-0.08203323930501938;0.509526789188385;0.5194636583328247;-0.02374626323580742;0.46277156472206116;0.5196234583854675;0.02364366501569748;0.5081419944763184;0.6787593960762024;-0.0015795062063261867;0.45777764916419983;0.676417350769043;0.04910269007086754;0.49543384909629823;0.20284912139177322;-0.245116725564003;0.6625946313142776;0.3448912501335144;-0.24216372519731522;0.3129885643720627;0.3533981740474701;-0.179664496332407;0.506167987982432;0.8386619488398234;0.11793900405367215;0.4621634284655253;0.8306400378545126;0.1767800822854042;;vertical;
3.97;0.4935087561607361;0.22559097409248352;-0.24931657314300537;0.5314279198646545;0.29526180028915405;-0.12861646711826324;0.44571995735168457;0.2963475286960602;-0.10320612788200378;0.5889428853988647;0.3203751742839813;-0.12451736629009247;0.38775497674942017;0.32746797800064087;-0.0971018522977829;0.5100835561752319;0.5195624828338623;-0.018770400434732437;0.4631604850292206;0.5195045471191406;0.018671249970793724;0.5086444616317749;0.6792886853218079;-0.0016239890828728676;0.45582088828086853;0.6767614483833313;0.04027971625328064;0.4969523847103119;0.20279742032289505;-0.24748746454715728;0.6625228971242905;0.34607235342264175;-0.23204614222049713;0.31309496611356735;0.35230710357427597;-0.19659170880913734;0.5058219830195109;0.8395956953366598;0.12588249643643698;0.46076412002245587;0.8317487041155497;0.17104113101959229;;vertical;
4.0;0.4945007860660553;0.22540254890918732;-0.24624356627464294;0.5325791239738464;0.295432984828949;-0.12406900525093079;0.4473896324634552;0.295758455991745;-0.10387320816516876;0.589149534702301;0.3214162588119507;-0.1224483996629715;0.38781118392944336;0.32560935616493225;-0.0989079400897026;0.5105705261230469;0.5195642113685608;-0.015438909642398357;0.4637213349342346;0.5192358493804932;0.01534973457455635;0.5088697075843811;0.6795299053192139;0.00398343475535512;0.456510066986084;0.6773279309272766;0.044013842940330505;0.49796023666858674;0.20261084884405137;-0.2445503741502762;0.6624894291162491;0.34795889258384705;-0.23285043239593506;0.31399742513895035;0.35106439143419266;-0.1970927082002163;0.5057017008463541;0.8408751487731934;0.12181433538595836;0.461006224155426;0.8337735732396444;0.16044588883717856;;vertical;
4.03;0.4953526258468628;0.2253938466310501;-0.24136991798877716;0.5330536365509033;0.29564014077186584;-0.10515455901622772;0.44870516657829285;0.2947319746017456;-0.10186636447906494;0.5899862051010132;0.3230833411216736;-0.10268603265285492;0.3881305754184723;0.32376906275749207;-0.10351600497961044;0.5107148289680481;0.519721269607544;-0.008503861725330353;0.4642469584941864;0.5192127823829651;0.008448304608464241;0.5089933276176453;0.6796708703041077;0.016270820051431656;0.45736515522003174;0.6778247952461243;0.04095866531133652;0.49855321645736694;0.2026099756360054;-0.23534142822027207;0.6616860181093216;0.34900491684675217;-0.21799404919147491;0.31467197835445404;0.3502826690673828;-0.20544413104653358;0.5051555236180624;0.8412967522939047;0.12636991838614145;0.46119863788286847;0.836693267027537;0.1474356601635615;;vertical;
4.07;0.495189905166626;0.2254989594221115;-0.23129017651081085;0.5329259634017944;0.29614201188087463;-0.09732791781425476;0.44878891110420227;0.2942163050174713;-0.09560028463602066;0.5900138020515442;0.3252299427986145;-0.09364905208349228;0.3883591890335083;0.32359635829925537;-0.09666402637958527;0.5108540058135986;0.5204830765724182;-0.00787210464477539;0.46480172872543335;0.519811749458313;0.00781648326665163;0.5094893574714661;0.6805921792984009;0.010933768935501575;0.46016183495521545;0.6790460348129272;0.03606266528367996;0.49842481315135956;0.20286860316991806;-0.2272441044449806;0.6606276780366898;0.34920313209295273;-0.20924797654151917;0.3141924664378166;0.3499473035335541;-0.20175712183117867;0.504859189192454;0.8415065209070841;0.12423696120580037;0.4623708426952362;0.8386271794637045;0.14434210459391275;;vertical;
4.1;0.4947887659072876;0.2255079597234726;-0.22754502296447754;0.5331012606620789;0.29702118039131165;-0.09670506417751312;0.44879135489463806;0.29402998089790344;-0.09148649871349335;0.5899184346199036;0.32646510004997253;-0.09559540450572968;0.38852807879447937;0.3224661946296692;-0.09001661837100983;0.5111610889434814;0.5213713049888611;-0.009399962611496449;0.46539318561553955;0.5203836560249329;0.009362447075545788;0.5099158883094788;0.6812078952789307;0.013802101835608482;0.4645746350288391;0.6797556281089783;0.04292839393019676;0.49812503457069396;0.2029479920864105;-0.22467839121818542;0.6598418205976486;0.3497564494609833;-0.21556685492396355;0.31397582590579987;0.34831494837999344;-0.19765136018395424;0.5048703948656718;0.8419007062911987;0.1287833402554194;0.4630046288172404;0.8414909640947977;0.14932859440644583;;vertical;
4.13;0.49484783411026;0.2255501002073288;-0.21893854439258575;0.5329800844192505;0.2977988123893738;-0.08896446973085403;0.4487057030200958;0.29365330934524536;-0.08698518574237823;0.5902628898620605;0.3271099328994751;-0.0880601778626442;0.3886777460575104;0.3212214410305023;-0.08170683681964874;0.5114076137542725;0.5217379331588745;-0.008768316358327866;0.46593087911605835;0.5208187103271484;0.008741219528019428;0.5100447535514832;0.6811923980712891;0.01641690544784069;0.46732068061828613;0.6805175542831421;0.04103401303291321;0.49820576608181;0.20308992862701417;-0.21606343388557434;0.6594091057777405;0.35037388652563095;-0.2107970304787159;0.31382017582654953;0.34542813897132874;-0.18970773369073868;0.5049440264701843;0.8420918186505636;0.13191570589939752;0.4632895191510518;0.8439842859903971;0.14505827675263086;;vertical;
4.17;0.4947865307331085;0.2256079614162445;-0.20591147243976593;0.5325595736503601;0.2980164885520935;-0.07856482267379761;0.44851046800613403;0.2928752899169922;-0.07064998894929886;0.5900534987449646;0.3271903693675995;-0.07811343669891357;0.38876569271087646;0.3204406499862671;-0.0789697989821434;0.511381983757019;0.521756112575531;-0.009260494261980057;0.4662097692489624;0.5211906433105469;0.009225797839462757;0.5100864768028259;0.6811241507530212;0.014845538884401321;0.468540221452713;0.6815564632415771;0.03983302041888237;0.4981879651546478;0.20322622656822203;-0.20240586251020432;0.6592007279396057;0.35090814530849457;-0.20346849784255028;0.31396396458148956;0.34306150674819946;-0.17651719599962234;0.5049949685732523;0.8422698378562927;0.13463124136130014;0.4636642634868622;0.8449506958325704;0.14804341395696005;;vertical;
4.2;0.49450862407684326;0.2255532592535019;-0.2049407660961151;0.5323440432548523;0.2982274889945984;-0.08028070628643036;0.4484795033931732;0.2922448515892029;-0.06750643998384476;0.5897465348243713;0.3272045850753784;-0.0794084221124649;0.3886584937572479;0.3200010061264038;-0.0765472799539566;0.5113086700439453;0.5218173265457153;-0.01023405697196722;0.46630558371543884;0.5213504433631897;0.010192431509494781;0.5099993944168091;0.6812660098075867;0.01315304171293974;0.46821972727775574;0.6833840012550354;0.0401555560529232;0.49796482026576994;0.20318287312984468;-0.2015379048883915;0.6590656787157059;0.3505393788218498;-0.2045765370130539;0.31388960778713226;0.3411095589399338;-0.17511723935604095;0.5050119757652283;0.8426714340845743;0.1328151598572731;0.4639540910720825;0.8450422684351603;0.15304588029781976;;vertical;
4.23;0.49419695138931274;0.22519531846046448;-0.20324985682964325;0.5321289300918579;0.2983253300189972;-0.08258187025785446;0.44844189286231995;0.29174354672431946;-0.0648391842842102;0.5895183086395264;0.32719749212265015;-0.08289016783237457;0.3886536657810211;0.3197077214717865;-0.06648450344800949;0.5112373232841492;0.5218098759651184;-0.011245560832321644;0.46629804372787476;0.5213271975517273;0.011196772567927837;0.5099716782569885;0.6813253164291382;0.012879963032901287;0.46787840127944946;0.6838523149490356;0.04296703264117241;0.497681075334549;0.2028053432703018;-0.1997880794107914;0.6576507240533829;0.35081392526626587;-0.20788022503256798;0.31396210193634033;0.3400060683488846;-0.16965379565954208;0.504930337270101;0.8427615563074747;0.13546912372112274;0.4641202390193939;0.844747801621755;0.1569273273150126;;vertical;
4.27;0.494011789560318;0.22434408962726593;-0.1972215622663498;0.5320561528205872;0.2983100116252899;-0.07884284108877182;0.4482610821723938;0.2915455400943756;-0.06086300313472748;0.5892898440361023;0.32706305384635925;-0.08061756193637848;0.38856804370880127;0.3195963501930237;-0.05909206345677376;0.5112009644508362;0.5217332243919373;-0.01153838075697422;0.46628430485725403;0.5210813283920288;0.011489054188132286;0.5099536776542664;0.6815182566642761;0.014268562197685242;0.4676711857318878;0.6837392449378967;0.042880456894636154;0.4975059747695923;0.20226341038942336;-0.1932201348245144;0.6555382907390594;0.35084547102451324;-0.20536622777581215;0.31398943811655045;0.33937550336122513;-0.16695766150951385;0.5047641396522522;0.8428714275360107;0.13658259063959122;0.4640812377134959;0.8445255557696024;0.15691031763950983;;vertical;
4.3;0.49388283491134644;0.22391466796398163;-0.19635522365570068;0.5319288969039917;0.2983408570289612;-0.07637374848127365;0.44806113839149475;0.29152971506118774;-0.06249922141432762;0.5891608595848083;0.3270706832408905;-0.07800860702991486;0.388460636138916;0.3195917308330536;-0.059283237904310226;0.5111522078514099;0.5217272639274597;-0.010251146741211414;0.4662758708000183;0.5210058093070984;0.010204050689935684;0.5099024772644043;0.6815699338912964;0.023310240358114243;0.4674566090106964;0.6835901141166687;0.04350326955318451;0.4973740816116333;0.20201461315155028;-0.19226277843117714;0.65376977622509;0.3514728769659996;-0.20269834622740746;0.31391825526952744;0.339564710855484;-0.16855860128998756;0.5045750141143799;0.8429455161094666;0.14381050566832224;0.4640212655067444;0.8444247643152872;0.15760049472252527;;vertical;
4.33;0.49339020252227783;0.2237425446510315;-0.19759142398834229;0.5318930149078369;0.298457533121109;-0.07756692171096802;0.4477508068084717;0.29153522849082947;-0.06374679505825043;0.5890538096427917;0.32728734612464905;-0.07952084392309189;0.38815540075302124;0.3196333348751068;-0.061116985976696014;0.5110583901405334;0.5217388868331909;-0.01003449596464634;0.466264009475708;0.5209887027740479;0.009991387836635113;0.5097977519035339;0.6815672516822815;0.02668372355401516;0.4672999083995819;0.6834065914154053;0.04447406530380249;0.4969740003347397;0.20187235325574876;-0.19391696974635125;0.6532318592071533;0.352343387901783;-0.2037815898656845;0.3138005957007408;0.3398277312517166;-0.1720690205693245;0.5045337279637655;0.8429779211680094;0.14467457930246988;0.4639829397201538;0.8443191250165304;0.15846393009026846;;vertical;
4.37;0.49243366718292236;0.22367434203624725;-0.20620062947273254;0.5317680239677429;0.2987198531627655;-0.07964295893907547;0.44719213247299194;0.2915639281272888;-0.07169213145971298;0.5888535976409912;0.32748469710350037;-0.0830497145652771;0.38717252016067505;0.31966257095336914;-0.07035396993160248;0.5109731554985046;0.5216203331947327;-0.009652385488152504;0.4661916196346283;0.5209810137748718;0.009607711806893349;0.5097160935401917;0.6812419891357422;0.03063010796904564;0.4672302007675171;0.6832308173179626;0.04459866136312485;0.49634419083595277;0.20179380625486373;-0.20260607227683067;0.6527692675590515;0.3537484258413315;-0.20752578973770142;0.3129396066069603;0.3399669751524925;-0.18018706515431404;0.5045592387517294;0.8428274989128113;0.14767318467299143;0.46390684445699054;0.8442521293958029;0.1590245192249616;;vertical;
4.4;0.4917718768119812;0.22371236979961395;-0.21061287820339203;0.5315086245536804;0.2989734709262848;-0.08183678984642029;0.44684770703315735;0.2915757894515991;-0.07513196766376495;0.588458776473999;0.3275316655635834;-0.08526661992073059;0.3866470158100128;0.3196905255317688;-0.07336331158876419;0.5108744502067566;0.5213781595230103;-0.009492010809481144;0.46613454818725586;0.5209553241729736;0.009448595345020294;0.5096372365951538;0.6808074712753296;0.029252169653773308;0.4672102630138397;0.6827248334884644;0.0451614186167717;0.4958082288503647;0.20183041095733642;-0.2072644978761673;0.652128055691719;0.35486412048339844;-0.2099265679717064;0.31238505989313126;0.3401988372206688;-0.18263566866517067;0.5045865376790365;0.8426704208056132;0.14516779283682504;0.46381887793540955;0.8439112106959025;0.15797917048136392;;vertical;
4.43;0.49132898449897766;0.22398065030574799;-0.21447017788887024;0.5312137603759766;0.29910823702812195;-0.08578930795192719;0.44641825556755066;0.29159626364707947;-0.07795043289661407;0.5880013704299927;0.3276037275791168;-0.08596568554639816;0.3862540125846863;0.3197993338108063;-0.07571718096733093;0.5107556581497192;0.5212881565093994;-0.009590541012585163;0.4659854471683502;0.5209400653839111;0.009548756293952465;0.5096009373664856;0.6804574131965637;0.031222304329276085;0.46717485785484314;0.6823155879974365;0.046764157712459564;0.49530581533908846;0.20198786854743958;-0.21152314096689223;0.6514344662427902;0.3557839170098305;-0.2112037129700184;0.31203146278858185;0.34049230068922043;-0.1849525086581707;0.5046036044756571;0.8425593376159668;0.14430139710505804;0.46377115448315936;0.8438011805216471;0.15799965461095175;;vertical;
4.47;0.4909123182296753;0.2243186980485916;-0.21871574223041534;0.5308319926261902;0.29926320910453796;-0.09014259278774261;0.4458339512348175;0.2915997803211212;-0.08061487227678299;0.5875190496444702;0.32770484685897827;-0.08652202039957047;0.3858364522457123;0.32007166743278503;-0.07784653455018997;0.5106083750724792;0.521262526512146;-0.009779890067875385;0.46587809920310974;0.5209387540817261;0.009739057160913944;0.5095731616020203;0.6804212331771851;0.03252074867486954;0.4671351909637451;0.6821238398551941;0.04946426674723625;0.4948356539011002;0.20214544087648392;-0.2160098910331726;0.6510352790355682;0.3565017729997635;-0.2119409143924713;0.31153690814971924;0.3409518450498581;-0.18831100314855576;0.5046018958091736;0.8423740267753601;0.14379928012688956;0.46367008487383526;0.8437077403068542;0.15819359570741653;;vertical;
4.5;0.49049118161201477;0.22463150322437286;-0.22716403007507324;0.5305774211883545;0.2994471490383148;-0.09836215525865555;0.44532638788223267;0.29161226749420166;-0.08766243606805801;0.5871469974517822;0.3277852237224579;-0.09394533932209015;0.3853221535682678;0.3202928602695465;-0.08469025790691376;0.5104369521141052;0.5211291909217834;-0.00984339602291584;0.4657173454761505;0.5209235548973083;0.009804976172745228;0.5095383524894714;0.6802566051483154;0.035285502672195435;0.4671045243740082;0.6816508173942566;0.051714807748794556;0.4943575531244278;0.2022474154829979;-0.22460193186998367;0.6509057730436325;0.3567924275994301;-0.21508509665727615;0.3109760284423828;0.341231994330883;-0.19514410942792892;0.504600465297699;0.8420674204826355;0.14386456708113352;0.4635402162869771;0.8436629374821981;0.15832346429427466;;vertical;
