segundo;landmark_10_x;landmark_10_y;landmark_10_z;landmark_11_x;landmark_11_y;landmark_11_z;landmark_12_x;landmark_12_y;landmark_12_z;landmark_13_x;landmark_13_y;landmark_13_z;landmark_14_x;landmark_14_y;landmark_14_z;landmark_23_x;landmark_23_y;landmark_23_z;landmark_24_x;landmark_24_y;landmark_24_z;landmark_25_x;landmark_25_y;landmark_25_z;landmark_26_x;landmark_26_y;landmark_26_z;cara_prom_x;cara_prom_y;cara_prom_z;mano_izquierda_prom_x;mano_izquierda_prom_y;mano_izquierda_prom_z;mano_derecha_prom_x;mano_derecha_prom_y;mano_derecha_prom_z;pie_izquierdo_prom_x;pie_izquierdo_prom_y;pie_izquierdo_prom_z;pie_derecho_prom_x;pie_derecho_prom_y;pie_derecho_prom_z;;Etiqueta
0.03;0.4833050072193146;0.31331756711006165;-0.18529827892780304;0.5213673710823059;0.3731454312801361;-0.05478338897228241;0.4595118463039398;0.3692707121372223;-0.060245759785175323;0.5283766388893127;0.4693484306335449;-0.0076017617247998714;0.4494011402130127;0.4637799859046936;-0.02894587628543377;0.50877445936203;0.5480787754058838;-0.002563443733379245;0.4692302346229553;0.5484451055526733;0.002551689278334379;0.512095034122467;0.6951005458831787;-0.022565219551324844;0.46368831396102905;0.6964864730834961;-0.015137280337512493;0.48896685540676116;0.2953128457069397;-0.18755852729082106;0.5295434594154358;0.577390655875206;-0.09252467565238476;0.4492787793278694;0.577181801199913;-0.12244442291557789;0.5134475429852804;0.8437750339508057;0.04036445046464602;0.46076656381289166;0.8425044417381287;0.04676028651495775;;vertical
0.07;0.4836471974849701;0.31330955028533936;-0.18265722692012787;0.5212278366088867;0.3731216788291931;-0.04882955178618431;0.45927345752716064;0.36959579586982727;-0.059969354420900345;0.528376042842865;0.4701734483242035;-0.0021475600078701973;0.45013028383255005;0.46475040912628174;-0.028942668810486794;0.5084876418113708;0.5483002066612244;-0.0008454045746475458;0.46904656291007996;0.5487952828407288;0.0008285786607302725;0.5113700032234192;0.6939355731010437;-0.024025004357099533;0.4638166129589081;0.696791410446167;-0.017669137567281723;0.4892196625471115;0.2953099459409714;-0.18453859388828278;0.5301208049058914;0.577296182513237;-0.09222886711359024;0.4492972046136856;0.5770662575960159;-0.12282849289476871;0.5124990741411845;0.8432249029477438;0.054009679704904556;0.46123002966245014;0.8429954648017883;0.0560421741877993;;vertical
0.1;0.4839922785758972;0.3133186995983124;-0.18273618817329407;0.5212002992630005;0.3730678856372833;-0.048514075577259064;0.459180623292923;0.3697357475757599;-0.061416834592819214;0.5283710360527039;0.4703509211540222;-0.0011438869405537844;0.45065873861312866;0.4649643301963806;-0.030618812888860703;0.5082871913909912;0.5484743714332581;0.0005513402284123003;0.4689662456512451;0.5490320324897766;-0.0005712758284062147;0.5109843611717224;0.6929451823234558;-0.024438025429844856;0.464000940322876;0.6968675255775452;-0.01946346089243889;0.4894554644823074;0.2953154623508453;-0.18479657545685768;0.5305690914392471;0.5771758854389191;-0.09220074862241745;0.4493764787912369;0.5768648982048035;-0.12402458302676678;0.5119981567064921;0.8421945770581564;0.060520604718476534;0.46155430873235065;0.8432687123616537;0.05908628677328428;;vertical
0.13;0.4842625856399536;0.31332433223724365;-0.1827734112739563;0.5211998224258423;0.3730577230453491;-0.047958239912986755;0.4591705799102783;0.36985617876052856;-0.06178639456629753;0.5283599495887756;0.4706593453884125;-0.0007204653811641037;0.4509797990322113;0.46508896350860596;-0.031216086819767952;0.5080910325050354;0.5485846996307373;0.0012563264463096857;0.4688889980316162;0.549240231513977;-0.0012765568681061268;0.5107490420341492;0.6918497681617737;-0.025182561948895454;0.46415722370147705;0.6971833109855652;-0.0206538625061512;0.48965948522090913;0.2953126549720764;-0.18483951538801194;0.5308103561401367;0.5771148800849915;-0.09209181368350983;0.4494786784052849;0.5768650621175766;-0.12418932281434536;0.5117510755856832;0.8413828214009603;0.0624414641254892;0.46184949080149335;0.8436292211214701;0.060214020777493715;;vertical
0.17;0.4844587743282318;0.3133383095264435;-0.18255341053009033;0.5212389826774597;0.3729933798313141;-0.04762681573629379;0.4591728448867798;0.36995527148246765;-0.06204356625676155;0.5283603668212891;0.47071573138237;-0.00039497553370893;0.4511782228946686;0.46505388617515564;-0.031603362411260605;0.5080747604370117;0.5486233830451965;0.0017035442870110273;0.46888700127601624;0.5493229031562805;-0.0017238518921658397;0.5105020999908447;0.6907422542572021;-0.023579152300953865;0.46438559889793396;0.6969619393348694;-0.020530764013528824;0.48979080021381377;0.2953157275915146;-0.1846807897090912;0.5309993326663971;0.5770861059427261;-0.09097073413431644;0.44959506392478943;0.5766362994909286;-0.12385514006018639;0.5116273562113444;0.8405748804410299;0.06131479423493147;0.46203142404556274;0.8437288204828898;0.05839039571583271;;vertical
0.2;0.48457178473472595;0.3133276700973511;-0.18244358897209167;0.521307110786438;0.37289464473724365;-0.04758879542350769;0.4591761529445648;0.36999788880348206;-0.06203697249293327;0.5283533334732056;0.47073894739151;-0.0002219664165750146;0.4512145221233368;0.4648524522781372;-0.03157602995634079;0.5080555081367493;0.5486392974853516;0.0020314734429121017;0.46886271238327026;0.5493642091751099;-0.002053852891549468;0.5103964805603027;0.6907093524932861;-0.023531781509518623;0.4646795690059662;0.6969509124755859;-0.020655501633882523;0.4898897081613541;0.2952821522951126;-0.18468667790293694;0.5310762077569962;0.5770111680030823;-0.09042592905461788;0.44968773424625397;0.5765239000320435;-0.12309381552040577;0.5116076866785685;0.8403242230415344;0.06179834653933843;0.46212971210479736;0.8437432448069254;0.05902607956280311;;vertical
0.23;0.4846346974372864;0.31332090497016907;-0.17996209859848022;0.5213826298713684;0.3727914094924927;-0.04638157784938812;0.4591779112815857;0.37005022168159485;-0.05980402231216431;0.5283448100090027;0.4708271026611328;0.0003549274115357548;0.45124369859695435;0.4648345112800598;-0.029767194762825966;0.5080559849739075;0.5487735271453857;0.0019311809446662664;0.4688579738140106;0.5495086908340454;-0.001953389262780547;0.5103042721748352;0.6907432079315186;-0.024284860119223595;0.46485188603401184;0.697075605392456;-0.020652392879128456;0.4899853110313416;0.2952670603990555;-0.182297170907259;0.5311009734869003;0.5769972056150436;-0.08987380564212799;0.4497648924589157;0.5764852613210678;-0.12065184861421585;0.5115996400515238;0.8401058713595072;0.062577191585054;0.46218497554461163;0.8438260356585184;0.06046792507792512;;vertical
0.27;0.4846607446670532;0.31325191259384155;-0.18012113869190216;0.5214018225669861;0.37256792187690735;-0.046765755861997604;0.4591844081878662;0.370108038187027;-0.05937991663813591;0.5282949805259705;0.4708269536495209;3,45E+11;0.45130664110183716;0.46476227045059204;-0.02933383919298649;0.508065938949585;0.5487746596336365;0.0018298827344551682;0.4688621759414673;0.5495313405990601;-0.0018518309807404876;0.5102715492248535;0.6907123923301697;-0.02474878914654255;0.465021550655365;0.6971470713615417;-0.020628029480576515;0.49004044234752653;0.2952169209718704;-0.18246467486023904;0.5311361849308014;0.5769499242305756;-0.09027824178338051;0.44995740056037903;0.5764817297458649;-0.12020927853882313;0.5116225679715475;0.8397000432014465;0.06278234642619888;0.4622963070869446;0.8440320094426473;0.06052139416957895;;vertical
0.3;0.48469099402427673;0.31318989396095276;-0.18033535778522491;0.5214498043060303;0.37242260575294495;-0.04704052954912186;0.45920100808143616;0.3701111674308777;-0.05943203717470169;0.5282794833183289;0.47088974714279175;-0.000758017529733479;0.45132720470428467;0.46469593048095703;-0.029347646981477737;0.5081207156181335;0.5487412810325623;0.0017562833381816745;0.46889787912368774;0.5495193004608154;-0.0017781250644475222;0.5102564692497253;0.6905305981636047;-0.024636831134557724;0.46528762578964233;0.6971380114555359;-0.02053813450038433;0.49010892808437345;0.29518777430057525;-0.1826566033065319;0.5312076807022095;0.5769623219966888;-0.09078337624669075;0.4501160681247711;0.5764931887388229;-0.12006834708154202;0.5116767684618632;0.8391385873158773;0.06219040253199637;0.4623626967271169;0.8440685073534647;0.05982681425909201;;vertical
0.33;0.48470181226730347;0.31313401460647583;-0.1808236986398697;0.5215005874633789;0.37227386236190796;-0.04784592613577843;0.45923885703086853;0.3701033592224121;-0.059517644345760345;0.5282553434371948;0.47093623876571655;-0.0015628617256879807;0.4514508545398712;0.4644189476966858;-0.029436059296131134;0.5082021951675415;0.5485572814941406;0.0017011298332363367;0.46897733211517334;0.5493589639663696;-0.0017228178912773728;0.5102541446685791;0.6903771162033081;-0.024534624069929123;0.4654594361782074;0.6970306634902954;-0.020488876849412918;0.49014544785022734;0.2951667279005051;-0.18331997096538544;0.5312657505273819;0.576954796910286;-0.09172863140702248;0.4503452777862549;0.5763354599475861;-0.12012524716556072;0.5117216110229492;0.8388946453730265;0.06149076701452335;0.4624398946762085;0.8440905412038168;0.05966234424461921;;vertical
0.37;0.48471781611442566;0.3131289780139923;-0.18078412115573883;0.5215694308280945;0.3721948266029358;-0.047832295298576355;0.45925644040107727;0.37010517716407776;-0.05951527878642082;0.5282790064811707;0.4710344076156616;-0.0014494366478174925;0.45155227184295654;0.46438854932785034;-0.02944680117070675;0.5082529783248901;0.5484035611152649;0.0016694177174940705;0.46904057264328003;0.5492602586746216;-0.001691357814706862;0.5102238655090332;0.6898795962333679;-0.023888664320111275;0.46554461121559143;0.6968793272972107;-0.02043726108968258;0.4901704370975494;0.2951618582010269;-0.1832862302660942;0.5313572287559509;0.5769220590591431;-0.09158016368746758;0.4504898861050606;0.5761777460575104;-0.1202067919075489;0.5117800831794739;0.8383248051007589;0.06120906211435795;0.4625122547149658;0.8440906802813212;0.059540784607330956;;vertical
0.4;0.484743595123291;0.31311795115470886;-0.18084076046943665;0.5216447114944458;0.3721335530281067;-0.04776366800069809;0.4592876732349396;0.3701079487800598;-0.05945029854774475;0.5282914638519287;0.4710356593132019;-0.0010513279121369123;0.45160090923309326;0.4643253684043884;-0.029295923188328743;0.5082880258560181;0.5483510494232178;0.0016421738546341658;0.46907302737236023;0.5492163300514221;-0.0016641801921650767;0.510186493396759;0.6896390318870544;-0.023567430675029755;0.46561044454574585;0.6968508362770081;-0.020398830994963646;0.4901977002620697;0.29515248239040376;-0.1833442360162735;0.5314627587795258;0.5769079327583313;-0.09087086096405983;0.4505927860736847;0.5759935230016708;-0.12009338475763798;0.5118013421694437;0.8381605744361877;0.06094511194775502;0.4626095990339915;0.8441334366798401;0.05931544272849957;;vertical
0.43;0.48478129506111145;0.3129851520061493;-0.17859545350074768;0.5217155814170837;0.3718802332878113;-0.04607219249010086;0.459418922662735;0.3700437545776367;-0.05802040174603462;0.5283287167549133;0.4709056615829468;0.00015534283011220396;0.4517061710357666;0.46406295895576477;-0.028378309682011604;0.5084266066551208;0.548133909702301;0.0016601071693003178;0.46923497319221497;0.5488866567611694;-0.001682013738900423;0.5102702975273132;0.6895361542701721;-0.023334719240665436;0.4657972455024719;0.6966277360916138;-0.02047719992697239;0.4902341067790985;0.2950599014759064;-0.18112363442778587;0.5316153913736343;0.5765002220869064;-0.08994478359818459;0.4507138282060623;0.5754319131374359;-0.11921436712145805;0.5120601654052734;0.8381136854489645;0.0608222900579373;0.462741881608963;0.844154417514801;0.05717551397780577;;vertical
0.47;0.48480725288391113;0.31276875734329224;-0.17657320201396942;0.5217329263687134;0.3716408908367157;-0.043982237577438354;0.45949262380599976;0.3699725270271301;-0.05649087205529213;0.5283637642860413;0.470753014087677;0.0022023243363946676;0.45177021622657776;0.4639838635921478;-0.027096876874566078;0.5085071921348572;0.5479333400726318;0.0016660430701449513;0.4693065881729126;0.5486287474632263;-0.0016875813016667962;0.5103477835655212;0.689448893070221;-0.023156389594078064;0.4658780097961426;0.6964976191520691;-0.0204995758831501;0.4902589648962021;0.2948989152908325;-0.17889101654291154;0.5317509919404984;0.5762497037649155;-0.08809085190296173;0.45078567415475845;0.5750066041946411;-0.11838319897651672;0.5121916135152181;0.8380735715230306;0.06060903752222657;0.46278755863507587;0.844163159529368;0.05679484394689401;;vertical
0.5;0.48481786251068115;0.3125746548175812;-0.17551933228969574;0.5217594504356384;0.37154579162597656;-0.04296654090285301;0.45956242084503174;0.3699316084384918;-0.05582854896783829;0.5283627510070801;0.470668226480484;0.0032012094743549824;0.45188483595848083;0.46397465467453003;-0.02643665112555027;0.5085527896881104;0.5478817820549011;0.00174298498313874;0.4693734645843506;0.5485400557518005;-0.0017645275220274925;0.5104641318321228;0.6894387602806091;-0.02295069582760334;0.4659630060195923;0.6964396238327026;-0.020743664354085922;0.4902742147445679;0.2947560966014862;-0.17781340852379798;0.5318636149168015;0.5759602934122086;-0.08716842345893383;0.45083148777484894;0.5746500492095947;-0.11777582578361034;0.512341578801473;0.8377787868181864;0.06130178443466624;0.4628288745880127;0.844160000483195;0.05647898931056261;;vertical
0.53;0.48483768105506897;0.3124484419822693;-0.17604795098304749;0.5218315124511719;0.37154239416122437;-0.043444134294986725;0.4596605598926544;0.3698965013027191;-0.056060440838336945;0.5283627510070801;0.47072282433509827;0.002830964745953679;0.45195746421813965;0.4639686346054077;-0.026490123942494392;0.5085783004760742;0.5478403568267822;0.0017930531175807118;0.46940523386001587;0.5484316349029541;-0.0018160318722948432;0.5104795098304749;0.6894004344940186;-0.022237012162804604;0.46604400873184204;0.6963884830474854;-0.020778287202119827;0.49030053317546846;0.29466086328029634;-0.17836501598358154;0.5319216847419739;0.5759044289588928;-0.08735386654734612;0.4508725702762604;0.5745327472686768;-0.11772642098367214;0.5124329328536987;0.8374932607014974;0.062213427076737084;0.46289459864298504;0.8441628615061442;0.05634512441853682;;vertical
0.57;0.4848663806915283;0.31236839294433594;-0.17721706628799438;0.5219102501869202;0.3715360462665558;-0.04410334676504135;0.4597858488559723;0.36987271904945374;-0.05687510594725609;0.5283638834953308;0.47079065442085266;0.0027547928038984537;0.45200207829475403;0.46393200755119324;-0.02672046236693859;0.5085992217063904;0.5478032231330872;0.0018680939683690667;0.4694274365901947;0.5483493208885193;-0.0018926358316093683;0.5106385946273804;0.6894212961196899;-0.022153420373797417;0.4661518633365631;0.6963855028152466;-0.02088932879269123;0.4903250813484192;0.2946015626192093;-0.17970187738537788;0.5319658815860748;0.5759011059999466;-0.08753923699259758;0.45091068744659424;0.5743950605392456;-0.11777597479522228;0.5125381350517273;0.837488571802775;0.06217703549191356;0.46296457449595135;0.8441725373268127;0.05614098565032085;;vertical
0.6;0.4848862886428833;0.3121933937072754;-0.177331805229187;0.5220031142234802;0.371486097574234;-0.04431180655956268;0.45992231369018555;0.3698093593120575;-0.056899864226579666;0.5283918380737305;0.4708200991153717;0.00254420074634254;0.45205676555633545;0.4638563394546509;-0.026472264900803566;0.5086332559585571;0.5477613806724548;0.001935696112923324;0.4694664180278778;0.5482507944107056;-0.00196121190674603;0.5108470320701599;0.6896221041679382;-0.021852480247616768;0.4662489891052246;0.6963809132575989;-0.020947640761733055;0.49034871757030485;0.29450672268867495;-0.17982998490333557;0.5320168882608414;0.5758882164955139;-0.0876321978867054;0.4509468525648117;0.5741485208272934;-0.1173627357929945;0.512751559416453;0.8376739819844564;0.062040666583925486;0.4632096290588379;0.8442525068918864;0.0555229764431715;;vertical
0.63;0.4849112033843994;0.3120883107185364;-0.178277388215065;0.5220584869384766;0.3714298605918884;-0.04511589929461479;0.4599819481372833;0.3697745203971863;-0.05754782259464264;0.5284256339073181;0.4708198010921478;0.0021255165338516235;0.4521125853061676;0.4638499915599823;-0.026815371587872505;0.5086579918861389;0.5477027893066406;0.001956965308636427;0.46948325634002686;0.548170268535614;-0.001983224879950285;0.5110714435577393;0.6898054480552673;-0.021855147555470467;0.46630772948265076;0.6963911652565002;-0.02094518207013607;0.49037664830684663;0.29444038271903994;-0.18090353682637214;0.5320572704076767;0.5758741497993469;-0.08798815310001373;0.4510086104273796;0.5740600079298019;-0.11754628829658031;0.512915293375651;0.837869664033254;0.06169884139671922;0.46337875723838806;0.8442814151446024;0.05516985648622116;;vertical
0.67;0.4849138557910919;0.31202608346939087;-0.177836611866951;0.5220617055892944;0.37122842669487;-0.045044660568237305;0.45998430252075195;0.36968663334846497;-0.056797854602336884;0.5284391641616821;0.4707280099391937;0.002056816127151251;0.4521360695362091;0.4637998938560486;-0.02644672617316246;0.5086845755577087;0.5476610064506531;0.0019009853713214397;0.46950674057006836;0.5481525659561157;-0.0019276539096608758;0.5112251043319702;0.690083920955658;-0.022247036918997765;0.466381311416626;0.6964100003242493;-0.02082270197570324;0.49038784205913544;0.2944097429513931;-0.18049147129058837;0.5320723205804825;0.5758494883775711;-0.08802711963653564;0.4510616585612297;0.5740469247102737;-0.1174763161689043;0.5129914482434591;0.8380684653917948;0.06163042737171054;0.46347278356552124;0.8442288438479105;0.05599760667731365;;vertical
0.7;0.48490849137306213;0.3119436800479889;-0.1778707355260849;0.5220412611961365;0.3710297644138336;-0.04509305953979492;0.45997682213783264;0.36963385343551636;-0.05684421584010124;0.5284571647644043;0.4706321954727173;0.0019860188476741314;0.45219191908836365;0.4637932777404785;-0.026470115408301353;0.508699893951416;0.5472508668899536;0.0019011596450582147;0.4695199429988861;0.5480085611343384;-0.0019277074607089162;0.5113531947135925;0.690188467502594;-0.022227445617318153;0.46644681692123413;0.6963791251182556;-0.020818883553147316;0.4903886318206787;0.2943660020828247;-0.18051196932792662;0.5321155488491058;0.5758092105388641;-0.08791548572480679;0.4511009156703949;0.5739658772945404;-0.11755316331982613;0.5131677587827047;0.8383040428161621;0.05950614499549071;0.4635937611262004;0.8441776831944784;0.05477534638096889;;vertical
0.73;0.4848896563053131;0.3117959797382355;-0.17179714143276215;0.5218801498413086;0.37080082297325134;-0.04194888845086098;0.4598267078399658;0.36956825852394104;-0.05098031088709831;0.5284676551818848;0.4702076315879822;0.002775884699076414;0.4521912634372711;0.46381571888923645;-0.023043733090162277;0.5086996555328369;0.5470438599586487;0.0010436705779284239;0.46945586800575256;0.5479984283447266;-0.0010544584365561604;0.5113664269447327;0.6902403235435486;-0.02206137217581272;0.46639078855514526;0.6963703632354736;-0.018585635349154472;0.4903837114572525;0.2942859649658203;-0.17391729950904847;0.5321417897939682;0.5757125318050385;-0.08616343885660172;0.4511464312672615;0.5739554166793823;-0.1161357220262289;0.5131899913152059;0.8384120265642802;0.05681093782186508;0.46376065413157147;0.8440395792325338;0.05507799827804168;;vertical
0.77;0.48479318618774414;0.31156080961227417;-0.1659863144159317;0.521503210067749;0.3704453110694885;-0.037706658244132996;0.45936283469200134;0.36956343054771423;-0.04576299339532852;0.5284883975982666;0.46952953934669495;0.004731355234980583;0.4521823823451996;0.4638489782810211;-0.019253788515925407;0.5087024569511414;0.5469208359718323;0.00014823212404735386;0.46937814354896545;0.5480110049247742;-0.00014505634317174554;0.5113772749900818;0.6905569434165955;-0.022054096683859825;0.4662601053714752;0.696501612663269;-0.01689625158905983;0.490342965722084;0.29415235221385955;-0.16746884435415268;0.532144159078598;0.5756628811359406;-0.08398960903286934;0.4511781111359596;0.5739825069904327;-0.11412355676293373;0.5132412513097128;0.8386475046475729;0.055838459792236485;0.4639290471871694;0.8437995910644531;0.0557941198348999;;vertical
0.8;0.48457181453704834;0.311410516500473;-0.16659453511238098;0.520818829536438;0.37033799290657043;-0.037601009011268616;0.4587046504020691;0.3695589601993561;-0.045617204159498215;0.5284903645515442;0.4694511294364929;0.005082393530756235;0.4521026909351349;0.46407949924468994;-0.01901059038937092;0.5085968971252441;0.5469109416007996;-0.0006776018417440355;0.46911191940307617;0.5482459664344788;0.0006876227562315762;0.5113706588745117;0.6906737685203552;-0.022076474502682686;0.46609625220298767;0.6966626644134521;-0.015247438102960587;0.49020045101642606;0.29408139884471896;-0.16788733005523682;0.5321830958127975;0.5756650567054749;-0.08378715999424458;0.4511816203594208;0.5741787254810333;-0.1144510954618454;0.5132796963055929;0.8386759757995605;0.05610725904504458;0.46410908301671344;0.8435730735460917;0.05771417046586672;;vertical
0.83;0.48405659198760986;0.31140267848968506;-0.1680266410112381;0.520119309425354;0.3703356385231018;-0.03839915245771408;0.4581051170825958;0.3695790469646454;-0.04718254134058952;0.5283204317092896;0.46986013650894165;0.005099303089082241;0.4518185257911682;0.46481385827064514;-0.019883543252944946;0.5082969069480896;0.5469076037406921;-0.0008427405264228582;0.46878689527511597;0.5485263466835022;0.0008507507154718041;0.5113368630409241;0.6906877756118774;-0.021671922877430916;0.4658830463886261;0.6966617703437805;-0.014673435129225254;0.4898518562316895;0.2940671473741531;-0.1693483956158161;0.532184824347496;0.5759343951940536;-0.08303692378103733;0.4511379674077034;0.5748497545719147;-0.11480679549276829;0.5133023659388224;0.8387057781219482;0.05615686811506748;0.46424535910288495;0.8434004982312521;0.05805654947956403;;vertical
0.87;0.48345884680747986;0.31134316325187683;-0.16891835629940033;0.5196315050125122;0.3702569007873535;-0.039244167506694794;0.45756298303604126;0.36958882212638855;-0.04796223342418671;0.5281919240951538;0.46986138820648193;0.004137798678129911;0.4513223469257355;0.4651319682598114;-0.02024180442094803;0.5081164836883545;0.5466985106468201;-0.0011820346117019653;0.4685510993003845;0.5485480427742004;0.0011841589584946632;0.5112396478652954;0.6906275153160095;-0.021700028330087662;0.4656575322151184;0.6965323686599731;-0.014287580735981464;0.4893890768289566;0.2940099865198135;-0.17038068026304246;0.532095268368721;0.5760352909564972;-0.0832015685737133;0.45102596282958984;0.5750927031040192;-0.11493481695652008;0.5132648944854736;0.8386918306350708;0.05527125640461842;0.46433283885320026;0.8430970311164856;0.057975235705574356;;vertical
0.9;0.4826730787754059;0.3109748065471649;-0.16725890338420868;0.5191812515258789;0.3700706660747528;-0.03959411010146141;0.45685264468193054;0.3695673644542694;-0.0455293208360672;0.5279276967048645;0.46949005126953125;0.0037761887069791555;0.4507387578487396;0.4651646614074707;-0.01728905737400055;0.5080775618553162;0.5465009808540344;-0.0016750063514336944;0.46835461258888245;0.5485403537750244;0.0016753945965319872;0.5110051035881042;0.6906278729438782;-0.02182702161371708;0.46536678075790405;0.6963580250740051;-0.013972034677863121;0.4887412875890732;0.2937627524137497;-0.16834150552749633;0.53170245885849;0.5759643912315369;-0.08347118832170963;0.4507097527384758;0.5751182287931442;-0.11174451000988483;0.5132154027620951;0.8386990825335184;0.05403773703922828;0.4643527070681254;0.8429240187009176;0.05794091088076433;;vertical
0.93;0.481951504945755;0.31074216961860657;-0.16662590205669403;0.5186567306518555;0.37003523111343384;-0.03966551274061203;0.4561089277267456;0.3694915473461151;-0.045144058763980865;0.5272889137268066;0.46880170702934265;0.003059643553569913;0.4491727352142334;0.4655835032463074;-0.016878511756658554;0.5080780982971191;0.54652339220047;-0.002053664531558752;0.46820929646492004;0.5485495328903198;0.0020479452796280384;0.5109599828720093;0.691217303276062;-0.022620251402258873;0.46489837765693665;0.6963036060333252;-0.013556714169681072;0.4880821168422699;0.2935446500778198;-0.16767397820949553;0.5311819761991501;0.5757010281085968;-0.08358659222722054;0.4499637112021446;0.5752814561128616;-0.11054518446326256;0.5132373770078024;0.8389232158660889;0.05343620292842388;0.46431605021158856;0.8428493936856588;0.05927527463063598;;vertical
0.97;0.48105332255363464;0.31057101488113403;-0.16724786162376404;0.5181613564491272;0.3700309097766876;-0.046084214001894;0.45542821288108826;0.3694882094860077;-0.04453980177640915;0.5264647006988525;0.46829673647880554;-0.005980657413601875;0.4482244551181793;0.4661284387111664;-0.014674540609121323;0.5081205368041992;0.5466697216033936;-0.0037352305371314287;0.46816685795783997;0.5488458871841431;0.0037227110005915165;0.5109896063804626;0.691216766834259;-0.023340333253145218;0.4646204113960266;0.6964256763458252;-0.011030979454517365;0.4872912228107452;0.2933509171009064;-0.1684047572314739;0.5302335172891617;0.5746754109859467;-0.09395508281886578;0.44874612241983414;0.5757030993700027;-0.10784009285271168;0.5132484436035156;0.8385984698931376;0.0536485385770599;0.4642035663127899;0.8428391416867574;0.06421260339751218;;vertical
1.0;0.4804747700691223;0.3104209005832672;-0.16763560473918915;0.5177451968193054;0.370038777589798;-0.04729156196117401;0.45474693179130554;0.36948543787002563;-0.04420960694551468;0.5256847739219666;0.468161016702652;-0.0076828766614198685;0.44771093130111694;0.46633896231651306;-0.013453211635351181;0.5081647634506226;0.546676516532898;-0.004008112475275993;0.4681510925292969;0.5489295721054077;0.003993966616690159;0.5110051035881042;0.6911996006965637;-0.02403244934976101;0.4645250737667084;0.6965219378471375;-0.01125979982316494;0.48673987984657285;0.293197038769722;-0.1687961846590042;0.5281199961900711;0.5739880949258804;-0.09718440286815166;0.44727014750242233;0.575688511133194;-0.107028279453516;0.5133378307024637;0.8386318882306417;0.053779809114833675;0.46412721276283264;0.8428135712941488;0.0643207609731083;;vertical
1.03;0.4802911877632141;0.31023550033569336;-0.1693158894777298;0.5174914002418518;0.3700721561908722;-0.05023949220776558;0.4542531669139862;0.36973780393600464;-0.04462128132581711;0.5248292088508606;0.4680297076702118;-0.012843034230172634;0.44710224866867065;0.4672655463218689;-0.013829387724399567;0.5081668496131897;0.5472399592399597;-0.004144065547734499;0.46811622381210327;0.5495872497558594;0.004127593245357275;0.5110059976577759;0.6918609142303467;-0.025324562564492226;0.4644926190376282;0.6976857781410217;-0.010386468842625618;0.4865050345659256;0.2929551899433136;-0.17032590433955191;0.526674434542656;0.5734623521566391;-0.10612849146127701;0.4455941542983055;0.5764222145080566;-0.10782958753407001;0.513383706410726;0.8398037155469259;0.055985482720037304;0.46410341064135235;0.8424349625905355;0.07294783896456163;;vertical
1.07;0.4802616536617279;0.3102164566516876;-0.16929583251476288;0.5175140500068665;0.37002429366111755;-0.050582434982061386;0.4541924297809601;0.37002989649772644;-0.04344660043716431;0.5247434377670288;0.46803605556488037;-0.012908395379781723;0.4468865692615509;0.4674214720726013;-0.011355559341609478;0.5082313418388367;0.547738790512085;-0.004474323242902756;0.4681200087070465;0.5499435067176819;0.004460570868104696;0.5110041499137878;0.6923106908798218;-0.025537697598338127;0.46453163027763367;0.6978831887245178;-0.010123249143362045;0.48640854060649874;0.2929076075553894;-0.17030965015292168;0.5264735221862793;0.5733399242162704;-0.10338238812983036;0.44451094418764114;0.5764652341604233;-0.10455690324306488;0.513232966264089;0.8401228189468384;0.0551897988965114;0.4640767474969228;0.8424553275108337;0.07060596548641722;;vertical
1.1;0.4803345799446106;0.3101459741592407;-0.16225755214691162;0.5175312161445618;0.36962664127349854;-0.04784414544701576;0.4542571008205414;0.3707681894302368;-0.03638486936688423;0.525007426738739;0.46711212396621704;-0.011581717990338802;0.4470215439796448;0.4676048159599304;-0.005060357507318258;0.5084623098373413;0.5483184456825256;-0.004946556873619556;0.46825385093688965;0.5502201318740845;0.004940170329064131;0.510966420173645;0.6927648186683655;-0.025443706661462784;0.46485936641693115;0.69815593957901;-0.009285641834139824;0.4864573568105698;0.29284650683403013;-0.16258193105459212;0.5267345607280731;0.572957381606102;-0.10346686840057373;0.444467268884182;0.5764953196048737;-0.0979044921696186;0.5127766132354736;0.8416130741437277;0.048056209459900856;0.46404505769411725;0.8424090345700582;0.06921055858644347;;vertical
1.13;0.4809490144252777;0.3097861707210541;-0.16377224028110504;0.5178003311157227;0.36909759044647217;-0.04857126250863075;0.45447129011154175;0.37131044268608093;-0.04473688453435898;0.5264515280723572;0.46662023663520813;-0.01211165077984333;0.44754981994628906;0.4696842133998871;-0.014541884884238243;0.5095996260643005;0.549312949180603;-0.0030662142671644688;0.4693521559238434;0.550620436668396;0.003056991845369339;0.5114079713821411;0.6933765411376953;-0.01792442798614502;0.4657990336418152;0.6981509327888489;-0.009813242591917515;0.4866917997598648;0.2924960255622864;-0.1634720228612423;0.5276499092578888;0.5729633718729019;-0.10186693072319031;0.4445612356066704;0.5797074139118195;-0.09937795624136925;0.5126988291740417;0.841961145401001;0.04981888892749945;0.4640459318955739;0.8421889742215475;0.06382505264870512;;vertical
1.17;0.481526255607605;0.3096691966056824;-0.16445820033550262;0.5190460681915283;0.36863455176353455;-0.047353822737932205;0.4558321535587311;0.37135279178619385;-0.045387741178274155;0.527807354927063;0.4666319489479065;-0.01183299720287323;0.449627161026001;0.46960359811782837;-0.014676647260785103;0.5111880898475647;0.5502088069915771;-0.0010191650362685323;0.4711480736732483;0.5510016679763794;0.0009960526367649436;0.5122472643852234;0.6935045719146729;-0.016321254894137383;0.4667699933052063;0.6981486678123474;-0.012087346985936165;0.4870900630950928;0.2923107653856277;-0.16477796882390977;0.5293151587247849;0.5730054080486298;-0.10091414861381054;0.4443238526582718;0.579596757888794;-0.10126695223152637;0.5130778948465983;0.8419539332389832;0.05893150810152292;0.4641602337360382;0.8419378399848938;0.0638507566569994;;vertical
1.2;0.4829615354537964;0.309632807970047;-0.15579719841480255;0.521052360534668;0.3685498535633087;-0.036294929683208466;0.45750969648361206;0.37148746848106384;-0.0403033010661602;0.5297942757606506;0.4666389524936676;-0.0019106816034764051;0.4513782262802124;0.46985751390457153;-0.011849009431898594;0.5131407976150513;0.552914023399353;8,23E+10;0.4726613163948059;0.5526874661445618;-0.00010607950389385223;0.5134089589118958;0.6979075074195862;-0.016676152125000954;0.46764835715293884;0.700042188167572;-0.016248848289251328;0.4883447289466858;0.2922189474105835;-0.15623499900102616;0.5313999056816101;0.5739089399576187;-0.09603155218064785;0.4445950761437416;0.5796618759632111;-0.10018935799598694;0.5137275060017904;0.8458679517110189;0.05840708532681068;0.46395816405614215;0.8423908948898315;0.06193897298847636;;vertical
1.23;0.4845370948314667;0.30978843569755554;-0.15242746472358704;0.5232961177825928;0.36787542700767517;-0.031000757589936256;0.4593423902988434;0.3715568482875824;-0.038093019276857376;0.5310255289077759;0.4662196934223175;0.005897982977330685;0.4535464644432068;0.46987858414649963;-0.00958301406353712;0.515228271484375;0.5535585880279541;0.0010023749200627208;0.47464922070503235;0.5528774261474609;-0.001025441917590797;0.5147302150726318;0.6992426514625549;-0.017542315647006035;0.46887698769569397;0.7010261416435242;-0.01850552298128605;0.48965276777744293;0.29227306246757506;-0.15367005616426468;0.5335605889558792;0.573944166302681;-0.08855975233018398;0.44495607912540436;0.5794790685176849;-0.09954234026372433;0.5144525766372681;0.848059078057607;0.05551714512209097;0.46391265590985614;0.8426774938901266;0.05600014918794235;;vertical
1.27;0.48686373233795166;0.30995556712150574;-0.15071389079093933;0.5259804725646973;0.36764252185821533;-0.03250342607498169;0.46125516295433044;0.37159210443496704;-0.03464924171566963;0.5321508049964905;0.46625950932502747;0.004069552291184664;0.4561458230018616;0.4697329103946686;-0.0037739973049610853;0.5168943405151367;0.5535261631011963;0.0008527729078195989;0.4763062000274658;0.5528440475463867;-0.0008771304273977876;0.5154896974563599;0.6989080905914307;-0.015022717416286469;0.47065454721450806;0.6997042894363403;-0.01762637495994568;0.4917130768299103;0.29234252870082855;-0.15203236863017083;0.5351750254631042;0.5747134387493134;-0.08806025050580502;0.4464981406927109;0.5777294635772705;-0.09411875158548355;0.5145463148752848;0.849320113658905;0.0446332066009442;0.46388545632362366;0.8417920470237732;0.05100160681953033;;vertical
1.3;0.4889759421348572;0.3100941479206085;-0.16742776334285736;0.5278686881065369;0.36761367321014404;-0.03886590525507927;0.4629957675933838;0.3716934621334076;-0.05207183584570885;0.5327195525169373;0.4663749635219574;0.002772347070276737;0.45793840289115906;0.4699453115463257;-0.01820574328303337;0.5175197124481201;0.5534669756889343;0.0035019381903111935;0.4772363305091858;0.552521824836731;-0.003550145775079727;0.5157986879348755;0.6988558173179626;-0.015046460554003716;0.4725836515426636;0.6979781985282898;-0.02128242515027523;0.49364652037620543;0.2924690663814545;-0.16959412768483162;0.5371930599212646;0.5750245600938797;-0.08830303139984608;0.4489360973238945;0.5778762251138687;-0.10369513742625713;0.5147929787635803;0.8506587743759155;0.045963371793429054;0.4638354480266571;0.8402771353721619;0.0490083321928978;;vertical
1.33;0.4907169044017792;0.3102625906467438;-0.1629609912633896;0.529110848903656;0.36765825748443604;-0.03242379426956177;0.4639890491962433;0.37182608246803284;-0.050098009407520294;0.5334827303886414;0.46701934933662415;0.01000650878995657;0.4592992663383484;0.4702388644218445;-0.01797936111688614;0.5178986191749573;0.5533481240272522;0.005340532399713993;0.4775935411453247;0.5523831248283386;-0.005374494008719921;0.5161116719245911;0.6979697346687317;-0.014459100551903248;0.472879022359848;0.6963895559310913;-0.02367076650261879;0.4953444004058838;0.29262272715568544;-0.1643389530479908;0.5393282622098923;0.5751560628414154;-0.07950753625482321;0.451631635427475;0.5782460123300552;-0.10373732447624207;0.5148612856864929;0.8502535223960876;0.047028198217352234;0.4635722041130066;0.8386619885762533;0.04706254911919435;;vertical
1.37;0.49204838275909424;0.3102701008319855;-0.1553383469581604;0.5299887657165527;0.3678395450115204;-0.025354554876685143;0.46449413895606995;0.37193140387535095;-0.04998978227376938;0.5343949794769287;0.46793538331985474;0.015696056187152863;0.4604480564594269;0.47061145305633545;-0.017421821132302284;0.5184623599052429;0.5532246232032776;0.006547889672219753;0.47791019082069397;0.5523595213890076;-0.006568477023392916;0.5165548920631409;0.6974194049835205;-0.012530716136097908;0.4731230139732361;0.695147693157196;-0.024220703169703484;0.49677161276340487;0.2926435053348541;-0.15554550066590309;0.5413805991411209;0.5753444880247116;-0.07476181630045176;0.45417190343141556;0.5788720548152924;-0.10288767889142036;0.514959434668223;0.8499757647514343;0.04695412144064903;0.46342742443084717;0.8372784654299418;0.04491802987953027;;vertical
1.4;0.4931223392486572;0.31022322177886963;-0.15591666102409363;0.5303494334220886;0.36803683638572693;-0.02631891518831253;0.46502605080604553;0.37187129259109497;-0.04905230179429054;0.5355486273765564;0.46898260712623596;0.01617654599249363;0.46089068055152893;0.46965712308883667;-0.0179278701543808;0.5187965035438538;0.5527419447898865;0.006920133717358112;0.47836828231811523;0.5523072481155396;-0.006938403006643057;0.516971230506897;0.6960115432739258;-0.01281186193227768;0.47351884841918945;0.6950370669364929;-0.025404322892427444;0.498073947429657;0.2925826162099838;-0.15618013292551042;0.5436779707670212;0.5756002962589264;-0.07387438509613276;0.45645544677972794;0.5788345634937286;-0.10284747183322906;0.5150962670644125;0.8498167594273885;0.04697524135311445;0.46353986859321594;0.8372100591659546;0.04252041131258011;;vertical
1.43;0.4937594532966614;0.3101862668991089;-0.15620987117290497;0.5305156111717224;0.3680475056171417;-0.024911323562264442;0.4656335413455963;0.3715420961380005;-0.04806198552250862;0.5366644859313965;0.4694533944129944;0.01847793161869049;0.46102482080459595;0.46820417046546936;-0.017731202766299248;0.5193140506744385;0.551965057849884;0.006500857416540384;0.47907060384750366;0.552076518535614;-0.006513096392154694;0.5175756216049194;0.6944388747215271;-0.013089407235383987;0.473262757062912;0.6950932145118713;-0.02560356631875038;0.49883274734020233;0.29253322780132296;-0.1565162532031536;0.5451869815587997;0.575493335723877;-0.07298014406114817;0.45747852325439453;0.5781870484352112;-0.10303141735494137;0.5152717034022013;0.8497463862101237;0.04701308161020279;0.4635634521643321;0.8383342027664185;0.038895473505059876;;vertical
1.47;0.49440789222717285;0.310104101896286;-0.15776327252388;0.5305777788162231;0.36808788776397705;-0.025594666600227356;0.4660851061344147;0.37129852175712585;-0.04772265627980232;0.5372145771980286;0.46983999013900757;0.018475279211997986;0.46114087104797363;0.46773576736450195;-0.017881756648421288;0.5193482637405396;0.5513371825218201;0.006143867503851652;0.479314386844635;0.5520641207695007;-0.006155034061521292;0.5178898572921753;0.6943269968032837;-0.013982110656797886;0.47312456369400024;0.696316123008728;-0.025827322155237198;0.4995069891214371;0.29246596097946165;-0.15815356895327567;0.5461946874856949;0.5753978043794632;-0.0746705336496234;0.45782916992902756;0.5779832601547241;-0.10769999213516712;0.5153409639994303;0.8486479719479879;0.051797911214331784;0.463761568069458;0.8413046002388;0.04067427354554335;;vertical
1.5;0.4946509897708893;0.31008681654930115;-0.16832533478736877;0.5304896831512451;0.3684218227863312;-0.027356572449207306;0.4663463830947876;0.3709009289741516;-0.054600223898887634;0.53745436668396;0.4700636863708496;0.01639143005013466;0.46077030897140503;0.4672391712665558;-0.02587076462805271;0.5191340446472168;0.5507892966270447;0.006229860242456198;0.47917667031288147;0.5520531535148621;-0.006238710600882769;0.5177784562110901;0.6942848563194275;-0.014056112617254257;0.4731026887893677;0.6974548697471619;-0.02668730355799198;0.4998234063386917;0.2924472033977509;-0.16896529719233513;0.5467828661203384;0.5749325454235077;-0.07599453255534172;0.4577438309788704;0.5780665725469589;-0.11755139753222466;0.5153370499610901;0.8471396168073019;0.055428010722001396;0.46406492590904236;0.8439898689587911;0.03939743091662725;;vertical
1.53;0.49507802724838257;0.3100866377353668;-0.1688341647386551;0.530366063117981;0.36898696422576904;-0.027811529114842415;0.46634796261787415;0.37051326036453247;-0.055216774344444275;0.5377373099327087;0.47008517384529114;0.01794402301311493;0.4605102837085724;0.4665641486644745;-0.028473608195781708;0.5191048979759216;0.550753653049469;0.006595452781766653;0.4790208339691162;0.5520766973495483;-0.006602538749575615;0.5177392959594727;0.6943017244338989;-0.016829611733555794;0.4730073809623718;0.6987058520317078;-0.028053639456629753;0.5002668112516403;0.29243857562541964;-0.16932071298360823;0.5474989414215088;0.5748562067747116;-0.07634042948484421;0.45736271142959595;0.5780951380729675;-0.12131962552666664;0.5153481165568033;0.8462286790211996;0.05816692796846231;0.4641886055469513;0.8453327020009359;0.04050898924469948;;vertical
1.57;0.4951084554195404;0.3099883496761322;-0.1717281937599182;0.5301820039749146;0.36914095282554626;-0.028274262323975563;0.4661911427974701;0.370235413312912;-0.058693934231996536;0.5375874042510986;0.4700387716293335;0.01818370632827282;0.46033021807670593;0.46640440821647644;-0.03267383947968483;0.5183389782905579;0.5503836870193481;0.006842665374279022;0.47860151529312134;0.5520423054695129;-0.00684930058196187;0.5173721313476562;0.694257915019989;-0.018207935616374016;0.47298046946525574;0.6987515687942505;-0.02883199416100979;0.5004414528608322;0.2922817885875702;-0.17184927985072135;0.5477634370326996;0.5748045295476913;-0.07549554295837879;0.4570961147546768;0.5785175561904907;-0.12417200021445751;0.5153563419977824;0.8453457355499268;0.05735745591421922;0.4641927083333333;0.8455612262090048;0.040006762370467186;;vertical
1.6;0.49494504928588867;0.3097912669181824;-0.19153337180614471;0.530049204826355;0.3692593574523926;-0.044820636510849;0.4661393463611603;0.3700551390647888;-0.07352016866207123;0.5374152064323425;0.470030814409256;0.007930261082947254;0.45996183156967163;0.46649041771888733;-0.04399704188108444;0.5179181098937988;0.5499784350395203;0.006758242379873991;0.4781627357006073;0.5519653558731079;-0.006769923027604818;0.5170544385910034;0.6951908469200134;-0.018277138471603394;0.4724464416503906;0.6990765929222107;-0.02817242592573166;0.5003663659095764;0.29197303354740145;-0.19205010905861855;0.5477689653635025;0.5748052597045898;-0.08631372265517712;0.4567941874265671;0.5798134505748749;-0.13531989976763725;0.5154131054878235;0.8452171087265015;0.057551881608863674;0.4641699492931366;0.8461665312449137;0.04050967345635096;;vertical
1.63;0.4947904944419861;0.30952903628349304;-0.19071494042873383;0.5297547578811646;0.3692963421344757;-0.04421199858188629;0.46610531210899353;0.3695428669452667;-0.07257317751646042;0.5373421311378479;0.46947547793388367;0.007873793132603168;0.45880573987960815;0.4665049612522125;-0.04381626844406128;0.5168992877006531;0.5494509935379028;0.0066940211690962315;0.47705620527267456;0.5517705082893372;-0.006709192879498005;0.5165286064147949;0.6955744624137878;-0.019582996144890785;0.4716710150241852;0.6996608376502991;-0.02783207595348358;0.5002228826284408;0.29151731133461;-0.1911040723323822;0.5472336113452911;0.5743669420480728;-0.08720713108778;0.4555160775780678;0.5798061639070511;-0.13653138652443886;0.5156305631001791;0.8451993465423584;0.058435685001313686;0.4641689360141754;0.8465336163838705;0.04163415854175886;;vertical
1.67;0.49471497535705566;0.3089006543159485;-0.18692493438720703;0.5293142795562744;0.3691438138484955;-0.04431435838341713;0.4659874141216278;0.3689638078212738;-0.06758959591388702;0.5370292067527771;0.46922022104263306;0.006163107231259346;0.45803794264793396;0.46634921431541443;-0.038806479424238205;0.5164598226547241;0.5490913391113281;0.005833886563777924;0.4762500524520874;0.551453709602356;-0.005860477685928345;0.5160204172134399;0.697408139705658;-0.022363541647791862;0.4699701964855194;0.7006426453590393;-0.027708973735570908;0.5001549988985061;0.29080820083618164;-0.18755340278148652;0.5459764301776886;0.5743325799703598;-0.09097073413431644;0.45411038398742676;0.5791564434766769;-0.13245766423642635;0.5159775813420614;0.8456878066062927;0.058534263633191586;0.4641818006833394;0.8473128875096639;0.0438759159296751;;vertical
1.7;0.4946300983428955;0.3085536062717438;-0.20977932214736938;0.5291572213172913;0.3698697090148926;-0.06997623294591904;0.46589574217796326;0.368889719247818;-0.08545472472906113;0.5367183685302734;0.470956414937973;-0.016737090423703194;0.45700106024742126;0.4670102894306183;-0.05166596174240112;0.5161022543907166;0.548900306224823;0.0043363915756344795;0.4756915271282196;0.5513178110122681;-0.004392784088850021;0.5156446695327759;0.6983073949813843;-0.022733299061655998;0.4691016972064972;0.7009231448173523;-0.024621084332466125;0.5000620454549789;0.2905150979757309;-0.21109050810337066;0.5445308089256287;0.5759400129318237;-0.1049933061003685;0.45189566910266876;0.5800546705722809;-0.13954255543649197;0.5163135528564453;0.8468072811762491;0.05344996228814125;0.46424063046773273;0.8477166493733724;0.044016861667235695;;vertical
1.73;0.49399736523628235;0.30846378207206726;-0.19848990440368652;0.5288523435592651;0.37036946415901184;-0.06292372196912766;0.46565330028533936;0.3687247037887573;-0.07679016888141632;0.5360640287399292;0.47357505559921265;-0.013927888125181198;0.45631977915763855;0.4671271741390228;-0.04786195233464241;0.5149971842765808;0.5488939881324768;0.0027658874168992043;0.4746243357658386;0.5513085722923279;-0.0028335137758404016;0.5153663754463196;0.6987062096595764;-0.02523721195757389;0.46854233741760254;0.7010658383369446;-0.022065043449401855;0.4994239330291748;0.29044620394706727;-0.19963323026895524;0.542059600353241;0.5781144052743912;-0.10622072219848633;0.4505004435777664;0.5800845772027969;-0.1345705222338438;0.5163056254386902;0.8475496371587118;0.053602694844206177;0.4645146628220876;0.8477163712183634;0.05267146478096644;;vertical
1.77;0.4934207499027252;0.3084520697593689;-0.19851058721542358;0.5283087491989136;0.3715614676475525;-0.0656585842370987;0.4652002453804016;0.36872702836990356;-0.07309123873710632;0.5349427461624146;0.4754072427749634;-0.018463680520653725;0.4556632936000824;0.46744537353515625;-0.04560536891222;0.5143551826477051;0.5496386289596558;0.0016751006478443742;0.4739980101585388;0.5515071749687195;-0.0017407737905159593;0.5151370167732239;0.6997012495994568;-0.02494865283370018;0.4681035876274109;0.701429545879364;-0.018773889169096947;0.4988017946481705;0.29043692350387573;-0.1994795799255371;0.539174884557724;0.5803728997707367;-0.11153617687523365;0.4485391899943352;0.5805590599775314;-0.13296761736273766;0.5159976085027059;0.8475337425867716;0.061893534225722156;0.46462063988049823;0.8477029204368591;0.06423193387066324;;vertical
1.8;0.4924217164516449;0.3083084225654602;-0.1954721361398697;0.5276672840118408;0.3716791868209839;-0.06046793609857559;0.46468260884284973;0.36871135234832764;-0.06169815734028816;0.5337032675743103;0.47510626912117004;-0.015937093645334244;0.4553567171096802;0.46766623854637146;-0.029124554246664047;0.5140807032585144;0.5499114394187927;0.0004406125517562032;0.473651647567749;0.5515040755271912;-0.0004928102716803551;0.5149648189544678;0.7005402445793152;-0.025410272181034088;0.46789175271987915;0.7015343904495239;-0.01743452437222004;0.49789418578147887;0.29031803607940676;-0.19697775691747665;0.5347229987382889;0.5809217840433121;-0.11037090606987476;0.44697386771440506;0.5805737227201462;-0.12718790769577026;0.5158839027086893;0.8476751844088236;0.062446706307431064;0.46470771233240765;0.847908616065979;0.06396107655018568;;vertical
1.83;0.4914557933807373;0.3082912266254425;-0.18635323643684387;0.5268926024436951;0.3717390298843384;-0.05873565748333931;0.4643250107765198;0.36875125765800476;-0.054398078471422195;0.5329685807228088;0.4749458432197571;-0.013061407953500748;0.45505887269973755;0.4680428206920624;-0.02196480892598629;0.5137892961502075;0.5502157807350159;-0.00013773661339655519;0.47338995337486267;0.5514999032020569;9,77E+10;0.5148138999938965;0.7008779048919678;-0.02639039047062397;0.46766600012779236;0.7015453577041626;-0.017151007428765297;0.49701819717884066;0.2903201818466187;-0.1877492882311344;0.531877189874649;0.5809640735387802;-0.10758328065276146;0.4461563155055046;0.5805537402629852;-0.12232564389705658;0.5158217151959738;0.8480219046274821;0.061629179089019694;0.46477171778678894;0.8479485114415487;0.0625643713089327;;vertical
1.87;0.49075111746788025;0.3083076775074005;-0.18852978944778442;0.5263670682907104;0.3719962537288666;-0.06086527183651924;0.4639246463775635;0.3690158426761627;-0.05572109669446945;0.5325738787651062;0.4748077094554901;-0.018329141661524773;0.4546242952346802;0.4688193202018738;-0.024255700409412384;0.5131672024726868;0.5505549311637878;-0.0006594309234060347;0.4730445146560669;0.5514957904815674;0.000625504762865603;0.5147587060928345;0.7014160752296448;-0.02546325884759426;0.4675309956073761;0.7015387415885925;-0.01491490751504898;0.49637652933597565;0.2904252767562866;-0.1897906966507435;0.5298060029745102;0.5808437913656235;-0.11140728369355202;0.44582942873239517;0.5807637572288513;-0.12275666557252407;0.5159460306167603;0.8498845299084982;0.058637071400880814;0.4648469090461731;0.8482016722361246;0.06191748799756169;;vertical
1.9;0.49028968811035156;0.3086463212966919;-0.18977688252925873;0.5259407758712769;0.3722339868545532;-0.06202966347336769;0.46336400508880615;0.3695181906223297;-0.05908254534006119;0.532153308391571;0.47469562292099;-0.019963765516877174;0.4542703330516815;0.46999815106391907;-0.027315272018313408;0.5124301314353943;0.5508586168289185;-0.0007066987454891205;0.472514271736145;0.5515334010124207;0.0006736346986144781;0.5145951509475708;0.7017847299575806;-0.023895559832453728;0.4673992991447449;0.7017343044281006;-0.014401385560631752;0.49589739441871644;0.2908832341432571;-0.191023488342762;0.5280467122793198;0.5807358026504517;-0.11161007545888424;0.445801705121994;0.5819337964057922;-0.12558715231716633;0.5160660147666931;0.8515961567560831;0.052577861895163856;0.4648663103580475;0.8483958641688029;0.06086529201517502;;vertical
1.93;0.4895818829536438;0.3089154362678528;-0.18875423073768616;0.5256757736206055;0.3724173307418823;-0.06102944165468216;0.4628244936466217;0.3701096475124359;-0.05921780690550804;0.5320062637329102;0.47462770342826843;-0.02067364566028118;0.45405763387680054;0.47105029225349426;-0.02771703340113163;0.5119470357894897;0.5516850352287292;-0.0009357025264762342;0.4720436930656433;0.5517399311065674;0.0009059868170879781;0.514407217502594;0.702673077583313;-0.02328529581427574;0.46705785393714905;0.7019011378288269;-0.012984653003513813;0.49525987207889555;0.29117274284362793;-0.18992399126291276;0.5273444354534149;0.5805470496416092;-0.11257796920835972;0.44601213186979294;0.582452192902565;-0.1256039012223482;0.51614377895991;0.8529428243637085;0.050695646554231644;0.4648180107275645;0.8483437101046244;0.06111396492148439;;vertical
1.97;0.48897114396095276;0.30903294682502747;-0.18974709510803223;0.525390625;0.37247854471206665;-0.064363494515419;0.4621664881706238;0.3707043528556824;-0.0600447952747345;0.5320520401000977;0.47452181577682495;-0.02565133199095726;0.45398736000061035;0.47243544459342957;-0.02834349311888218;0.5116258859634399;0.5518787503242493;-0.001098156557418406;0.4718359112739563;0.5519201159477234;0.0010648020543158054;0.5141294002532959;0.7026700973510742;-0.023286039009690285;0.4670107364654541;0.7019243240356445;-0.012747758999466896;0.49476478397846224;0.2913166910409927;-0.19075105786323548;0.5271523594856262;0.5803114175796509;-0.11817727237939835;0.4462028741836548;0.583153024315834;-0.12631153874099255;0.5160481929779053;0.8528574903806051;0.051409553115566574;0.4648021459579468;0.8483839631080627;0.06401872696975867;;vertical
2.0;0.4885762333869934;0.3090721666812897;-0.19331911206245422;0.5251889824867249;0.37249091267585754;-0.06549372524023056;0.461749792098999;0.37134498357772827;-0.06423414498567581;0.5320867896080017;0.4744609594345093;-0.024721471592783928;0.4540071189403534;0.47326961159706116;-0.03143736347556114;0.5116077065467834;0.5518516898155212;-0.00101645162794739;0.4718235731124878;0.5519284009933472;0.0009829066693782806;0.5136443376541138;0.7024187445640564;-0.023583203554153442;0.46702834963798523;0.7018952965736389;-0.01336559746414423;0.4943975925445557;0.2914136856794357;-0.1941671371459961;0.5274586379528046;0.5799026787281036;-0.11721951887011528;0.4468301981687546;0.5831315964460373;-0.12843343056738377;0.5158340930938721;0.8527304331461588;0.05154386286934217;0.46480077505111694;0.8485264976819357;0.06302352901548147;;vertical
2.03;0.48797863721847534;0.3094452917575836;-0.20246009528636932;0.525162935256958;0.37266644835472107;-0.07040184736251831;0.461322158575058;0.3719266355037689;-0.06996634602546692;0.5321131348609924;0.47439447045326233;-0.026598863303661346;0.45408353209495544;0.47324666380882263;-0.03463786840438843;0.5115301609039307;0.5515339970588684;-0.001042724121361971;0.4718327820301056;0.5517951250076294;0.0010060621425509453;0.5132467746734619;0.7019569277763367;-0.02318217232823372;0.46703290939331055;0.7018661499023438;-0.013554940931499004;0.4939411967992783;0.29181170761585234;-0.20403881818056108;0.5281897485256195;0.5798996239900589;-0.11955568566918373;0.4471188560128212;0.5828953087329865;-0.13251389376819134;0.515442411104838;0.8525047699610392;0.05406065129985412;0.4648481408754985;0.8495147426923116;0.06250819175814588;;vertical
2.07;0.48759040236473083;0.30967122316360474;-0.20253586769104004;0.5251428484916687;0.37289315462112427;-0.07084117829799652;0.46106666326522827;0.3722516596317291;-0.0704909935593605;0.5321298837661743;0.4748985469341278;-0.02645920217037201;0.45418187975883484;0.4732518196105957;-0.03502296283841133;0.5115143060684204;0.5513812899589539;-0.00129986135289073;0.47185006737709045;0.5517648458480835;0.0012585562653839588;0.5126906633377075;0.7014920115470886;-0.022257838398218155;0.4670392572879791;0.7016886472702026;-0.013193905353546143;0.49362340569496155;0.2920436829328537;-0.20398046523332597;0.5286245793104172;0.580170139670372;-0.1189756914973259;0.4476700723171234;0.5827211290597916;-0.132989551872015;0.5151230692863464;0.8523848056793213;0.0548310906936725;0.46487454573313397;0.8499540090560913;0.062098574824631214;;vertical
2.1;0.48742732405662537;0.3097914159297943;-0.20030829310417175;0.5251287817955017;0.37302693724632263;-0.06896831095218658;0.46087923645973206;0.37255293130874634;-0.06978077441453934;0.5321484208106995;0.47488638758659363;-0.02520504780113697;0.45422226190567017;0.4733743667602539;-0.03502017259597778;0.5115100145339966;0.5512657761573792;-0.001275409827940166;0.4718596339225769;0.551766037940979;0.0012338368687778711;0.5124937891960144;0.7012835741043091;-0.022092755883932114;0.4670441448688507;0.7016975283622742;-0.013394122011959553;0.4934491693973541;0.29216680526733396;-0.20156249552965164;0.5287718027830124;0.5801434814929962;-0.11874750815331936;0.44826918095350266;0.5828855186700821;-0.1331114023923874;0.5149457454681396;0.8523174126942953;0.05485922625909249;0.4648914833863576;0.8503843148549398;0.06111068418249488;;vertical
2.13;0.48726725578308105;0.3099527657032013;-0.19810344278812408;0.5250584483146667;0.3731405436992645;-0.06567143648862839;0.46069061756134033;0.37268978357315063;-0.06925596296787262;0.5321668982505798;0.47498857975006104;-0.02269410714507103;0.45426174998283386;0.4735337495803833;-0.034946784377098083;0.5115052461624146;0.5512024164199829;-0.0012261285446584225;0.4718710780143738;0.5517777800559998;0.0011853771284222603;0.5123446583747864;0.7010969519615173;-0.021058443933725357;0.46703994274139404;0.701701819896698;-0.013957632705569267;0.4933166950941086;0.29238342940807344;-0.198846672475338;0.5290757417678833;0.5801331847906113;-0.11708724871277809;0.4496486932039261;0.5831901729106903;-0.13280751556158066;0.5147839585940043;0.8522843519846598;0.054920327849686146;0.46490267912546795;0.8506088058153788;0.057907781874140106;;vertical
2.17;0.4871954619884491;0.31005701422691345;-0.1948154866695404;0.525028645992279;0.3732396364212036;-0.06228617951273918;0.46054160594940186;0.3728881776332855;-0.06807434558868408;0.532167375087738;0.4752098619937897;-0.01974611170589924;0.45427194237709045;0.4739452302455902;-0.03489729389548302;0.5115008354187012;0.5511483550071716;-0.0011930300388485193;0.47188234329223633;0.5518922805786133;0.0011533185606822371;0.5121845006942749;0.7009273767471313;-0.019819878041744232;0.46704357862472534;0.7017383575439453;-0.014066635631024837;0.49320662319660186;0.2924674540758133;-0.19516851752996445;0.529538482427597;0.5801941156387329;-0.11396731249988079;0.45071978121995926;0.5836040377616882;-0.1325847115367651;0.5146074493726095;0.8520551323890686;0.05727993479619423;0.4649355411529541;0.8508433699607849;0.057663263442615666;;vertical
2.2;0.48700204491615295;0.3101646304130554;-0.19507093727588654;0.5250263214111328;0.3733397424221039;-0.06257377564907074;0.46044921875;0.37316638231277466;-0.06797783076763153;0.5321762561798096;0.4753127694129944;-0.01981710083782673;0.45427754521369934;0.4743528664112091;-0.034863535314798355;0.5115134119987488;0.5510942339897156;-0.0011609774082899094;0.4719259738922119;0.5519406199455261;0.0011214053956791759;0.5120919346809387;0.700914740562439;-0.01910039596259594;0.4670467674732208;0.701779305934906;-0.014165964908897877;0.49302291572093965;0.2925716549158096;-0.19556339979171752;0.5299939960241318;0.5802574753761292;-0.11392363719642162;0.4515921622514725;0.5839056819677353;-0.13230938836932182;0.5145013133684794;0.8519124984741211;0.059555702532331146;0.46497684717178345;0.851008931795756;0.057688647881150246;;vertical
2.23;0.4868699610233307;0.31024640798568726;-0.19611920416355133;0.5250279307365417;0.37352123856544495;-0.06311465799808502;0.4603859484195709;0.37344250082969666;-0.06894523650407791;0.5321826338768005;0.47540798783302307;-0.019904058426618576;0.4542860686779022;0.4749562442302704;-0.035780590027570724;0.5115313529968262;0.551045835018158;-0.0011473624035716057;0.4719793200492859;0.551982581615448;0.0011081213597208261;0.512000560760498;0.7007814049720764;-0.018806515261530876;0.46705543994903564;0.7017996907234192;-0.014181002974510193;0.4929074078798294;0.29264686405658724;-0.1966616690158844;0.5305552780628204;0.5803105384111404;-0.11388760805130005;0.45242925733327866;0.584340825676918;-0.13228505477309227;0.5143817067146301;0.8517071406046549;0.05935854588945707;0.4650077223777771;0.8512499928474426;0.056994146356980004;;vertical
2.27;0.48681870102882385;0.31033605337142944;-0.19297575950622559;0.525032103061676;0.37355005741119385;-0.06041598692536354;0.4603516459465027;0.3737074136734009;-0.06784458458423615;0.53221195936203;0.4753362834453583;-0.01751004159450531;0.4543674886226654;0.47521576285362244;-0.03558436036109924;0.5115957260131836;0.5510505437850952;-0.0010597123764455318;0.4720519483089447;0.552160382270813;0.0010226358426734805;0.5119308233261108;0.7005627155303955;-0.01855105347931385;0.4670577049255371;0.7018478512763977;-0.014481678605079651;0.49284036457538605;0.29272369742393495;-0.1933600790798664;0.531319186091423;0.5803359001874924;-0.11141208373010159;0.4528399184346199;0.5846772342920303;-0.13153775222599506;0.5142930150032043;0.8513357440630595;0.06160993470499913;0.46502822637557983;0.8513312538464864;0.05708176176995039;;vertical
2.3;0.48677030205726624;0.31035155057907104;-0.190660759806633;0.5250342488288879;0.37357980012893677;-0.05906761437654495;0.4603140950202942;0.3738899528980255;-0.06577720493078232;0.5322313904762268;0.47533097863197327;-0.016581445932388306;0.45442983508110046;0.47532156109809875;-0.033593062311410904;0.5116410255432129;0.5510485768318176;-0.0009818589314818382;0.4721013903617859;0.5523360371589661;0.0009455708204768598;0.5119104385375977;0.7004469633102417;-0.018471162766218185;0.4670594334602356;0.7018897533416748;-0.01501261442899704;0.4927547574043274;0.2927548110485077;-0.1910395197570324;0.5317956507205963;0.5804764479398727;-0.11075457371771336;0.45291735231876373;0.58478182554245;-0.12908684462308884;0.5142396887143453;0.8512816230456034;0.061508634282896914;0.4650394320487976;0.8514428536097208;0.05690326448529959;;vertical
2.33;0.48676830530166626;0.3104010820388794;-0.1885206252336502;0.5250580310821533;0.37357667088508606;-0.05657098814845085;0.46029993891716003;0.37397798895835876;-0.06427840143442154;0.5322363376617432;0.475125789642334;-0.013729525730013847;0.4545508921146393;0.4753202199935913;-0.032488178461790085;0.5116702914237976;0.5510424971580505;-0.0008264512871392071;0.472121000289917;0.5524057149887085;0.000791832571849227;0.5119174122810364;0.7004350423812866;-0.01850101351737976;0.46706151962280273;0.7019203901290894;-0.015837350860238075;0.4927209407091141;0.29280832409858704;-0.18905057162046432;0.5323397070169449;0.5805520862340927;-0.10856910981237888;0.45294998586177826;0.5848088413476944;-0.12842095643281937;0.5142222841580709;0.8512144684791565;0.06120499844352404;0.4650430679321289;0.851440449555715;0.05666616496940454;;vertical
2.37;0.48677876591682434;0.31050997972488403;-0.18897730112075806;0.5250740647315979;0.3735671937465668;-0.05626218393445015;0.46029818058013916;0.37407341599464417;-0.06434690952301025;0.5322436094284058;0.474822998046875;-0.012668458744883537;0.4545899033546448;0.47530868649482727;-0.03249911218881607;0.5117005705833435;0.5510321855545044;-0.0005789929418824613;0.4721326529979706;0.5524347424507141;0.0005458594532683492;0.5119339227676392;0.7004233598709106;-0.01928507536649704;0.46707120537757874;0.701952338218689;-0.017010003328323364;0.4927124321460724;0.29290764033794403;-0.18956887125968933;0.5326757431030273;0.5805401653051376;-0.10816830210387707;0.4529307261109352;0.5847967118024826;-0.1285400353372097;0.5141934156417847;0.8511890371640524;0.06106322895114621;0.46504805485407513;0.8515942295392355;0.05590640536199013;;vertical
2.4;0.48679885268211365;0.31072646379470825;-0.19245775043964386;0.5251220464706421;0.3735569417476654;-0.05707103759050369;0.46029970049858093;0.3740953505039215;-0.06664322316646576;0.5322684049606323;0.4744225740432739;-0.013206698931753635;0.4546290636062622;0.4752964377403259;-0.033431991934776306;0.5117111802101135;0.5510060787200928;-0.0004394844581838697;0.47214215993881226;0.5524373650550842;0.00040529307443648577;0.5119362473487854;0.7004117965698242;-0.019347690045833588;0.467082679271698;0.7019575238227844;-0.01724875159561634;0.492715984582901;0.29308112561702726;-0.19364845529198646;0.532912477850914;0.5805525630712509;-0.10838630795478821;0.45289838314056396;0.5847681611776352;-0.1300914864987135;0.5141863028208414;0.8511562546094259;0.060300513015439115;0.4650508562723796;0.8516894777615865;0.05503545763591925;;vertical
2.43;0.4868035614490509;0.3108334541320801;-0.19536809623241425;0.5251405239105225;0.37349700927734375;-0.058549512177705765;0.4603082835674286;0.3741874694824219;-0.06895125657320023;0.5323463082313538;0.4738267660140991;-0.013544397428631783;0.4546404182910919;0.47532132267951965;-0.03477741777896881;0.5117160677909851;0.5509964227676392;-0.00015465468459296972;0.47214919328689575;0.5524348020553589;0.00011734037252608687;0.5119395852088928;0.7004010677337646;-0.019402962177991867;0.4671255946159363;0.7019737362861633;-0.017597349360585213;0.4927146464586258;0.2931814581155777;-0.1967935159802437;0.5330328494310379;0.5805724412202835;-0.10853746347129345;0.4527529776096344;0.5847599357366562;-0.1314023733139038;0.5141908526420593;0.8512613574663798;0.058329480389753975;0.46505047877629596;0.8518174091974894;0.05359263997524977;;vertical
2.47;0.48681288957595825;0.31088826060295105;-0.20084071159362793;0.5251937508583069;0.37344223260879517;-0.06424245238304138;0.460313618183136;0.37426993250846863;-0.07414115965366364;0.5323765277862549;0.4734210968017578;-0.016753073781728745;0.45464757084846497;0.4755067825317383;-0.03896220400929451;0.5117200613021851;0.5509899258613586;0.0001319814327871427;0.4721546173095703;0.5523987412452698;-0.0001760696613928303;0.5119423866271973;0.7003322243690491;-0.0202279444783926;0.46726882457733154;0.7019221186637878;-0.018316863104701042;0.49271594285964965;0.29325753450393677;-0.2026120603084564;0.5330632477998734;0.5806612223386765;-0.1096786018460989;0.4523645490407944;0.5850468426942825;-0.1332170758396387;0.5141900976498922;0.8512510259946188;0.05454162725557884;0.4650464951992035;0.8518783450126648;0.05056174534062544;;vertical
2.5;0.4868258833885193;0.3109399378299713;-0.20068024098873138;0.5252091288566589;0.37336212396621704;-0.06422299146652222;0.4603547751903534;0.3743292987346649;-0.07441416382789612;0.5323984622955322;0.4730198085308075;-0.016777750104665756;0.45465385913848877;0.475700318813324;-0.03959605470299721;0.5117343664169312;0.5509999394416809;0.00044531701132655144;0.4721583127975464;0.5524048209190369;-0.0004915383760817349;0.5119454860687256;0.7003160715103149;-0.02061472088098526;0.46729764342308044;0.7019344568252563;-0.018773915246129036;0.4927191138267517;0.2933258682489395;-0.20235910266637802;0.5331296771764755;0.5806750059127808;-0.10966933891177177;0.4520714282989502;0.5851384550333023;-0.13380339741706848;0.5141510367393494;0.8511690894762675;0.05462856901188692;0.4650445878505707;0.8519547780354818;0.05070201555887858;;vertical
2.53;0.48684564232826233;0.3109440803527832;-0.19550451636314392;0.5252114534378052;0.37313640117645264;-0.060027722269296646;0.46041226387023926;0.3743304908275604;-0.0716593936085701;0.5324385762214661;0.4721139669418335;-0.013654903508722782;0.4546940326690674;0.47571560740470886;-0.03753672540187836;0.5117809176445007;0.5510271191596985;0.0007344507612287998;0.47216686606407166;0.5523982644081116;-0.0007792058167979121;0.5119806528091431;0.7001998424530029;-0.021202128380537033;0.46730002760887146;0.7018689513206482;-0.019492922350764275;0.49272105693817136;0.2933426320552826;-0.19708703607320785;0.5331876128911972;0.5806382298469543;-0.10651602409780025;0.45182451605796814;0.5850706398487091;-0.1313449703156948;0.51410444577535;0.8508529265721639;0.054772280156612396;0.4650479753812154;0.8519260485967001;0.05101033921043078;;vertical
2.57;0.48686444759368896;0.31098684668540955;-0.1909339725971222;0.5252140164375305;0.37287819385528564;-0.05480092018842697;0.46046581864356995;0.3743246793746948;-0.0682014524936676;0.5324792861938477;0.47131356596946716;-0.00929103884845972;0.45474642515182495;0.47572022676467896;-0.03527114912867546;0.5117897987365723;0.5510267019271851;0.0012631129939109087;0.47217094898223877;0.5523275136947632;-0.0013030051486566663;0.5120258331298828;0.7000429630279541;-0.02187217026948929;0.46730107069015503;0.7018239498138428;-0.020925013348460197;0.4927271783351898;0.29339179694652556;-0.19238323494791984;0.5332573801279068;0.580504983663559;-0.10340476781129837;0.451546274125576;0.5849112272262573;-0.12981145083904266;0.5140653649965922;0.8508177200953165;0.054226722878714405;0.46504635612169903;0.8519477844238281;0.04983315741022428;;vertical
2.6;0.4868715703487396;0.31100788712501526;-0.18997275829315186;0.5252136588096619;0.37267765402793884;-0.05432259291410446;0.46051695942878723;0.374320387840271;-0.06667102128267288;0.5325019955635071;0.4706987738609314;-0.009320907294750214;0.454773485660553;0.47574907541275024;-0.033849086612463;0.511795699596405;0.5510247349739075;0.0013989886501803994;0.4721744954586029;0.5522720217704773;-0.0014377086190506816;0.5120452046394348;0.6999512314796448;-0.022308379411697388;0.46728330850601196;0.7018200159072876;-0.021109899505972862;0.49273246228694917;0.2934314101934433;-0.19144627526402475;0.5332979112863541;0.5804174691438675;-0.10360248386859894;0.45117882639169693;0.5848431289196014;-0.12867099419236183;0.5140030781428019;0.8507824341456095;0.0537151200696826;0.4650432864824931;0.8519514401753744;0.04971639004846414;;vertical
2.63;0.4868876338005066;0.311017245054245;-0.1871034801006317;0.5252159833908081;0.372596800327301;-0.05208693817257881;0.46056869626045227;0.3742925822734833;-0.06361715495586395;0.5325058102607727;0.47037550806999207;-0.008035131730139256;0.4548441767692566;0.47574281692504883;-0.031070806086063385;0.51181560754776;0.5510486364364624;0.0014352615689858794;0.4721771478652954;0.552253007888794;-0.0014723704662173986;0.5120725035667419;0.6999391913414001;-0.0227627195417881;0.46725502610206604;0.701819658279419;-0.02117513120174408;0.4927367687225342;0.29345284402370453;-0.18852310329675676;0.5333292037248611;0.5803139805793762;-0.10334114730358124;0.4508831053972244;0.5846736133098602;-0.1269422583281994;0.5139617522557577;0.8509367307027181;0.05296839370081822;0.4650304814179738;0.852004329363505;0.0496508963406086;;vertical
2.67;0.4868958294391632;0.31102463603019714;-0.18460552394390106;0.5252180099487305;0.37253087759017944;-0.0506727397441864;0.46062344312667847;0.3742809295654297;-0.060705818235874176;0.5325109362602234;0.47010090947151184;-0.007587215397506952;0.4548771381378174;0.47574111819267273;-0.02849527820944786;0.5118482112884521;0.5511033535003662;0.0014339148765429854;0.47218284010887146;0.5522518754005432;-0.0014708434464409947;0.5120964646339417;0.6999290585517883;-0.023432452231645584;0.4672185778617859;0.7018348574638367;-0.021184664219617844;0.49273879528045655;0.2934673547744751;-0.18596896007657052;0.5333608090877533;0.5802359282970428;-0.10351304523646832;0.45070717483758926;0.5845797955989838;-0.1250163372606039;0.513936718304952;0.8510602911313375;0.05248276268442472;0.46500855684280396;0.8520985643068949;0.0497118029743433;;vertical
2.7;0.4869300127029419;0.31107017397880554;-0.18334253132343292;0.5252197980880737;0.3724842667579651;-0.04921968653798103;0.4606742560863495;0.37426167726516724;-0.059248510748147964;0.5325186252593994;0.4699169993400574;-0.006257969886064529;0.45492541790008545;0.47571226954460144;-0.027305349707603455;0.5118641257286072;0.5511319637298584;0.0014290721155703068;0.4721861481666565;0.5522516965866089;-0.0014652510872110724;0.5121089220046997;0.6999253034591675;-0.02412818744778633;0.4671729505062103;0.7018982768058777;-0.021189305931329727;0.4927589505910873;0.29352369010448454;-0.18470821678638458;0.5333858728408813;0.5801630765199661;-0.102973323315382;0.4505902826786041;0.5843813568353653;-0.12464052066206932;0.5139196117719015;0.8512089252471924;0.05209150848289331;0.4649937053521474;0.8522961537043253;0.049720430125792824;;vertical
2.73;0.4869772791862488;0.31107789278030396;-0.1826528012752533;0.5252233147621155;0.37244170904159546;-0.04841823875904083;0.46073639392852783;0.37424054741859436;-0.058904364705085754;0.5325256586074829;0.46976521611213684;-0.005424334201961756;0.4549708068370819;0.47569021582603455;-0.02718782238662243;0.5118805170059204;0.5511443018913269;0.001427577226422727;0.4721900224685669;0.5522530674934387;-0.001463599968701601;0.5121575593948364;0.6999229192733765;-0.02457510307431221;0.4671482443809509;0.7019540071487427;-0.021199282258749008;0.492778679728508;0.2935330718755722;-0.18399319425225258;0.5334536731243134;0.5799862593412399;-0.10251018591225147;0.4505566731095314;0.584265872836113;-0.12467005103826523;0.5139163335164388;0.8514517943064371;0.05147901984552542;0.4649737477302551;0.8524597883224487;0.04970442255338033;;vertical
2.77;0.4870508015155792;0.31108397245407104;-0.18185710906982422;0.5252257585525513;0.3724171817302704;-0.04808586463332176;0.460789293050766;0.37422502040863037;-0.058548454195261;0.5325297713279724;0.4696725606918335;-0.005462608300149441;0.4549933969974518;0.47567877173423767;-0.027173789218068123;0.5118844509124756;0.5511530041694641;0.0014341272180899978;0.4721935987472534;0.5522587299346924;-0.0014694019919261336;0.5121961236000061;0.6999183893203735;-0.024611355736851692;0.4671432673931122;0.7019907236099243;-0.021216655150055885;0.4928086131811142;0.2935420244932175;-0.1831192135810852;0.5334940701723099;0.5798490345478058;-0.10241421312093735;0.45055311918258667;0.5842535942792892;-0.12438255734741688;0.5139108896255493;0.8514847358067831;0.0512807530661424;0.4649652938048045;0.8525086243947347;0.04966492330034574;;vertical
2.8;0.4871194362640381;0.3110892176628113;-0.18090514838695526;0.5252526998519897;0.37241411209106445;-0.04749135673046112;0.4608043134212494;0.37419387698173523;-0.05851113051176071;0.5325503945350647;0.469653457403183;-0.005653092171996832;0.45500245690345764;0.4756975471973419;-0.027455586940050125;0.5119311213493347;0.551235020160675;0.001585477264598012;0.47219669818878174;0.5522934198379517;-0.0016184000996872783;0.5122401118278503;0.699914276599884;-0.024645613506436348;0.4671405255794525;0.7019997835159302;-0.02161913923919201;0.4928358465433121;0.2935498684644699;-0.1819421209394932;0.5335467606782913;0.5797709822654724;-0.10259551927447319;0.450592041015625;0.5842573642730713;-0.12398950196802616;0.5138710538546244;0.8514352440834045;0.05141830320159594;0.4649193584918976;0.8525027831395467;0.049712665379047394;;vertical
2.83;0.4871699810028076;0.31105032563209534;-0.1817408800125122;0.525272011756897;0.37239134311676025;-0.0480683296918869;0.46081697940826416;0.37417706847190857;-0.05893651023507118;0.5325566530227661;0.46960824728012085;-0.006568065844476223;0.4550113379955292;0.4757596254348755;-0.027538254857063293;0.5120036005973816;0.5512422323226929;0.0015855769161134958;0.4721994698047638;0.5522989630699158;-0.0016183221014216542;0.512283980846405;0.6998288035392761;-0.02482408657670021;0.4671242833137512;0.7020158767700195;-0.021624011918902397;0.49285769164562226;0.29353832006454467;-0.1828090764582157;0.5335845202207565;0.5796591192483902;-0.10378238558769226;0.45067892223596573;0.5844257920980453;-0.12407570332288742;0.5138120849927267;0.8512181043624878;0.051662715151906013;0.464893897374471;0.8525068759918213;0.04981594160199165;;vertical
2.87;0.4872146248817444;0.311053067445755;-0.18210309743881226;0.5252928733825684;0.3723873496055603;-0.048259902745485306;0.4608418941497803;0.3741494417190552;-0.05924442037940025;0.5325608849525452;0.4696104824542999;-0.006609927397221327;0.4550195336341858;0.4757208824157715;-0.02772706188261509;0.5120112895965576;0.5511969923973083;0.0016332099912688136;0.4721955955028534;0.5522801280021667;-0.001664989278651774;0.5122959613800049;0.6995231509208679;-0.024843407794833183;0.4671221673488617;0.7020024061203003;-0.021757416427135468;0.4928977847099304;0.29354655742645264;-0.18316782116889954;0.5336174070835114;0.5794527530670166;-0.1038161851465702;0.4508035108447075;0.5843427181243896;-0.1241198405623436;0.5137530962626139;0.8508860270182291;0.05187591724097729;0.46487708886464435;0.8525135119756063;0.04983222919205824;;vertical
2.9;0.4872461259365082;0.31105515360832214;-0.18346188962459564;0.5253222584724426;0.37243273854255676;-0.05042971670627594;0.4608480632305145;0.37413105368614197;-0.05930415540933609;0.5325639247894287;0.4703117311000824;-0.009531799703836441;0.4550233781337738;0.47572386264801025;-0.027822718024253845;0.5120183825492859;0.5511283874511719;0.0012950844829902053;0.4721972942352295;0.5522769093513489;-0.0013255542144179344;0.5122988224029541;0.6995026469230652;-0.024835318326950073;0.4671034812927246;0.7020041942596436;-0.021100332960486412;0.4929277390241623;0.2935621410608292;-0.18462048843502998;0.5336289405822754;0.5794110596179962;-0.10774088837206364;0.45101453363895416;0.5842725932598114;-0.12448853440582752;0.5137387116750082;0.8508894840876261;0.051939582452178;0.4648434321085612;0.852568507194519;0.05034474159280459;;vertical
2.93;0.4872683882713318;0.31104761362075806;-0.1801593005657196;0.5253248810768127;0.37244004011154175;-0.047542329877614975;0.4608525335788727;0.3741200566291809;-0.05674120783805847;0.5325868129730225;0.47061416506767273;-0.00837360043078661;0.45501893758773804;0.47572028636932373;-0.02657374180853367;0.5120247006416321;0.5510029196739197;0.0012469094945117831;0.47219887375831604;0.5522517561912537;-0.001274928217753768;0.5121641159057617;0.699044406414032;-0.02488311193883419;0.4670989513397217;0.7020057439804077;-0.021266642957925797;0.49298831820487976;0.29357967972755433;-0.18083907216787337;0.533682569861412;0.5794054865837097;-0.10759785771369934;0.4513152241706848;0.5842547118663788;-0.12342266365885735;0.5135716199874878;0.8507364193598429;0.05047086129585902;0.4647366901238759;0.8526080846786499;0.04787942829231421;;vertical
2.97;0.48732519149780273;0.31097060441970825;-0.16905516386032104;0.5253241062164307;0.37252816557884216;-0.035616684705019;0.4608571529388428;0.37405189871788025;-0.048465386033058167;0.5325850248336792;0.4710083305835724;0.0031858806032687426;0.45503172278404236;0.47557374835014343;-0.020760852843523026;0.5120218396186829;0.5510087609291077;0.0013012568233534694;0.4722003638744354;0.5523738265037537;-0.0013250684132799506;0.512113630771637;0.6992399096488953;-0.02501467429101467;0.46703994274139404;0.7025824189186096;-0.021657578647136688;0.49310523867607114;0.2935707807540894;-0.16913314089179038;0.5338769257068634;0.5794380307197571;-0.09648249298334122;0.4520007520914078;0.584198921918869;-0.11894420720636845;0.5133013129234314;0.8509719371795654;0.04956517368555069;0.46463461716969806;0.8528436223665873;0.04709258737663428;;vertical
3.0;0.4874633848667145;0.31060585379600525;-0.1507071852684021;0.5253332853317261;0.37270548939704895;-0.01995011977851391;0.4608650803565979;0.37378326058387756;-0.03482835739850998;0.5324820280075073;0.4712313115596771;0.01573021151125431;0.45502910017967224;0.4750988781452179;-0.0110507532954216;0.512114405632019;0.5517517924308777;0.0013462029164656997;0.47224733233451843;0.553537905216217;-0.0013644288992509246;0.5121155977249146;0.7006033658981323;-0.024943049997091293;0.46698102355003357;0.7036933302879333;-0.021855276077985764;0.4933129608631134;0.29333398640155794;-0.15001330524683;0.5342979580163956;0.5792837589979172;-0.08320778980851173;0.452641561627388;0.5840537995100021;-0.10894309729337692;0.5132900873819987;0.8520553509394327;0.049713258941968284;0.46447723110516864;0.8531236052513123;0.04784730759759744;;vertical
3.03;0.4883325397968292;0.3110249936580658;-0.13863536715507507;0.5257919430732727;0.3736012578010559;0.0009617884061299264;0.4614362418651581;0.3735506236553192;-0.03364371508359909;0.532619059085846;0.4714718461036682;0.04060173034667969;0.45501962304115295;0.47387877106666565;-0.011766837909817696;0.5121642351150513;0.5556840896606445;0.007497974205762148;0.47246402502059937;0.5566049814224243;-0.007483512628823519;0.5125239491462708;0.701346218585968;-0.012168224900960922;0.4670255482196808;0.7049738168716431;-0.02585800178349018;0.4940405309200287;0.2934813439846039;-0.13776232302188873;0.5352400690317154;0.5792657881975174;-0.05470076482743025;0.4530399441719055;0.5837593376636505;-0.10435726307332516;0.514677882194519;0.8525101939837137;0.05755586580683788;0.46399539709091187;0.852999766667684;0.04522006834546725;;vertical
3.07;0.4900051951408386;0.31138134002685547;-0.13529932498931885;0.5262136459350586;0.3745485246181488;0.00516807846724987;0.4623062312602997;0.37354084849357605;-0.0345534048974514;0.5327240228652954;0.4725451171398163;0.043851740658283234;0.4550919830799103;0.4732937514781952;-0.014376374892890453;0.5123589634895325;0.5575211048126221;0.012066337279975414;0.47280651330947876;0.557923436164856;-0.012051072902977467;0.5132362246513367;0.70136559009552;-0.0043651205487549305;0.46746888756752014;0.7055920362472534;-0.029533639550209045;0.4956004470586777;0.2936710029840469;-0.13351921550929546;0.536171481013298;0.5798765271902084;-0.05066867172718048;0.4534492567181587;0.5836762636899948;-0.10373224876821041;0.5153965751330057;0.8509614070256551;0.0671909290055434;0.4636281232039134;0.8526556690533956;0.04292989025513331;;vertical
3.1;0.49252939224243164;0.3115435838699341;-0.14231842756271362;0.5266251564025879;0.3745335340499878;0.0028479532338678837;0.4631068706512451;0.3735661506652832;-0.036907732486724854;0.5332051515579224;0.4729512929916382;0.04175443947315216;0.45543172955513;0.47308894991874695;-0.02480943873524666;0.5130833387374878;0.5586923956871033;0.015570397488772869;0.47361424565315247;0.5586466193199158;-0.015561727806925774;0.5139895677566528;0.7022996544837952;-0.0009552043047733605;0.4682178199291229;0.7059831023216248;-0.03241679072380066;0.4976565510034561;0.293721005320549;-0.14019197970628738;0.5370438992977142;0.5803349763154984;-0.05520997196435928;0.45404868572950363;0.583930104970932;-0.10640186816453934;0.5158759554227194;0.8506718873977661;0.07108027798434098;0.4633282721042633;0.8521367708841959;0.04087619731823603;;vertical
3.13;0.4947442412376404;0.31236642599105835;-0.1333397477865219;0.5272766947746277;0.3745338022708893;0.011265339329838753;0.46454378962516785;0.3736589848995209;-0.039840131998062134;0.5338807106018066;0.47322985529899597;0.04838891699910164;0.45615312457084656;0.4730303883552551;-0.02757892943918705;0.5149368643760681;0.5613194108009338;0.020606299862265587;0.47565749287605286;0.5599123239517212;-0.020600341260433197;0.5147112607955933;0.7036766409873962;0.006345662288367748;0.4690859913825989;0.7060040235519409;-0.036976009607315063;0.4997604310512543;0.2943713903427124;-0.13060157969594002;0.53794364631176;0.5804444253444672;-0.047735128086060286;0.454595148563385;0.5846933871507645;-0.10863765329122543;0.5163411100705465;0.8503945271174113;0.0713778253023823;0.46289458870887756;0.851277748743693;0.030352705468734104;;girando
3.17;0.4965730607509613;0.31268104910850525;-0.13443152606487274;0.5282612442970276;0.3746618628501892;0.012909583747386932;0.46645084023475647;0.3739595115184784;-0.0433369055390358;0.5345560312271118;0.47350749373435974;0.05225753039121628;0.4571698307991028;0.4739483892917633;-0.03359014540910721;0.5171716809272766;0.5627796053886414;0.025269504636526108;0.4784393608570099;0.560964047908783;-0.02527458220720291;0.5156311988830566;0.703690767288208;0.011422429233789444;0.4709266424179077;0.7071303129196167;-0.04263406991958618;0.5012657642364502;0.2946740806102753;-0.13155046477913857;0.5397806316614151;0.5804368257522583;-0.043478027917444706;0.45476559549570084;0.5866598337888718;-0.11084722355008125;0.5167210896809896;0.8498849272727966;0.07331767678260803;0.4625781575838725;0.8511677583058676;0.018853361407915752;;girando
3.2;0.49953705072402954;0.3128736913204193;-0.14078927040100098;0.5296456217765808;0.37465229630470276;0.007047696970403194;0.46906399726867676;0.37396278977394104;-0.053984396159648895;0.5351649522781372;0.47349947690963745;0.04979967325925827;0.459125280380249;0.47395023703575134;-0.040115274488925934;0.519302248954773;0.5628354549407959;0.02668881230056286;0.48158738017082214;0.5608112812042236;-0.02670654095709324;0.516253650188446;0.7036400437355042;0.014668929390609264;0.4739234149456024;0.7071045637130737;-0.04290701448917389;0.5036099821329116;0.2948134452104568;-0.13883137628436087;0.5414591580629349;0.5805439352989197;-0.04383031465113163;0.4551861733198166;0.58790522813797;-0.11648450791835785;0.5171923637390137;0.850197950998942;0.07160366637011369;0.4626958866914113;0.8505560557047526;0.015457945565382639;;girando
3.23;0.5015036463737488;0.3131633698940277;-0.14294683933258057;0.5308250784873962;0.374817430973053;0.014168121851980686;0.47193264961242676;0.3739567995071411;-0.055453624576330185;0.5358386039733887;0.47352495789527893;0.05980639532208443;0.46107932925224304;0.4735904932022095;-0.04046330973505974;0.5211268067359924;0.5629689693450928;0.029568606987595558;0.4844551086425781;0.5606952905654907;-0.02959003485739231;0.5173075795173645;0.7042205333709717;0.00974294450134039;0.4777826964855194;0.7072990536689758;-0.049616873264312744;0.5055112570524216;0.2949978530406952;-0.14077803418040274;0.5442940443754196;0.5804921984672546;-0.037592319305986166;0.45696984231472015;0.5878711342811584;-0.1204452645033598;0.5177063544591268;0.8505424459775289;0.07442803991337617;0.4635929961999257;0.8507553935050964;0.01423477753996849;;girando
3.27;0.5050807595252991;0.3131849467754364;-0.14361019432544708;0.5319163203239441;0.37565717101097107;0.03190349414944649;0.47457170486450195;0.3742022216320038;-0.07022671401500702;0.536747395992279;0.47360217571258545;0.08200082182884216;0.4626900553703308;0.47360172867774963;-0.05999065190553665;0.5225995779037476;0.563412070274353;0.04073558747768402;0.4877050220966339;0.5612723231315613;-0.04074389860033989;0.5184930562973022;0.7045403122901917;0.020303089171648026;0.4825575351715088;0.7075650095939636;-0.059407789260149;0.5082354217767715;0.295025110244751;-0.13932644091546537;0.5470281690359116;0.5803838670253754;-0.019266729766968638;0.4586145803332329;0.5890630334615707;-0.1392621099948883;0.5180120269457499;0.8505773345629374;0.08948619291186333;0.4636443654696147;0.8508689403533936;0.005577533195416133;;girando
3.3;0.507845401763916;0.3132200241088867;-0.14252586662769318;0.5327945947647095;0.3761933147907257;0.04431813582777977;0.4772138297557831;0.3744422197341919;-0.08272295445203781;0.5391010046005249;0.47323015332221985;0.09639721363782883;0.46461835503578186;0.47388917207717896;-0.07702067494392395;0.5248713493347168;0.5644450783729553;0.048564668744802475;0.49084246158599854;0.5628072619438171;-0.04856477677822113;0.5196918845176697;0.7058448791503906;0.023778699338436127;0.48696252703666687;0.7104015946388245;-0.0687546581029892;0.5105826318264007;0.2950777679681778;-0.13660921454429625;0.5498222410678864;0.5796875953674316;-0.0029160469712223858;0.4615979716181755;0.5913236141204834;-0.1526734121143818;0.5183278520901998;0.8517991900444031;0.099679051587979;0.46385114391644794;0.8515408039093018;-0.002805716668566068;;girando
3.33;0.5115213990211487;0.3133997321128845;-0.16417373716831207;0.5330578088760376;0.3772576153278351;0.03704523295164108;0.47982099652290344;0.37509438395500183;-0.11499052494764328;0.5408025979995728;0.47397488355636597;0.094464011490345;0.4672556519508362;0.47505486011505127;-0.10901159048080444;0.5265214443206787;0.5642083287239075;0.05440744385123253;0.494387686252594;0.5627267956733704;-0.054418548941612244;0.5216005444526672;0.7059264779090881;0.017207691445946693;0.49462807178497314;0.7099536657333374;-0.08167386800050735;0.5134371995925904;0.2952181965112686;-0.15581796877086163;0.5524015873670578;0.5792035758495331;-0.0010899816697929054;0.46739988029003143;0.5946343094110489;-0.17715981602668762;0.5181933244069418;0.8532286485036215;0.0943085824449857;0.46708278854688007;0.8417123953501383;0.010048922151327133;;girando
3.37;0.5127172470092773;0.31306225061416626;-0.1755504608154297;0.532808244228363;0.3774968981742859;0.04619618132710457;0.48222747445106506;0.37542250752449036;-0.1290525197982788;0.540309488773346;0.4735865294933319;0.10840863734483719;0.4696131646633148;0.47762927412986755;-0.12961912155151367;0.5274384617805481;0.5636864900588989;0.06121591478586197;0.49779343605041504;0.5619152188301086;-0.061247777193784714;0.525551974773407;0.7062063813209534;0.01586945913732052;0.5019450187683105;0.7084589004516602;-0.09637932479381561;0.5147502541542053;0.295056089758873;-0.16627119109034538;0.5523916780948639;0.572732076048851;0.013654106063768268;0.4727364704012871;0.5959232151508331;-0.19923444092273712;0.5163600643475851;0.8534587224324545;0.11519736299912135;0.47249799966812134;0.8414640625317892;0.0017171973983446758;;girando
3.4;0.5162891149520874;0.31239181756973267;-0.1937856823205948;0.5321357846260071;0.3774721026420593;0.04087449610233307;0.48557883501052856;0.375404953956604;-0.1599128246307373;0.5401619672775269;0.47345608472824097;0.0998862087726593;0.47231078147888184;0.47797712683677673;-0.16818994283676147;0.5267013907432556;0.5624333620071411;0.06919926404953003;0.4986895024776459;0.560454249382019;-0.06924647837877274;0.5270792841911316;0.7052692770957947;0.04399614408612251;0.5070698857307434;0.7057272791862488;-0.08927381038665771;0.5170172572135925;0.2944904386997223;-0.18352901339530944;0.5531401634216309;0.5712380707263947;0.009416418382897973;0.4782104268670082;0.5956926494836807;-0.23104393109679222;0.5161045591036478;0.8542454441388448;0.13025396317243576;0.4796215792496999;0.8506019711494446;-0.016138546479245026;;girando
3.43;0.5194829106330872;0.31182432174682617;-0.20052392780780792;0.5305050611495972;0.37760448455810547;0.03624055162072182;0.488032728433609;0.3748018443584442;-0.19017252326011658;0.537468433380127;0.4715527296066284;0.09558216482400894;0.47520712018013;0.48016926646232605;-0.2040158361196518;0.5263139605522156;0.5611011385917664;0.07307785749435425;0.5013014674186707;0.5595625638961792;-0.073127880692482;0.5267296433448792;0.7038376927375793;0.07672351598739624;0.5105236172676086;0.7064692378044128;-0.08459813892841339;0.5191051840782166;0.2939445286989212;-0.19004394933581353;0.5549299865961075;0.5667478144168854;0.00933945830911398;0.4835806041955948;0.597044974565506;-0.25986504182219505;0.5169618328412374;0.8547108968098959;0.14620736986398697;0.4911159873008728;0.8647226293881735;-0.03641406136254469;;girando
3.47;0.5228288173675537;0.3107445538043976;-0.18590092658996582;0.5291983485221863;0.37795358896255493;0.04302642494440079;0.49058008193969727;0.3720669150352478;-0.2040475606918335;0.5366040468215942;0.4731276333332062;0.09656029939651489;0.47932666540145874;0.4800175130367279;-0.23548735678195953;0.5262677669525146;0.5625935196876526;0.07846538722515106;0.5033096671104431;0.5617907643318176;-0.07856238633394241;0.525871217250824;0.7038612961769104;0.11908246576786041;0.5140690207481384;0.7107816934585571;-0.08428951352834702;0.5215411961078644;0.29257258772850037;-0.1815435655415058;0.5567173510789871;0.5679833143949509;0.014444078551605344;0.4886455312371254;0.5972365885972977;-0.2928720563650131;0.516392449537913;0.8546308676401774;0.2072824090719223;0.5028270483016968;0.8743118643760681;-0.02402475771183769;;girando
3.5;0.5274836421012878;0.3100362718105316;-0.1430552452802658;0.5287654995918274;0.3799137473106384;0.052649710327386856;0.4934506416320801;0.3712960481643677;-0.199637308716774;0.5365830659866333;0.477821946144104;0.09814521670341492;0.48318174481391907;0.4810604155063629;-0.2327985167503357;0.5251317024230957;0.5686514377593994;0.079140305519104;0.5037897825241089;0.5676509141921997;-0.07921581715345383;0.5254066586494446;0.7095723748207092;0.11200238019227982;0.5171447396278381;0.7178475856781006;-0.05333319306373596;0.5246646940708161;0.29155445992946627;-0.13047390058636665;0.5592294037342072;0.5710859447717667;0.02721759141422808;0.4956466779112816;0.6001140475273132;-0.2757978141307831;0.5180365045865377;0.8610896070798238;0.18543952703475952;0.5156545341014862;0.8813903133074442;-0.0036443384985129037;;girando
3.53;0.5312668681144714;0.31007298827171326;-0.10840752720832825;0.5266401767730713;0.3801018297672272;0.0662696436047554;0.49723273515701294;0.36962568759918213;-0.19615072011947632;0.5354118347167969;0.47849181294441223;0.10913502424955368;0.48842892050743103;0.4809647500514984;-0.23802225291728973;0.5227736830711365;0.5698356032371521;0.08070473372936249;0.5042269229888916;0.5690991282463074;-0.08076466619968414;0.5250299572944641;0.7146314382553101;0.10924933850765228;0.5202179551124573;0.7225935459136963;-0.053135525435209274;0.5276704251766204;0.2915291845798492;-0.0960284786298871;0.5590867400169373;0.5678483545780182;0.05179578252136707;0.504605621099472;0.5998468697071075;-0.2755986303091049;0.5237104694048563;0.8670539855957031;0.16573403278986612;0.5280741453170776;0.8855568369229635;-0.012645800908406576;;girando
3.57;0.5342548489570618;0.31086161732673645;-0.11087781935930252;0.5241913199424744;0.3811703622341156;0.0633968636393547;0.5021279454231262;0.36952272057533264;-0.2054160088300705;0.5328815579414368;0.47859662771224976;0.10567443072795868;0.4947386384010315;0.48079898953437805;-0.2596026062965393;0.5195664763450623;0.571537971496582;0.08095438778400421;0.5052812695503235;0.5701530575752258;-0.08098104596138;0.5236271023750305;0.7136113047599792;0.11979030817747116;0.5220252275466919;0.7215990424156189;-0.050707537680864334;0.529694402217865;0.2917670339345932;-0.0988298961892724;0.5585092455148697;0.5620085000991821;0.05056072864681482;0.5134183168411255;0.5995943993330002;-0.3110796809196472;0.5227686564127604;0.8662553032239279;0.18259132901827493;0.5368962486584982;0.8864052891731262;-0.013348462680975596;;girando
3.6;0.5364997982978821;0.31144610047340393;-0.10835935175418854;0.521960437297821;0.3814553916454315;0.06548275053501129;0.5044507384300232;0.36934608221054077;-0.20454147458076477;0.5309465527534485;0.4784053564071655;0.10579632222652435;0.5003368258476257;0.4808214008808136;-0.24642017483711243;0.5175670981407166;0.5711266994476318;0.08149977773427963;0.5067751407623291;0.5697742700576782;-0.08151450008153915;0.5221414566040039;0.7122052311897278;0.1288568079471588;0.5239647030830383;0.7206000089645386;-0.053223758935928345;0.5317910969257355;0.2919262647628784;-0.09662514980882406;0.5588014423847198;0.5605192333459854;0.047848728485405445;0.5198781937360764;0.599328026175499;-0.27776483446359634;0.5221550067265829;0.8634275396664938;0.1966134856144587;0.5406888326009115;0.8856706420580546;-0.024958255429131288;;girando
3.63;0.5379441380500793;0.31301888823509216;-0.11376658827066422;0.5199567079544067;0.3809758424758911;0.06304080784320831;0.5063762664794922;0.3706437349319458;-0.21232740581035614;0.5268049836158752;0.4791299104690552;0.10333140194416046;0.5058113932609558;0.48354393243789673;-0.2454228699207306;0.5144466161727905;0.5700660347938538;0.0837923139333725;0.5085000991821289;0.5691856145858765;-0.08381818979978561;0.5220990777015686;0.7075597047805786;0.14713062345981598;0.526678204536438;0.7198782563209534;-0.048603929579257965;0.5332472443580627;0.29238643646240237;-0.10207775086164475;0.556989997625351;0.5592341125011444;0.04361675679683685;0.5248868763446808;0.5994109660387039;-0.2620365209877491;0.5222354133923849;0.8609262108802795;0.23015467325846353;0.5410114725430807;0.885194738705953;-0.01689426500039796;;girando
3.67;0.5377627611160278;0.3136109411716461;-0.1039947047829628;0.5168245434761047;0.37856003642082214;0.07336703687906265;0.5122124552726746;0.37106725573539734;-0.20993059873580933;0.5207079648971558;0.4790090024471283;0.1075228601694107;0.5116271376609802;0.48342302441596985;-0.2431442141532898;0.5119600296020508;0.5686767101287842;0.0857209712266922;0.5121452212333679;0.5686280131340027;-0.08577517420053482;0.5212398171424866;0.7057405114173889;0.1344393491744995;0.5268571972846985;0.7194170355796814;-0.04953582212328911;0.5329390406608582;0.2925440430641174;-0.09203201588243246;0.551953598856926;0.5545499473810196;0.051932104863226414;0.5335766524076462;0.5968959778547287;-0.2576402314007282;0.5210648775100708;0.8602015773455302;0.20424207548300424;0.5390154123306274;0.8848323822021484;-0.0216110987457796;;girando
3.7;0.5365866422653198;0.3135344088077545;-0.10497048497200012;0.5148558020591736;0.3743283152580261;0.07393079996109009;0.5174237489700317;0.3710649907588959;-0.21584095060825348;0.5177549719810486;0.47852566838264465;0.10680542141199112;0.5185353755950928;0.48379799723625183;-0.2448473870754242;0.508158802986145;0.563011109828949;0.08747587352991104;0.5137485861778259;0.5641079545021057;-0.08755110949277878;0.5187307596206665;0.7015531063079834;0.1291574388742447;0.526540219783783;0.7164114117622375;-0.0626184344291687;0.5322765231132507;0.2924517810344696;-0.09293138403445482;0.5490389168262482;0.5597314536571503;0.043530190363526344;0.5432061851024628;0.5949511379003525;-0.24769755452871323;0.52046271165212;0.8597562114397684;0.19464611013730368;0.5380300879478455;0.883250872294108;-0.040153237680594124;;girando
3.73;0.5360164046287537;0.3136040270328522;-0.026784788817167282;0.5089053511619568;0.36807531118392944;0.12670814990997314;0.5278977155685425;0.3709544837474823;-0.15440984070301056;0.507821261882782;0.47455447912216187;0.13690990209579468;0.5262582302093506;0.4836994707584381;-0.18597708642482758;0.5027526617050171;0.5557556748390198;0.08749540150165558;0.5152962803840637;0.5581695437431335;-0.08760686218738556;0.5120216608047485;0.6952740550041199;0.11490783095359802;0.525148868560791;0.7109863758087158;-0.07250877469778061;0.5323286592960358;0.2930539518594742;-0.013934731436893343;0.5183248966932297;0.5655984580516815;0.1013733483850956;0.5478202402591705;0.5938049554824829;-0.17786386609077454;0.5184658765792847;0.85808132092158;0.13925054669380188;0.5373202363650004;0.8822593688964844;-0.06861963123083115;;girando
3.77;0.536173403263092;0.31358250975608826;0.04120614752173424;0.5040569305419922;0.3666132688522339;0.13086426258087158;0.5373794436454773;0.3709627091884613;-0.10711562633514404;0.4988328516483307;0.46699556708335876;0.14630305767059326;0.5340824127197266;0.4838726222515106;-0.12107304483652115;0.49833962321281433;0.5503052473068237;0.08481521159410477;0.5192152857780457;0.554442822933197;-0.08492530882358551;0.5069141387939453;0.6924520134925842;0.10991375148296356;0.525664210319519;0.7079654932022095;-0.07060622423887253;0.5328703105449677;0.2931601792573929;0.05150141976773739;0.5049990862607956;0.5650469809770584;0.1407846175134182;0.5510914474725723;0.5923299491405487;-0.07429786399006844;0.5148719151814779;0.8559617400169373;0.1293483873208364;0.5361433426539103;0.8823976516723633;-0.0811498189965884;;girando
3.8;0.5353483557701111;0.312430739402771;0.08651576936244965;0.5029639005661011;0.36724138259887695;0.13642427325248718;0.5415176749229431;0.37095552682876587;-0.0787172019481659;0.4982526898384094;0.4667309522628784;0.1510070115327835;0.5393734574317932;0.4829600751399994;-0.09069138020277023;0.49699780344963074;0.5483335852622986;0.08433333039283752;0.5208650827407837;0.5515108704566956;-0.08433183282613754;0.5061089396476746;0.6938334107398987;0.07920928299427032;0.5254313349723816;0.7083291411399841;-0.06454120576381683;0.5311917126178741;0.29261170923709867;0.0921678414568305;0.5001662522554398;0.5653766691684723;0.14577415585517883;0.5541935563087463;0.5900995880365372;-0.055045279674232006;0.5160324176152548;0.8569459915161133;0.0867270715534687;0.5343257983525594;0.8826284209887186;-0.06518724312384923;;girando
3.83;0.5342328548431396;0.31001192331314087;0.10750743001699448;0.5006090998649597;0.36781826615333557;0.1126161590218544;0.5446822047233582;0.37096232175827026;-0.06084069982171059;0.49907809495925903;0.46449407935142517;0.12276853621006012;0.5439491271972656;0.48189911246299744;-0.06545618921518326;0.49657562375068665;0.5475690364837646;0.07125703245401382;0.523202121257782;0.5515987873077393;-0.07136697322130203;0.5032612681388855;0.6923734545707703;0.08183573186397552;0.5250099301338196;0.7069811224937439;-0.06221713125705719;0.5282488346099854;0.29129248261451723;0.10764703080058098;0.49806980788707733;0.5663456469774246;0.10912168025970459;0.5598108023405075;0.5867374688386917;-0.021304977126419544;0.5115954677263895;0.8539560635884603;0.10755154490470886;0.5333410700162252;0.8821496367454529;-0.07284926995635033;;girando
3.87;0.5318744778633118;0.3097213804721832;0.11065410077571869;0.4987303912639618;0.3680696189403534;0.10572682321071625;0.5481060147285461;0.371198832988739;-0.052742283791303635;0.49819132685661316;0.46269485354423523;0.1071247085928917;0.5476735830307007;0.4817441403865814;-0.05453363060951233;0.4949609041213989;0.5489538908004761;0.0663674920797348;0.5247465372085571;0.5531379580497742;-0.06649157404899597;0.5004627108573914;0.6926267743110657;0.0823248028755188;0.5258166193962097;0.7082298994064331;-0.06174805387854576;0.5262635827064515;0.29115106761455534;0.10744555778801441;0.5000679194927216;0.5611899048089981;0.09821971505880356;0.5652360916137695;0.5868125110864639;-0.007087416248396039;0.5082781712214152;0.8541180292765299;0.10436661789814632;0.5337584018707275;0.8825656572977701;-0.0847496787707011;;girando
3.9;0.5315321683883667;0.3094240725040436;0.11189094930887222;0.4941621422767639;0.3687766492366791;0.09761753678321838;0.5497652292251587;0.37124118208885193;-0.06184609979391098;0.4936193823814392;0.46066322922706604;0.09381208568811417;0.5502675771713257;0.48132821917533875;-0.06651833653450012;0.4936072826385498;0.549751341342926;0.06707851588726044;0.5259163975715637;0.5573514699935913;-0.06720396876335144;0.4990645945072174;0.6934758424758911;0.08528346568346024;0.5267838835716248;0.7106826901435852;-0.06008164957165718;0.5260623395442963;0.2904905200004578;0.10967222824692727;0.49820035696029663;0.5627179145812988;0.09047994948923588;0.568849578499794;0.5871924608945847;-0.021592238452285528;0.5027121901512146;0.8557854890823364;0.11737458904584248;0.5335564613342285;0.8862351576487223;-0.08179753025372823;;girando
3.93;0.5311858057975769;0.30944791436195374;0.0896177813410759;0.4904129207134247;0.37113288044929504;0.06913866102695465;0.550717294216156;0.37290021777153015;-0.07074417173862457;0.48643141984939575;0.46913936734199524;0.06890743970870972;0.5546992421150208;0.48563826084136963;-0.07618527859449387;0.49256742000579834;0.5526809096336365;0.064803846180439;0.5267861485481262;0.5598114132881165;-0.0649523138999939;0.49743419885635376;0.6950210332870483;0.08891241252422333;0.5276778340339661;0.711831271648407;-0.06338435411453247;0.5258342504501343;0.29039878845214845;0.08715154919773341;0.4888368248939514;0.5727981477975845;0.07092443108558655;0.5740573704242706;0.5908468216657639;-0.03572526294738054;0.4971844255924225;0.8596019546190897;0.12349675099054973;0.5336858034133911;0.8864304622014364;-0.09330470860004425;;girando
3.97;0.5306084156036377;0.30946436524391174;0.10189851373434067;0.4881986081600189;0.3724633753299713;0.051142480224370956;0.5511242747306824;0.37432605028152466;-0.06048882380127907;0.4811883568763733;0.4744364321231842;0.05204419046640396;0.5572916269302368;0.48693782091140747;-0.05963052809238434;0.4917336106300354;0.5529175996780396;0.05332513153553009;0.527934193611145;0.5598483681678772;-0.05345530062913895;0.49454572796821594;0.6970301866531372;0.05136733502149582;0.5278246998786926;0.7127788662910461;-0.059595558792352676;0.5254422664642334;0.29041576385498047;0.09608497433364391;0.4846577048301697;0.5793802291154861;0.05889279767870903;0.575091615319252;0.5913157165050507;-0.013503390131518245;0.4892600476741791;0.8651264111200968;0.059890758246183395;0.5334469874699911;0.8855263789494833;-0.08737963686386745;;girando
4.0;0.5297322869300842;0.31008556485176086;0.1038622334599495;0.48614954948425293;0.37254148721694946;0.03602013364434242;0.5512443780899048;0.3765144944190979;-0.05180937796831131;0.47787851095199585;0.47529661655426025;0.05138333514332771;0.5595323443412781;0.4889238476753235;-0.05542191118001938;0.4909837245941162;0.5531461834907532;0.037578925490379333;0.528296172618866;0.5598456263542175;-0.037671659141778946;0.4922811686992645;0.6980513334274292;0.012619695626199245;0.5285393595695496;0.7126034498214722;-0.05133901908993721;0.5249388754367829;0.29083863496780393;0.09632054977118969;0.48500221222639084;0.5755231827497482;0.0743372943252325;0.5766269266605377;0.5925849825143814;-0.02203153120353818;0.4829005300998688;0.8679989178975424;0.008119813476999601;0.5336259007453918;0.8846386472384135;-0.08318232496579488;;girando
4.03;0.528331995010376;0.3101888597011566;0.11115741729736328;0.4840296506881714;0.3725734353065491;0.013079232536256313;0.5508254170417786;0.37702062726020813;-0.025546086952090263;0.47671177983283997;0.47622451186180115;0.01966133341193199;0.5596125721931458;0.48912203311920166;-0.02819429524242878;0.4908386468887329;0.5534006953239441;0.01333314087241888;0.5292676091194153;0.5605546832084656;-0.013441009446978569;0.4907231628894806;0.7002436518669128;-0.014951878227293491;0.5285909175872803;0.7127858400344849;-0.02050129696726799;0.5237370789051056;0.2911549896001816;0.10216951426118612;0.48156794905662537;0.576237142086029;0.06034758687019348;0.576584666967392;0.593165323138237;0.0027542781899683177;0.480500469605128;0.8693224787712097;-0.018048466338465612;0.5335072875022888;0.8839846849441528;-0.044233113527297974;;girando
4.07;0.5270407795906067;0.3110710382461548;0.1309947669506073;0.48183438181877136;0.37259286642074585;0.012443743646144867;0.5504164099693298;0.3784954845905304;0.0005845793639309704;0.47357887029647827;0.4763883650302887;0.011468477547168732;0.5594289302825928;0.4897362291812897;-0.003652564249932766;0.49000605940818787;0.554908037185669;0.0011825162218883634;0.5296655893325806;0.5615705847740173;-0.0013100391952320933;0.48914480209350586;0.7048757672309875;-0.021775420755147934;0.5282987356185913;0.7145535945892334;-0.007283007260411978;0.522792637348175;0.2918693691492081;0.12096239514648914;0.47809911519289017;0.577949121594429;0.052283006720244884;0.5756196528673172;0.5943791419267654;0.024471848737448454;0.47845131158828735;0.8763189315795898;-0.020976264029741287;0.5330689549446106;0.8831418752670288;-0.02657376540203889;;girando
4.1;0.5243456959724426;0.3114583194255829;0.12642043828964233;0.4796265959739685;0.37265220284461975;-0.013517694547772408;0.5491600036621094;0.3796413242816925;0.005745732691138983;0.47189584374427795;0.4771077334880829;-0.028259243816137314;0.558664083480835;0.49121731519699097;-0.00611608661711216;0.489463746547699;0.5581789612770081;-0.013752401806414127;0.5297678709030151;0.564062774181366;0.013582217507064342;0.48744112253189087;0.7095343470573425;-0.023668941110372543;0.5277922749519348;0.7173592448234558;0.017521383240818977;0.5205134987831116;0.29224658012390137;0.11667672507464885;0.46809783577919006;0.5854692757129669;-0.004966670763678849;0.5734158456325531;0.5981491655111313;0.002812680584611371;0.47878697514533997;0.8783453305562338;-0.009343197258810202;0.53082142273585;0.8829223314921061;0.01812330260872841;;girando
4.13;0.5219709277153015;0.31181755661964417;0.11786108464002609;0.477573424577713;0.3727095425128937;-0.02329185977578163;0.5487517714500427;0.38113126158714294;0.004912748467177153;0.4682233929634094;0.4769042134284973;-0.03407081216573715;0.5570811033248901;0.49223604798316956;-0.007159879896789789;0.4882754683494568;0.5636153817176819;-0.01804250106215477;0.5290396213531494;0.5687927007675171;0.017868125811219215;0.485381543636322;0.7149878144264221;-0.01992964558303356;0.5252828598022461;0.7208725810050964;0.03127617388963699;0.5183658182621003;0.2925408720970154;0.10655059032142163;0.4611210227012634;0.5853623747825623;-0.012963228393346071;0.571672722697258;0.6003692150115967;-0.0050289565697312355;0.4794534345467885;0.8825185696283976;-0.0066746507460872335;0.5298687219619751;0.882808784643809;0.034823076954732336;;girando
4.17;0.5183833241462708;0.31171542406082153;0.11379960924386978;0.47624367475509644;0.3726485073566437;-0.02686321921646595;0.5480774641036987;0.3819177746772766;0.00401393324136734;0.4658154249191284;0.4768353998661041;-0.03597082570195198;0.5558368563652039;0.4925660789012909;-0.006869702599942684;0.48731207847595215;0.5664902329444885;-0.017167527228593826;0.5285707712173462;0.5714101791381836;0.017019957304000854;0.48360195755958557;0.7177326679229736;-0.019042957574129105;0.5232016444206238;0.7234089374542236;0.0324060395359993;0.5155579626560212;0.2925490289926529;0.1011704970151186;0.4571891278028488;0.5846486389636993;-0.010698778205551207;0.5706531405448914;0.601694256067276;-0.007057259208522737;0.47889671723047894;0.884046216805776;-0.007952201180160046;0.5276299516359965;0.8833888173103333;0.032804420528312526;;girando
4.2;0.5157084465026855;0.3115961253643036;0.11789534240961075;0.4746524393558502;0.37222808599472046;-0.022255919873714447;0.5474461913108826;0.38367465138435364;0.01717531494796276;0.46535956859588623;0.4757523238658905;-0.03319995477795601;0.5543801784515381;0.4925519526004791;0.006465589627623558;0.48535487055778503;0.5661323666572571;-0.021215958520770073;0.5259474515914917;0.5709341168403625;0.02114093117415905;0.48183026909828186;0.7169873118400574;-0.02987687848508358;0.5210537910461426;0.723075270652771;0.021157685667276382;0.5135077714920044;0.29259546399116515;0.1047656873241067;0.4553256183862686;0.5837738066911697;-0.0056089102872647345;0.5643337368965149;0.6013114154338837;-0.0016100607172120363;0.4794053037961324;0.8840430974960327;-0.021754066925495863;0.5261121988296509;0.8833259344100952;0.02122161816805601;;girando
4.23;0.5129250884056091;0.3117077946662903;0.10985526442527771;0.4741792380809784;0.3715367615222931;-0.03561755642294884;0.5446774363517761;0.385137140750885;0.013261795043945312;0.4653211534023285;0.47406306862831116;-0.046711117029190063;0.5521731376647949;0.4930100739002228;-0.0008364576497115195;0.48274508118629456;0.5661059021949768;-0.025258071720600128;0.5227698087692261;0.5711730718612671;0.02510061301290989;0.47940459847450256;0.7181680798530579;-0.027994804084300995;0.5191710591316223;0.722903311252594;0.04300794377923012;0.5112729966640472;0.29291967749595643;0.09818884637206793;0.4536343961954117;0.5848508328199387;-0.025911984499543905;0.5591342598199844;0.603691577911377;-0.008833261206746101;0.47947266697883606;0.8838537534077963;-0.0137360660204043;0.5248683293660482;0.8826372623443604;0.05368658838172754;;girando
4.27;0.5073564052581787;0.3117157816886902;0.10863302648067474;0.47451379895210266;0.37172332406044006;-0.04955894500017166;0.5403769016265869;0.387084424495697;0.03317601978778839;0.46479544043540955;0.4754215478897095;-0.06022398918867111;0.5481362342834473;0.4942750334739685;0.02095191925764084;0.4809625744819641;0.5666012167930603;-0.040731944143772125;0.5187211036682129;0.5709012150764465;0.04057766869664192;0.4774508476257324;0.718730092048645;-0.04498410224914551;0.51677006483078;0.7213916778564453;0.05686693266034126;0.5073999643325806;0.293145889043808;0.09166761580854654;0.4513876140117645;0.5861479938030243;-0.02932447614148259;0.5529530942440033;0.6037877798080444;0.0070271449512802064;0.47770389914512634;0.8833123644193014;-0.03093686265250047;0.5275746782620748;0.8758112589518229;0.0758436918258667;;girando
4.3;0.5038366317749023;0.3117162585258484;0.10624100267887115;0.4748414158821106;0.3723360300064087;-0.06531082093715668;0.5365432500839233;0.38837453722953796;0.06742589175701141;0.4636228382587433;0.47712743282318115;-0.0781639963388443;0.5444209575653076;0.49519193172454834;0.06383779644966125;0.4804910719394684;0.5667724609375;-0.059463415294885635;0.5153018236160278;0.5706223845481873;0.059325601905584335;0.47729766368865967;0.718941330909729;-0.05321745201945305;0.5132754445075989;0.7175626754760742;0.0753251239657402;0.5043470799922943;0.2932098299264908;0.08952124193310737;0.4493052214384079;0.5859961062669754;-0.038464135490357876;0.5473191887140274;0.6034782379865646;0.044330356642603874;0.47770800193150836;0.8836035331090292;-0.03793857743342718;0.5285364190737406;0.8683210015296936;0.10173444449901581;;girando
4.33;0.5004386901855469;0.3112306296825409;0.09142550081014633;0.47554486989974976;0.3724246323108673;-0.1001015454530716;0.5336430668830872;0.3878895938396454;0.0942590981721878;0.462311327457428;0.4796077013015747;-0.12366856634616852;0.5396440625190735;0.4953707158565521;0.10428037494421005;0.48076561093330383;0.5664478540420532;-0.0739227905869484;0.5130518674850464;0.5693437457084656;0.07373020797967911;0.47656044363975525;0.71854567527771;-0.06359169632196426;0.5085099935531616;0.7133494019508362;0.08951710909605026;0.5012362778186799;0.29306318461894987;0.07010262571275234;0.44660650193691254;0.5885477662086487;-0.08718674816191196;0.5385737121105194;0.600128710269928;0.08368927612900734;0.4785487453142802;0.8841639757156372;-0.0532667376101017;0.5266668796539307;0.8629041910171509;0.11821309228738149;;girando
4.37;0.49599242210388184;0.3106870651245117;0.08869106322526932;0.475873202085495;0.3716343641281128;-0.11330744624137878;0.5296905636787415;0.386569619178772;0.1070403978228569;0.4625255763530731;0.4795510172843933;-0.14000363647937775;0.5341676473617554;0.4929882287979126;0.11832809448242188;0.4813714325428009;0.562852144241333;-0.0786648765206337;0.5116028189659119;0.5664213299751282;0.07845183461904526;0.47539469599723816;0.7182777523994446;-0.06557806581258774;0.5050129890441895;0.7109598517417908;0.09247060865163803;0.497181835770607;0.29247150719165804;0.0668185755610466;0.4445888325572014;0.5880365073680878;-0.10673392936587334;0.5322212278842926;0.5961593389511108;0.09304488822817802;0.4781491855780284;0.8847307761510214;-0.058186555902163185;0.5232327977816263;0.8603914380073547;0.11959047118822734;;girando
4.4;0.4908018410205841;0.3100928068161011;0.08917640149593353;0.4760841429233551;0.3693530857563019;-0.11610271036624908;0.5263417363166809;0.3829057514667511;0.12270337343215942;0.46249568462371826;0.47860175371170044;-0.1424538791179657;0.5316624641418457;0.4896569550037384;0.13853077590465546;0.48168206214904785;0.5599040985107422;-0.08428910374641418;0.5110899806022644;0.5652705430984497;0.08410817384719849;0.4736068546772003;0.7171589136123657;-0.07774278521537781;0.502385675907135;0.7080530524253845;0.1046961173415184;0.4925419807434082;0.2914090007543564;0.06771495221182704;0.4450663700699806;0.587500274181366;-0.10534875467419624;0.5213551372289658;0.5850158631801605;0.11709895171225071;0.4787816107273102;0.8861957788467407;-0.09077771504720052;0.5160442094008127;0.8602779308954874;0.1331699788570404;;girando
4.43;0.4866146147251129;0.3100907504558563;0.07110090553760529;0.47672805190086365;0.3690294623374939;-0.1299266815185547;0.523948073387146;0.38011687994003296;0.12280218303203583;0.4628244936466217;0.4784284234046936;-0.1545434147119522;0.5266932249069214;0.48227640986442566;0.14172011613845825;0.48192164301872253;0.5592913031578064;-0.08536694943904877;0.5096063613891602;0.5649410486221313;0.08518747985363007;0.4728662669658661;0.7157900333404541;-0.07227402180433273;0.4995039701461792;0.706665575504303;0.10488077253103256;0.4886253893375397;0.2907476484775543;0.047903252951800826;0.44390543550252914;0.5874815881252289;-0.10325876995921135;0.5101180225610733;0.5714988261461258;0.12074529938399792;0.47925272583961487;0.8858174085617065;-0.07554664462804794;0.5097044706344604;0.857600212097168;0.13322670261065164;;girando
4.47;0.4816250801086426;0.31009525060653687;0.044121842831373215;0.4776225984096527;0.36887791752815247;-0.14938752353191376;0.5189574956893921;0.3761090338230133;0.11349549144506454;0.46328142285346985;0.4796958267688751;-0.1717345267534256;0.5216063261032104;0.4741370975971222;0.1303732842206955;0.4822148084640503;0.5593606233596802;-0.08713404089212418;0.5074384212493896;0.5650646686553955;0.08692161738872528;0.47343578934669495;0.7160351872444153;-0.05992221459746361;0.49531376361846924;0.7054327130317688;0.12438380718231201;0.48391335904598237;0.2900665670633316;0.022459786012768747;0.4424642249941826;0.5876805782318115;-0.11014905571937561;0.4967324882745743;0.5713828802108765;0.10520682111382484;0.4794161915779114;0.8859744469324747;-0.0582866407930851;0.5050556759039561;0.8482794761657715;0.17725389699141184;;girando
4.5;0.4772918224334717;0.3103472590446472;0.010787221603095531;0.47915956377983093;0.36866897344589233;-0.16827592253684998;0.5141438841819763;0.374249130487442;0.11307507753372192;0.4636634588241577;0.482111394405365;-0.18172912299633026;0.5121535658836365;0.47496387362480164;0.13250404596328735;0.4826759099960327;0.5611456036567688;-0.0901191458106041;0.505802571773529;0.5656251907348633;0.0899425819516182;0.47390803694725037;0.7177919149398804;-0.04195525869727135;0.4914800822734833;0.7061055302619934;0.13076037168502808;0.4804039537906647;0.2897635579109192;-0.013283898634836078;0.44055112451314926;0.5881933271884918;-0.1036449633538723;0.48934604227542877;0.5723561495542526;0.10264701396226883;0.47930747270584106;0.8856939077377319;0.0005697725961605707;0.49782829483350116;0.8517307043075562;0.19715765118598938;;girando
4.53;0.47483116388320923;0.3111758828163147;-0.02977071888744831;0.4830077290534973;0.3684289753437042;-0.19303634762763977;0.5076232552528381;0.37358343601226807;0.10546264052391052;0.46377402544021606;0.48238351941108704;-0.2050963044166565;0.5050395131111145;0.4772251546382904;0.13061945140361786;0.48616838455200195;0.5628747940063477;-0.09011934697628021;0.5024185180664062;0.5656510591506958;0.0899854525923729;0.47455930709838867;0.7193818688392639;-0.031142860651016235;0.4860661029815674;0.7087571024894714;0.13827404379844666;0.47798502147197724;0.2899706602096558;-0.05490265740081668;0.43981407582759857;0.5882783234119415;-0.1359656285494566;0.47667987644672394;0.5622099190950394;0.09055297076702118;0.47916680574417114;0.885611911614736;0.028475186166663963;0.4845259686311086;0.8537989854812622;0.2174915373325348;;girando
4.57;0.4746435880661011;0.31164008378982544;-0.02261662669479847;0.4859698712825775;0.3682381510734558;-0.18298591673374176;0.5043189525604248;0.37296703457832336;0.10772153735160828;0.4644335210323334;0.48213261365890503;-0.20034998655319214;0.5001786947250366;0.4780851900577545;0.132502019405365;0.4889107346534729;0.5633100867271423;-0.0857449322938919;0.500497579574585;0.5652586221694946;0.08563968539237976;0.477212518453598;0.7191573977470398;-0.0318579263985157;0.4834495186805725;0.7088659405708313;0.12361634522676468;0.4772716611623764;0.29006563127040863;-0.04689088817685842;0.44159725308418274;0.5895031243562698;-0.14469840750098228;0.4736930951476097;0.5603924989700317;0.08845733478665352;0.47820529341697693;0.8840908209482828;0.005430436382691066;0.47395700216293335;0.8542359073956808;0.18607782324155173;;girando
4.6;0.4711424708366394;0.31377974152565;-0.019501429051160812;0.4881172478199005;0.36842241883277893;-0.17933042347431183;0.5024499893188477;0.37266239523887634;0.10994858294725418;0.46794211864471436;0.4819434583187103;-0.19601933658123016;0.4977966845035553;0.4783391058444977;0.13368062674999237;0.4893304705619812;0.5630764365196228;-0.08586189895868301;0.4975409507751465;0.5634624361991882;0.08578966557979584;0.4800758957862854;0.7190306782722473;-0.05775972455739975;0.4817390739917755;0.7089807391166687;0.11397310346364975;0.4738217294216156;0.29123623967170714;-0.04443910736590624;0.4430062174797058;0.589243084192276;-0.14403900504112244;0.47212378680706024;0.5623119175434113;0.08609686605632305;0.4773044486840566;0.8841383457183838;-0.029683762540419895;0.46644612153371173;0.8560924530029297;0.16327103972434998;;girando
4.63;0.467335969209671;0.31437796354293823;-0.051574040204286575;0.489734411239624;0.3705788850784302;-0.1994652897119522;0.4952503442764282;0.372947096824646;0.09224606305360794;0.47580575942993164;0.48226410150527954;-0.21845918893814087;0.4905748665332794;0.4788295328617096;0.12240422517061234;0.4895734488964081;0.5659630298614502;-0.08260154724121094;0.492626816034317;0.5635964870452881;0.08252814412117004;0.48267751932144165;0.7191733717918396;-0.053945060819387436;0.4795708656311035;0.7116467952728271;0.11750650405883789;0.4708187073469162;0.2914297431707382;-0.07679621079005301;0.44835201650857925;0.591329500079155;-0.1842900514602661;0.46886616200208664;0.566847413778305;0.061077484861016273;0.4751504957675934;0.883557657400767;-0.020993043396932382;0.4640141228834788;0.862571656703949;0.16574765741825104;;girando
4.67;0.4635876417160034;0.3150675892829895;-0.07601864635944366;0.4919448792934418;0.372834175825119;-0.21018831431865692;0.4864741563796997;0.37433061003685;0.060331277549266815;0.48097264766693115;0.4844226539134979;-0.2354910522699356;0.47955259680747986;0.4790900945663452;0.09304578602313995;0.4913622736930847;0.5663652420043945;-0.07996879518032074;0.4866241216659546;0.5636480450630188;0.07997075468301773;0.4845898151397705;0.719143271446228;-0.04494181275367737;0.47514808177948;0.7132250070571899;0.1161678358912468;0.4678187817335129;0.29197818636894224;-0.10092956982553006;0.4525461047887802;0.5947989821434021;-0.22500712797045708;0.46302663534879684;0.5758379101753235;0.031508247600868344;0.47085792819658917;0.8799588282903036;-0.003053251033027967;0.4643349349498749;0.8677761952082316;0.1646240105231603;;girando
4.7;0.4613204598426819;0.3151058256626129;-0.07266020774841309;0.49085286259651184;0.3772485852241516;-0.20428097248077393;0.4845326542854309;0.3746369481086731;0.0630875825881958;0.4835740327835083;0.4872092008590698;-0.22890567779541016;0.4818693697452545;0.4803057014942169;0.09094202518463135;0.49102354049682617;0.5688887238502502;-0.07834026962518692;0.4838263988494873;0.5654347538948059;0.07841850072145462;0.48442938923835754;0.7192264795303345;-0.03631904721260071;0.474101185798645;0.7135602831840515;0.11868952214717865;0.46633867025375364;0.29242847859859467;-0.09652417823672295;0.45663559436798096;0.5960387736558914;-0.20390402898192406;0.46777667850255966;0.5761899054050446;0.029394421726465225;0.47075599431991577;0.8780290881792704;0.011686267952124277;0.4669492840766907;0.8688433965047201;0.17058943212032318;;girando
4.73;0.45896750688552856;0.31485721468925476;-0.10336586087942123;0.49049112200737;0.37726345658302307;-0.215865820646286;0.4763914942741394;0.37669986486434937;0.046937134116888046;0.4867992699146271;0.48788708448410034;-0.24575874209403992;0.472587525844574;0.48068201541900635;0.08602600544691086;0.4910304844379425;0.5689074993133545;-0.07776577770709991;0.47487807273864746;0.5664368271827698;0.07779789716005325;0.48558753728866577;0.7191725969314575;-0.03760123625397682;0.4704834222793579;0.7135422825813293;0.11699841171503067;0.46480813026428225;0.29245627522468565;-0.1248003177344799;0.46031487733125687;0.5961972624063492;-0.24184121191501617;0.45761626213788986;0.574570819735527;0.023838434484787285;0.4716977079709371;0.8780219157536825;0.003518116349975268;0.46570056676864624;0.8681890765825907;0.16810771326224008;;girando
4.77;0.45847025513648987;0.3146626651287079;-0.09970777481794357;0.4916917085647583;0.37926480174064636;-0.2125048190355301;0.4701518416404724;0.379391074180603;0.045689284801483154;0.49054718017578125;0.48877662420272827;-0.24112075567245483;0.46464699506759644;0.48056480288505554;0.0908176526427269;0.4951276481151581;0.5699461102485657;-0.0738787055015564;0.472326397895813;0.5678339600563049;0.07389675080776215;0.4871715307235718;0.7209911942481995;-0.038763709366321564;0.4680694043636322;0.7162567377090454;0.10821498930454254;0.4646007180213928;0.2926556259393692;-0.12290253974497319;0.4651241898536682;0.5966461598873138;-0.2547220550477505;0.4483967274427414;0.5700372755527496;0.03619841439649463;0.47600894172986347;0.8807811935742696;0.005324231460690498;0.4616093337535858;0.8700417478879293;0.16276338696479797;;girando
4.8;0.4581409990787506;0.3146377205848694;-0.16167837381362915;0.4917736351490021;0.3792022168636322;-0.21027441322803497;0.4677146077156067;0.3796473741531372;0.029772954061627388;0.4939521551132202;0.4887000322341919;-0.23339660465717316;0.46284759044647217;0.4813767075538635;0.09260138124227524;0.49726179242134094;0.568648636341095;-0.07205861061811447;0.4721101224422455;0.567520797252655;0.0720711499452591;0.4889501631259918;0.7212449312210083;-0.05131145566701889;0.4658432602882385;0.7166050672531128;0.09706845134496689;0.46417627334594724;0.29305205345153806;-0.17944750115275382;0.47300566732883453;0.5963822156190872;-0.27261944860219955;0.44508835673332214;0.570903941988945;0.01981425244593993;0.4764622747898102;0.8803340196609497;-0.012630604207515717;0.45962467789649963;0.8705982367197672;0.145670918126901;;girando
4.83;0.4580457806587219;0.31490203738212585;-0.18190515041351318;0.4927850663661957;0.37909793853759766;-0.199959859251976;0.4640727937221527;0.37910231947898865;0.01909746043384075;0.4948347210884094;0.48832038044929504;-0.2141520082950592;0.4612962603569031;0.48204100131988525;0.08978574723005295;0.4978397786617279;0.5673385262489319;-0.06290655583143234;0.47066354751586914;0.5662366151809692;0.0628950223326683;0.49059146642684937;0.7214203476905823;-0.05013888701796532;0.46468421816825867;0.7170677185058594;0.07901414483785629;0.46416632235050204;0.29378204345703124;-0.1974155716598034;0.4804295226931572;0.5972364544868469;-0.24638580530881882;0.44228215515613556;0.5711924284696579;0.008547922596335411;0.4793098568916321;0.8815693259239197;-0.012344585421184698;0.45880500475565594;0.8710611462593079;0.12796934942404428;;girando
4.87;0.45800942182540894;0.315578818321228;-0.19526652991771698;0.49369895458221436;0.3789927363395691;-0.20312410593032837;0.4601718485355377;0.3784322440624237;0.01246115192770958;0.49704813957214355;0.48824775218963623;-0.2135694921016693;0.45743972063064575;0.4809926748275757;0.08596277981996536;0.49801814556121826;0.5668967962265015;-0.0646214559674263;0.4697515070438385;0.5657297968864441;0.0645947977900505;0.49203184247016907;0.7209347486495972;-0.06343859434127808;0.4635312557220459;0.716463029384613;0.08351850509643555;0.4642691045999527;0.2950526088476181;-0.211423259973526;0.48446662724018097;0.5982265621423721;-0.25318777188658714;0.4391230195760727;0.5693194270133972;0.00368548184633255;0.48021839062372845;0.8825382590293884;-0.04408737582465013;0.4573724567890167;0.8693968454996744;0.14720779160658518;;girando
4.9;0.45758095383644104;0.31561532616615295;-0.16865815222263336;0.49572888016700745;0.3785047233104706;-0.1745556890964508;0.4557444453239441;0.37842443585395813;0.027311529964208603;0.4986063539981842;0.48817867040634155;-0.18240264058113098;0.45283952355384827;0.479783833026886;0.09369204938411713;0.4975716471672058;0.5667504072189331;-0.0613459013402462;0.46717318892478943;0.5652129054069519;0.061348628252744675;0.49327388405799866;0.7207984924316406;-0.06982368230819702;0.4627942144870758;0.716390073299408;0.0845232903957367;0.464328995347023;0.2954114407300949;-0.1836925119161606;0.48943936079740524;0.5988512486219406;-0.235270906239748;0.4331195577979088;0.569244921207428;0.012881209840998054;0.48263606429100037;0.8827793995539347;-0.0536809004843235;0.4554464320341746;0.8690197865168253;0.1453534389535586;;girando
4.93;0.4581353962421417;0.31557461619377136;-0.17611373960971832;0.4983943700790405;0.3776736855506897;-0.16513416171073914;0.45110636949539185;0.3781621754169464;0.02539142593741417;0.5015507340431213;0.4874177575111389;-0.1692270040512085;0.44830548763275146;0.47872117161750793;0.09327401220798492;0.49722111225128174;0.5672473311424255;-0.06078224256634712;0.46424973011016846;0.5657747387886047;0.06079542264342308;0.4955865144729614;0.7210347652435303;-0.07205961644649506;0.4627508521080017;0.7163389921188354;0.0828491598367691;0.46478912234306335;0.29550926089286805;-0.18902641013264657;0.4938059374690056;0.5993590205907822;-0.22865843027830124;0.42847634106874466;0.5695646703243256;0.008649797877296805;0.4871187011400859;0.8826098044713339;-0.052494908993442856;0.4556898872057597;0.8678381443023682;0.14754121005535126;;girando
4.97;0.4588690996170044;0.3154330253601074;-0.18103259801864624;0.5004330277442932;0.37546488642692566;-0.15559892356395721;0.4481814503669739;0.37816765904426575;0.019254589453339577;0.5056527853012085;0.48571184277534485;-0.15356989204883575;0.44273900985717773;0.4787943661212921;0.08478523045778275;0.4979109466075897;0.5672645568847656;-0.058885619044303894;0.46394866704940796;0.5667672753334045;0.05890378728508949;0.49765047430992126;0.72099369764328;-0.07575390487909317;0.46321505308151245;0.7162898778915405;0.08183836191892624;0.4656443476676941;0.2955268085002899;-0.19217505902051926;0.49961166083812714;0.5992280542850494;-0.22252116352319717;0.42439912259578705;0.5730039775371552;-0.004190975218079984;0.4909486174583435;0.882152795791626;-0.05657991704841455;0.45677506923675537;0.8662542303403219;0.1527799516916275;;girando
5.0;0.4593607783317566;0.3152623474597931;-0.16881705820560455;0.5017369985580444;0.37295323610305786;-0.12722080945968628;0.44538313150405884;0.37836483120918274;0.021338308230042458;0.5092388391494751;0.4834860563278198;-0.11887884885072708;0.437699556350708;0.4784795939922333;0.08219622075557709;0.4985744059085846;0.5672432780265808;-0.0527779646217823;0.4633083641529083;0.5684083104133606;0.05280217155814171;0.5002092719078064;0.7210180163383484;-0.07292111963033676;0.462693452835083;0.7166900634765625;0.07090961933135986;0.46691210865974425;0.2956251949071884;-0.17831648960709573;0.5048151910305023;0.5991140902042389;-0.1961030438542366;0.42043397575616837;0.573673665523529;-0.01341998903080821;0.4965231617291768;0.8821590542793274;-0.05104976954559485;0.45807628830273944;0.8640991051991781;0.14951219906409582;;girando
5.03;0.4594261944293976;0.314583420753479;-0.1552315503358841;0.5033798813819885;0.3727414011955261;-0.0851648598909378;0.4431091845035553;0.3786376118659973;0.02447509951889515;0.5107962489128113;0.4807482361793518;-0.07673615962266922;0.4350419044494629;0.478508859872818;0.07876809686422348;0.4987126886844635;0.5677564144134521;-0.036217816174030304;0.46185392141342163;0.5704039335250854;0.03629749268293381;0.5019059181213379;0.72129887342453;-0.04984883964061737;0.46225062012672424;0.7178713083267212;0.03618915379047394;0.4682803273200989;0.2955303996801376;-0.1649102546274662;0.5076174288988113;0.5973911881446838;-0.16553045436739922;0.4180583730340004;0.5745503008365631;-0.02498516475316137;0.503299355506897;0.8817683657010397;0.0015285188953081767;0.4587930142879486;0.8639877239863077;0.10905630886554718;;girando
5.07;0.46117451786994934;0.31446659564971924;-0.14311237633228302;0.5049014687538147;0.3727416396141052;-0.06871631741523743;0.44257980585098267;0.3786328434944153;0.026212694123387337;0.5126364231109619;0.48005035519599915;-0.05782703310251236;0.43397003412246704;0.47822001576423645;0.07394367456436157;0.49891796708106995;0.5677667260169983;-0.03222203999757767;0.4615541100502014;0.5709649920463562;0.032291069626808167;0.5037317276000977;0.7215067744255066;-0.04060545563697815;0.46240687370300293;0.7188926339149475;0.02753073163330555;0.47010751664638517;0.2955855965614319;-0.14661996066570282;0.5093040317296982;0.596439003944397;-0.14657842367887497;0.41694100201129913;0.5758210271596909;-0.03005110681988299;0.5105600754419962;0.8769155740737915;0.02253524586558342;0.4600016176700592;0.8639664451281229;0.09836937735478084;;girando
5.1;0.4625391364097595;0.3144564628601074;-0.11198889464139938;0.5065280199050903;0.3727920651435852;-0.054346367716789246;0.44294601678848267;0.37824174761772156;0.04377857968211174;0.5135964155197144;0.4787464439868927;-0.05182918533682823;0.43350934982299805;0.4771043062210083;0.07432927191257477;0.49896350502967834;0.5672064423561096;-0.03520482778549194;0.4608578681945801;0.5708935260772705;0.035271137952804565;0.5044386982917786;0.719735860824585;-0.0436551496386528;0.46213096380233765;0.718852698802948;0.02699628844857216;0.4710705041885376;0.2957028657197952;-0.11598632410168648;0.5121521502733231;0.5932187736034393;-0.13856345228850842;0.4169769287109375;0.5761391520500183;-0.018863595119910315;0.5159970124562582;0.8739612698554993;0.013210071871678034;0.4606052339076996;0.864000121752421;0.0894487164914608;;girando
5.13;0.46465855836868286;0.31455451250076294;-0.12004999071359634;0.5082060098648071;0.37328365445137024;-0.04759534075856209;0.44332054257392883;0.3777818977832794;0.028514351695775986;0.515631377696991;0.477058470249176;-0.03770849108695984;0.4330349564552307;0.47592291235923767;0.059039533138275146;0.49905499815940857;0.5670716762542725;-0.026269812136888504;0.4599977433681488;0.5707961320877075;0.026321304962038994;0.5055079460144043;0.7178953289985657;-0.03108859434723854;0.4616931974887848;0.718821108341217;0.019409319385886192;0.4723311424255371;0.29604005813598633;-0.12434117235243321;0.5142190754413605;0.5924563854932785;-0.12605813890695572;0.4160817787051201;0.5765886753797531;-0.0421995404176414;0.5186684727668762;0.8708091576894125;0.031206263850132625;0.46068185567855835;0.8640640179316202;0.08800745631257693;;girando
5.17;0.4674419164657593;0.31455084681510925;-0.14332348108291626;0.5091872811317444;0.37338221073150635;-0.05274461209774017;0.443774551153183;0.3772333860397339;-0.0009197189356200397;0.515427827835083;0.4750194251537323;-0.033782895654439926;0.43332812190055847;0.4748854339122772;0.03400598093867302;0.4995186924934387;0.5632529854774475;-0.020898977294564247;0.46002233028411865;0.5682662129402161;0.020927760750055313;0.5053116083145142;0.7127469778060913;-0.023657387122511864;0.4616958200931549;0.718102216720581;0.01341587956994772;0.47476416230201723;0.29607012271881106;-0.14525622576475145;0.5164078921079636;0.5893280953168869;-0.1251398753374815;0.4162740558385849;0.5769188851118088;-0.06750398129224777;0.5183747212092081;0.8677196502685547;0.03712069181104501;0.4607069392999013;0.8641526897748312;0.08085275317231815;;girando
5.2;0.4703350067138672;0.31454601883888245;-0.17149551212787628;0.5103304386138916;0.373778373003006;-0.06278617680072784;0.44465193152427673;0.3770907521247864;-0.0274602510035038;0.5166696310043335;0.4750213325023651;-0.03730442002415657;0.4334556758403778;0.47491025924682617;0.011070681735873222;0.5003724098205566;0.56136155128479;-0.015406516380608082;0.4605175852775574;0.5672533512115479;0.015418141148984432;0.5056418776512146;0.7094805240631104;-0.022306164726614952;0.4618689715862274;0.7172682285308838;0.005723819602280855;0.47720865309238436;0.29610022306442263;-0.17240623757243156;0.5178026258945465;0.588939443230629;-0.133165055885911;0.41739173233509064;0.5794398635625839;-0.09204580821096897;0.5176803270975748;0.8659977714220682;0.03626094634334246;0.46071965495745343;0.8651968638102213;0.06966480589471757;;girando
5.23;0.4723747968673706;0.3145449757575989;-0.17888864874839783;0.511513888835907;0.3745178282260895;-0.0650881826877594;0.4454198479652405;0.376971572637558;-0.0349002443253994;0.5170080661773682;0.4752989709377289;-0.03746919706463814;0.4346696734428406;0.4748593270778656;0.0037128203548491;0.5014228820800781;0.5603576302528381;-0.013566059060394764;0.46096694469451904;0.5661572813987732;0.013575064018368721;0.506004810333252;0.708426833152771;-0.026059791445732117;0.4619036614894867;0.7164979577064514;0.0008822235395200551;0.4790000915527344;0.2962027728557587;-0.18038054332137107;0.5204292833805084;0.5885473340749741;-0.13580066710710526;0.4189976453781128;0.581719234585762;-0.0980807263404131;0.5157817999521891;0.86633829275767;0.02827209358414014;0.46074528495470685;0.8661044438680013;0.0609632822064062;;girando
5.27;0.4745006263256073;0.3147401809692383;-0.16584697365760803;0.5126686692237854;0.3749622106552124;-0.04854239150881767;0.44605398178100586;0.37642523646354675;-0.026610150933265686;0.5171910524368286;0.4753979444503784;-0.02047223225235939;0.43579497933387756;0.47406286001205444;0.006226354278624058;0.5025846362113953;0.5599088668823242;-0.011462373659014702;0.4612957835197449;0.5652315616607666;0.011484650894999504;0.5061871409416199;0.7078360319137573;-0.02335960604250431;0.4627392292022705;0.7161397933959961;-0.0019618449732661247;0.48068187236785886;0.29677610099315643;-0.1684330277144909;0.5244189351797104;0.5883852988481522;-0.11906788870692253;0.4212382659316063;0.5836922079324722;-0.09449150040745735;0.5145676732063293;0.8662554025650024;0.030724405000607174;0.46057650446891785;0.8664030830065409;0.057492087595164776;;girando
5.3;0.4769473075866699;0.31510066986083984;-0.18161851167678833;0.5145330429077148;0.3756583333015442;-0.05720984563231468;0.44662147760391235;0.37636175751686096;-0.04819119721651077;0.519689679145813;0.47758591175079346;-0.020774487406015396;0.43637552857398987;0.47383683919906616;-0.01581217534840107;0.503728985786438;0.5596156716346741;-0.007777522783726454;0.46183156967163086;0.5643724799156189;0.007792341988533735;0.5068230628967285;0.7065761089324951;-0.016309332102537155;0.4639208912849426;0.7157071828842163;-0.004778134170919657;0.48281686902046206;0.29732225835323334;-0.18324196860194206;0.5275261849164963;0.5885356366634369;-0.11232257634401321;0.42632727324962616;0.5846824496984482;-0.11353018507361412;0.5138912598292033;0.8652500907580057;0.0390618530412515;0.4608432749907176;0.8665033380190531;0.05416670379539331;;girando
5.33;0.47946688532829285;0.31529906392097473;-0.1859247088432312;0.516785204410553;0.3758623003959656;-0.06254858523607254;0.44920873641967773;0.37614741921424866;-0.05239393562078476;0.5225279927253723;0.4778170883655548;-0.024034038186073303;0.43859514594078064;0.47385895252227783;-0.017937103286385536;0.5060480833053589;0.5597800016403198;-0.007519575301557779;0.4640314280986786;0.5640766024589539;0.007533770054578781;0.5074412822723389;0.7046173214912415;-0.010715956799685955;0.4653730094432831;0.7154044508934021;-0.004354978911578655;0.4849991023540497;0.2974321633577347;-0.1883534610271454;0.5303228348493576;0.5885799527168274;-0.11218966729938984;0.4323623552918434;0.5857155025005341;-0.11418341472744942;0.5134448011716207;0.8614198962847391;0.04783729277551174;0.4613764484723409;0.866519550482432;0.053439896553754807;;girando
5.37;0.4816075563430786;0.3154377043247223;-0.17647840082645416;0.5186499953269958;0.3758525252342224;-0.057557426393032074;0.45276519656181335;0.375742107629776;-0.043690502643585205;0.5248763561248779;0.47774067521095276;-0.01877429150044918;0.4424927830696106;0.47352373600006104;-0.009439139626920223;0.507401168346405;0.5599250793457031;-0.008216430433094501;0.4655555784702301;0.5638417601585388;0.00824110396206379;0.5077853202819824;0.704901397228241;-0.01067512109875679;0.4661894142627716;0.7149760127067566;-0.004101812839508057;0.48711971044540403;0.29746227264404296;-0.17989138662815093;0.5314896553754807;0.5886473506689072;-0.1026516817510128;0.43747518956661224;0.5862720012664795;-0.10380146652460098;0.5133147637049357;0.8610699971516927;0.046919471894701324;0.46156129240989685;0.8663782874743143;0.05285843523840109;;girando
5.4;0.4837965965270996;0.3157331347465515;-0.1785399466753006;0.5205222368240356;0.3757687509059906;-0.05875496566295624;0.4556884169578552;0.3756736218929291;-0.04574351757764816;0.5272046327590942;0.47673216462135315;-0.016046876087784767;0.44536343216896057;0.47353920340538025;-0.008956854231655598;0.5098049640655518;0.5601049065589905;-0.00838355254381895;0.46760040521621704;0.5638275742530823;0.00839558057487011;0.5089000463485718;0.7054137587547302;-0.010769067332148552;0.4675125181674957;0.7151212096214294;-0.0031044187489897013;0.48928690552711485;0.29756497740745547;-0.18162404596805573;0.5327665507793427;0.5885565131902695;-0.10003029741346836;0.44330962002277374;0.5880834311246872;-0.10262672044336796;0.5131349563598633;0.8613630731900533;0.044844940304756165;0.46142475803693134;0.8663181861241659;0.05413374366859595;;girando
5.43;0.48607614636421204;0.3158985376358032;-0.13790996372699738;0.5223349332809448;0.37556397914886475;-0.02199561335146427;0.45784059166908264;0.37566468119621277;-0.019076058641076088;0.5284509062767029;0.47559013962745667;0.011818740516901016;0.44875919818878174;0.47357937693595886;-0.007275163661688566;0.51176518201828;0.5613027215003967;-0.00820440985262394;0.4696452021598816;0.5639886260032654;0.008236986584961414;0.5113994479179382;0.7069118022918701;-0.014336553402245045;0.46773213148117065;0.7163945436477661;-0.008333836682140827;0.49134986400604247;0.29771079421043395;-0.1390126310288906;0.5342858880758286;0.5884647071361542;-0.07464575208723545;0.44848091900348663;0.5891879051923752;-0.09707999788224697;0.5137639244397482;0.8618755141894022;0.040732321639855705;0.4609447419643402;0.8663711150487264;0.050422245636582375;;girando
5.47;0.4878503084182739;0.3159373700618744;-0.13830772042274475;0.5238868594169617;0.3755596876144409;-0.021404409781098366;0.45978525280952454;0.37553346157073975;-0.017844507470726967;0.5298152565956116;0.47566133737564087;0.01429715845733881;0.45144012570381165;0.4736267924308777;0.0015055579133331776;0.5131663680076599;0.5625126957893372;-0.0074157193303108215;0.47111955285072327;0.5643154978752136;0.007449438329786062;0.5121026635169983;0.7088729739189148;-0.016858087852597237;0.46783626079559326;0.7182675004005432;-0.011558479629456997;0.49308657348155976;0.29777168929576875;-0.13958691731095313;0.5356626808643341;0.5887038111686707;-0.07143301423639059;0.4527088552713394;0.5892958045005798;-0.09196352958679199;0.51397705078125;0.8617901802062988;0.048507513788839184;0.45950525005658466;0.8664094010988871;0.05390109680593014;;girando
5.5;0.4891347289085388;0.31596633791923523;-0.14466582238674164;0.5253321528434753;0.37554389238357544;-0.03255581483244896;0.4614299535751343;0.37554070353507996;-0.02907964028418064;0.5310367345809937;0.4761379659175873;0.007908784784376621;0.45338869094848633;0.47366464138031006;-0.003079372923821211;0.5144972801208496;0.5627318620681763;-0.006669933907687664;0.4727976322174072;0.5643022656440735;0.006695173680782318;0.5127045512199402;0.7104673385620117;-0.017600717023015022;0.46768930554389954;0.7184628844261169;-0.01162025611847639;0.49464513957500456;0.2978811413049698;-0.14500748217105866;0.5370606780052185;0.5888256579637527;-0.0779237924143672;0.454877033829689;0.5889996737241745;-0.0985922459512949;0.5141847928365072;0.8619454105695089;0.05130676832050085;0.457562913497289;0.8664862314860026;0.05528203180680672;;girando
5.53;0.49004167318344116;0.3160220980644226;-0.14402630925178528;0.5267390012741089;0.3754594922065735;-0.02655843272805214;0.4629223048686981;0.3755345940589905;-0.024357132613658905;0.5331238508224487;0.47683730721473694;0.013005331158638;0.45542651414871216;0.4733196496963501;0.0009160102345049381;0.5159559845924377;0.5632637739181519;-0.007315326482057571;0.47469815611839294;0.5643136501312256;0.0073412274941802025;0.5133565068244934;0.7108351588249207;-0.018891308456659317;0.46771225333213806;0.7185057401657104;-0.009583423845469952;0.49577771723270414;0.29799869656562805;-0.14564819633960724;0.5386556535959244;0.589344248175621;-0.07203048653900623;0.45743637531995773;0.5864071249961853;-0.09452421590685844;0.5142028331756592;0.8616465131441752;0.056983732928832374;0.457085778315862;0.8654049436251322;0.05719409851978222;;girando
5.57;0.4916183650493622;0.31602048873901367;-0.16382896900177002;0.5284283757209778;0.37540382146835327;-0.03451927378773689;0.46435025334358215;0.37534552812576294;-0.0394182987511158;0.5342203378677368;0.4778214693069458;0.007933774963021278;0.45687350630760193;0.47327184677124023;-0.011152597144246101;0.5171985030174255;0.5634386539459229;-0.006471108179539442;0.47654497623443604;0.5642608404159546;0.006487206090241671;0.5142635703086853;0.7108325958251953;-0.019375767558813095;0.4676770567893982;0.7185426950454712;-0.008459972217679024;0.4973770409822464;0.29799809157848356;-0.16589755937457085;0.5399981886148453;0.5894387364387512;-0.07779455371201038;0.4601648524403572;0.5852139890193939;-0.10791851207613945;0.5143184065818787;0.861031730969747;0.0640632317129833;0.45694997906684875;0.8649132251739502;0.06365576681370537;;girando
5.6;0.4930623173713684;0.3159598112106323;-0.17385855317115784;0.5293061137199402;0.37539729475975037;-0.03784716874361038;0.4645470082759857;0.37533509731292725;-0.050563763827085495;0.5351372957229614;0.47827911376953125;0.0075662946328520775;0.45747023820877075;0.4733615815639496;-0.02201193757355213;0.5174326300621033;0.563554584980011;-0.003710479475557804;0.4772860109806061;0.5642422437667847;0.0037157468032091856;0.5147139430046082;0.7106238603591919;-0.015461345203220844;0.4675896465778351;0.7181762456893921;-0.0095272371545434;0.4987930625677109;0.29800150990486146;-0.17512687370181085;0.5417884290218353;0.589420810341835;-0.07898578606545925;0.4607132524251938;0.584023505449295;-0.1176627092063427;0.5147530833880106;0.859981099764506;0.0711641466865937;0.45774973432223004;0.8644930521647135;0.06454259195985894;;girando
5.63;0.4941810071468353;0.3159313499927521;-0.1695670187473297;0.5300949215888977;0.3754388093948364;-0.03095022216439247;0.4651942253112793;0.3752596080303192;-0.04848542809486389;0.5367966294288635;0.4783725142478943;0.015797609463334084;0.4574602544307709;0.473379909992218;-0.022650033235549927;0.5179203152656555;0.5642449259757996;4,86E+11;0.47792568802833557;0.5644368529319763;-3,11E+10;0.515039324760437;0.7111185789108276;-0.014182588085532188;0.46754664182662964;0.7183456420898438;-0.015986695885658264;0.4998693436384201;0.2979954808950424;-0.17106135860085486;0.5438169986009598;0.5894115418195724;-0.07226916216313839;0.4605530649423599;0.5826174169778824;-0.11744282208383083;0.5155014197031657;0.8601037859916687;0.07168484401578705;0.4591798186302185;0.8646589120229086;0.060331602891286217;;girando
5.67;0.4946255683898926;0.31590399146080017;-0.15405437350273132;0.5302330255508423;0.3755808174610138;-0.017717979848384857;0.4655015468597412;0.37525758147239685;-0.04715267941355705;0.5380377769470215;0.4786846935749054;0.024597540497779846;0.45751792192459106;0.4740336239337921;-0.01541865337640047;0.5181261301040649;0.5648729801177979;0.00044558444642461836;0.47791972756385803;0.5650564432144165;-0.00040825974429026246;0.5153583884239197;0.7112516164779663;-0.014852892607450485;0.4676084816455841;0.7189677357673645;-0.018174367025494576;0.5003380388021469;0.29799050092697144;-0.15387755557894706;0.5462000072002411;0.5890972316265106;-0.0662904055789113;0.4602278918027878;0.5827038735151291;-0.11103222332894802;0.5156426231066386;0.8602233131726583;0.06726392979423206;0.4603020449479421;0.8648266792297363;0.0548071168983976;;girando
5.7;0.4943995177745819;0.3159349858760834;-0.15146300196647644;0.5304256081581116;0.37599384784698486;-0.016256509348750114;0.46554163098335266;0.37532681226730347;-0.04490197077393532;0.5384313464164734;0.4786621332168579;0.024593384936451912;0.4573764204978943;0.47462186217308044;-0.012590338476002216;0.5180960893630981;0.5649071931838989;0.0005916925147175789;0.4776197373867035;0.565214216709137;-0.0005348837585188448;0.5153010487556458;0.7120029330253601;-0.014263752847909927;0.4677759110927582;0.7189465165138245;-0.02060747519135475;0.5003069072961808;0.29801402390003207;-0.1514734260737896;0.5475648939609528;0.588320180773735;-0.06628652848303318;0.4597655162215233;0.5827739536762238;-0.10906241647899151;0.5158014893531799;0.8610926866531372;0.06508521339856088;0.46088817715644836;0.8653642733891805;0.04298751552899679;;vertical
5.73;0.4948004186153412;0.3159387707710266;-0.14585410058498383;0.5303201675415039;0.37653636932373047;-0.005014345981180668;0.4652722477912903;0.3753182291984558;-0.037747353315353394;0.5383544564247131;0.4785398542881012;0.0364072248339653;0.4573213756084442;0.4746949374675751;-0.011082145385444164;0.5177494883537292;0.5649206042289734;0.002747973660007119;0.47724422812461853;0.5654991865158081;-0.0026809617411345243;0.5150893330574036;0.7131386399269104;-0.014527381397783756;0.4682195484638214;0.7190166115760803;-0.024737605825066566;0.5007399469614029;0.29800941348075866;-0.14515140429139137;0.5483959913253784;0.5878755897283554;-0.05845247581601143;0.45892296731472015;0.582791268825531;-0.10784672573208809;0.515846053759257;0.8620061079661051;0.06266222517782201;0.46123766899108887;0.8657404184341431;0.042212540904680886;;vertical
