segundo;landmark_10_x;landmark_10_y;landmark_10_z;landmark_11_x;landmark_11_y;landmark_11_z;landmark_12_x;landmark_12_y;landmark_12_z;landmark_13_x;landmark_13_y;landmark_13_z;landmark_14_x;landmark_14_y;landmark_14_z;landmark_23_x;landmark_23_y;landmark_23_z;landmark_24_x;landmark_24_y;landmark_24_z;landmark_25_x;landmark_25_y;landmark_25_z;landmark_26_x;landmark_26_y;landmark_26_z;cara_prom_x;cara_prom_y;cara_prom_z;mano_izquierda_prom_x;mano_izquierda_prom_y;mano_izquierda_prom_z;mano_derecha_prom_x;mano_derecha_prom_y;mano_derecha_prom_z;pie_izquierdo_prom_x;pie_izquierdo_prom_y;pie_izquierdo_prom_z;pie_derecho_prom_x;pie_derecho_prom_y;pie_derecho_prom_z
0.03;0.4465116858482361;0.7474807500839233;-0.04890347272157669;0.4683885872364044;0.7038742899894714;0.08115459233522415;0.4708459675312042;0.7259763479232788;-0.14764800667762756;0.46981731057167053;0.6349592804908752;0.11415117233991623;0.48364347219467163;0.7451460361480713;-0.16329658031463623;0.4747028946876526;0.5345733165740967;0.06930554658174515;0.47781968116760254;0.5525924563407898;-0.06929969042539597;0.4592621624469757;0.4051362872123718;0.08019638806581497;0.4658881723880768;0.6304040551185608;-0.13094860315322876;0.45360420644283295;0.776703679561615;-0.03688106220215559;0.46372219175100327;0.581760048866272;0.04455395042896271;0.46260060369968414;0.7719380557537079;-0.045615606009960175;0.4714534382025401;0.36546093225479126;0.11779909084240596;0.44538526733716327;0.8069574038187662;-0.15436788896719614
0.13;0.4421757161617279;0.30576640367507935;-0.055517714470624924;0.4744323194026947;0.35006338357925415;-0.19635087251663208;0.4649907350540161;0.357241690158844;0.07850603014230728;0.47254931926727295;0.45814841985702515;-0.22626936435699463;0.4674551486968994;0.4540674388408661;0.10831941664218903;0.4833604693412781;0.5354320406913757;-0.08420059829950333;0.4731592535972595;0.5315664410591125;0.08425366133451462;0.4738922417163849;0.6861338019371033;-0.08387650549411774;0.47032880783081055;0.6796025037765503;0.13497138023376465;0.4456723123788834;0.28446872532367706;-0.08096449375152588;0.45295366644859314;0.5571108013391495;-0.21435951068997383;0.4556231424212456;0.5433194935321808;0.035978748463094234;0.46337030331293744;0.8498682379722595;-0.0850110116104285;0.4647698402404785;0.8290177385012308;0.1821229209502538
0.17;0.44217318296432495;0.3065430521965027;-0.07559175044298172;0.4743571877479553;0.35645467042922974;-0.20344552397727966;0.4649583399295807;0.3589601218700409;0.05785980820655823;0.4725993275642395;0.4628160297870636;-0.2232419103384018;0.4675702750682831;0.45602625608444214;0.08948981761932373;0.48196694254875183;0.5384566783905029;-0.0797479972243309;0.4726373553276062;0.5370404124259949;0.07978145778179169;0.4738979637622833;0.6862722039222717;-0.07121522724628448;0.47052037715911865;0.6810079216957092;0.13996650278568268;0.44552900791168215;0.28619656562805174;-0.10036050491034984;0.45277800410985947;0.5584172010421753;-0.19808679819107056;0.4552742540836334;0.5454638004302979;0.028617444913834333;0.463774432738622;0.848883330821991;-0.06908377880851428;0.4649088382720947;0.8278124133745829;0.20543676118055978
0.2;0.44117093086242676;0.3072953224182129;-0.08918769657611847;0.47293663024902344;0.3590402603149414;-0.21545764803886414;0.4644172489643097;0.36015942692756653;0.04483376815915108;0.4721052050590515;0.4666978418827057;-0.23106719553470612;0.46782487630844116;0.46018221974372864;0.0756964385509491;0.481381893157959;0.5385534763336182;-0.07821148633956909;0.4729524552822113;0.5374504327774048;0.07821807265281677;0.4746588468551636;0.6859386563301086;-0.06661200523376465;0.4717748463153839;0.6809983849525452;0.1433071792125702;0.44417116940021517;0.2874267607927322;-0.11311150640249253;0.45110950618982315;0.5662693381309509;-0.20547273382544518;0.45496031641960144;0.5536824464797974;0.01892470335587859;0.4637301067511241;0.8474167784055074;-0.06294630095362663;0.46428240338961285;0.8260447780291239;0.21298064788182577
0.23;0.4374885857105255;0.30869826674461365;-0.0923096090555191;0.469492644071579;0.360845685005188;-0.22264429926872253;0.4640371799468994;0.36115753650665283;0.042731113731861115;0.4705054461956024;0.4702315926551819;-0.2386738806962967;0.46791309118270874;0.4638049006462097;0.0747004970908165;0.4811279773712158;0.5387519598007202;-0.07845891267061234;0.47473853826522827;0.5378345847129822;0.07845378667116165;0.4748443365097046;0.6861336827278137;-0.05436069145798683;0.47469592094421387;0.6815391182899475;0.1424359232187271;0.4401086449623108;0.2888067036867142;-0.1165045939385891;0.449530228972435;0.575630247592926;-0.2122582457959652;0.45495471358299255;0.5599701851606369;0.02163850935176015;0.4631929596265157;0.8466751376787821;-0.03426692293335994;0.46443188190460205;0.8257452845573425;0.20987051725387573
0.27;0.43219196796417236;0.31285956501960754;-0.08577102422714233;0.46465596556663513;0.3629465401172638;-0.21904468536376953;0.4612801969051361;0.36354267597198486;0.0488460510969162;0.4679550230503082;0.47297346591949463;-0.23802654445171356;0.4677900969982147;0.46630480885505676;0.07817703485488892;0.48117342591285706;0.53873610496521;-0.07885023206472397;0.47687652707099915;0.537754237651825;0.07885073870420456;0.475746214389801;0.6862084269523621;-0.05295542627573013;0.4768909215927124;0.6816853880882263;0.1402270346879959;0.4345421701669693;0.2918074309825897;-0.10961184576153755;0.44908861815929413;0.5808739513158798;-0.21258475631475449;0.4549551382660866;0.5637224912643433;0.023460565484128892;0.4626656770706177;0.8456530570983887;-0.030721766874194145;0.46454498171806335;0.8255178729693095;0.20480800668398538
0.3;0.4281896650791168;0.31643790006637573;-0.08168787509202957;0.45879098773002625;0.36426883935928345;-0.21545612812042236;0.4587710499763489;0.36511269211769104;0.05304291099309921;0.4649287462234497;0.4739621579647064;-0.23590783774852753;0.4677883982658386;0.46597200632095337;0.08168186247348785;0.48119688034057617;0.5386980772018433;-0.07895929366350174;0.47917941212654114;0.5375769138336182;0.07891536504030228;0.4771853983402252;0.6864297389984131;-0.049665529280900955;0.4781617224216461;0.6819861531257629;0.135967418551445;0.43016294240951536;0.2948943763971329;-0.1078376542776823;0.44903506338596344;0.5827892869710922;-0.20361730083823204;0.45526624470949173;0.5626252293586731;0.027061183005571365;0.4626583456993103;0.8450554410616556;-0.02209620864596218;0.46340710918108624;0.8256373802820841;0.19855419298013052
0.33;0.4241557717323303;0.32022446393966675;-0.05339059606194496;0.45458683371543884;0.36471351981163025;-0.19797925651073456;0.45685458183288574;0.36614328622817993;0.08161640167236328;0.46229296922683716;0.4728899598121643;-0.22094883024692535;0.46777158975601196;0.46530893445014954;0.10343009978532791;0.48118922114372253;0.5396189093589783;-0.08198477327823639;0.4818746745586395;0.5376837849617004;0.08193423599004745;0.47730737924575806;0.6871659159660339;-0.050587572157382965;0.47958672046661377;0.6831517815589905;0.12768076360225677;0.42566418945789336;0.2991884857416153;-0.07688605189323425;0.4490296244621277;0.5810938328504562;-0.1882423274219036;0.455674484372139;0.5609197169542313;0.05000847112387419;0.46270079414049786;0.8448238372802734;-0.019805635580269154;0.4634310305118561;0.8261251052220663;0.17806130647659302
0.37;0.4198649525642395;0.32560989260673523;-0.05631817877292633;0.44981256127357483;0.36947518587112427;-0.19914481043815613;0.4550115466117859;0.36916303634643555;0.08007679879665375;0.45820924639701843;0.48020774126052856;-0.22232860326766968;0.46778494119644165;0.4686305820941925;0.10076617449522018;0.481748104095459;0.5407701730728149;-0.08462207764387131;0.48562148213386536;0.5377340316772461;0.08457716554403305;0.47808337211608887;0.6872982382774353;-0.05358324572443962;0.4800969958305359;0.6834884285926819;0.12786853313446045;0.42059762477874757;0.3054506927728653;-0.07974653141573071;0.44871434569358826;0.5905328691005707;-0.19215991720557213;0.4580633267760277;0.5633827894926071;0.04463485907763243;0.4614299535751343;0.8442535400390625;-0.023765452050914366;0.4615292052427928;0.8266357183456421;0.18110981583595276
0.4;0.413761168718338;0.3327978551387787;-0.06524389237165451;0.445428729057312;0.3761994242668152;-0.21038910746574402;0.45102861523628235;0.3740699887275696;0.07661732286214828;0.4553821086883545;0.4860552251338959;-0.2328353077173233;0.46778127551078796;0.4734707474708557;0.09869497269392014;0.4831109046936035;0.5428324937820435;-0.08614037930965424;0.48802030086517334;0.5382112264633179;0.08609861880540848;0.47823598980903625;0.6873371005058289;-0.052964020520448685;0.48009368777275085;0.6835005879402161;0.1423806995153427;0.41481191515922544;0.3123099684715271;-0.08839462138712406;0.4466417357325554;0.5982704162597656;-0.1978292316198349;0.4593123495578766;0.566755399107933;0.04168484313413501;0.46060215433438617;0.8441287477811178;-0.01965123156939323;0.4608556429545085;0.8269739151000977;0.20452982683976492
0.43;0.4083200991153717;0.34178707003593445;-0.060485247522592545;0.4410483241081238;0.38219043612480164;-0.21015384793281555;0.446736216545105;0.381441205739975;0.08191341161727905;0.45174360275268555;0.4886680841445923;-0.23219579458236694;0.46547573804855347;0.47537165880203247;0.10402055084705353;0.48648273944854736;0.5453317761421204;-0.08783463388681412;0.48891308903694153;0.5401329398155212;0.08780600130558014;0.47868046164512634;0.6886962056159973;-0.050274088978767395;0.4800434410572052;0.683512806892395;0.15335732698440552;0.4092996895313263;0.3202886492013931;-0.08369832802563906;0.44573572278022766;0.598259225487709;-0.19751134514808655;0.45896016061306;0.5654972493648529;0.04523988999426365;0.4605867365996043;0.8444381554921468;-0.016501455722997587;0.46087677280108136;0.8288819591204325;0.2263373633225759
0.47;0.40383511781692505;0.35047420859336853;-0.05020390823483467;0.4361763000488281;0.39093971252441406;-0.2007717788219452;0.44390782713890076;0.3901538848876953;0.08989226073026657;0.445216566324234;0.4984920918941498;-0.22452126443386078;0.4647962152957916;0.4813719391822815;0.10621719807386398;0.487785667181015;0.5471004247665405;-0.0883951187133789;0.4912203252315521;0.5422780513763428;0.08838490396738052;0.47946077585220337;0.6895374655723572;-0.0386318638920784;0.48157888650894165;0.6846530437469482;0.14922894537448883;0.40450369119644164;0.3292895406484604;-0.07329702426213772;0.44369954615831375;0.6062344461679459;-0.18663573265075684;0.45909807831048965;0.5745848268270493;0.04547828249633312;0.4598763883113861;0.8447422583897909;0.011530424157778421;0.46070260802904767;0.8306710918744405;0.2151353508234024
0.5;0.3982640504837036;0.3598102927207947;-0.03962266817688942;0.4315786063671112;0.40040722489356995;-0.19662950932979584;0.4405845105648041;0.3967956006526947;0.09208036214113235;0.44158610701560974;0.5070784687995911;-0.2297680675983429;0.4701922833919525;0.4788352847099304;0.10981910675764084;0.4897865355014801;0.5531031489372253;-0.08862245082855225;0.494960218667984;0.5460039973258972;0.08860509097576141;0.480505108833313;0.6902125477790833;-0.037525493651628494;0.4829997420310974;0.685373842716217;0.1439882069826126;0.39896448850631716;0.3389088183641434;-0.061687940289266406;0.4427221193909645;0.622607871890068;-0.21379781886935234;0.498390257358551;0.5416385978460312;0.056337916292250156;0.45466962456703186;0.8472071290016174;0.04583836439996958;0.4621090789635976;0.8351134061813354;0.22371906042099
0.53;0.3929653465747833;0.3714117407798767;-0.04702087491750717;0.42800983786582947;0.40777719020843506;-0.19716963171958923;0.436374694108963;0.4043468236923218;0.09125800430774689;0.4388413429260254;0.516703188419342;-0.23012396693229675;0.46250414848327637;0.4936436116695404;0.10760609805583954;0.49208566546440125;0.5553752183914185;-0.08833963423967361;0.4960743188858032;0.5479326248168945;0.08832000941038132;0.4803372919559479;0.6910394430160522;-0.02418840117752552;0.48318910598754883;0.6868282556533813;0.1531376987695694;0.39338470101356504;0.35038324296474455;-0.06975094680674374;0.43895014375448227;0.6332675367593765;-0.2050311155617237;0.46908070892095566;0.5862551182508469;0.044734370429068804;0.45077743132909137;0.848651667435964;0.06609002997477849;0.45981741944948834;0.8361544211705526;0.2522706240415573
0.57;0.3885900676250458;0.3823614716529846;-0.04967517778277397;0.4251217246055603;0.4125349223613739;-0.20003509521484375;0.43236520886421204;0.4114159047603607;0.09282311797142029;0.4353274703025818;0.5223318338394165;-0.23130710422992706;0.4488395154476166;0.5112583041191101;0.10713417083024979;0.4944716989994049;0.5538712739944458;-0.09117504954338074;0.4957008361816406;0.5475934743881226;0.09122493118047714;0.4803725779056549;0.6920506954193115;-0.03240683674812317;0.4841206669807434;0.6873182654380798;0.16462844610214233;0.3882486939430237;0.36248393058776857;-0.07276139184832572;0.4371299147605896;0.6374301463365555;-0.2060583084821701;0.44638172537088394;0.6216550171375275;0.03868170781061053;0.45251940687497455;0.8489810625712076;0.032735963662465416;0.4601261516412099;0.83591361840566;0.26236800849437714
0.6;0.38733944296836853;0.390013188123703;-0.04754043370485306;0.42172443866729736;0.41832372546195984;-0.19949975609779358;0.4279406666755676;0.4192422032356262;0.09652886539697647;0.43285349011421204;0.5300007462501526;-0.2285250574350357;0.4399699568748474;0.5246408581733704;0.11125964671373367;0.49607834219932556;0.5528780221939087;-0.09200230985879898;0.49465808272361755;0.547802746295929;0.09209859371185303;0.48127809166908264;0.6919735670089722;-0.036108508706092834;0.48371922969818115;0.6869312524795532;0.1586153209209442;0.3860566735267639;0.37225749492645266;-0.07163895649136975;0.43465714901685715;0.6450296342372894;-0.20619869604706764;0.4381567984819412;0.6267696917057037;0.039341751486063004;0.4532836377620697;0.8490313490231832;0.041049230843782425;0.45625920097033185;0.838484525680542;0.24803280333677927
0.63;0.38888391852378845;0.39485910534858704;-0.028149647638201714;0.4178405702114105;0.4276111423969269;-0.18270094692707062;0.4247050881385803;0.426580548286438;0.1139102429151535;0.43015602231025696;0.5375708937644958;-0.20590530335903168;0.43742960691452026;0.5300743579864502;0.12792439758777618;0.4970214068889618;0.5525311231613159;-0.0936427041888237;0.49461987614631653;0.5477883219718933;0.09378261119127274;0.4822517931461334;0.6927528977394104;-0.056757207959890366;0.4833804666996002;0.6868641972541809;0.1551949679851532;0.38661761581897736;0.3784134238958359;-0.052439185604453084;0.4329620599746704;0.6467833966016769;-0.18469740822911263;0.4364713355898857;0.6304275989532471;0.053539006039500237;0.4519105652968089;0.8463708162307739;0.02856944128870964;0.455738365650177;0.836939533551534;0.23124020795027414
0.67;0.38509899377822876;0.4117964804172516;-0.03320211172103882;0.41502904891967773;0.43363893032073975;-0.18402327597141266;0.42099517583847046;0.4353392720222473;0.11562715470790863;0.4297056794166565;0.5422993302345276;-0.21031659841537476;0.434898316860199;0.5359185934066772;0.13466960191726685;0.49814534187316895;0.5493071675300598;-0.0938820019364357;0.4942055344581604;0.5475033521652222;0.09402339905500412;0.48387858271598816;0.6938208341598511;-0.056665513664484024;0.4831578731536865;0.6868388652801514;0.1470842808485031;0.382175424695015;0.39419642090797424;-0.057363262958824636;0.431374229490757;0.6543975323438644;-0.1902577355504036;0.4339063689112663;0.6447299867868423;0.05592972692102194;0.4537442922592163;0.8458260695139567;0.026611410547047853;0.455826997756958;0.8364753524462382;0.2226343055566152
0.7;0.3822508752346039;0.4205513000488281;-0.031849153339862823;0.4126715064048767;0.4420560598373413;-0.18240226805210114;0.4185907542705536;0.4416675567626953;0.11820842325687408;0.4281527101993561;0.5528589487075806;-0.20885518193244934;0.4348793625831604;0.5431038737297058;0.1420404464006424;0.4982839524745941;0.5463972091674805;-0.09384753555059433;0.494082510471344;0.5462950468063354;0.09399194270372391;0.48426276445388794;0.6938427686691284;-0.05360882356762886;0.4830683171749115;0.6867838501930237;0.14608831703662872;0.3788865447044373;0.4024782329797745;-0.05635020844638348;0.43188001215457916;0.6704774051904678;-0.19243855774402618;0.4355776533484459;0.6553940773010254;0.0697663938626647;0.4541935424009959;0.8452056050300598;0.03892987842361132;0.45618439714113873;0.8348402579625448;0.22534885009129843
0.73;0.38056471943855286;0.4313793182373047;-0.007776788901537657;0.41017383337020874;0.45122402906417847;-0.1634376347064972;0.41930723190307617;0.44874057173728943;0.13800008594989777;0.4266364574432373;0.5572586059570312;-0.19470612704753876;0.4372381269931793;0.5445044636726379;0.16094626486301422;0.49899736046791077;0.5453574061393738;-0.09479723125696182;0.495000958442688;0.5462586283683777;0.09493126720190048;0.4856872856616974;0.6936447024345398;-0.05789075419306755;0.4829277992248535;0.6867412328720093;0.1457197517156601;0.3761870712041855;0.4136325567960739;-0.031839621253311634;0.43202630430459976;0.6777472048997879;-0.1783124879002571;0.4368474408984184;0.659934863448143;0.09118360094726086;0.45614613095919293;0.8435130516688029;0.007234268511335055;0.45612288514773053;0.8347574671109518;0.20342878500620523
0.77;0.37973305583000183;0.4454965591430664;-0.002863151952624321;0.40933990478515625;0.45793914794921875;-0.15995141863822937;0.4173433482646942;0.45731431245803833;0.13547101616859436;0.42582449316978455;0.5630170106887817;-0.1951591670513153;0.435537189245224;0.5547721982002258;0.15892869234085083;0.49880337715148926;0.5452176332473755;-0.0943259745836258;0.4954743981361389;0.5461583733558655;0.09444686770439148;0.48577356338500977;0.6935650706291199;-0.056497298181056976;0.48308759927749634;0.6868351697921753;0.13762237131595612;0.3738145172595978;0.4288789093494415;-0.02620661202818155;0.43224460631608963;0.6860213726758957;-0.17982514575123787;0.4343007653951645;0.6752131283283234;0.09407647512853146;0.45710306366284686;0.8434927264849345;-0.005797945739080508;0.45655156175295514;0.8359399835268656;0.1840844601392746
0.8;0.3802453875541687;0.451734334230423;3.511567410896532e-05;0.4094621539115906;0.46885785460472107;-0.15398958325386047;0.41633862257003784;0.46338871121406555;0.12897755205631256;0.42566773295402527;0.5725505948066711;-0.18897560238838196;0.43189141154289246;0.5644312500953674;0.14893925189971924;0.499310165643692;0.5447752475738525;-0.09316183626651764;0.49537450075149536;0.5453252196311951;0.09326259046792984;0.4871220588684082;0.6931391954421997;-0.05864110216498375;0.48326462507247925;0.6861355900764465;0.12857210636138916;0.3737568795681;0.4367785692214966;-0.02356040393933654;0.4303421676158905;0.6939430683851242;-0.16860877722501755;0.43198035657405853;0.6810775399208069;0.08737854845821857;0.4571426510810852;0.8428694605827332;-0.020517112609619897;0.4566432138284047;0.8354550997416178;0.17012797792752585
0.83;0.3802476227283478;0.4618607759475708;0.02818324603140354;0.40839749574661255;0.47688040137290955;-0.1305873692035675;0.4166295826435089;0.4694889783859253;0.14229747653007507;0.4230230152606964;0.5790641903877258;-0.16945067048072815;0.43157994747161865;0.5667583346366882;0.1583622694015503;0.49904489517211914;0.5445520877838135;-0.09276207536458969;0.4955722987651825;0.5445236563682556;0.09283143281936646;0.4873974323272705;0.6918350458145142;-0.06540489196777344;0.48477432131767273;0.6854325532913208;0.12089721858501434;0.3738158106803894;0.44843465089797974;0.006051746942102909;0.4300157129764557;0.7029848247766495;-0.15301727876067162;0.4318119212985039;0.688739612698555;0.10320498235523701;0.4570929904778798;0.8422329823176066;-0.04098553583025932;0.45675018429756165;0.8375200033187866;0.15610337754090628
0.87;0.37887102365493774;0.47545430064201355;0.0288170725107193;0.40703877806663513;0.4843481779098511;-0.13175857067108154;0.41778966784477234;0.47809940576553345;0.14134158194065094;0.4209844172000885;0.585697591304779;-0.16767682135105133;0.43134796619415283;0.572920560836792;0.15424396097660065;0.49884307384490967;0.545470118522644;-0.09268712252378464;0.4969072937965393;0.5444619059562683;0.0927533358335495;0.48734745383262634;0.6918100118637085;-0.06529422104358673;0.48474225401878357;0.6854018568992615;0.12177310883998871;0.3720813006162643;0.46226624846458436;0.006945609115064144;0.42978735268116;0.7111400812864304;-0.1417345143854618;0.43254463374614716;0.6976588517427444;0.1023724153637886;0.4567249119281769;0.8422260483105978;-0.040986993039647736;0.4574826161066691;0.83750319480896;0.16277136405309042
0.9;0.3792017698287964;0.4846675992012024;0.026091545820236206;0.4070209264755249;0.49163714051246643;-0.13378241658210754;0.4179680049419403;0.4824196994304657;0.1396317034959793;0.41772326827049255;0.5944616198539734;-0.17304590344429016;0.42795392870903015;0.5812539458274841;0.1516675055027008;0.4989149272441864;0.5453338623046875;-0.09262855350971222;0.49709486961364746;0.5427627563476562;0.09269624948501587;0.48701706528663635;0.6900655627250671;-0.07718604803085327;0.48464179039001465;0.6843239665031433;0.11107407510280609;0.3717028647661209;0.4724031001329422;0.004112220369279385;0.4289492964744568;0.7239006757736206;-0.15001024678349495;0.43122071772813797;0.7001644819974899;0.10236683674156666;0.4565279483795166;0.8411410450935364;-0.061389338225126266;0.45713035265604657;0.8363007108370463;0.14607122043768564
0.93;0.3801423907279968;0.497642457485199;0.05898454785346985;0.40649446845054626;0.5006424188613892;-0.11415781825780869;0.41818076372146606;0.48719924688339233;0.155807763338089;0.4178139269351959;0.6063224077224731;-0.1493360847234726;0.4298613667488098;0.5751959681510925;0.16549812257289886;0.4988916218280792;0.5453649759292603;-0.0922272577881813;0.4983430802822113;0.5420950055122375;0.09226761758327484;0.48607826232910156;0.6896060109138489;-0.06125221028923988;0.4845523238182068;0.6840366721153259;0.11747780442237854;0.37232265770435335;0.48592989444732665;0.03693806566298008;0.4280686303973198;0.7354185432195663;-0.12350239045917988;0.4315720275044441;0.7103825211524963;0.11705019511282444;0.45510002970695496;0.8411293427149454;-0.03893603260318438;0.4571319321791331;0.8346344828605652;0.16331203281879425
0.97;0.38082051277160645;0.506561279296875;0.05135045945644379;0.4062901735305786;0.5059643983840942;-0.11611074209213257;0.418941468000412;0.4906902611255646;0.1467384696006775;0.4166736304759979;0.6096125841140747;-0.15518666803836823;0.43399134278297424;0.5684331655502319;0.15869416296482086;0.49924036860466003;0.5454186797142029;-0.09109959751367569;0.49838510155677795;0.542365312576294;0.09114502370357513;0.48300182819366455;0.6887827515602112;-0.08163092285394669;0.48360657691955566;0.6850559115409851;0.08332210779190063;0.3730544030666351;0.4943249970674515;0.029370769485831262;0.4268310144543648;0.7389203011989594;-0.13842718303203583;0.4436463788151741;0.6722861379384995;0.10647357441484928;0.45432451367378235;0.8400052189826965;-0.0632210224866867;0.4576221803824107;0.8336064616839091;0.09812350322802861
1.0;0.38081803917884827;0.5117974281311035;0.06536797434091568;0.40622466802597046;0.5114157199859619;-0.10519858449697495;0.419202595949173;0.49751344323158264;0.16174224019050598;0.41836681962013245;0.61833256483078;-0.13981395959854126;0.4299730360507965;0.6036456227302551;0.17172546684741974;0.49915117025375366;0.5473031997680664;-0.09100575000047684;0.4986913502216339;0.5428324341773987;0.09105177968740463;0.48159167170524597;0.6888195872306824;-0.05971384793519974;0.4834095537662506;0.6857873797416687;0.088133804500103;0.37245747447013855;0.498648202419281;0.04295139741152525;0.42484254390001297;0.739321768283844;-0.11710108071565628;0.4313771203160286;0.7167270630598068;0.12633458524942398;0.45450910925865173;0.8398136297861735;-0.014627536603560051;0.457888662815094;0.8337223728497823;0.13126603762308756
1.03;0.37926730513572693;0.5225494503974915;0.04434690251946449;0.4049409329891205;0.5154372453689575;-0.12099938094615936;0.41955113410949707;0.502116858959198;0.1519595831632614;0.4188592731952667;0.6216492056846619;-0.1553143709897995;0.430035799741745;0.5998979806900024;0.16544774174690247;0.49889621138572693;0.5475559830665588;-0.09075609594583511;0.49866968393325806;0.5422037243843079;0.09082265943288803;0.4811978340148926;0.6890640258789062;-0.04439375922083855;0.4827161133289337;0.6859740018844604;0.09740111231803894;0.37102643847465516;0.5085762441158295;0.02174263708293438;0.4240473285317421;0.7422179132699966;-0.13190568797290325;0.4307468384504318;0.7235089987516403;0.11327861249446869;0.454674353202184;0.8417347272237142;0.014003435149788857;0.4579866826534271;0.8336959878603617;0.1736669341723124
1.07;0.37829917669296265;0.52953040599823;0.040512435138225555;0.4034854471683502;0.5201067924499512;-0.12258321046829224;0.41987529397010803;0.5023468732833862;0.1437283307313919;0.41828104853630066;0.6261377334594727;-0.15699394047260284;0.43367841839790344;0.5929062962532043;0.15398705005645752;0.4981507956981659;0.5467211008071899;-0.09048926085233688;0.4986126720905304;0.5399063229560852;0.09057196229696274;0.481305867433548;0.6878909468650818;-0.03889123350381851;0.4828583002090454;0.684402585029602;0.10901954025030136;0.3698447346687317;0.5153825283050537;0.01655307854525745;0.42427893728017807;0.7459228336811066;-0.13784290850162506;0.4347638785839081;0.7097561210393906;0.10510658659040928;0.45516793926556903;0.8397879203160604;0.021039445224838953;0.4587334493796031;0.8290001551310221;0.18906034032503763
1.1;0.37812167406082153;0.531994640827179;0.03912457823753357;0.40329521894454956;0.5237335562705994;-0.12217811495065689;0.4199625551700592;0.5093997120857239;0.14422008395195007;0.4181761145591736;0.6293185949325562;-0.15159499645233154;0.4349621832370758;0.5989291667938232;0.15777094662189484;0.49772852659225464;0.545387864112854;-0.09018031507730484;0.4985634386539459;0.5378448367118835;0.09028439223766327;0.4813104271888733;0.6866315603256226;-0.044503990560770035;0.4824334681034088;0.6820662021636963;0.11270216852426529;0.36956909894943235;0.5188065588474273;0.016163060441613197;0.42338963598012924;0.7449023276567459;-0.12184598296880722;0.4310556873679161;0.721585676074028;0.11111851967871189;0.45462701718012494;0.8395108580589294;0.007486582423249881;0.4579792618751526;0.8272099494934082;0.18378185232480368
1.13;0.3773499131202698;0.5412813425064087;0.03550213202834129;0.4030293822288513;0.5272219777107239;-0.1277913749217987;0.4190627634525299;0.5162150859832764;0.14222054183483124;0.41676193475723267;0.6306170225143433;-0.1551639437675476;0.43399035930633545;0.6074132919311523;0.15766409039497375;0.49748390913009644;0.541701078414917;-0.09029587358236313;0.4977305829524994;0.536566972732544;0.09042111784219742;0.48157188296318054;0.6856572031974792;-0.04639457166194916;0.48114845156669617;0.6803265810012817;0.11296524852514267;0.3689204066991806;0.5278315722942353;0.012707571685314178;0.4227580428123474;0.741789698600769;-0.12759350799024105;0.4285580664873123;0.7232578843832016;0.11027172021567822;0.4551521639029185;0.8395758469899496;-0.0030292289641996226;0.45777084430058795;0.8259800871213278;0.17440579334894815
1.17;0.37718263268470764;0.5482197403907776;0.03485405817627907;0.4030693769454956;0.5311639904975891;-0.12876930832862854;0.4192197322845459;0.5205541253089905;0.14197243750095367;0.4160260558128357;0.6322441101074219;-0.1585846245288849;0.4341362416744232;0.6147096157073975;0.16076254844665527;0.497490257024765;0.5390850305557251;-0.09018578380346298;0.4976426959037781;0.5356917977333069;0.0903242826461792;0.4816025197505951;0.6848257780075073;-0.05421772599220276;0.47958219051361084;0.6790086030960083;0.10745643079280853;0.3689335912466049;0.5349351942539216;0.012057719053700566;0.42244893312454224;0.7433164566755295;-0.129463542252779;0.4276241287589073;0.7279193103313446;0.11468185298144817;0.4561738868554433;0.8399465878804525;-0.009456680932392677;0.45803751548131305;0.8243967493375143;0.16398277382055917
1.2;0.37747958302497864;0.5514241456985474;0.05741444602608681;0.4029507040977478;0.53391033411026;-0.10379631817340851;0.41929176449775696;0.5243116021156311;0.1595468819141388;0.416168749332428;0.6329613924026489;-0.13716477155685425;0.43508049845695496;0.6143995523452759;0.17965596914291382;0.49746477603912354;0.5355907082557678;-0.08855434507131577;0.49745285511016846;0.5353883504867554;0.0886850506067276;0.48155519366264343;0.6846009492874146;-0.06361772119998932;0.47884076833724976;0.678902804851532;0.1011229082942009;0.36929720640182495;0.5383027613162994;0.03543488532304764;0.4223490431904793;0.7424759119749069;-0.12121093273162842;0.42784640938043594;0.7309318482875824;0.13737689331173897;0.4566551049550374;0.840185821056366;-0.030664564420779545;0.4580872257550557;0.8267926772435507;0.14604745308558145
1.23;0.37716948986053467;0.5557321906089783;0.03170698508620262;0.40283307433128357;0.5395705699920654;-0.12379864603281021;0.4178372621536255;0.5284022688865662;0.14076177775859833;0.4162571132183075;0.6407442688941956;-0.15794461965560913;0.4351761043071747;0.6165715456008911;0.16349740326404572;0.4973987936973572;0.5353298783302307;-0.08818132430315018;0.49661487340927124;0.5346773862838745;0.0883467048406601;0.4816376268863678;0.683526337146759;-0.06260170787572861;0.4788794219493866;0.677855372428894;0.10185601562261581;0.36927592754364014;0.5424841284751892;0.008299612445989623;0.42221953719854355;0.7500460147857666;-0.14176473394036293;0.42788852006196976;0.7368391752243042;0.1192846056073904;0.4567943513393402;0.8411150574684143;-0.025204550474882126;0.45801523327827454;0.8259156743685404;0.15204628805319467
1.27;0.37730854749679565;0.5569921135902405;0.03123144432902336;0.4028710722923279;0.5425500273704529;-0.12460486590862274;0.4179609417915344;0.5306961536407471;0.13813301920890808;0.4169902801513672;0.6436851024627686;-0.15436188876628876;0.4311331510543823;0.6267630457878113;0.16302141547203064;0.4973626434803009;0.5340656042098999;-0.08710869401693344;0.496384859085083;0.5325251221656799;0.08728786557912827;0.48195579648017883;0.6816450357437134;-0.06126722693443298;0.47902292013168335;0.676607072353363;0.10083436220884323;0.36944750845432284;0.5452211797237396;0.007709305820753798;0.4220431447029114;0.7514502704143524;-0.12848997674882412;0.4270843490958214;0.7381975799798965;0.12010165490210056;0.4578314423561096;0.8409025271733602;-0.02192073656866948;0.45908795793851215;0.824603279431661;0.15290741125742593
1.3;0.3783147931098938;0.561856210231781;0.030051613226532936;0.40301722288131714;0.5466746091842651;-0.12466557323932648;0.41761019825935364;0.5333039164543152;0.13239248096942902;0.4175955653190613;0.6483343839645386;-0.14806751906871796;0.4278128147125244;0.6390067338943481;0.15545107424259186;0.4977651536464691;0.5342708826065063;-0.0860099270939827;0.4963519275188446;0.5314201712608337;0.08619784563779831;0.4820834696292877;0.6802368760108948;-0.060642458498477936;0.47907504439353943;0.6745460033416748;0.10320059210062027;0.37021140456199647;0.5502049505710602;0.006375705276150256;0.4205152839422226;0.7547929286956787;-0.11373313330113888;0.4260142222046852;0.7446882277727127;0.11818377487361431;0.4593956967194875;0.8409036000569662;-0.021863271482288837;0.45921434958775836;0.8264063000679016;0.15467040240764618
1.33;0.37912872433662415;0.563744306564331;0.03314685449004173;0.4030191898345947;0.5491553544998169;-0.11661272495985031;0.41777345538139343;0.5364130139350891;0.13373211026191711;0.41772621870040894;0.6510446071624756;-0.13858269155025482;0.4286315143108368;0.640204668045044;0.15514521300792694;0.4974069893360138;0.534255862236023;-0.08334827423095703;0.4965124726295471;0.5306281447410583;0.08352158218622208;0.48210039734840393;0.6803434491157532;-0.05849485844373703;0.47928667068481445;0.6749970316886902;0.1043037623167038;0.37095609307289124;0.5519929468631745;0.010183363640680908;0.420584961771965;0.7586212903261185;-0.10776480473577976;0.4263712838292122;0.7477912306785583;0.11856533400714397;0.45994580785433453;0.840761661529541;-0.0253738925481836;0.45947612325350445;0.827146589756012;0.15243446826934814
1.37;0.3806460499763489;0.5676721930503845;0.021116556599736214;0.4030992388725281;0.5523609519004822;-0.12463760375976562;0.41788241267204285;0.5352218151092529;0.12302560359239578;0.41819021105766296;0.6529169082641602;-0.1455690860748291;0.42826202511787415;0.6383439302444458;0.1421085000038147;0.4974622130393982;0.5343745946884155;-0.08300301432609558;0.49681422114372253;0.5296016335487366;0.08317609876394272;0.4818500280380249;0.680024266242981;-0.05432142689824104;0.4793369770050049;0.6744974255561829;0.10373909026384354;0.37189532816410065;0.5550415277481079;-0.0024456052109599114;0.42079564929008484;0.7615473717451096;-0.11461862176656723;0.4265323504805565;0.7479760199785233;0.10299510322511196;0.460390567779541;0.8391337792078654;-0.024148922724028427;0.46008212367693585;0.8270569245020548;0.15312101940313974
1.4;0.38154032826423645;0.5674372315406799;0.02358906902372837;0.4031418263912201;0.5537049174308777;-0.12045519053936005;0.41792458295822144;0.5327454805374146;0.12313847243785858;0.4183260500431061;0.6533642411231995;-0.145628422498703;0.428613543510437;0.6366131901741028;0.13954627513885498;0.49688997864723206;0.5342486500740051;-0.08009935915470123;0.4969332814216614;0.5271359086036682;0.08025281131267548;0.4813908040523529;0.6801039576530457;-0.05550757423043251;0.4794202446937561;0.6727867722511292;0.09979600459337234;0.37274073958396914;0.5552627265453338;-8.574174717068672e-05;0.4207885265350342;0.7623278051614761;-0.11667798645794392;0.4267307221889496;0.7474586367607117;0.1038773451000452;0.4604179660479228;0.8390946984291077;-0.036346121380726494;0.4601082404454549;0.8272382616996765;0.1377457727988561
1.43;0.3816169500350952;0.5671697854995728;0.018583182245492935;0.40318432450294495;0.5543690323829651;-0.12587366998195648;0.4178401529788971;0.5348173379898071;0.1163531169295311;0.41869908571243286;0.6575380563735962;-0.1481102854013443;0.4289601147174835;0.6402556896209717;0.132025346159935;0.4968084394931793;0.5333701372146606;-0.07995183765888214;0.4970661997795105;0.5263742208480835;0.08009850978851318;0.48102420568466187;0.6798768639564514;-0.05422398820519447;0.47945213317871094;0.672168493270874;0.10090445727109909;0.372920897603035;0.5541909337043762;-0.0046242662006989125;0.4207777976989746;0.7693520486354828;-0.11723825894296169;0.42748335003852844;0.7548954337835312;0.09915761649608612;0.46037336190541583;0.8394240736961365;-0.030681925515333813;0.46018749475479126;0.8277150988578796;0.14259418845176697
1.47;0.38158613443374634;0.5643123984336853;0.009883442893624306;0.4033181667327881;0.5526247024536133;-0.1324949711561203;0.41787290573120117;0.5333525538444519;0.11031876504421234;0.4187307059764862;0.6562416553497314;-0.15724366903305054;0.4287145733833313;0.6392778754234314;0.12774820625782013;0.49680593609809875;0.532945454120636;-0.07966524362564087;0.49703288078308105;0.525914192199707;0.07980718463659286;0.4808688759803772;0.6792213916778564;-0.05340949445962906;0.4794136881828308;0.6715020537376404;0.10142554342746735;0.37300769686698915;0.5513640224933625;-0.013268360926304013;0.42035847902297974;0.7671532928943634;-0.12373327277600765;0.427457720041275;0.7528744786977768;0.09445453248918056;0.4595920741558075;0.8390230536460876;-0.028447434306144714;0.45984509587287903;0.8273931344350179;0.14395437637964884
1.5;0.38102948665618896;0.5632680654525757;0.008191032335162163;0.40335240960121155;0.5506424307823181;-0.13236337900161743;0.4178873598575592;0.5327858328819275;0.11022389680147171;0.4183490574359894;0.6535956263542175;-0.15858015418052673;0.4272470772266388;0.639008641242981;0.13061276078224182;0.4968068599700928;0.5319359302520752;-0.07924269139766693;0.4969545006752014;0.526078462600708;0.07938260585069656;0.4807681441307068;0.6786965131759644;-0.053361017256975174;0.4793047606945038;0.6706408262252808;0.09976878017187119;0.3728786766529083;0.5501577198505402;-0.014393919915892183;0.4201751574873924;0.7644899040460587;-0.1304888129234314;0.42742201685905457;0.751633420586586;0.0974689219146967;0.4594534734884898;0.8386651078859965;-0.02852355254193147;0.45963435371716815;0.8269727230072021;0.1408925379316012
1.53;0.38033896684646606;0.5621821284294128;-0.0055157640017569065;0.4035007953643799;0.5494062304496765;-0.14435791969299316;0.4178619682788849;0.5322923064231873;0.10146412998437881;0.41845646500587463;0.6526013612747192;-0.17264564335346222;0.42638954520225525;0.6403960585594177;0.12189873307943344;0.49682098627090454;0.5313445329666138;-0.0797610878944397;0.4967605769634247;0.5262339115142822;0.07990191876888275;0.4806928038597107;0.6783592104911804;-0.05334436148405075;0.47923487424850464;0.6705604195594788;0.09791253507137299;0.3726169168949127;0.5490243136882782;-0.028760289959609508;0.4200914278626442;0.7633953094482422;-0.14755747839808464;0.4271813854575157;0.7529014647006989;0.08549170382320881;0.45941847562789917;0.8386367758115133;-0.02798789832741022;0.45939194162686664;0.8270305395126343;0.14093654851118723
1.57;0.37943175435066223;0.5619691610336304;0.0015962058678269386;0.4035208821296692;0.5457376837730408;-0.1396564096212387;0.4181864261627197;0.5307990908622742;0.10736487060785294;0.4184693992137909;0.6517114639282227;-0.16946418583393097;0.4267607629299164;0.638827383518219;0.12660926580429077;0.4967905580997467;0.5307788252830505;-0.08006724715232849;0.49677711725234985;0.5264146327972412;0.08021000772714615;0.4806250333786011;0.6775233149528503;-0.05915706604719162;0.4792229235172272;0.6707109808921814;0.09418455511331558;0.3719820648431778;0.5480330109596252;-0.021388852410018443;0.42012231051921844;0.7618553042411804;-0.15025828033685684;0.42724982649087906;0.7514251321554184;0.09030570276081562;0.4591609636942546;0.8384663263956705;-0.040257666260004044;0.4591974119345347;0.8272109230359396;0.13168344646692276
1.6;0.3785153925418854;0.557057797908783;0.005884675309062004;0.40339699387550354;0.5436242818832397;-0.13830852508544922;0.4179978370666504;0.527617871761322;0.11069167405366898;0.41845640540122986;0.6477887630462646;-0.16688066720962524;0.43584635853767395;0.6197128295898438;0.12977957725524902;0.49683818221092224;0.5308360457420349;-0.07990885525941849;0.49695563316345215;0.5265272259712219;0.08006151765584946;0.48063501715660095;0.6774976849555969;-0.057337336242198944;0.47929343581199646;0.6708917617797852;0.09550736844539642;0.3712717592716217;0.5430114090442657;-0.01698920838534832;0.42015692591667175;0.7559600621461868;-0.143921110779047;0.42732682079076767;0.7376635074615479;0.0926827471703291;0.4589630464712779;0.838366170724233;-0.03574399960537752;0.45911842584609985;0.8275681932767233;0.13595660527547201
1.63;0.37717199325561523;0.5467271208763123;0.017730578780174255;0.40312400460243225;0.5390990972518921;-0.13100384175777435;0.4180540144443512;0.5233492851257324;0.11609742045402527;0.41846659779548645;0.6410011053085327;-0.15614213049411774;0.44327354431152344;0.6062204241752625;0.13420851528644562;0.49694591760635376;0.5308586359024048;-0.07967077940702438;0.4979897737503052;0.5265756249427795;0.07981028407812119;0.480629026889801;0.6773702502250671;-0.0571117028594017;0.47944140434265137;0.6708221435546875;0.0985698401927948;0.37061877846717833;0.5322562992572785;-0.005531446263194084;0.42047206312417984;0.752122163772583;-0.1353428903967142;0.4403942674398422;0.7155427038669586;0.1014790777117014;0.4587385257085164;0.8383855819702148;-0.03389572041730086;0.459129939476649;0.8276393810907999;0.1377835820118586
1.67;0.3767216205596924;0.5362902283668518;0.015087864361703396;0.40295031666755676;0.5311875939369202;-0.1285446584224701;0.41806626319885254;0.5180266499519348;0.11128373444080353;0.4184684157371521;0.6341039538383484;-0.1490233689546585;0.44169697165489197;0.6079317927360535;0.12822458148002625;0.4970718026161194;0.5304747223854065;-0.07817225158214569;0.4987795054912567;0.5264398455619812;0.07829689234495163;0.48067978024482727;0.6774728894233704;-0.04801483452320099;0.4799075126647949;0.6716278791427612;0.09887903928756714;0.3701454699039459;0.5221796154975891;-0.007475574652926298;0.42059043049812317;0.7478269934654236;-0.1260028537362814;0.4369684010744095;0.7228825837373734;0.09911909885704517;0.458746870358785;0.8384217222531637;-0.018907833145931363;0.45922431349754333;0.8284981449445089;0.14092451333999634
1.7;0.3764975070953369;0.5228309631347656;0.00993553176522255;0.402936190366745;0.5224983096122742;-0.12999728322029114;0.4177412688732147;0.512827455997467;0.11110556125640869;0.41846412420272827;0.6264169216156006;-0.15891093015670776;0.43982240557670593;0.6089134812355042;0.12733502686023712;0.49724093079566956;0.5299819707870483;-0.07823819667100906;0.49876484274864197;0.5260350704193115;0.0783509910106659;0.4808117747306824;0.6775301694869995;-0.05234876275062561;0.4799470007419586;0.6734027862548828;0.09555864334106445;0.3700143188238144;0.5098977088928223;-0.012731391773559152;0.42084575444459915;0.7432193607091904;-0.1543329954147339;0.43505236506462097;0.725802093744278;0.09198647737503052;0.45875587066014606;0.8379552364349365;-0.03378438080350558;0.4593333800633748;0.8278965751330057;0.1373199224472046
1.73;0.37661436200141907;0.5105266571044922;0.0154566690325737;0.4034552574157715;0.5137046575546265;-0.12694653868675232;0.41775187849998474;0.5104066133499146;0.11442794650793076;0.41864290833473206;0.6186562776565552;-0.15539658069610596;0.4303808808326721;0.6086753010749817;0.1313406080007553;0.49757006764411926;0.5286682844161987;-0.0797763243317604;0.4987311363220215;0.526058554649353;0.07991843670606613;0.4819716811180115;0.6772620677947998;-0.053856633603572845;0.4810836613178253;0.6738064885139465;0.09272779524326324;0.3701103091239929;0.496748149394989;-0.006325612142973114;0.4208189770579338;0.738737091422081;-0.14822660014033318;0.4310680702328682;0.7254761904478073;0.09942862205207348;0.45870891213417053;0.8372356096903483;-0.025362480742235977;0.4592642883459727;0.8277516961097717;0.1404580076535543
1.77;0.3769264817237854;0.49934911727905273;0.02579665184020996;0.40427160263061523;0.5043076276779175;-0.12496338784694672;0.4177333414554596;0.5031646490097046;0.1288444548845291;0.4194048047065735;0.6071681976318359;-0.15409895777702332;0.43752115964889526;0.5989030599594116;0.14802803099155426;0.4978760778903961;0.5277935266494751;-0.08345408737659454;0.498593270778656;0.5261261463165283;0.08363514393568039;0.48236730694770813;0.6765364408493042;-0.06520410627126694;0.4810773432254791;0.6742445826530457;0.08895627409219742;0.3709207057952881;0.4843483239412308;0.003919367026537657;0.4230419769883156;0.7287126183509827;-0.15034762769937515;0.4339444264769554;0.7169491797685623;0.11062313057482243;0.45862048864364624;0.8372691671053568;-0.03150813033183416;0.4590400258700053;0.8282360633214315;0.1388362149397532
1.8;0.37697917222976685;0.4854739308357239;0.023272015154361725;0.40524840354919434;0.49629026651382446;-0.1262424737215042;0.41754207015037537;0.4933837950229645;0.13034795224666595;0.42101576924324036;0.5990023016929626;-0.15735018253326416;0.44062572717666626;0.5800044536590576;0.14891104400157928;0.49791616201400757;0.5278591513633728;-0.08546559512615204;0.49730080366134644;0.5264355540275574;0.08562299609184265;0.482349693775177;0.6764416098594666;-0.0634215921163559;0.48055651783943176;0.6753003597259521;0.0867854431271553;0.37149934470653534;0.4693866312503815;0.00105903884395957;0.4268440157175064;0.7234864979982376;-0.1562683805823326;0.44886045902967453;0.6827540993690491;0.1079811081290245;0.45855305592219037;0.8366841475168864;-0.025677870027720928;0.45942988991737366;0.8235169649124146;0.14588803052902222
1.83;0.3770214915275574;0.46651458740234375;0.03889467194676399;0.40530478954315186;0.48432642221450806;-0.11645837128162384;0.41725659370422363;0.4839280843734741;0.14191867411136627;0.42265528440475464;0.5801887512207031;-0.13601015508174896;0.43997320532798767;0.5693086981773376;0.1667049378156662;0.49728959798812866;0.5281124711036682;-0.08643288910388947;0.4963822364807129;0.5268473029136658;0.08658497035503387;0.4814942181110382;0.6765724420547485;-0.06478483974933624;0.4793621301651001;0.6765525341033936;0.08634519577026367;0.372479984164238;0.4509303867816925;0.017185087967664003;0.4281935542821884;0.7001001536846161;-0.12505820207297802;0.4458543583750725;0.6809029430150986;0.13054732605814934;0.45811182260513306;0.8363807797431946;-0.026808699903388817;0.45939810077349347;0.8240426381429037;0.1446439449985822
1.87;0.37779828906059265;0.4539041817188263;0.03198172152042389;0.40646523237228394;0.4749351143836975;-0.11730678379535675;0.417636513710022;0.47112998366355896;0.14035670459270477;0.42455536127090454;0.5728816390037537;-0.13910186290740967;0.4427013397216797;0.5627562403678894;0.16270005702972412;0.49672558903694153;0.529146134853363;-0.08790594339370728;0.496401309967041;0.5268585085868835;0.08810009807348251;0.48136162757873535;0.6773079633712769;-0.05923820286989212;0.4793742895126343;0.6765311360359192;0.10397633165121078;0.37385916113853457;0.4381827265024185;0.009784885850240243;0.4306679666042328;0.6901797205209732;-0.11652840673923492;0.4439956620335579;0.6577028632164001;0.12058951891958714;0.45683831969896954;0.8355572819709778;-0.014310241987307867;0.45872704188028973;0.824003001054128;0.16182092328866324
1.9;0.37960290908813477;0.43825188279151917;0.06784127652645111;0.407987117767334;0.460202157497406;-0.09311021119356155;0.418629914522171;0.45889902114868164;0.17082436382770538;0.42752763628959656;0.5543919205665588;-0.11390651762485504;0.44870150089263916;0.5509217381477356;0.18613511323928833;0.49612653255462646;0.5291752815246582;-0.08839257806539536;0.49662837386131287;0.5276815295219421;0.08853080868721008;0.48092567920684814;0.680281400680542;-0.05802251771092415;0.48000195622444153;0.6793392300605774;0.10849446803331375;0.376197612285614;0.421718955039978;0.0457680756226182;0.433577723801136;0.6668864637613297;-0.09600596129894257;0.4538619965314865;0.6388431936502457;0.15021635591983795;0.45539650321006775;0.8361264069875082;-0.01699049864934447;0.458046019077301;0.8303197026252747;0.15948352217674255
1.93;0.382622092962265;0.42330577969551086;0.06348997354507446;0.41060489416122437;0.44770100712776184;-0.10138013958930969;0.4208140969276428;0.4444664418697357;0.1728283315896988;0.4315728545188904;0.5416979193687439;-0.1247967928647995;0.4509434103965759;0.5353554487228394;0.18914839625358582;0.49569541215896606;0.5297642350196838;-0.09077393263578415;0.4968724250793457;0.5292057991027832;0.0908578634262085;0.4800603985786438;0.681383490562439;-0.060121845453977585;0.4810009002685547;0.6791632771492004;0.11867795884609222;0.37994439005851743;0.40585886836051943;0.040247274748981;0.437224343419075;0.6445955187082291;-0.1058262400329113;0.4544905945658684;0.6265104860067368;0.15161141380667686;0.4548501670360565;0.8349713683128357;-0.02969398070126772;0.458031823237737;0.8293873071670532;0.1637030392885208
1.97;0.38570693135261536;0.41029974818229675;0.037581540644168854;0.41313812136650085;0.43630048632621765;-0.11711940169334412;0.4225744903087616;0.43443018198013306;0.15812142193317413;0.4357808232307434;0.5320098996162415;-0.14452125132083893;0.44903188943862915;0.5267062783241272;0.18148085474967957;0.4950208365917206;0.5305454134941101;-0.0899994894862175;0.4965389668941498;0.5302115082740784;0.0901036262512207;0.4805431663990021;0.682605504989624;-0.06005131080746651;0.4821588695049286;0.679060697555542;0.11467394977807999;0.38385793566703796;0.39194582104682923;0.014098206229391508;0.442340612411499;0.6453005075454712;-0.1340528540313244;0.4527313560247421;0.6337729692459106;0.13919313624501228;0.45579824844996136;0.8341005643208822;-0.03314786901076635;0.4582393566767375;0.8276966214179993;0.16086268424987793
2.0;0.3901146948337555;0.3928764760494232;0.0421784333884716;0.41543540358543396;0.4219922423362732;-0.11917657405138016;0.426597535610199;0.4239017367362976;0.1693800985813141;0.43877407908439636;0.5136492252349854;-0.15478888154029846;0.4510226845741272;0.5145637392997742;0.19813106954097748;0.4936656951904297;0.5310056805610657;-0.09286084026098251;0.49642500281333923;0.530286967754364;0.09294987469911575;0.4805600941181183;0.6829368472099304;-0.07782065868377686;0.482780396938324;0.6786870360374451;0.11989985406398773;0.3891358613967896;0.3750362068414688;0.01834832071326673;0.44649093598127365;0.6259400397539139;-0.14961419627070427;0.45422088354825974;0.6193100810050964;0.15863725915551186;0.455803523461024;0.833382785320282;-0.06932520493865013;0.4581453700860341;0.825193723042806;0.15957672397295633
2.03;0.3938754200935364;0.3799220621585846;0.04149205610156059;0.4201018810272217;0.41155514121055603;-0.12108643352985382;0.4286613166332245;0.41792604327201843;0.16829745471477509;0.4429223835468292;0.5026224851608276;-0.1620466709136963;0.45120635628700256;0.5095015168190002;0.1974123865365982;0.49324947595596313;0.5309200882911682;-0.09223413467407227;0.4956384599208832;0.5307259559631348;0.0923275351524353;0.48080137372016907;0.6828009486198425;-0.08905789256095886;0.48282602429389954;0.6790307760238647;0.12307702004909515;0.3932886928319931;0.3633686572313309;0.018417543172836302;0.4490368664264679;0.608947291970253;-0.15893812850117683;0.455936461687088;0.6149967312812805;0.15026158839464188;0.4574081202348073;0.8337959249814352;-0.0797212968269984;0.458755224943161;0.8248562812805176;0.14567514757315317
2.07;0.39749976992607117;0.36641132831573486;0.032326530665159225;0.42403262853622437;0.4031132161617279;-0.129080668091774;0.4303373396396637;0.4091436564922333;0.16177605092525482;0.44660788774490356;0.4988635182380676;-0.16820146143436432;0.4514544606208801;0.5029329061508179;0.1871444433927536;0.4914563000202179;0.5311079621315002;-0.0924987718462944;0.494861900806427;0.530640184879303;0.09259375184774399;0.4806908369064331;0.6806636452674866;-0.10167939960956573;0.4824700355529785;0.6778841018676758;0.13238508999347687;0.39807496070861814;0.34897685050964355;0.009348553651943804;0.4505655765533447;0.6029230654239655;-0.1611083671450615;0.45596323907375336;0.6091198027133942;0.12989534251391888;0.4578469793001811;0.8341148296991984;-0.09895178924004237;0.45911004145940143;0.8235488533973694;0.1504022777080536
2.1;0.39870887994766235;0.35606786608695984;0.010972488671541214;0.4266442358493805;0.3930739760398865;-0.14330227673053741;0.4315429925918579;0.39717763662338257;0.1382361203432083;0.45024609565734863;0.4952760636806488;-0.18000923097133636;0.4536919593811035;0.4943828284740448;0.15788544714450836;0.49074703454971313;0.5308433771133423;-0.09203724563121796;0.493679940700531;0.5287023186683655;0.09213759750127792;0.47949719429016113;0.6788619756698608;-0.08956523984670639;0.4812507629394531;0.6747458577156067;0.136949822306633;0.39964595139026643;0.33779909610748293;-0.011487546074204148;0.4529205486178398;0.5997558981180191;-0.16962401941418648;0.45691247284412384;0.6047450006008148;0.09505918808281422;0.4577886462211609;0.8348790804545084;-0.08225720624128978;0.4590475956598918;0.8229404091835022;0.181137815117836
2.13;0.4029846787452698;0.3414229452610016;-0.016477061435580254;0.42904752492904663;0.3825540840625763;-0.16407929360866547;0.4321468770503998;0.3846730887889862;0.11791369318962097;0.45334309339523315;0.4877679944038391;-0.19717557728290558;0.45431506633758545;0.4835931956768036;0.1446838080883026;0.49015119671821594;0.5306960344314575;-0.09164927154779434;0.49217450618743896;0.5273130536079407;0.09178232401609421;0.4774809777736664;0.678822934627533;-0.06518690288066864;0.4797195792198181;0.6733655333518982;0.13527299463748932;0.4046078234910965;0.3223948299884796;-0.039773670956492424;0.455723837018013;0.5943647772073746;-0.19275929033756256;0.45562999695539474;0.5910226255655289;0.0800193976610899;0.457420289516449;0.8353408773740133;-0.03741828724741936;0.4588954250017802;0.8217908143997192;0.19326244294643402
2.17;0.40772756934165955;0.3307510018348694;-0.03725346922874451;0.43315863609313965;0.37265458703041077;-0.1821088194847107;0.4342244565486908;0.37567242980003357;0.09635335952043533;0.4569970667362213;0.4763118028640747;-0.21431313455104828;0.4570809602737427;0.47348421812057495;0.12358792126178741;0.48828473687171936;0.5304310917854309;-0.08764473348855972;0.4902477264404297;0.5265008211135864;0.08776967972517014;0.4751296639442444;0.6792329549789429;-0.04653928428888321;0.47827741503715515;0.6729505062103271;0.13171087205410004;0.4089497894048691;0.31178359091281893;-0.06122069163247943;0.45699287205934525;0.5874062925577164;-0.20760315284132957;0.455536387860775;0.5804407298564911;0.056919898837804794;0.4576753079891205;0.8357030153274536;-0.0019030698264638584;0.4597158432006836;0.8219626744588217;0.1946472773949305
2.2;0.41252923011779785;0.32077986001968384;-0.052416346967220306;0.437664657831192;0.3655502200126648;-0.19632790982723236;0.43778300285339355;0.36858102679252625;0.08532802015542984;0.46011415123939514;0.4711795747280121;-0.2294464111328125;0.4607509970664978;0.4651641547679901;0.11258988082408905;0.48698490858078003;0.5306516289710999;-0.08708486706018448;0.48900046944618225;0.526719331741333;0.08720657229423523;0.4734554588794708;0.6801958680152893;-0.05232672765851021;0.4770843982696533;0.6730409860610962;0.14580559730529785;0.4137039691209793;0.3023738652467728;-0.07678225934505463;0.45717550069093704;0.5891424268484116;-0.21843159943819046;0.4572647511959076;0.5719290226697922;0.049139656126499176;0.458267480134964;0.8364808360735575;-0.019715073596065242;0.4607860743999481;0.822341799736023;0.21557778616746268
2.23;0.4141528308391571;0.31452083587646484;-0.05257251858711243;0.44202175736427307;0.35771071910858154;-0.19593383371829987;0.439609557390213;0.36523574590682983;0.08892197906970978;0.46217089891433716;0.4610682725906372;-0.2296694666147232;0.45967745780944824;0.4602775275707245;0.11749929189682007;0.48582959175109863;0.5305957794189453;-0.0865948423743248;0.48563042283058167;0.5268693566322327;0.0867101177573204;0.4723584055900574;0.6801764965057373;-0.05188863351941109;0.47622016072273254;0.6730162501335144;0.1408195197582245;0.41681927144527436;0.2956649661064148;-0.07681217407807708;0.45727359503507614;0.5809099227190018;-0.2233850248157978;0.45685093849897385;0.5612534135580063;0.04820503853261471;0.4586246112982432;0.8374852339426676;-0.0166557946940884;0.4607841769854228;0.8217092355092367;0.20256745318571726
2.27;0.42181357741355896;0.3125365972518921;-0.05812716856598854;0.447619765996933;0.3517269790172577;-0.20272698998451233;0.44302821159362793;0.35892024636268616;0.08524785935878754;0.46568578481674194;0.45273807644844055;-0.235622838139534;0.45992767810821533;0.4503359794616699;0.12010157108306885;0.4854383170604706;0.5300619602203369;-0.08569935709238052;0.48176684975624084;0.5268746614456177;0.08579842746257782;0.47122570872306824;0.6801456809043884;-0.049085069447755814;0.4727611541748047;0.6715456247329712;0.13707593083381653;0.42316438257694244;0.2926548272371292;-0.08247100915759802;0.4568267911672592;0.5722505897283554;-0.22620586678385735;0.4563690423965454;0.547586977481842;0.05640839785337448;0.46146517992019653;0.8389929135640463;-0.010902834745744864;0.4612058699131012;0.8181281884511312;0.19474690655867258
2.3;0.4281335771083832;0.3094156086444855;-0.06637295335531235;0.45103418827056885;0.3496708273887634;-0.20802824199199677;0.4457825720310211;0.3591419756412506;0.08148231357336044;0.4683765172958374;0.4492563307285309;-0.24457308650016785;0.4597715437412262;0.45327791571617126;0.12603113055229187;0.48198020458221436;0.5312371253967285;-0.08556576818227768;0.47631415724754333;0.5288113355636597;0.08565018326044083;0.4702146053314209;0.6807630062103271;-0.052580803632736206;0.46845006942749023;0.6716127991676331;0.15135256946086884;0.42864462435245515;0.2898220032453537;-0.09068908654153347;0.4573242664337158;0.5677980035543442;-0.2588520795106888;0.44533055275678635;0.5406257808208466;0.06618175096809864;0.46281291047732037;0.8401483297348022;-0.020974121211717527;0.4607180158297221;0.816740353902181;0.2215120643377304
2.33;0.43343597650527954;0.3055360019207001;-0.06151927635073662;0.45509782433509827;0.34644415974617004;-0.20130911469459534;0.45135197043418884;0.3552805781364441;0.0822904035449028;0.47058579325675964;0.44810599088668823;-0.23607990145683289;0.4608784317970276;0.45269763469696045;0.12291630357503891;0.4803125560283661;0.5312975645065308;-0.08358408510684967;0.47680366039276123;0.5295049548149109;0.08364886045455933;0.46805307269096375;0.6801950335502625;-0.05032939836382866;0.4683507978916168;0.6716799139976501;0.12891998887062073;0.43351339399814603;0.2845528095960617;-0.08486984446644782;0.4580276161432266;0.5650866329669952;-0.2426990047097206;0.4463586360216141;0.5414900630712509;0.06751629430800676;0.46268970767656964;0.8400817712148031;-0.015806448956330616;0.46183300018310547;0.8176362713177999;0.17538331945737204
2.37;0.4343342185020447;0.30368342995643616;-0.0641181468963623;0.4592270851135254;0.34419918060302734;-0.20224320888519287;0.45499640703201294;0.35275059938430786;0.07706934213638306;0.47234606742858887;0.44819995760917664;-0.23132938146591187;0.46269118785858154;0.4517516791820526;0.11681286245584488;0.47907987236976624;0.5308848023414612;-0.0823323056101799;0.4745188057422638;0.529580295085907;0.0823594406247139;0.4679834544658661;0.6781375408172607;-0.05581771209836006;0.4661928713321686;0.6705008149147034;0.12923958897590637;0.43477044701576234;0.2836237221956253;-0.08741666730493307;0.45750749111175537;0.5603640079498291;-0.23106612265110016;0.44669681787490845;0.5392633527517319;0.06249075289815664;0.46371270219484967;0.8394473791122437;-0.03818622666100661;0.46139909823735553;0.8172890345255533;0.1787849316994349
2.4;0.4344191253185272;0.29942676424980164;-0.08270446211099625;0.46288660168647766;0.34378793835639954;-0.21753863990306854;0.4558565020561218;0.3518332839012146;0.061182569712400436;0.4731273055076599;0.45028170943260193;-0.2440875619649887;0.46326711773872375;0.45257169008255005;0.10215959697961807;0.4778728485107422;0.5309754014015198;-0.08195070922374725;0.470846563577652;0.5298330187797546;0.08196275681257248;0.46749749779701233;0.6778068542480469;-0.05690520629286766;0.46513381600379944;0.6696487069129944;0.15006886422634125;0.4361119747161865;0.27985850274562835;-0.10695491284132004;0.4570953771471977;0.5608416795730591;-0.24396924674510956;0.44717398285865784;0.5439823418855667;0.04840316530317068;0.4641003410021464;0.8391391436258951;-0.04866318839291731;0.4614519973595937;0.8147024909655253;0.22704208393891653
2.43;0.43702322244644165;0.2984100580215454;-0.087232805788517;0.46492648124694824;0.34580105543136597;-0.22239179909229279;0.45775383710861206;0.35267624258995056;0.058183640241622925;0.4732576012611389;0.4518599510192871;-0.24733294546604156;0.4630999267101288;0.4533776640892029;0.10122581571340561;0.4763667583465576;0.5314783453941345;-0.0820428729057312;0.4696093201637268;0.5305020809173584;0.08204836398363113;0.46671995520591736;0.6778436899185181;-0.056305885314941406;0.46457356214523315;0.6689037084579468;0.16415922343730927;0.4393400907516479;0.2789165019989014;-0.11176026947796344;0.4556422829627991;0.5607939064502716;-0.2482842579483986;0.44670531153678894;0.5387333482503891;0.044953116681426764;0.46419407924016315;0.8395428856213888;-0.045782130832473435;0.46146461367607117;0.8136314153671265;0.2535560925801595
2.47;0.43868550658226013;0.2983208894729614;-0.09622442722320557;0.46723872423171997;0.34680813550949097;-0.22912417352199554;0.4582853615283966;0.35312166810035706;0.048473551869392395;0.47419142723083496;0.4531272053718567;-0.257079154253006;0.46261245012283325;0.45326459407806396;0.09062984585762024;0.47579994797706604;0.5319569706916809;-0.08181194961071014;0.4680340588092804;0.5308974981307983;0.08180876821279526;0.46624186635017395;0.6775088906288147;-0.05823440104722977;0.4646887183189392;0.6674817800521851;0.1707628071308136;0.44146484434604644;0.2785386353731155;-0.1207883644849062;0.45326855033636093;0.561829999089241;-0.26056094467639923;0.4459776282310486;0.5358012169599533;0.03274068748578429;0.4642862180868785;0.8397195339202881;-0.054802555590867996;0.4619879325230916;0.8103024562199911;0.2620968421300252
2.5;0.4401930272579193;0.29877325892448425;-0.08626464009284973;0.4688818156719208;0.34774044156074524;-0.21913424134254456;0.45961034297943115;0.3533320724964142;0.05105817690491676;0.4735247492790222;0.45479071140289307;-0.24501535296440125;0.4622730612754822;0.45363110303878784;0.08859612047672272;0.47550636529922485;0.5328804850578308;-0.07916008681058884;0.46783652901649475;0.5326371192932129;0.07913081347942352;0.46619340777397156;0.6775398850440979;-0.05826748162508011;0.4648998975753784;0.6686859130859375;0.14669692516326904;0.44317551553249357;0.2788622945547104;-0.11015426330268382;0.45106955617666245;0.5628767609596252;-0.24660269170999527;0.44601009786129;0.5402271300554276;0.033970016054809093;0.4642316699028015;0.8392594854036967;-0.04960625059902668;0.4621927539507548;0.8112853169441223;0.21460398038228354
2.53;0.4417256712913513;0.2968921661376953;-0.09136173874139786;0.4708355665206909;0.3483501076698303;-0.22094275057315826;0.46036115288734436;0.3532774746417999;0.04238572344183922;0.47238701581954956;0.45616546273231506;-0.24456095695495605;0.4620785713195801;0.45395627617836;0.07776537537574768;0.47521278262138367;0.5329234004020691;-0.07801568508148193;0.46687304973602295;0.5329194068908691;0.07798711955547333;0.4657277464866638;0.6775680184364319;-0.06485654413700104;0.46491381525993347;0.6689879894256592;0.14427998661994934;0.44471615850925444;0.27615287005901334;-0.11514931358397007;0.44931524991989136;0.5633570402860641;-0.24301699921488762;0.446225181221962;0.543816551566124;0.027278210734948516;0.46394358078638714;0.8383152484893799;-0.06391733263929684;0.4623591403166453;0.8108464082082113;0.21395951509475708
2.57;0.44312921166419983;0.2954581379890442;-0.09531796723604202;0.4720709025859833;0.34989842772483826;-0.22306522727012634;0.4614911377429962;0.35355493426322937;0.03784530237317085;0.4716269075870514;0.45705491304397583;-0.24554237723350525;0.4620375335216522;0.45241039991378784;0.07288111746311188;0.4744216203689575;0.5335888266563416;-0.07786326110363007;0.4658154547214508;0.5334928631782532;0.07783256471157074;0.46515384316444397;0.6776569485664368;-0.06927770376205444;0.4641651213169098;0.6692861318588257;0.13876618444919586;0.4467171937227249;0.27449130117893217;-0.11972474604845047;0.448538601398468;0.560125082731247;-0.24069226905703545;0.44637998193502426;0.5408408343791962;0.02239455166272819;0.46393052736918133;0.8376114765803019;-0.06827748070160548;0.4625747899214427;0.8104184865951538;0.20325729250907898
2.6;0.44473013281822205;0.29579487442970276;-0.09087134897708893;0.4731621742248535;0.350056529045105;-0.21962957084178925;0.4638109505176544;0.35282060503959656;0.03980463743209839;0.47120410203933716;0.45750176906585693;-0.24295592308044434;0.4619002342224121;0.45165127515792847;0.07456214725971222;0.4733653664588928;0.5334444046020508;-0.07697883993387222;0.4652053117752075;0.5334517359733582;0.07694385945796967;0.4649225175380707;0.677029013633728;-0.07011286169290543;0.4640289545059204;0.6692594289779663;0.1360059529542923;0.4485639274120331;0.274852979183197;-0.11504347696900367;0.44781623035669327;0.5600486397743225;-0.2337624542415142;0.4464022219181061;0.5408737510442734;0.02564923046156764;0.46378063162167865;0.8370302319526672;-0.07152604311704636;0.46176215012868244;0.8103633125623068;0.19990240534146628
2.63;0.4464123249053955;0.29558902978897095;-0.09949451684951782;0.4747023582458496;0.3496015667915344;-0.22878497838974;0.4654809534549713;0.3518191874027252;0.03661790117621422;0.470900297164917;0.4578612744808197;-0.24794653058052063;0.46136853098869324;0.4496076703071594;0.07401380687952042;0.47193458676338196;0.5337840914726257;-0.07742540538311005;0.46444666385650635;0.5334315896034241;0.0774058848619461;0.4645821452140808;0.6771538853645325;-0.058993831276893616;0.46420425176620483;0.669477105140686;0.14458826184272766;0.4500168561935425;0.27461358308792116;-0.1245643850415945;0.4463459700345993;0.5611603409051895;-0.2335527129471302;0.44523607194423676;0.5364793390035629;0.023747724713757634;0.4637367824713389;0.8368792732556661;-0.04390022965768973;0.46157973011334735;0.8098961114883423;0.22669931749502817
2.67;0.44732028245925903;0.29493770003318787;-0.09701988101005554;0.47574150562286377;0.34831950068473816;-0.22753499448299408;0.4666633605957031;0.3511873185634613;0.03998611867427826;0.47072699666023254;0.4580923020839691;-0.24746307730674744;0.4600476920604706;0.4468379616737366;0.07895778119564056;0.4710187613964081;0.5343275666236877;-0.07767757028341293;0.4645666480064392;0.5336138606071472;0.07765305787324905;0.4642726480960846;0.6777647733688354;-0.052636194974184036;0.46415552496910095;0.669803261756897;0.14457090198993683;0.45095195174217223;0.27415415942668914;-0.12195619158446788;0.4446668326854706;0.5617419928312302;-0.23428712040185928;0.4353195130825043;0.5284700393676758;0.027502399869263172;0.4636480708916982;0.837535043557485;-0.03244136522213618;0.46118831634521484;0.8102432489395142;0.22463678320248923
2.7;0.4479442536830902;0.29412174224853516;-0.09904745221138;0.4767012298107147;0.3477988541126251;-0.2290845364332199;0.4670393168926239;0.35079458355903625;0.03777629882097244;0.4706081748008728;0.4584020674228668;-0.24814960360527039;0.4597723186016083;0.4464860260486603;0.0779687687754631;0.47052887082099915;0.5343900918960571;-0.07783981412649155;0.46394193172454834;0.5336157083511353;0.07781101018190384;0.4639662206172943;0.6781263947486877;-0.04987752065062523;0.4640294909477234;0.670174777507782;0.14643652737140656;0.45152396261692046;0.27335205078125;-0.12413043715059757;0.44320744276046753;0.5621530264616013;-0.23494410887360573;0.43577197939157486;0.5259405076503754;0.027514159679412842;0.46323783198992413;0.8386018474896749;-0.02976861037313938;0.4608190357685089;0.8107825915018717;0.23169792195161185
2.73;0.4479372203350067;0.2934003472328186;-0.10369812697172165;0.47709640860557556;0.34816816449165344;-0.2322586178779602;0.46671757102012634;0.3511884808540344;0.03442646563053131;0.47051453590393066;0.45845669507980347;-0.25146275758743286;0.45880311727523804;0.44685009121894836;0.07652706652879715;0.4700884521007538;0.5343320965766907;-0.07793239504098892;0.4626270830631256;0.5335997939109802;0.07789744436740875;0.46392613649368286;0.677708625793457;-0.048991233110427856;0.4634862244129181;0.6702113747596741;0.14779362082481384;0.45185889303684235;0.27291475534439086;-0.12877971567213536;0.44272350519895554;0.5626612305641174;-0.23913604021072388;0.4326125457882881;0.5248801410198212;0.02552438131533563;0.4631599485874176;0.8383725086847941;-0.028411274775862694;0.460764875014623;0.8108935157457987;0.23320353031158447
2.77;0.4481376111507416;0.29319989681243896;-0.10680949687957764;0.4767487943172455;0.3483206629753113;-0.23424047231674194;0.46654510498046875;0.3512725830078125;0.0311889685690403;0.47046664357185364;0.4588675796985626;-0.2525756061077118;0.4585101902484894;0.4472050368785858;0.07273527979850769;0.46967998147010803;0.5340492129325867;-0.07796323299407959;0.4620477557182312;0.5333675146102905;0.07792232930660248;0.4640185534954071;0.677489161491394;-0.046972278505563736;0.46323269605636597;0.6702573299407959;0.15003812313079834;0.4523739546537399;0.27279941737651825;-0.13183780908584594;0.4424961656332016;0.5628548264503479;-0.23884229362010956;0.43425334244966507;0.5258782058954239;0.023004219634458423;0.46318437655766803;0.8384199738502502;-0.025898545534194756;0.4609114130338033;0.8107542395591736;0.23825477063655853
2.8;0.44818219542503357;0.2936132848262787;-0.10208503156900406;0.47655555605888367;0.3485911786556244;-0.23101907968521118;0.46661198139190674;0.3515399098396301;0.035185299813747406;0.4704064428806305;0.4590449631214142;-0.25017908215522766;0.45851999521255493;0.44750741124153137;0.07344511896371841;0.4696366786956787;0.534040093421936;-0.07801569998264313;0.461775541305542;0.5334141850471497;0.077977754175663;0.46408653259277344;0.6777688264846802;-0.046894390136003494;0.4625946581363678;0.6714302897453308;0.14755813777446747;0.45238410532474516;0.27315363883972166;-0.12676433026790618;0.44251788407564163;0.563108965754509;-0.22813335061073303;0.4350115731358528;0.5247551500797272;0.026325897546485066;0.46319084366162616;0.8389840523401896;-0.024646559548273217;0.4609316289424896;0.8116639852523804;0.23564695318539938
2.83;0.4481239318847656;0.2939867079257965;-0.09599105268716812;0.476298987865448;0.3486194908618927;-0.22559058666229248;0.4664016664028168;0.3517023026943207;0.040986012667417526;0.47020745277404785;0.45915526151657104;-0.23835816979408264;0.4582168757915497;0.44704025983810425;0.08190927654504776;0.46936607360839844;0.5340484976768494;-0.07806175202131271;0.46174460649490356;0.5334314107894897;0.07802281528711319;0.4640995264053345;0.6778594255447388;-0.04785037785768509;0.4624857008457184;0.6721894145011902;0.14737197756767273;0.4523046761751175;0.2734964907169342;-0.12131864801049233;0.44258929789066315;0.5625024437904358;-0.21108339354395866;0.4326260983943939;0.5186816304922104;0.03338613733649254;0.46303869287172955;0.8395380973815918;-0.02812608874713381;0.4608765145142873;0.8124441107114156;0.2318523277839025
2.87;0.4479830265045166;0.2942202389240265;-0.08247774839401245;0.476010262966156;0.34880462288856506;-0.214071124792099;0.4661470353603363;0.35177451372146606;0.05277976393699646;0.4700019657611847;0.45921555161476135;-0.22481615841388702;0.4578455686569214;0.4469761252403259;0.09079829603433609;0.4692903161048889;0.5347289443016052;-0.07809988409280777;0.4618411958217621;0.5342637896537781;0.078061543405056;0.4641624987125397;0.6791315078735352;-0.04812439903616905;0.46223151683807373;0.6737209558486938;0.14425203204154968;0.45218772292137144;0.27367809116840364;-0.10753465928137303;0.4426804780960083;0.5610908269882202;-0.19511890783905983;0.4321623668074608;0.5138272643089294;0.039457285311073065;0.462941308816274;0.840468684832255;-0.02928999811410904;0.46101614832878113;0.8141728043556213;0.22616977989673615
2.9;0.44795262813568115;0.29440224170684814;-0.07969942688941956;0.4758044183254242;0.3489295244216919;-0.21137775480747223;0.465978741645813;0.3519139289855957;0.05517330765724182;0.4695146381855011;0.4592626690864563;-0.2212241142988205;0.4575554430484772;0.44605931639671326;0.09280480444431305;0.4692402184009552;0.5348910689353943;-0.07813364267349243;0.46197062730789185;0.5345052480697632;0.07809489965438843;0.46420830488204956;0.6796843409538269;-0.048661790788173676;0.4621465504169464;0.6743452548980713;0.1422545611858368;0.4521845430135727;0.273850554227829;-0.10479357242584228;0.4427592381834984;0.5594201236963272;-0.18918049708008766;0.4329199716448784;0.5063910782337189;0.04122362146154046;0.4628925422827403;0.8408894141515096;-0.030337092156211536;0.4611143072446187;0.814854641755422;0.22086026271184286
2.93;0.44788435101509094;0.2945105731487274;-0.07686594128608704;0.47557979822158813;0.34897634387016296;-0.20912481844425201;0.46583232283592224;0.3519890010356903;0.05765694007277489;0.46911436319351196;0.459321528673172;-0.21856868267059326;0.45735493302345276;0.4458044171333313;0.09465485066175461;0.4691881835460663;0.5349702835083008;-0.07816870510578156;0.4620282053947449;0.5346604585647583;0.07812865078449249;0.4642179012298584;0.6799272894859314;-0.048795025795698166;0.4618745446205139;0.6746869683265686;0.14063897728919983;0.452114126086235;0.2739529967308044;-0.10188622623682023;0.4427602291107178;0.5577877461910248;-0.18566469848155975;0.4333527386188507;0.5056232362985611;0.04245930863544345;0.46279560526212055;0.8412091334660848;-0.032413601564864315;0.46121153235435486;0.8155951499938965;0.21707425018151602
2.97;0.44784513115882874;0.29462337493896484;-0.07478081434965134;0.47542479634284973;0.3494182527065277;-0.20741455256938934;0.465748131275177;0.35213378071784973;0.05949956551194191;0.4687209725379944;0.4593454599380493;-0.2162136733531952;0.45706573128700256;0.44540145993232727;0.096245676279068;0.46907609701156616;0.5351638793945312;-0.07824677973985672;0.46194174885749817;0.5348284244537354;0.07820502668619156;0.46423402428627014;0.680203378200531;-0.048906631767749786;0.46164169907569885;0.6750032901763916;0.14047791063785553;0.4520699977874756;0.2740598887205124;-0.09984134286642074;0.44276075065135956;0.5566311180591583;-0.18205317854881287;0.43365074694156647;0.5033119022846222;0.04333366733044386;0.4626901646455129;0.8413286010424296;-0.034455436281859875;0.46123356620470685;0.8157691558202108;0.21706150472164154
3.0;0.44777870178222656;0.2947081923484802;-0.0768890529870987;0.4753114879131317;0.35022464394569397;-0.20915517210960388;0.4657250940799713;0.3524341881275177;0.05790352821350098;0.46836039423942566;0.45957639813423157;-0.2190731316804886;0.4562476873397827;0.44520947337150574;0.09541703015565872;0.469028502702713;0.5353024005889893;-0.07831468433141708;0.46169301867485046;0.5349653363227844;0.07827018946409225;0.46425214409828186;0.6802806854248047;-0.04915861785411835;0.46138420701026917;0.6751733422279358;0.14045441150665283;0.4520250618457794;0.27413341104984285;-0.1019177969545126;0.44276002794504166;0.5568655580282211;-0.18747250735759735;0.43376126885414124;0.5035688877105713;0.04296473506838083;0.46266672015190125;0.8415094216664633;-0.03400840082516273;0.4611899256706238;0.8159946203231812;0.21726091702779135
3.03;0.4477168619632721;0.2947733700275421;-0.0753946453332901;0.47522199153900146;0.35098177194595337;-0.2069971263408661;0.46545568108558655;0.3529168367385864;0.05798054113984108;0.46793654561042786;0.459915429353714;-0.21722804009914398;0.4548780024051666;0.445288747549057;0.09521548449993134;0.4690655767917633;0.5353174805641174;-0.07821165025234222;0.46122536063194275;0.5350531935691833;0.0781649723649025;0.46467000246047974;0.6802337765693665;-0.048596519976854324;0.461198091506958;0.6753844618797302;0.13522115349769592;0.45193484127521516;0.27419101893901826;-0.1001262228935957;0.44278711825609207;0.556982696056366;-0.1863894946873188;0.4339841231703758;0.5022941008210182;0.04280280089005828;0.46272900700569153;0.8418601751327515;-0.03054092436408003;0.46117520332336426;0.8170826236406962;0.20618545512358347
3.07;0.4476635754108429;0.29482364654541016;-0.07595460116863251;0.4751557409763336;0.3512251675128937;-0.20680183172225952;0.4652044475078583;0.35317426919937134;0.057251401245594025;0.46770772337913513;0.4599323868751526;-0.21829307079315186;0.4541553258895874;0.44535914063453674;0.09473105520009995;0.4690799117088318;0.5352358222007751;-0.07803894579410553;0.4609253406524658;0.5350496172904968;0.07798858731985092;0.4652169644832611;0.6800588965415955;-0.04761875420808792;0.46106722950935364;0.675519585609436;0.13132305443286896;0.4518574059009552;0.2742113500833511;-0.10051512196660042;0.442805640399456;0.5571937561035156;-0.19004368782043457;0.4331827387213707;0.5041824579238892;0.042452842462807894;0.46284018953641254;0.8421282370885214;-0.02699815497423212;0.4611495037873586;0.8180084824562073;0.19982639451821646
3.1;0.4476383924484253;0.29485946893692017;-0.07660003751516342;0.4751051664352417;0.3516724705696106;-0.206905797123909;0.46489661931991577;0.35358697175979614;0.05683358386158943;0.46744710206985474;0.46030253171920776;-0.21866366267204285;0.45356231927871704;0.44558724761009216;0.09469505399465561;0.46910837292671204;0.5352330803871155;-0.07773971557617188;0.4607731103897095;0.535103976726532;0.0776839405298233;0.46567538380622864;0.6800554990768433;-0.0459311380982399;0.4610266387462616;0.6759856343269348;0.1288279891014099;0.45182973742485044;0.274240517616272;-0.10103644169867039;0.44282909482717514;0.5577957183122635;-0.19153409078717232;0.4329443648457527;0.5048137456178665;0.04219225933775306;0.4629727403322856;0.8422773480415344;-0.02282565284986049;0.46124811967213947;0.8185539444287618;0.19661163787047067
3.13;0.44754353165626526;0.29492273926734924;-0.07601004093885422;0.4750812351703644;0.351949006319046;-0.2057962268590927;0.4644586145877838;0.3539973795413971;0.056848201900720596;0.4673798978328705;0.4603710174560547;-0.21839021146297455;0.45311596989631653;0.4461176097393036;0.09437837451696396;0.4691297709941864;0.5351913571357727;-0.07756446301937103;0.4607381522655487;0.5351319909095764;0.07750692218542099;0.4660146236419678;0.6800259351730347;-0.046107832342386246;0.4610079228878021;0.6762775778770447;0.1271241456270218;0.45166611671447754;0.27428563833236697;-0.10020898692309857;0.44285107403993607;0.5580790340900421;-0.19249821454286575;0.43093665689229965;0.5072712898254395;0.042552085127681494;0.463075985511144;0.8423749208450317;-0.02407852378867877;0.46122194329897565;0.8192550937334696;0.19303346673647562
3.17;0.44725868105888367;0.29500022530555725;-0.07504039257764816;0.4749073386192322;0.3522973358631134;-0.20421375334262848;0.4639064371585846;0.3544848561286926;0.057235345244407654;0.467340886592865;0.4603848159313202;-0.21745507419109344;0.45297956466674805;0.4465938210487366;0.09416954219341278;0.469142884016037;0.5351775288581848;-0.0773652195930481;0.46065783500671387;0.5351927280426025;0.07730666548013687;0.46624791622161865;0.6799885034561157;-0.046142347157001495;0.4609806537628174;0.6765569448471069;0.12589937448501587;0.4512530446052551;0.2743601828813553;-0.09897604584693909;0.4428606331348419;0.5581670850515366;-0.19242089241743088;0.4304569587111473;0.5107523947954178;0.042649874929338694;0.4631500840187073;0.8424486915270487;-0.024310986928564187;0.4612702925999959;0.8201326727867126;0.18965530892213187
3.2;0.44704633951187134;0.29502376914024353;-0.07527855783700943;0.47459426522254944;0.35247674584388733;-0.20456551015377045;0.46362125873565674;0.3547396659851074;0.05715227499604225;0.46723225712776184;0.46039339900016785;-0.21776172518730164;0.4528702199459076;0.44695815443992615;0.09401498734951019;0.4691448211669922;0.5351697206497192;-0.07728978991508484;0.46064242720603943;0.5353085398674011;0.07723043859004974;0.4664960503578186;0.6799598336219788;-0.04636695981025696;0.46098101139068604;0.6767932772636414;0.12660051882266998;0.45098558366298674;0.2743846833705902;-0.09922396056354046;0.4428728073835373;0.5585665702819824;-0.19278845563530922;0.4302341192960739;0.511949822306633;0.042771194130182266;0.4632107416788737;0.842587947845459;-0.025078565735990804;0.46122118830680847;0.8207618395487467;0.19207483530044556
3.23;0.44692927598953247;0.2952849566936493;-0.07209762930870056;0.4742898643016815;0.3525945246219635;-0.20251873135566711;0.46353042125701904;0.3549882471561432;0.0598749965429306;0.4671243131160736;0.4604089558124542;-0.21631312370300293;0.4528235197067261;0.44704678654670715;0.09635089337825775;0.4691498279571533;0.5352014899253845;-0.07724682986736298;0.46065935492515564;0.5355637073516846;0.07718857377767563;0.46668753027915955;0.6799651384353638;-0.04650037735700607;0.46098798513412476;0.6770530343055725;0.12629736959934235;0.4506630480289459;0.2745810806751251;-0.09595582578331233;0.4428771585226059;0.559221938252449;-0.19150077551603317;0.4298595190048218;0.5120237618684769;0.04561091400682926;0.4632590015729268;0.8427535891532898;-0.025572034840782482;0.4612000187238057;0.8213103214899699;0.19134757419427237
3.27;0.4467274248600006;0.2954918444156647;-0.07153865694999695;0.47395214438438416;0.352697491645813;-0.2022184133529663;0.46341150999069214;0.35517022013664246;0.06033831834793091;0.4670129120349884;0.4604278802871704;-0.21603065729141235;0.4525804817676544;0.4470581114292145;0.09695903211832047;0.4690965712070465;0.5353696346282959;-0.07722654938697815;0.46064868569374084;0.5360437631607056;0.07716818898916245;0.4667463004589081;0.6800716519355774;-0.04524841532111168;0.4609946012496948;0.6773995757102966;0.12598830461502075;0.45027477741241456;0.2747306525707245;-0.09542100206017494;0.44288408756256104;0.5599745064973831;-0.19160160049796104;0.42998869717121124;0.5120401978492737;0.04687261860817671;0.4632798135280609;0.8428470492362976;-0.021993413373517495;0.46115976572036743;0.821678102016449;0.19164573649565378
3.3;0.4464227855205536;0.2957818806171417;-0.07222093641757965;0.47363173961639404;0.3531287610530853;-0.20273147523403168;0.4631287157535553;0.35542482137680054;0.059924378991127014;0.466797411441803;0.46071577072143555;-0.21653737127780914;0.4522680640220642;0.4470507502555847;0.09675034880638123;0.4690536856651306;0.5353833436965942;-0.07718737423419952;0.46064314246177673;0.536106526851654;0.0771278515458107;0.4667689800262451;0.6800719499588013;-0.04427362233400345;0.4610036015510559;0.6774184703826904;0.12571223080158234;0.4497971564531326;0.2749443292617798;-0.096171966008842;0.44288918375968933;0.5610544085502625;-0.19297856464982033;0.43073901534080505;0.5104216635227203;0.047457282431423664;0.463289479414622;0.8428444067637125;-0.019881440792232752;0.4611285825570424;0.8216422994931539;0.1919255256652832
3.33;0.4461398720741272;0.29600048065185547;-0.07261469960212708;0.4733961820602417;0.35365620255470276;-0.2031310349702835;0.46286165714263916;0.35566747188568115;0.05965316668152809;0.46669748425483704;0.46116065979003906;-0.21677502989768982;0.45220351219177246;0.447049617767334;0.096923828125;0.4690417945384979;0.5354799032211304;-0.07715142518281937;0.4606156349182129;0.5362356305122375;0.07709106057882309;0.46678289771080017;0.6800981163978577;-0.0434681698679924;0.4609948694705963;0.6774513125419617;0.1262710690498352;0.44944720566272733;0.2751637190580368;-0.0966399298980832;0.4428902119398117;0.5618765652179718;-0.19389202818274498;0.43164896219968796;0.5080309212207794;0.047893411479890347;0.46330054601033527;0.8428271214167277;-0.018737056913475197;0.46104860305786133;0.8216011921564738;0.1926863044500351
3.37;0.4458153247833252;0.29628831148147583;-0.07326363027095795;0.47330713272094727;0.35412654280662537;-0.2031952142715454;0.46253374218940735;0.35604509711265564;0.05902928113937378;0.46660542488098145;0.4613235294818878;-0.21702858805656433;0.4521433711051941;0.44710424542427063;0.09684531390666962;0.46903476119041443;0.5355931520462036;-0.07707037776708603;0.4605076313018799;0.5363768935203552;0.0770084336400032;0.4667939245700836;0.680121660232544;-0.04311724007129669;0.4609343111515045;0.6774752736091614;0.12661239504814148;0.4491063207387924;0.27545621395111086;-0.0971138559281826;0.4428885281085968;0.5623700171709061;-0.1952691748738289;0.43075183779001236;0.5075951814651489;0.04749707039445639;0.46331626176834106;0.8427638014157613;-0.018615584820508957;0.46097732583681744;0.8215486407279968;0.194740891456604
3.4;0.44564005732536316;0.2964639663696289;-0.07339255511760712;0.4732377529144287;0.3542800545692444;-0.20343996584415436;0.46240344643592834;0.3561556041240692;0.058921102434396744;0.4665200114250183;0.46136048436164856;-0.21724221110343933;0.4521726071834564;0.4471108019351959;0.09676608443260193;0.4690112769603729;0.5356078743934631;-0.07700882107019424;0.4604775011539459;0.5364018082618713;0.07694577425718307;0.46681928634643555;0.6801501512527466;-0.04293104261159897;0.4609262943267822;0.6775389909744263;0.1264997273683548;0.4489203155040741;0.2756182014942169;-0.09729087483137847;0.442885659635067;0.5623770654201508;-0.19526801630854607;0.4295043274760246;0.5090861022472382;0.0472318846732378;0.46332038442293805;0.8427233695983887;-0.018245939010133345;0.46096962690353394;0.8215167919794718;0.1939018815755844
3.43;0.44553083181381226;0.29661640524864197;-0.07346475124359131;0.4731557369232178;0.3543468415737152;-0.20354177057743073;0.4623399078845978;0.3561818301677704;0.05862164497375488;0.46646788716316223;0.46138623356819153;-0.21740491688251495;0.4522039592266083;0.4470573663711548;0.09667396545410156;0.4689919054508209;0.535610020160675;-0.07698701322078705;0.46046996116638184;0.5364061594009399;0.07692352682352066;0.4668393135070801;0.6801585555076599;-0.043093904852867126;0.46090421080589294;0.6775561571121216;0.1265999674797058;0.4488066822290421;0.2757318735122681;-0.09736336581408978;0.4428878203034401;0.5623559951782227;-0.19519058987498283;0.43131865561008453;0.5085433423519135;0.04705093614757061;0.46332216262817383;0.8426738977432251;-0.01894810702651739;0.4609530071417491;0.821450432141622;0.19416039685408273
3.47;0.44542375206947327;0.29668110609054565;-0.07545643299818039;0.4731042981147766;0.3544572591781616;-0.20454080402851105;0.46228092908859253;0.3562201261520386;0.05667237192392349;0.46642306447029114;0.46146684885025024;-0.21778203547000885;0.45229336619377136;0.44705930352211;0.09505382925271988;0.46895942091941833;0.5356212258338928;-0.07690669596195221;0.46042826771736145;0.5364148020744324;0.07684125006198883;0.4668608009815216;0.6801769137382507;-0.04276454076170921;0.4608812630176544;0.6775670647621155;0.12700115144252777;0.44871669411659243;0.27578104436397555;-0.09938906319439411;0.4428865984082222;0.5624670535326004;-0.1953621618449688;0.43106871098279953;0.508743554353714;0.04635603167116642;0.4633287787437439;0.8426293532053629;-0.018646268484493096;0.46092695991198224;0.8213101824124655;0.1962376832962036
3.5;0.44537433981895447;0.29673078656196594;-0.07616754621267319;0.4730878472328186;0.35449472069740295;-0.20491960644721985;0.4622657299041748;0.3562277555465698;0.055868975818157196;0.4663902819156647;0.46150749921798706;-0.21788062155246735;0.45239779353141785;0.4470077157020569;0.09424887597560883;0.4689483940601349;0.5356074571609497;-0.0768282487988472;0.46041563153266907;0.5363906621932983;0.07676193118095398;0.4668956398963928;0.680164098739624;-0.042787544429302216;0.4608772099018097;0.6775513887405396;0.1271791160106659;0.4486717790365219;0.27582399249076844;-0.10015615336596966;0.44288603216409683;0.5624974966049194;-0.1953422985970974;0.43339191377162933;0.5082787275314331;0.045845698565244675;0.46332797408103943;0.842569629351298;-0.01891346989820401;0.4609099328517914;0.8211493094762167;0.19633571803569794
3.53;0.44534799456596375;0.29677578806877136;-0.07771500945091248;0.4730852544307709;0.35458269715309143;-0.20576995611190796;0.4622255265712738;0.35629764199256897;0.05427610129117966;0.46637195348739624;0.46161967515945435;-0.21915097534656525;0.4524170458316803;0.4470992088317871;0.09287331998348236;0.46894288063049316;0.53557950258255;-0.07668287307024002;0.4604008197784424;0.536382794380188;0.07661452144384384;0.4669171869754791;0.6800987124443054;-0.04238592088222504;0.4608839154243469;0.6775492429733276;0.12631985545158386;0.44865034222602845;0.2758880972862244;-0.10165398195385933;0.44287193566560745;0.5630152076482773;-0.19753649830818176;0.43246613442897797;0.5095903128385544;0.045022379606962204;0.4633549352486928;0.8423538406689962;-0.017660807197292645;0.4609525005022685;0.8209418058395386;0.19355305035909018
3.57;0.44529861211776733;0.2967824339866638;-0.08178035169839859;0.47308748960494995;0.35461482405662537;-0.2093026340007782;0.4622116684913635;0.3563064932823181;0.05116790533065796;0.4663163721561432;0.4618009030818939;-0.22220666706562042;0.4524517357349396;0.44716915488243103;0.09016583114862442;0.468938410282135;0.5355653166770935;-0.07665366679430008;0.46034830808639526;0.5363643765449524;0.076583132147789;0.46697670221328735;0.6800757050514221;-0.04116765037178993;0.46088871359825134;0.6775419116020203;0.12635429203510284;0.4486262917518616;0.2758945494890213;-0.10587269552052021;0.44283267110586166;0.563675194978714;-0.19972822070121765;0.43172429502010345;0.5104373395442963;0.04275785572826862;0.46340275804201764;0.8422165513038635;-0.014162012686332067;0.4609712262948354;0.8205950260162354;0.1946563571691513
3.6;0.44527822732925415;0.2967700958251953;-0.08390501886606216;0.47315192222595215;0.3546026349067688;-0.21133287250995636;0.46221885085105896;0.3563052713871002;0.049394991248846054;0.466311514377594;0.4618206322193146;-0.22450628876686096;0.4525992274284363;0.44720083475112915;0.08848472684621811;0.4689379334449768;0.5355161428451538;-0.07663428783416748;0.4603368639945984;0.5363232493400574;0.0765623226761818;0.467033326625824;0.6800097823143005;-0.0404401458799839;0.4608956575393677;0.6775227189064026;0.1266295164823532;0.4486217737197876;0.2758812099695206;-0.10805165655910969;0.442814439535141;0.5640887469053268;-0.20222264155745506;0.42946673929691315;0.5119817554950714;0.0412095095962286;0.4634353220462799;0.8420436779657999;-0.012214691999057928;0.4609834849834442;0.8203018307685852;0.19611326853434244
3.63;0.44527244567871094;0.29672950506210327;-0.083493672311306;0.47321322560310364;0.3545166552066803;-0.21130810678005219;0.4623335301876068;0.35626575350761414;0.04966776445508003;0.4663067162036896;0.4618305563926697;-0.22448350489139557;0.45297932624816895;0.44720423221588135;0.08857784420251846;0.46893563866615295;0.5354742407798767;-0.07662148028612137;0.46034467220306396;0.5362839102745056;0.07654877752065659;0.4670347571372986;0.6799530386924744;-0.03948136046528816;0.4609161913394928;0.6774970293045044;0.12676653265953064;0.44862346947193144;0.27583864629268645;-0.10766761898994445;0.4428015649318695;0.5641559660434723;-0.20170170813798904;0.4289323762059212;0.5124874413013458;0.040980427991598845;0.4634396433830261;0.841912031173706;-0.009992181013027826;0.4610092143217723;0.8201726675033569;0.19615261256694794
3.67;0.44527754187583923;0.2967044413089752;-0.08307871967554092;0.47323620319366455;0.3544723391532898;-0.21119679510593414;0.46256741881370544;0.3562229871749878;0.04992610961198807;0.46628883481025696;0.46185562014579773;-0.22427153587341309;0.45342937111854553;0.44718819856643677;0.08848437666893005;0.468929260969162;0.5354340672492981;-0.0766180083155632;0.460400253534317;0.5362094640731812;0.0765448808670044;0.46699291467666626;0.6799427270889282;-0.038216594606637955;0.4609891474246979;0.677453339099884;0.1262473464012146;0.44867274165153503;0.2757918030023575;-0.10728944353759289;0.44278715550899506;0.56414894759655;-0.20151977241039276;0.428645059466362;0.5125944763422012;0.04055587202310562;0.46342424551645917;0.841774562994639;-0.00659859615067641;0.4610791504383087;0.8200082580248514;0.1947855999072393
3.7;0.4452817738056183;0.29662376642227173;-0.08410187810659409;0.47339296340942383;0.3543635904788971;-0.21227122843265533;0.4628416895866394;0.35607460141181946;0.048864688724279404;0.46628668904304504;0.46190595626831055;-0.22501271963119507;0.4538153111934662;0.4471558928489685;0.08725367486476898;0.46893376111984253;0.5353642106056213;-0.07660650461912155;0.46045929193496704;0.5360583662986755;0.07653281092643738;0.4669581353664398;0.679923951625824;-0.03803864121437073;0.4610159397125244;0.6773847937583923;0.12617352604866028;0.4487240344285965;0.2756496906280518;-0.10850770473480224;0.4427667334675789;0.5641047805547714;-0.20121555775403976;0.4284356161952019;0.5126653164625168;0.03900084737688303;0.46339601278305054;0.8416695396105448;-0.0064300863693157835;0.46110021074612934;0.8199419379234314;0.19434257845083872
3.73;0.4452887773513794;0.29643604159355164;-0.0862981304526329;0.4735525846481323;0.35418859124183655;-0.2139737606048584;0.46303632855415344;0.35599613189697266;0.046868085861206055;0.4662860035896301;0.46194687485694885;-0.2266276627779007;0.4540292024612427;0.4471741020679474;0.08523765951395035;0.468937486410141;0.5351941585540771;-0.07658423483371735;0.4604937434196472;0.5358606576919556;0.07650952786207199;0.46692609786987305;0.6797940135002136;-0.037531957030296326;0.4610566198825836;0.6772931218147278;0.12610146403312683;0.4488030970096588;0.27544220685958865;-0.11078010201454162;0.44274019449949265;0.5641092956066132;-0.20243040844798088;0.42858436703681946;0.5131958723068237;0.037116141989827156;0.46337761481602985;0.8415821393330892;-0.0049524058898289995;0.46114874879519147;0.8198943138122559;0.1941307783126831
3.77;0.4452976584434509;0.2963488698005676;-0.08639471232891083;0.47365155816078186;0.35403135418891907;-0.2142585664987564;0.46331173181533813;0.3559131622314453;0.04663683846592903;0.46628338098526;0.4619580805301666;-0.22679689526557922;0.45441269874572754;0.4471811354160309;0.0847005769610405;0.46893760561943054;0.5350016951560974;-0.07658233493566513;0.4606116712093353;0.5355587005615234;0.07650762051343918;0.46686020493507385;0.6796290278434753;-0.037499744445085526;0.46113425493240356;0.6771110892295837;0.1261570155620575;0.44885639250278475;0.27532494366168975;-0.11091161072254181;0.44272030144929886;0.5641112327575684;-0.20212406292557716;0.43051285296678543;0.5136460065841675;0.03631348814815283;0.46333401401837665;0.8414538105328878;-0.005242248997092247;0.4612194895744324;0.8197749058405558;0.19421468178431192
3.8;0.4452996850013733;0.2962503433227539;-0.08942924439907074;0.47367921471595764;0.353869765996933;-0.21655526757240295;0.4636176526546478;0.3556946814060211;0.0436195470392704;0.4662330448627472;0.46196550130844116;-0.22858579456806183;0.4551239311695099;0.4475487768650055;0.08000322431325912;0.46894311904907227;0.5347738862037659;-0.07659970223903656;0.46084704995155334;0.5351884365081787;0.07652435451745987;0.46679219603538513;0.6794624328613281;-0.03630228340625763;0.46123334765434265;0.6767750382423401;0.12689167261123657;0.44888463616371155;0.2752156168222427;-0.1140413336455822;0.44269660115242004;0.5640533864498138;-0.20236849039793015;0.43386102467775345;0.5187275111675262;0.031489710323512554;0.46329790353775024;0.8413391510645548;-0.0017184484750032425;0.4613261620203654;0.8195531765619913;0.19649989902973175
3.83;0.4452325105667114;0.29621222615242004;-0.09343419969081879;0.47368672490119934;0.3536696135997772;-0.2191307544708252;0.46374160051345825;0.35530880093574524;0.03940382972359657;0.466196209192276;0.4619876444339752;-0.23099690675735474;0.45605015754699707;0.44828933477401733;0.07454324513673782;0.4689818024635315;0.5346006155014038;-0.07663459330797195;0.4611477255821228;0.5348604917526245;0.0765584260225296;0.4666458070278168;0.6792984008789062;-0.03626655787229538;0.46125102043151855;0.6762775778770447;0.12881352007389069;0.44882245659828185;0.2751722663640976;-0.11805508360266685;0.44268298894166946;0.5639327019453049;-0.20434586703777313;0.4391648471355438;0.5254721939563751;0.026634251000359654;0.4632580777009328;0.8411303162574768;-0.002105190729101499;0.461424986521403;0.8190706173578898;0.20003850758075714
3.87;0.44492438435554504;0.29621392488479614;-0.09296713769435883;0.4735785722732544;0.35332295298576355;-0.2176544964313507;0.46374455094337463;0.3550608456134796;0.04114510491490364;0.4661698639392853;0.46184661984443665;-0.2281688004732132;0.4571307301521301;0.44889870285987854;0.07668808847665787;0.4690838158130646;0.5343702435493469;-0.07664048671722412;0.4616503417491913;0.5345476865768433;0.07656490802764893;0.4665716588497162;0.6788536906242371;-0.0367826409637928;0.46130168437957764;0.6756516098976135;0.1290799230337143;0.4483801364898682;0.27518893778324127;-0.11737358011305332;0.4426947832107544;0.5632737427949905;-0.19862916320562363;0.4416966661810875;0.5287762433290482;0.028752494137734175;0.46321381131807965;0.8409371376037598;-0.005117184792955716;0.4614687164624532;0.8185635010401408;0.19965767860412598
3.9;0.44434046745300293;0.29621341824531555;-0.0823204442858696;0.47320854663848877;0.3528519570827484;-0.21080072224140167;0.4637555480003357;0.3546573221683502;0.04722592234611511;0.4659642279148102;0.46133488416671753;-0.2218068689107895;0.45861127972602844;0.44959765672683716;0.07681247591972351;0.4693080484867096;0.5340107083320618;-0.07680338621139526;0.46262452006340027;0.5341354608535767;0.07673189043998718;0.4665578007698059;0.6784883737564087;-0.038464516401290894;0.46138519048690796;0.6752405762672424;0.12908431887626648;0.44772226810455323;0.27518790066242216;-0.10652619116008281;0.44273731112480164;0.5616764724254608;-0.19070778414607048;0.4447532445192337;0.5331993103027344;0.029504850273951888;0.4631963074207306;0.8408338030179342;-0.010885183388988176;0.46150437990824383;0.8184144298235575;0.19946880638599396
3.93;0.44227951765060425;0.29618316888809204;-0.0751451924443245;0.4722532331943512;0.35173845291137695;-0.20593342185020447;0.4634654223918915;0.3545776307582855;0.052488941699266434;0.46533310413360596;0.4601629376411438;-0.2187739908695221;0.4587986171245575;0.45041513442993164;0.07932981103658676;0.46959078311920166;0.5334523320198059;-0.07708088308572769;0.4631848931312561;0.5338363647460938;0.07701197266578674;0.4666964113712311;0.6778758764266968;-0.042218223214149475;0.46173378825187683;0.6750152707099915;0.12906013429164886;0.44584394693374635;0.2751820236444473;-0.09899743013083935;0.44270968437194824;0.5616385042667389;-0.18972523137927055;0.4454733803868294;0.5397550910711288;0.03158828476443887;0.4631848633289337;0.8408075571060181;-0.01948129680628578;0.4613916377226512;0.8184730410575867;0.19877178966999054
3.97;0.44005683064460754;0.29619136452674866;-0.07209763675928116;0.47013625502586365;0.3512260615825653;-0.20438766479492188;0.4633314311504364;0.35436397790908813;0.05541721731424332;0.464593768119812;0.45963284373283386;-0.21804291009902954;0.4600086808204651;0.4514909088611603;0.07971879094839096;0.4698392450809479;0.5330867171287537;-0.07760638743638992;0.46474185585975647;0.5336295366287231;0.07753636687994003;0.4667506814002991;0.6775339245796204;-0.042012330144643784;0.4624475836753845;0.6748218536376953;0.1298084408044815;0.44350461661815643;0.27521192729473115;-0.09554797615855933;0.4426119774580002;0.5614433139562607;-0.18792089819908142;0.446783147752285;0.5450810045003891;0.03208809904754162;0.462907612323761;0.8402079542477926;-0.017472421129544575;0.46134428183237713;0.8180468082427979;0.1996847242116928
4.0;0.4373035728931427;0.29680123925209045;-0.07422471791505814;0.46756160259246826;0.35172539949417114;-0.2052908092737198;0.4624730348587036;0.35431328415870667;0.05451296269893646;0.46317651867866516;0.46052172780036926;-0.2192806899547577;0.46059268712997437;0.45234373211860657;0.07632651180028915;0.4708247184753418;0.5329963564872742;-0.07790915668010712;0.46570417284965515;0.5335139632225037;0.07782585918903351;0.4671716094017029;0.6774591207504272;-0.03642036020755768;0.4639360010623932;0.6745308637619019;0.12981514632701874;0.4404374688863754;0.2759855091571808;-0.09805497936904431;0.4423516020178795;0.5645764917135239;-0.18837862834334373;0.44710587710142136;0.5480871796607971;0.030532234348356724;0.46279241641362506;0.8396435181299845;-0.0009955099473396938;0.4613800346851349;0.8177401622136434;0.20072583854198456
4.03;0.434499055147171;0.29737165570259094;-0.0626620501279831;0.4654822051525116;0.3513989746570587;-0.19938935339450836;0.4608975052833557;0.3538922071456909;0.06521686166524887;0.4624660909175873;0.46000435948371887;-0.21557718515396118;0.46193158626556396;0.4522167444229126;0.0863134115934372;0.472148597240448;0.5316256284713745;-0.0795050635933876;0.46669307351112366;0.5317548513412476;0.07942008972167969;0.46801936626434326;0.6756561398506165;-0.04329972714185715;0.4654332399368286;0.6711922287940979;0.13807645440101624;0.4374733954668045;0.27649733424186707;-0.08556913286447525;0.44247976690530777;0.5618262141942978;-0.1820875033736229;0.44854050874710083;0.5449790954589844;0.03665737994015217;0.4626733760039012;0.8380752404530843;-0.023294374220616493;0.46155781547228497;0.815094788869222;0.21431319415569305
4.07;0.43162018060684204;0.2988549768924713;-0.05653979256749153;0.462500661611557;0.350827157497406;-0.1949073076248169;0.4597644805908203;0.353253573179245;0.06836200505495071;0.4614976942539215;0.4598768651485443;-0.2118099480867386;0.46304547786712646;0.4518033266067505;0.08850710093975067;0.47374382615089417;0.5300108790397644;-0.07969843596220016;0.46856221556663513;0.5301087498664856;0.07961705327033997;0.46880561113357544;0.6744257807731628;-0.04939828813076019;0.4666357636451721;0.6685546040534973;0.13774845004081726;0.43437031507492063;0.27726214826107026;-0.07900316826999187;0.44282495230436325;0.5611206293106079;-0.17721040919423103;0.450008325278759;0.5433687716722488;0.039534049574285746;0.46265706419944763;0.8372621337572733;-0.035266137371460594;0.4616820315519969;0.8142338991165161;0.2115682065486908
4.1;0.4274441599845886;0.30142614245414734;-0.044517677277326584;0.4575501084327698;0.3508385121822357;-0.1883472353219986;0.4595029950141907;0.35284724831581116;0.08018501102924347;0.4592587351799011;0.45942243933677673;-0.20683671534061432;0.46471211314201355;0.45047658681869507;0.0987502858042717;0.47447896003723145;0.5285660624504089;-0.08095148205757141;0.4733087718486786;0.5271523594856262;0.08088630437850952;0.47035786509513855;0.6741411089897156;-0.04914669319987297;0.4711425304412842;0.6669204831123352;0.14009606838226318;0.42954390347003935;0.2794222801923752;-0.06684130378998816;0.44288573414087296;0.5607931464910507;-0.1699095368385315;0.452561691403389;0.5419442355632782;0.04852484539151192;0.46277521053949994;0.836410403251648;-0.03440933022648096;0.46369728446006775;0.8104273875554403;0.21772235135237375
4.13;0.4227105677127838;0.30587971210479736;-0.06194780021905899;0.45484352111816406;0.35299932956695557;-0.21051664650440216;0.4574263095855713;0.35467588901519775;0.07263123244047165;0.4569302797317505;0.46280238032341003;-0.23246833682060242;0.46474140882492065;0.4515577256679535;0.09014996886253357;0.4776432514190674;0.5288879871368408;-0.08289129287004471;0.47493496537208557;0.5274658799171448;0.08281482756137848;0.4721604585647583;0.6763819456100464;-0.04854957386851311;0.4712458550930023;0.6680161952972412;0.15403833985328674;0.4241642773151398;0.28466856777668;-0.08394001927226782;0.4421754851937294;0.5698720365762711;-0.2014879770576954;0.45224256068468094;0.5472454875707626;0.03843700559809804;0.4626878599325816;0.8364269137382507;-0.029406807540605467;0.46229005853335065;0.810960590839386;0.23973678549130759
4.17;0.4177894592285156;0.31024566292762756;-0.05413942039012909;0.4506138861179352;0.35557693243026733;-0.2003706991672516;0.45453572273254395;0.3573181927204132;0.0768386721611023;0.4543982148170471;0.46553927659988403;-0.22552812099456787;0.4643266499042511;0.4543714225292206;0.09654505550861359;0.4786610007286072;0.5280928015708923;-0.0843937024474144;0.47772082686424255;0.5261675715446472;0.08432820439338684;0.4747996926307678;0.6760492324829102;-0.06500902026891708;0.47255831956863403;0.6683122515678406;0.14790377020835876;0.419118320941925;0.2906482368707657;-0.07607207484543324;0.44210825860500336;0.5701708644628525;-0.19835977628827095;0.45192601531744003;0.5485971719026566;0.040863036178052425;0.4626641472180684;0.8357140819231669;-0.05898988495270411;0.4612368841965993;0.81102055311203;0.2279528578122457
4.2;0.41318029165267944;0.3190461993217468;-0.056806780397892;0.44526398181915283;0.362541526556015;-0.20402562618255615;0.452144056558609;0.3619748055934906;0.07427758723497391;0.4515977203845978;0.4737992584705353;-0.22858157753944397;0.4644937217235565;0.46175724267959595;0.09465290606021881;0.48030033707618713;0.5281921029090881;-0.08654630184173584;0.48394736647605896;0.5251250267028809;0.08650778234004974;0.4777385890483856;0.6758827567100525;-0.06017724424600601;0.47874465584754944;0.6685119867324829;0.1469232589006424;0.41431874334812163;0.2999830663204193;-0.0789044875651598;0.4396980181336403;0.5833688825368881;-0.19881824404001236;0.45226241648197174;0.5580735951662064;0.03503549564629793;0.46157952149709064;0.8348973194758097;-0.04784111430247625;0.4610675772031148;0.8126138846079508;0.20530924201011658
4.23;0.4086415767669678;0.3326689898967743;-0.036819636821746826;0.44084352254867554;0.37035226821899414;-0.18657518923282623;0.4498592019081116;0.3682028651237488;0.09132425487041473;0.4493425190448761;0.47708848118782043;-0.20993053913116455;0.4681480824947357;0.46143487095832825;0.10646712779998779;0.483276903629303;0.5293532609939575;-0.0879804790019989;0.48803022503852844;0.5254034399986267;0.08797616511583328;0.48030886054039;0.6762759685516357;-0.06047637388110161;0.4805157780647278;0.669443666934967;0.14531947672367096;0.4083294361829758;0.3121163249015808;-0.05968081150203943;0.4386734738945961;0.5814938694238663;-0.16545195877552032;0.46702487766742706;0.5541913956403732;0.048237779177725315;0.46105533838272095;0.8347487052281698;-0.04469500295817852;0.45992835362752277;0.8181979457537333;0.20600483318169913
4.27;0.40498414635658264;0.34313303232192993;-0.02847045101225376;0.4360559582710266;0.37988537549972534;-0.17929933965206146;0.4472476541996002;0.37834447622299194;0.1000286117196083;0.44352319836616516;0.4891604781150818;-0.20574146509170532;0.46738019585609436;0.4706796109676361;0.11318963766098022;0.4856424927711487;0.5327755212783813;-0.08723845332860947;0.4921136200428009;0.5265927910804749;0.0872257873415947;0.4823809862136841;0.6776962280273438;-0.05979034677147865;0.4836127758026123;0.6718223690986633;0.13392780721187592;0.40417560935020447;0.322817263007164;-0.05024759350344539;0.43778299540281296;0.5971396565437317;-0.1665688119828701;0.4635564535856247;0.557798832654953;0.054595498368144035;0.45979230602582294;0.8341047366460165;-0.01978439835753913;0.4606214463710785;0.8243863781293234;0.1855937292178472
4.3;0.3993391692638397;0.35592588782310486;-0.0043230620212852955;0.4301568269729614;0.3896467387676239;-0.16164667904376984;0.44245773553848267;0.38626620173454285;0.1211705133318901;0.43898507952690125;0.49539506435394287;-0.19388066232204437;0.4659613370895386;0.47505277395248413;0.134280726313591;0.4882611036300659;0.5360057950019836;-0.08698943257331848;0.4959297180175781;0.5287786722183228;0.08697519451379776;0.48534703254699707;0.6785845160484314;-0.057795606553554535;0.4875510334968567;0.6745221614837646;0.123504638671875;0.39877771139144896;0.33614699840545653;-0.026150358282029627;0.43753742426633835;0.6053158640861511;-0.15539798140525818;0.4661499112844467;0.555791899561882;0.08280752040445805;0.4554773767789205;0.8345776200294495;-0.014942131257460764;0.45834118127822876;0.8297919829686483;0.16189225018024445
4.33;0.3943784236907959;0.36976689100265503;-0.018733639270067215;0.4274081587791443;0.39912351965904236;-0.17147371172904968;0.43712255358695984;0.39628615975379944;0.11156096309423447;0.43733763694763184;0.508991539478302;-0.20098428428173065;0.45790180563926697;0.4938555359840393;0.12271307408809662;0.4931803047657013;0.5415475964546204;-0.08680621534585953;0.498553991317749;0.535488486289978;0.08682117611169815;0.48846209049224854;0.683564305305481;-0.05071616917848587;0.4908320903778076;0.680027961730957;0.12188965082168579;0.3929128527641296;0.35211205780506133;-0.04062689896672964;0.4347899407148361;0.6253861635923386;-0.1642903834581375;0.46290266513824463;0.5797432065010071;0.07440048456192017;0.44856677452723187;0.8331863085428873;0.030147636173448216;0.4583127001921336;0.8325529297192892;0.18471544484297434
4.37;0.3911254405975342;0.3829188942909241;-0.012392189353704453;0.4229229986667633;0.4089592695236206;-0.17507605254650116;0.43521541357040405;0.4079737663269043;0.12364387512207031;0.43662360310554504;0.5206143856048584;-0.2035781741142273;0.45529624819755554;0.5069208741188049;0.13365565240383148;0.4967091381549835;0.5422016382217407;-0.09286130219697952;0.5006020665168762;0.5378187894821167;0.09289312362670898;0.4887503385543823;0.6836036443710327;-0.04689417779445648;0.4895806908607483;0.6797400116920471;0.15192373096942902;0.3890444427728653;0.36441408693790434;-0.03423080518841744;0.43334513157606125;0.6337171345949173;-0.16583268716931343;0.45704300701618195;0.5958214849233627;0.06410761177539825;0.45087963342666626;0.837195873260498;0.011701450993617376;0.45848384499549866;0.8310117920239767;0.23020496467749277
4.4;0.3889162242412567;0.39223769307136536;-0.014534978196024895;0.42220422625541687;0.41953885555267334;-0.18488097190856934;0.42988502979278564;0.42047590017318726;0.11055830121040344;0.43535250425338745;0.5323783159255981;-0.21100789308547974;0.44486838579177856;0.5267583131790161;0.12596681714057922;0.5002045631408691;0.5416585803031921;-0.09192445129156113;0.4994567334651947;0.5400717258453369;0.09198141098022461;0.4891253113746643;0.6849973201751709;-0.04742829129099846;0.4885612726211548;0.6814061403274536;0.14739874005317688;0.38762846291065217;0.3734440356492996;-0.044914409145712854;0.43184398114681244;0.6499788910150528;-0.19148369878530502;0.4372081086039543;0.6395691633224487;0.060734909027814865;0.4513511657714844;0.8366458813349406;0.016679744546612103;0.4560193916161855;0.8298191825548807;0.21854443848133087
4.43;0.3904910981655121;0.4038929045200348;0.012276055291295052;0.4191034436225891;0.4292166829109192;-0.15610384941101074;0.4290839433670044;0.42755621671676636;0.14197705686092377;0.43435484170913696;0.5386517643928528;-0.18442000448703766;0.4436970353126526;0.5317426919937134;0.15863487124443054;0.501291811466217;0.5411308407783508;-0.09345456212759018;0.5006545186042786;0.5393547415733337;0.09350195527076721;0.4898432195186615;0.6867846250534058;-0.06661414355039597;0.48856058716773987;0.6820567846298218;0.14468589425086975;0.3868501603603363;0.38676110208034514;-0.01202950815204531;0.4303837865591049;0.6520191729068756;-0.17169775813817978;0.4340505748987198;0.6414785385131836;0.08990522846579552;0.4521933098634084;0.8363423347473145;0.0042596062024434405;0.45631252725919086;0.8289631406466166;0.19563096264998117
4.47;0.38862675428390503;0.41945669054985046;0.004895799793303013;0.4186539053916931;0.4396078884601593;-0.15840911865234375;0.42669036984443665;0.4380885362625122;0.14353781938552856;0.43384361267089844;0.5434311032295227;-0.18920865654945374;0.44200167059898376;0.5379871726036072;0.16652682423591614;0.5032389163970947;0.5409572720527649;-0.09512798488140106;0.5009130239486694;0.5390744805335999;0.09523773193359375;0.48940491676330566;0.6876364350318909;-0.06913822889328003;0.48758578300476074;0.6817862391471863;0.14331376552581787;0.3842859357595444;0.4020843505859375;-0.019446838879957795;0.43111511319875717;0.6556039303541183;-0.17242765799164772;0.4344828128814697;0.6461531668901443;0.09732760861515999;0.4525419970353444;0.8355729977289835;-0.004935889970511198;0.45579517881075543;0.8282902638117472;0.18937853972117105
4.5;0.3884013295173645;0.43364256620407104;-0.007488955743610859;0.4187987446784973;0.4492749571800232;-0.16353431344032288;0.4257037341594696;0.44810038805007935;0.1278642863035202;0.4333093762397766;0.5536466836929321;-0.19400879740715027;0.4393600523471832;0.5481414198875427;0.14735852181911469;0.5044339895248413;0.5408608317375183;-0.09483969211578369;0.5003761649131775;0.5395994186401367;0.09482917934656143;0.49015775322914124;0.6872211694717407;-0.059710629284381866;0.4870811998844147;0.6814626455307007;0.13929209113121033;0.3832168817520142;0.4159883797168732;-0.031068908609449865;0.43149618804454803;0.6696327030658722;-0.1797773763537407;0.431983083486557;0.6597874164581299;0.08608227409422398;0.45482821265856427;0.834616998831431;-0.001548965151111285;0.45612775286038715;0.8275251984596252;0.18793419003486633
4.53;0.3891695737838745;0.4421292841434479;-0.026754707098007202;0.41953226923942566;0.46362775564193726;-0.1698746532201767;0.42577168345451355;0.45549729466438293;0.10291384160518646;0.4317401647567749;0.5683597922325134;-0.20531412959098816;0.4366232454776764;0.5551469326019287;0.11823749542236328;0.5053083896636963;0.5443326830863953;-0.09344477206468582;0.500804603099823;0.5402005314826965;0.09354496002197266;0.48953431844711304;0.6869382262229919;-0.06376224011182785;0.48672038316726685;0.6796972751617432;0.12864959239959717;0.3829147547483444;0.4265264689922333;-0.051072103716433045;0.43043971061706543;0.6816585808992386;-0.18425479903817177;0.43116944283246994;0.6654761880636215;0.05298321135342121;0.4554736117521922;0.8337137301762899;-0.022257139751066763;0.45627033710479736;0.8267360329627991;0.17295043667157492
4.57;0.3890313506126404;0.4591425061225891;-0.011750079691410065;0.41856545209884644;0.47193413972854614;-0.16574275493621826;0.42654818296432495;0.46280795335769653;0.11170786619186401;0.43098047375679016;0.5785602927207947;-0.204973042011261;0.4362996220588684;0.5633676648139954;0.12604930996894836;0.5056136846542358;0.545005738735199;-0.0930388793349266;0.5022741556167603;0.5400727987289429;0.09314630925655365;0.48922982811927795;0.6867693662643433;-0.060661640018224716;0.4866928160190582;0.6775995492935181;0.1263234168291092;0.3820285588502884;0.4441119581460953;-0.035348589159548284;0.4304228276014328;0.6963014453649521;-0.1822696477174759;0.4339653179049492;0.6681921929121017;0.0710497098043561;0.45545052488644916;0.8323884010314941;-0.018328781913927134;0.4561447004477183;0.8257957895596822;0.17906824747721353
4.6;0.3889649212360382;0.46635299921035767;-0.00830387044698;0.41789326071739197;0.47837379574775696;-0.1626068502664566;0.4257141053676605;0.4697229564189911;0.11361237615346909;0.431064248085022;0.582779049873352;-0.20208196341991425;0.4343939423561096;0.5712441802024841;0.12975095212459564;0.5066494345664978;0.544556200504303;-0.09287504851818085;0.5017817616462708;0.5399322509765625;0.09299004822969437;0.4878728687763214;0.6865946650505066;-0.0600653700530529;0.48436102271080017;0.6774991154670715;0.11174577474594116;0.3816256016492844;0.45234018862247466;-0.031056930869817735;0.4301578775048256;0.7004032582044601;-0.18150031194090843;0.4329051896929741;0.6859392821788788;0.07664232328534126;0.4555029273033142;0.8319895068804423;-0.01722393506982674;0.4549345274766286;0.8257896502812704;0.17510156830151877
4.63;0.3881641626358032;0.47802653908729553;-0.029864627867937088;0.41778892278671265;0.48614248633384705;-0.17858299612998962;0.4251474440097809;0.47625377774238586;0.09482909739017487;0.4300824701786041;0.5931276679039001;-0.22094352543354034;0.4308282434940338;0.5781787037849426;0.10655482113361359;0.5081151723861694;0.5442492961883545;-0.09261027723550797;0.5020477175712585;0.5398266911506653;0.09273091703653336;0.487483948469162;0.6849223971366882;-0.06159105524420738;0.4829252362251282;0.6774280667304993;0.10975560545921326;0.3804986447095871;0.46318664848804475;-0.05324009256437421;0.4313620626926422;0.7149587124586105;-0.20171784609556198;0.4338863864541054;0.6842675507068634;0.05589570943266153;0.45657120148340863;0.8299516836802164;-0.0160556734384348;0.45621006687482196;0.8229106068611145;0.1771697700023651
4.67;0.3873700201511383;0.4855465888977051;-0.016334006562829018;0.416684091091156;0.491033136844635;-0.16846172511577606;0.42486971616744995;0.4810382127761841;0.10517531633377075;0.4297817647457123;0.5983613133430481;-0.20878273248672485;0.4304048717021942;0.5837373733520508;0.11392317712306976;0.5085523724555969;0.5440359711647034;-0.09256549179553986;0.5025749206542969;0.5396947860717773;0.09271499514579773;0.48672232031822205;0.6827591061592102;-0.06444240361452103;0.4827049970626831;0.6773636937141418;0.10180133581161499;0.3791649997234344;0.4706565380096436;-0.0403938771225512;0.43150288611650467;0.7153612077236176;-0.18144629523158073;0.4286671504378319;0.6746353209018707;0.07177475187927485;0.4558789034684499;0.8279931942621866;-0.0209555101270477;0.45627065499623615;0.8213823040326437;0.16046259800593057
4.7;0.38796332478523254;0.49156829714775085;-0.008878843858838081;0.41705814003944397;0.4998098611831665;-0.16223765909671783;0.42537060379981995;0.4871416389942169;0.10954359918832779;0.4295084476470947;0.607552707195282;-0.20227761566638947;0.43133029341697693;0.5914517045021057;0.12070741504430771;0.5090124011039734;0.5450096130371094;-0.092506542801857;0.5026912093162537;0.5397671461105347;0.09265993535518646;0.4850660264492035;0.6826369166374207;-0.06678532063961029;0.4815671443939209;0.6775001287460327;0.0942322388291359;0.37986052334308623;0.47833481431007385;-0.03247474990785122;0.4315600097179413;0.7234640866518021;-0.17890238389372826;0.4302032142877579;0.6991049349308014;0.0820048600435257;0.4557961126168569;0.828863282998403;-0.024202919254700344;0.4569513400395711;0.8212147355079651;0.14969182511170706
4.73;0.3884696662425995;0.49137839674949646;0.022494392469525337;0.4173218011856079;0.5077393054962158;-0.13411647081375122;0.42579299211502075;0.49192801117897034;0.12135212123394012;0.4296617805957794;0.6142901182174683;-0.1654103696346283;0.4326390027999878;0.5924580097198486;0.1335143744945526;0.5092109441757202;0.5448928475379944;-0.09062083065509796;0.5030592083930969;0.5394675135612488;0.09074991941452026;0.4845345914363861;0.6823009848594666;-0.06547953188419342;0.4808436334133148;0.6768165826797485;0.09887561202049255;0.380616283416748;0.4805160343647003;0.0005390546284615993;0.4325350895524025;0.7279365807771683;-0.14104533568024635;0.43131791055202484;0.7077013999223709;0.09434531629085541;0.45741336544354755;0.8300431370735168;-0.018165219264725845;0.45843274394671124;0.8213289777437845;0.1503706326087316
4.77;0.3885519206523895;0.5016544461250305;0.009189514443278313;0.4173488914966583;0.5108980536460876;-0.1454993486404419;0.425957590341568;0.496986448764801;0.12121015042066574;0.4298867881298065;0.6196388602256775;-0.17442631721496582;0.43316951394081116;0.602453887462616;0.13815295696258545;0.5086971521377563;0.5436636209487915;-0.09030928462743759;0.5043208599090576;0.538477897644043;0.09045834839344025;0.4832543432712555;0.6815871000289917;-0.05862756446003914;0.4801458716392517;0.6734382510185242;0.10328536480665207;0.3803685069084167;0.48927131593227385;-0.013714761030860246;0.4332449287176132;0.7320144027471542;-0.14115194603800774;0.43330784887075424;0.7135403454303741;0.09758632071316242;0.45747673511505127;0.8293835520744324;-0.0033789221197366714;0.45862703522046405;0.8161096572875977;0.15837863087654114
4.8;0.3881256580352783;0.5138518214225769;-0.02054956927895546;0.41763392090797424;0.5145435929298401;-0.17030049860477448;0.4260372221469879;0.5031905174255371;0.10274642705917358;0.42996975779533386;0.6238435506820679;-0.19708645343780518;0.43362241983413696;0.6108612418174744;0.12858857214450836;0.5089522004127502;0.5422194004058838;-0.09034134447574615;0.5041210055351257;0.5381699204444885;0.09050101786851883;0.4825621247291565;0.6798574328422546;-0.05729258805513382;0.4779846966266632;0.6702920794487;0.10638253390789032;0.37966115176677706;0.4998550355434418;-0.0447617725469172;0.43325623869895935;0.7361739277839661;-0.16650399565696716;0.4359124004840851;0.7179788202047348;0.0910453237593174;0.4579310615857442;0.8286224404970804;-0.004415025779356559;0.4587937792142232;0.8120773633321127;0.16615092754364014
4.83;0.3877067565917969;0.5209544897079468;-0.01835397444665432;0.4176465570926666;0.5188687443733215;-0.1687924712896347;0.42614519596099854;0.5092571973800659;0.1053132638335228;0.43004608154296875;0.6260818839073181;-0.19692760705947876;0.43386366963386536;0.6167513728141785;0.13400255143642426;0.5088025331497192;0.5404651761054993;-0.09042303264141083;0.5039889216423035;0.5378232598304749;0.09059880673885345;0.48148202896118164;0.6780048608779907;-0.062461335211992264;0.4755622148513794;0.6695499420166016;0.10124638676643372;0.37925744652748106;0.5064654260873794;-0.04243398206308484;0.4333357512950897;0.7390129268169403;-0.16671182960271835;0.4359375834465027;0.7218254804611206;0.09334276802837849;0.45798827211062115;0.8284382621447245;-0.005883063034464915;0.4584188163280487;0.8116645614306132;0.16177162528038025
4.87;0.385293573141098;0.5258966684341431;-0.024907510727643967;0.4170246124267578;0.5240647196769714;-0.17085300385951996;0.4258239269256592;0.5168596506118774;0.10209713876247406;0.430097371339798;0.6288979649543762;-0.19677436351776123;0.4343551993370056;0.6194940209388733;0.13345831632614136;0.508590579032898;0.5388095378875732;-0.08997324109077454;0.5038107633590698;0.5371344685554504;0.09019535779953003;0.48162466287612915;0.6770753264427185;-0.06243662163615227;0.47631779313087463;0.6700003147125244;0.10328640043735504;0.37782312035560606;0.5108913898468017;-0.0490325934253633;0.4335349574685097;0.7419341504573822;-0.16695459187030792;0.43724628537893295;0.7278014272451401;0.08925485424697399;0.4580189287662506;0.828232487042745;-0.0037083434872329235;0.4564998646577199;0.8116483887036642;0.16229345897833505
4.9;0.3847957253456116;0.5300589203834534;-0.03443651273846626;0.4165340065956116;0.5279378294944763;-0.1770840436220169;0.42531272768974304;0.5196419954299927;0.09352491796016693;0.4303504526615143;0.6321656107902527;-0.19896376132965088;0.4344114363193512;0.6231767535209656;0.12668949365615845;0.5087407827377319;0.5379905700683594;-0.08952777087688446;0.5036960244178772;0.53653484582901;0.0897805318236351;0.48219746351242065;0.6765260100364685;-0.06157832220196724;0.476630300283432;0.6702519059181213;0.10108978301286697;0.3777014076709747;0.5159516751766204;-0.058585401508025825;0.43428950756788254;0.7453646063804626;-0.16720697656273842;0.4382964298129082;0.7289079129695892;0.0846667941659689;0.458151638507843;0.8285455505053202;-0.005032334942370653;0.45652947823206586;0.8123751084009806;0.15998411178588867
4.93;0.3842688798904419;0.5347574353218079;-0.06743855774402618;0.41650819778442383;0.5307861566543579;-0.2042413055896759;0.42434412240982056;0.5222526788711548;0.062127333134412766;0.43039947748184204;0.6333903074264526;-0.23325613141059875;0.43430981040000916;0.6236764788627625;0.08775003254413605;0.5093463063240051;0.5364746451377869;-0.08954506367444992;0.5036225318908691;0.5336869359016418;0.08979477733373642;0.48247265815734863;0.674053966999054;-0.07245368510484695;0.4765655994415283;0.668806254863739;0.0921720638871193;0.37761556506156924;0.5190536141395569;-0.09215579330921173;0.43414363265037537;0.7465061694383621;-0.21387279406189919;0.4370280057191849;0.729108989238739;0.036809119395911694;0.45831771691640216;0.8287014166514078;-0.03695261167983214;0.4567493697007497;0.813413659731547;0.14859138429164886
4.97;0.384503573179245;0.5310696363449097;-0.07687467336654663;0.4166254997253418;0.5293813347816467;-0.21353261172771454;0.42311006784439087;0.5200756788253784;0.053415924310684204;0.4304680824279785;0.6337096095085144;-0.24476347863674164;0.43288299441337585;0.6210219860076904;0.07454553991556168;0.5102739930152893;0.535739004611969;-0.09038158506155014;0.5031949281692505;0.5330764055252075;0.09063129872083664;0.482522577047348;0.6717526912689209;-0.09437002241611481;0.47566938400268555;0.6671941876411438;0.09068203717470169;0.3778839647769928;0.5154063999652863;-0.10237281545996665;0.43454380333423615;0.7491656392812729;-0.23318009823560715;0.43770071864128113;0.7331348955631256;0.021272709826007485;0.458677480618159;0.8286694288253784;-0.07700300465027492;0.45713310440381366;0.8122574687004089;0.14156661927700043
5.0;0.38469451665878296;0.5312868356704712;-0.07063605636358261;0.41670191287994385;0.5253546833992004;-0.20631732046604156;0.4227181673049927;0.5202265977859497;0.0603819265961647;0.43051600456237793;0.6317995190620422;-0.23631510138511658;0.4327939450740814;0.6226015686988831;0.08557084202766418;0.5107529163360596;0.5342177748680115;-0.09046314656734467;0.5029076337814331;0.5332088470458984;0.0907139927148819;0.4824236333370209;0.67055344581604;-0.08831541240215302;0.4757646918296814;0.6667594313621521;0.08599069714546204;0.378046378493309;0.5151736855506897;-0.09563202373683452;0.4344746246933937;0.7466721534729004;-0.2250545658171177;0.43767503648996353;0.7343453466892242;0.03275730088353157;0.4587459961573283;0.8288640379905701;-0.06722184394796689;0.4572100043296814;0.8127034306526184;0.1357689624031385
5.03;0.3848015069961548;0.5276861190795898;-0.05590241029858589;0.41672930121421814;0.5233746767044067;-0.198033407330513;0.4230499863624573;0.5177724957466125;0.07198239117860794;0.4305335581302643;0.6301813125610352;-0.22692689299583435;0.4328349530696869;0.6204246282577515;0.09626545011997223;0.5108844637870789;0.5330470204353333;-0.09039410203695297;0.5028570890426636;0.5326166749000549;0.09064435958862305;0.48169052600860596;0.6698338389396667;-0.08680037409067154;0.4754681885242462;0.6669423580169678;0.0849514976143837;0.37814041376113894;0.51200932264328;-0.08053138069808483;0.43295595794916153;0.7438072711229324;-0.21192628890275955;0.43696414679288864;0.7314141094684601;0.04428685875609517;0.45897730191548664;0.8295690019925436;-0.06270710875590642;0.4576556285222371;0.8130823572476705;0.13285561402638754
5.07;0.3844989240169525;0.524236261844635;-0.06596068292856216;0.41675710678100586;0.5216345191001892;-0.20266087353229523;0.4229699969291687;0.5158084034919739;0.06287093460559845;0.4305565059185028;0.6285125017166138;-0.22974073886871338;0.43304336071014404;0.6181666254997253;0.08673039823770523;0.510978639125824;0.532486081123352;-0.09053990244865417;0.5026382803916931;0.5319637060165405;0.09078337252140045;0.4813061058521271;0.6695272326469421;-0.09426292032003403;0.4746822416782379;0.6668456792831421;0.0816701129078865;0.3780892550945282;0.5085973143577576;-0.09120550639927387;0.4325857311487198;0.7424620091915131;-0.21971825137734413;0.4365130513906479;0.7283139824867249;0.04071681201457977;0.4590047001838684;0.8300369580586752;-0.0763695128262043;0.45767491062482196;0.8131697575251261;0.12778926392396292
5.1;0.3841184079647064;0.5196364521980286;-0.0594620481133461;0.4167953133583069;0.5202420949935913;-0.19757744669914246;0.42301130294799805;0.5155144929885864;0.06974513828754425;0.4310799837112427;0.6283444166183472;-0.2257632166147232;0.43476030230522156;0.6167685389518738;0.09381777048110962;0.5110893845558167;0.5322642922401428;-0.09082828462123871;0.5026189684867859;0.5317111611366272;0.09106088429689407;0.48115745186805725;0.6691293716430664;-0.09658081829547882;0.47468796372413635;0.6666758060455322;0.08051127195358276;0.37801185846328733;0.503580990433693;-0.08470638003200293;0.43268734216690063;0.738686740398407;-0.21122679486870766;0.4417709410190582;0.7256946861743927;0.04416012251749635;0.45899856090545654;0.8303403655687968;-0.07974097381035487;0.4576515356699626;0.8166313370068868;0.12255616982777913
5.13;0.38422080874443054;0.5098971128463745;-0.04603986442089081;0.4170072078704834;0.5157830715179443;-0.1797240972518921;0.4234668016433716;0.5131094455718994;0.07876438647508621;0.431427925825119;0.6218271851539612;-0.19835472106933594;0.43631547689437866;0.6143584847450256;0.10881925374269485;0.5110021233558655;0.5323742628097534;-0.08952248841524124;0.5030105710029602;0.5316669344902039;0.0897427648305893;0.48100438714027405;0.6694669723510742;-0.09557744115591049;0.4747333824634552;0.6667829155921936;0.08058709651231766;0.37805101573467254;0.4951372712850571;-0.07063689306378365;0.43319450318813324;0.7313066869974136;-0.1845742128789425;0.4435989409685135;0.723706841468811;0.06889423914253712;0.45888761679331463;0.830440084139506;-0.0703848550717036;0.4577051301797231;0.8176034291585287;0.12889926632245383
5.17;0.38428786396980286;0.49823856353759766;-0.004660611506551504;0.4171735644340515;0.5024566054344177;-0.13882285356521606;0.42358100414276123;0.5113486051559448;0.11509319394826889;0.4316593110561371;0.6008922457695007;-0.1657232642173767;0.43771591782569885;0.6113080978393555;0.13749051094055176;0.5108702182769775;0.5301022529602051;-0.08901488035917282;0.5030309557914734;0.5318105816841125;0.089210644364357;0.4806816875934601;0.669099748134613;-0.0936802551150322;0.47486719489097595;0.6668169498443604;0.06609299778938293;0.37861824333667754;0.48210850059986116;-0.025823441706597804;0.4337324872612953;0.7160729020833969;-0.16649046912789345;0.4444909170269966;0.716068908572197;0.09072391502559185;0.45867565274238586;0.8304678996404012;-0.08654359479745229;0.45759547750155133;0.8185809055964152;0.10051903873682022
5.2;0.38443493843078613;0.48606395721435547;0.0074118925258517265;0.4172017574310303;0.49455833435058594;-0.13261963427066803;0.42365214228630066;0.5026501417160034;0.12439494580030441;0.43267959356307983;0.5935555100440979;-0.1535118967294693;0.4395458996295929;0.5995505452156067;0.14909251034259796;0.5101845264434814;0.5301606059074402;-0.08816132694482803;0.5032187700271606;0.5318271517753601;0.08835284411907196;0.4804856777191162;0.6691339612007141;-0.07743296772241592;0.47496598958969116;0.668418824672699;0.07314980030059814;0.379497104883194;0.469710910320282;-0.014377737697213889;0.43773771077394485;0.7102169841527939;-0.14646725729107857;0.4469027742743492;0.7008580714464188;0.10331407375633717;0.45814812183380127;0.8303250074386597;-0.05454467609524727;0.4573236008485158;0.8187148769696554;0.11799883097410202
5.23;0.38520434498786926;0.46918192505836487;-0.010037708096206188;0.4178313910961151;0.4865228533744812;-0.14760693907737732;0.4236751198768616;0.4928872287273407;0.10989463329315186;0.4354705512523651;0.5853666067123413;-0.15953829884529114;0.4421551823616028;0.5867161154747009;0.1396781951189041;0.5091605186462402;0.5303623676300049;-0.08681619167327881;0.5032089948654175;0.5319809317588806;0.08705467730760574;0.48059210181236267;0.6717597842216492;-0.0619308240711689;0.4756185710430145;0.6695356965065002;0.07938405871391296;0.38062611520290374;0.4535954773426056;-0.03285003118216991;0.44265536218881607;0.7032522559165955;-0.14633169770240784;0.44983523339033127;0.6932526230812073;0.0932599026709795;0.4568836490313212;0.8306110898653666;-0.02354323724284768;0.4555990894635518;0.8196540474891663;0.13926933954159418
5.27;0.38597333431243896;0.4557260274887085;-0.016138330101966858;0.41874265670776367;0.47495657205581665;-0.1498051881790161;0.4236923158168793;0.48695337772369385;0.10425662994384766;0.4366225004196167;0.573326051235199;-0.1675083190202713;0.44500184059143066;0.5794011354446411;0.13806207478046417;0.5072764158248901;0.5283307433128357;-0.08635572344064713;0.5013336539268494;0.5325469970703125;0.08659948408603668;0.48040157556533813;0.6717762351036072;-0.08360450714826584;0.4754234552383423;0.6696609854698181;0.06938537955284119;0.3817901432514191;0.43993363678455355;-0.0381840399466455;0.4450351819396019;0.6918782889842987;-0.16230301931500435;0.45285099744796753;0.6901687383651733;0.07911625690758228;0.4570870002110799;0.8308403293291727;-0.06474996109803517;0.4561387101809184;0.8201430638631185;0.10676497966051102
5.3;0.38750606775283813;0.43920081853866577;0.0107155442237854;0.41955265402793884;0.46188151836395264;-0.13257895410060883;0.4235229790210724;0.4720684885978699;0.12462868541479111;0.4386363923549652;0.5549318790435791;-0.15186575055122375;0.4452826678752899;0.5592952370643616;0.1556626558303833;0.5051658153533936;0.5280018448829651;-0.08714611828327179;0.5004503130912781;0.5325692892074585;0.08738024532794952;0.48022785782814026;0.6722716689109802;-0.07613939791917801;0.4754444360733032;0.6697860360145569;0.07932046800851822;0.3838307797908783;0.42239865362644197;-0.010358990891836584;0.4466143399477005;0.667786106467247;-0.15040996298193932;0.4528750777244568;0.6651122868061066;0.10581124015152454;0.45672236879666644;0.8314388990402222;-0.05078295494119326;0.45653054118156433;0.8206059734026591;0.1202062318722407
5.33;0.3888125419616699;0.42239153385162354;0.04195255786180496;0.4195095896720886;0.4480811357498169;-0.11677715927362442;0.42389822006225586;0.4543869197368622;0.1499139368534088;0.44085022807121277;0.5389118194580078;-0.1431955099105835;0.4496406614780426;0.5447904467582703;0.17386889457702637;0.5020339488983154;0.5254460573196411;-0.08878563344478607;0.5005046129226685;0.5313883423805237;0.0889105424284935;0.4798312783241272;0.6707699298858643;-0.07115400582551956;0.47600361704826355;0.6662110686302185;0.11323993653059006;0.38582615852355956;0.4058744579553604;0.02079791184514761;0.4460757076740265;0.6514431089162827;-0.13655729964375496;0.45490705966949463;0.6554011404514313;0.13492228090763092;0.4560896356900533;0.8281853795051575;-0.044774348537127175;0.4582812984784444;0.8194748560587565;0.15921944379806519
5.37;0.39045843482017517;0.4076371490955353;0.029927965253591537;0.41992565989494324;0.4348824620246887;-0.12460614740848541;0.4255514442920685;0.43830856680870056;0.15155509114265442;0.44538167119026184;0.5267260670661926;-0.1524507701396942;0.45297661423683167;0.5301632285118103;0.1728758066892624;0.49942171573638916;0.5233548879623413;-0.0899488627910614;0.5004201531410217;0.5298527479171753;0.09003765136003494;0.480042427778244;0.6710041165351868;-0.06949971616268158;0.4812011420726776;0.6663520336151123;0.11685029417276382;0.38854117393493653;0.39045522511005404;0.007541037234477699;0.4467794671654701;0.6365197598934174;-0.14115779101848602;0.4579639509320259;0.6342180222272873;0.1307655144482851;0.45599283774693805;0.8262812892595927;-0.04523441195487976;0.4586588740348816;0.81786048412323;0.16070612768332163
5.4;0.391998827457428;0.39383140206336975;0.021843083202838898;0.420942097902298;0.4231065809726715;-0.13152441382408142;0.4274652302265167;0.42867612838745117;0.15155625343322754;0.4487222731113434;0.5152003169059753;-0.1599101722240448;0.4538886547088623;0.5188553333282471;0.18170832097530365;0.4980035424232483;0.5235307216644287;-0.09130963683128357;0.49972987174987793;0.5285884141921997;0.09141649305820465;0.4807133972644806;0.6731897592544556;-0.0936831533908844;0.48198220133781433;0.6668846607208252;0.12159936130046844;0.3920926421880722;0.37589092552661896;-0.0004962296225130558;0.4529319852590561;0.6291380971670151;-0.14531352743506432;0.45964013785123825;0.6265863627195358;0.13803968578577042;0.45634202162424725;0.8269487619400024;-0.09759628027677536;0.4582599500815074;0.8179524342219034;0.15542400379975638
5.43;0.39529213309288025;0.37747079133987427;0.024233711883425713;0.4227747917175293;0.4146386384963989;-0.13241486251354218;0.4296857416629791;0.419473797082901;0.15685442090034485;0.4528345763683319;0.5099033713340759;-0.16092383861541748;0.4564596116542816;0.5112892985343933;0.1863727867603302;0.49693334102630615;0.5244677662849426;-0.09336045384407043;0.499675989151001;0.5286322236061096;0.09346677362918854;0.4806841015815735;0.6752634644508362;-0.11223931610584259;0.4817219078540802;0.6675852537155151;0.11739935725927353;0.39649565815925597;0.36127241849899294;0.0022698364686220885;0.4581020846962929;0.6271954029798508;-0.16318098455667496;0.4633873701095581;0.6175900250673294;0.1430778130888939;0.4562773108482361;0.8270323475201925;-0.11925464868545532;0.4577036400636037;0.8181468447049459;0.13503999759753546
5.47;0.39589762687683105;0.3641447126865387;0.014226079918444157;0.426392525434494;0.40446823835372925;-0.1395816057920456;0.4296305179595947;0.41523391008377075;0.14426837861537933;0.45506611466407776;0.5050566792488098;-0.1788303405046463;0.4549284875392914;0.5085408091545105;0.17084485292434692;0.4970487654209137;0.5247849225997925;-0.09331349283456802;0.4979008436203003;0.5285976529121399;0.09340658038854599;0.48065096139907837;0.6756622195243835;-0.10846904665231705;0.4813574254512787;0.6678159236907959;0.11324025690555573;0.3980355590581894;0.3466894209384918;-0.008894761092960835;0.4626413658261299;0.6178577691316605;-0.18194761127233505;0.46066515892744064;0.6180448532104492;0.13450181484222412;0.4562910199165344;0.8272429903348287;-0.09571610142787297;0.45744972427686054;0.8183548053105673;0.1415658270319303
5.5;0.39945313334465027;0.351071834564209;0.0012052649399265647;0.4290503263473511;0.3927753269672394;-0.1497986763715744;0.4294266998767853;0.4010210931301117;0.14149272441864014;0.4569729268550873;0.4928613305091858;-0.19285984337329865;0.4537946283817291;0.4985022246837616;0.1671300232410431;0.4958396852016449;0.5249983668327332;-0.09298823028802872;0.4959494471549988;0.526289165019989;0.09310679137706757;0.4795483350753784;0.675643265247345;-0.10362382233142853;0.4812912344932556;0.667828381061554;0.11940979212522507;0.4013842403888702;0.33419728875160215;-0.021565700881183147;0.46231963485479355;0.6000813841819763;-0.2003362998366356;0.4601629748940468;0.6017945855855942;0.12339543178677559;0.45697744687398273;0.8284016251564026;-0.08494726320107777;0.45782580971717834;0.8177782297134399;0.1542510042587916
5.53;0.4024656116962433;0.33483636379241943;-0.036387257277965546;0.43258628249168396;0.3817542791366577;-0.17996318638324738;0.42895370721817017;0.39398956298828125;0.09986914694309235;0.45916372537612915;0.4802289307117462;-0.21813011169433594;0.4532068371772766;0.489724338054657;0.13187944889068604;0.49433913826942444;0.5222877264022827;-0.09249584376811981;0.49142977595329285;0.5249344110488892;0.09264963120222092;0.4784872531890869;0.6745714545249939;-0.09694372862577438;0.4800180494785309;0.667738676071167;0.12199218571186066;0.40558748245239257;0.31773634552955626;-0.05964161846786738;0.46410708129405975;0.5917576402425766;-0.22520000860095024;0.4589855521917343;0.5957361161708832;0.07308090943843126;0.457435538371404;0.8308191299438477;-0.08248705416917801;0.4578300714492798;0.8180196682612101;0.16048298279444376
5.57;0.4064655005931854;0.3262232840061188;-0.04992567002773285;0.4347548484802246;0.37448200583457947;-0.18940585851669312;0.42875635623931885;0.3867813050746918;0.08872085064649582;0.46012794971466064;0.469795823097229;-0.22621417045593262;0.4536572992801666;0.480502188205719;0.12334749102592468;0.49238094687461853;0.522263765335083;-0.09202272444963455;0.48804971575737;0.5251734852790833;0.09219979494810104;0.4767706096172333;0.6740788221359253;-0.09368974715471268;0.47823458909988403;0.6677649021148682;0.13215310871601105;0.41002128422260287;0.30740770399570466;-0.07354713086970151;0.4640669524669647;0.5794992446899414;-0.23474547639489174;0.4584476947784424;0.5845129042863846;0.06361197680234909;0.45743722716967267;0.8313455780347189;-0.08136780435840289;0.4582707981268565;0.8183808128039042;0.18087157110373178
5.6;0.40783044695854187;0.32101672887802124;-0.07475347071886063;0.4375198781490326;0.3668709695339203;-0.21103119850158691;0.43061327934265137;0.3777594268321991;0.06814264506101608;0.4612172245979309;0.4659663438796997;-0.24440117180347443;0.4542120695114136;0.4700789749622345;0.107546366751194;0.48971936106681824;0.5224848389625549;-0.08756361156702042;0.4848041534423828;0.5246829390525818;0.08770108968019485;0.4743461012840271;0.6721673607826233;-0.058334000408649445;0.4747699499130249;0.6666380167007446;0.14524133503437042;0.41130595803260805;0.30217865109443665;-0.0998979102820158;0.46296224743127823;0.5783271789550781;-0.24454156309366226;0.4580511078238487;0.5698689073324203;0.044805620796978474;0.4575124482313792;0.8312052289644877;-0.02835647699733575;0.4581390420595805;0.8155445257822672;0.21407375236352286
5.63;0.41203394532203674;0.3148604929447174;-0.06674826145172119;0.4393613934516907;0.35765087604522705;-0.20606839656829834;0.435139000415802;0.36575454473495483;0.07439985871315002;0.4615998864173889;0.4613548219203949;-0.2429192066192627;0.45483508706092834;0.4641820788383484;0.1120719313621521;0.4868353009223938;0.5230070948600769;-0.08529593050479889;0.4829966425895691;0.5244957208633423;0.08539833128452301;0.47200602293014526;0.6721794009208679;-0.05240533500909805;0.47239649295806885;0.6663883924484253;0.14461661875247955;0.41476944983005526;0.2960718095302582;-0.09138368014246226;0.46186356246471405;0.57647904753685;-0.24575526639819145;0.45591820031404495;0.5644272714853287;0.05061308387666941;0.45764774084091187;0.8329246441523234;-0.020390999658654135;0.458043893178304;0.8153970638910929;0.2129315584897995
5.67;0.4146597385406494;0.3055238425731659;-0.07065565139055252;0.4421573877334595;0.3497433364391327;-0.21195048093795776;0.43795016407966614;0.3578616976737976;0.07508315145969391;0.4632619321346283;0.4536185562610626;-0.24726374447345734;0.45664793252944946;0.45653435587882996;0.11282770335674286;0.48317739367485046;0.5239025354385376;-0.08473704755306244;0.48010724782943726;0.5245471596717834;0.08481375873088837;0.4691842198371887;0.672383189201355;-0.037352003157138824;0.46963709592819214;0.6663093566894531;0.14834187924861908;0.41803519427776337;0.28672954738140105;-0.09537036679685115;0.4605982229113579;0.5708922892808914;-0.24898845702409744;0.4551345035433769;0.5569397956132889;0.049830228090286255;0.4577132562796275;0.8328045606613159;0.010804768030842146;0.4569292366504669;0.8122465213139852;0.22699972490469614
5.7;0.4200998842716217;0.29990777373313904;-0.07974326610565186;0.44651877880096436;0.34676724672317505;-0.21914991736412048;0.441964715719223;0.35380813479423523;0.06819795817136765;0.46430322527885437;0.4534839689731598;-0.25370922684669495;0.45852699875831604;0.4528035819530487;0.10618475824594498;0.48016589879989624;0.5239413380622864;-0.08501750975847244;0.4771294593811035;0.5243659019470215;0.08510100841522217;0.4673488438129425;0.672430694103241;-0.049112144857645035;0.46755334734916687;0.6657814383506775;0.14101971685886383;0.4233157306909561;0.28115417063236237;-0.1044095354154706;0.45645470172166824;0.568423792719841;-0.2562126852571964;0.4543507397174835;0.5512228459119797;0.04359527071937919;0.45890381932258606;0.834229032198588;-0.011364629492163658;0.4579177697499593;0.8127036094665527;0.20416854321956635
5.73;0.4243600368499756;0.29467788338661194;-0.08459611982107162;0.44941776990890503;0.34424498677253723;-0.2238040715456009;0.4443261921405792;0.3521881699562073;0.06509915739297867;0.4649171531200409;0.45034152269363403;-0.2545682191848755;0.45846742391586304;0.45068395137786865;0.10778384655714035;0.477335125207901;0.5247567296028137;-0.08495719730854034;0.47342994809150696;0.5244301557540894;0.08502582460641861;0.4643828272819519;0.6726715564727783;-0.044631198048591614;0.46345576643943787;0.6654160022735596;0.14219054579734802;0.4273777812719345;0.27584259808063505;-0.10964672304689885;0.4525464028120041;0.5659775584936142;-0.2542191222310066;0.4496954306960106;0.5479436218738556;0.04785749223083258;0.4588412046432495;0.8344173431396484;0.0020335943748553595;0.4577745993932088;0.8132854501406351;0.20482738316059113
5.77;0.42789924144744873;0.294650137424469;-0.07533887773752213;0.45329174399375916;0.3424758017063141;-0.21296928822994232;0.44812995195388794;0.35130730271339417;0.06795678287744522;0.46523788571357727;0.44902944564819336;-0.24348656833171844;0.45833829045295715;0.45216235518455505;0.10671284794807434;0.4748585820198059;0.5247264504432678;-0.08313466608524323;0.47123706340789795;0.5244651436805725;0.08317912369966507;0.4636790454387665;0.6726704239845276;-0.050641193985939026;0.46309924125671387;0.6656733155250549;0.12503866851329803;0.43030761182308197;0.2760626614093781;-0.09935875311493873;0.4510987922549248;0.5662937164306641;-0.2440069243311882;0.4478887617588043;0.5530134290456772;0.05210676044225693;0.45955533782641095;0.8348144292831421;-0.014890528128792843;0.4581722021102905;0.8158555030822754;0.16934578120708466
5.8;0.42896032333374023;0.29084017872810364;-0.08172014355659485;0.4557044208049774;0.3424810767173767;-0.21595080196857452;0.45173805952072144;0.34755703806877136;0.05970252677798271;0.46507614850997925;0.45067688822746277;-0.23984494805335999;0.4597252607345581;0.45061978697776794;0.09535066038370132;0.47144651412963867;0.5253539681434631;-0.08116628229618073;0.46811866760253906;0.5249286890029907;0.08118452876806259;0.4639180600643158;0.6726774573326111;-0.04460718482732773;0.46283388137817383;0.6658405065536499;0.12918245792388916;0.4322151929140091;0.2721980273723602;-0.10594059452414513;0.4490817189216614;0.5657045543193817;-0.23074236512184143;0.4480091780424118;0.5522834062576294;0.043370751198381186;0.4604182342688243;0.8342809478441874;-0.00980585627257824;0.4583602448304494;0.8152866363525391;0.19248365859190622
5.83;0.4307718873023987;0.28717488050460815;-0.09830794483423233;0.45770588517189026;0.340994656085968;-0.23002415895462036;0.4532405436038971;0.3436349034309387;0.04616396874189377;0.4649011492729187;0.45013612508773804;-0.24848034977912903;0.4600270092487335;0.44740551710128784;0.08475727587938309;0.46929407119750977;0.5255193114280701;-0.08122304081916809;0.4646941125392914;0.524856686592102;0.08122812956571579;0.4634668231010437;0.6728450059890747;-0.04328416287899017;0.4618776738643646;0.6653354167938232;0.16833563148975372;0.4340241551399231;0.267869833111763;-0.12318039387464523;0.4477078765630722;0.562339261174202;-0.23234817013144493;0.44732335209846497;0.5472819805145264;0.0320939589291811;0.46115876237551373;0.83477783203125;-0.013798750626544157;0.4581993917624156;0.8078507383664449;0.27146681149800617
5.87;0.4328429698944092;0.2840314507484436;-0.09393218904733658;0.46002307534217834;0.33890941739082336;-0.22476620972156525;0.4544285237789154;0.34179502725601196;0.04531943425536156;0.4646092653274536;0.4500593841075897;-0.24506673216819763;0.45970427989959717;0.44719797372817993;0.08012563735246658;0.4684649705886841;0.5255361199378967;-0.0799572765827179;0.46323734521865845;0.5247284173965454;0.07994400709867477;0.46307748556137085;0.6725164651870728;-0.04651264101266861;0.4621591866016388;0.6651949286460876;0.15552909672260284;0.43677563667297364;0.2663824737071991;-0.11823047436773777;0.44653719663619995;0.5620582401752472;-0.2319253757596016;0.44650890678167343;0.5490934252738953;0.028367002960294485;0.46142064531644184;0.8348397016525269;-0.021648526230516534;0.4590113361676534;0.8080899715423584;0.24246942003568014
5.9;0.4340605139732361;0.28420063853263855;-0.09459347277879715;0.4618484675884247;0.33904069662094116;-0.2255501002073288;0.45599934458732605;0.3415016233921051;0.03981344774365425;0.46432527899742126;0.45066148042678833;-0.24501252174377441;0.45944470167160034;0.4467986524105072;0.0743274912238121;0.4678070545196533;0.5255478024482727;-0.07890548557043076;0.4618872404098511;0.5247369408607483;0.07887928187847137;0.4629370868206024;0.6724449396133423;-0.05114246904850006;0.46208080649375916;0.6655706167221069;0.14996537566184998;0.4378190696239471;0.26518051624298095;-0.11930405125021934;0.4442136436700821;0.5631106793880463;-0.23232949897646904;0.4457242339849472;0.5502700656652451;0.023226052639074624;0.4613814155260722;0.8350249330202738;-0.038658734411001205;0.4592236578464508;0.8083650469779968;0.22629480560620627
5.93;0.43518945574760437;0.28414350748062134;-0.10412636399269104;0.4636644423007965;0.3376399576663971;-0.2339627742767334;0.4569874107837677;0.3417864739894867;0.03146086633205414;0.46413272619247437;0.4501940906047821;-0.2531531751155853;0.45933833718299866;0.4474390149116516;0.0677700862288475;0.4675520062446594;0.5253598690032959;-0.07913998514413834;0.46088624000549316;0.524752140045166;0.07910721004009247;0.4629193842411041;0.6724423170089722;-0.051444828510284424;0.4613986611366272;0.665638267993927;0.15004953742027283;0.4391288012266159;0.26460644900798796;-0.12910464257001877;0.44163332879543304;0.5620424002408981;-0.24205560609698296;0.44327566027641296;0.5512600541114807;0.017261703847907484;0.4613408346970876;0.8344470858573914;-0.03647772874683142;0.4592250883579254;0.808561364809672;0.23506046334902445
5.97;0.4353155791759491;0.2851622700691223;-0.10622796416282654;0.4646584987640381;0.3388112485408783;-0.23740039765834808;0.45699435472488403;0.34323641657829285;0.03287164494395256;0.4640134871006012;0.45074719190597534;-0.25778087973594666;0.45812854170799255;0.44725334644317627;0.06987631320953369;0.4667791426181793;0.5254303216934204;-0.07952338457107544;0.4602418839931488;0.5248509049415588;0.07950576394796371;0.46294474601745605;0.6727153658866882;-0.04842071607708931;0.4614329934120178;0.6658666729927063;0.1559155434370041;0.43984724283218385;0.26559078097343447;-0.13124592900276183;0.43895699083805084;0.5620626211166382;-0.24732442200183868;0.44061794877052307;0.5488175600767136;0.016436766100923705;0.461243212223053;0.8343053857485453;-0.026949187042191625;0.45924132068951923;0.8084902366002401;0.24837540090084076
6.0;0.4357735216617584;0.2858659327030182;-0.1090923622250557;0.4645209312438965;0.3408259153366089;-0.23898856341838837;0.4568432569503784;0.34486615657806396;0.029576020315289497;0.46310773491859436;0.4517037570476532;-0.25926169753074646;0.4568878412246704;0.4480411112308502;0.06638435274362564;0.46611738204956055;0.5255001783370972;-0.07978054136037827;0.4598498046398163;0.5249451398849487;0.0797666534781456;0.46266040205955505;0.6727791428565979;-0.0464300662279129;0.46110060811042786;0.6658755540847778;0.15921242535114288;0.4402511060237885;0.2657907873392105;-0.13396815359592437;0.4371799975633621;0.5635203719139099;-0.2500631734728813;0.4391631931066513;0.5501095652580261;0.013286384870298207;0.4611641863981883;0.8341319759686788;-0.023172181254873674;0.4591304858525594;0.8077921668688456;0.2554585834344228
6.03;0.435737669467926;0.28693869709968567;-0.10145902633666992;0.46419164538383484;0.3421224355697632;-0.23318220674991608;0.45590904355049133;0.3462958335876465;0.03656042367219925;0.4625190794467926;0.45231735706329346;-0.2573356330394745;0.4558407664299011;0.4488559365272522;0.07226943224668503;0.4654376208782196;0.5259631872177124;-0.07994625717401505;0.459086537361145;0.5251327157020569;0.07992865145206451;0.4619966149330139;0.6734351515769958;-0.0467001348733902;0.4608842432498932;0.6661220192909241;0.15854257345199585;0.4403041869401932;0.267276206612587;-0.12615410424768925;0.43659205734729767;0.5631915628910065;-0.24224774911999702;0.43787290155887604;0.5483973175287247;0.019327988906297833;0.4612250824769338;0.8341033657391866;-0.023991068165438872;0.45945170521736145;0.8077974120775858;0.24257839719454447
6.07;0.43562573194503784;0.2873890697956085;-0.10476615279912949;0.46411657333374023;0.34295615553855896;-0.23392286896705627;0.45564496517181396;0.34700700640678406;0.03257310017943382;0.46174758672714233;0.45280352234840393;-0.2542478144168854;0.45461398363113403;0.449154257774353;0.06905104219913483;0.4644681513309479;0.5268718004226685;-0.0797448456287384;0.45764362812042236;0.5258877873420715;0.07970000803470612;0.46197637915611267;0.6748974919319153;-0.04254661500453949;0.46072617173194885;0.6672157049179077;0.15543320775032043;0.4401855438947678;0.2677885442972183;-0.12939128652215004;0.4357590600848198;0.5636617243289948;-0.24144457280635834;0.4364110678434372;0.5463205724954605;0.01780733687337488;0.4612153470516205;0.8340826630592346;-0.016354954956720274;0.45946556329727173;0.8076303005218506;0.24095173676808676
6.1;0.4355701208114624;0.28782740235328674;-0.10395656526088715;0.46406370401382446;0.34347593784332275;-0.23219682276248932;0.4552370607852936;0.3475435972213745;0.03268516808748245;0.4608727991580963;0.4530825912952423;-0.2533256709575653;0.4521869719028473;0.44920089840888977;0.06972862780094147;0.4629504084587097;0.5270939469337463;-0.07916893064975739;0.4563477039337158;0.5260170698165894;0.07910226285457611;0.4616926908493042;0.6751711368560791;-0.04273492842912674;0.46084851026535034;0.6674753427505493;0.15100868046283722;0.4401104211807251;0.26835069358348845;-0.12849622629582882;0.4351303055882454;0.5639869272708893;-0.23847876489162445;0.4348873198032379;0.5439863502979279;0.019380925281438977;0.4611921509106954;0.8343508044878641;-0.017771187393615644;0.45967166622479755;0.8079325358072916;0.23855618635813394
6.13;0.435729056596756;0.28803950548171997;-0.10163497179746628;0.46437767148017883;0.34380868077278137;-0.23114383220672607;0.45528626441955566;0.3478001654148102;0.03527103736996651;0.46017053723335266;0.4533432722091675;-0.25230666995048523;0.4510495066642761;0.4490390121936798;0.07233516871929169;0.4620950222015381;0.5271205306053162;-0.07885798066854477;0.4557534456253052;0.5261045694351196;0.07878316193819046;0.461385041475296;0.6750810146331787;-0.04142893850803375;0.46082329750061035;0.6677926778793335;0.14557871222496033;0.44011322855949403;0.2684936821460724;-0.12619421519339086;0.43393804132938385;0.5638248175382614;-0.23622365668416023;0.4338679239153862;0.5428291708230972;0.020987249445170164;0.4611751039822896;0.83433069785436;-0.014942832912007967;0.4600989619890849;0.807987908522288;0.23104527095953623
6.17;0.4357529878616333;0.2883998453617096;-0.10093633085489273;0.46441924571990967;0.34399840235710144;-0.2306704819202423;0.4550709128379822;0.3479723334312439;0.03671904280781746;0.4596495032310486;0.45351365208625793;-0.25142520666122437;0.44930392503738403;0.4483864903450012;0.07283307611942291;0.4614124000072479;0.5280627608299255;-0.07891406118869781;0.45400747656822205;0.526801347732544;0.07883797585964203;0.46151572465896606;0.6753200888633728;-0.04173910990357399;0.4599684476852417;0.6690400838851929;0.1465275138616562;0.44003725051879883;0.26867655813694;-0.12549040615558624;0.43273403495550156;0.5638014525175095;-0.23818229883909225;0.42985904961824417;0.5374239981174469;0.021671902271918952;0.46116186181704205;0.8343870242436727;-0.015499046072363853;0.46004902323087055;0.807864248752594;0.23496167361736298
6.2;0.43564265966415405;0.28869712352752686;-0.1003391370177269;0.4643409252166748;0.34432077407836914;-0.23046302795410156;0.4549291133880615;0.3481309711933136;0.039937589317560196;0.4591105580329895;0.45402634143829346;-0.2510823607444763;0.4470670521259308;0.44764444231987;0.08250263333320618;0.460241436958313;0.5289216637611389;-0.07895917445421219;0.45348218083381653;0.527370035648346;0.07889015972614288;0.46125736832618713;0.675380527973175;-0.0393713042140007;0.4598701000213623;0.6697035431861877;0.1459706723690033;0.4399598866701126;0.26894240975379946;-0.12489459924399852;0.43141552805900574;0.5640448033809662;-0.23680857196450233;0.4271710142493248;0.5272637754678726;0.0321908057667315;0.46112703283627826;0.8343715866406759;-0.008687882373730341;0.46007925271987915;0.8078696529070536;0.23478473722934723
6.23;0.4355214238166809;0.28889456391334534;-0.0959068089723587;0.46415975689888;0.34484729170799255;-0.22658662497997284;0.4547497034072876;0.34864965081214905;0.043095823377370834;0.4584887623786926;0.4543338119983673;-0.24521438777446747;0.4454905092716217;0.4472680389881134;0.08514907956123352;0.45963630080223083;0.5296493768692017;-0.07895767688751221;0.45244351029396057;0.5279401540756226;0.07888354361057281;0.46126264333724976;0.6755884885787964;-0.03908243775367737;0.4592193067073822;0.6710721850395203;0.13844062387943268;0.43986531496047976;0.2690819948911667;-0.12013448625802994;0.43102699518203735;0.5641455203294754;-0.23045680671930313;0.42648669332265854;0.5274051874876022;0.03465353278443217;0.46111927429835003;0.8346692522366842;-0.007550507163008054;0.4600671927134196;0.8089194496472677;0.21812979876995087
6.27;0.4354289174079895;0.2890423536300659;-0.0929618775844574;0.46397659182548523;0.3450608551502228;-0.22473667562007904;0.45467832684516907;0.3489843010902405;0.04558754339814186;0.45799389481544495;0.4543704688549042;-0.24406760931015015;0.4451488256454468;0.4466598331928253;0.08742517232894897;0.45858797430992126;0.5296524167060852;-0.07899501919746399;0.4522164762020111;0.5279558300971985;0.07892300933599472;0.46118447184562683;0.6759248971939087;-0.039217542856931686;0.4587250351905823;0.6717474460601807;0.13688960671424866;0.43978157341480256;0.26924026310443877;-0.1172216460108757;0.43040695786476135;0.5639151781797409;-0.23028301820158958;0.4264642670750618;0.5278957337141037;0.036636519711464643;0.4610958695411682;0.8348135948181152;-0.009696880976359049;0.4600955843925476;0.809329072634379;0.2150276154279709
6.3;0.4353296458721161;0.2891586720943451;-0.09320347011089325;0.4638718366622925;0.3462950885295868;-0.22490651905536652;0.454609751701355;0.34964609146118164;0.04553535208106041;0.457098126411438;0.455971896648407;-0.24424856901168823;0.4450538456439972;0.4466853439807892;0.08648484945297241;0.4579993486404419;0.5297849178314209;-0.07915175706148148;0.45179659128189087;0.5281372666358948;0.07907509058713913;0.4611952304840088;0.6768689751625061;-0.04125737398862839;0.45848241448402405;0.6735632419586182;0.13749569654464722;0.43973368704319;0.2693518489599228;-0.11749536842107773;0.43009577691555023;0.5641578435897827;-0.2309368997812271;0.4266330972313881;0.5298471599817276;0.03593356115743518;0.4610578417778015;0.8357790311177572;-0.016583761821190517;0.4598509669303894;0.8100057442982992;0.2197472800811132
6.33;0.4353128969669342;0.28923457860946655;-0.0948462188243866;0.46380820870399475;0.3467433750629425;-0.22496771812438965;0.4545883238315582;0.3500453531742096;0.04200071841478348;0.45685088634490967;0.4560330808162689;-0.24433733522891998;0.44473618268966675;0.4472440779209137;0.08362985402345657;0.45734232664108276;0.5297237038612366;-0.07900308072566986;0.4511333107948303;0.5282401442527771;0.07892737537622452;0.461520254611969;0.6768543720245361;-0.0424715131521225;0.45831379294395447;0.6737311482429504;0.13866916298866272;0.43966399431228637;0.26946552395820617;-0.11911061108112335;0.430361807346344;0.5642224997282028;-0.231426190584898;0.42716432362794876;0.5323111265897751;0.035754249431192875;0.46111690004666644;0.8360466162363688;-0.02071014155323307;0.4595567584037781;0.8102409640947977;0.22073549032211304
