segundo;landmark_10_x;landmark_10_y;landmark_10_z;landmark_11_x;landmark_11_y;landmark_11_z;landmark_12_x;landmark_12_y;landmark_12_z;landmark_13_x;landmark_13_y;landmark_13_z;landmark_14_x;landmark_14_y;landmark_14_z;landmark_23_x;landmark_23_y;landmark_23_z;landmark_24_x;landmark_24_y;landmark_24_z;landmark_25_x;landmark_25_y;landmark_25_z;landmark_26_x;landmark_26_y;landmark_26_z;cara_prom_x;cara_prom_y;cara_prom_z;mano_izquierda_prom_x;mano_izquierda_prom_y;mano_izquierda_prom_z;mano_derecha_prom_x;mano_derecha_prom_y;mano_derecha_prom_z;pie_izquierdo_prom_x;pie_izquierdo_prom_y;pie_izquierdo_prom_z;pie_derecho_prom_x;pie_derecho_prom_y;pie_derecho_prom_z;;Etiqueta
0.03;0.37750229239463806;0.2089380919933319;-0.22385799884796143;0.43225207924842834;0.29709404706954956;-0.11582926660776138;0.340727835893631;0.29123640060424805;-0.09085008502006531;0.4358031153678894;0.4364752173423767;-0.0914032831788063;0.33079084753990173;0.42108237743377686;-0.07355821877717972;0.41274476051330566;0.5439290404319763;-0.010996406897902489;0.36059871315956116;0.54099041223526;0.01096992939710617;0.4179869294166565;0.7218434810638428;0.019636498764157295;0.3649807572364807;0.7208517789840698;0.04185793548822403;0.38403635025024413;0.18298041373491286;-0.22596134692430497;0.38771411776542664;0.5438158512115479;-0.17754903063178062;0.37079764902591705;0.5350953787565231;-0.17431875318288803;0.41740896304448444;0.9022235075632731;0.1102439413468043;0.36760661005973816;0.9076938629150391;0.1280243086318175;;vertical
0.07;0.3779281675815582;0.21106411516666412;-0.2543518543243408;0.43226170539855957;0.2991933226585388;-0.1305733323097229;0.3403381407260895;0.29256418347358704;-0.11185488849878311;0.4354117512702942;0.43847253918647766;-0.10158777236938477;0.33105751872062683;0.42385047674179077;-0.09056321531534195;0.41261035203933716;0.5399878621101379;-0.012327940203249454;0.36037442088127136;0.5405983328819275;0.012331578880548477;0.4185846745967865;0.7201554775238037;-0.0001989940064959228;0.36474019289016724;0.7208865880966187;0.03695371747016907;0.3845007300376892;0.18464073091745375;-0.2572550803422928;0.387233704328537;0.543830469250679;-0.19062773883342743;0.3717813566327095;0.5381089001893997;-0.1953122690320015;0.419018159310023;0.9017953077952067;0.0862504132091999;0.3677658538023631;0.9082451462745667;0.11248895898461342;;vertical
0.1;0.3783862292766571;0.21261323988437653;-0.2580893635749817;0.4322558045387268;0.30105435848236084;-0.13341300189495087;0.3401026129722595;0.2934374213218689;-0.11755020171403885;0.43496173620224;0.44070202112197876;-0.1049412339925766;0.33107855916023254;0.4250493347644806;-0.09879125654697418;0.4124794602394104;0.538540780544281;-0.012307285331189632;0.36006489396095276;0.5403490662574768;0.012310364283621311;0.4189246594905853;0.719091534614563;-0.0024605849757790565;0.3646833598613739;0.7210178971290588;0.03423639386892319;0.38486447930336;0.185698464512825;-0.26055948138237;0.38628219068050385;0.544194370508194;-0.1944059282541275;0.372345469892025;0.5401724427938461;-0.20311415567994118;0.4194718798001607;0.9015140732129415;0.08967745210975409;0.3682231108347575;0.9081412355105082;0.11358258624871571;;vertical
0.13;0.37852638959884644;0.21388909220695496;-0.26641085743904114;0.43220385909080505;0.3027710020542145;-0.13890624046325684;0.33973273634910583;0.29417484998703003;-0.12534333765506744;0.43446382880210876;0.4425511658191681;-0.11043726652860641;0.3310719132423401;0.427592009305954;-0.1070621982216835;0.41243064403533936;0.5381519794464111;-0.012276691384613514;0.3598954975605011;0.5402560830116272;0.012280968017876148;0.4190409779548645;0.718980610370636;-0.0037185358814895153;0.36470827460289;0.7215827107429504;0.031793925911188126;0.3850205957889557;0.1865378737449646;-0.26871671080589293;0.38568399101495743;0.5450659245252609;-0.20101194456219673;0.372866228222847;0.5418614149093628;-0.21061376482248306;0.4199753999710083;0.9017199873924255;0.09298711953063805;0.3683676024278005;0.9081193804740906;0.11454121147592862;;vertical
0.17;0.3786216676235199;0.2148783951997757;-0.26718252897262573;0.4320009648799896;0.3032743036746979;-0.13910365104675293;0.33913150429725647;0.29453203082084656;-0.1251574605703354;0.43420255184173584;0.44319266080856323;-0.11087607592344284;0.33087700605392456;0.42918556928634644;-0.10671460628509521;0.41238367557525635;0.5379553437232971;-0.012258397415280342;0.3598770201206207;0.5402502417564392;0.012261557392776012;0.41911110281944275;0.7184854745864868;-0.006000349763780832;0.3647804260253906;0.721680760383606;0.03001805953681469;0.38513498306274413;0.18726410567760468;-0.2695063903927803;0.3855244442820549;0.5452681481838226;-0.20258226990699768;0.3731803596019745;0.5426882356405258;-0.20993243902921677;0.4199096957842509;0.9013873140017191;0.09392327287544806;0.3685666620731354;0.9077627857526144;0.11444256330529849;;vertical
0.2;0.3786690831184387;0.21583980321884155;-0.2653404176235199;0.43179163336753845;0.3033822774887085;-0.13812978565692902;0.3385677933692932;0.29453882575035095;-0.12293625622987747;0.4340643882751465;0.4435003399848938;-0.11027926951646805;0.33068418502807617;0.42935532331466675;-0.10419578105211258;0.41229599714279175;0.5380035042762756;-0.012225951068103313;0.3598212003707886;0.5402501821517944;0.012233237735927105;0.4191388189792633;0.7182661890983582;-0.004750809166580439;0.3647820055484772;0.7216769456863403;0.02858826331794262;0.38516422510147097;0.1879259616136551;-0.26805511564016343;0.38547171652317047;0.5454913228750229;-0.20243682712316513;0.3732662722468376;0.543516680598259;-0.2077360898256302;0.4199362297852834;0.9005625049273173;0.09503988859554131;0.3685768445332845;0.9074843327204386;0.11372254167993863;;vertical
0.23;0.3788391351699829;0.2172136902809143;-0.27061453461647034;0.43158793449401855;0.30339688062667847;-0.143411785364151;0.3381372392177582;0.29454609751701355;-0.12639738619327545;0.43400073051452637;0.4436326324939728;-0.11537390202283859;0.33048754930496216;0.4292268753051758;-0.10669726133346558;0.4122723340988159;0.5380487442016602;-0.012421381659805775;0.3597489893436432;0.540251612663269;0.012431269511580467;0.4193555414676666;0.7177755832672119;-0.006637662649154663;0.3647839426994324;0.72159343957901;0.029692761600017548;0.3852019876241684;0.18903759717941285;-0.27388318330049516;0.38542235642671585;0.5459442585706711;-0.20723272114992142;0.37334729731082916;0.5442164838314056;-0.20871401950716972;0.4200230936209361;0.9004574020703634;0.09190015153338511;0.36858584483464557;0.907115638256073;0.1146311250825723;;vertical
0.27;0.378865510225296;0.2179715633392334;-0.26992854475975037;0.43140965700149536;0.3033911883831024;-0.14148585498332977;0.33746957778930664;0.29501527547836304;-0.1281362622976303;0.43395373225212097;0.4435372054576874;-0.11271502822637558;0.33006423711776733;0.42908522486686707;-0.10851418226957321;0.41224971413612366;0.5379601716995239;-0.012282833456993103;0.3596789836883545;0.5401403903961182;0.012298517860472202;0.41965451836586;0.7172769904136658;-0.007952163927257061;0.36479097604751587;0.7213649153709412;0.027692224830389023;0.38514899611473086;0.18966888040304183;-0.27293754667043685;0.3860521838068962;0.5462011247873306;-0.2038731798529625;0.3732689768075943;0.5442959666252136;-0.20952017977833748;0.4201735059420268;0.9004704554875692;0.08725122859080632;0.368586132923762;0.9067659179369608;0.11066235974431038;;vertical
0.3;0.3788537383079529;0.2188892662525177;-0.25585880875587463;0.4310968816280365;0.30334141850471497;-0.12827380001544952;0.3366766571998596;0.2955758273601532;-0.11594811826944351;0.433959424495697;0.4434635043144226;-0.0986364558339119;0.32909807562828064;0.428987056016922;-0.09444283694028854;0.4122215807437897;0.5382533669471741;-0.011988530866801739;0.3596614897251129;0.5406239032745361;0.012017907574772835;0.4197668433189392;0.7174339890480042;-0.008424786850810051;0.36481648683547974;0.7212827205657959;0.024091213941574097;0.3849451541900635;0.19050905406475066;-0.2584269821643829;0.38838696479797363;0.5461845099925995;-0.20189237967133522;0.37082456797361374;0.5442508012056351;-0.2029450461268425;0.4201980034510295;0.9009703993797302;0.08089184947311878;0.368700514237086;0.9064956108729044;0.10471798107028008;;vertical
0.33;0.3787361681461334;0.21931108832359314;-0.2559032738208771;0.43039146065711975;0.30331724882125854;-0.1284361481666565;0.33572426438331604;0.29607999324798584;-0.1136971265077591;0.4340801239013672;0.44339749217033386;-0.0974218025803566;0.3277973234653473;0.4289625585079193;-0.08822861313819885;0.41213420033454895;0.5414056777954102;-0.012013436295092106;0.35966017842292786;0.5445976257324219;0.012042272835969925;0.41978105902671814;0.7193272113800049;-0.00682345824316144;0.36480075120925903;0.7227354049682617;0.028000328689813614;0.3845622569322586;0.19112714678049086;-0.258441635966301;0.3889068216085434;0.5517198443412781;-0.1991242840886116;0.365649551153183;0.5460339188575745;-0.19855402037501335;0.42015978693962097;0.9016761978467306;0.084170152588437;0.3688146670659383;0.9062749544779459;0.12279519687096278;;vertical
0.37;0.3785032629966736;0.21954558789730072;-0.25553256273269653;0.42954114079475403;0.3030204176902771;-0.12876230478286743;0.3341006934642792;0.29738062620162964;-0.11175037175416946;0.43447422981262207;0.44281238317489624;-0.09817997366189957;0.3265784680843353;0.43052372336387634;-0.08612654358148575;0.41212135553359985;0.5479238629341125;-0.01210519578307867;0.3595901131629944;0.5518251061439514;0.012137027457356453;0.41978779435157776;0.7246257066726685;-0.005926915910094976;0.3647960126399994;0.7272102236747742;0.036442358046770096;0.3839939206838608;0.19150237888097763;-0.2577285200357437;0.3934456631541252;0.5590585023164749;-0.20067979022860527;0.3617932200431824;0.5537829250097275;-0.19560834392905235;0.41997015476226807;0.9022905826568604;0.0979697226236264;0.36901776989301044;0.9059006174405416;0.15279104808966318;;vertical
0.4;0.37814047932624817;0.22020091116428375;-0.22599641978740692;0.4280446469783783;0.3029581904411316;-0.10792677104473114;0.33294960856437683;0.2989215552806854;-0.0879431664943695;0.4350411891937256;0.44196051359176636;-0.0759706124663353;0.3239768147468567;0.43064478039741516;-0.0654604583978653;0.41199615597724915;0.5531044602394104;-0.011849538423120975;0.35958465933799744;0.5559871196746826;0.011889567598700523;0.4198352098464966;0.7289817929267883;-0.011106476187705994;0.3649316132068634;0.7304685115814209;0.026395518332719803;0.38326873779296877;0.19211920946836472;-0.22713771015405654;0.4016825333237648;0.5652821063995361;-0.18398556858301163;0.35424208641052246;0.5610806941986084;-0.1734631285071373;0.4199557999769847;0.9025012850761414;0.11338301375508308;0.36901644865671795;0.9058984120686849;0.14204354832569757;;vertical
0.43;0.3768633008003235;0.2203521430492401;-0.22081442177295685;0.4261481463909149;0.3028097450733185;-0.10538123548030853;0.33127519488334656;0.29992997646331787;-0.08601059019565582;0.43552249670028687;0.44000598788261414;-0.07411886006593704;0.32125571370124817;0.43347683548927307;-0.0642724335193634;0.41195377707481384;0.5553233027458191;-0.012026999145746231;0.35958734154701233;0.5579901933670044;0.012076256796717644;0.4194628596305847;0.7292864322662354;-0.011055268347263336;0.3647104799747467;0.7309443354606628;0.030364718288183212;0.3820172518491745;0.192205511033535;-0.22193711698055268;0.4087211340665817;0.5682164430618286;-0.18038273602724075;0.3479820266366005;0.5694138556718826;-0.1679600365459919;0.4195592999458313;0.9014838337898254;0.11180884018540382;0.36882883310317993;0.905522366364797;0.15199955056111017;;vertical
0.47;0.375603586435318;0.22051222622394562;-0.2017117440700531;0.4238588213920593;0.302378386259079;-0.09178440272808075;0.32920050621032715;0.3007446527481079;-0.07186219841241837;0.43622174859046936;0.43950679898262024;-0.05884656682610512;0.3198413848876953;0.434989869594574;-0.04731469601392746;0.41193604469299316;0.5565446615219116;-0.012547735124826431;0.35958603024482727;0.5590203404426575;0.01259739138185978;0.4189971089363098;0.7315233945846558;-0.009891045279800892;0.3647611141204834;0.7313845157623291;0.030419595539569855;0.3806708335876465;0.1922367572784424;-0.20223698914051055;0.4159466624259949;0.5725514143705368;-0.16046488657593727;0.3427858054637909;0.5745424181222916;-0.1442408449947834;0.4191625416278839;0.9018022020657858;0.11785871908068657;0.36860547463099164;0.9067002733548483;0.14861501256624857;;vertical
0.5;0.37414807081222534;0.22070683538913727;-0.1998530626296997;0.4224419891834259;0.3018014132976532;-0.08509639650583267;0.32680195569992065;0.3017173409461975;-0.07783633470535278;0.4362446665763855;0.438686341047287;-0.04907457157969475;0.31752851605415344;0.4400976598262787;-0.0574507974088192;0.4118526875972748;0.5571312308311462;-0.011048857122659683;0.3596045672893524;0.5603435635566711;0.011112770065665245;0.41820019483566284;0.7339574694633484;0.010519158095121384;0.36493581533432007;0.7317538857460022;0.03519207984209061;0.3792355418205261;0.1922985091805458;-0.2003149703145027;0.42107144743204117;0.5746748745441437;-0.15311888977885246;0.3400416225194931;0.5825421512126923;-0.15351012349128723;0.41800229748090106;0.9017646114031473;0.132530448337396;0.36793622374534607;0.9081432819366455;0.1521886537472407;;vertical
0.53;0.37296062707901;0.22067639231681824;-0.20198051631450653;0.4204208552837372;0.30067721009254456;-0.09591261297464371;0.3239947259426117;0.3036379814147949;-0.0888352319598198;0.4361031949520111;0.4353402853012085;-0.056162819266319275;0.3161467909812927;0.44522491097450256;-0.06109151244163513;0.4118592143058777;0.5563990473747253;-0.011003951542079449;0.3595573604106903;0.5598119497299194;0.011058825068175793;0.4185480773448944;0.7337119579315186;0.012850901111960411;0.36495715379714966;0.7314794063568115;0.03593664616346359;0.3773863136768341;0.19199421405792236;-0.20820229202508928;0.4247993677854538;0.576534241437912;-0.158394955098629;0.3370169326663017;0.5879219025373459;-0.1600121706724167;0.42052091161410016;0.9020046989123026;0.1343808968861898;0.3677116831143697;0.9089235862096151;0.15444867064555487;;vertical
0.57;0.37246692180633545;0.22067533433437347;-0.24747928977012634;0.4182054400444031;0.30027511715888977;-0.10989894717931747;0.3224705457687378;0.30404484272003174;-0.11721932142972946;0.43595412373542786;0.4351614713668823;-0.06251774728298187;0.3139294981956482;0.44604432582855225;-0.08711224049329758;0.4117203950881958;0.5557826161384583;-0.010976694524288177;0.35926875472068787;0.5593364834785461;0.011021383106708527;0.41848084330558777;0.73532634973526;0.018247127532958984;0.36464497447013855;0.7326492667198181;0.04204193130135536;0.37642042338848114;0.19159625023603438;-0.24954921901226043;0.4306725785136223;0.5807914882898331;-0.16383639350533485;0.33377283066511154;0.5901955962181091;-0.17769668996334076;0.4206372598807017;0.902332584063212;0.15312030663092932;0.36721449096997577;0.909098486105601;0.17277425279219946;;vertical
0.6;0.37259986996650696;0.22111175954341888;-0.2461250275373459;0.41617152094841003;0.3002631366252899;-0.10760553926229477;0.32075321674346924;0.3046671748161316;-0.12180899828672409;0.43522047996520996;0.4327618479728699;-0.050972241908311844;0.31180596351623535;0.4466102719306946;-0.09343661367893219;0.4116817116737366;0.5553514957427979;-0.008982599712908268;0.35918015241622925;0.5598737001419067;0.009000417776405811;0.4183836877346039;0.7359482049942017;0.019443299621343613;0.36464712023735046;0.7341970205307007;0.04190630838274956;0.37587049305438996;0.1918139174580574;-0.24740620255470275;0.4359801337122917;0.5811436474323273;-0.1485216375440359;0.33281198889017105;0.5931036919355392;-0.17764785885810852;0.4206031064192454;0.9008119702339172;0.17560193687677383;0.3669128318627675;0.9094227353731791;0.17524431149164835;;vertical
0.63;0.37273359298706055;0.2211800217628479;-0.22256408631801605;0.4146857261657715;0.30028480291366577;-0.07948455959558487;0.3189222514629364;0.305213063955307;-0.11746815592050552;0.4342857003211975;0.4321078062057495;-0.022452928125858307;0.31106844544410706;0.44664764404296875;-0.09588588029146194;0.41153818368911743;0.555126428604126;-0.0016762189334258437;0.3590448200702667;0.5608680248260498;0.001710651209577918;0.4183671772480011;0.7363782525062561;0.02999303676187992;0.3646770417690277;0.7351877093315125;0.034135982394218445;0.37550567984580996;0.19189124554395676;-0.2207702398300171;0.43901045620441437;0.5799195766448975;-0.12322589941322803;0.33262380212545395;0.592531219124794;-0.17754508554935455;0.4207169711589813;0.9003599484761556;0.17354888220628104;0.36692558725674945;0.909505287806193;0.16609291980663934;;vertical
0.67;0.3717767596244812;0.22110258042812347;-0.24588926136493683;0.41433286666870117;0.30030983686447144;-0.08925486356019974;0.3190140724182129;0.3053775131702423;-0.1325681209564209;0.43427589535713196;0.4316500425338745;-0.03278153017163277;0.31065887212753296;0.4469086229801178;-0.10823734104633331;0.4114726781845093;0.5550177097320557;0.0025898634921759367;0.3587670922279358;0.5611595511436462;-0.0025863186456263065;0.4183366596698761;0.7367663979530334;0.023571545258164406;0.3646880090236664;0.7357912063598633;0.02162800170481205;0.3744621127843857;0.19181450456380844;-0.24281931668519974;0.4414204806089401;0.5789090842008591;-0.12967261113226414;0.33217379450798035;0.5937688648700714;-0.1913709118962288;0.4186805486679077;0.9056171377499899;0.15826401362816492;0.3670210540294647;0.9096807638804117;0.16299884269634882;;vertical
0.7;0.375445157289505;0.22066256403923035;-0.23654873669147491;0.4134581983089447;0.30023759603500366;-0.07264291495084763;0.31949517130851746;0.305355429649353;-0.13999810814857483;0.43416497111320496;0.4287370443344116;-0.006170641630887985;0.3106105625629425;0.4465275704860687;-0.12170595675706863;0.41136083006858826;0.5548312664031982;0.011933769099414349;0.35868558287620544;0.5614780187606812;-0.011925558559596539;0.4183441996574402;0.7364798188209534;0.036946360021829605;0.3646509051322937;0.736441433429718;0.012713617645204067;0.37615669667720797;0.19176947921514512;-0.2296641543507576;0.4457708150148392;0.5751489847898483;-0.10535889118909836;0.33201298117637634;0.5938983857631683;-0.19968383014202118;0.41828381021817523;0.9063724478085836;0.17843995491663614;0.3670501708984375;0.9105417728424072;0.15719186266263327;;vertical
0.73;0.37827110290527344;0.2206912785768509;-0.2407643347978592;0.412701815366745;0.3001759350299835;-0.07088342308998108;0.3200515806674957;0.3051900863647461;-0.16638772189617157;0.433887243270874;0.4253475069999695;-0.00040876815910451114;0.31019696593284607;0.4464663565158844;-0.1561937928199768;0.4111168086528778;0.5546841025352478;0.026595842093229294;0.35866284370422363;0.561985433101654;-0.026608625426888466;0.41838812828063965;0.7335667014122009;0.07240955531597137;0.36464840173721313;0.7365264892578125;0.012601092457771301;0.378302001953125;0.1922132968902588;-0.23404371440410615;0.446229912340641;0.570458397269249;-0.10056482069194317;0.3324631452560425;0.5934765934944153;-0.2291029877960682;0.41876845558484393;0.9056256214777628;0.21786010265350342;0.3669446110725403;0.911442498366038;0.15766827017068863;;girando
0.77;0.3816070854663849;0.22176074981689453;-0.24190013110637665;0.412448525428772;0.30016741156578064;-0.06887677311897278;0.3204304575920105;0.30466344952583313;-0.17525701224803925;0.43347182869911194;0.42420709133148193;0.004823502618819475;0.31063735485076904;0.4462043344974518;-0.1629190295934677;0.4108196198940277;0.5545729994773865;0.031750813126564026;0.3586677014827728;0.5625573396682739;-0.03176186606287956;0.4184860587120056;0.729668915271759;0.0842304676771164;0.3645972013473511;0.7369028329849243;0.010213225148618221;0.38172765374183654;0.19419745951890946;-0.23633962720632554;0.4459019675850868;0.5667397081851959;-0.0911334976553917;0.33325396478176117;0.5941821485757828;-0.2305152341723442;0.4175477723280589;0.9037540555000305;0.21728848914305368;0.36695338288942975;0.9125532706578573;0.1487525204817454;;girando
0.8;0.3848145008087158;0.22288161516189575;-0.24412797391414642;0.41293129324913025;0.3001800775527954;-0.0706888884305954;0.3204978108406067;0.3037622570991516;-0.17991101741790771;0.43290814757347107;0.42470642924308777;0.0036791684105992317;0.31097328662872314;0.44536590576171875;-0.16744127869606018;0.4102485179901123;0.5545223951339722;0.0326634980738163;0.35867801308631897;0.5632278323173523;-0.03266176953911781;0.4191594123840332;0.7218627333641052;0.09587877988815308;0.36459800601005554;0.7368014454841614;0.01344758365303278;0.3851934224367142;0.19520607441663743;-0.23855192512273787;0.446015402674675;0.5647129118442535;-0.08847334794700146;0.3336508646607399;0.5931841284036636;-0.23219329491257668;0.41812753677368164;0.8965697487195333;0.2245490998029709;0.3672343095143636;0.9124851226806641;0.1488220045963923;;girando
0.83;0.3868796229362488;0.22437164187431335;-0.26386189460754395;0.41324254870414734;0.3001404106616974;-0.07319379597902298;0.3214017450809479;0.30349797010421753;-0.2038230299949646;0.43220120668411255;0.42500045895576477;-0.006862150505185127;0.3119348883628845;0.44557133316993713;-0.19518809020519257;0.4097610116004944;0.5561865568161011;0.03768393024802208;0.35905513167381287;0.5660173892974854;-0.03768492117524147;0.42028218507766724;0.7183456420898438;0.11421619355678558;0.3646725118160248;0.7367118000984192;0.015617577359080315;0.38740732669830324;0.19663103371858598;-0.26018349826335907;0.44567395001649857;0.5647590458393097;-0.09942151978611946;0.3339894562959671;0.5960237234830856;-0.25855204090476036;0.4162999093532562;0.8892175753911337;0.24878443280855814;0.36741430560747784;0.9116952617963155;0.15516639252503714;;girando
0.87;0.3897917866706848;0.2249789834022522;-0.25319164991378784;0.41346409916877747;0.30014288425445557;-0.059837356209754944;0.3242913484573364;0.30226320028305054;-0.20278871059417725;0.43181484937667847;0.42611128091812134;0.011234533973038197;0.31456485390663147;0.44545236229896545;-0.20083193480968475;0.4095485508441925;0.5572807192802429;0.045315809547901154;0.35988229513168335;0.5665976405143738;-0.04531340301036835;0.4214306175708771;0.7172437310218811;0.12539763748645782;0.36525923013687134;0.7366436123847961;0.013647390529513359;0.39035399854183195;0.1977161392569542;-0.24405399560928345;0.44513043761253357;0.5647038817405701;-0.07950988598167896;0.3344208896160126;0.5953013747930527;-0.2603040039539337;0.4134885271390279;0.8839286168416342;0.26122307777404785;0.3670077423254649;0.9109096725781759;0.14847519993782043;;girando
0.9;0.39295265078544617;0.22648397088050842;-0.22647978365421295;0.4135269522666931;0.30032700300216675;-0.040413063019514084;0.3282444477081299;0.30166253447532654;-0.199091836810112;0.43104255199432373;0.4284856915473938;0.030319547280669212;0.3179013133049011;0.4451274871826172;-0.20100167393684387;0.40954482555389404;0.5590903162956238;0.049829501658678055;0.3616819679737091;0.5678059458732605;-0.04981587827205658;0.42187580466270447;0.717541515827179;0.1239326149225235;0.3659108281135559;0.7374195456504822;0.009115642867982388;0.39351915419101713;0.19909726977348327;-0.21933565884828568;0.44463498145341873;0.5650197863578796;-0.05562124773859978;0.33539576083421707;0.5952120125293732;-0.25504370406270027;0.41185757517814636;0.8826249639193217;0.25282861789067584;0.3666451573371887;0.9100865324338278;0.13947596897681555;;girando
0.93;0.3965298533439636;0.22673815488815308;-0.20284946262836456;0.4141656160354614;0.30090200901031494;-0.02290305495262146;0.3327525854110718;0.3016396164894104;-0.18991781771183014;0.43095117807388306;0.430465430021286;0.046881530433893204;0.3222733736038208;0.4449990689754486;-0.19440743327140808;0.4098168909549713;0.5595627427101135;0.0508333258330822;0.3644387722015381;0.5677814483642578;-0.050823748111724854;0.42145612835884094;0.7170361280441284;0.12757965922355652;0.3663453757762909;0.7373790144920349;0.009373010136187077;0.39680483043193815;0.19903875440359114;-0.19579172357916833;0.4444717466831207;0.5650381147861481;-0.036969741340726614;0.3368226885795593;0.5948294848203659;-0.2477162964642048;0.4120396375656128;0.8825510740280151;0.24921744068463644;0.3669024705886841;0.9098694523175558;0.13483207176129022;;girando
0.97;0.4014550447463989;0.22710050642490387;-0.18509915471076965;0.4147530198097229;0.3040314018726349;-0.00907388050109148;0.3379003703594208;0.30112630128860474;-0.19784459471702576;0.43061962723731995;0.43322476744651794;0.05728531628847122;0.32435381412506104;0.4449694752693176;-0.2133208066225052;0.41001096367836;0.561542809009552;0.0566520057618618;0.3671662211418152;0.5683917999267578;-0.056639060378074646;0.4203348755836487;0.7175742983818054;0.13736796379089355;0.36706313490867615;0.7377220988273621;0.007053096778690815;0.40075535476207735;0.19911959618330002;-0.17633633092045783;0.4440317153930664;0.5671646595001221;-0.01649128639837727;0.3392893224954605;0.5946244895458221;-0.2542816139757633;0.41180354356765747;0.883185605208079;0.25526947279771167;0.3671433627605438;0.9102025628089905;0.12978302935759226;;girando
1.0;0.40512096881866455;0.22874972224235535;-0.1829708069562912;0.41476646065711975;0.3056219518184662;-0.00944589264690876;0.3422580659389496;0.30070358514785767;-0.20665687322616577;0.429451048374176;0.4358311891555786;0.053831662982702255;0.32745593786239624;0.44470274448394775;-0.22378860414028168;0.4100741744041443;0.5631442666053772;0.05938209593296051;0.36911913752555847;0.5693203806877136;-0.059369973838329315;0.4184423089027405;0.7179099917411804;0.1382507085800171;0.3679444193840027;0.7390572428703308;0.002390004228800535;0.4041147530078888;0.2000486969947815;-0.17331821471452713;0.4436969980597496;0.5712117999792099;-0.015183215262368321;0.34199297428131104;0.5954207628965378;-0.25662369281053543;0.41117005546887714;0.8833623727162679;0.25365909934043884;0.36706464489301044;0.9111136595408121;0.12163631493846576;;girando
1.03;0.40881335735321045;0.2296440750360489;-0.15772020816802979;0.41518598794937134;0.3062833249568939;0.0037119060289114714;0.34639430046081543;0.3002760112285614;-0.20337919890880585;0.42642268538475037;0.43610677123069763;0.05874696001410484;0.3304522931575775;0.4446171224117279;-0.22929003834724426;0.410562127828598;0.56463623046875;0.060675714164972305;0.37085095047950745;0.5705398321151733;-0.060662124305963516;0.41692304611206055;0.7191346287727356;0.14508359134197235;0.3686266839504242;0.7416496872901917;0.002083654748275876;0.40791269242763517;0.2001923844218254;-0.1467432625591755;0.4424144849181175;0.5731717348098755;-0.0014892797807988245;0.34466753900051117;0.5959319621324539;-0.25478002429008484;0.4114072422186534;0.8831729888916016;0.2572651455799739;0.3667702078819275;0.9129090507825216;0.1186298243701458;;girando
1.07;0.41083675622940063;0.23391708731651306;-0.15688487887382507;0.41510793566703796;0.30764761567115784;0.007155746687203646;0.34914660453796387;0.3001611530780792;-0.21053074300289154;0.4248999059200287;0.43634989857673645;0.06297142803668976;0.3334704339504242;0.4444686472415924;-0.2400214970111847;0.4109855890274048;0.5649791955947876;0.06285768747329712;0.3727780878543854;0.5718557238578796;-0.06285371631383896;0.4162105619907379;0.719287633895874;0.14749930799007416;0.3700120747089386;0.7419903874397278;-0.0006251378217712045;0.4104891359806061;0.20287120789289476;-0.1452762708067894;0.44179172068834305;0.5745164453983307;0.00863820849917829;0.34811218082904816;0.5997889339923859;-0.2584584653377533;0.4117816388607025;0.8829500079154968;0.25544117391109467;0.3667970597743988;0.9134141405423483;0.11183082312345505;;girando
1.1;0.4131150543689728;0.23374365270137787;-0.15144120156764984;0.41507187485694885;0.31012067198753357;0.01746433787047863;0.3522859513759613;0.29985693097114563;-0.2154172658920288;0.4236529469490051;0.4386577606201172;0.06967591494321823;0.33780208230018616;0.4448884427547455;-0.24951213598251343;0.4114886522293091;0.5657835602760315;0.06617364287376404;0.3744036853313446;0.5719314217567444;-0.06616758555173874;0.4156012237071991;0.7193954586982727;0.14821115136146545;0.3709588646888733;0.7419434785842896;-0.006407264620065689;0.4127876341342926;0.20293951481580735;-0.13910095505416392;0.4412778243422508;0.5772359073162079;0.014579280512407422;0.3515830487012863;0.6017803996801376;-0.26596661657094955;0.4120276967684428;0.8838432828585306;0.2528521716594696;0.3664936025937398;0.9148691097895304;0.1005433922012647;;girando
1.13;0.4160120189189911;0.23343437910079956;-0.1273125559091568;0.41484785079956055;0.31100907921791077;0.04059353843331337;0.3558094799518585;0.29957816004753113;-0.20838840305805206;0.4228726923465729;0.43857020139694214;0.09045480936765671;0.3417135179042816;0.44478005170822144;-0.23905406892299652;0.41198354959487915;0.566275954246521;0.06894835829734802;0.3759221136569977;0.5718775391578674;-0.06895627081394196;0.4151345491409302;0.720370352268219;0.1486949771642685;0.3736828565597534;0.7418421506881714;-0.008343411609530449;0.4152671545743942;0.20291535854339598;-0.11380313299596309;0.4412989765405655;0.577100858092308;0.03533575567416847;0.3524766117334366;0.6013309061527252;-0.26063986495137215;0.4124823808670044;0.8864092230796814;0.25074360768000287;0.36672134200731915;0.9155507485071818;0.09664921710888545;;girando
1.17;0.41761550307273865;0.2329283058643341;-0.13561567664146423;0.4146226942539215;0.31174710392951965;0.04334143549203873;0.3604913055896759;0.29921865463256836;-0.21527613699436188;0.42297887802124023;0.43845701217651367;0.09520166367292404;0.34553784132003784;0.44479900598526;-0.2522200345993042;0.4126919209957123;0.5661161541938782;0.07435186207294464;0.3791145384311676;0.5714587569236755;-0.07438566535711288;0.4149070680141449;0.7206726670265198;0.15932311117649078;0.377566933631897;0.7409759163856506;-0.008224551565945148;0.41652122139930725;0.20282494723796846;-0.12171063609421254;0.44156866520643234;0.5769267380237579;0.03550677536986768;0.3553517609834671;0.6008879095315933;-0.26684699207544327;0.4122634430726369;0.8879402081171671;0.2650689035654068;0.3658897578716278;0.9162369767824808;0.10287930443882942;;girando
1.2;0.4202720820903778;0.23277315497398376;-0.14639367163181305;0.4129408597946167;0.31153643131256104;0.049824826419353485;0.3651221692562103;0.2987636625766754;-0.23865480720996857;0.42259106040000916;0.4383106529712677;0.1057601347565651;0.35139012336730957;0.4447602927684784;-0.27894872426986694;0.4122045040130615;0.5655897259712219;0.08558724820613861;0.38141992688179016;0.5703532099723816;-0.08566241711378098;0.41449877619743347;0.7207329273223877;0.17332938313484192;0.38247936964035034;0.7405239343643188;-0.01154404878616333;0.4184149205684662;0.202765554189682;-0.13125431649386882;0.44200704246759415;0.5768291801214218;0.04621149506419897;0.3579106330871582;0.6005561798810959;-0.29572898149490356;0.41088764866193134;0.889726996421814;0.28474269310633343;0.3647729257742564;0.9158427317937216;0.1046476736664772;;girando
1.23;0.4211313724517822;0.2321498841047287;-0.1526378095149994;0.4104197919368744;0.3112029433250427;0.05691260099411011;0.36955177783966064;0.29815876483917236;-0.2582051753997803;0.4199781119823456;0.4382326006889343;0.11975570023059845;0.35625314712524414;0.4438575208187103;-0.30032646656036377;0.41189563274383545;0.5633165836334229;0.09592828154563904;0.3830059766769409;0.5674609541893005;-0.09604120999574661;0.41454508900642395;0.7208332419395447;0.18717551231384277;0.3882584869861603;0.7395721077919006;-0.014474280178546906;0.41900561153888705;0.20263697803020478;-0.13769841715693473;0.44208621978759766;0.5760445147752762;0.06328558269888163;0.3617308810353279;0.5984017848968506;-0.31816160678863525;0.4118748406569163;0.8902114828427633;0.3081596295038859;0.365099161863327;0.9125834504763285;0.10678720722595851;;girando
1.27;0.42246466875076294;0.2318050116300583;-0.15488824248313904;0.4070693552494049;0.31019604206085205;0.06506317853927612;0.37256380915641785;0.2972434461116791;-0.2689458727836609;0.4179724156856537;0.43931111693382263;0.12858068943023682;0.36130207777023315;0.4415787160396576;-0.3121337890625;0.4099806547164917;0.562262237071991;0.10416270047426224;0.38313034176826477;0.5656713843345642;-0.10427358746528625;0.41436055302619934;0.7209150791168213;0.19820062816143036;0.39496973156929016;0.7390838265419006;-0.02205539494752884;0.42009669840335845;0.20257143080234527;-0.138870257884264;0.4425133094191551;0.576400026679039;0.07095720153301954;0.36582644283771515;0.5959997177124023;-0.3317297399044037;0.41151995460192364;0.8902204036712646;0.3283982574939728;0.3680218756198883;0.912906289100647;0.10019206628203392;;girando
1.3;0.4234461188316345;0.23112919926643372;-0.15770860016345978;0.40352311730384827;0.3080764412879944;0.06136390566825867;0.37551048398017883;0.29609429836273193;-0.2801717519760132;0.41600435972213745;0.44049713015556335;0.1255694478750229;0.3660205602645874;0.4412379264831543;-0.32331350445747375;0.40982744097709656;0.5580697655677795;0.10787016153335571;0.38538411259651184;0.561562180519104;-0.10799702256917953;0.41440433263778687;0.7209488749504089;0.20386242866516113;0.39850595593452454;0.7383444309234619;-0.03503544628620148;0.4207948386669159;0.20238518416881562;-0.14304876178503037;0.4423292204737663;0.5757671445608139;0.06830727215856314;0.3724464699625969;0.595392182469368;-0.34244709461927414;0.4113624890645345;0.8894773721694946;0.33566993474960327;0.37142128745714825;0.9133055408795675;0.07359371334314346;;girando
1.33;0.42453473806381226;0.23057086765766144;-0.1674172580242157;0.40068674087524414;0.3052479922771454;0.054182231426239014;0.37809115648269653;0.29586902260780334;-0.28652650117874146;0.4131195843219757;0.4403972327709198;0.11680735647678375;0.3680602014064789;0.4412494897842407;-0.3312079608440399;0.41004088521003723;0.5545615553855896;0.10975603759288788;0.39023932814598083;0.5578104853630066;-0.10987511277198792;0.4144342243671417;0.7206070423126221;0.2202218472957611;0.40228745341300964;0.7372740507125854;-0.03755003958940506;0.42168909907341;0.20231007486581803;-0.14961921833455563;0.4418466314673424;0.5742151290178299;0.059693438932299614;0.3779411017894745;0.5954821556806564;-0.3481615036725998;0.40926067034403485;0.8859318296114603;0.3645451267560323;0.3790242572625478;0.9148219029108683;0.05870002632339796;;girando
1.37;0.426028311252594;0.23014289140701294;-0.16778314113616943;0.3979785740375519;0.3019024729728699;0.06039423868060112;0.38063156604766846;0.29580792784690857;-0.2898699641227722;0.4067685604095459;0.43842047452926636;0.11786577105522156;0.37095168232917786;0.441263347864151;-0.34027156233787537;0.4100154638290405;0.5503606200218201;0.11437883228063583;0.3925298750400543;0.5548771619796753;-0.1144835352897644;0.41503605246543884;0.7190380692481995;0.22385475039482117;0.4062006175518036;0.7350637912750244;-0.030072934925556183;0.4231029212474823;0.20223990082740784;-0.15020502023398877;0.4378661662340164;0.5704257786273956;0.05448408517986536;0.38225143402814865;0.5952895730733871;-0.3615678921341896;0.40716801087061566;0.8851273059844971;0.3688250084718068;0.38751591245333356;0.9163569410641988;0.076117979362607;;girando
1.4;0.4267345368862152;0.22883032262325287;-0.16414068639278412;0.3949054181575775;0.2972334921360016;0.06728821992874146;0.3841111958026886;0.2954472601413727;-0.28636112809181213;0.4027595818042755;0.43480899930000305;0.1144733726978302;0.3771413266658783;0.44127902388572693;-0.3381408452987671;0.40708044171333313;0.5494387149810791;0.11325263231992722;0.3962598443031311;0.5548660755157471;-0.11334029585123062;0.4147735834121704;0.7175299525260925;0.21420884132385254;0.41208022832870483;0.734474241733551;-0.026996061205863953;0.4237842082977295;0.2018290191888809;-0.14565993510186673;0.4283827990293503;0.5695986896753311;0.051113216672092676;0.3878520503640175;0.5951173305511475;-0.3587834984064102;0.4069059093793233;0.8871963222821554;0.3524119555950165;0.3985475500424703;0.9205722212791443;0.07977603562176228;;girando
1.43;0.42758268117904663;0.2274705022573471;-0.14462685585021973;0.3921011686325073;0.29454708099365234;0.07407679408788681;0.38741248846054077;0.29458731412887573;-0.2744528353214264;0.3963768482208252;0.43405681848526;0.11147317290306091;0.38344377279281616;0.44106918573379517;-0.3216729760169983;0.40155237913131714;0.5484499335289001;0.10925288498401642;0.4000706672668457;0.5537523031234741;-0.10934313386678696;0.4138035774230957;0.7165396809577942;0.20436613261699677;0.41544049978256226;0.7343465685844421;-0.02622709609568119;0.4243942886590958;0.2012534722685814;-0.12727779857814311;0.41781362891197205;0.5695192962884903;0.047418571542948484;0.39666254073381424;0.593622699379921;-0.34236032515764236;0.4069184859593709;0.8913418451944987;0.33960190415382385;0.4061927596728007;0.9245998859405518;0.07459811493754387;;girando
1.47;0.4282420575618744;0.2264941781759262;-0.1219935268163681;0.38888633251190186;0.29346293210983276;0.0871131643652916;0.3916725516319275;0.29406604170799255;-0.25936266779899597;0.38733452558517456;0.434109091758728;0.11087390780448914;0.38887643814086914;0.4407402575016022;-0.30778083205223083;0.3942219316959381;0.5473653078079224;0.10713180154561996;0.39988020062446594;0.5525819063186646;-0.10720017552375793;0.41362982988357544;0.7161891460418701;0.17924994230270386;0.4169934391975403;0.7341035008430481;-0.037717826664447784;0.4249554842710495;0.20064420402050018;-0.10501934289932251;0.40571723133325577;0.5707411915063858;0.044492272194474936;0.40295393019914627;0.5923990607261658;-0.2978571280837059;0.4078875084718068;0.8967789808909098;0.27774954338868457;0.4140073359012604;0.9268789887428284;0.038472004855672516;;girando
1.5;0.4281589090824127;0.22324274480342865;-0.102555051445961;0.38623908162117004;0.29239097237586975;0.09710624814033508;0.39578959345817566;0.29335328936576843;-0.2410602569580078;0.3809925615787506;0.43394654989242554;0.10982584208250046;0.3958689868450165;0.4400935769081116;-0.2784196138381958;0.3898486793041229;0.5479604601860046;0.10793671756982803;0.4004223942756653;0.5532492995262146;-0.10802380740642548;0.4126531481742859;0.71616530418396;0.18003080785274506;0.4181603193283081;0.7341614365577698;-0.03844286501407623;0.42472948133945465;0.19838652163743972;-0.08569766636937856;0.39385102689266205;0.572440505027771;0.0369414146989584;0.410344198346138;0.5890213847160339;-0.24794577434659004;0.4094885488351186;0.8934794465700785;0.2830837666988373;0.4186876614888509;0.9259012937545776;0.0380062327409784;;girando
1.53;0.428184449672699;0.22287233173847198;-0.10782099515199661;0.3850609362125397;0.29185041785240173;0.09231636673212051;0.39983001351356506;0.29335102438926697;-0.2431342601776123;0.3765866756439209;0.43392327427864075;0.10622730106115341;0.4014984965324402;0.4403153359889984;-0.28144779801368713;0.38792261481285095;0.5498279929161072;0.10860368609428406;0.3993282914161682;0.5569996237754822;-0.10872320830821991;0.41225606203079224;0.7161933183670044;0.19272880256175995;0.41823941469192505;0.7347649931907654;-0.03625223785638809;0.4247004479169846;0.19811260849237441;-0.09139680471271276;0.3910118266940117;0.5767387747764587;0.037513749208301306;0.4160708039999008;0.5891038030385971;-0.2627672031521797;0.41079901655515033;0.8908027609189352;0.30921948949495953;0.4213702479998271;0.926332950592041;0.0527372767101042;;girando
1.57;0.4286038875579834;0.22292083501815796;-0.09609421342611313;0.38469240069389343;0.29240119457244873;0.09195394068956375;0.4037052094936371;0.2934858500957489;-0.2301965206861496;0.3764802813529968;0.43707337975502014;0.10288693755865097;0.40824177861213684;0.44419997930526733;-0.2679675221443176;0.3875730335712433;0.5521284341812134;0.10851726680994034;0.39947545528411865;0.5585954189300537;-0.10857433080673218;0.412319153547287;0.7165120840072632;0.174749493598938;0.416603147983551;0.7347764372825623;-0.033984340727329254;0.42488497495651245;0.19827828854322432;-0.08044522972777486;0.39199335128068924;0.5785315632820129;0.03891219198703766;0.420779787003994;0.5901690870523453;-0.250374473631382;0.413147767384847;0.890973170598348;0.278727521498998;0.4230477710564931;0.9262882471084595;0.042276365061601005;;girando
1.6;0.4284032881259918;0.2233327031135559;-0.07434321939945221;0.38360172510147095;0.29280033707618713;0.09429415315389633;0.40806981921195984;0.2938237190246582;-0.21956461668014526;0.3736863434314728;0.4380727708339691;0.09809868037700653;0.4136804938316345;0.4448440372943878;-0.24986642599105835;0.3889649212360382;0.5547818541526794;0.10843141376972198;0.4014427363872528;0.5622504949569702;-0.1083439439535141;0.4121474623680115;0.7183361649513245;0.1758548766374588;0.4167974889278412;0.736003577709198;-0.02459714747965336;0.4249408423900604;0.19883524775505065;-0.059113413852173835;0.39109814912080765;0.5768328756093979;0.034526262897998095;0.4260595515370369;0.5900129079818726;-0.21075276657938957;0.413435955842336;0.8912933667500814;0.28734853863716125;0.4273604253927867;0.9267747004826864;0.052875942861040436;;girando
1.63;0.4281737506389618;0.22573240101337433;-0.03054407611489296;0.38044440746307373;0.29548218846321106;0.08922796696424484;0.41492214798927307;0.2970103919506073;-0.2073589712381363;0.37083813548088074;0.4412005543708801;0.08421632647514343;0.4209982752799988;0.44957435131073;-0.22177927196025848;0.38856083154678345;0.5572202205657959;0.1061774492263794;0.40449145436286926;0.5664259791374207;-0.10633720457553864;0.4091217517852783;0.7188328504562378;0.20941880345344543;0.4175935685634613;0.7395793199539185;-0.002032381249591708;0.42484680116176604;0.2008575215935707;-0.017155867780093103;0.3881736025214195;0.5739717334508896;0.03312472580000758;0.4312167465686798;0.5896583944559097;-0.1454612761735916;0.41263818740844727;0.8897478779157003;0.3315987487634023;0.42840758959452313;0.9275129238764445;0.09196251009901364;;girando
1.67;0.42799150943756104;0.22670258581638336;-0.0033969974610954523;0.3768937587738037;0.2969573736190796;0.08881290256977081;0.42064327001571655;0.29969051480293274;-0.19678686559200287;0.3704269230365753;0.44188544154167175;0.07361837476491928;0.4257512092590332;0.4495692253112793;-0.20248106122016907;0.38733235001564026;0.5577999353408813;0.10192836076021194;0.4074806571006775;0.5670680999755859;-0.10225456953048706;0.4073556363582611;0.7188556790351868;0.22098186612129211;0.41913723945617676;0.7407663464546204;0.01082676649093628;0.4245606154203415;0.20156854689121245;0.007268961187219247;0.38789933919906616;0.5739496499300003;0.03070581192150712;0.43794605880975723;0.5916627794504166;-0.12082361802458763;0.41215213139851886;0.8893758455912272;0.3493863542874654;0.428455114364624;0.9275349775950114;0.1106784741083781;;girando
1.7;0.4279862940311432;0.22825264930725098;0.031892962753772736;0.3728801906108856;0.2986384630203247;0.07152062654495239;0.4279636740684509;0.3023567199707031;-0.16927574574947357;0.3686821162700653;0.44197022914886475;0.06493372470140457;0.4323263466358185;0.45200493931770325;-0.16543662548065186;0.3851996064186096;0.5593029260635376;0.09209717810153961;0.4115747809410095;0.5679601430892944;-0.09245177358388901;0.40247592329978943;0.7198984622955322;0.21879138052463531;0.42186203598976135;0.7440904974937439;0.015609802678227425;0.42489105761051177;0.2030779540538788;0.037699925154447554;0.3887293264269829;0.5720999091863632;0.03312028665095568;0.4446583539247513;0.5947044193744659;-0.08102056570351124;0.4113956689834595;0.8891561230023702;0.3527590235074361;0.42960046728452045;0.9283433159192404;0.10908875366051991;;girando
1.73;0.42882001399993896;0.23096516728401184;0.043554387986660004;0.3705900311470032;0.3006417453289032;0.06804674863815308;0.4335705637931824;0.3034581243991852;-0.15662381052970886;0.36675626039505005;0.4418298900127411;0.06632944941520691;0.4372442662715912;0.45278775691986084;-0.1532379537820816;0.3835608661174774;0.5608108639717102;0.08683131635189056;0.4140934348106384;0.5682815313339233;-0.08715201169252396;0.3997284770011902;0.7207046151161194;0.21582400798797607;0.4238598048686981;0.7460435032844543;0.013212442398071289;0.4255278050899506;0.20511586219072342;0.0481209147721529;0.38663747161626816;0.5704369395971298;0.03887596167623997;0.4485742971301079;0.5970627963542938;-0.07404528744518757;0.4101722439130147;0.8889901041984558;0.3492484192053477;0.4300993084907532;0.9284964005152384;0.10218443969885509;;girando
1.77;0.42894554138183594;0.23176154494285583;0.06688801199197769;0.3686288893222809;0.3025550842285156;0.062002941966056824;0.4381609857082367;0.3042336702346802;-0.1312851756811142;0.3634423017501831;0.44186559319496155;0.059821560978889465;0.44445186853408813;0.4538014531135559;-0.12495244294404984;0.3826233744621277;0.5612863302230835;0.0766947790980339;0.41813480854034424;0.5680732131004333;-0.07694296538829803;0.39906933903694153;0.7223570346832275;0.19008304178714752;0.4244435727596283;0.7470728158950806;0.017019163817167282;0.42553051114082335;0.2059651330113411;0.06784208752214908;0.38015805184841156;0.5693456679582596;0.04569551348686218;0.4527769684791565;0.5975515842437744;-0.035759640857577324;0.40948941310246784;0.8895364006360372;0.2993302543958028;0.4303961594899495;0.9287112355232239;0.09942909826834996;;girando
1.8;0.4288749396800995;0.2303282767534256;0.09300779551267624;0.36886993050575256;0.30247747898101807;0.0416136234998703;0.44241461157798767;0.30406609177589417;-0.10172884166240692;0.35935384035110474;0.4418204128742218;0.03467944264411926;0.44959503412246704;0.45356985926628113;-0.09810908883810043;0.38189128041267395;0.5612306594848633;0.06416486203670502;0.4210183918476105;0.5670101046562195;-0.06433747708797455;0.39783966541290283;0.7231584191322327;0.15013325214385986;0.4250139892101288;0.7466611266136169;0.020240379497408867;0.42397220730781554;0.20484380722045897;0.08758924752473832;0.3694499060511589;0.5691989362239838;0.029106760397553444;0.4549412280321121;0.597082644701004;-0.03074648790061474;0.40814080834388733;0.8899521629015604;0.2396721343199412;0.4299596846103668;0.9274428884188334;0.09769370158513387;;girando
1.83;0.42848077416419983;0.22696730494499207;0.1071973443031311;0.36883288621902466;0.3021537661552429;0.017514467239379883;0.4456884562969208;0.3042501211166382;-0.08154425770044327;0.3581849932670593;0.4413100779056549;0.014681831933557987;0.45540088415145874;0.45321959257125854;-0.06472768634557724;0.3819410502910614;0.5603742599487305;0.05513259023427963;0.4228054881095886;0.5660577416419983;-0.05527485907077789;0.3950926661491394;0.7236887216567993;0.1469496190547943;0.4249959886074066;0.7464601397514343;0.032754093408584595;0.42232994437217714;0.20177521407604218;0.09632538482546807;0.3566935956478119;0.5700589120388031;0.024505047127604485;0.4591773822903633;0.5941560417413712;0.007747883093543351;0.40499616662661236;0.889865497748057;0.24061407148838043;0.4294133086999257;0.927051842212677;0.1012299433350563;;girando
1.87;0.425861656665802;0.22148063778877258;0.12844611704349518;0.3674467206001282;0.3014344573020935;-0.007644416764378548;0.44994470477104187;0.30448228120803833;-0.05426986888051033;0.3567402958869934;0.4368591904640198;-0.011745668016374111;0.4614564776420593;0.4529026448726654;-0.03401098772883415;0.38151678442955017;0.5598527789115906;0.03585789352655411;0.4240080416202545;0.5657269358634949;-0.035973869264125824;0.39193645119667053;0.7242318391799927;0.15131457149982452;0.4243431091308594;0.7471290826797485;0.058794304728507996;0.4190733551979065;0.19666413366794586;0.11239239871501923;0.3519689217209816;0.5702231377363205;0.016443397849798203;0.4615873917937279;0.5929948389530182;0.03451929800212383;0.3992971380551656;0.8900118668874105;0.2597225656112035;0.4287527799606323;0.9284858306248983;0.12405663480361302;;girando
1.9;0.42281216382980347;0.21834750473499298;0.12657982110977173;0.36607539653778076;0.3014604151248932;-0.02598385699093342;0.45343342423439026;0.30589982867240906;-0.04488077759742737;0.35569244623184204;0.4367223381996155;-0.027172815054655075;0.4639398455619812;0.4535302519798279;-0.022325046360492706;0.38081657886505127;0.5596702098846436;0.02030046097934246;0.4245952069759369;0.5652938485145569;-0.020442551001906395;0.38890182971954346;0.727863073348999;0.1181236058473587;0.42390647530555725;0.7485840916633606;0.07818165421485901;0.4165308803319931;0.19296011030673982;0.10904400376603007;0.34900694340467453;0.5725241601467133;0.009420584421604872;0.46375618129968643;0.5931825041770935;0.04775029327720404;0.3922179639339447;0.8965350786844889;0.20731722315152487;0.42839620510737103;0.92988520860672;0.14478458960851034;;girando
1.93;0.4223497211933136;0.21750375628471375;0.12691569328308105;0.36554235219955444;0.3014482855796814;-0.03287150710821152;0.45530185103416443;0.3066870868206024;-0.03837919607758522;0.3553098142147064;0.43636852502822876;-0.036100395023822784;0.4652974605560303;0.4546416401863098;-0.021157333627343178;0.38017305731773376;0.5599478483200073;0.011925168335437775;0.42450129985809326;0.5658325552940369;-0.012067188508808613;0.38539937138557434;0.7312566637992859;0.10877105593681335;0.4238162040710449;0.7517942786216736;0.0942622646689415;0.41639746725559235;0.19149789959192276;0.10859631216153502;0.3481069579720497;0.5732156932353973;0.0030958552088122815;0.4653695300221443;0.5950035154819489;0.037510158494114876;0.3880109389623006;0.8992263277371725;0.19597098231315613;0.428291122118632;0.9309391578038534;0.17308578888575235;;girando
1.97;0.42224931716918945;0.21697993576526642;0.14140547811985016;0.3649725019931793;0.30067411065101624;-0.0328788086771965;0.457134872674942;0.3068065941333771;-0.02093527838587761;0.35395169258117676;0.43545642495155334;-0.03836200386285782;0.46580493450164795;0.45449298620224;0.00033263201476074755;0.37960687279701233;0.5599174499511719;0.0032125383149832487;0.4245656132698059;0.5657898187637329;-0.0033405697904527187;0.38393521308898926;0.7334226369857788;0.09011159092187881;0.42360520362854004;0.752305805683136;0.0936044231057167;0.4166692316532135;0.190821136534214;0.1210608328692615;0.3462578281760216;0.57338547706604;0.007193185156211257;0.46473439782857895;0.5949161052703857;0.06429508700966835;0.3835366368293762;0.9083604216575623;0.16829331715901694;0.4280437131722768;0.9312757054964701;0.1662215143442154;;girando
2.0;0.42042994499206543;0.21639005839824677;0.13723210990428925;0.364687442779541;0.29965847730636597;-0.041683562099933624;0.45836204290390015;0.30712154507637024;-0.02075028419494629;0.3528747260570526;0.4340272843837738;-0.04559936746954918;0.46646401286125183;0.4544392228126526;-0.0008698739111423492;0.37953782081604004;0.5595774054527283;-0.00043188343988731503;0.4253351092338562;0.5654422044754028;0.0002684889186639339;0.38150522112846375;0.7334482669830322;0.08547583967447281;0.4235716760158539;0.7526399493217468;0.10260964930057526;0.4158108979463577;0.19021668881177903;0.11685939468443393;0.3457934260368347;0.5733224749565125;0.0055044254986569285;0.46514414995908737;0.5948955863714218;0.06188505981117487;0.3802034854888916;0.9117087920506796;0.16289272407690683;0.42707693576812744;0.9310319026311239;0.17930260300636292;;girando
2.03;0.42002472281455994;0.21588806807994843;0.14148885011672974;0.36422744393348694;0.2990759313106537;-0.04274769499897957;0.4593842327594757;0.3085421323776245;-0.015139211900532246;0.35210540890693665;0.433725506067276;-0.04716145619750023;0.4674382209777832;0.4560423791408539;0.0021638558246195316;0.37923765182495117;0.5595464110374451;-0.006251459941267967;0.4261505901813507;0.5654174089431763;0.006107698194682598;0.3803631365299225;0.7340156435966492;0.06690151989459991;0.4235242009162903;0.7527148127555847;0.10662014782428741;0.415598002076149;0.18979802578687668;0.12055862434208393;0.3453800231218338;0.5739338845014572;0.006580399232916534;0.4652361422777176;0.5949178487062454;0.06349620036780834;0.37394315997759503;0.9206886887550354;0.13888022303581238;0.4264969229698181;0.9324923555056254;0.1780679076910019;;girando
2.07;0.41936150193214417;0.2155812531709671;0.15080422163009644;0.36316004395484924;0.29839813709259033;-0.03678734973073006;0.4590238928794861;0.3088892996311188;-0.0014631279045715928;0.35152649879455566;0.4336927831172943;-0.0410810150206089;0.4672282934188843;0.45590367913246155;0.008664601482450962;0.37880659103393555;0.5595117211341858;-0.012156491167843342;0.4263113737106323;0.5653088688850403;0.012038963846862316;0.377519428730011;0.7377064824104309;0.04267330840229988;0.4234526753425598;0.7533208727836609;0.09828752279281616;0.414973047375679;0.18937221318483352;0.13061926644295455;0.34510210901498795;0.5750057697296143;0.010949463350698352;0.46453244239091873;0.5944857597351074;0.05420069023966789;0.37213144699732464;0.9273820320765177;0.0957380086183548;0.42570024728775024;0.9342918594678243;0.16232778628667197;;girando
2.1;0.4188432991504669;0.21561221778392792;0.14191626012325287;0.36182594299316406;0.29839950799942017;-0.04204554855823517;0.45822057127952576;0.3090890049934387;-0.008701706305146217;0.3499516248703003;0.4373001158237457;-0.044426415115594864;0.4673519432544708;0.45528745651245117;0.00413719704374671;0.37853583693504333;0.559495210647583;-0.013710461556911469;0.42643725872039795;0.5648758411407471;0.013546578586101532;0.3760540783405304;0.7403671145439148;0.041143748909235;0.42340436577796936;0.753142237663269;0.10221913456916809;0.414591383934021;0.18941200971603395;0.12307242397218943;0.3434605449438095;0.5802038758993149;0.0125167618971318;0.4642861858010292;0.5928599387407303;0.055350867100059986;0.370473176240921;0.9297255277633667;0.09543607880671819;0.4252738157908122;0.9346630374590555;0.162307471036911;;girando
2.13;0.4172263741493225;0.2157701700925827;0.1366460621356964;0.36053451895713806;0.2984561026096344;-0.05227063596248627;0.4574928879737854;0.3095789849758148;-0.009258672595024109;0.34847941994667053;0.43784990906715393;-0.05301713943481445;0.4668548107147217;0.45522376894950867;0.006709510460495949;0.3781057894229889;0.5596608519554138;-0.01838444359600544;0.42637404799461365;0.5648322701454163;0.018184920772910118;0.37512898445129395;0.7428584694862366;0.051270052790641785;0.42329123616218567;0.7524620890617371;0.12051309645175934;0.4133544385433197;0.18959405571222304;0.11762366481125355;0.3433193191885948;0.5827417969703674;0.010268537560477853;0.4638555720448494;0.5920827239751816;0.06262555159628391;0.36943551898002625;0.9292643268903097;0.12026941031217575;0.424508939186732;0.9343815644582113;0.19491412242253622;;girando
2.17;0.41517892479896545;0.21587742865085602;0.1371018886566162;0.35868579149246216;0.2990506887435913;-0.05580431595444679;0.4563889503479004;0.3095417320728302;-0.007215369492769241;0.34691518545150757;0.44030508399009705;-0.05841841176152229;0.4661255478858948;0.45308157801628113;0.012045755982398987;0.3778897523880005;0.5598737597465515;-0.021521035581827164;0.426582396030426;0.564365029335022;0.021308699622750282;0.37409666180610657;0.7446267604827881;0.05522363632917404;0.42325153946876526;0.7524051070213318;0.12671113014221191;0.41132351756095886;0.18970043063163758;0.11799478475004435;0.341767281293869;0.5869671255350113;0.0075493494514375925;0.4635409936308861;0.5883386880159378;0.0729642566293478;0.3688157598177592;0.9314064184824625;0.1298114707072576;0.4243271251519521;0.9338387846946716;0.20727776984373728;;girando
2.2;0.4134686291217804;0.21574287116527557;0.1317610889673233;0.35623136162757874;0.2998722791671753;-0.061016932129859924;0.4560999572277069;0.30951371788978577;-0.014441057108342648;0.3452693521976471;0.44269993901252747;-0.061536889523267746;0.46519967913627625;0.4529762864112854;0.007227495778352022;0.377338171005249;0.5621119737625122;-0.02042398974299431;0.4265098571777344;0.5644130110740662;0.02016597054898739;0.3737686574459076;0.7471215128898621;0.06552347540855408;0.4232677221298218;0.7529637813568115;0.13289329409599304;0.4094658523797989;0.18965947329998017;0.11322392746806145;0.33987513929605484;0.5934088230133057;0.007142919232137501;0.46319036185741425;0.5884393006563187;0.07629856280982494;0.36885344982147217;0.9336599111557007;0.14095652600129446;0.42431630690892536;0.9338403344154358;0.22465481360753378;;girando
2.23;0.41187620162963867;0.21570107340812683;0.13013839721679688;0.3545510768890381;0.30137303471565247;-0.06312345713376999;0.4552419185638428;0.3095925748348236;-0.021083341911435127;0.3437902629375458;0.4458613693714142;-0.06326040625572205;0.4641474485397339;0.45289331674575806;-0.002227462362498045;0.37656936049461365;0.5650761127471924;-0.017650704830884933;0.4263709485530853;0.5649083852767944;0.0173936877399683;0.3738013505935669;0.7492972016334534;0.0700213685631752;0.42310357093811035;0.752877950668335;0.13095393776893616;0.4076329290866852;0.18972428888082504;0.11081355828791857;0.3384968265891075;0.597277358174324;-0.0003285796701675281;0.4625529944896698;0.5887289494276047;0.06069928780198097;0.37120962142944336;0.9344083865483602;0.14503166576226553;0.4242728849252065;0.933940589427948;0.2239140272140503;;girando
2.27;0.4092365801334381;0.2157445102930069;0.12471368163824081;0.3531562089920044;0.3030117154121399;-0.05593612790107727;0.45290854573249817;0.30966243147850037;-0.021983927115797997;0.34350329637527466;0.44946253299713135;-0.05513579025864601;0.4620984196662903;0.45294925570487976;-0.006375740747898817;0.375529408454895;0.5677225589752197;-0.013946750201284885;0.4260697662830353;0.56545490026474;0.013681106269359589;0.37422096729278564;0.75232994556427;0.07198299467563629;0.4213465452194214;0.7529270052909851;0.12700088322162628;0.40470676124095917;0.18981756120920182;0.10663156202062965;0.3386113718152046;0.6015567034482956;0.001395811701513594;0.4612675979733467;0.5893244296312332;0.055734830908477306;0.37231815854708356;0.9372193217277527;0.14681383967399597;0.42417524258295697;0.9339255690574646;0.22210624317328134;;girando
2.3;0.4050620198249817;0.21577498316764832;0.12137049436569214;0.3517136871814728;0.30405184626579285;-0.05686930939555168;0.4493961036205292;0.3096451461315155;-0.024512385949492455;0.34242990612983704;0.4508301019668579;-0.054501790553331375;0.45977112650871277;0.45237240195274353;-0.00848204456269741;0.3752896785736084;0.5698462128639221;-0.015608272515237331;0.42574194073677063;0.56566321849823;0.015316653996706009;0.37474578619003296;0.7568429708480835;0.07266107201576233;0.4206467270851135;0.753109335899353;0.1327994167804718;0.4006758064031601;0.19005378037691117;0.10368015901185572;0.3383220136165619;0.6028220504522324;0.00271199774579145;0.45988377183675766;0.5895319730043411;0.05297395400702953;0.375079482793808;0.9431015451749166;0.16099846859773;0.42379506429036456;0.9339059988657633;0.23641843100388846;;girando
2.33;0.40288636088371277;0.21580645442008972;0.11588221788406372;0.3498401343822479;0.30574578046798706;-0.061315517872571945;0.4467509388923645;0.3096908628940582;-0.02578822337090969;0.34077009558677673;0.4533385634422302;-0.05907618626952171;0.4574679732322693;0.4519003629684448;-0.009379424154758453;0.37492141127586365;0.5717695951461792;-0.017151471227407455;0.42503857612609863;0.5661709308624268;0.016859810799360275;0.37496116757392883;0.7569760680198669;0.0729198232293129;0.4206004738807678;0.7531585693359375;0.13283757865428925;0.39842149019241335;0.19028578102588653;0.09853820579592139;0.337843120098114;0.6049366891384125;-0.0019686695013660938;0.4585239291191101;0.589614525437355;0.05154726933687925;0.3751189212004344;0.9432795246442159;0.16009987394014993;0.4240088363488515;0.9330161611239115;0.23115485906600952;;girando
2.37;0.3992817997932434;0.2159150093793869;0.11290707439184189;0.34707915782928467;0.30676835775375366;-0.0687783733010292;0.44269421696662903;0.30968281626701355;-0.026119962334632874;0.3393573462963104;0.45414409041404724;-0.06553380191326141;0.4556470811367035;0.45052072405815125;-0.010067591443657875;0.37406766414642334;0.5720588564872742;-0.023585092276334763;0.42426684498786926;0.566163182258606;0.02329831011593342;0.37467023730278015;0.7567070126533508;0.0695115476846695;0.4204437732696533;0.7524529099464417;0.14456574618816376;0.39496140480041503;0.19065518230199813;0.09540242476505227;0.33672286570072174;0.6045968979597092;-0.00818497792351991;0.4573698788881302;0.5896588414907455;0.041166290640830994;0.3751504321893056;0.9430244167645773;0.158954327305158;0.42445041735967;0.9306043783823649;0.24591243267059326;;girando
2.4;0.39855700731277466;0.21594183146953583;0.11340755969285965;0.34481748938560486;0.30705639719963074;-0.06845439970493317;0.4399081766605377;0.3096739649772644;-0.025443432852625847;0.3370230793952942;0.45506760478019714;-0.07127819955348969;0.45379936695098877;0.45036426186561584;-0.010788419283926487;0.37336885929107666;0.5719581842422485;-0.024819713085889816;0.4235558807849884;0.5658136010169983;0.02456587925553322;0.3738934397697449;0.7560527920722961;0.05627812072634697;0.42044782638549805;0.7504328489303589;0.13670790195465088;0.39364089965820315;0.19070720076560974;0.09592483589367476;0.33388742059469223;0.6051308065652847;-0.02446983242407441;0.4558675214648247;0.5894790291786194;0.026657418813556433;0.3755349616209666;0.9434569279352824;0.1361002946893374;0.42505062619845074;0.9291829665501913;0.23166117568810782;;girando
2.43;0.3966195583343506;0.21594199538230896;0.1142546758055687;0.3419700860977173;0.30756333470344543;-0.0650293231010437;0.43731197714805603;0.3094189763069153;-0.0289045050740242;0.33242273330688477;0.4572502374649048;-0.06654562056064606;0.4514598846435547;0.4501943588256836;-0.010444646701216698;0.3718443512916565;0.5723415613174438;-0.023155367001891136;0.4219358265399933;0.5656007528305054;0.02288316749036312;0.3736456334590912;0.7572482228279114;0.060738902539014816;0.42076632380485535;0.7504467368125916;0.13737601041793823;0.3912881284952164;0.19076191037893295;0.09682121928199194;0.3303700089454651;0.6075437813997269;-0.01813254225999117;0.4531845897436142;0.5888397842645645;0.04253752529621124;0.37572725613911945;0.9438060323397318;0.1406207134326299;0.42573187748591107;0.928820788860321;0.233861376841863;;girando
2.47;0.39467674493789673;0.21595457196235657;0.11269557476043701;0.34029775857925415;0.30770203471183777;-0.06629183888435364;0.43530339002609253;0.30840712785720825;-0.037064701318740845;0.3304888606071472;0.4571526348590851;-0.06858474016189575;0.44900280237197876;0.447950541973114;-0.013578866608440876;0.3709019720554352;0.5723932981491089;-0.0212924275547266;0.420592337846756;0.5650662779808044;0.020980311557650566;0.3736755847930908;0.7569997906684875;0.07757313549518585;0.4209772050380707;0.7474636435508728;0.14337046444416046;0.38918343782424925;0.1908079743385315;0.09491310087032616;0.3284425660967827;0.6079837828874588;-0.026149491779506207;0.45061515271663666;0.5872246772050858;0.042634809389710426;0.3764251073201497;0.9432698289553324;0.16695421934127808;0.42624813318252563;0.9268908103307089;0.24881136417388916;;girando
2.5;0.3924643099308014;0.21622993052005768;0.11134430766105652;0.3389483094215393;0.308881938457489;-0.07771781086921692;0.43361473083496094;0.3076239824295044;-0.03500650078058243;0.3290828466415405;0.45813390612602234;-0.08145977556705475;0.4482024610042572;0.446659654378891;-0.013243285939097404;0.3707108795642853;0.5732709765434265;-0.023193009197711945;0.4201245903968811;0.5650246143341064;0.022902291268110275;0.373744934797287;0.7569887042045593;0.0753098875284195;0.42198464274406433;0.7468640208244324;0.15406253933906555;0.3866917371749878;0.19140898585319518;0.09269384124781936;0.3264893814921379;0.6084157079458237;-0.038586187176406384;0.45023776590824127;0.5851436257362366;0.03838827367872;0.37650779883066815;0.9432470997174581;0.16530680159727731;0.42696048816045123;0.9249728520711263;0.26128364602724713;;girando
2.53;0.39051544666290283;0.21615801751613617;0.11090242862701416;0.3385189473628998;0.3097206652164459;-0.07995032519102097;0.4322873651981354;0.3057248890399933;-0.026809940114617348;0.3277882933616638;0.4580889046192169;-0.08072801679372787;0.447417676448822;0.4435511827468872;-0.0006000958965159953;0.37072286009788513;0.5731601715087891;-0.027233803644776344;0.4197278618812561;0.5640926957130432;0.026965858414769173;0.37380534410476685;0.7572723627090454;0.07423330843448639;0.4224528670310974;0.7433034777641296;0.15935932099819183;0.38463535308837893;0.19140099883079528;0.091929547698237;0.32285550981760025;0.6080050319433212;-0.030666326638311148;0.45036397129297256;0.5818129777908325;0.056269860826432705;0.3779953916867574;0.9434972604115804;0.1658904900153478;0.42725173632303876;0.9213167428970337;0.27138564984003705;;girando
2.57;0.3899313509464264;0.21605849266052246;0.10199706256389618;0.3384033739566803;0.3099048435688019;-0.08837126940488815;0.43074482679367065;0.30341044068336487;-0.026232827454805374;0.3273560106754303;0.4577901065349579;-0.09185131639242172;0.44654980301856995;0.4384620785713196;0.006133294198662043;0.37077659368515015;0.5730500817298889;-0.03032970055937767;0.41936957836151123;0.5632379055023193;0.030091259628534317;0.37378138303756714;0.7571873068809509;0.0635320395231247;0.4205886423587799;0.7412132620811462;0.15657231211662292;0.38391963541507723;0.19136355072259903;0.08297081079799681;0.31921298801898956;0.6077271550893784;-0.04236141871660948;0.4504210650920868;0.5749754011631012;0.07230383902788162;0.37858643134435016;0.9437262415885925;0.14984224239985147;0.4252511461575826;0.9143992066383362;0.2662643492221832;;girando
2.6;0.38852277398109436;0.215607687830925;0.09099864959716797;0.3385137617588043;0.3098598122596741;-0.10030394792556763;0.42998969554901123;0.3023378252983093;-0.032769639045000076;0.3262278437614441;0.4584338963031769;-0.1041015163064003;0.44456565380096436;0.43902334570884705;0.0026757691521197557;0.37070462107658386;0.5737585425376892;-0.030553622171282768;0.41906628012657166;0.5632287263870239;0.03034135513007641;0.3737965226173401;0.7574399709701538;0.06439591199159622;0.4174230396747589;0.7385495901107788;0.1630645990371704;0.38266355395317075;0.19119824916124345;0.07103144582360983;0.3159291371703148;0.6075234115123749;-0.05287266802042723;0.4477568343281746;0.575231671333313;0.06771853752434254;0.37986459334691364;0.943799098332723;0.1507977396249771;0.42412994305292767;0.9087099234263102;0.2772015531857808;;girando
2.63;0.38728177547454834;0.2152542918920517;0.07975828647613525;0.33896467089653015;0.3098843991756439;-0.12013975530862808;0.42984288930892944;0.3014804422855377;-0.03792737424373627;0.325681209564209;0.4604525864124298;-0.12680304050445557;0.44202300906181335;0.43903931975364685;0.0016559106297791004;0.3707135319709778;0.5745642185211182;-0.03830768167972565;0.41904452443122864;0.5632143616676331;0.03812488168478012;0.373815655708313;0.7573501467704773;0.06477721780538559;0.41402769088745117;0.7350475192070007;0.17734751105308533;0.3813144117593765;0.19098152816295624;0.059259585477411746;0.3133464530110359;0.608479917049408;-0.07835382223129272;0.44416917860507965;0.5743042230606079;0.0637914165854454;0.38079365094502765;0.9444629748662313;0.16206523279349008;0.4208113451798757;0.9059181213378906;0.30218995610872906;;girando
2.67;0.3834337592124939;0.21532654762268066;0.08811013400554657;0.33915820717811584;0.30987492203712463;-0.12029245495796204;0.42997580766677856;0.30153173208236694;-0.019167112186551094;0.32631775736808777;0.4612785875797272;-0.1257515549659729;0.44010409712791443;0.43884843587875366;0.018630873411893845;0.3708665668964386;0.574882447719574;-0.04662381485104561;0.4189334809780121;0.5632349252700806;0.046462032943964005;0.3742605149745941;0.7574261426925659;0.052319224923849106;0.41140246391296387;0.7327221035957336;0.1762102097272873;0.3778139054775238;0.1913599818944931;0.06725851409137248;0.3100033178925514;0.6081867516040802;-0.06430579721927643;0.43719644844532013;0.5711622536182404;0.08752148039638996;0.38153983155886334;0.9452003041903178;0.1483008215824763;0.4182833929856618;0.9068304300308228;0.29263272881507874;;girando
2.7;0.381711483001709;0.21546824276447296;0.09051244705915451;0.3414369523525238;0.3098629117012024;-0.12841150164604187;0.430036336183548;0.3016089200973511;-0.012782127596437931;0.32690730690956116;0.46104198694229126;-0.13656070828437805;0.4366858899593353;0.4390556216239929;0.027289878576993942;0.37100642919540405;0.5766258835792542;-0.0509740486741066;0.41812336444854736;0.5645598769187927;0.05084601789712906;0.3753581941127777;0.7586072087287903;0.04021494835615158;0.40767914056777954;0.7331687808036804;0.18645790219306946;0.3761847198009491;0.19171931445598603;0.06800197409465909;0.3072088733315468;0.6078060567378998;-0.07193315587937832;0.43525366485118866;0.5699992179870605;0.09750594571232796;0.38253528873125714;0.9478272596995035;0.12643213818470636;0.41631784041722614;0.9059919913609823;0.31227877736091614;;girando
2.73;0.3796738386154175;0.21628116071224213;0.08181622624397278;0.3449532091617584;0.30968955159187317;-0.15289700031280518;0.430159330368042;0.3016924262046814;0.004372845403850079;0.3272140324115753;0.4608698785305023;-0.161251962184906;0.4354783594608307;0.439118891954422;0.05243285745382309;0.3718154728412628;0.5768538117408752;-0.06494597345590591;0.4173014760017395;0.5661041736602783;0.06483463943004608;0.376943975687027;0.7586755156517029;0.03375038504600525;0.40425166487693787;0.7336342930793762;0.2081812024116516;0.3746411740779877;0.19244491457939147;0.055870183184742926;0.30568020790815353;0.6056586056947708;-0.09037624299526215;0.4304811954498291;0.5665424317121506;0.12320972979068756;0.383914182583491;0.9491267601648966;0.11873746663331985;0.41071799397468567;0.9040712714195251;0.34587780634562176;;girando
2.77;0.37590575218200684;0.21942965686321259;0.051816001534461975;0.3498070538043976;0.3096770942211151;-0.1898951381444931;0.4302120506763458;0.3023358881473541;0.02395186759531498;0.33017396926879883;0.4615780711174011;-0.1955699622631073;0.43335458636283875;0.4393917918205261;0.10154515504837036;0.37268587946891785;0.578227162361145;-0.07436847686767578;0.4163668751716614;0.5681998133659363;0.07414720207452774;0.37927553057670593;0.7586256861686707;0.04203701764345169;0.4011346697807312;0.7332045435905457;0.22577670216560364;0.3715410441160202;0.1945778802037239;0.0207349662669003;0.3053526282310486;0.6007371544837952;-0.11021243594586849;0.413340300321579;0.5537721365690231;0.19768717139959335;0.38251495361328125;0.9502992232640585;0.13335164884726206;0.40835343798001605;0.8989417950312296;0.37554845213890076;;girando
2.8;0.37492287158966064;0.2215408831834793;0.04695674777030945;0.35569411516189575;0.30943265557289124;-0.1961812973022461;0.42956244945526123;0.30250921845436096;0.04557932913303375;0.3341194987297058;0.46174895763397217;-0.20281779766082764;0.43031200766563416;0.4387136995792389;0.1265200525522232;0.3739538788795471;0.5797422528266907;-0.07812165468931198;0.4152485728263855;0.5711579918861389;0.07784193754196167;0.38057902455329895;0.7587264180183411;0.045585718005895615;0.39838311076164246;0.7334665060043335;0.21232870221138;0.37018879055976867;0.19628874808549882;0.01571342008537613;0.3062467947602272;0.5995113253593445;-0.11129996553063393;0.3990364894270897;0.5513742715120316;0.22442708164453506;0.38229479392369586;0.9502028624216715;0.1392491931716601;0.40583757559458417;0.8978963494300842;0.3466198245684306;;girando
2.83;0.3724674582481384;0.2244541049003601;0.054049234837293625;0.36177268624305725;0.3094230592250824;-0.19947907328605652;0.4285251200199127;0.30240315198898315;0.07235939800739288;0.339562326669693;0.4618466794490814;-0.20771370828151703;0.4273989796638489;0.4366580545902252;0.14768528938293457;0.37602731585502625;0.5795709490776062;-0.08351115137338638;0.41438689827919006;0.5717853903770447;0.08320389688014984;0.3823460638523102;0.7580680847167969;0.036411676555871964;0.39551079273223877;0.7334617972373962;0.20147375762462616;0.3684302866458893;0.19884790927171708;0.02297478560358286;0.30683861672878265;0.5974749624729156;-0.11123971454799175;0.3916444256901741;0.5406574606895447;0.21984150260686874;0.3825591405232747;0.9513919552167257;0.12311612566312154;0.403999000787735;0.8985052307446798;0.34214718143145245;;girando
2.87;0.37144723534584045;0.22693991661071777;0.03746293485164642;0.36908066272735596;0.30940762162208557;-0.21268999576568604;0.42490917444229126;0.30151018500328064;0.08706863969564438;0.34631359577178955;0.46180659532546997;-0.22752085328102112;0.42378363013267517;0.43427643179893494;0.15547865629196167;0.378051221370697;0.5786457061767578;-0.0907348170876503;0.4134752154350281;0.5716228485107422;0.09044274687767029;0.38352665305137634;0.7553175091743469;0.028432490304112434;0.3954904079437256;0.7336252331733704;0.19881562888622284;0.36744947731494904;0.2014786645770073;0.005579198710620403;0.30812259018421173;0.5972546190023422;-0.1356443241238594;0.3907688334584236;0.5323492139577866;0.20180556923151016;0.3827391068140666;0.9510811964670817;0.11416601141293843;0.40320534507433575;0.9007640282313029;0.3322800397872925;;girando
2.9;0.37000373005867004;0.22777995467185974;0.02193313278257847;0.3755394220352173;0.30938372015953064;-0.2199384868144989;0.42126718163490295;0.30122438073158264;0.08914428949356079;0.35251709818840027;0.462032288312912;-0.234908789396286;0.4209536015987396;0.43463489413261414;0.14579758048057556;0.38149493932724;0.5778881907463074;-0.09156936407089233;0.41284000873565674;0.571431577205658;0.09130352735519409;0.3840518593788147;0.754030168056488;0.0304117389023304;0.39592552185058594;0.7336205840110779;0.20095399022102356;0.36641733050346376;0.20159853994846344;-0.009038669522851706;0.3102017268538475;0.5982109308242798;-0.14654988422989845;0.3846262991428375;0.5359837114810944;0.1763029359281063;0.3822525143623352;0.9506532152493795;0.11948750664790471;0.4050545295079549;0.8989439010620117;0.3233233094215393;;girando
2.93;0.3649938702583313;0.22763656079769135;-0.080181784927845;0.3837301731109619;0.309381365776062;-0.2779034972190857;0.4128175675868988;0.2996390759944916;0.07546364516019821;0.359209269285202;0.46229034662246704;-0.27879205346107483;0.4068228602409363;0.4356556534767151;0.11791593581438065;0.3880801200866699;0.5769875049591064;-0.10044007003307343;0.40904396772384644;0.5707588791847229;0.10022337734699249;0.3854984641075134;0.7525953054428101;0.034075845032930374;0.3960675895214081;0.7333163619041443;0.2348310500383377;0.36338708102703093;0.20141515731811524;-0.11291018053889275;0.3160492107272148;0.5985320210456848;-0.1880177967250347;0.37027204781770706;0.5430008322000504;0.048809776082634926;0.382124125957489;0.9491139054298401;0.1589504008491834;0.40414751569430035;0.8969984849294027;0.39262982209523517;;girando
2.97;0.3599814772605896;0.22748227417469025;-0.10089757293462753;0.3906268775463104;0.3078955113887787;-0.2902420163154602;0.40568122267723083;0.29841896891593933;0.07522676140069962;0.36847758293151855;0.4605492651462555;-0.3039519190788269;0.3908689320087433;0.4352770149707794;0.10917162150144577;0.3948148190975189;0.5735088586807251;-0.1048644632101059;0.40771594643592834;0.5672594904899597;0.10473315417766571;0.3865275979042053;0.7490367293357849;0.0029832839500159025;0.39677226543426514;0.7316066026687622;0.22494494915008545;0.36053392887115476;0.2012603759765625;-0.1341946329921484;0.32435648143291473;0.5992939174175262;-0.23200640082359314;0.35769596695899963;0.5483114570379257;0.026835206197574735;0.38158220052719116;0.9493576089541117;0.10964090377092361;0.4041130443414052;0.8976797660191854;0.3626796106497447;;girando
3.0;0.3579728901386261;0.22739334404468536;-0.09534063190221786;0.3956766426563263;0.30545803904533386;-0.2805940508842468;0.39988741278648376;0.29843008518218994;0.07831674814224243;0.37665820121765137;0.4558597803115845;-0.2964162528514862;0.39231017231941223;0.4383561909198761;0.10625430941581726;0.3997923731803894;0.5699784159660339;-0.10560585558414459;0.40496623516082764;0.5634837746620178;0.10550954192876816;0.38963091373443604;0.7473468780517578;-0.032186999917030334;0.3971937596797943;0.7307507991790771;0.21698139607906342;0.3596127212047577;0.20105676352977753;-0.12813542522490023;0.3387986347079277;0.5980589091777802;-0.2345079779624939;0.3615948185324669;0.566570058465004;0.024979524896480143;0.38185223937034607;0.9482109149297079;0.03479516785591841;0.40382346510887146;0.8985346357027689;0.3466051121552785;;girando
3.03;0.35798773169517517;0.22794784605503082;-0.10563855618238449;0.3988012969493866;0.3028712868690491;-0.2832663655281067;0.3975408673286438;0.29948654770851135;0.0706910490989685;0.3851543664932251;0.45339423418045044;-0.2976691722869873;0.3924376666545868;0.4444451332092285;0.10211466997861862;0.40298473834991455;0.5683653354644775;-0.10469686985015869;0.4033929109573364;0.5630149841308594;0.10461577773094177;0.3929840922355652;0.7477136254310608;-0.0324760340154171;0.3974030911922455;0.7323035597801208;0.21401500701904297;0.3600419104099274;0.20094427466392517;-0.1382094942033291;0.3501693308353424;0.5978198796510696;-0.24597079679369926;0.3650190085172653;0.5813666880130768;0.016344297328032553;0.3821454544862111;0.9487574696540833;0.029881033425529797;0.4042416314284007;0.9053025245666504;0.3397597074508667;;girando
3.07;0.35909658670425415;0.2281423956155777;-0.10328155010938644;0.4024519622325897;0.2995826005935669;-0.2760125696659088;0.3956429958343506;0.3000320494174957;0.06876452267169952;0.39363721013069153;0.45019063353538513;-0.29354435205459595;0.39291733503341675;0.44625815749168396;0.10039888322353363;0.40783706307411194;0.5628951787948608;-0.10434850305318832;0.40165627002716064;0.5616110563278198;0.10429061949253082;0.3966444134712219;0.7471989989280701;-0.055520907044410706;0.3974449634552002;0.7323569059371948;0.21027958393096924;0.3612451195716858;0.20080807507038118;-0.1352398671209812;0.36112550646066666;0.5951411575078964;-0.25532644987106323;0.36837488412857056;0.5841264575719833;0.011709505692124367;0.38369624813397724;0.9486299753189087;-0.018066752701997757;0.40227744976679486;0.9088668425877889;0.3137308359146118;;girando
3.1;0.3604797422885895;0.22821728885173798;-0.10957378894090652;0.4061950743198395;0.29847460985183716;-0.28261563181877136;0.3960544168949127;0.30040442943573;0.0673183798789978;0.40074196457862854;0.44936051964759827;-0.30027228593826294;0.39447131752967834;0.4458646774291992;0.10039263963699341;0.411586731672287;0.5587913393974304;-0.10572711378335953;0.4027790427207947;0.5588796734809875;0.10567504912614822;0.39851146936416626;0.7461829781532288;-0.05788341164588928;0.39899373054504395;0.7326470613479614;0.18709233403205872;0.3628380447626114;0.20062921047210694;-0.14195007346570493;0.3719460517168045;0.5943475365638733;-0.2628962881863117;0.37106820940971375;0.5803774148225784;0.02098732063313946;0.38754939039548236;0.9502952297528585;-0.013299117175241312;0.40152475237846375;0.915534257888794;0.27347102264563244;;girando
3.13;0.361271470785141;0.2282700538635254;-0.10914309322834015;0.409969687461853;0.2976383566856384;-0.27195173501968384;0.39480310678482056;0.3029007613658905;0.06621807813644409;0.40688395500183105;0.44616565108299255;-0.28877153992652893;0.3953486680984497;0.4456477463245392;0.09874303638935089;0.41662776470184326;0.5560224652290344;-0.10282555222511292;0.4034782946109772;0.5564752817153931;0.10276149213314056;0.4019692838191986;0.742352306842804;-0.07281967252492905;0.39937856793403625;0.7318716645240784;0.17238527536392212;0.3641526192426682;0.2005453422665596;-0.14050472788512708;0.38654404878616333;0.5939633846282959;-0.2596816271543503;0.37744932621717453;0.5810647010803223;0.01829015777911991;0.3940575321515401;0.9509634176890055;-0.04663418543835481;0.40400490164756775;0.9164736270904541;0.24107379714647928;;girando
3.17;0.3620666563510895;0.22672171890735626;-0.1213429793715477;0.4145824611186981;0.29549166560173035;-0.2750128209590912;0.39445212483406067;0.30294492840766907;0.05203622579574585;0.4140603542327881;0.4435310661792755;-0.2906920909881592;0.39673325419425964;0.4453820288181305;0.08902379125356674;0.4180716872215271;0.5551996231079102;-0.1012430265545845;0.4025183320045471;0.5539794564247131;0.1011689305305481;0.40412473678588867;0.7420327663421631;-0.05351695045828819;0.40045779943466187;0.7299602031707764;0.17374062538146973;0.3663166552782059;0.19879407286643982;-0.15246037989854813;0.3975631222128868;0.5939704924821854;-0.2696664333343506;0.38608281314373016;0.5823512524366379;0.01046092831529677;0.4015954335530599;0.9489309191703796;-0.005026686936616898;0.4083169301350911;0.9129863977432251;0.25837289293607074;;girando
3.2;0.3655308187007904;0.22622081637382507;-0.1214381605386734;0.41880935430526733;0.2950665354728699;-0.2721801698207855;0.394216924905777;0.3030168414115906;0.04826480895280838;0.4232335090637207;0.4404434561729431;-0.29162007570266724;0.396610289812088;0.44324442744255066;0.09010329097509384;0.4184344410896301;0.5563849806785583;-0.10102656483650208;0.402693510055542;0.5534235835075378;0.10091034322977066;0.40663424134254456;0.7477729320526123;-0.04680623114109039;0.40228164196014404;0.7314164638519287;0.1695379763841629;0.3701315253973007;0.19842963963747023;-0.15195981338620185;0.4117416962981224;0.5950023680925369;-0.2867559865117073;0.39202673733234406;0.5835126787424088;0.02365695859771222;0.41024033228556317;0.9478524923324585;0.004851614435513814;0.41117387016614276;0.9084597826004028;0.2628767043352127;;girando
3.23;0.3681255578994751;0.22368599474430084;-0.13857179880142212;0.42233946919441223;0.2940734922885895;-0.27344682812690735;0.39273446798324585;0.3029594421386719;0.04280766099691391;0.4320230185985565;0.4404115676879883;-0.292416512966156;0.3968145549297333;0.4428313374519348;0.09050164371728897;0.4196351170539856;0.5571503043174744;-0.10016854852437973;0.4017273187637329;0.5534917712211609;0.10008509457111359;0.4125503897666931;0.7533547282218933;-0.05081014335155487;0.40321025252342224;0.732556939125061;0.17566120624542236;0.3732106775045395;0.19657878428697587;-0.16734889820218085;0.42432719469070435;0.5966618061065674;-0.28315041214227676;0.39298631995916367;0.5821853578090668;0.026416887762025;0.4179625113805135;0.9442012111345927;-0.009339422608415285;0.41106829047203064;0.9031456907590231;0.2839726110299428;;girando
3.27;0.3718494772911072;0.22286485135555267;-0.18492865562438965;0.42596474289894104;0.2944256067276001;-0.27076950669288635;0.3920557200908661;0.30294087529182434;0.024247974157333374;0.4358488917350769;0.4409526288509369;-0.2873885929584503;0.4000324308872223;0.4419456422328949;0.07867090404033661;0.4216250777244568;0.5572057962417603;-0.09676217287778854;0.40051352977752686;0.553388237953186;0.09668296575546265;0.4188971519470215;0.7503537535667419;-0.06490824371576309;0.40368449687957764;0.7297767996788025;0.17782534658908844;0.37700860798358915;0.1960443839430809;-0.20890802815556525;0.4342595860362053;0.5978686809539795;-0.273648738861084;0.39610491693019867;0.5809441655874252;0.0052595039596781135;0.42821895082791644;0.9377375841140747;-0.04248682161172231;0.4104755024115245;0.8957374294598898;0.3071516255537669;;girando
3.3;0.3754224479198456;0.2226085513830185;-0.19474072754383087;0.4298681914806366;0.2947375178337097;-0.24239063262939453;0.3893510699272156;0.3030467927455902;0.021898826584219933;0.43896833062171936;0.4412698447704315;-0.24572287499904633;0.4001905918121338;0.4387490153312683;0.07664278894662857;0.4209551513195038;0.5573819279670715;-0.08915284276008606;0.3980935215950012;0.5537516474723816;0.08908218145370483;0.42472177743911743;0.7480186820030212;-0.06220337003469467;0.4036546051502228;0.7274506688117981;0.17269004881381989;0.38044496178627013;0.19594658613204957;-0.2155197337269783;0.4425482302904129;0.5987789034843445;-0.23928413540124893;0.3960513100028038;0.5677392929792404;-0.0005173400859348476;0.4399806261062622;0.9341351588567098;-0.03171743299268807;0.40580764412879944;0.8957595626513163;0.30361075202624005;;girando
3.33;0.378703236579895;0.22234347462654114;-0.17938101291656494;0.43389078974723816;0.29497572779655457;-0.21699191629886627;0.3850782811641693;0.30368927121162415;0.025128789246082306;0.44525498151779175;0.4419909417629242;-0.2164238691329956;0.3952467441558838;0.43839231133461;0.07880935072898865;0.42342525720596313;0.5574869513511658;-0.08016996830701828;0.3962426781654358;0.5542716383934021;0.08013516664505005;0.43079882860183716;0.7454871535301208;-0.05896642804145813;0.40305933356285095;0.7274167537689209;0.15201912820339203;0.38384090065956117;0.19581641554832457;-0.1995764948427677;0.4540487453341484;0.5989458709955215;-0.21579575166106224;0.39489538967609406;0.5651888251304626;-0.00406712491530925;0.4496740798155467;0.9295335412025452;-0.02194276452064514;0.4011473059654236;0.8966155449549357;0.2722982068856557;;girando
3.37;0.3811993896961212;0.22114326059818268;-0.16702255606651306;0.4369286000728607;0.2951482832431793;-0.19184976816177368;0.38183340430259705;0.3050413131713867;0.025539470836520195;0.45222771167755127;0.43968337774276733;-0.1874285787343979;0.3911128044128418;0.43821823596954346;0.0798451229929924;0.4266331195831299;0.5577003955841064;-0.07026825100183487;0.3939472436904907;0.5554729700088501;0.07020963728427887;0.4366549253463745;0.7460758686065674;-0.057597383856773376;0.40263181924819946;0.7295167446136475;0.13590557873249054;0.38698571622371675;0.1950717270374298;-0.18567964509129525;0.4634248688817024;0.5985702276229858;-0.2003011777997017;0.3913336545228958;0.5650897920131683;-0.00988639029674232;0.4537338614463806;0.9258099397023519;0.031118004272381466;0.4011952479680379;0.8991119265556335;0.268883337577184;;girando
3.4;0.3842630088329315;0.22048595547676086;-0.17577962577342987;0.44082561135292053;0.2952118515968323;-0.1778978854417801;0.3800770342350006;0.30587345361709595;0.010662199929356575;0.45638713240623474;0.43991562724113464;-0.16303198039531708;0.3891192376613617;0.43821245431900024;0.06467753648757935;0.43137216567993164;0.5578036904335022;-0.061701010912656784;0.39430779218673706;0.55698561668396;0.06165941804647446;0.4418979287147522;0.7461134195327759;-0.03832346573472023;0.402587890625;0.7342205047607422;0.11733704060316086;0.39075233936309817;0.19449364244937897;-0.19180505424737931;0.46925047785043716;0.5987223088741302;-0.1811956726014614;0.3894474729895592;0.5653315931558609;-0.02834002277813852;0.45754169424374896;0.9189785520235697;0.06683130112166207;0.4013233482837677;0.9015885988871256;0.24601220587889353;;girando
3.43;0.38766247034072876;0.21989130973815918;-0.17247669398784637;0.443816602230072;0.2952679693698883;-0.157491996884346;0.3785940110683441;0.30732327699661255;0.01132927555590868;0.45944467186927795;0.4404452443122864;-0.14240805804729462;0.3874123990535736;0.43907949328422546;0.06305639445781708;0.4361788332462311;0.5563598275184631;-0.056456439197063446;0.39495357871055603;0.5572283864021301;0.056422751396894455;0.44683489203453064;0.7452945709228516;-0.03533141687512398;0.40314099192619324;0.7359086871147156;0.10320675373077393;0.3944790720939636;0.1940639764070511;-0.18570470735430716;0.4716966152191162;0.5984756797552109;-0.1781630925834179;0.3867746964097023;0.5663108676671982;-0.034178456757217646;0.4590643246968587;0.9141746759414673;0.06913152158570786;0.40219037731488544;0.9026433428128561;0.22354943553606668;;girando
3.47;0.3918527066707611;0.21934053301811218;-0.18223638832569122;0.44962307810783386;0.29692474007606506;-0.14856214821338654;0.37827175855636597;0.30934470891952515;-0.0029966996517032385;0.4655933082103729;0.4421016275882721;-0.13303862512111664;0.38410186767578125;0.44121214747428894;0.045860446989536285;0.44109028577804565;0.5555364489555359;-0.05081057548522949;0.3951598107814789;0.5573281645774841;0.05079847574234009;0.4499559998512268;0.7424392104148865;-0.03436606004834175;0.4038422405719757;0.7361866235733032;0.10066861659288406;0.3984851956367493;0.19347014725208284;-0.1920432686805725;0.4747805967926979;0.598358616232872;-0.18513603135943413;0.38452644646167755;0.569031223654747;-0.05348822381347418;0.4591196874777476;0.9135256807009379;0.06098730520655712;0.40256984035174054;0.9030620058377584;0.22230527301629385;;girando
3.5;0.39589229226112366;0.21938620507717133;-0.1771746724843979;0.4549091160297394;0.2992580235004425;-0.12377805262804031;0.3777613341808319;0.3112294375896454;-0.005348108243197203;0.4698205888271332;0.4429737627506256;-0.10199160128831863;0.3796917498111725;0.44120118021965027;0.04121765121817589;0.44580748677253723;0.5556119680404663;-0.04577338322997093;0.39545801281929016;0.5585476160049438;0.045777879655361176;0.4525940716266632;0.7421483993530273;-0.03425988554954529;0.4046255946159363;0.7369996309280396;0.08947215229272842;0.40268016159534453;0.19337178766727448;-0.18575568348169327;0.47785816341638565;0.5985410213470459;-0.17036789283156395;0.38141874223947525;0.5728839337825775;-0.05626181699335575;0.4583274821440379;0.9137879212697347;0.06194821031143268;0.40290985504786175;0.9040514032046;0.21200859546661377;;girando
3.53;0.40037116408348083;0.22012081742286682;-0.1790703535079956;0.45895466208457947;0.3008566200733185;-0.10996056348085403;0.3778582513332367;0.31180450320243835;-0.01896839030086994;0.4724847674369812;0.44311943650245667;-0.0817912369966507;0.37769946455955505;0.4401901066303253;0.026029380038380623;0.44753775000572205;0.5552782416343689;-0.03806430473923683;0.3955041468143463;0.5582199096679688;0.03805322200059891;0.45556381344795227;0.7416895031929016;-0.027604328468441963;0.40581822395324707;0.736892819404602;0.07588456571102142;0.40663388669490813;0.1935247600078583;-0.18644210919737816;0.47949234396219254;0.5983670949935913;-0.15904723852872849;0.3799888417124748;0.5729767829179764;-0.06817891448736191;0.45921005805333454;0.9140111207962036;0.05745357026656469;0.40466418862342834;0.9041449626286825;0.1846716751654943;;girando
3.57;0.4042021334171295;0.21999701857566833;-0.19138449430465698;0.46214357018470764;0.30128049850463867;-0.10734368860721588;0.378627210855484;0.31160032749176025;-0.034519635140895844;0.47481393814086914;0.4431440532207489;-0.07532188296318054;0.37588679790496826;0.4395085573196411;0.011214721947908401;0.4496651291847229;0.5545710325241089;-0.030067455023527145;0.3958715796470642;0.5569982528686523;0.030079688876867294;0.45759403705596924;0.7387515306472778;-0.02578786201775074;0.40653499960899353;0.7359086871147156;0.06678608059883118;0.41042031943798063;0.19325048476457596;-0.19716957584023476;0.48081330955028534;0.5979862213134766;-0.15967125073075294;0.379672035574913;0.5733105838298798;-0.08406561426818371;0.45923293630282086;0.9111461440722147;0.06464573678870995;0.4058629771073659;0.9044052362442017;0.18320424854755402;;girando
3.6;0.4089701175689697;0.21931959688663483;-0.19432170689105988;0.46638256311416626;0.30191630125045776;-0.10246475040912628;0.37912580370903015;0.3112587034702301;-0.04564906656742096;0.4777025878429413;0.4432011544704437;-0.06991426646709442;0.3759903907775879;0.4394821524620056;-0.0026978235691785812;0.45207682251930237;0.5545349717140198;-0.02408018708229065;0.397411584854126;0.5561792254447937;0.024070212617516518;0.4580594301223755;0.737324059009552;-0.01929396577179432;0.4071640968322754;0.7349446415901184;0.05847857892513275;0.4149137318134308;0.19255332499742508;-0.19907139092683793;0.48160111904144287;0.5970029085874557;-0.16024307906627655;0.3789510726928711;0.5752558708190918;-0.09815890900790691;0.4596112867196401;0.9094559748967489;0.07648439301798741;0.40554558237393695;0.9046143293380737;0.175971490641435;;girando
3.63;0.4125644266605377;0.21933335065841675;-0.19919712841510773;0.46992355585098267;0.3025040626525879;-0.09839213639497757;0.379480242729187;0.31056421995162964;-0.050229012966156006;0.48024842143058777;0.4426419138908386;-0.06148926168680191;0.3754379451274872;0.4393939971923828;-0.005963376723229885;0.4541471004486084;0.5545881390571594;-0.021944263949990273;0.3990291953086853;0.554843544960022;0.021929549053311348;0.4575360119342804;0.7366188764572144;-0.014692768454551697;0.40707507729530334;0.7332988977432251;0.05954623222351074;0.41839940547943116;0.19246076345443724;-0.20325824990868568;0.4824957698583603;0.5952418893575668;-0.15507077053189278;0.37812723964452744;0.5757213085889816;-0.10259159468114376;0.4598115881284078;0.9103945096333822;0.07759618960941832;0.4040108025074005;0.9046515623728434;0.17795938501755396;;girando
3.67;0.41595807671546936;0.21952982246875763;-0.1980295330286026;0.47302475571632385;0.3033283054828644;-0.09363154321908951;0.38117581605911255;0.3096623718738556;-0.051247697323560715;0.48331838846206665;0.4418516457080841;-0.05692598968744278;0.3750840723514557;0.4393591582775116;-0.008214136585593224;0.4562562108039856;0.554724931716919;-0.0207507461309433;0.40116673707962036;0.5546300411224365;0.02075669914484024;0.4580191969871521;0.7368581891059875;-0.01481510978192091;0.4070352017879486;0.7310872673988342;0.06114380806684494;0.4217851936817169;0.1924780547618866;-0.20168875008821488;0.48360273987054825;0.5928099751472473;-0.15122820809483528;0.37624938040971756;0.5769269615411758;-0.10502837412059307;0.4604946772257487;0.9113009770711263;0.07088011930075784;0.4037247796853383;0.9042618274688721;0.18130083133776984;;girando
3.7;0.4193921387195587;0.2201170027256012;-0.19480717182159424;0.4763413667678833;0.30450451374053955;-0.09073277562856674;0.38461533188819885;0.30901968479156494;-0.05101032182574272;0.48654502630233765;0.44160252809524536;-0.05400927737355232;0.3758671283721924;0.4387151896953583;-0.009516037069261074;0.459069162607193;0.5554389953613281;-0.01867564581334591;0.40364962816238403;0.554547905921936;0.01870337873697281;0.4602735638618469;0.7369827628135681;-0.013685999438166618;0.40692317485809326;0.7292588949203491;0.056377165019512177;0.42560726702213286;0.19273096024990083;-0.19857909306883811;0.4829622954130173;0.5926833599805832;-0.14520766213536263;0.3757304549217224;0.5768876075744629;-0.10561844520270824;0.4610844353834788;0.9115577340126038;0.06789370129505794;0.40314390261967975;0.9041784604390463;0.16993743429581323;;girando
3.73;0.4233960211277008;0.2200969010591507;-0.2062537968158722;0.4794192910194397;0.3060917854309082;-0.10400711745023727;0.3873618245124817;0.3089604377746582;-0.0637301355600357;0.4893663227558136;0.4416380822658539;-0.07025755196809769;0.37635546922683716;0.43867480754852295;-0.022903261706233025;0.4600565433502197;0.5581420063972473;-0.01901729218661785;0.4046888053417206;0.5545789003372192;0.019059855490922928;0.46196815371513367;0.7366611957550049;-0.016171742230653763;0.4057919979095459;0.727776288986206;0.061076465994119644;0.4296026110649109;0.19269981980323792;-0.20842565298080445;0.4827035591006279;0.5926466286182404;-0.15424679592251778;0.375759594142437;0.576854944229126;-0.12031811289489269;0.4615381062030792;0.9119108319282532;0.055821199590961136;0.4023682375748952;0.9038564761479696;0.1746749853094419;;girando
3.77;0.4268576204776764;0.22032298147678375;-0.21733030676841736;0.48211395740509033;0.30697932839393616;-0.10953479260206223;0.3891903758049011;0.3089313507080078;-0.07192263752222061;0.4913819134235382;0.44167885184288025;-0.0756688043475151;0.37654340267181396;0.43875524401664734;-0.030664782971143723;0.4610707759857178;0.5601118803024292;-0.020420119166374207;0.40583348274230957;0.5549299120903015;0.02048606425523758;0.4627887010574341;0.7367150187492371;-0.017511645331978798;0.4041571021080017;0.7266818881034851;0.0642549991607666;0.43333410024642943;0.19296951591968536;-0.21996371448040009;0.4833787754178047;0.5922194123268127;-0.15912439301609993;0.3759976178407669;0.5782471746206284;-0.13231938518583775;0.4611283342043559;0.9120923082033793;0.04926002894838651;0.40182702740033466;0.9035635789235433;0.19226833681265512;;girando
3.8;0.42962250113487244;0.22033177316188812;-0.207642063498497;0.4850424528121948;0.30785274505615234;-0.09724441915750504;0.3910420536994934;0.30821654200553894;-0.06212756037712097;0.4931104779243469;0.44229745864868164;-0.06451750546693802;0.3778090178966522;0.4389953911304474;-0.02419050969183445;0.46244338154792786;0.5627174973487854;-0.019334139302372932;0.40687450766563416;0.555911660194397;0.019386110827326775;0.4639377295970917;0.7380885481834412;-0.018285177648067474;0.40296244621276855;0.7267283797264099;0.06633991748094559;0.4364608287811279;0.19310041069984435;-0.21159354448318482;0.4835154563188553;0.5908845216035843;-0.1613137423992157;0.3762357607483864;0.5787064880132675;-0.12954092398285866;0.46161643664042157;0.9127601583798727;0.07179528536895911;0.40270968278249103;0.9036697149276733;0.19691075881322226;;girando
3.83;0.4318046569824219;0.22028285264968872;-0.20384961366653442;0.48704203963279724;0.30816131830215454;-0.08951207250356674;0.3933979570865631;0.30631276965141296;-0.06034642457962036;0.49468594789505005;0.4424828290939331;-0.05477194860577583;0.3792344629764557;0.43875619769096375;-0.02589276060461998;0.46343109011650085;0.5635140538215637;-0.01598488911986351;0.40814337134361267;0.5559730529785156;0.016009792685508728;0.4644924998283386;0.7382161021232605;-0.01874343678355217;0.4025178849697113;0.7278682589530945;0.056608837097883224;0.4386236369609833;0.1930052876472473;-0.20798334926366807;0.48282741010189056;0.5902319699525833;-0.15852759778499603;0.3763880804181099;0.5787982940673828;-0.13130635768175125;0.46147461732228595;0.9133182565371195;0.08586242515593767;0.40390418966611225;0.9042799671490988;0.1935121864080429;;girando
3.87;0.4336008131504059;0.22024831175804138;-0.20931604504585266;0.48854976892471313;0.30813121795654297;-0.09460976719856262;0.39504629373550415;0.3048253357410431;-0.06795401126146317;0.49563708901405334;0.44250398874282837;-0.061537910252809525;0.38031694293022156;0.4387274980545044;-0.03399692103266716;0.4643508493900299;0.5634254813194275;-0.012515767477452755;0.40933042764663696;0.5560108423233032;0.012539030984044075;0.46494415402412415;0.7381178140640259;-0.01907866634428501;0.4025402069091797;0.7285133004188538;0.05010449141263962;0.44043786227703097;0.19267296344041823;-0.21179095953702926;0.48206189274787903;0.5892922431230545;-0.16491707041859627;0.3764978349208832;0.5805423110723495;-0.13927282206714153;0.4615742762883504;0.913691500822703;0.09739650413393974;0.40577953060468036;0.9040567278862;0.19483700891335806;;girando
3.9;0.4351913630962372;0.2202470451593399;-0.20716769993305206;0.4892910420894623;0.3081590533256531;-0.08739819377660751;0.39598917961120605;0.3034604489803314;-0.06530515104532242;0.4961157441139221;0.4425354301929474;-0.05878342688083649;0.3806997239589691;0.4379813075065613;-0.035173188894987106;0.4652329981327057;0.5638903379440308;-0.008981228806078434;0.4104486107826233;0.55610591173172;0.008979558013379574;0.46567201614379883;0.7379140853881836;-0.027241265401244164;0.4029167890548706;0.728534460067749;0.030776355415582657;0.44202618598937987;0.19242727607488633;-0.20873896181583404;0.48161274939775467;0.5876765102148056;-0.16574899852275848;0.37721292674541473;0.5823038965463638;-0.1354676801711321;0.46164823571840924;0.9128891428311666;0.11108533913890521;0.4074138303597768;0.9023776451746622;0.19130881627400717;;girando
3.93;0.43679115176200867;0.2201283574104309;-0.18767225742340088;0.4901438355445862;0.3085172772407532;-0.06437134742736816;0.3964160680770874;0.30336669087409973;-0.061468999832868576;0.49609771370887756;0.44251760840415955;-0.032363809645175934;0.3808737099170685;0.437918096780777;-0.03270884230732918;0.46588221192359924;0.5647388100624084;-0.0027677672915160656;0.41148310899734497;0.556460976600647;0.0027690106071531773;0.4664163291454315;0.7384986281394958;-0.026945706456899643;0.4042941629886627;0.7288057804107666;0.020075848326086998;0.4434081256389618;0.19218059480190278;-0.18753544241189957;0.48134763538837433;0.5875082314014435;-0.14393305778503418;0.3791792169213295;0.5831126570701599;-0.1300664283335209;0.46155889828999835;0.911103884379069;0.1378051737944285;0.40788184603055316;0.9018223484357198;0.18546884010235468;;girando
3.97;0.4378548264503479;0.2197745442390442;-0.18328240513801575;0.4906739890575409;0.3089241683483124;-0.060481369495391846;0.3965357542037964;0.3033234775066376;-0.05937385559082031;0.4967065155506134;0.44176286458969116;-0.029617777094244957;0.3808848559856415;0.4380219578742981;-0.028276100754737854;0.4663148820400238;0.5652144551277161;-0.003363349474966526;0.4120452105998993;0.5568956732749939;0.0033700254280120134;0.4664648175239563;0.7397969365119934;-0.029339836910367012;0.4061920642852783;0.730574905872345;0.02185245230793953;0.4445187449455261;0.19187172651290893;-0.182980078458786;0.48113203793764114;0.5858671367168427;-0.1456938162446022;0.3819844350218773;0.5835199505090714;-0.12771871127188206;0.4615032374858856;0.91139022509257;0.12903022021055222;0.4089629650115967;0.903609037399292;0.18451246619224548;;girando
4.0;0.43815872073173523;0.21961809694766998;-0.1764219105243683;0.49097195267677307;0.309268057346344;-0.059353020042181015;0.396665096282959;0.303182452917099;-0.050161801278591156;0.49722206592559814;0.4418143332004547;-0.02953319437801838;0.38074642419815063;0.43755605816841125;-0.02619302086532116;0.4669567346572876;0.5655826926231384;-0.00628054141998291;0.4129496216773987;0.5576862096786499;0.006289106328040361;0.46731239557266235;0.7420628666877747;-0.03266405686736107;0.40793853998184204;0.7342522740364075;0.02923470363020897;0.4448671877384186;0.1916961595416069;-0.17663155868649483;0.4809355139732361;0.5846215635538101;-0.1430790238082409;0.3851825147867203;0.5832285135984421;-0.133651465177536;0.4616670608520508;0.9119986494382223;0.13136350239316621;0.41014882922172546;0.9043896794319153;0.19152571012576422;;vertical
4.03;0.43859243392944336;0.21961957216262817;-0.1748235672712326;0.49049705266952515;0.309823215007782;-0.05569227412343025;0.3964032828807831;0.30311211943626404;-0.04655710980296135;0.49743160605430603;0.44212812185287476;-0.02695625275373459;0.37983134388923645;0.43736153841018677;-0.02999446913599968;0.466829776763916;0.5658985376358032;-0.007105826400220394;0.4134186804294586;0.5588598251342773;0.0071150194853544235;0.4678804278373718;0.7440548539161682;-0.033393267542123795;0.4102679193019867;0.7383978962898254;0.027705416083335876;0.44515367448329923;0.19168706685304643;-0.17499746903777122;0.47976409643888474;0.5841767340898514;-0.1438713725656271;0.3886171206831932;0.5817724317312241;-0.15178504958748817;0.4621572196483612;0.9129029313723246;0.13308214396238327;0.4115188519159953;0.905606726805369;0.19169629365205765;;vertical
4.07;0.4384371340274811;0.2196316123008728;-0.16971318423748016;0.4895576536655426;0.30992045998573303;-0.050849806517362595;0.39617663621902466;0.3031025826931;-0.04299135506153107;0.4971862733364105;0.44245588779449463;-0.022674979642033577;0.3790264427661896;0.4372667968273163;-0.03585374727845192;0.4666552245616913;0.565992534160614;-0.00720923813059926;0.4139060378074646;0.5595767498016357;0.007208240684121847;0.46788936853408813;0.7439406514167786;-0.03255711495876312;0.4123731255531311;0.7393519282341003;0.018517613410949707;0.44515673220157626;0.19169705957174302;-0.169497362524271;0.4786112606525421;0.5833200365304947;-0.14015905931591988;0.39283133298158646;0.5753416419029236;-0.16883744671940804;0.4622366229693095;0.9122778574625651;0.1457365577419599;0.4118693172931671;0.9063767592112223;0.17676698664824167;;vertical
4.1;0.4383440315723419;0.2197805494070053;-0.1723429411649704;0.4889898896217346;0.30998024344444275;-0.05599414184689522;0.39587077498435974;0.3033258318901062;-0.04468373581767082;0.49707284569740295;0.4424665868282318;-0.030166098847985268;0.3782753348350525;0.43755850195884705;-0.0486067458987236;0.46681514382362366;0.5670063495635986;-0.007749448996037245;0.4144658148288727;0.5629259943962097;0.007748706731945276;0.4677730202674866;0.7438244223594666;-0.0242443960160017;0.41226157546043396;0.7397147417068481;0.022962776944041252;0.44515851736068723;0.19179804921150206;-0.17173917219042778;0.47674740105867386;0.5818616151809692;-0.14959578402340412;0.3982328176498413;0.5724791139364243;-0.1873629428446293;0.4622046947479248;0.9124083717664083;0.1446189060807228;0.4120755195617676;0.9073411226272583;0.17291160921255747;;vertical
4.13;0.43823638558387756;0.21988634765148163;-0.1791253685951233;0.48862433433532715;0.309976190328598;-0.060138098895549774;0.3953962028026581;0.3033231794834137;-0.0540720596909523;0.4969251751899719;0.4419298768043518;-0.03387503698468208;0.3763309419155121;0.43755853176116943;-0.05103876814246178;0.4667387306690216;0.5671167373657227;-0.00824381411075592;0.41440778970718384;0.5635387301445007;0.008245357312262058;0.4675588011741638;0.7438953518867493;-0.01891767978668213;0.4118957817554474;0.7396703362464905;0.026532111689448357;0.4449403524398804;0.1919701799750328;-0.17728640660643577;0.4740785211324692;0.5778361111879349;-0.15494894236326218;0.4035514146089554;0.5673567652702332;-0.17968936264514923;0.4620683491230011;0.9141829411188761;0.13784950971603394;0.41217562556266785;0.9091971715291342;0.1677811567982038;;vertical
4.17;0.43829774856567383;0.22040055692195892;-0.2052837759256363;0.4884698987007141;0.3100529611110687;-0.07826562225818634;0.39471420645713806;0.30338138341903687;-0.0749015212059021;0.4967285096645355;0.4419941008090973;-0.04319698363542557;0.3757130205631256;0.4375740885734558;-0.06420058757066727;0.4667277932167053;0.56707763671875;-0.00853388849645853;0.4144507348537445;0.5635150671005249;0.008541370742022991;0.4673936367034912;0.7438672184944153;-0.0100269028916955;0.4117795526981354;0.7395284175872803;0.027989335358142853;0.4447939723730087;0.19236246049404143;-0.20473890751600266;0.47111453860998154;0.5749571621417999;-0.1652369499206543;0.4092336595058441;0.5638153403997421;-0.18986889347434044;0.4615772565205892;0.915278156598409;0.1348716194430987;0.412153422832489;0.9099133809407552;0.16469656676054;;vertical
4.2;0.438245564699173;0.22059911489486694;-0.21947507560253143;0.48800620436668396;0.3100118637084961;-0.08856593072414398;0.3942619860172272;0.30338799953460693;-0.08688019961118698;0.4965730607509613;0.44194331765174866;-0.04679026082158089;0.37570950388908386;0.4370974898338318;-0.0668155774474144;0.4666627049446106;0.5663439035415649;-0.008583661168813705;0.4144182801246643;0.5626752376556396;0.008577575907111168;0.46728721261024475;0.7438391447067261;-0.0030686918180435896;0.41164952516555786;0.7389945983886719;0.029103362932801247;0.44457135796546937;0.1924587219953537;-0.21938884407281875;0.4682733938097954;0.5701403617858887;-0.16366440430283546;0.4150249734520912;0.56012362241745;-0.18064074218273163;0.4616989195346832;0.9156614144643148;0.13319008921583494;0.4121354917685191;0.910273532072703;0.15717968344688416;;vertical
4.23;0.4380340278148651;0.22058072686195374;-0.23028086125850677;0.4870726466178894;0.3099423050880432;-0.0959145650267601;0.393972247838974;0.3033689856529236;-0.09605737775564194;0.4965149462223053;0.441421240568161;-0.049341022968292236;0.3758149743080139;0.4353034794330597;-0.07328944653272629;0.4665718078613281;0.5645345449447632;-0.007896584458649158;0.4143561124801636;0.5595789551734924;0.007863749749958515;0.46739181876182556;0.7424793839454651;0.00034611322917044163;0.41147133708000183;0.7347491979598999;0.02897488698363304;0.44433073699474335;0.19244359135627748;-0.23052040338516236;0.4640834406018257;0.5662131458520889;-0.1622481644153595;0.420522965490818;0.554510235786438;-0.18092072010040283;0.4618583718935649;0.9156489769617716;0.1312078150610129;0.41221978267033893;0.9102826515833536;0.15272775292396545;;vertical
4.27;0.43795499205589294;0.2205551117658615;-0.24896037578582764;0.48609936237335205;0.30995023250579834;-0.11057095229625702;0.3933621048927307;0.303320974111557;-0.11369075626134872;0.49539029598236084;0.44119781255722046;-0.0652553141117096;0.37590575218200684;0.43411728739738464;-0.09475720673799515;0.4654128849506378;0.5613461136817932;-0.0071736848913133144;0.4133179783821106;0.556969940662384;0.007120576221495867;0.467337042093277;0.7411132454872131;0.002449827268719673;0.41134971380233765;0.7333232760429382;0.028128093108534813;0.44406712651252744;0.19237446188926696;-0.25000276863574983;0.45913999527692795;0.5587042421102524;-0.16579440981149673;0.42636968195438385;0.5503753423690796;-0.19464251026511192;0.4618818759918213;0.9156071742375692;0.13212461893757185;0.41231366991996765;0.9103574752807617;0.14973142246405283;;vertical
4.3;0.4378179907798767;0.22048383951187134;-0.24785448610782623;0.48488807678222656;0.3099430799484253;-0.10870296508073807;0.3920702040195465;0.3032991290092468;-0.1185595765709877;0.4936189353466034;0.4410097002983093;-0.06689289957284927;0.3766375184059143;0.4340797960758209;-0.10455027222633362;0.4643605649471283;0.5571490526199341;-0.0057698520831763744;0.4119744598865509;0.5541864037513733;0.005717678461223841;0.4673079252243042;0.7390540838241577;0.0015809586038812995;0.4113049805164337;0.7326210737228394;0.022712523117661476;0.4436411917209625;0.19232632517814635;-0.24857317358255387;0.453449048101902;0.5558257550001144;-0.16597065702080727;0.4314665198326111;0.5513150990009308;-0.19930820912122726;0.46180765827496845;0.9157353043556213;0.12979593873023987;0.4123464624087016;0.9105885823567709;0.13729160527388254;;vertical
4.33;0.4375440180301666;0.22047382593154907;-0.24528810381889343;0.48349815607070923;0.3099633455276489;-0.10554014146327972;0.3907988667488098;0.3032178580760956;-0.11737586557865143;0.4917595684528351;0.4407547116279602;-0.06438014656305313;0.3774403929710388;0.43403151631355286;-0.10405553877353668;0.4634425938129425;0.5554230809211731;-0.004952956456691027;0.4111255705356598;0.5533742308616638;0.00490837637335062;0.4672386348247528;0.737703263759613;0.0018739402294158936;0.4111892879009247;0.7323673963546753;0.021664410829544067;0.44324390292167665;0.19230197221040726;-0.24567021131515504;0.45049431174993515;0.5549181997776031;-0.1651778481900692;0.4333390071988106;0.5517130345106125;-0.19931096211075783;0.46178590257962543;0.9155744910240173;0.12961854164799055;0.41222818692525226;0.9103795488675436;0.13875295221805573;;vertical
4.37;0.43681642413139343;0.22046902775764465;-0.25244376063346863;0.48237916827201843;0.30997511744499207;-0.11023291945457458;0.3897174000740051;0.30312293767929077;-0.12338655441999435;0.49055346846580505;0.44039201736450195;-0.06883583217859268;0.37775927782058716;0.43399524688720703;-0.1089554876089096;0.4626995325088501;0.5531207323074341;-0.004656719043850899;0.4099101424217224;0.5520612001419067;0.004608900286257267;0.46690842509269714;0.7359942197799683;0.00018217590695712715;0.4109382927417755;0.7321845293045044;0.020805146545171738;0.4426076740026474;0.19228995442390442;-0.2531253457069397;0.44947799295186996;0.554572269320488;-0.16668369248509407;0.4331696406006813;0.5523582547903061;-0.20314893126487732;0.46176086862881977;0.9153748750686646;0.1285564253727595;0.41222043832143146;0.9102856715520223;0.13577177375555038;;vertical
4.4;0.4358886778354645;0.22040632367134094;-0.25155192613601685;0.48169246315956116;0.30999109148979187;-0.11066627502441406;0.3888114094734192;0.30293962359428406;-0.11817361414432526;0.49009042978286743;0.4402472674846649;-0.0692083090543747;0.3777153789997101;0.4335106909275055;-0.10105276107788086;0.4621052145957947;0.5515778064727783;-0.0046018557623028755;0.40905293822288513;0.5505146384239197;0.004552254918962717;0.46648454666137695;0.735568106174469;-0.0009582763887010515;0.41050928831100464;0.7320087552070618;0.0170943271368742;0.44174166917800906;0.19220540821552276;-0.2526067212224007;0.4485253542661667;0.5540237128734589;-0.16791940852999687;0.43048471957445145;0.5519298762083054;-0.19985048472881317;0.4617062608400981;0.9153395891189575;0.12821107978622118;0.41228516896565753;0.9103308320045471;0.13351910437146822;;vertical
4.43;0.43507760763168335;0.22011683881282806;-0.26146814227104187;0.48106563091278076;0.31001079082489014;-0.1195162981748581;0.3875967860221863;0.3028230369091034;-0.12625449895858765;0.4897378385066986;0.44023239612579346;-0.07776900380849838;0.3775293827056885;0.4335263669490814;-0.10715468972921371;0.4616717994213104;0.5498359203338623;-0.004720602184534073;0.4086005687713623;0.5493943095207214;0.004671356175094843;0.46595242619514465;0.7351647615432739;-0.0018814881332218647;0.41039133071899414;0.7318540811538696;0.018165715038776398;0.4409094899892807;0.1919394165277481;-0.2625910699367523;0.44765644520521164;0.5543125569820404;-0.17390300333499908;0.4288901090621948;0.5525108873844147;-0.2032756619155407;0.46167553464571637;0.9156384666760763;0.12312370166182518;0.4123541812102;0.9105228583017985;0.13115244358778;;vertical
4.47;0.43420833349227905;0.21993474662303925;-0.25360941886901855;0.48038235306739807;0.3100101351737976;-0.1142846867442131;0.38685163855552673;0.30281803011894226;-0.1191658154129982;0.4893174171447754;0.43991872668266296;-0.073323093354702;0.3772205710411072;0.43359634280204773;-0.09983145445585251;0.46134546399116516;0.5485457181930542;-0.004721162840723991;0.4082683026790619;0.5489606857299805;0.004671820905059576;0.46572786569595337;0.7343356609344482;-0.005703616887331009;0.4102584421634674;0.731666624546051;0.016302363947033882;0.44008047580718995;0.19169837683439256;-0.25441183894872665;0.44784577190876007;0.5532132834196091;-0.17221199721097946;0.42738568037748337;0.5525229275226593;-0.19912724569439888;0.4617035587628682;0.9156882166862488;0.12039150918523471;0.41246463855107623;0.9100582202275594;0.13184709350268045;;vertical
4.5;0.4329213500022888;0.21988441050052643;-0.2544945478439331;0.4799632430076599;0.31004130840301514;-0.11553024500608444;0.3864519000053406;0.30276837944984436;-0.11822693049907684;0.4888348877429962;0.43969184160232544;-0.07427220791578293;0.3766975998878479;0.4336134195327759;-0.09795621782541275;0.46116188168525696;0.5483410954475403;-0.004800677299499512;0.40802890062332153;0.5488897562026978;0.004751651547849178;0.4656619727611542;0.7342443466186523;-0.007379296701401472;0.41005805134773254;0.7314993739128113;0.01739763468503952;0.4390390425920486;0.19152886420488358;-0.2553272470831871;0.4474930763244629;0.5522457361221313;-0.17633424699306488;0.42658206075429916;0.5523770451545715;-0.20175601169466972;0.4614802300930023;0.9157814780871073;0.12071854745348294;0.41238588094711304;0.9076375563939413;0.1353958249092102;;vertical
4.53;0.4318116307258606;0.2198641449213028;-0.26400819420814514;0.4796973168849945;0.3101803958415985;-0.12417398393154144;0.38606274127960205;0.3027571737766266;-0.12603233754634857;0.48824644088745117;0.4398392140865326;-0.08336237072944641;0.37630394101142883;0.43362918496131897;-0.10586754977703094;0.46089109778404236;0.5480164885520935;-0.004860857967287302;0.4077509641647339;0.5486680865287781;0.004811661783605814;0.4653937816619873;0.7342039346694946;-0.007159296423196793;0.4098820686340332;0.7313719391822815;0.018742898479104042;0.43826297521591184;0.1914239451289177;-0.2649599641561508;0.4470943734049797;0.5520396381616592;-0.18596943095326424;0.4260743409395218;0.5522501021623611;-0.21082180365920067;0.46100274721781415;0.9157936573028564;0.12127674495180447;0.4122423827648163;0.9067269961039225;0.1385884334643682;;vertical
4.57;0.4310120940208435;0.21984098851680756;-0.26483553647994995;0.47956565022468567;0.3102978467941284;-0.1256229132413864;0.385608047246933;0.30278652906417847;-0.12896008789539337;0.48788413405418396;0.4400903880596161;-0.08654573559761047;0.37618789076805115;0.43401795625686646;-0.1106608584523201;0.46073204278945923;0.5477221012115479;-0.004907255060970783;0.40755409002304077;0.5485349297523499;0.004858075641095638;0.4649541676044464;0.7341518998146057;-0.006417295429855585;0.40985506772994995;0.7313668131828308;0.02002878300845623;0.43753683269023896;0.19133149981498718;-0.26584546864032743;0.44714032858610153;0.5514413863420486;-0.18995540216565132;0.42577358335256577;0.552308589220047;-0.21528888121247292;0.4607962965965271;0.9160212278366089;0.11818086604277293;0.4121738076210022;0.9066394368807474;0.13984325031439462;;vertical
4.6;0.4305248260498047;0.2198089212179184;-0.2648885250091553;0.4793867766857147;0.3103387951850891;-0.12492343038320541;0.38524776697158813;0.30284613370895386;-0.13044455647468567;0.4877062439918518;0.4401458203792572;-0.0865204706788063;0.37615451216697693;0.43427741527557373;-0.11344864964485168;0.46065768599510193;0.5469852089881897;-0.00490174675360322;0.4074433743953705;0.5480679869651794;0.004850905854254961;0.46476978063583374;0.7335682511329651;-0.0058573512360453606;0.40975621342658997;0.7312419414520264;0.01972765289247036;0.4370707362890244;0.19122769683599472;-0.2657381534576416;0.4467324987053871;0.5506374090909958;-0.1900022104382515;0.4256402999162674;0.552329882979393;-0.21808771789073944;0.46072185039520264;0.9160117705663046;0.11592496559023857;0.4120642344156901;0.9066963791847229;0.13331252336502075;;vertical
4.63;0.43001800775527954;0.2196720689535141;-0.2620871961116791;0.4792737364768982;0.3103751242160797;-0.12311553955078125;0.3849296271800995;0.3028598725795746;-0.12921297550201416;0.48748210072517395;0.44021448493003845;-0.08555737137794495;0.37614932656288147;0.43431809544563293;-0.1138368546962738;0.46053698658943176;0.5466183423995972;-0.0047286986373364925;0.40727341175079346;0.5476922988891602;0.004676089156419039;0.4645669460296631;0.7328265905380249;-0.006778308190405369;0.40958064794540405;0.731065571308136;0.01861637644469738;0.43668043315410615;0.19105105102062225;-0.26283579170703886;0.4454948827624321;0.5501994788646698;-0.1891109123826027;0.42549489438533783;0.5521314740180969;-0.21947357058525085;0.46064043045043945;0.9156983097394308;0.11619390547275543;0.4119490683078766;0.9062371253967285;0.13398649295171103;;vertical
4.67;0.4296025037765503;0.2194390594959259;-0.2620623707771301;0.4791199564933777;0.31041520833969116;-0.12330479919910431;0.38473209738731384;0.3028765618801117;-0.13071298599243164;0.4871295988559723;0.4402417242527008;-0.08666863292455673;0.37615272402763367;0.43432915210723877;-0.11689789593219757;0.4602682292461395;0.5465949773788452;-0.004517338704317808;0.40706929564476013;0.547576904296875;0.004461350385099649;0.464423805475235;0.7325504422187805;-0.008168837055563927;0.4094375669956207;0.7310642004013062;0.018652750179171562;0.43629747331142427;0.19085289537906647;-0.26278875321149825;0.4446962922811508;0.550005242228508;-0.1893138736486435;0.4254763200879097;0.5520106703042984;-0.2216823399066925;0.4605437715848287;0.9153117140134176;0.1167614075044791;0.4117242395877838;0.9057219823201498;0.13500616947809854;;vertical
4.7;0.42920318245887756;0.21895670890808105;-0.26342472434043884;0.47903895378112793;0.310430109500885;-0.12531745433807373;0.38451921939849854;0.302916556596756;-0.133026584982872;0.48671525716781616;0.440253347158432;-0.08981240540742874;0.37621182203292847;0.4343385696411133;-0.11970333755016327;0.4600324034690857;0.5465002059936523;-0.004468205850571394;0.4068840742111206;0.5474288463592529;0.00440955488011241;0.4643574059009552;0.7320783734321594;-0.009076960384845734;0.4093228876590729;0.731070339679718;0.018837902694940567;0.43598219454288484;0.19062688946723938;-0.2641806811094284;0.4444136470556259;0.5499359667301178;-0.1919785849750042;0.42551635205745697;0.5520398914813995;-0.2232910953462124;0.4604923327763875;0.9149662454922994;0.11672202994426091;0.4115142027537028;0.9051157832145691;0.13523149862885475;;vertical
4.73;0.4288509786128998;0.21872225403785706;-0.2630949318408966;0.47888392210006714;0.3104338049888611;-0.12449604272842407;0.3843645453453064;0.3029802739620209;-0.1330343335866928;0.48624709248542786;0.44027355313301086;-0.08881527185440063;0.37657058238983154;0.43434908986091614;-0.12005764245986938;0.4598284661769867;0.5462144613265991;-0.004432212095707655;0.40673187375068665;0.5471709966659546;0.00437293341383338;0.4642873704433441;0.7317793965339661;-0.010147328488528728;0.4092670679092407;0.7310710549354553;0.018026409670710564;0.4357058882713318;0.1905394896864891;-0.26395595371723174;0.44431962072849274;0.5498692542314529;-0.1911635473370552;0.42563340812921524;0.552061915397644;-0.22421902790665627;0.4604763388633728;0.9148054917653402;0.11599084238211314;0.4114672342936198;0.9047502279281616;0.13455130035678545;;vertical
4.77;0.42867541313171387;0.21864262223243713;-0.26676273345947266;0.47874218225479126;0.3104708790779114;-0.12748762965202332;0.3842742145061493;0.3030909597873688;-0.1364041417837143;0.48582789301872253;0.4403858184814453;-0.0930393859744072;0.37686794996261597;0.4344722628593445;-0.12348498404026031;0.4596306383609772;0.5461069941520691;-0.00443662004545331;0.406555712223053;0.5471248030662537;0.004377169534564018;0.46419548988342285;0.731751561164856;-0.010215484537184238;0.4091701805591583;0.7310770750045776;0.018169894814491272;0.43550743758678434;0.19049718081951142;-0.2677105486392975;0.4441218674182892;0.5499583184719086;-0.1957140453159809;0.4257064536213875;0.5521052479743958;-0.22732380777597427;0.4604669710000356;0.914742112159729;0.11626795803507169;0.41142867008845013;0.9043254256248474;0.13497652734319368;;vertical
4.8;0.4286348819732666;0.21865804493427277;-0.27867192029953003;0.47858381271362305;0.31049904227256775;-0.13799703121185303;0.3841016888618469;0.30321204662323;-0.14605936408042908;0.48555848002433777;0.44046640396118164;-0.10604701191186905;0.3769913911819458;0.43485304713249207;-0.13326850533485413;0.4594447910785675;0.5461081266403198;-0.004442684352397919;0.40634098649024963;0.5471400022506714;0.004383229650557041;0.46417856216430664;0.7317600846290588;-0.010160128585994244;0.4091102182865143;0.7311269044876099;0.019528832286596298;0.4354516386985779;0.19049429446458815;-0.27973937839269636;0.4434523433446884;0.550045058131218;-0.20809081569314003;0.42585626244544983;0.5526479780673981;-0.23476389795541763;0.4604724844296773;0.9145355025927225;0.12145472814639409;0.4114210605621338;0.9041555523872375;0.14121144264936447;;vertical
4.83;0.42861315608024597;0.21865622699260712;-0.28530627489089966;0.47841206192970276;0.31050387024879456;-0.14402733743190765;0.3839769661426544;0.3033604919910431;-0.15304385125637054;0.4853490889072418;0.4404849410057068;-0.11322092264890671;0.37714365124702454;0.4353727698326111;-0.14091315865516663;0.4593268930912018;0.5460296273231506;-0.004445475526154041;0.40618637204170227;0.5471487045288086;0.004386259708553553;0.4641692340373993;0.7317704558372498;-0.009759776294231415;0.4090959131717682;0.7311427593231201;0.0205300934612751;0.4354132443666458;0.19048818647861482;-0.2863056808710098;0.4431007578969002;0.550151452422142;-0.21568318083882332;0.4259950965642929;0.5533971637487411;-0.24095167219638824;0.46047621965408325;0.914449135462443;0.12332373112440109;0.4114182194073995;0.9040425221125284;0.1435493752360344;;vertical
