segundo;landmark_10_x;landmark_10_y;landmark_10_z;landmark_11_x;landmark_11_y;landmark_11_z;landmark_12_x;landmark_12_y;landmark_12_z;landmark_13_x;landmark_13_y;landmark_13_z;landmark_14_x;landmark_14_y;landmark_14_z;landmark_23_x;landmark_23_y;landmark_23_z;landmark_24_x;landmark_24_y;landmark_24_z;landmark_25_x;landmark_25_y;landmark_25_z;landmark_26_x;landmark_26_y;landmark_26_z;cara_prom_x;cara_prom_y;cara_prom_z;mano_izquierda_prom_x;mano_izquierda_prom_y;mano_izquierda_prom_z;mano_derecha_prom_x;mano_derecha_prom_y;mano_derecha_prom_z;pie_izquierdo_prom_x;pie_izquierdo_prom_y;pie_izquierdo_prom_z;pie_derecho_prom_x;pie_derecho_prom_y;pie_derecho_prom_z
0.03;0.5487270951271057;0.3391016125679016;-0.12197843939065933;0.5203437209129333;0.3877185583114624;0.07073164731264114;0.5228717923164368;0.38997888565063477;-0.24326303601264954;0.5203900337219238;0.5085206031799316;0.10253927856683731;0.5269546508789062;0.5205401182174683;-0.27454373240470886;0.5250999927520752;0.6154454946517944;0.1027752235531807;0.5284861326217651;0.6194226741790771;-0.10297110676765442;0.5305158495903015;0.7615317702293396;0.2165147364139557;0.5260804295539856;0.7744606733322144;0.0013894691364839673;0.5476111769676208;0.3153011083602905;-0.10749676823616028;0.5256877839565277;0.6283498704433441;0.042340246960520744;0.559293121099472;0.6362078338861465;-0.25278110057115555;0.5296259721120199;0.910616954167684;0.35661716262499493;0.5264625747998556;0.9340561230977377;0.12096760421991348
0.07;0.5486133098602295;0.34004318714141846;-0.119983971118927;0.520313560962677;0.38968053460121155;0.06876666843891144;0.5228714942932129;0.39048463106155396;-0.23821987211704254;0.5188990235328674;0.5103565454483032;0.09099902957677841;0.5282528400421143;0.5203990340232849;-0.2709375321865082;0.5256863832473755;0.6169186234474182;0.09883389621973038;0.528968870639801;0.6193540096282959;-0.09901650995016098;0.5305355191230774;0.7627350091934204;0.20240789651870728;0.5264844298362732;0.7741568684577942;0.0012950996169820428;0.5474785566329956;0.3159325510263443;-0.10575950592756271;0.5219581425189972;0.6333246231079102;0.02751708636060357;0.5590960830450058;0.6358910351991653;-0.251603402197361;0.5296765565872192;0.9117276668548584;0.3331512212753296;0.5265390078226725;0.9338376720746359;0.11851384739081065
0.1;0.5486136078834534;0.3402360677719116;-0.11980948597192764;0.5203036069869995;0.39034193754196167;0.06632198393344879;0.5227586030960083;0.39049872756004333;-0.23728449642658234;0.519017219543457;0.5107884407043457;0.08724786341190338;0.5287156105041504;0.5202202796936035;-0.27063262462615967;0.5262861251831055;0.6174322962760925;0.09709125757217407;0.5296222567558289;0.6191567182540894;-0.09727372229099274;0.5305358171463013;0.7629709839820862;0.19786103069782257;0.5266053676605225;0.7733646631240845;0.0006226751138456166;0.547434139251709;0.31615218222141267;-0.10567290261387825;0.5215690284967422;0.6358298808336258;0.024390123784542084;0.5591464340686798;0.6355025470256805;-0.25248289480805397;0.5296710133552551;0.9128641883532206;0.3269395629564921;0.5265233516693115;0.9337959289550781;0.11607096344232559
0.13;0.548775315284729;0.3402598202228546;-0.11962465941905975;0.5203031301498413;0.39051416516304016;0.06559661030769348;0.522741436958313;0.39040517807006836;-0.23716503381729126;0.5190454721450806;0.5110324025154114;0.08615618944168091;0.5290824770927429;0.5199816823005676;-0.27029600739479065;0.5267321467399597;0.6177718639373779;0.09681018441915512;0.529906690120697;0.6190396547317505;-0.09698951244354248;0.5305764675140381;0.7628423571586609;0.19496594369411469;0.5267190337181091;0.7725681662559509;-0.0019899033941328526;0.5474530100822449;0.31615855991840364;-0.10551012046635151;0.5216854810714722;0.6366758346557617;0.024258209858089685;0.5592182725667953;0.6352813839912415;-0.2524316646158695;0.5296817620595297;0.9130465189615885;0.3221232195695241;0.5265754262606303;0.9336155454317728;0.11075893044471741
0.17;0.5489667057991028;0.34038373827934265;-0.12098318338394165;0.5204182267189026;0.3905491232872009;0.06420763581991196;0.5227680802345276;0.3903532326221466;-0.23762927949428558;0.5192075967788696;0.5110573172569275;0.08567291498184204;0.5295004844665527;0.5197603702545166;-0.2724379301071167;0.5273560285568237;0.6177567839622498;0.09715023636817932;0.5303765535354614;0.6184951663017273;-0.09733127802610397;0.5307410359382629;0.7625307440757751;0.19353985786437988;0.5268105268478394;0.7712379097938538;-0.005510137882083654;0.547493851184845;0.3162726849317551;-0.10693450346589088;0.5220871269702911;0.6371770054101944;0.02442119736224413;0.5593270510435104;0.6352753788232803;-0.2602793164551258;0.529697318871816;0.9133801857630411;0.3193850020567576;0.5265870889027914;0.9336301485697428;0.10356766730546951
0.2;0.5491933226585388;0.3403888940811157;-0.12255796045064926;0.5208169221878052;0.390529066324234;0.06312264502048492;0.5228267908096313;0.39029958844184875;-0.23850883543491364;0.5196735858917236;0.5110493302345276;0.08530065417289734;0.5296358466148376;0.5194591879844666;-0.27472037076950073;0.52779221534729;0.6177313923835754;0.09735377877950668;0.5304608941078186;0.6180700063705444;-0.09753383696079254;0.5310643315315247;0.7624796628952026;0.1937207281589508;0.5271278023719788;0.7709990739822388;-0.00685996375977993;0.5475709736347198;0.31627815067768095;-0.1085657972842455;0.5227930694818497;0.6375966817140579;0.023868317482993007;0.5595023781061172;0.6352270245552063;-0.26409104093909264;0.5297833283742269;0.9137056668599447;0.32076682647069293;0.5267016887664795;0.9342073400815328;0.10143616919716199
0.23;0.5493394136428833;0.3404235541820526;-0.12363690882921219;0.5211701989173889;0.39052626490592957;0.062487974762916565;0.5228781700134277;0.39030733704566956;-0.23924462497234344;0.5200375318527222;0.511065661907196;0.08486798405647278;0.5297558903694153;0.5193127989768982;-0.27553847432136536;0.5283583998680115;0.6177124381065369;0.09745100140571594;0.5305147767066956;0.6178535223007202;-0.09762760996818542;0.5314517021179199;0.7624695897102356;0.19327501952648163;0.5274938344955444;0.7710248231887817;-0.007878386415541172;0.5476113677024841;0.31633550226688384;-0.10963257998228074;0.524542361497879;0.6376194953918457;0.02330342889763415;0.5596824735403061;0.635214701294899;-0.263724610209465;0.5297966798146566;0.9136555989583334;0.3191591997941335;0.5270406206448873;0.9344670375188192;0.0981694757938385
0.27;0.5493685603141785;0.3407037556171417;-0.12390213459730148;0.5212404727935791;0.39053261280059814;0.06134762242436409;0.5229410529136658;0.3903464376926422;-0.23936308920383453;0.5202441811561584;0.5110911726951599;0.08313769102096558;0.5299614667892456;0.5193025469779968;-0.275516539812088;0.5287581086158752;0.6177697777748108;0.0970173254609108;0.5305448770523071;0.6178562045097351;-0.0971861481666565;0.5316702723503113;0.7625262141227722;0.19164258241653442;0.5275682210922241;0.7712215781211853;-0.007853762246668339;0.547625458240509;0.31675278544425967;-0.10992863886058331;0.5257499814033508;0.6376403868198395;0.022237605415284634;0.5598042905330658;0.6352172642946243;-0.2625086270272732;0.5298275152842203;0.9136838316917419;0.3155348797639211;0.5272250771522522;0.9345938364664713;0.09764072299003601
0.3;0.5495662093162537;0.3408327102661133;-0.12517839670181274;0.5213630199432373;0.3905421197414398;0.05908139422535896;0.5229612588882446;0.3904304802417755;-0.23955778777599335;0.5203169584274292;0.5111009478569031;0.08108485490083694;0.5300034880638123;0.5193236470222473;-0.2755160927772522;0.5289815068244934;0.6178655624389648;0.09654442965984344;0.5305672883987427;0.6178690791130066;-0.09670843183994293;0.5317057967185974;0.7625941634178162;0.1913134902715683;0.5275676846504211;0.7715216279029846;-0.007538266945630312;0.5477151513099671;0.3169047921895981;-0.11131070852279663;0.5263788402080536;0.6376911997795105;0.021455579670146108;0.5598271787166595;0.6352554112672806;-0.262170497328043;0.5299315651257833;0.9137970805168152;0.3156055112679799;0.527394155661265;0.9347266356150309;0.09924233208100001
0.33;0.5497125387191772;0.34089627861976624;-0.12603330612182617;0.5216130018234253;0.3905496895313263;0.058706872165203094;0.5229652523994446;0.3905753791332245;-0.24026742577552795;0.5205498337745667;0.5110992789268494;0.0815376490354538;0.530026376247406;0.5193872451782227;-0.2761765122413635;0.5292625427246094;0.6182996034622192;0.0964316576719284;0.5305686593055725;0.6181612610816956;-0.0965934619307518;0.5317195057868958;0.7630487084388733;0.1925591677427292;0.5275366306304932;0.772365927696228;-0.006433302536606789;0.5477652609348297;0.31698077023029325;-0.11215229853987693;0.5282566845417023;0.6376902312040329;0.02147291530855;0.5598207712173462;0.6354118138551712;-0.26293449103832245;0.5300460855166117;0.9141479730606079;0.31804215908050537;0.5276012221972147;0.9351291457811991;0.10312918076912563
0.37;0.5498327612876892;0.3410128951072693;-0.12592008709907532;0.5216524004936218;0.3905854821205139;0.05913936719298363;0.5230163931846619;0.39068856835365295;-0.240449458360672;0.5205937027931213;0.5111662745475769;0.08233600109815598;0.5301175117492676;0.5195837020874023;-0.27609845995903015;0.5294351577758789;0.6192362904548645;0.09642326831817627;0.5305245518684387;0.6189905405044556;-0.09658312052488327;0.5318225026130676;0.7637380361557007;0.1934116631746292;0.5273227095603943;0.7737624049186707;-0.00581255741417408;0.5478190898895263;0.3170628398656845;-0.11200322285294532;0.5290545225143433;0.6376057416200638;0.02225331705994904;0.5598167181015015;0.6357692778110504;-0.2626677639782429;0.5302906433741251;0.9144605000813802;0.3199476699034373;0.5278262893358866;0.9361761411031088;0.1036693478624026
0.4;0.5500184297561646;0.3410736918449402;-0.12584054470062256;0.521655797958374;0.39064180850982666;0.05944587662816048;0.5230218172073364;0.3907935917377472;-0.2406647503376007;0.520655632019043;0.5112082958221436;0.08288534730672836;0.5302224159240723;0.5198056101799011;-0.2760957181453705;0.5296601057052612;0.6201640963554382;0.09643644094467163;0.5305027365684509;0.6199801564216614;-0.09659554064273834;0.5318982601165771;0.7642612457275391;0.19752319157123566;0.5269602537155151;0.7748329639434814;-0.002384347375482321;0.5479195654392243;0.317089369893074;-0.11191850528120995;0.52950519323349;0.6374969333410263;0.022736108861863613;0.5598078221082687;0.6363675743341446;-0.26226941123604774;0.53037428855896;0.9144599239031473;0.32916223009427387;0.5280026793479919;0.9368267258008321;0.11065349231163661
0.43;0.5502392053604126;0.3411312401294708;-0.12593097984790802;0.5216675400733948;0.3906400799751282;0.058828845620155334;0.5230334401130676;0.39087870717048645;-0.2406739890575409;0.5207769870758057;0.5112149119377136;0.08185190707445145;0.5303173065185547;0.5200073719024658;-0.2757762372493744;0.5298839211463928;0.6202695369720459;0.09625696390867233;0.5305859446525574;0.6201103329658508;-0.09641001373529434;0.531911313533783;0.7644583582878113;0.19782303273677826;0.526932954788208;0.7752835750579834;-0.0015006421599537134;0.548037189245224;0.3171268135309219;-0.11207187324762344;0.5302242636680603;0.6372402012348175;0.021959029138088226;0.5598002374172211;0.6368192583322525;-0.2611145116388798;0.5303171674410502;0.9144554734230042;0.32927145560582477;0.5282610058784485;0.9372390309969584;0.11108182867368062
0.47;0.550473690032959;0.34128090739250183;-0.1258632093667984;0.5217558741569519;0.390652596950531;0.05849507078528404;0.5230556726455688;0.39109763503074646;-0.24030257761478424;0.5208548903465271;0.5112543106079102;0.08095654100179672;0.5303797721862793;0.5201951265335083;-0.27467718720436096;0.5302451252937317;0.6205122470855713;0.09584254026412964;0.5306057333946228;0.6203950047492981;-0.09598711878061295;0.5319943428039551;0.7647126317024231;0.19823239743709564;0.5269182324409485;0.77596515417099;3.9573180401930586e-05;0.5481653332710266;0.31723111867904663;-0.11200788021087646;0.5312350392341614;0.6367917358875275;0.020219685742631555;0.5597630739212036;0.6372473835945129;-0.25814756751060486;0.5302891333897909;0.9143650730450948;0.329704483350118;0.5284405946731567;0.9374730189641317;0.11303022503852844
0.5;0.5507301092147827;0.3414713144302368;-0.12583239376544952;0.5217629671096802;0.3907094895839691;0.05866904556751251;0.5231084823608398;0.3912373185157776;-0.24026812613010406;0.520868182182312;0.511418342590332;0.08120302110910416;0.5304831862449646;0.5204001665115356;-0.2744837999343872;0.5303553938865662;0.6208622455596924;0.09572553634643555;0.530614972114563;0.6207033395767212;-0.0958668440580368;0.5322221517562866;0.7649481296539307;0.19837665557861328;0.5268527269363403;0.7768409848213196;0.000255259801633656;0.5483134984970093;0.3173467546701431;-0.1119590949267149;0.5317918509244919;0.6365517675876617;0.02051786647643894;0.5597421526908875;0.6377758383750916;-0.25790759176015854;0.5302881399790446;0.9143429597218832;0.32967616120974225;0.5285056432088217;0.9378052353858948;0.11284868915875752
0.53;0.5507893562316895;0.34172430634498596;-0.12593331933021545;0.5217946767807007;0.3908556401729584;0.05807395651936531;0.5231114029884338;0.391526997089386;-0.2402234673500061;0.5208962559700012;0.5116512179374695;0.08067673444747925;0.5305472612380981;0.5208685994148254;-0.27442026138305664;0.5303595066070557;0.6210929751396179;0.09542261064052582;0.5305960178375244;0.6209490299224854;-0.09555861353874207;0.5323526859283447;0.7655591368675232;0.19924136996269226;0.5267884135246277;0.7779397964477539;0.0018721828237175941;0.5483461380004883;0.31751115918159484;-0.1121224444359541;0.5321214348077774;0.636490985751152;0.020250818459317088;0.5597292929887772;0.638362467288971;-0.2579233907163143;0.5303471287091573;0.9144172668457031;0.3319331705570221;0.5285583337148031;0.9385150074958801;0.11606470743815105
0.57;0.5509196519851685;0.34212610125541687;-0.12588530778884888;0.5218512415885925;0.39102789759635925;0.0581916980445385;0.5231133699417114;0.3918914496898651;-0.23996073007583618;0.5209289193153381;0.5117131471633911;0.08093104511499405;0.5305845737457275;0.5212031006813049;-0.2743491530418396;0.5303945541381836;0.6217740178108215;0.09526842087507248;0.5305734872817993;0.621707022190094;-0.0954001322388649;0.5325032472610474;0.7660556435585022;0.20078742504119873;0.5267657041549683;0.7789344191551208;0.003529335604980588;0.5484127819538116;0.31781571805477143;-0.1120733641088009;0.5330442786216736;0.6372812986373901;0.020487769856117666;0.5596844404935837;0.6388481706380844;-0.2584651745855808;0.5304268995920817;0.9146159092585245;0.3354481856028239;0.5286387205123901;0.9390535950660706;0.11989560723304749
0.6;0.5510157346725464;0.3426295220851898;-0.12551040947437286;0.5219050645828247;0.3912582993507385;0.058286648243665695;0.5231145620346069;0.3922734260559082;-0.23936043679714203;0.5209368467330933;0.511871874332428;0.0811067670583725;0.530603289604187;0.5215321183204651;-0.27388831973075867;0.53047776222229;0.6226866841316223;0.0951014831662178;0.5305400490760803;0.6228614449501038;-0.09522780776023865;0.5325812697410583;0.7668273448944092;0.20133642852306366;0.5266963839530945;0.7802631258964539;0.0043859938159585;0.5485073864459992;0.3180688828229904;-0.11170498616993427;0.5332946181297302;0.6376358866691589;0.020672575337812304;0.5596615672111511;0.639443889260292;-0.2582629434764385;0.530447244644165;0.9147561391194662;0.336202214161555;0.5286523501078287;0.9394498666127523;0.1211592306693395
0.63;0.5511175394058228;0.34377482533454895;-0.12422584742307663;0.5218930840492249;0.39156341552734375;0.05831312760710716;0.5232957601547241;0.39242199063301086;-0.23809510469436646;0.5208649635314941;0.5121225118637085;0.08064800500869751;0.5306069850921631;0.521655797958374;-0.2716620862483978;0.5303383469581604;0.6232653260231018;0.09493975341320038;0.5304567813873291;0.6234678626060486;-0.0950666218996048;0.5325621366500854;0.7673617005348206;0.20026719570159912;0.5265668034553528;0.7808318734169006;0.0042175063863396645;0.5486457526683808;0.31902227103710173;-0.11045689880847931;0.5312697887420654;0.6374114155769348;0.020659301429986954;0.5595676451921463;0.6399944126605988;-0.25345223769545555;0.5304273962974548;0.9149426023165385;0.33156394958496094;0.5286804437637329;0.9397444327672323;0.1185709610581398
0.67;0.5511258244514465;0.3445779085159302;-0.12259330600500107;0.5215926170349121;0.3919431269168854;0.05914029851555824;0.5236548781394958;0.39252859354019165;-0.23738214373588562;0.5205880403518677;0.5128104090690613;0.08076126128435135;0.5306373238563538;0.5216999053955078;-0.27008819580078125;0.5297952890396118;0.6238967776298523;0.09495474398136139;0.5304540395736694;0.6240642070770264;-0.0950821116566658;0.5324187874794006;0.7678818106651306;0.19861319661140442;0.5264596939086914;0.7812620401382446;0.0017933485796675086;0.5486819386482239;0.3200592577457428;-0.10876349210739136;0.5300955772399902;0.637396976351738;0.021082215011119843;0.5595563352108002;0.6404140144586563;-0.2511501982808113;0.5304097135861715;0.9159014622370402;0.32621338963508606;0.5286735892295837;0.9402847290039062;0.11144000540177028
0.7;0.5513468980789185;0.34709927439689636;-0.12077973783016205;0.5215718150138855;0.39313071966171265;0.05993884429335594;0.5240651369094849;0.39349842071533203;-0.23509009182453156;0.5205391049385071;0.5142141580581665;0.08084515482187271;0.5308193564414978;0.5224097967147827;-0.26787668466567993;0.5292752385139465;0.625912070274353;0.09493793547153473;0.530425488948822;0.6261181235313416;-0.0950668454170227;0.5319271683692932;0.7688391804695129;0.19865034520626068;0.5262669920921326;0.7821817994117737;0.0018675054889172316;0.5489889323711395;0.32260294258594513;-0.10687512643635273;0.530696839094162;0.6376792192459106;0.021217205561697483;0.5597610771656036;0.6413610279560089;-0.24922801554203033;0.5303008159001669;0.9169831871986389;0.3266102572282155;0.5286772648493449;0.9405849774678549;0.1133713573217392
0.73;0.5519715547561646;0.35034433007240295;-0.12104328721761703;0.5214733481407166;0.3940156400203705;0.059553489089012146;0.5249361395835876;0.3945699632167816;-0.23584605753421783;0.5205197334289551;0.515023946762085;0.08072090148925781;0.5311328768730164;0.5232865214347839;-0.26957955956459045;0.5289227366447449;0.6271547079086304;0.09494621306657791;0.5305827260017395;0.6274455189704895;-0.09507513791322708;0.5316832661628723;0.7691202759742737;0.20033222436904907;0.5262643098831177;0.7825804948806763;0.0028519697953015566;0.5501232922077179;0.3257787853479385;-0.10709907561540603;0.5337593704462051;0.6388591825962067;0.022212218958884478;0.5604712963104248;0.6427062898874283;-0.25399134680628777;0.5301508704821268;0.9171662131945292;0.3322824736436208;0.5285189946492513;0.9406189918518066;0.11913743366797765
0.77;0.552731454372406;0.3525184690952301;-0.11980634927749634;0.5209421515464783;0.39430588483810425;0.060503289103507996;0.5258435010910034;0.3946602940559387;-0.2360181212425232;0.5203322172164917;0.5156222581863403;0.0807688757777214;0.5312827229499817;0.5232988595962524;-0.2697528004646301;0.5282148122787476;0.627048909664154;0.09513780474662781;0.5305837392807007;0.6272737979888916;-0.0952717661857605;0.5315493941307068;0.7692046761512756;0.19594693183898926;0.5261290073394775;0.7830305695533752;-0.0028580513317137957;0.5516495108604431;0.32836727797985077;-0.10563116483390331;0.5336621105670929;0.6377472281455994;0.02552320179529488;0.5608326494693756;0.6426451355218887;-0.25512656569480896;0.5300502777099609;0.9174750447273254;0.3189140756924947;0.5282297134399414;0.9408109386761984;0.10221350689729054
0.8;0.5538090467453003;0.35491910576820374;-0.1195327565073967;0.5204834938049316;0.39468732476234436;0.060490649193525314;0.5268771052360535;0.3950091600418091;-0.23599578440189362;0.5199611186981201;0.516769528388977;0.07944376021623611;0.5316022634506226;0.524031937122345;-0.26977163553237915;0.5273807048797607;0.6270256042480469;0.095148466527462;0.5305792093276978;0.6272866129875183;-0.09528505802154541;0.5314236283302307;0.7696301341056824;0.19454257190227509;0.5259538888931274;0.783818244934082;-0.0037138464394956827;0.5538588285446167;0.33100004494190216;-0.10525243505835533;0.533710390329361;0.6371703296899796;0.02537671639584005;0.5611309558153152;0.6436349302530289;-0.25603779777884483;0.5300225814183553;0.9181312719980875;0.3165198763211568;0.5280247529347738;0.941280722618103;0.0997343398630619
0.83;0.5549513697624207;0.3571036159992218;-0.11620233952999115;0.519983172416687;0.39568644762039185;0.061695463955402374;0.5280026197433472;0.3955997824668884;-0.23328804969787598;0.5193255543708801;0.517689049243927;0.077555350959301;0.5319539308547974;0.5246397256851196;-0.26690614223480225;0.526353657245636;0.6269720196723938;0.09517916291952133;0.5303460359573364;0.6271990537643433;-0.09531917423009872;0.531143844127655;0.7703871130943298;0.19058498740196228;0.5257259011268616;0.7845605611801147;-0.006735371425747871;0.5560217320919036;0.3334877073764801;-0.10164357535541058;0.5307955145835876;0.6376135647296906;0.02326958649791777;0.5612440258264542;0.644510418176651;-0.2552471049129963;0.5300324161847433;0.9187813599904379;0.3078877329826355;0.527936319510142;0.9418143232663473;0.09026307240128517
0.87;0.55582594871521;0.3600115180015564;-0.11639638990163803;0.519891619682312;0.3965723216533661;0.06166508421301842;0.5289290547370911;0.39606907963752747;-0.23218943178653717;0.5189409255981445;0.5179277062416077;0.0741366595029831;0.5321333408355713;0.5255035161972046;-0.2665489614009857;0.524246096611023;0.6253607869148254;0.09521541744470596;0.5290701985359192;0.6256228089332581;-0.0953599363565445;0.5304872989654541;0.7703588604927063;0.18328894674777985;0.5253496170043945;0.7845385670661926;-0.012430991046130657;0.558224892616272;0.33655156195163727;-0.10184059739112854;0.5290034115314484;0.6379102468490601;0.021691798232495785;0.5612495392560959;0.6455104649066925;-0.25667165592312813;0.5300165216128031;0.9193870226542155;0.29329122106234234;0.5279583732287089;0.9422395825386047;0.07556209589044253
0.9;0.5571413636207581;0.36326199769973755;-0.1110742837190628;0.519819438457489;0.3977298438549042;0.06398520618677139;0.53005051612854;0.3962383270263672;-0.22658051550388336;0.5179404020309448;0.5186818242073059;0.07371652126312256;0.5323411822319031;0.5258765816688538;-0.2603273093700409;0.5229709148406982;0.6252773404121399;0.09518395364284515;0.5285760164260864;0.6254181265830994;-0.09533080458641052;0.5293338894844055;0.7710407972335815;0.18161730468273163;0.5246942043304443;0.7848886251449585;-0.012611131183803082;0.5605705976486206;0.3407108038663864;-0.09645965341478586;0.5273025631904602;0.6389212012290955;0.01966639398597181;0.5611767619848251;0.64597949385643;-0.249647106975317;0.5299586256345113;0.9204486409823099;0.28910621007283527;0.5281826853752136;0.94361279408137;0.07408612718184789
0.93;0.5579606294631958;0.3674890100955963;-0.10856376588344574;0.5198502540588379;0.3985481560230255;0.06463166326284409;0.5314199328422546;0.3962162435054779;-0.22305859625339508;0.5161293745040894;0.5193105936050415;0.07434709370136261;0.5324710607528687;0.525994062423706;-0.25877127051353455;0.52093905210495;0.6249766945838928;0.09470722824335098;0.5277271270751953;0.6247398257255554;-0.09486622363328934;0.5278481245040894;0.7723546624183655;0.17941680550575256;0.5243527889251709;0.7848940491676331;-0.012050860561430454;0.5625108540058136;0.34628199636936186;-0.09434529729187488;0.5257349908351898;0.6395383924245834;0.026499199215322733;0.5605249404907227;0.6462844014167786;-0.2503724656999111;0.5295533935228983;0.9222355484962463;0.28502436478932697;0.528396745522817;0.944030781586965;0.07397167632977168
0.97;0.5594186782836914;0.3718935549259186;-0.11024748533964157;0.5206167697906494;0.39981698989868164;0.06446865946054459;0.5320031046867371;0.39646586775779724;-0.22505095601081848;0.5161921977996826;0.5195422768592834;0.07439301908016205;0.5324692130088806;0.5261201858520508;-0.260756254196167;0.5212182998657227;0.6245441436767578;0.09503842145204544;0.5274735689163208;0.6236435174942017;-0.09520890563726425;0.5271070003509521;0.7727354168891907;0.17926336824893951;0.5232211947441101;0.7848404049873352;-0.014324513264000416;0.5648333489894867;0.35120024979114534;-0.09598317332565784;0.5250155031681061;0.6415089219808578;0.030175914987921715;0.5597936660051346;0.6464077681303024;-0.2594251185655594;0.5294678409894308;0.9237016439437866;0.2861890296141307;0.52834153175354;0.9447024663289388;0.06996081334849198
1.0;0.5608152151107788;0.3787568509578705;-0.1068277657032013;0.5213780403137207;0.4014691412448883;0.06435897946357727;0.5327422022819519;0.39719846844673157;-0.2222631573677063;0.5153746604919434;0.5196388959884644;0.07387062162160873;0.5324714183807373;0.5261766314506531;-0.25869643688201904;0.5199908018112183;0.6234763264656067;0.09503129869699478;0.5264565944671631;0.6226021647453308;-0.0952039286494255;0.5257967710494995;0.7727085947990417;0.17680811882019043;0.5227449536323547;0.7843804955482483;-0.014935659244656563;0.5673298835754395;0.35817990899086;-0.09252793695777654;0.520668089389801;0.6429775953292847;0.029569501522928476;0.5585842877626419;0.6464172005653381;-0.2570168673992157;0.529282291730245;0.9239684740702311;0.28225677212079364;0.5283767580986023;0.9449598987897238;0.06515137789150079
1.03;0.5631406307220459;0.38505104184150696;-0.10820896178483963;0.521995484828949;0.4046373665332794;0.05913107842206955;0.5337713360786438;0.3998405337333679;-0.22371481359004974;0.5155129432678223;0.5215771198272705;0.06894417852163315;0.5328496098518372;0.5275675654411316;-0.25941377878189087;0.5183835029602051;0.623473048210144;0.09503468126058578;0.5243345499038696;0.623281717300415;-0.09520667791366577;0.5249922871589661;0.7729794979095459;0.1788889616727829;0.5209990739822388;0.7846869826316833;-0.01363793108612299;0.5700816750526428;0.36429168879985807;-0.09411756191402673;0.5222742110490799;0.645669162273407;0.02846005791798234;0.5574239641427994;0.6476837247610092;-0.25514696538448334;0.5291430354118347;0.9247356851895651;0.28833086291948956;0.528291126092275;0.9465814034144083;0.07184239352742831
1.07;0.5652903318405151;0.38971617817878723;-0.10882598906755447;0.5227450132369995;0.40733829140663147;0.058298755437135696;0.535029947757721;0.4034133553504944;-0.22391648590564728;0.5108714699745178;0.5275657176971436;0.06870824098587036;0.5329926013946533;0.5297178030014038;-0.2598717510700226;0.5166153907775879;0.6241117119789124;0.09546508640050888;0.5212961435317993;0.624993622303009;-0.0956483855843544;0.5244724154472351;0.7751134634017944;0.18013235926628113;0.5183831453323364;0.786097526550293;-0.013017325662076473;0.5725576937198639;0.3693793475627899;-0.09489243850111961;0.5214671939611435;0.6512637734413147;0.027939968276768923;0.5559721440076828;0.6493945419788361;-0.25690751150250435;0.5290779074033102;0.9249415000279745;0.2898274064064026;0.5273406505584717;0.947513739267985;0.07095668464899063
1.1;0.5675023794174194;0.3965293765068054;-0.11272518336772919;0.5239959359169006;0.4101298451423645;0.05421989783644676;0.5366185903549194;0.4069144129753113;-0.22828611731529236;0.5117992758750916;0.5317236185073853;0.06436056643724442;0.5331546664237976;0.5333471298217773;-0.26188498735427856;0.5133209824562073;0.6268174648284912;0.09616860002279282;0.5180038213729858;0.6301297545433044;-0.0963507667183876;0.5233421921730042;0.7761214375495911;0.18392322957515717;0.5177138447761536;0.7885788083076477;-0.01279122568666935;0.5755348563194275;0.37755838334560393;-0.09864219352602958;0.5273016691207886;0.6520486027002335;0.022241203812882304;0.5558410286903381;0.6514574885368347;-0.2590254694223404;0.5286481976509094;0.9246615370114645;0.29470351338386536;0.5267201066017151;0.947863757610321;0.07238738797605038
1.13;0.5692160725593567;0.4075112044811249;-0.1117837205529213;0.5254181623458862;0.4126047194004059;0.054891567677259445;0.5383056402206421;0.4090808928012848;-0.2302745133638382;0.5114410519599915;0.5309592485427856;0.06883225589990616;0.5334243178367615;0.533150851726532;-0.26331663131713867;0.5116147994995117;0.6284698247909546;0.09855492413043976;0.5154862403869629;0.6324189305305481;-0.09874275326728821;0.5212001800537109;0.7757388353347778;0.18399536609649658;0.5170165300369263;0.7873680591583252;-0.014503352344036102;0.5777235746383667;0.3892896115779877;-0.09758102409541607;0.5257124602794647;0.6501361131668091;0.03447918454185128;0.5542923212051392;0.6513378173112869;-0.26047444716095924;0.5287837187449137;0.9245460033416748;0.29259101549784344;0.5269481142361959;0.9479367534319559;0.061046345780293144
1.17;0.5707106590270996;0.4162885844707489;-0.12044354528188705;0.527399480342865;0.41784900426864624;0.05120709165930748;0.5409041047096252;0.415397584438324;-0.24197345972061157;0.511701762676239;0.5373812913894653;0.06765488535165787;0.5363816618919373;0.539053738117218;-0.27422019839286804;0.5088304281234741;0.6306794285774231;0.09976817667484283;0.514462947845459;0.6351559162139893;-0.09997723996639252;0.5173956751823425;0.7753801345825195;0.1950494796037674;0.517117977142334;0.7872114181518555;-0.008404244668781757;0.5792410433292389;0.39865657687187195;-0.10611330345273018;0.5259073078632355;0.6569236218929291;0.03313471795991063;0.5546689480543137;0.6593570858240128;-0.2677961736917496;0.5279398163159689;0.9237548112869263;0.31426335374514264;0.5281678438186646;0.9478970567385355;0.07449466983477275
1.2;0.5731195211410522;0.4228535592556;-0.12891234457492828;0.5302379727363586;0.4220672845840454;0.04712200537323952;0.5436809659004211;0.42024046182632446;-0.25270697474479675;0.5140782594680786;0.5392633080482483;0.06822475045919418;0.537851870059967;0.5423764586448669;-0.2863551676273346;0.5084768533706665;0.6321179866790771;0.10062890499830246;0.5129338502883911;0.6380851864814758;-0.1008426770567894;0.5156459212303162;0.7736660838127136;0.2069217562675476;0.51560378074646;0.787104070186615;-0.008805702440440655;0.5819423735141754;0.40635942816734316;-0.1148876216262579;0.5294225364923477;0.6613742113113403;0.035159837920218706;0.5548275858163834;0.6637723743915558;-0.28250452131032944;0.5264999469121298;0.9196946422259012;0.33709442615509033;0.5281785329182943;0.9480347434679667;0.06813032925128937
1.23;0.5747495293617249;0.4324687123298645;-0.14425382018089294;0.5317363142967224;0.42846938967704773;0.028716225177049637;0.5452796220779419;0.4285321831703186;-0.26172828674316406;0.5148370265960693;0.5426611304283142;0.05012097582221031;0.539370059967041;0.5520647168159485;-0.2911798655986786;0.5061726570129395;0.6335006356239319;0.1004481315612793;0.5100762248039246;0.6412376761436462;-0.10064674913883209;0.5135605931282043;0.7732881307601929;0.21318398416042328;0.5139765739440918;0.7871471047401428;0.009500122629106045;0.5842857539653779;0.4176457017660141;-0.13076090589165687;0.5291396379470825;0.6756271123886108;0.0167933787452057;0.5562795847654343;0.6796787679195404;-0.28313738852739334;0.526512602965037;0.9182678063710531;0.34713364640871686;0.528583844502767;0.9479250113169352;0.10762341817220052
1.27;0.5762903690338135;0.438985139131546;-0.15893226861953735;0.5326653122901917;0.43279364705085754;0.014962388202548027;0.5472531318664551;0.4347628057003021;-0.27319788932800293;0.5149396061897278;0.5461483001708984;0.0365089476108551;0.540893018245697;0.5601240992546082;-0.3001391887664795;0.502183735370636;0.633131742477417;0.10033018887042999;0.5077779293060303;0.6407149434089661;-0.10051087290048599;0.5122129917144775;0.7725520730018616;0.2095119208097458;0.5127696394920349;0.7870625257492065;0.007730158045887947;0.5864012062549591;0.42467301785945893;-0.14579914808273314;0.5247001051902771;0.6851631700992584;0.0036011655465699732;0.5578644573688507;0.690264955163002;-0.2900805100798607;0.5263555447260538;0.9182701309521993;0.33735935886700946;0.5286020437876383;0.947980523109436;0.1028872864941756
1.3;0.5784117579460144;0.449856162071228;-0.16608965396881104;0.5346118211746216;0.43727001547813416;-0.00011714659194694832;0.5481330156326294;0.4398026466369629;-0.2750665843486786;0.5140274167060852;0.547496497631073;0.01827327534556389;0.5412161350250244;0.5676481127738953;-0.3024955689907074;0.4995746910572052;0.6328660845756531;0.0966968685388565;0.5049518346786499;0.6403166651725769;-0.09693281352519989;0.5111061930656433;0.7723838090896606;0.21057499945163727;0.5097147822380066;0.786941647529602;0.022612888365983963;0.5883974969387055;0.43510899543762205;-0.15345296934247016;0.5137295722961426;0.686695396900177;-0.01167474259273149;0.5578799098730087;0.6948168128728867;-0.2927602604031563;0.5262340903282166;0.9179375767707825;0.3433887263139089;0.5286141633987427;0.9478073318799337;0.12840808928012848
1.33;0.5801454782485962;0.45740070939064026;-0.15795688331127167;0.5350117683410645;0.4412601590156555;0.00757963489741087;0.5498573184013367;0.44565457105636597;-0.27200672030448914;0.509981095790863;0.5457786321640015;0.026289118453860283;0.5408229231834412;0.5701525211334229;-0.2975625693798065;0.49544739723205566;0.6326900124549866;0.09685775637626648;0.5012768507003784;0.6414226293563843;-0.09710540622472763;0.5099621415138245;0.7720903158187866;0.20910118520259857;0.508234441280365;0.7869133353233337;0.01445816271007061;0.5898705840110778;0.4436836510896683;-0.14564330875873566;0.5042434483766556;0.6819901764392853;-0.005118083208799362;0.5567548722028732;0.6957952231168747;-0.28645066916942596;0.5262464284896851;0.9180296858151754;0.3359878758589427;0.5285533666610718;0.9483723640441895;0.11049861709276836
1.37;0.5817102193832397;0.466767281293869;-0.15873000025749207;0.5362963676452637;0.44625124335289;0.004829783923923969;0.5513747334480286;0.453512966632843;-0.2722293436527252;0.5103448629379272;0.5455375909805298;0.026551734656095505;0.5404877662658691;0.5755690336227417;-0.2942945063114166;0.493465781211853;0.6329167485237122;0.09689916670322418;0.4977514147758484;0.6442632675170898;-0.09714542329311371;0.5088903903961182;0.7747741937637329;0.225104421377182;0.50654536485672;0.7916959524154663;0.017879098653793335;0.5913377702236176;0.4535519152879715;-0.14713339060544967;0.5050014853477478;0.6791748851537704;-0.006295550585491583;0.5546136796474457;0.6920238733291626;-0.2651498168706894;0.5261047085126241;0.9190409382184347;0.3683505753676097;0.5282930135726929;0.9487152894337972;0.11464451998472214
1.4;0.5834920406341553;0.4782458245754242;-0.17394977807998657;0.5391159653663635;0.45362478494644165;-0.0032219253480434418;0.5525633096694946;0.4649518132209778;-0.2880604863166809;0.5110583901405334;0.5533892512321472;0.017945019528269768;0.5411728024482727;0.5870127081871033;-0.3192273676395416;0.4929347038269043;0.6332253217697144;0.0973605141043663;0.49620726704597473;0.6463634967803955;-0.09761527180671692;0.5055069327354431;0.7779902815818787;0.24151848256587982;0.5046663284301758;0.7955169081687927;0.024675972759723663;0.5932348549365998;0.46507287621498106;-0.16073492914438248;0.5047196000814438;0.6798394471406937;-0.01858063112013042;0.5568912327289581;0.7102870494127274;-0.307394839823246;0.5248604019482931;0.9181395173072815;0.4048416217168172;0.528204600016276;0.9486639300982157;0.13660857329765955
1.43;0.5848093032836914;0.4878796637058258;-0.1742425262928009;0.5405926704406738;0.46271219849586487;-0.0025474161375313997;0.5535147786140442;0.4723379909992218;-0.2879531979560852;0.5135785341262817;0.5652350783348083;0.024426385760307312;0.5415241122245789;0.5954059362411499;-0.31640681624412537;0.4917154014110565;0.6371318101882935;0.09733084589242935;0.49365097284317017;0.6502159833908081;-0.09757622331380844;0.5041970014572144;0.784031867980957;0.23795431852340698;0.5019429326057434;0.7999657392501831;0.041522637009620667;0.5942497491836548;0.4749363332986832;-0.16150200143456458;0.507110059261322;0.6869709491729736;-0.010477775576873682;0.5571448504924774;0.7260712236166;-0.3035620450973511;0.5249055624008179;0.9201761881510416;0.39504433671633404;0.5287343859672546;0.949161946773529;0.17612290382385254
1.47;0.5860525369644165;0.4984898269176483;-0.17816904187202454;0.5442852973937988;0.46827560663223267;-0.007418929599225521;0.5543127059936523;0.483772337436676;-0.28986847400665283;0.5203308463096619;0.5695589184761047;0.018789509311318398;0.5415153503417969;0.6012904047966003;-0.31498268246650696;0.4920104146003723;0.6379202008247375;0.09717589616775513;0.49090638756752014;0.6508651375770569;-0.09738891571760178;0.501093864440918;0.7828336358070374;0.24182051420211792;0.4998586177825928;0.7986049056053162;0.039719413965940475;0.595662409067154;0.4859133750200272;-0.16522228196263314;0.509900689125061;0.6849648654460907;-0.022673767991364002;0.5560680776834488;0.7207008302211761;-0.2992912605404854;0.5231608351071676;0.9165825049082438;0.40473758180936176;0.5287041068077087;0.9491442441940308;0.16681604584058127
1.5;0.5861110687255859;0.5107614398002625;-0.17018169164657593;0.5457814335823059;0.4752498269081116;-0.0011935911606997252;0.5551201701164246;0.49132928252220154;-0.2835268974304199;0.5272693634033203;0.5785754323005676;0.02409503236413002;0.5414252877235413;0.6054227352142334;-0.309956431388855;0.49125900864601135;0.6385712027549744;0.0963142067193985;0.48928311467170715;0.6506423950195312;-0.09647580236196518;0.499066025018692;0.7820972204208374;0.2412925511598587;0.49920356273651123;0.798902690410614;0.03537718206644058;0.596088993549347;0.49851652383804324;-0.15721699669957162;0.5178865343332291;0.6891650706529617;-0.01642352156341076;0.554588109254837;0.7264404892921448;-0.29059047251939774;0.5269235769907633;0.9145936369895935;0.3881594041983287;0.5298322637875875;0.9494772354761759;0.15768554310003915
1.53;0.5863344669342041;0.5221589207649231;-0.16773581504821777;0.5464463233947754;0.48489609360694885;0.0008897341904230416;0.5563733577728271;0.49748533964157104;-0.28147822618484497;0.5301873087882996;0.5845710635185242;0.02170240879058838;0.54129558801651;0.6095688343048096;-0.30768412351608276;0.48976901173591614;0.6387174725532532;0.09629743546247482;0.4875347912311554;0.6505143046379089;-0.09643850475549698;0.4981277287006378;0.7794380187988281;0.23344288766384125;0.4990338385105133;0.7998674511909485;0.03324747458100319;0.596593052148819;0.510454174876213;-0.15421363934874535;0.517095223069191;0.6878204792737961;-0.030594618525356054;0.5507998466491699;0.7210740596055984;-0.27601245790719986;0.5280649662017822;0.9153686165809631;0.38220442334810895;0.5305417974789938;0.950523853302002;0.14917867382367453
1.57;0.5865556001663208;0.5304213166236877;-0.17847581207752228;0.5502822995185852;0.4906601309776306;-0.0031451385002583265;0.5576035380363464;0.5045938491821289;-0.29916834831237793;0.5458337068557739;0.6008983254432678;0.015832550823688507;0.5427535772323608;0.6192351579666138;-0.3375623822212219;0.4885646402835846;0.6385278701782227;0.09620507061481476;0.4850784242153168;0.6500479578971863;-0.0963381826877594;0.49752387404441833;0.7757158875465393;0.21104151010513306;0.4984140992164612;0.8003583550453186;0.026161575689911842;0.5972221732139588;0.5198155164718627;-0.1637033239006996;0.5335143953561783;0.7071056514978409;-0.0371798793785274;0.5524352192878723;0.7543285489082336;-0.3251788914203644;0.5286882917086283;0.9188194076220194;0.3535256087779999;0.5306137005488077;0.9507881005605062;0.14479628453652063
1.6;0.5860350131988525;0.5418063402175903;-0.17536914348602295;0.5531024932861328;0.4980353116989136;0.003081363160163164;0.5577415823936462;0.5118059515953064;-0.2910799980163574;0.5492745041847229;0.6099859476089478;0.019548989832401276;0.5428869724273682;0.6282313466072083;-0.325082391500473;0.4881226122379303;0.637742817401886;0.09631630778312683;0.4832153022289276;0.6490892171859741;-0.0964173972606659;0.4980490803718567;0.7703153491020203;0.17207284271717072;0.49766018986701965;0.79995197057724;-0.021656787022948265;0.597262853384018;0.5318864583969116;-0.16208738461136818;0.545934334397316;0.7212537229061127;-0.035458842758089304;0.5533867329359055;0.7640867382287979;-0.31778156012296677;0.5285808642705282;0.9251970847447714;0.28096943100293476;0.531292994817098;0.9506274660428365;0.06138040249546369
1.63;0.5867360830307007;0.5530099272727966;-0.1452195942401886;0.5564054846763611;0.5075727105140686;0.024199459701776505;0.5574907064437866;0.5188001394271851;-0.2579495310783386;0.5489241480827332;0.6025408506393433;0.04845137149095535;0.5425011515617371;0.6312317252159119;-0.25501707196235657;0.4876827001571655;0.6347963213920593;0.0966394692659378;0.4790293872356415;0.646869421005249;-0.09662310034036636;0.49654290080070496;0.7667766213417053;0.1781759411096573;0.4961726665496826;0.7995697259902954;-0.049459125846624374;0.5981578230857849;0.5431339204311371;-0.13090568780899048;0.5486729443073273;0.6976320892572403;-0.031180734280496836;0.5565338134765625;0.6990956664085388;-0.18686913698911667;0.5277731418609619;0.9235885341962179;0.28485305110613507;0.5312045415242513;0.9506036639213562;-0.012411407195031643
1.67;0.5866456627845764;0.5614587068557739;-0.1406659334897995;0.5558874011039734;0.5095303058624268;0.028142550960183144;0.558053195476532;0.5345024466514587;-0.2620718479156494;0.5469502210617065;0.608707845211029;0.04832686856389046;0.5436941981315613;0.6484683156013489;-0.2754632234573364;0.4875052869319916;0.634652316570282;0.09865561127662659;0.4788391590118408;0.6473001837730408;-0.09856154769659042;0.4975665807723999;0.765736997127533;0.17356233298778534;0.4953528940677643;0.7998012900352478;-0.053197044879198074;0.5985014379024506;0.5528600335121154;-0.12645748183131217;0.5422566682100296;0.7038735598325729;-0.019888424314558506;0.5564305782318115;0.7578503042459488;-0.2316434420645237;0.5279600222905477;0.9271997213363647;0.2817497154076894;0.5316290259361267;0.9515002568562826;-0.0010175152371327083
1.7;0.5866777300834656;0.5687583684921265;-0.1280551701784134;0.5550617575645447;0.5099785923957825;0.03421597182750702;0.5579222440719604;0.5511842966079712;-0.2454429268836975;0.5437012314796448;0.6010827422142029;0.08440246433019638;0.5410090684890747;0.6515281796455383;-0.23569490015506744;0.4848615229129791;0.6336005926132202;0.09862279891967773;0.4773907959461212;0.647659182548523;-0.09845567494630814;0.4972446858882904;0.7611252069473267;0.16763044893741608;0.4943462908267975;0.7994711399078369;-0.06803233921527863;0.5986684858798981;0.5604721009731293;-0.11544627770781517;0.5425514429807663;0.6729381829500198;0.044092497788369656;0.5567197501659393;0.7558495551347733;-0.1697712056338787;0.5265461603800455;0.9267630775769552;0.28210392594337463;0.5319913228352865;0.9543923338254293;-0.03626784154524406
1.73;0.5866847634315491;0.5783234238624573;-0.16802169382572174;0.5554582476615906;0.5164849162101746;0.004208128899335861;0.5567712187767029;0.5543901920318604;-0.2798600196838379;0.5424453020095825;0.5998742580413818;0.07028231769800186;0.5412686467170715;0.6626110672950745;-0.30205345153808594;0.48586589097976685;0.6301637291908264;0.09857204556465149;0.475738525390625;0.6476241946220398;-0.09842086583375931;0.49773111939430237;0.7679411172866821;0.15869291126728058;0.49461376667022705;0.7977451682090759;-0.06323275715112686;0.5987014234066009;0.5702975332736969;-0.15326709523797036;0.5328055769205093;0.6764727085828781;0.022864297963678837;0.5572772324085236;0.7969106882810593;-0.28406771272420883;0.5272429982821146;0.9298197229703268;0.27188079059123993;0.5314151247342428;0.9528051217397054;-1.4758358399073284e-06
1.77;0.586685061454773;0.5867166519165039;-0.221360981464386;0.5579016208648682;0.5252591967582703;-0.03434859961271286;0.5553365349769592;0.5644432902336121;-0.31522122025489807;0.541885495185852;0.6026336550712585;0.032712142914533615;0.5434540510177612;0.6726782321929932;-0.33864569664001465;0.4864387512207031;0.6285251975059509;0.09794097393751144;0.4760364592075348;0.6476999521255493;-0.0978160873055458;0.5094149708747864;0.7678003311157227;0.16111010313034058;0.49336764216423035;0.7930381894111633;-0.06684483587741852;0.5988632500171661;0.579076063632965;-0.20718812346458435;0.5327144265174866;0.6895722597837448;0.01687692428822629;0.5570624768733978;0.8087303191423416;-0.3361901119351387;0.5272456010182699;0.9291100104649862;0.28586946924527484;0.5305474400520325;0.951671838760376;0.004785106206933658
1.8;0.5865914225578308;0.5960311889648438;-0.2013983428478241;0.5600500702857971;0.5311540365219116;-0.021147921681404114;0.5550429821014404;0.5692416429519653;-0.30286458134651184;0.5443260669708252;0.6059879064559937;0.04378145933151245;0.5445401668548584;0.6734111309051514;-0.3238697052001953;0.4863573908805847;0.6283381581306458;0.0966634452342987;0.4745446741580963;0.6476747989654541;-0.0965132787823677;0.5055702924728394;0.7657063007354736;0.1294531673192978;0.4925410747528076;0.7894591093063354;-0.07502858340740204;0.5986916184425354;0.5892459273338317;-0.18760751113295554;0.5324750542640686;0.6874794214963913;0.025187446735799313;0.5606367886066437;0.8123948127031326;-0.3116658702492714;0.5279052257537842;0.9296567241350809;0.2284329483906428;0.5302020311355591;0.9500136375427246;-0.022149741863055777
1.83;0.5865257978439331;0.6093809008598328;-0.21219348907470703;0.5615835785865784;0.5402640700340271;-0.02408955618739128;0.5545340776443481;0.5786121487617493;-0.30652615427970886;0.5452890396118164;0.6146417260169983;0.04352670907974243;0.5443581342697144;0.6759898662567139;-0.3231370747089386;0.4866235554218292;0.6283149719238281;0.09640654176473618;0.47354716062545776;0.6474379301071167;-0.0962141677737236;0.5094262361526489;0.7701447606086731;0.11424136906862259;0.49255111813545227;0.7898205518722534;-0.07986006885766983;0.5986061275005341;0.6030566930770874;-0.19875811487436296;0.5305097252130508;0.6900387108325958;0.01434693718329072;0.5662432163953781;0.8103822022676468;-0.305317647755146;0.5282818873723348;0.9330318172772726;0.20502974092960358;0.530307670434316;0.9500527183214823;-0.024827241082675755
1.87;0.5856186151504517;0.6167231798171997;-0.20764729380607605;0.5614016056060791;0.542816698551178;-0.03991169482469559;0.5548007488250732;0.5906043648719788;-0.30367591977119446;0.5465098023414612;0.6225191950798035;0.0349058099091053;0.5461733937263489;0.6913694739341736;-0.3226190507411957;0.4868242144584656;0.6283851861953735;0.09023832529783249;0.47348055243492126;0.6477577090263367;-0.09010372310876846;0.5103212594985962;0.7708114981651306;0.10441885888576508;0.4929617643356323;0.7898663282394409;-0.08212123811244965;0.5970645666122436;0.6116876065731048;-0.19680545181035997;0.5284021198749542;0.7044133245944977;0.02778555196709931;0.5652717351913452;0.850434884428978;-0.3155185952782631;0.5291761159896851;0.935535709063212;0.19610280791918436;0.5300043423970541;0.9512137969334921;-0.024497612689932186
1.9;0.5849851369857788;0.6227020025253296;-0.18449518084526062;0.5607031583786011;0.5462867021560669;-0.02569957636296749;0.5547300577163696;0.5984345078468323;-0.276991605758667;0.5494597554206848;0.6262866854667664;0.05094996467232704;0.549217164516449;0.7090521454811096;-0.29338642954826355;0.48573237657546997;0.628476083278656;0.08698020130395889;0.47076526284217834;0.6478176116943359;-0.08684176951646805;0.5059256553649902;0.770872175693512;0.0865490585565567;0.4932366609573364;0.7900791168212891;-0.09937510639429092;0.5961490988731384;0.6167584717273712;-0.17698870599269867;0.5378119498491287;0.7150974571704865;0.0475650392472744;0.5593643486499786;0.848242312669754;-0.3088925629854202;0.5298369725545248;0.9355305433273315;0.1602537085612615;0.5299418369928995;0.9512156844139099;-0.0611745814482371
1.93;0.5840068459510803;0.6314054131507874;-0.1302032321691513;0.5600463151931763;0.549892008304596;-0.005915874149650335;0.5579569935798645;0.609569251537323;-0.24422062933444977;0.5464027523994446;0.6237911581993103;0.06480377167463303;0.5495966672897339;0.7215083241462708;-0.26437774300575256;0.48392024636268616;0.6285404562950134;0.08248447626829147;0.47070345282554626;0.6479904651641846;-0.08237569779157639;0.5103524923324585;0.7781839370727539;0.07178433239459991;0.49335238337516785;0.7901343107223511;-0.08124979585409164;0.5945830643177032;0.625405341386795;-0.12215717136859894;0.5252301543951035;0.7109212279319763;0.08807307481765747;0.5574402958154678;0.8702021688222885;-0.25507646799087524;0.5300949613253275;0.9355820616086324;0.12431611617406209;0.5302225947380066;0.9508359432220459;-0.033657423531015716
1.97;0.5829494595527649;0.6383787393569946;-0.11310800164937973;0.5597348213195801;0.5582116842269897;0.014803036116063595;0.5600004196166992;0.6174326539039612;-0.23442570865154266;0.5395230650901794;0.62382972240448;0.06976885348558426;0.5511370301246643;0.7322331070899963;-0.2560518682003021;0.48058179020881653;0.6321582198143005;0.08287886530160904;0.46857336163520813;0.6497064232826233;-0.08283310383558273;0.5113565921783447;0.7799345850944519;0.08117974549531937;0.493198424577713;0.791551411151886;-0.08031340688467026;0.5937408983707428;0.6313083291053772;-0.1029475349932909;0.5047990679740906;0.7017339766025543;0.09159905835986137;0.557328000664711;0.8793293535709381;-0.23381231352686882;0.5303561091423035;0.9365723331769308;0.1305147409439087;0.5286394755045573;0.9521323442459106;-0.03926777467131615
2.0;0.5820907950401306;0.6410170793533325;-0.13986243307590485;0.5595265030860901;0.5641472339630127;0.012021702714264393;0.5595620274543762;0.6234715580940247;-0.2506696581840515;0.5303933024406433;0.6228159666061401;0.06296470016241074;0.550918698310852;0.746066689491272;-0.272930383682251;0.47946983575820923;0.6347736120223999;0.08263856172561646;0.4676746129989624;0.649781346321106;-0.08262244611978531;0.5089329481124878;0.7792465090751648;0.06276275217533112;0.4926719665527344;0.7929258346557617;-0.08200664073228836;0.593085765838623;0.6335452735424042;-0.12880184650421142;0.4821436181664467;0.6626269072294235;0.09059491008520126;0.5520588606595993;0.8786426782608032;-0.25422532111406326;0.52958216269811;0.9363869627316793;0.09421312436461449;0.5282700856526693;0.95034788052241;-0.05258186161518097
2.03;0.5814710855484009;0.6457350850105286;-0.2644355297088623;0.5593721270561218;0.5646218657493591;-0.08578138798475266;0.5591446161270142;0.6346620321273804;-0.3471590578556061;0.526696503162384;0.6113077998161316;0.046390801668167114;0.5507405996322632;0.7498128414154053;-0.38412222266197205;0.480309396982193;0.6349011063575745;0.083373062312603;0.4684477746486664;0.6499949097633362;-0.08335945755243301;0.5086637139320374;0.7771384119987488;0.06923869252204895;0.4915982484817505;0.7930034399032593;-0.10625656694173813;0.5928804337978363;0.6371288180351258;-0.2566230848431587;0.4781988561153412;0.6397204697132111;0.17550843581557274;0.5540667474269867;0.8946317881345749;-0.3761327266693115;0.5270514686902364;0.934701681137085;0.14142859230438867;0.5276870926221212;0.9476169347763062;-0.07083513215184212
2.07;0.5806568264961243;0.6453069448471069;-0.31286779046058655;0.557688295841217;0.5632880330085754;-0.12762878835201263;0.5571801662445068;0.6396461725234985;-0.3861675262451172;0.5234017968177795;0.6096264123916626;0.021878059953451157;0.550592839717865;0.7532608509063721;-0.42294907569885254;0.48087990283966064;0.6349120736122131;0.08301306515932083;0.46858182549476624;0.6515399217605591;-0.08301347494125366;0.510167121887207;0.7757062315940857;0.07273981720209122;0.49157530069351196;0.7945370078086853;-0.09933357685804367;0.5922152996063232;0.635830569267273;-0.3068663001060486;0.47357508540153503;0.6370448917150497;0.17567994818091393;0.5549707412719727;0.8977753818035126;-0.41248398274183273;0.5272125403086344;0.935583492120107;0.15838592499494553;0.5272704362869263;0.9478177626927694;-0.056420102094610534
2.1;0.5801413059234619;0.6472530961036682;-0.2890656292438507;0.5570505261421204;0.5646968483924866;-0.10573439300060272;0.5560606718063354;0.6374682188034058;-0.3561955690383911;0.5228252410888672;0.6099413633346558;0.0285778921097517;0.5505862236022949;0.7553111910820007;-0.3873003125190735;0.4812391698360443;0.6342675685882568;0.08007196336984634;0.46904098987579346;0.6510652899742126;-0.08005838841199875;0.513935923576355;0.771038293838501;0.07050929218530655;0.49167072772979736;0.7947271466255188;-0.09255743026733398;0.5917538166046142;0.6372288823127746;-0.2826991960406303;0.481078065931797;0.6504070609807968;0.1911921128630638;0.5549485683441162;0.8886487483978271;-0.37405814975500107;0.5270047187805176;0.9305566549301147;0.15943318605422974;0.5271749695142111;0.9479904373486837;-0.04837099462747574
2.13;0.5802522897720337;0.6444753408432007;-0.288390576839447;0.5595258474349976;0.5655845999717712;-0.09919877350330353;0.5583425760269165;0.6320862174034119;-0.3542211055755615;0.5218100547790527;0.6063524484634399;0.05023622512817383;0.5507095456123352;0.7551184892654419;-0.3837209641933441;0.4815588593482971;0.6340796947479248;0.08022095263004303;0.46873804926872253;0.6510114073753357;-0.08023182302713394;0.5143513083457947;0.769183337688446;0.07499316334724426;0.49208807945251465;0.7946586608886719;-0.07954049855470657;0.5918324232101441;0.6345097362995148;-0.282011117041111;0.4821535721421242;0.6497422605752945;0.2143830731511116;0.5545759946107864;0.8857732713222504;-0.3670927956700325;0.5266963640848795;0.92963178952535;0.163993110259374;0.5271791021029154;0.9478328227996826;-0.018031962293510635
2.17;0.5801222920417786;0.6434590816497803;-0.2822880148887634;0.5604153275489807;0.5651547908782959;-0.09485713392496109;0.5587891340255737;0.6271455883979797;-0.34766703844070435;0.5212180018424988;0.60355144739151;0.05529007688164711;0.5508375763893127;0.7507785558700562;-0.3806008994579315;0.4817351698875427;0.6324478387832642;0.07966887950897217;0.46883875131607056;0.6501215100288391;-0.07967567443847656;0.5136875510215759;0.768586277961731;0.06275922805070877;0.4921095073223114;0.7935720682144165;-0.08247767388820648;0.5917182207107544;0.6334939301013947;-0.27519391626119616;0.47932446002960205;0.6449265033006668;0.20756971091032028;0.5527799278497696;0.8777593821287155;-0.36311232298612595;0.5265195369720459;0.9296547969182333;0.1406573231021563;0.5274263024330139;0.9474819699923197;-0.031838958229248725
2.2;0.5802028775215149;0.6417840719223022;-0.3021708130836487;0.5602006912231445;0.5643549561500549;-0.1094096451997757;0.5563185811042786;0.6348472833633423;-0.3643198609352112;0.5216283798217773;0.5955033898353577;0.054295510053634644;0.5508115291595459;0.748582661151886;-0.392182320356369;0.4818609058856964;0.63040691614151;0.08018861711025238;0.4681224226951599;0.6488211750984192;-0.0801953673362732;0.5135307908058167;0.767706036567688;0.06690166890621185;0.4921484589576721;0.7910478115081787;-0.09093929082155228;0.5917685270309448;0.6317574143409729;-0.29601154923439027;0.4809660390019417;0.6379605382680893;0.2115948498249054;0.5529950559139252;0.8792276233434677;-0.3722950741648674;0.5262806018193563;0.9300585389137268;0.15191703786452612;0.5275511940320333;0.9473184744517008;-0.04884370292226473
2.23;0.5803429484367371;0.6410629153251648;-0.2106502801179886;0.5591309070587158;0.5634275078773499;-0.03914839029312134;0.5572642683982849;0.6302514672279358;-0.298245906829834;0.5185173749923706;0.5872656106948853;0.10258140414953232;0.5509408712387085;0.7478812336921692;-0.32640036940574646;0.4783909320831299;0.6269129514694214;0.08172545582056046;0.4675501585006714;0.6436864733695984;-0.08177418261766434;0.5123217701911926;0.7660605311393738;0.07202574610710144;0.4921726584434509;0.7899402379989624;-0.07690800726413727;0.5918905138969421;0.6300910532474517;-0.2021060287952423;0.47494038194417953;0.6269893944263458;0.24007489904761314;0.5506835579872131;0.8518447130918503;-0.3017927184700966;0.5253176093101501;0.9278954863548279;0.15399287392695746;0.5276171962420145;0.9470412731170654;-0.026380076742498204
2.27;0.5806784629821777;0.6308736801147461;-0.11914128810167313;0.5591065883636475;0.5579268932342529;0.02334393933415413;0.5590470433235168;0.6298671364784241;-0.23006513714790344;0.5187498927116394;0.5802171230316162;0.14526726305484772;0.5508942604064941;0.7369514107704163;-0.25247621536254883;0.475626677274704;0.6219350695610046;0.08211962133646011;0.4671964943408966;0.6394245028495789;-0.08218023180961609;0.5112617611885071;0.763533353805542;0.0745580866932869;0.49204230308532715;0.7898862361907959;-0.070890411734581;0.5919600844383239;0.6212685644626618;-0.11008757650852204;0.47894423454999924;0.62257419526577;0.2602880485355854;0.5495604425668716;0.8446995764970779;-0.2274668961763382;0.524081806341807;0.9250872731208801;0.1425395036737124;0.527560313542684;0.9473127524058024;-0.025991983284863334
2.3;0.581137478351593;0.6227717995643616;-0.18319737911224365;0.5588934421539307;0.5478344559669495;-0.02315525710582733;0.5583349466323853;0.627983033657074;-0.2800784409046173;0.5192556381225586;0.5734536051750183;0.1041807308793068;0.5505414009094238;0.7252143025398254;-0.30534762144088745;0.4766525328159332;0.6194255948066711;0.08211918920278549;0.4679371416568756;0.6397925615310669;-0.08215878158807755;0.5101587176322937;0.7637566328048706;0.0645839273929596;0.49196916818618774;0.7899675965309143;-0.08948730677366257;0.592048317193985;0.6122245907783508;-0.17477797269821166;0.48102544993162155;0.622647762298584;0.22700641676783562;0.548081785440445;0.8383013159036636;-0.26799727976322174;0.5238264799118042;0.9257891972859701;0.1343523139754931;0.5275086363156637;0.9474637508392334;-0.05075050766269366
2.33;0.5813279151916504;0.6110702753067017;-0.11926198750734329;0.5571110248565674;0.5367611050605774;0.013952439650893211;0.5590679049491882;0.6185193657875061;-0.23235605657100677;0.5187392830848694;0.5634496808052063;0.12411246448755264;0.54937344789505;0.7108898758888245;-0.2626703679561615;0.4749065935611725;0.6147040128707886;0.0821763426065445;0.46957653760910034;0.6398446559906006;-0.08221214264631271;0.5089254975318909;0.7609661221504211;0.06864552199840546;0.491942435503006;0.7890718579292297;-0.08823435008525848;0.5920875012874603;0.6001488983631134;-0.10978176817297935;0.48201165348291397;0.6131150424480438;0.23091322928667068;0.5477569103240967;0.8259504586458206;-0.24037634581327438;0.5225902597109476;0.9249106645584106;0.1301100825270017;0.527077853679657;0.9476735790570577;-0.057094680766264595
2.37;0.581741988658905;0.6017182469367981;-0.1258290410041809;0.5571097731590271;0.5331096053123474;0.019536979496479034;0.56038498878479;0.6024046540260315;-0.238104909658432;0.5174465775489807;0.5664368271827698;0.10594259947538376;0.5483604073524475;0.6956610083580017;-0.2714548707008362;0.47477683424949646;0.6133356690406799;0.08386635035276413;0.4701286852359772;0.6380056738853455;-0.08389478921890259;0.5073099732398987;0.760426938533783;0.0772562026977539;0.4928014874458313;0.7835692763328552;-0.08764708787202835;0.5925395965576172;0.5900201141834259;-0.11518105641007423;0.47843367606401443;0.616559624671936;0.15719915181398392;0.5481870919466019;0.8153894245624542;-0.24935302138328552;0.5213235020637512;0.9243636329968771;0.1381442348162333;0.5265364448229471;0.946556568145752;-0.05126934933165709
2.4;0.5828408002853394;0.5944539308547974;-0.12921945750713348;0.55573570728302;0.5282161235809326;0.014466059394180775;0.5603556632995605;0.6005719304084778;-0.23809422552585602;0.5169188976287842;0.557682454586029;0.12272808700799942;0.5466457605361938;0.6929900646209717;-0.26991188526153564;0.4750342071056366;0.6133524179458618;0.0838003158569336;0.4703575670719147;0.637782096862793;-0.08383125066757202;0.5073426961898804;0.7608913779258728;0.07689821720123291;0.4933679699897766;0.7842553853988647;-0.08719243854284286;0.5940843999385834;0.5811542391777038;-0.11850317567586899;0.47905822843313217;0.6159144043922424;0.2176429107785225;0.5494952201843262;0.8203769624233246;-0.25097937136888504;0.5210280815760294;0.9260695576667786;0.1383984237909317;0.5265167355537415;0.9476950764656067;-0.050387859965364136
2.43;0.5844078660011292;0.5853546857833862;-0.05158437788486481;0.5554328560829163;0.5269702076911926;0.08082818984985352;0.5605964064598083;0.5763752460479736;-0.1803085058927536;0.5173013806343079;0.5630835294723511;0.14667543768882751;0.5456838607788086;0.6786606907844543;-0.2025427520275116;0.4746779203414917;0.614001989364624;0.08545856922864914;0.47035661339759827;0.6349353194236755;-0.08541705459356308;0.501889169216156;0.7594887018203735;0.08680091053247452;0.4938536584377289;0.784432590007782;-0.0723184198141098;0.5955538392066956;0.5720908999443054;-0.038960334751755;0.4878263399004936;0.6170146465301514;0.17346985265612602;0.5499513000249863;0.8053384721279144;-0.1640685424208641;0.52129199107488;0.9257511496543884;0.13493280112743378;0.5265478094418844;0.947861909866333;-0.03685129868487517
2.47;0.5859947800636292;0.5719335079193115;-0.08858701586723328;0.5557980537414551;0.528566837310791;0.07786665856838226;0.5604538321495056;0.5589978098869324;-0.20882655680179596;0.5222312211990356;0.5966007113456726;0.1262155920267105;0.5458967089653015;0.6692631840705872;-0.24361012876033783;0.4747142791748047;0.6113306283950806;0.09251849353313446;0.4700886011123657;0.6338830590248108;-0.09246355295181274;0.5030519366264343;0.7638798952102661;0.1039830893278122;0.49539047479629517;0.7871147990226746;-0.07877916097640991;0.5967434287071228;0.5597075521945953;-0.0732517909258604;0.5035120919346809;0.6632275730371475;0.08650930970907211;0.5500741302967072;0.8003542572259903;-0.2068873718380928;0.5246093074480692;0.9310440619786581;0.1455287511150042;0.5281114180882772;0.9495726625124613;-0.04120333803196748
2.5;0.5871058702468872;0.5614754557609558;-0.11417346447706223;0.5558302402496338;0.519946277141571;0.059684667736291885;0.5594295263290405;0.5519322156906128;-0.22036705911159515;0.5263881683349609;0.5926706790924072;0.12648321688175201;0.5446175336837769;0.6596499681472778;-0.25324535369873047;0.477167010307312;0.6079222559928894;0.09101366251707077;0.47007280588150024;0.6331427097320557;-0.09097456187009811;0.5042871236801147;0.7664663791656494;0.0935678631067276;0.49544939398765564;0.7852984070777893;-0.08007852733135223;0.5973568975925445;0.5474058270454407;-0.09885782077908516;0.5115437656641006;0.6531895101070404;0.11083471402525902;0.5503903031349182;0.7900446206331253;-0.22243529930710793;0.5255522926648458;0.9319360454877218;0.11846284319957097;0.5284814834594727;0.9491948286692301;-0.051385678350925446
2.53;0.5869050025939941;0.5486563444137573;-0.07387764751911163;0.5553728342056274;0.5114067792892456;0.09134431928396225;0.5585135221481323;0.5369731187820435;-0.19382990896701813;0.5269911289215088;0.5910576581954956;0.1421419233083725;0.5445861220359802;0.6489527225494385;-0.2288483828306198;0.4783889055252075;0.6061060428619385;0.09043440967798233;0.4706129729747772;0.6313499212265015;-0.09037342667579651;0.5044318437576294;0.7675715088844299;0.08891689777374268;0.4957190752029419;0.7825587391853333;-0.0831608921289444;0.5971112132072449;0.5334332346916199;-0.057590493792667986;0.5140750557184219;0.650262787938118;0.11718310602009296;0.5508962571620941;0.7831506133079529;-0.1926928088068962;0.5261291861534119;0.9373823006947836;0.10500710705916087;0.5278889338175455;0.9504091540972391;-0.07099614416559537
2.57;0.5868365168571472;0.5350796580314636;-0.10308722406625748;0.5547917485237122;0.5007084012031555;0.07411151379346848;0.5565168857574463;0.5323981046676636;-0.2146938443183899;0.5272015333175659;0.5875993371009827;0.12976157665252686;0.5446325540542603;0.6448720693588257;-0.2412649244070053;0.4789484143257141;0.6065536141395569;0.09160346537828445;0.47100332379341125;0.6319869756698608;-0.09151402860879898;0.5044676661491394;0.7675386667251587;0.09458368271589279;0.4960840046405792;0.7827819585800171;-0.08330447971820831;0.5968501687049865;0.5181382238864899;-0.0872414954006672;0.5186988562345505;0.656486451625824;0.08649502880871296;0.5511700212955475;0.7724775671958923;-0.1911378614604473;0.527228315671285;0.9384527007738749;0.11430705338716507;0.5295186837514242;0.9522820512453715;-0.062243624279896416
2.6;0.5867085456848145;0.5209860801696777;-0.08548778295516968;0.5516445636749268;0.48953303694725037;0.09973769634962082;0.5555925369262695;0.5221083164215088;-0.21127665042877197;0.5297781825065613;0.5869839191436768;0.1376749724149704;0.5446056723594666;0.6378223299980164;-0.23092684149742126;0.47893840074539185;0.607526421546936;0.09975544363260269;0.4722484350204468;0.6323525309562683;-0.09962303191423416;0.5070458650588989;0.7645328044891357;0.1330322027206421;0.4974348545074463;0.7809659838676453;-0.09529589861631393;0.5965611159801483;0.5025956004858017;-0.06805184995755553;0.5261752754449844;0.6702177226543427;0.08938151597976685;0.5520866364240646;0.7693177908658981;-0.16485200077295303;0.5274451772371928;0.9395081003506979;0.19278010725975037;0.530376156171163;0.9556665221850077;-0.08361571903030078
2.63;0.5867478251457214;0.5068336725234985;-0.086109958589077;0.5511799454689026;0.48442408442497253;0.0979464128613472;0.5546486377716064;0.5070833563804626;-0.21412953734397888;0.5378023386001587;0.5865707397460938;0.13192565739154816;0.5446519255638123;0.6236944794654846;-0.23983998596668243;0.4789957106113434;0.608444094657898;0.1017363891005516;0.4746796488761902;0.6326329112052917;-0.10161753743886948;0.5030913949012756;0.7612343430519104;0.1440923511981964;0.49753886461257935;0.7809988260269165;-0.09260395169258118;0.5963130593299866;0.48764400482177733;-0.06878078501322307;0.547046571969986;0.6948854923248291;0.06894364394247532;0.5552237778902054;0.7584803253412247;-0.19198957085609436;0.5272062420845032;0.9401684999465942;0.20955840746561685;0.5301399628321329;0.957206110159556;-0.0733069193859895
2.67;0.5864375829696655;0.4914286434650421;-0.06944965571165085;0.547549307346344;0.47248440980911255;0.10893432796001434;0.5535821914672852;0.4934312105178833;-0.19846627116203308;0.5359227657318115;0.576633870601654;0.1344427913427353;0.5446256995201111;0.6083421111106873;-0.22316274046897888;0.4794502258300781;0.610324501991272;0.10213726758956909;0.47701579332351685;0.6328362226486206;-0.10200503468513489;0.5039966702461243;0.7612780332565308;0.15470902621746063;0.4974166452884674;0.7811291813850403;-0.08961912989616394;0.5943869411945343;0.4732474684715271;-0.05234730448573828;0.5440845191478729;0.6864439994096756;0.06492673046886921;0.5555952936410904;0.7382722645998001;-0.16546903178095818;0.5285709500312805;0.9394509196281433;0.22638610502084097;0.5298715829849243;0.9568597674369812;-0.06925215323766072
2.7;0.5850926637649536;0.4781736135482788;-0.061537981033325195;0.54252028465271;0.46267929673194885;0.10817103832960129;0.5523369312286377;0.4854457974433899;-0.19278299808502197;0.5316393971443176;0.570924699306488;0.13220436871051788;0.5441804528236389;0.5992529988288879;-0.21367435157299042;0.47944188117980957;0.6158802509307861;0.10315302759408951;0.4790881872177124;0.6358531713485718;-0.10310397297143936;0.5021917819976807;0.7614628672599792;0.19994720816612244;0.4978453814983368;0.7843676805496216;-0.05663720890879631;0.591760104894638;0.45882200002670287;-0.04436662532389164;0.5421289801597595;0.6797560900449753;0.0680532744154334;0.5562934577465057;0.7234098315238953;-0.13708307594060898;0.5283564925193787;0.9328282078107198;0.3210538725058238;0.5289598306020101;0.9571639100710551;-0.02074673861109962
2.73;0.5829753875732422;0.4658326506614685;-0.08081167191267014;0.5399743318557739;0.45919501781463623;0.08959802240133286;0.550918459892273;0.4826086461544037;-0.20396758615970612;0.5289385914802551;0.5684816837310791;0.11678246408700943;0.5427971482276917;0.6014793515205383;-0.22826175391674042;0.4799070656299591;0.6232145428657532;0.10126271098852158;0.4815264940261841;0.641653299331665;-0.1012195274233818;0.5022594332695007;0.7687237858772278;0.21130816638469696;0.49863913655281067;0.7949055433273315;-0.017407618463039398;0.589043402671814;0.44559129774570466;-0.06488211790565401;0.5428730249404907;0.6855128854513168;0.0559399388730526;0.5570501387119293;0.7246032357215881;-0.1655733846127987;0.5281221866607666;0.9325319329897562;0.3537570933500926;0.5289198557535807;0.9590573708216349;0.05376666039228439
2.77;0.5816697478294373;0.4556759297847748;-0.08309809863567352;0.5374404788017273;0.4509285092353821;0.08404739201068878;0.5499056577682495;0.47491514682769775;-0.20505300164222717;0.5261040925979614;0.5628558397293091;0.10498706251382828;0.5411244034767151;0.5914568305015564;-0.22914555668830872;0.48129597306251526;0.6250514984130859;0.10057458281517029;0.4854152500629425;0.6427229046821594;-0.10046183317899704;0.5029140710830688;0.7728728652000427;0.21090231835842133;0.5006668567657471;0.8030454516410828;-0.0008179920259863138;0.5876508593559265;0.43447830975055696;-0.06692115147598088;0.5412364453077316;0.6843732595443726;0.047226306051015854;0.5570061504840851;0.7162615805864334;-0.1774950511753559;0.5282638072967529;0.932076076666514;0.35897520184516907;0.5289489229520162;0.9611455996831259;0.08762797837456067
2.8;0.5800870060920715;0.44583556056022644;-0.10143741220235825;0.5341830253601074;0.44656097888946533;0.06853417307138443;0.5485019087791443;0.4675014317035675;-0.2154756635427475;0.5201840996742249;0.5584364533424377;0.0969926193356514;0.5398132801055908;0.5845659375190735;-0.24066194891929626;0.4827824831008911;0.6265191435813904;0.09894821792840958;0.4898455739021301;0.6435785293579102;-0.09899786114692688;0.5046492218971252;0.7771206498146057;0.20837755501270294;0.5039559602737427;0.8022571206092834;0.01833868958055973;0.585644006729126;0.4236327797174454;-0.08557364419102668;0.5434082001447678;0.6830829530954361;0.04048762423917651;0.5578803271055222;0.709745392203331;-0.18101908639073372;0.5283617575963339;0.9320028026898702;0.35721707344055176;0.5285776654879252;0.9608851869901022;0.1290744716922442
2.83;0.5769624710083008;0.4380831718444824;-0.1067451611161232;0.5316250920295715;0.4426310360431671;0.06306731700897217;0.5456234812736511;0.461571604013443;-0.21825408935546875;0.5210542678833008;0.5612643957138062;0.0928613543510437;0.5372786521911621;0.5782744288444519;-0.24488553404808044;0.48677462339401245;0.6276487708091736;0.09682676196098328;0.494470477104187;0.6446586847305298;-0.09694761037826538;0.507169246673584;0.7765992879867554;0.20224685966968536;0.5061659812927246;0.8018866181373596;0.008192906156182289;0.5820574045181275;0.4140317142009735;-0.09114487022161484;0.540014773607254;0.6800059080123901;0.03716145223006606;0.558194562792778;0.7032475918531418;-0.19129419699311256;0.5269728104273478;0.9278871218363444;0.3490226169427236;0.5271308024724325;0.9611000816027323;0.10203221688667934
2.87;0.574185311794281;0.4277329742908478;-0.09074141830205917;0.5272562503814697;0.4372113049030304;0.075285404920578;0.5444926023483276;0.45499497652053833;-0.20666149258613586;0.5205573439598083;0.5600846409797668;0.09965580701828003;0.5356935262680054;0.5680517554283142;-0.23922407627105713;0.48963427543640137;0.6317141652107239;0.09603314846754074;0.4988362193107605;0.6486730575561523;-0.09618519991636276;0.5087005496025085;0.7764310836791992;0.20577944815158844;0.5086050629615784;0.8034275770187378;0.0061555602587759495;0.5782662153244018;0.40423179268836973;-0.07423623781651259;0.5389107763767242;0.6753140538930893;0.043455183040350676;0.5581707656383514;0.6914624571800232;-0.1914331316947937;0.5271259148915609;0.9240914781888326;0.354641318321228;0.5269244114557902;0.9621104001998901;0.10401100168625514
2.9;0.5704562067985535;0.4194594621658325;-0.09202544391155243;0.5246766209602356;0.43286779522895813;0.07581722736358643;0.5403628349304199;0.4479876160621643;-0.20759984850883484;0.5157089829444885;0.5520737171173096;0.10072345286607742;0.5331661701202393;0.560393214225769;-0.239934042096138;0.49230802059173584;0.6358798742294312;0.09599179774522781;0.5004273056983948;0.6524083614349365;-0.09612955898046494;0.5088805556297302;0.7825456857681274;0.20533931255340576;0.5089471340179443;0.8057084679603577;-0.0025259400717914104;0.573942905664444;0.3949813276529312;-0.0759981588460505;0.5395959317684174;0.6625083386898041;0.039154328405857086;0.5577290952205658;0.6807705610990524;-0.20469393208622932;0.527546226978302;0.9257515668869019;0.34266992410024005;0.5269628365834554;0.9631489713986715;0.08812294155359268
2.93;0.5671674609184265;0.4101678729057312;-0.1121583878993988;0.52371746301651;0.4296364486217499;0.07158904522657394;0.5362403988838196;0.44280919432640076;-0.22635385394096375;0.5167117714881897;0.5504598617553711;0.09637781977653503;0.5311853885650635;0.5574005842208862;-0.2599099576473236;0.4950842559337616;0.6378396153450012;0.09737769514322281;0.5042794942855835;0.652255654335022;-0.09756024181842804;0.5092670321464539;0.788723886013031;0.2084689438343048;0.5105244517326355;0.8058542609214783;-0.009818303398787975;0.5703631222248078;0.3860080808401108;-0.09699428454041481;0.5404162555932999;0.6593099236488342;0.031784022226929665;0.555126503109932;0.6761923581361771;-0.235699824988842;0.5268809994061788;0.9305315017700195;0.33687735597292584;0.5262883901596069;0.9637514352798462;0.07604505618413289
2.97;0.5647022128105164;0.39984890818595886;-0.11864723265171051;0.5214258432388306;0.424512654542923;0.06899973005056381;0.5336665511131287;0.43487173318862915;-0.23722846806049347;0.5159765481948853;0.5453651547431946;0.09554452449083328;0.5298089981079102;0.5520397424697876;-0.2712399959564209;0.49873989820480347;0.6386883854866028;0.09833477437496185;0.5077274441719055;0.6514032483100891;-0.09854612499475479;0.5105990767478943;0.7898272275924683;0.2157732993364334;0.5116210579872131;0.8051551580429077;-0.012990779243409634;0.5671850204467773;0.37508478164672854;-0.10368006192147732;0.5393989980220795;0.6548548489809036;0.03337782062590122;0.5544574409723282;0.6729573756456375;-0.24816860631108284;0.5251531998316447;0.9301012754440308;0.35576845208803815;0.5261085033416748;0.9636764327685038;0.06768012543519338
3.0;0.5608932971954346;0.39528894424438477;-0.11392249912023544;0.5168999433517456;0.42200008034706116;0.07378855347633362;0.5310261845588684;0.43139976263046265;-0.2328931838274002;0.5078223943710327;0.5402044057846069;0.09776732325553894;0.5270377993583679;0.5500067472457886;-0.26365095376968384;0.49992266297340393;0.6399244666099548;0.0997205302119255;0.508859395980835;0.6508402228355408;-0.09993880987167358;0.5113675594329834;0.789345383644104;0.21144963800907135;0.5117314457893372;0.8050962686538696;-0.011090080253779888;0.5629327833652497;0.37095296680927276;-0.09906080551445484;0.5249257385730743;0.6463721543550491;0.041009107138961554;0.5538604855537415;0.6687155514955521;-0.23427047207951546;0.524248739083608;0.930595318476359;0.3431598941485087;0.5261110464731852;0.9634280403455099;0.07903287435571353
3.03;0.5586280226707458;0.39123213291168213;-0.11293075978755951;0.5133202075958252;0.4188922047615051;0.07423735409975052;0.5302851796150208;0.4271058440208435;-0.23091793060302734;0.5020384788513184;0.540859580039978;0.09859871119260788;0.5256357789039612;0.5495293736457825;-0.2611769139766693;0.5012794733047485;0.6415549516677856;0.10066710412502289;0.5111650824546814;0.6512463688850403;-0.1008983850479126;0.5125928521156311;0.7893704175949097;0.2267599254846573;0.5116601586341858;0.8046693205833435;-0.008773772977292538;0.5612013280391693;0.36689878106117246;-0.09754123445600271;0.5131360292434692;0.645478680729866;0.04424543026834726;0.5531897693872452;0.6713738143444061;-0.24172241240739822;0.5241523782412211;0.9312633077303568;0.3729808032512665;0.5258690118789673;0.963879406452179;0.07967674359679222
3.07;0.5552874803543091;0.3863618075847626;-0.11086215078830719;0.5118578672409058;0.41905251145362854;0.07544679939746857;0.526818037033081;0.4237975478172302;-0.23120824992656708;0.5033736228942871;0.5379549264907837;0.09903760999441147;0.5246024131774902;0.5469571948051453;-0.2615734934806824;0.5033008456230164;0.642756998538971;0.10109792649745941;0.5133984684944153;0.6509501338005066;-0.1013072207570076;0.5137182474136353;0.7906923890113831;0.2156057059764862;0.5124334096908569;0.8048255443572998;-0.009596546180546284;0.5563721001148224;0.36087216138839723;-0.09559892974793911;0.5107722729444504;0.6474982351064682;0.04514076001942158;0.552439957857132;0.670321524143219;-0.24734636768698692;0.5241644779841105;0.9341346820195516;0.3604572316010793;0.5259711345036825;0.9651180903116862;0.08083476126194
3.1;0.5524974465370178;0.3812948763370514;-0.12224966287612915;0.511637270450592;0.4198001027107239;0.06288193166255951;0.524657130241394;0.42306190729141235;-0.23894941806793213;0.505627453327179;0.5383345484733582;0.09106416255235672;0.5227431058883667;0.5474132299423218;-0.26930302381515503;0.5058790445327759;0.6438912153244019;0.10055577754974365;0.515271008014679;0.6507360935211182;-0.10077141970396042;0.5159324407577515;0.7917253971099854;0.21352149546146393;0.5132143497467041;0.8050922155380249;-0.0019255492370575666;0.5522741973400116;0.3554964780807495;-0.10839696414768696;0.5148093998432159;0.6494088172912598;0.04135910654440522;0.5522918105125427;0.6711783707141876;-0.26008637249469757;0.5245685776074728;0.9349164962768555;0.3544419010480245;0.5258692105611166;0.9654208421707153;0.09623250489433606
3.13;0.5495496988296509;0.37846025824546814;-0.12430921941995621;0.5114498734474182;0.41914859414100647;0.057681191712617874;0.5224688053131104;0.4211040735244751;-0.23750659823417664;0.5045794248580933;0.5387557744979858;0.08582029491662979;0.5206397771835327;0.546944797039032;-0.26817041635513306;0.5072153210639954;0.6453449726104736;0.09801778197288513;0.5169721841812134;0.6508286595344543;-0.09823451191186905;0.5158678889274597;0.7916939854621887;0.22237169742584229;0.5147691369056702;0.8052650690078735;0.003636392531916499;0.5490368485450745;0.3526581317186356;-0.11061785817146301;0.510802298784256;0.6514181941747665;0.03728963015601039;0.5512076169252396;0.6712111532688141;-0.2590376138687134;0.5246130426724752;0.9348647197087606;0.3744751811027527;0.525545060634613;0.9659941792488098;0.10489609340826671
3.17;0.547748863697052;0.3762871026992798;-0.1308380365371704;0.5125943422317505;0.41809600591659546;0.05365560203790665;0.5194419026374817;0.4190731346607208;-0.241109699010849;0.5058642625808716;0.5392434000968933;0.08163321763277054;0.5188499093055725;0.5474882125854492;-0.2735767364501953;0.5093268752098083;0.6445168852806091;0.0970529094338417;0.5172682404518127;0.6495987772941589;-0.09725037962198257;0.515586793422699;0.7916382551193237;0.21766850352287292;0.5153091549873352;0.8051090240478516;0.002594376215711236;0.5475286900997162;0.3500867962837219;-0.11717520058155059;0.5133267045021057;0.6565937548875809;0.031434879172593355;0.5496375262737274;0.6694413125514984;-0.2675149589776993;0.5241467356681824;0.9350859522819519;0.3601386447747548;0.5250990192095438;0.9661136269569397;0.1037001945078373
3.2;0.5460911989212036;0.3729424476623535;-0.13195425271987915;0.5133013129234314;0.4170513153076172;0.05402926355600357;0.5168730616569519;0.4181070327758789;-0.24298442900180817;0.5061594247817993;0.5391162037849426;0.08078707754611969;0.5170421600341797;0.5475732684135437;-0.27711957693099976;0.5119286179542542;0.644381582736969;0.09701558947563171;0.51755291223526;0.6464009881019592;-0.09720367938280106;0.5169848203659058;0.7915323376655579;0.21272772550582886;0.5151428580284119;0.8049929141998291;-0.0005672178813256323;0.5453240215778351;0.34687902927398684;-0.11807848624885083;0.5145010650157928;0.6576449871063232;0.02583522512577474;0.5487671941518784;0.6702237725257874;-0.269871823489666;0.5241159001986185;0.9357370734214783;0.34933992226918537;0.5244271357854208;0.966266930103302;0.0969209757943948
3.23;0.5450837016105652;0.36905214190483093;-0.1273961365222931;0.5126517415046692;0.4164586067199707;0.0558428131043911;0.51670241355896;0.417032927274704;-0.24088960886001587;0.5063417553901672;0.5380397439002991;0.08339221775531769;0.5173916220664978;0.5464048981666565;-0.27340012788772583;0.5128983855247498;0.6437975764274597;0.09697102755308151;0.518726646900177;0.6457067131996155;-0.09715024381875992;0.518518328666687;0.7911943197250366;0.2122119516134262;0.514870285987854;0.8049565553665161;0.001756194862537086;0.5431187510490417;0.34352138340473176;-0.11339303143322468;0.5157196521759033;0.6589725762605667;0.025414523435756564;0.5470872819423676;0.6691696792840958;-0.26011649146676064;0.5239148934682211;0.9354847470919291;0.3478403290112813;0.5224297841389974;0.966200053691864;0.10817207892735799
3.27;0.5440337657928467;0.3675820529460907;-0.12514308094978333;0.5116808414459229;0.4164956510066986;0.05700049176812172;0.5167115926742554;0.41729262471199036;-0.24033072590827942;0.506685733795166;0.538263738155365;0.08145363628864288;0.5177626013755798;0.5467512011528015;-0.27031365036964417;0.5132880806922913;0.643525242805481;0.09690079838037491;0.5194013118743896;0.645612359046936;-0.09706926345825195;0.5182819962501526;0.7911502718925476;0.20626643300056458;0.5146932601928711;0.804856538772583;0.0011710416292771697;0.541652113199234;0.34231526851654054;-0.11110922023653984;0.5164660513401031;0.6586684286594391;0.01874413783662021;0.5469161570072174;0.6690372973680496;-0.2467673346400261;0.5239893396695455;0.9355649948120117;0.3324936429659526;0.5228996475537618;0.9661410252253214;0.1050140584508578
3.3;0.5432889461517334;0.36520928144454956;-0.1246265321969986;0.5118035078048706;0.4166710078716278;0.058310847729444504;0.5159056186676025;0.41816774010658264;-0.23950302600860596;0.5079341530799866;0.5383924841880798;0.07729481160640717;0.5179733633995056;0.5470377802848816;-0.26766860485076904;0.5144960284233093;0.6434222459793091;0.09648752212524414;0.5201138257980347;0.6448193192481995;-0.09664501994848251;0.5192991495132446;0.790604829788208;0.20500095188617706;0.5153191685676575;0.803239643573761;0.0007717817206867039;0.540181565284729;0.3399511694908142;-0.11107153482735158;0.5220506340265274;0.6597463190555573;0.011695120600052178;0.5471992790699005;0.6696893572807312;-0.23785517364740372;0.5245105425516764;0.9355611999829611;0.3336855471134186;0.5228656530380249;0.9660964012145996;0.10642297565937042
3.33;0.5420363545417786;0.36585578322410583;-0.12388681620359421;0.5113930702209473;0.41666460037231445;0.05899273604154587;0.5149746537208557;0.4186739921569824;-0.2380027025938034;0.5085525512695312;0.5386515259742737;0.07707656919956207;0.517951488494873;0.5473210215568542;-0.26618891954421997;0.5165187120437622;0.6435574889183044;0.0961935818195343;0.5203664302825928;0.6448561549186707;-0.0963391661643982;0.5208658576011658;0.7905428409576416;0.20176367461681366;0.515773355960846;0.8027406930923462;2.302888606209308e-05;0.5389234066009522;0.3402626782655716;-0.11002575308084488;0.5242307931184769;0.6581743508577347;0.01082235632929951;0.5474158525466919;0.6698042005300522;-0.2382441610097885;0.5245750546455383;0.9356303612391154;0.3291647136211395;0.5226535797119141;0.9660504261652628;0.10318644096453984
3.37;0.5413178205490112;0.36453860998153687;-0.12376220524311066;0.5108906626701355;0.4167686998844147;0.05947592109441757;0.5142664313316345;0.4186824560165405;-0.2359069287776947;0.5090401768684387;0.5386410355567932;0.07607921212911606;0.5176143646240234;0.5470821857452393;-0.26473724842071533;0.5170102715492249;0.6440161466598511;0.0955597534775734;0.5207498669624329;0.6452291011810303;-0.0956903025507927;0.5215533375740051;0.7909129858016968;0.198830246925354;0.5161190629005432;0.8028106689453125;-0.00040946865919977427;0.5376510262489319;0.3393512398004532;-0.10932909362018109;0.5259157121181488;0.6583830118179321;0.008621076005510986;0.5474391579627991;0.6695979088544846;-0.2368392013013363;0.5242737929026285;0.9359569549560547;0.3245476682980855;0.5224325259526571;0.9661383430163065;0.10335455710689227
3.4;0.5399829745292664;0.36434105038642883;-0.12146536260843277;0.5107385516166687;0.41701552271842957;0.060578301548957825;0.5138963460922241;0.41894108057022095;-0.2331451177597046;0.5091657638549805;0.5386046171188354;0.07715360820293427;0.5172250866889954;0.5467320680618286;-0.26205945014953613;0.5194600820541382;0.6443700194358826;0.09521221369504929;0.5219870805740356;0.6453116536140442;-0.09533783793449402;0.5228399038314819;0.7915405631065369;0.19441668689250946;0.5164400339126587;0.8028518557548523;-0.0041972314938902855;0.5360831499099732;0.33971483409404757;-0.1074643936008215;0.52679842710495;0.656251847743988;0.009355988469906151;0.546747699379921;0.6687264740467072;-0.2337300069630146;0.5243976712226868;0.9370277523994446;0.3177720407644908;0.5222011009852091;0.9662023584047953;0.09628373260299365
3.43;0.5397611856460571;0.3639161288738251;-0.12132192403078079;0.5109013319015503;0.4172621965408325;0.060776688158512115;0.5129579901695251;0.4190324544906616;-0.23314404487609863;0.5092325806617737;0.5387069582939148;0.07801716029644012;0.5159479379653931;0.5470212697982788;-0.2625129222869873;0.5215392708778381;0.6445372104644775;0.0951259434223175;0.5223725438117981;0.6453307867050171;-0.09524595737457275;0.5244690179824829;0.793359100818634;0.18756282329559326;0.5167019963264465;0.8046476244926453;-0.008284489624202251;0.5358493566513062;0.33961397409439087;-0.10732537992298603;0.5286230593919754;0.6559314280748367;0.011976126494118944;0.5466247648000717;0.6688605546951294;-0.23848022520542145;0.524470865726471;0.9381098548571268;0.30793259541193646;0.5219687024752299;0.9663904706637064;0.0892853947977225
3.47;0.5389817357063293;0.364560604095459;-0.12171090394258499;0.5105987787246704;0.41743695735931396;0.06087212637066841;0.5125080347061157;0.41925227642059326;-0.235484316945076;0.5093175172805786;0.538768470287323;0.07811289280653;0.5154717564582825;0.5472236275672913;-0.26691097021102905;0.5215939283370972;0.6449488997459412;0.09540435671806335;0.522567868232727;0.6453443765640259;-0.0955282673239708;0.525249719619751;0.7949686050415039;0.19078564643859863;0.516716480255127;0.8061884641647339;-0.009991057217121124;0.5351590394973755;0.34033737182617185;-0.10771660469472408;0.5278699547052383;0.6561030894517899;0.013865080967661925;0.546348050236702;0.6691080629825592;-0.25113893300294876;0.5246496200561523;0.9410364230473837;0.31423964103062946;0.521976093451182;0.9669456084569296;0.08707433318098386
3.5;0.5386533737182617;0.3649636209011078;-0.12150347232818604;0.5101525783538818;0.4175449311733246;0.061030153185129166;0.5121350884437561;0.4194098114967346;-0.23521579802036285;0.5093286633491516;0.5392014980316162;0.0782676711678505;0.5156158208847046;0.5473936796188354;-0.2666527032852173;0.5218035578727722;0.6457098722457886;0.0952598825097084;0.5231785178184509;0.6456339955329895;-0.09538432210683823;0.5258061289787292;0.7949215769767761;0.19068558514118195;0.5175297856330872;0.8065348863601685;-0.009572022594511509;0.5347095489501953;0.34076592326164246;-0.10754333697259426;0.5275264382362366;0.6581881940364838;0.013384488176598097;0.5461368262767792;0.6692157834768295;-0.24943828210234642;0.5247016549110413;0.9425557454427084;0.31406059861183167;0.5221141974131266;0.967168927192688;0.08867270002762477
3.53;0.5383018851280212;0.36491209268569946;-0.12141816318035126;0.5096417665481567;0.41762349009513855;0.059709399938583374;0.512164294719696;0.4195796847343445;-0.23460686206817627;0.5091150403022766;0.539830207824707;0.07573289424180984;0.5158289670944214;0.5478922128677368;-0.26478371024131775;0.5212589502334595;0.6477211713790894;0.09462939202785492;0.523248016834259;0.6478112936019897;-0.09475173056125641;0.5258859395980835;0.7953734993934631;0.19199858605861664;0.5181624889373779;0.808142364025116;-0.004482562653720379;0.5342427432537079;0.3408377796411514;-0.10751880407333374;0.5272214859724045;0.6594493091106415;0.010831698076799512;0.5461808443069458;0.669706404209137;-0.24416479468345642;0.5247324705123901;0.942376176516215;0.31656692425409955;0.5222899913787842;0.9667248527208964;0.10331880052884419
3.57;0.5381587147712708;0.3645905554294586;-0.12135599553585052;0.5094661712646484;0.41776883602142334;0.05864726006984711;0.5121828317642212;0.41961240768432617;-0.23400452733039856;0.5091077089309692;0.5403141379356384;0.07386904954910278;0.5159498453140259;0.5487508177757263;-0.26305699348449707;0.5215361714363098;0.6501131057739258;0.09408770501613617;0.5232205986976624;0.6508498787879944;-0.0942092016339302;0.5262796878814697;0.7957523465156555;0.19314688444137573;0.5185145139694214;0.8097919821739197;0.0003049595688935369;0.5338915407657623;0.34062315821647643;-0.1075057078152895;0.5268207639455795;0.660122737288475;0.00812166091054678;0.5462273359298706;0.6701129972934723;-0.2392958551645279;0.5247361660003662;0.9422369400660197;0.32373016079266864;0.5223826368649801;0.9665823380152384;0.1135657752553622
3.6;0.5380774140357971;0.3646188974380493;-0.1186869889497757;0.5092036128044128;0.4179342985153198;0.05868079513311386;0.5123245716094971;0.41968923807144165;-0.23115381598472595;0.5087730288505554;0.5406104922294617;0.07395690679550171;0.5161770582199097;0.5489081740379333;-0.25999608635902405;0.5210963487625122;0.6500453948974609;0.09367848932743073;0.5236286520957947;0.6508963704109192;-0.09379842877388;0.5259553790092468;0.7962766885757446;0.1910695731639862;0.5190795660018921;0.8097999691963196;-6.45477557554841e-05;0.5337796866893768;0.3406143546104431;-0.10505524575710297;0.5224271565675735;0.6592429131269455;0.007496656849980354;0.5462633669376373;0.6704749166965485;-0.2354593127965927;0.5246873299280802;0.9425210356712341;0.3183700740337372;0.5225522319475809;0.9666882356007894;0.10869236042102177
3.63;0.5379878878593445;0.3648470640182495;-0.11755439639091492;0.5090218782424927;0.4182209372520447;0.05877050384879112;0.5124469995498657;0.4199428856372833;-0.2301628589630127;0.5084953904151917;0.5411231517791748;0.07360309362411499;0.5167306065559387;0.5495787858963013;-0.258104145526886;0.5207902789115906;0.6505975723266602;0.09343796968460083;0.5236545205116272;0.6515964865684509;-0.09355799853801727;0.5257697701454163;0.797099232673645;0.1912379115819931;0.5190141797065735;0.8105800151824951;-0.0005731556448154151;0.5337291419506073;0.34079366028308866;-0.10397438444197178;0.5202408134937286;0.6598181277513504;0.0066536832600831985;0.5463024824857712;0.6710717082023621;-0.23148928582668304;0.5247424642244974;0.9430355230967203;0.3184711237748464;0.5226677656173706;0.9669198393821716;0.10782263924678166
3.67;0.5379710793495178;0.3646617829799652;-0.11762889474630356;0.5090230107307434;0.41838496923446655;0.05895103141665459;0.5123841762542725;0.4202209413051605;-0.23024912178516388;0.5085008144378662;0.5412830710411072;0.07265368103981018;0.5172429084777832;0.5497707724571228;-0.2585083842277527;0.5206092000007629;0.6507443785667419;0.09327179193496704;0.5235127210617065;0.6519041061401367;-0.09338964521884918;0.5257015228271484;0.7974625825881958;0.19161872565746307;0.5189378261566162;0.8117955327033997;2.8006141292280518e-05;0.533532440662384;0.34041690826416016;-0.10402303859591484;0.5196386277675629;0.6612938940525055;0.005088800855446607;0.5463333427906036;0.6716849505901337;-0.23303517699241638;0.5245816508928934;0.9431031545003256;0.31925178567568463;0.5226930777231852;0.9670849243799845;0.11066598941882451
3.7;0.5379436016082764;0.36476776003837585;-0.11764618009328842;0.5090067982673645;0.4187164008617401;0.059062350541353226;0.5124366879463196;0.4204546809196472;-0.23052924871444702;0.5076011419296265;0.5417742133140564;0.07220809161663055;0.5177175402641296;0.5499146580696106;-0.25897908210754395;0.5205278992652893;0.6507715582847595;0.09327799081802368;0.5234726071357727;0.6520541310310364;-0.09339606761932373;0.5255394577980042;0.7974872589111328;0.1926949918270111;0.5188758373260498;0.8125749826431274;0.0005590846994891763;0.5334372758865357;0.34038295447826383;-0.10407361686229706;0.5180088728666306;0.6624919921159744;0.0048986878246068954;0.5463967472314835;0.6718639433383942;-0.23418914154171944;0.5245192646980286;0.9428480267524719;0.3228335777918498;0.5226949254671732;0.9675247669219971;0.11077549308538437
3.73;0.5380316972732544;0.3645665943622589;-0.11633046716451645;0.5089452862739563;0.41874027252197266;0.06027509644627571;0.512485921382904;0.42053288221359253;-0.23022893071174622;0.5071467161178589;0.5419179797172546;0.07264655828475952;0.5180346965789795;0.5498475432395935;-0.2592221796512604;0.5200874209403992;0.6506815552711487;0.09328177571296692;0.523280143737793;0.6520189046859741;-0.09340012818574905;0.5254386067390442;0.7974746227264404;0.191645547747612;0.518828809261322;0.8125612735748291;-0.0002253814018331468;0.5335074961185455;0.34005123674869536;-0.10268865562975407;0.5144712179899216;0.6670102328062057;0.0053115118644200265;0.5464165359735489;0.6718825250864029;-0.23495662212371826;0.5245099067687988;0.9427032470703125;0.3189198970794678;0.5227417151133219;0.9676526586214701;0.10715177655220032
3.77;0.5380922555923462;0.3645973205566406;-0.11432377994060516;0.5089690089225769;0.41879111528396606;0.061912842094898224;0.5125237107276917;0.4205974042415619;-0.22892221808433533;0.5070088505744934;0.541919469833374;0.07305099815130234;0.5181031227111816;0.5495032668113708;-0.2587468922138214;0.5197833776473999;0.6506454944610596;0.09325335919857025;0.523071825504303;0.6519915461540222;-0.09337157011032104;0.5253560543060303;0.797439455986023;0.189893439412117;0.5187937617301941;0.8124584555625916;-0.002021829364821315;0.5335726499557495;0.3400523841381073;-0.10076276883482933;0.5144007503986359;0.6668310612440109;0.005559745361097157;0.5464062094688416;0.6713647842407227;-0.23504775762557983;0.5245520273844401;0.9426513910293579;0.31422425309817;0.5227879484494528;0.9678050478299459;0.10156595582763354
3.8;0.538152813911438;0.36430197954177856;-0.11419592052698135;0.5089551210403442;0.41883033514022827;0.06253353506326675;0.5125588774681091;0.42064717411994934;-0.22902753949165344;0.5069877505302429;0.541810154914856;0.0736624002456665;0.5181669592857361;0.5492689609527588;-0.2588428854942322;0.5195695161819458;0.65053391456604;0.09327494353055954;0.5227047801017761;0.6519595980644226;-0.09339378774166107;0.525297224521637;0.7973577976226807;0.18960490822792053;0.5187675952911377;0.8124052286148071;-0.0035312294494360685;0.5336638867855072;0.33986223936080934;-0.10060963369905948;0.5144015699625015;0.6665906310081482;0.00656599854119122;0.5464218407869339;0.6706990450620651;-0.2381451241672039;0.524557888507843;0.9424178997675577;0.313649982213974;0.5228415926297506;0.9678646524747213;0.09849521890282631
3.83;0.5381952524185181;0.36411044001579285;-0.11381586641073227;0.5089606642723083;0.4188532531261444;0.06318925321102142;0.5125865340232849;0.4206852316856384;-0.22890761494636536;0.5069407224655151;0.5418024659156799;0.07371082156896591;0.5182095766067505;0.5491946339607239;-0.25897783041000366;0.5195072889328003;0.6504698395729065;0.09328465908765793;0.5224853157997131;0.6518985629081726;-0.09340356290340424;0.525269091129303;0.7973369359970093;0.1898723840713501;0.5187497138977051;0.8123281598091125;-0.003747842274606228;0.5337416887283325;0.3397140294313431;-0.10012355148792267;0.5146155655384064;0.6662537157535553;0.006897231563925743;0.5464245080947876;0.6705172061920166;-0.23874042928218842;0.5245445569356283;0.9423222740491232;0.3144599397977193;0.5228642821311951;0.9679556091626486;0.09855552390217781
3.87;0.5382246375083923;0.36387452483177185;-0.11263318359851837;0.508906900882721;0.41885703802108765;0.06408612430095673;0.5126053690910339;0.42069879174232483;-0.22811999917030334;0.5068187713623047;0.541791558265686;0.07409966737031937;0.5182846188545227;0.5491239428520203;-0.2585572302341461;0.5194770097732544;0.6504303216934204;0.09329318255186081;0.5224729776382446;0.6518594622612;-0.09341209381818771;0.5252436399459839;0.7972890734672546;0.18932469189167023;0.5186672806739807;0.81228107213974;-0.0044126491993665695;0.5337992906570435;0.33954993784427645;-0.09886664003133774;0.5128372758626938;0.6674999743700027;0.0071979883359745145;0.5464138090610504;0.6704806536436081;-0.23870280757546425;0.5245556235313416;0.9423097372055054;0.3130329449971517;0.5228599111239115;0.9680065711339315;0.09753011291225751
3.9;0.5382502675056458;0.36389926075935364;-0.1129131019115448;0.5089043974876404;0.4188773036003113;0.06375429034233093;0.5126242637634277;0.4207648038864136;-0.2281012088060379;0.5067658424377441;0.5418660044670105;0.07387758046388626;0.5182811617851257;0.5491285920143127;-0.2586444318294525;0.5194135308265686;0.6503608226776123;0.09320778399705887;0.5224362015724182;0.6516867280006409;-0.0933280810713768;0.5251154899597168;0.7970126271247864;0.18836930394172668;0.5186012983322144;0.8119613528251648;-0.004897394683212042;0.5338428914546967;0.33957031071186067;-0.09913358464837074;0.5129396915435791;0.668180987238884;0.006896464852616191;0.5463455319404602;0.6704977601766586;-0.23962188512086868;0.524540364742279;0.9423397978146871;0.31131842732429504;0.5228819449742635;0.9679917097091675;0.09678178528944652
3.93;0.5382753610610962;0.3639226257801056;-0.11312416195869446;0.5089042782783508;0.41890189051628113;0.06242457404732704;0.5126399993896484;0.4209524691104889;-0.22802630066871643;0.5067190527915955;0.5421083569526672;0.07302606105804443;0.5182409286499023;0.5493085384368896;-0.2582254111766815;0.5193066000938416;0.6503049731254578;0.09291959553956985;0.5223654508590698;0.6516011953353882;-0.09303994476795197;0.5248457193374634;0.7969970107078552;0.18766605854034424;0.5184568166732788;0.8119354248046875;-0.004874580539762974;0.533872801065445;0.33960746228694916;-0.09950879327952862;0.5132226794958115;0.668444961309433;0.0064431444043293595;0.5462899804115295;0.6708039045333862;-0.23903363570570946;0.5245415965716044;0.9424195885658264;0.3100626468658447;0.522891640663147;0.9680467844009399;0.09702038144071896
3.97;0.5382950305938721;0.3639368712902069;-0.11385021358728409;0.5088468790054321;0.4189680218696594;0.061210498213768005;0.5127363204956055;0.4210156202316284;-0.2280707061290741;0.5066659450531006;0.5424036383628845;0.07255323231220245;0.518242597579956;0.5494813919067383;-0.2581008970737457;0.5190684795379639;0.6502946019172668;0.09276723116636276;0.5221840739250183;0.651560366153717;-0.09289023280143738;0.5246745944023132;0.7970852255821228;0.18788546323776245;0.5181552171707153;0.8120107650756836;-0.0042400783859193325;0.5338941872119903;0.3397346526384354;-0.10046271942555904;0.5134810954332352;0.6679788678884506;0.006555383442901075;0.546101525425911;0.6715567409992218;-0.23893370106816292;0.5245573123296102;0.9425350228945414;0.31083879868189496;0.5228963096936544;0.9682745734850565;0.09809029723207156
4.0;0.538306713104248;0.36395958065986633;-0.11528052389621735;0.5086644887924194;0.4189881384372711;0.05963767319917679;0.5128166675567627;0.4212072193622589;-0.22822746634483337;0.5064548850059509;0.5425419211387634;0.07189130038022995;0.5182402729988098;0.5498343110084534;-0.2581360638141632;0.5186933279037476;0.650272011756897;0.09269241243600845;0.5220049023628235;0.6515462398529053;-0.09281794726848602;0.5245951414108276;0.7970756888389587;0.1880405843257904;0.5179930925369263;0.8119811415672302;-0.0035957777872681618;0.5339432954788208;0.3399055153131485;-0.10199019052088261;0.5133830159902573;0.6673344224691391;0.0068383748875930905;0.5457198321819305;0.6723757684230804;-0.2389378361403942;0.5245666106541952;0.9425038695335388;0.3111697733402252;0.5228922367095947;0.9684134523073832;0.09899163867036502
4.03;0.5383139848709106;0.3642517030239105;-0.11569196730852127;0.5085415840148926;0.4193304181098938;0.0584133118391037;0.5128593444824219;0.4216758608818054;-0.22803881764411926;0.5062949061393738;0.5427306890487671;0.07083626836538315;0.5182281136512756;0.5498478412628174;-0.25779807567596436;0.5180279612541199;0.650159478187561;0.09212586283683777;0.5219846963882446;0.6513004302978516;-0.09225358814001083;0.5243315100669861;0.7961099743843079;0.1848238855600357;0.5179795622825623;0.8104679584503174;-0.004514912609010935;0.5340730488300324;0.34047195613384246;-0.10250568389892578;0.5135117471218109;0.6667222678661346;0.006905993795953691;0.545095294713974;0.6728672981262207;-0.2390315979719162;0.5239872733751932;0.942086935043335;0.3038550615310669;0.5227738420168558;0.9675005276997884;0.09496307621399562
4.07;0.5383360385894775;0.36443760991096497;-0.11700917780399323;0.5083217024803162;0.41958218812942505;0.056604400277137756;0.5129744410514832;0.4220801293849945;-0.2281135469675064;0.5059541463851929;0.5429932475090027;0.06938634067773819;0.518261194229126;0.5501583218574524;-0.25779494643211365;0.5175053477287292;0.6501272916793823;0.09177044779062271;0.5218774676322937;0.6512756943702698;-0.09190317243337631;0.5241024494171143;0.7956839203834534;0.18499305844306946;0.5179154276847839;0.8101142644882202;-0.004481019917875528;0.5342180788516998;0.34084718525409696;-0.10388527698814869;0.5138695687055588;0.6663721352815628;0.006946954759769142;0.5447571277618408;0.6742989122867584;-0.23902831599116325;0.5237310330073038;0.9419089357058207;0.3051365117232005;0.5226168433825175;0.967072864373525;0.09543803458412488
4.1;0.5383543968200684;0.36460819840431213;-0.11734280735254288;0.5080347061157227;0.4198842942714691;0.05611860379576683;0.5131696462631226;0.42228901386260986;-0.22811566293239594;0.5055400729179382;0.5435649156570435;0.06841329485177994;0.5183066129684448;0.5505664348602295;-0.2569575905799866;0.5169708132743835;0.6501094102859497;0.09150496870279312;0.5217115879058838;0.6513116955757141;-0.09163930267095566;0.523780882358551;0.7954301834106445;0.18573914468288422;0.517884373664856;0.8100563287734985;-0.0024246880784630775;0.534359484910965;0.34110459089279177;-0.10425399392843246;0.5143920034170151;0.6653883755207062;0.006739852717146277;0.5445238351821899;0.6753750741481781;-0.23618588969111443;0.523426373799642;0.9417282541592916;0.3068724075953166;0.5225814580917358;0.9668924808502197;0.100079329063495
4.13;0.5383813381195068;0.3649510145187378;-0.11768575757741928;0.5077970623970032;0.4202359914779663;0.05605173110961914;0.5132974982261658;0.4225830137729645;-0.22820360958576202;0.5051507949829102;0.5439717769622803;0.06846650689840317;0.5183276534080505;0.5509177446365356;-0.25694137811660767;0.5164352655410767;0.6502300500869751;0.09146270155906677;0.5215425491333008;0.6515467762947083;-0.09159956127405167;0.5234968066215515;0.7954061627388;0.18743833899497986;0.5178608894348145;0.8100583553314209;-0.001102365436963737;0.5345240294933319;0.34146620631217955;-0.1045757282525301;0.5144219696521759;0.6649293601512909;0.006958498153835535;0.544402003288269;0.6761353611946106;-0.2356906719505787;0.5232744018236796;0.9416814843813578;0.31077654163042706;0.5225398540496826;0.9668371876080831;0.10290877521038055
4.17;0.5385013222694397;0.36533287167549133;-0.11760689318180084;0.5075973272323608;0.4205666184425354;0.05611497163772583;0.5133500099182129;0.42276471853256226;-0.22763635218143463;0.5047197341918945;0.5445550680160522;0.06783211976289749;0.5183241367340088;0.5511389970779419;-0.2556833326816559;0.5162145495414734;0.6506637334823608;0.09113690257072449;0.5213304758071899;0.6520230770111084;-0.09127376973628998;0.5233069062232971;0.7954061627388;0.18748585879802704;0.5177474021911621;0.8101204037666321;-0.0004046106187161058;0.5348219811916352;0.3417800724506378;-0.10450396686792374;0.5139195024967194;0.6660914719104767;0.006477196700870991;0.5441799014806747;0.676509901881218;-0.23369833827018738;0.5230956872304281;0.9418178796768188;0.31092920899391174;0.5225304961204529;0.9668431878089905;0.10318326701720555
4.2;0.5385943651199341;0.3661156892776489;-0.11679428815841675;0.5075026750564575;0.4207349121570587;0.056161537766456604;0.5135307908058167;0.42294731736183167;-0.22600631415843964;0.5042928457260132;0.5449917912483215;0.06731196492910385;0.5183106064796448;0.5517464280128479;-0.25374042987823486;0.5160878896713257;0.6509525775909424;0.09071527421474457;0.5211779475212097;0.6524098515510559;-0.09085239470005035;0.5231969356536865;0.795339047908783;0.18718202412128448;0.5176278352737427;0.8101628422737122;-0.0004079998761881143;0.5351162314414978;0.34262703359127045;-0.10372055694460869;0.5130224078893661;0.6681171208620071;0.006438055424951017;0.544161394238472;0.676988810300827;-0.23233645036816597;0.5228747924168905;0.9416295091311137;0.3092483381430308;0.5225207209587097;0.9668262600898743;0.10284933199485143
4.23;0.5388560891151428;0.36754629015922546;-0.11460264772176743;0.5074249505996704;0.42115697264671326;0.05667567253112793;0.5139049887657166;0.42299267649650574;-0.22385545074939728;0.5035508275032043;0.5455549955368042;0.06749974936246872;0.5183033347129822;0.5520861148834229;-0.2520628273487091;0.5159000754356384;0.6510922908782959;0.09055415540933609;0.5210825800895691;0.6525681018829346;-0.09069094806909561;0.5228607058525085;0.7953141927719116;0.18624334037303925;0.5176173448562622;0.8101542592048645;-0.0005618489230982959;0.5355678379535675;0.34386447072029114;-0.10150082260370255;0.5124981999397278;0.6694557815790176;0.0064773105550557375;0.5441689044237137;0.6773096770048141;-0.2308945506811142;0.5226150155067444;0.9416736364364624;0.305776705344518;0.5225354433059692;0.9668816328048706;0.09899762272834778
4.27;0.5397061705589294;0.3689727783203125;-0.11463876813650131;0.5074092149734497;0.4215127229690552;0.05719684064388275;0.5143438577651978;0.4235169291496277;-0.22416730225086212;0.5033722519874573;0.5461043119430542;0.06698846817016602;0.5183207392692566;0.5528449416160583;-0.25231993198394775;0.515324592590332;0.6513888835906982;0.09057118743658066;0.5207161903381348;0.6533877849578857;-0.0907064750790596;0.522106409072876;0.7954737544059753;0.18631134927272797;0.517539381980896;0.8102412819862366;-0.0006439140415750444;0.5368698537349701;0.3449836164712906;-0.10136353373527526;0.5123600661754608;0.6703078895807266;0.004689668421633542;0.5441967099905014;0.677578940987587;-0.22938929125666618;0.5222330292065939;0.94247967004776;0.3062844177087148;0.5224992235501608;0.9670682350794474;0.09884511306881905
4.3;0.5414360761642456;0.37006837129592896;-0.11373502761125565;0.5074138641357422;0.42159920930862427;0.058103445917367935;0.5149824619293213;0.4237232208251953;-0.223294198513031;0.5032950639724731;0.546101450920105;0.06669693440198898;0.5185427665710449;0.5529104471206665;-0.252007395029068;0.5146763920783997;0.651711642742157;0.09057458490133286;0.5201042294502258;0.6545436382293701;-0.09070952236652374;0.521433413028717;0.7959630489349365;0.1863359957933426;0.5173032283782959;0.8107767701148987;-0.0006565185030922294;0.5388673901557922;0.3460738331079483;-0.100160176679492;0.5116823613643646;0.6704584360122681;0.005027112900279462;0.5442114323377609;0.6776674836874008;-0.2291804738342762;0.5220456520716349;0.9427798191706339;0.30555617809295654;0.5224254727363586;0.9671024084091187;0.09819882983962695
4.33;0.5426604151725769;0.37274473905563354;-0.11257635056972504;0.5074755549430847;0.42160511016845703;0.05860259756445885;0.5154934525489807;0.42381471395492554;-0.22238852083683014;0.5030757188796997;0.5461091995239258;0.06554077565670013;0.5186379551887512;0.552908718585968;-0.2513728737831116;0.5138837099075317;0.6519672274589539;0.09057552367448807;0.5194858908653259;0.6553811430931091;-0.09070999175310135;0.5206733345985413;0.7958933711051941;0.18640197813510895;0.5171602964401245;0.8108909726142883;-0.0007012297282926738;0.5407336175441741;0.348716801404953;-0.09872516058385372;0.5116664469242096;0.6704019755125046;0.004074149823281914;0.5442018657922745;0.6774587482213974;-0.22841625660657883;0.5218195915222168;0.9427059094111124;0.30594014128049213;0.5223112106323242;0.9670552412668864;0.09806568051377933
4.37;0.5444701313972473;0.3750593960285187;-0.11113077402114868;0.5075427889823914;0.4216257631778717;0.05772998929023743;0.5160831809043884;0.4239257574081421;-0.21784520149230957;0.5027087926864624;0.5460988283157349;0.06142358109354973;0.5187682509422302;0.552912175655365;-0.24725836515426636;0.5126408934593201;0.6521732211112976;0.08949081599712372;0.5185232758522034;0.6559782028198242;-0.08962271362543106;0.5194013118743896;0.7959345579147339;0.18354111909866333;0.5166523456573486;0.811614453792572;-0.0009001860162243247;0.5427373588085175;0.3509128034114838;-0.09751157574355603;0.5109286606311798;0.6704531461000443;0.0029980519684613682;0.5443693995475769;0.6773122400045395;-0.22637759521603584;0.521318256855011;0.9428573052088419;0.2991233269373576;0.5220730900764465;0.9671037395795187;0.09501239036520322
4.4;0.5461947917938232;0.3778136074542999;-0.1132851243019104;0.5077468156814575;0.4216826260089874;0.0524727925658226;0.5169256925582886;0.42433106899261475;-0.21886895596981049;0.5022504329681396;0.5459574460983276;0.057105667889118195;0.5189427137374878;0.5529762506484985;-0.24784573912620544;0.5121713280677795;0.6521740555763245;0.08892007917165756;0.5174047946929932;0.6559314727783203;-0.08905044943094254;0.5189475417137146;0.7961795330047607;0.18253456056118011;0.5155217051506042;0.812407374382019;-0.0009360410622321069;0.54541055560112;0.35379056036472323;-0.09987018555402756;0.5108683407306671;0.6703699082136154;0.0020562374993460253;0.544583797454834;0.677110493183136;-0.23639721795916557;0.521353284517924;0.9424280126889547;0.2986156741778056;0.5218514601389567;0.9676211277643839;0.09250014647841454
4.43;0.5479996800422668;0.38052085041999817;-0.11593054234981537;0.5082696080207825;0.4219861626625061;0.052165668457746506;0.5188531875610352;0.42449793219566345;-0.22239580750465393;0.5013384819030762;0.5457339882850647;0.05824803560972214;0.5194027423858643;0.5529983043670654;-0.2548913359642029;0.5108432173728943;0.6520670652389526;0.08908040821552277;0.5159891843795776;0.6558822393417358;-0.08921302109956741;0.5182180404663086;0.7961612939834595;0.1822689324617386;0.5143452286720276;0.8125330805778503;-0.0031985181849449873;0.5481867551803589;0.35670399367809297;-0.10233826600015164;0.5108910799026489;0.6701488196849823;0.006903469446115196;0.5450045168399811;0.6774494349956512;-0.2507045492529869;0.5213236808776855;0.9418482581774393;0.2978137234846751;0.5217153429985046;0.9676267703374227;0.08645181482036908
4.47;0.5497274398803711;0.3842952847480774;-0.11712390184402466;0.5087370872497559;0.4238163232803345;0.052930064499378204;0.5216636061668396;0.42506423592567444;-0.22854942083358765;0.5009244680404663;0.5457295179367065;0.06278882175683975;0.5204380750656128;0.5536121129989624;-0.2618943154811859;0.5084896683692932;0.6520047783851624;0.09161855280399323;0.5145852565765381;0.6560057997703552;-0.09178303927183151;0.5169760584831238;0.7964417934417725;0.1872633844614029;0.5133930444717407;0.813705563545227;-0.003312325105071068;0.5510746955871582;0.360803160071373;-0.10323576927185059;0.5106883496046066;0.6705713719129562;0.0202572678681463;0.5448941141366959;0.6785393506288528;-0.25894923135638237;0.5213448405265808;0.9416174292564392;0.30714796980222064;0.5213647286097208;0.9686398108800253;0.08722549925247829
4.5;0.5511758327484131;0.3893572688102722;-0.11516961455345154;0.5098084211349487;0.4269329011440277;0.057596296072006226;0.5242999196052551;0.4255353510379791;-0.22707673907279968;0.5009163022041321;0.5458114147186279;0.06609935313463211;0.5210516452789307;0.5544108152389526;-0.2611373960971832;0.5069542527198792;0.6521422863006592;0.0921526849269867;0.5134109854698181;0.6565857529640198;-0.0923137292265892;0.514735996723175;0.7986783385276794;0.18734785914421082;0.5113136172294617;0.8148791193962097;-0.0038772406987845898;0.5543282747268676;0.36706484854221344;-0.1011728223413229;0.5125059187412262;0.6707883775234222;0.024626782396808267;0.5447566956281662;0.6802718490362167;-0.25341062620282173;0.5205165147781372;0.9414888223012289;0.3035344183444977;0.5210327704747518;0.9693551460901896;0.08218713228901227
4.53;0.5535862445831299;0.3971250653266907;-0.11463960260152817;0.511249303817749;0.4302164912223816;0.05755099281668663;0.527129590511322;0.42775434255599976;-0.22591648995876312;0.500952422618866;0.5462324023246765;0.0659792572259903;0.5217110514640808;0.5560262799263;-0.25943782925605774;0.505574107170105;0.6535879373550415;0.09210772067308426;0.5111960768699646;0.6588103175163269;-0.09226752817630768;0.5133016109466553;0.8023615479469299;0.19028240442276;0.5088322758674622;0.8200718760490417;-0.0004263535374775529;0.5582842707633973;0.3750855952501297;-0.1006691675633192;0.5136982202529907;0.6712958216667175;0.02245728950947523;0.5447286367416382;0.6823922991752625;-0.2503868229687214;0.5202480355898539;0.9413173993428549;0.30657530824343365;0.5204223990440369;0.9715523521105448;0.08304102594653766
4.57;0.5560607314109802;0.4078497588634491;-0.1131502240896225;0.5135499835014343;0.43303757905960083;0.05695343762636185;0.5294927358627319;0.4299459755420685;-0.22272996604442596;0.4974769055843353;0.551423192024231;0.06518861651420593;0.5225180387496948;0.5567671656608582;-0.25464755296707153;0.5035222172737122;0.6543775200843811;0.0919908657670021;0.5096020102500916;0.6592668294906616;-0.0921541154384613;0.5112984776496887;0.8034756779670715;0.18932749330997467;0.5078867673873901;0.8196648359298706;-0.00013756689440924674;0.5618552327156067;0.38602231442928314;-0.09941564537584782;0.5093593597412109;0.6721833497285843;0.0242962883785367;0.5433762222528458;0.68352010846138;-0.24935515224933624;0.5202436248461405;0.9418592850367228;0.30119459827740985;0.520639955997467;0.971352199713389;0.08324162165323894
4.6;0.5591527223587036;0.41748398542404175;-0.11602821946144104;0.5153848528862;0.4363972842693329;0.05244414135813713;0.5325886011123657;0.43475019931793213;-0.22654670476913452;0.4964871406555176;0.5535410642623901;0.0613095760345459;0.5235238075256348;0.5610817670822144;-0.2563666105270386;0.5022725462913513;0.657401442527771;0.09230533987283707;0.5070503354072571;0.6625188589096069;-0.09247498214244843;0.5105456113815308;0.8034915328025818;0.1933116614818573;0.5061373710632324;0.819411039352417;0.003963365685194731;0.5653409838676453;0.39577910006046296;-0.10219192095100879;0.5063333511352539;0.6759497076272964;0.022112287348136306;0.5422940701246262;0.6863745301961899;-0.248247180134058;0.5204624533653259;0.9424260258674622;0.3089886208375295;0.5205734173456827;0.9711473981539408;0.08863731225331624
4.63;0.5610681176185608;0.42510077357292175;-0.11598040163516998;0.5161986351013184;0.44202905893325806;0.0503704771399498;0.5338858366012573;0.44249823689460754;-0.22606289386749268;0.4950524568557739;0.5572000741958618;0.05620107427239418;0.5240457653999329;0.5666948556900024;-0.25422877073287964;0.4996490776538849;0.6616776585578918;0.09211723506450653;0.504675030708313;0.6678032279014587;-0.0922812968492508;0.508718729019165;0.8033686876296997;0.1992376744747162;0.5050205588340759;0.8191373348236084;0.013258703052997589;0.5674960851669312;0.40377695858478546;-0.10208058953285218;0.5025781542062759;0.6811257600784302;0.016097975079901516;0.5414281934499741;0.690137967467308;-0.24276962876319885;0.5191457072893778;0.9404667019844055;0.3240497012933095;0.5205823381741842;0.9710646073023478;0.1044721578558286
4.67;0.5638777017593384;0.43637216091156006;-0.11985579878091812;0.5185591578483582;0.4475908577442169;0.0441092923283577;0.5347399711608887;0.4488257169723511;-0.2293422818183899;0.49406275153160095;0.5606002807617188;0.05163082107901573;0.524465799331665;0.5716249942779541;-0.2579041123390198;0.49824610352516174;0.6636693477630615;0.09201371669769287;0.5013867616653442;0.6688440442085266;-0.09216723591089249;0.5070427656173706;0.8032243847846985;0.19730888307094574;0.5032817721366882;0.8190498948097229;0.011607175692915916;0.570802652835846;0.41600786447525023;-0.10606105364859104;0.5033249333500862;0.6884103566408157;0.0067587600206024945;0.5408001989126205;0.6952206045389175;-0.2471340410411358;0.518735388914744;0.940760334332784;0.321509728829066;0.5207495292027792;0.971043864885966;0.10163584103186925
4.7;0.5665064454078674;0.44542086124420166;-0.13678346574306488;0.5198081135749817;0.4527077078819275;0.03402242064476013;0.5355890989303589;0.456957072019577;-0.24869520962238312;0.4962448477745056;0.5656898021697998;0.05094906687736511;0.5244665145874023;0.5778368711471558;-0.2762207090854645;0.4944230318069458;0.6631469130516052;0.09316769987344742;0.49803486466407776;0.6690300107002258;-0.09332729876041412;0.503671407699585;0.800620436668396;0.20808543264865875;0.5002878904342651;0.817851185798645;0.018753722310066223;0.5739465177059173;0.4271164953708649;-0.122704266756773;0.5040444284677505;0.6907850652933121;0.004751933447550982;0.5403252989053726;0.699901357293129;-0.268460176885128;0.5176388820012411;0.9391616185506185;0.3389125168323517;0.5206072330474854;0.9702284534772238;0.1205845723549525
4.73;0.5689730644226074;0.45503053069114685;-0.14621023833751678;0.5214316248893738;0.45688682794570923;0.026508839800953865;0.5368390083312988;0.4612208902835846;-0.26112204790115356;0.49807846546173096;0.5724851489067078;0.04793645814061165;0.5251176357269287;0.58570396900177;-0.2877817749977112;0.4912453293800354;0.6677607297897339;0.09330722689628601;0.49485158920288086;0.6770473122596741;-0.09348280727863312;0.5006211996078491;0.8036003112792969;0.23692286014556885;0.4976213872432709;0.8224974274635315;0.04609610512852669;0.5773204386234283;0.43695765137672427;-0.13172942101955415;0.505077600479126;0.6959017813205719;0.003425112212426029;0.5402711927890778;0.7080051153898239;-0.275627076625824;0.5178531408309937;0.9394900401433309;0.3916885554790497;0.5212064584096273;0.9706851243972778;0.1786680966615677
4.77;0.5708811283111572;0.4652153253555298;-0.14310839772224426;0.5224024057388306;0.4617381691932678;0.024441907182335854;0.5388800501823425;0.4664696753025055;-0.25718796253204346;0.49807319045066833;0.5731392502784729;0.04466107115149498;0.5253493189811707;0.5901389718055725;-0.28069061040878296;0.4857849180698395;0.6676252484321594;0.0932440310716629;0.49117761850357056;0.6781324148178101;-0.09341838210821152;0.49544787406921387;0.8039020895957947;0.22500881552696228;0.4958212077617645;0.8226953148841858;0.03968866541981697;0.5793682515621186;0.4483877867460251;-0.12910004183650017;0.5017386898398399;0.6955195367336273;0.004158246327278903;0.5382773578166962;0.7108132541179657;-0.2685438245534897;0.5171066323916117;0.9395913084348043;0.3644810616970062;0.5214805006980896;0.9708782831827799;0.16185244421164194
4.8;0.5728800892829895;0.4782012701034546;-0.14613288640975952;0.5250917673110962;0.4654756784439087;0.023043593391776085;0.5405462980270386;0.4743478000164032;-0.26341918110847473;0.49809959530830383;0.5715008974075317;0.041910186409950256;0.5261346101760864;0.5963727235794067;-0.2843458652496338;0.48235273361206055;0.6674232482910156;0.09378619492053986;0.4880512058734894;0.6793579459190369;-0.093968465924263;0.4946489930152893;0.8040931224822998;0.22217412292957306;0.4936375916004181;0.8229595422744751;0.03506835550069809;0.5816819787025451;0.4624203503131866;-0.13191091269254684;0.5008376985788345;0.694985881447792;0.0043620751221169485;0.5335596650838852;0.7125571817159653;-0.26729337871074677;0.5172471404075623;0.9395679632822672;0.357893705368042;0.5214935938517252;0.9703589876492819;0.15302778283754984
4.83;0.5729855298995972;0.48922020196914673;-0.13891395926475525;0.526146411895752;0.4730162024497986;0.02584303356707096;0.5414174795150757;0.48047569394111633;-0.25583571195602417;0.49539121985435486;0.5711554884910583;0.04436386749148369;0.526298999786377;0.598509669303894;-0.27141597867012024;0.4792383909225464;0.6671445965766907;0.09524236619472504;0.4843692183494568;0.6794012784957886;-0.09541372954845428;0.49362438917160034;0.8078725934028625;0.21323531866073608;0.49275630712509155;0.824635922908783;0.020895132794976234;0.5824833691120148;0.4744253844022751;-0.12366712987422943;0.48930127173662186;0.6947392076253891;0.004789790349605028;0.5312880724668503;0.7100374102592468;-0.2192699983716011;0.5172859032948812;0.9421594341595968;0.3283915122350057;0.5220231413841248;0.9698797464370728;0.12175274888674419
4.87;0.5750946402549744;0.4997922480106354;-0.1400315910577774;0.528522253036499;0.48056450486183167;0.02869834564626217;0.5424858927726746;0.4885003864765167;-0.25892573595046997;0.4956204295158386;0.5801790952682495;0.04483047500252724;0.5263435244560242;0.6068103909492493;-0.2787931263446808;0.47848638892173767;0.6668538451194763;0.09695582091808319;0.4827563464641571;0.678335428237915;-0.0971018448472023;0.4917772114276886;0.8050940632820129;0.20971401035785675;0.49112462997436523;0.817892849445343;0.012973640114068985;0.5847119748592376;0.48556037843227384;-0.12476924061775208;0.49296361207962036;0.6961002945899963;0.0018498211866244674;0.529840424656868;0.7112081795930862;-0.2248588688671589;0.5171432097752889;0.9416302045186361;0.32358189423878986;0.5222965280214945;0.9678800900777181;0.10832555840412776
4.9;0.5775334239006042;0.5125235915184021;-0.14309602975845337;0.5314850807189941;0.48733916878700256;0.02541087195277214;0.5443601608276367;0.4986409544944763;-0.26130592823028564;0.4970771372318268;0.5858222842216492;0.04117636755108833;0.5269637107849121;0.6153954267501831;-0.28306514024734497;0.47848445177078247;0.667198121547699;0.09679946303367615;0.48189809918403625;0.6784260869026184;-0.0969463437795639;0.49101772904396057;0.8057109713554382;0.21203267574310303;0.4913846552371979;0.8194829821586609;0.018108494579792023;0.5866309523582458;0.4984040230512619;-0.128006511926651;0.4910256564617157;0.6970376819372177;-0.0020909205777570605;0.5306841135025024;0.7263554334640503;-0.2398054637014866;0.5171201626459757;0.9421641826629639;0.3399054805437724;0.5222950379053751;0.9675703446070353;0.12717418869336447
4.93;0.5782819390296936;0.5244950652122498;-0.15220582485198975;0.5347450375556946;0.49581629037857056;0.014804555103182793;0.5455791354179382;0.5093162655830383;-0.26742562651634216;0.5040112137794495;0.5985978245735168;0.02884509228169918;0.529309093952179;0.6289364099502563;-0.28536126017570496;0.4782334566116333;0.6672728061676025;0.0967044085264206;0.4796659052371979;0.6779782176017761;-0.09686563909053802;0.48953109979629517;0.8057268857955933;0.21367263793945312;0.49098673462867737;0.8210594654083252;0.027789751067757607;0.5875625908374786;0.5109053432941437;-0.1369048222899437;0.4885156750679016;0.7072433680295944;-0.014606899581849575;0.5340904742479324;0.7316064238548279;-0.24101334437727928;0.5173438787460327;0.9417480031649271;0.35098277529080707;0.5228632291158041;0.9671438535054525;0.14569037407636642
4.97;0.5786319971084595;0.5341888666152954;-0.14832812547683716;0.537226676940918;0.5023972392082214;0.020181192085146904;0.5467442870140076;0.515096127986908;-0.2632221281528473;0.5151806473731995;0.6061326861381531;0.03427544981241226;0.5336082577705383;0.6326090097427368;-0.2769508957862854;0.4768226444721222;0.6671631932258606;0.09640803188085556;0.4763984680175781;0.6779606938362122;-0.09651575237512589;0.48904556035995483;0.8056784272193909;0.21384385228157043;0.4907984733581543;0.8230176568031311;0.034206416457891464;0.5881773889064789;0.5215224683284759;-0.13052166029810905;0.4910447224974632;0.7056675106287003;-0.015448895515874028;0.538351446390152;0.7256655991077423;-0.21247462928295135;0.5186002850532532;0.9426675240198771;0.35068224867184955;0.523457924524943;0.9680331349372864;0.15183191001415253
5.0;0.5791541934013367;0.5434820652008057;-0.12828393280506134;0.5390924215316772;0.510984480381012;0.03585848584771156;0.5467968583106995;0.5208242535591125;-0.25359103083610535;0.5198136568069458;0.6123308539390564;0.047544628381729126;0.535463809967041;0.6363331079483032;-0.255556583404541;0.474193274974823;0.6658926606178284;0.09633013606071472;0.4736405909061432;0.6772366166114807;-0.0964084044098854;0.4877874255180359;0.8036326169967651;0.19302861392498016;0.4898655414581299;0.8235518932342529;0.01808902621269226;0.5891280233860016;0.5318513512611389;-0.11152788773179054;0.49374448508024216;0.7045349031686783;-0.012301350943744183;0.5351687967777252;0.7087534368038177;-0.16721704602241516;0.5211338996887207;0.9467159907023112;0.30316028992335003;0.5247031251589457;0.9674367705980936;0.11220686634381612
5.03;0.5794736742973328;0.5537004470825195;-0.10603179782629013;0.5403037071228027;0.5160458087921143;0.050794366747140884;0.548926591873169;0.5287339091300964;-0.22987285256385803;0.5205206871032715;0.6144174337387085;0.06092015281319618;0.5352503657341003;0.6384704113006592;-0.22777411341667175;0.4730023741722107;0.6644910573959351;0.09608687460422516;0.47307097911834717;0.6759056448936462;-0.09608251601457596;0.4870873689651489;0.8032403588294983;0.18583741784095764;0.48936042189598083;0.8237372040748596;0.010615650564432144;0.5898009896278381;0.5425985932350159;-0.0904618076980114;0.49905120581388474;0.7005365192890167;-0.00022186862770467997;0.5352397412061691;0.7147444933652878;-0.13852301239967346;0.521761953830719;0.9494190613428751;0.2931356032689412;0.5248842636744181;0.9671025276184082;0.09858749061822891
5.07;0.5793590545654297;0.5653151869773865;-0.1108989343047142;0.5405927896499634;0.5218530893325806;0.05195729061961174;0.5506187081336975;0.5390481948852539;-0.23468910157680511;0.5226190090179443;0.6264418959617615;0.06550973653793335;0.5345866084098816;0.6485612988471985;-0.24542470276355743;0.4717528820037842;0.6641175150871277;0.09601108729839325;0.4717065691947937;0.6758421659469604;-0.0960129126906395;0.4869958460330963;0.8014926314353943;0.18984076380729675;0.4880194664001465;0.8247106075286865;0.009589610621333122;0.5901021838188172;0.5537173092365265;-0.09517953693866729;0.5060627162456512;0.7105052173137665;0.007346857863012701;0.5431912988424301;0.7588220685720444;-0.17949428409337997;0.5216542482376099;0.9508003195126852;0.3064206540584564;0.5253099203109741;0.9665540456771851;0.10192643105983734
5.1;0.5795472264289856;0.5720956921577454;-0.06315544992685318;0.5419401526451111;0.5237206220626831;0.08117412775754929;0.5527158975601196;0.5503440499305725;-0.1944863647222519;0.5191383957862854;0.6172889471054077;0.09476188570261002;0.5331586599349976;0.6542938947677612;-0.19163091480731964;0.4725373685359955;0.6628104448318481;0.09597388654947281;0.4711852967739105;0.677676796913147;-0.09599681198596954;0.4877582788467407;0.7880339026451111;0.1890924721956253;0.486588716506958;0.8247848153114319;-0.012796709313988686;0.5904317855834961;0.5615239858627319;-0.0485986047773622;0.5057907402515411;0.7025311887264252;0.03543899022042751;0.5429305732250214;0.7445399612188339;-0.10696064494550228;0.5219549536705017;0.9504149556159973;0.30106372634569806;0.5252294341723124;0.9664787650108337;0.04293160419911146
5.13;0.5800259709358215;0.5817422270774841;-0.07780192047357559;0.5431456565856934;0.526558518409729;0.06959053874015808;0.5526490807533264;0.5630554556846619;-0.21246518194675446;0.519316554069519;0.6158996224403381;0.09460938721895218;0.5328943133354187;0.6675357818603516;-0.21669448912143707;0.4712117314338684;0.6567770838737488;0.09605126827955246;0.4703826308250427;0.679428219795227;-0.09604397416114807;0.49230849742889404;0.7838872075080872;0.1912781149148941;0.4859406054019928;0.825003981590271;-0.01953803189098835;0.5912443637847901;0.5710746824741364;-0.06321339774876833;0.5140338093042374;0.702121838927269;0.04815410915762186;0.5459060370922089;0.7793358415365219;-0.15305053442716599;0.5219623247782389;0.9501431783040365;0.30801547567049664;0.5252896149953207;0.966130276521047;0.045373943634331226
5.17;0.5812698006629944;0.5907344222068787;-0.059940896928310394;0.5445325374603271;0.5305479168891907;0.06206278130412102;0.552868664264679;0.5810580849647522;-0.20555125176906586;0.517851710319519;0.6013237237930298;0.10576707869768143;0.5330526232719421;0.6761615872383118;-0.2153337448835373;0.4701230525970459;0.6512739658355713;0.0919463261961937;0.4690597355365753;0.679361879825592;-0.09188943356275558;0.49345940351486206;0.7775625586509705;0.1274835765361786;0.4856833219528198;0.8222209811210632;-0.020335378125309944;0.5923321068286895;0.5800189077854156;-0.046735909208655356;0.5008910521864891;0.6751654297113419;0.09758667089045048;0.5485170185565948;0.798678532242775;-0.16860505193471909;0.5211414694786072;0.9476019938786825;0.20260325570901236;0.5251599748929342;0.9655964573224386;0.040313832772274814
5.2;0.5811209678649902;0.6007772088050842;-0.054917655885219574;0.5447685718536377;0.5370177626609802;0.06224841997027397;0.5526201725006104;0.5937660932540894;-0.20239593088626862;0.5163182020187378;0.5959587097167969;0.12073862552642822;0.5351516008377075;0.6868433356285095;-0.21753615140914917;0.4686932861804962;0.6516848802566528;0.09121923893690109;0.46842145919799805;0.679192841053009;-0.09114585071802139;0.4911750853061676;0.7814282774925232;0.1283845752477646;0.48569923639297485;0.8215974569320679;-0.029008202254772186;0.5919941186904907;0.5881305873394013;-0.04169772490859032;0.49218127876520157;0.6652721613645554;0.133734829723835;0.5482673048973083;0.8256383687257767;-0.17357037216424942;0.5207025011380514;0.9490512609481812;0.21034619212150574;0.5247047940889994;0.9646414120992025;0.034381756462001554
5.23;0.5808554291725159;0.6097999215126038;-0.003242434933781624;0.544670820236206;0.537761926651001;0.07906855642795563;0.5544835925102234;0.6054855585098267;-0.16129070520401;0.5057079195976257;0.5789005756378174;0.13800418376922607;0.5373640060424805;0.6989746689796448;-0.13923680782318115;0.46713003516197205;0.6529199481010437;0.08589987456798553;0.467794805765152;0.6789473295211792;-0.08579052984714508;0.48880067467689514;0.7833879590034485;0.08409274369478226;0.48552343249320984;0.8219074606895447;-0.04052960127592087;0.5916417598724365;0.5988898396492004;0.006765906236250885;0.4845394492149353;0.6489992886781693;0.16066209971904755;0.553294911980629;0.7955932021141052;-0.03454452380537987;0.5207924048105875;0.9529477755228678;0.1230906993150711;0.5240863362948099;0.9649385412534078;0.002351988727847735
5.27;0.5809332132339478;0.6189861297607422;-0.04448845982551575;0.5445897579193115;0.5427750945091248;0.04123569279909134;0.5538420677185059;0.6219100952148438;-0.1891130656003952;0.5035765767097473;0.5773491263389587;0.1305125504732132;0.5418535470962524;0.7182542085647583;-0.18767096102237701;0.46765270829200745;0.6530920267105103;0.08279192447662354;0.46681705117225647;0.678971529006958;-0.08266063034534454;0.49329203367233276;0.7840680480003357;0.09718574583530426;0.484818696975708;0.8219878077507019;-0.046572763472795486;0.5915834069252014;0.6076234400272369;-0.028213663934729995;0.4843335449695587;0.6442098170518875;0.2002764604985714;0.5539687275886536;0.8395733088254929;-0.11765675991773605;0.5212757190068563;0.9531766573588053;0.17350454131762186;0.5235782066980997;0.9655556678771973;0.001858228196700414
5.3;0.5807870626449585;0.6263225674629211;0.018742423504590988;0.5441718697547913;0.5438023805618286;0.09573563933372498;0.5540131330490112;0.6257122159004211;-0.14027267694473267;0.5013536214828491;0.5737553834915161;0.19732902944087982;0.5442582368850708;0.7311227917671204;-0.136995330452919;0.4650764465332031;0.6523683071136475;0.08411954343318939;0.46760961413383484;0.6820500493049622;-0.08399206399917603;0.4938996732234955;0.7860477566719055;0.09417518228292465;0.4849560558795929;0.8220081925392151;-0.0549287423491478;0.591415286064148;0.6163819670677185;0.029105470702052116;0.4783562049269676;0.6403017640113831;0.29907146841287613;0.5569436401128769;0.841969296336174;-0.08033572696149349;0.52110622326533;0.9565456112225851;0.16210370262463888;0.5229680140813192;0.9663536151250204;-0.004716941465934117
5.33;0.5806710124015808;0.6354551911354065;-0.023908594623208046;0.5443530082702637;0.5495839715003967;0.09153735637664795;0.5549245476722717;0.6312905550003052;-0.17117340862751007;0.5013695359230042;0.5773537755012512;0.15982061624526978;0.5465822815895081;0.7415300011634827;-0.17385049164295197;0.46516484022140503;0.6523619890213013;0.08407604694366455;0.4680328369140625;0.6829894781112671;-0.08396095037460327;0.5003485083580017;0.7795925736427307;0.0931486189365387;0.4853564202785492;0.8220261335372925;-0.05846415460109711;0.5913027286529541;0.6248165547847748;-0.013130428653676062;0.47483281046152115;0.6447421908378601;0.248746857047081;0.5550568997859955;0.8686182945966721;-0.14700386300683022;0.5217581192652384;0.9553268154462179;0.1619750758012136;0.5232158303260803;0.9667136271794637;-0.014799376406396428
5.37;0.5799785256385803;0.6442434191703796;-0.07331183552742004;0.5488101243972778;0.5589192509651184;0.0301373153924942;0.5546801686286926;0.6383639574050903;-0.19873403012752533;0.5201379060745239;0.5896182656288147;0.14121569693088531;0.5472027063369751;0.7419533133506775;-0.2154962718486786;0.46739470958709717;0.6518833637237549;0.07922832667827606;0.4683447480201721;0.6829403638839722;-0.07908977568149567;0.5057356953620911;0.7811155319213867;0.06953675299882889;0.4854361116886139;0.8207915425300598;-0.05556802824139595;0.5908597767353058;0.6352622210979462;-0.0659394308924675;0.4883870333433151;0.6488969773054123;0.22723737731575966;0.559849351644516;0.8775212168693542;-0.20325445011258125;0.5217011570930481;0.9538451234499613;0.11789683997631073;0.5233544309933981;0.9661381840705872;-0.014265782432630658
5.4;0.5796723365783691;0.6491367220878601;-0.02414526976644993;0.5503861904144287;0.5648611187934875;0.05892388895153999;0.5551638603210449;0.6390025615692139;-0.16267766058444977;0.5192495584487915;0.5945618152618408;0.14280138909816742;0.5468244552612305;0.7445364594459534;-0.17209669947624207;0.4675663411617279;0.6521487832069397;0.07991808652877808;0.46869298815727234;0.6827897429466248;-0.07979517430067062;0.507259726524353;0.7863264679908752;0.06833844631910324;0.4858313202857971;0.8201125860214233;-0.06856611371040344;0.5907449126243591;0.6398525536060333;-0.015149489385839843;0.48582271486520767;0.6518479287624359;0.20834802836179733;0.5594627857208252;0.861531525850296;-0.1467476673424244;0.5231155554453532;0.9523072044054667;0.10904390613238017;0.5237319866816202;0.9652795592943827;-0.04099605232477188
5.43;0.5784881711006165;0.6521716713905334;-0.07613180577754974;0.5508200526237488;0.5682607293128967;0.030161773785948753;0.5551128387451172;0.6453772187232971;-0.20326656103134155;0.5213862061500549;0.6044100522994995;0.13770495355129242;0.5470176339149475;0.7564653158187866;-0.21249976754188538;0.46902382373809814;0.6522369384765625;0.08097410202026367;0.4660293757915497;0.6825122237205505;-0.08086637407541275;0.5111683011054993;0.7852515578269958;0.08979987353086472;0.4862865209579468;0.820651650428772;-0.06904345750808716;0.589713853597641;0.6428533136844635;-0.06879978775978088;0.48612402379512787;0.6532299369573593;0.22972679510712624;0.5560947954654694;0.8852382451295853;-0.18757829815149307;0.5218789378801981;0.9422921737035116;0.15103721618652344;0.5242770115534464;0.9649986227353414;-0.040513736506303154
5.47;0.5776398181915283;0.6561824679374695;-0.13657152652740479;0.5521880984306335;0.5752478241920471;-0.002583974739536643;0.5546639561653137;0.6457573175430298;-0.24851882457733154;0.5253768563270569;0.6204110383987427;0.10513639450073242;0.5469203591346741;0.7602128386497498;-0.2674501836299896;0.4730423390865326;0.6533668041229248;0.08041515201330185;0.46517157554626465;0.6811201572418213;-0.0802987739443779;0.5112270712852478;0.786515474319458;0.06795574724674225;0.4866294264793396;0.8206762075424194;-0.07909510284662247;0.5891612589359283;0.6468409538269043;-0.12889058664441108;0.48821204900741577;0.6622583568096161;0.2036251612007618;0.556178018450737;0.8891670852899551;-0.24897383153438568;0.5219985644022623;0.943762997786204;0.12982892990112305;0.5248018503189087;0.964459498723348;-0.043940966948866844
5.5;0.5773128867149353;0.6606501936912537;-0.17403697967529297;0.5532543659210205;0.5770772695541382;-0.03001280501484871;0.5545324683189392;0.6522720456123352;-0.27439290285110474;0.5275436043739319;0.6303854584693909;0.08896766602993011;0.5467426180839539;0.7693337798118591;-0.29010453820228577;0.47436627745628357;0.6540585160255432;0.08040082454681396;0.4651135504245758;0.6814804077148438;-0.08030591905117035;0.5126485228538513;0.785426139831543;0.08035779744386673;0.4874171018600464;0.8222392797470093;-0.06607438623905182;0.5890930831432343;0.6508433520793915;-0.16714003682136536;0.49942339211702347;0.6867218613624573;0.1951632834970951;0.5568117946386337;0.9089799374341965;-0.2805557921528816;0.5207240978876749;0.9358145793279012;0.18441146612167358;0.5262982249259949;0.9650274515151978;-0.0078025149802366895
5.53;0.5773189067840576;0.6591980457305908;-0.12285872548818588;0.5546221733093262;0.5774827599525452;-0.003431896213442087;0.5545378923416138;0.6527888178825378;-0.23994557559490204;0.5251861810684204;0.631037175655365;0.08320252597332001;0.546664297580719;0.7664222121238708;-0.25142768025398254;0.47429293394088745;0.6541135311126709;0.07898997515439987;0.4654558300971985;0.6802599430084229;-0.07890535145998001;0.5104354023933411;0.7885080575942993;0.08323278278112411;0.48798203468322754;0.8238945603370667;-0.06212936341762543;0.589072972536087;0.6500389337539673;-0.11516670063138008;0.4953663647174835;0.6865989565849304;0.15012235939502716;0.5565169304609299;0.900491014122963;-0.22579707577824593;0.5202890435854594;0.9379466970761617;0.1633171041806539;0.5262559056282043;0.9658809701601664;-0.010302356909960508
5.57;0.5773152112960815;0.6578589677810669;-0.09603448212146759;0.555255651473999;0.5783426761627197;0.009909408167004585;0.5546904802322388;0.6552886962890625;-0.21562990546226501;0.5240891575813293;0.6239201426506042;0.09580351412296295;0.546391487121582;0.7660316824913025;-0.21047811210155487;0.47410327196121216;0.6512006521224976;0.07813884317874908;0.46570253372192383;0.6776074171066284;-0.07806722074747086;0.503488302230835;0.7872264385223389;0.08444715291261673;0.48802080750465393;0.8238691687583923;-0.0640607625246048;0.5889175295829773;0.6486293733119964;-0.09123843014240265;0.4853382706642151;0.6853222250938416;0.17635266482830048;0.5560587048530579;0.8905741423368454;-0.16168705001473427;0.5189431309700012;0.9388181368509928;0.15615815420945486;0.5262229839960734;0.9654068946838379;-0.027517856564372778
5.6;0.5774208903312683;0.6586151123046875;-0.09313790500164032;0.5561075210571289;0.5797411799430847;0.014612661674618721;0.5547541379928589;0.6538565158843994;-0.21097007393836975;0.5232551693916321;0.6224033236503601;0.09829181432723999;0.5462802052497864;0.7653898596763611;-0.20897641777992249;0.4743066430091858;0.6477852463722229;0.07819497585296631;0.4661998748779297;0.672773540019989;-0.07811781018972397;0.5002308487892151;0.7867501974105835;0.08106575906276703;0.4884893298149109;0.8219044804573059;-0.0660756379365921;0.5889933228492736;0.6490949332714081;-0.08801434263586998;0.48039526492357254;0.6825272142887115;0.16269316151738167;0.5562270879745483;0.8839856833219528;-0.16269562765955925;0.5194447636604309;0.940559963385264;0.1491194392244021;0.525933563709259;0.9649408062299093;-0.03550442370275656
5.63;0.5787164568901062;0.6567893624305725;-0.1299990862607956;0.5565921664237976;0.5788090229034424;-0.011816662736237049;0.5547304153442383;0.6544004678726196;-0.23421350121498108;0.5231204628944397;0.6205618977546692;0.07616635411977768;0.5461692810058594;0.7627913951873779;-0.231277734041214;0.4747345447540283;0.6456692218780518;0.07728594541549683;0.4663253426551819;0.6709402799606323;-0.07721644639968872;0.49882835149765015;0.7863811254501343;0.08225854486227036;0.4888523817062378;0.8208824396133423;-0.06410611420869827;0.5897707402706146;0.6465186417102814;-0.1232633538544178;0.47800590842962265;0.6765676140785217;0.15064995363354683;0.554236501455307;0.8814771771430969;-0.17353299632668495;0.5188811222712199;0.9404564698537191;0.15422384440898895;0.525805652141571;0.9646758437156677;-0.027350665690998237
5.67;0.5790149569511414;0.6556495428085327;-0.19499433040618896;0.556035041809082;0.5765930414199829;-0.0581476166844368;0.5524375438690186;0.6533564925193787;-0.27616965770721436;0.5185958743095398;0.6152241230010986;0.03999626263976097;0.546082079410553;0.760978639125824;-0.28455570340156555;0.47596803307533264;0.6443124413490295;0.07472022622823715;0.46530115604400635;0.6690533757209778;-0.07464947551488876;0.506020188331604;0.7831458449363708;0.07332693040370941;0.48887962102890015;0.8202894330024719;-0.06499447673559189;0.5901309549808502;0.645082664489746;-0.1883377328515053;0.4734673798084259;0.6712813228368759;0.130388081073761;0.5531987994909286;0.8821401745080948;-0.2502456605434418;0.5192524989446005;0.9340289433797201;0.1493148903052012;0.5261552333831787;0.9642079671223959;-0.023753657820634544
5.7;0.5796233415603638;0.6539937257766724;-0.221983402967453;0.5556363463401794;0.5753678679466248;-0.06620120257139206;0.5544686317443848;0.6498193740844727;-0.2982136607170105;0.5168505907058716;0.6103085279464722;0.04394202306866646;0.5460293889045715;0.7593335509300232;-0.3098633289337158;0.47812390327453613;0.644146740436554;0.0753803476691246;0.46523022651672363;0.6665557026863098;-0.07530567795038223;0.5082691311836243;0.7833060026168823;0.06880620121955872;0.48894453048706055;0.820003092288971;-0.0722118467092514;0.5912546217441559;0.6437765598297119;-0.21392596662044525;0.4710390716791153;0.656249612569809;0.14193294569849968;0.5517830103635788;0.8805360496044159;-0.27180131524801254;0.5192917982737223;0.9348481496175131;0.1446895624200503;0.5262368321418762;0.9638629158337911;-0.02290790268064787
5.73;0.5805203318595886;0.6471109390258789;-0.16763705015182495;0.5566754341125488;0.5728729963302612;-0.033137399703264236;0.5541301369667053;0.6494199633598328;-0.2686920464038849;0.5168780088424683;0.605743944644928;0.06456035375595093;0.5460041761398315;0.7545052766799927;-0.2761135399341583;0.47769662737846375;0.6425150632858276;0.07699642330408096;0.4649324119091034;0.6656020879745483;-0.0769408792257309;0.5174117684364319;0.7735656499862671;0.08892083913087845;0.4892388582229614;0.8197600245475769;-0.06344856321811676;0.5917183697223664;0.6367229163646698;-0.1594331108033657;0.4738379344344139;0.6514916568994522;0.13987009227275848;0.547571137547493;0.8681154251098633;-0.23744408786296844;0.5219088792800903;0.9149967432022095;0.1819828748703003;0.5261412262916565;0.96332714955012;-0.0034728155781825385
5.77;0.5822626948356628;0.6373227834701538;-0.1463954895734787;0.5565751194953918;0.5626143217086792;-0.015399245545268059;0.5537895560264587;0.6431149244308472;-0.24802936613559723;0.5166627168655396;0.5872505903244019;0.09576459228992462;0.5456193685531616;0.7430475950241089;-0.2714197337627411;0.47744283080101013;0.6385229229927063;0.0782977044582367;0.46476849913597107;0.6624467372894287;-0.0782669261097908;0.5156859159469604;0.7701085805892944;0.09830554574728012;0.4895690977573395;0.8169639110565186;-0.06382918357849121;0.5935839354991913;0.6262752771377563;-0.13778220862150192;0.4750848561525345;0.6320877522230148;0.1861753761768341;0.5470424890518188;0.85924132168293;-0.2347014583647251;0.5216492811838785;0.9156059821446737;0.1878753254810969;0.526202380657196;0.9625016848246256;-0.013707690251370272
5.8;0.586487352848053;0.6255981922149658;-0.19023148715496063;0.5569725036621094;0.5557788610458374;-0.03474996238946915;0.5530552864074707;0.6309038400650024;-0.27636975049972534;0.5193332433700562;0.5892242789268494;0.06718740612268448;0.5424857139587402;0.7268396019935608;-0.29179951548576355;0.477704793214798;0.6338427066802979;0.0791575163602829;0.4642924964427948;0.6574681997299194;-0.0791061669588089;0.5146230459213257;0.7659876942634583;0.10077285021543503;0.49052518606185913;0.8120643496513367;-0.06505393236875534;0.5975988030433654;0.6135987401008606;-0.1806410387158394;0.48765018582344055;0.6397276520729065;0.11827318370342255;0.5471992343664169;0.8407028466463089;-0.2634340561926365;0.5221266150474548;0.9161380330721537;0.20216429233551025;0.5270912051200867;0.9615321358044943;-0.003734965187807878
5.83;0.5873013734817505;0.6123848557472229;-0.15675555169582367;0.5574677586555481;0.5487157106399536;0.008041919209063053;0.5544026494026184;0.6171501874923706;-0.2512451708316803;0.5194697976112366;0.5860218405723572;0.10118670016527176;0.5412065386772156;0.7063366174697876;-0.254366010427475;0.47753849625587463;0.6334855556488037;0.08236516267061234;0.464490681886673;0.6558588147163391;-0.08225802332162857;0.5028784275054932;0.7764867544174194;0.08056218922138214;0.4919610321521759;0.8128216862678528;-0.07072784751653671;0.5982886552810669;0.5992368280887603;-0.1427011273801327;0.49430179595947266;0.6413571536540985;0.1356252320110798;0.5504187792539597;0.8177606165409088;-0.18887616321444511;0.5218875408172607;0.9377548893292745;0.13365896542867026;0.5271349549293518;0.9632046421368917;-0.04028618584076563
5.87;0.5897515416145325;0.5999172925949097;-0.17420928180217743;0.5588052272796631;0.5421009063720703;0.0011135649401694536;0.5561004281044006;0.5856549739837646;-0.2514476180076599;0.5231490731239319;0.5883914828300476;0.0893665999174118;0.536287784576416;0.6734439730644226;-0.23516452312469482;0.47943976521492004;0.6309196949005127;0.08220355212688446;0.4653363525867462;0.6489458084106445;-0.0821361094713211;0.4975021779537201;0.777597188949585;0.0680256262421608;0.4918498992919922;0.8090131282806396;-0.09021779149770737;0.6000744640827179;0.5858569264411926;-0.16228968948125838;0.5041083544492722;0.6428116858005524;0.0745143499225378;0.5506959110498428;0.7459564357995987;-0.13224305026233196;0.5218273798624674;0.943786640961965;0.10781209667523702;0.5257424116134644;0.9628352125485738;-0.08371045192082723
5.9;0.5891860127449036;0.586949348449707;-0.051070600748062134;0.5585814714431763;0.5346234440803528;0.08084175735712051;0.558351993560791;0.5744645595550537;-0.18026454746723175;0.5226453542709351;0.5860217809677124;0.1336580365896225;0.537386417388916;0.6732982993125916;-0.1893886923789978;0.47809046506881714;0.6316156983375549;0.08724576234817505;0.4690762758255005;0.6507555246353149;-0.08709903061389923;0.496550589799881;0.7769883871078491;0.09793367236852646;0.4923003613948822;0.8073384165763855;-0.08199874311685562;0.5996129393577576;0.5740841329097748;-0.03835661006160081;0.5031405091285706;0.6441294550895691;0.11210120841860771;0.553638219833374;0.7811666578054428;-0.119969941675663;0.5212207635243734;0.9436743855476379;0.13305801153182983;0.5252718726793925;0.963744322458903;-0.06390047818422318
5.93;0.5903646945953369;0.5726014375686646;-0.07501325011253357;0.5584119558334351;0.5300112962722778;0.08515284210443497;0.558251142501831;0.5646241307258606;-0.19072027504444122;0.5225392580032349;0.5866791605949402;0.13556097447872162;0.5380088686943054;0.6655385494232178;-0.20164024829864502;0.4776531755924225;0.6300327777862549;0.09133628755807877;0.4701624810695648;0.6508371233940125;-0.09116759151220322;0.49645447731018066;0.7770769596099854;0.10774514079093933;0.49290773272514343;0.8056632876396179;-0.07863380014896393;0.6004060983657837;0.557002991437912;-0.06100215699989349;0.5135246515274048;0.6598022431135178;0.10052701830863953;0.5531239360570908;0.7885447293519974;-0.13175489380955696;0.5199715693791708;0.943640132745107;0.1410984843969345;0.5247109333674113;0.9638659954071045;-0.05842305968205134
5.97;0.590649425983429;0.5580781102180481;-0.06298816204071045;0.5582597255706787;0.523972749710083;0.10733504593372345;0.5579676628112793;0.5481398701667786;-0.19264037907123566;0.524969220161438;0.5989415645599365;0.1556563824415207;0.5384039878845215;0.6552349328994751;-0.21330931782722473;0.47754666209220886;0.6294399499893188;0.09721396118402481;0.4715321958065033;0.6513944268226624;-0.09710072726011276;0.4954156279563904;0.7795340418815613;0.11853281408548355;0.49313080310821533;0.8046396970748901;-0.07962874323129654;0.6008110404014587;0.5399362444877625;-0.04611552469432354;0.5266844481229782;0.6838571578264236;0.11106732860207558;0.5525673776865005;0.7847118079662323;-0.15367400646209717;0.5207674304644266;0.9457553823788961;0.15720981359481812;0.5255343119303385;0.9643887082735697;-0.05771935606996218
6.0;0.5912860631942749;0.5424829721450806;-0.053319383412599564;0.5580044388771057;0.5138124227523804;0.11614253371953964;0.5578595399856567;0.5324296355247498;-0.1902315765619278;0.5240321755409241;0.5988997220993042;0.15038596093654633;0.5386062860488892;0.6450842022895813;-0.21884165704250336;0.4774860441684723;0.629526674747467;0.09851179271936417;0.47360506653785706;0.6515942811965942;-0.09842032939195633;0.4954777956008911;0.7785703539848328;0.12946359813213348;0.49356532096862793;0.801913321018219;-0.07807809114456177;0.6010970354080201;0.5234272062778473;-0.03550935564562678;0.5148187279701233;0.6873941421508789;0.09619875624775887;0.5519042611122131;0.7808167189359665;-0.16236373409628868;0.521242101987203;0.9468867778778076;0.18214209377765656;0.5251585443814596;0.9647342562675476;-0.05378933375080427
6.03;0.590936541557312;0.5272612571716309;-0.07680590450763702;0.5571956038475037;0.5061632394790649;0.10128828138113022;0.5577270984649658;0.5234581232070923;-0.20321357250213623;0.5292029976844788;0.6003369688987732;0.13788552582263947;0.538818895816803;0.6380516290664673;-0.23608268797397614;0.47891339659690857;0.6301428079605103;0.10099425166845322;0.4759232997894287;0.6495577692985535;-0.10091005265712738;0.4963129162788391;0.77546626329422;0.15454904735088348;0.49435126781463623;0.7976609468460083;-0.0771258994936943;0.600601464509964;0.5089411258697509;-0.05946760587394238;0.5352202653884888;0.7138404846191406;0.0720888702198863;0.5520106703042984;0.7691614329814911;-0.18137114867568016;0.5214014649391174;0.9470652341842651;0.2307073324918747;0.5249133308728536;0.9649691979090372;-0.051321422681212425
6.07;0.591011643409729;0.5102854371070862;-0.08629339188337326;0.5556779503822327;0.49475300312042236;0.09001287072896957;0.5576760768890381;0.5150797963142395;-0.2035987824201584;0.5283445715904236;0.5952505469322205;0.13050740957260132;0.5388688445091248;0.6303046941757202;-0.24428722262382507;0.4794347584247589;0.6316086053848267;0.10115700215101242;0.47716161608695984;0.6499469876289368;-0.10113626718521118;0.4968760907649994;0.7768020629882812;0.18295195698738098;0.49596214294433594;0.7991155982017517;-0.053324561566114426;0.6001268148422241;0.49082715809345245;-0.06980814151465893;0.5365912020206451;0.7079895436763763;0.06327526737004519;0.5522361099720001;0.7593200504779816;-0.18477407097816467;0.5213611125946045;0.9464484453201294;0.2896183828512828;0.5240798592567444;0.9653008977572123;-0.011340545179943243
6.1;0.5907297730445862;0.4965362250804901;-0.07558022439479828;0.5526829361915588;0.48057693243026733;0.09743721783161163;0.5576164126396179;0.5081014037132263;-0.2039037048816681;0.5287200212478638;0.5833849310874939;0.12896768748760223;0.5397765040397644;0.6225107908248901;-0.23218314349651337;0.4795452654361725;0.6341584920883179;0.10191107541322708;0.4795933961868286;0.65400230884552;-0.1019098088145256;0.49708813428878784;0.7784995436668396;0.20995023846626282;0.4974464476108551;0.8035831451416016;-0.0347784124314785;0.5993277549743652;0.47778886556625366;-0.05841690502129495;0.5389790236949921;0.7039598226547241;0.068764703348279;0.5503223091363907;0.7442763596773148;-0.15197784826159477;0.5244333346684774;0.9403342604637146;0.3414234121640523;0.5240535140037537;0.9670795996983846;0.021901708096265793
6.13;0.5905706286430359;0.4828265905380249;-0.07440721988677979;0.5474478602409363;0.4703540503978729;0.09150431305170059;0.5578071475028992;0.5034831762313843;-0.20585651695728302;0.5256919860839844;0.5799388885498047;0.1213134154677391;0.5407049059867859;0.6159998178482056;-0.22523438930511475;0.47966906428337097;0.640105128288269;0.1009843498468399;0.4833489656448364;0.6642810702323914;-0.10100317001342773;0.4979633092880249;0.7890714406967163;0.21530315279960632;0.4989895224571228;0.8155256509780884;0.003069138154387474;0.5986108779907227;0.4622546523809433;-0.05732980608008802;0.5322566479444504;0.6975698173046112;0.05387846939265728;0.5501911640167236;0.7365137785673141;-0.1306173987686634;0.5250401496887207;0.9409858385721842;0.353846808274587;0.524515966574351;0.9673744440078735;0.10192609578371048
6.17;0.5897119045257568;0.46531155705451965;-0.06954783946275711;0.543059229850769;0.4600771367549896;0.09287253767251968;0.558070719242096;0.4870229959487915;-0.20414519309997559;0.5208339095115662;0.5705531239509583;0.12034083157777786;0.5420203804969788;0.5998205542564392;-0.22269205749034882;0.4807380437850952;0.641319990158081;0.10095538944005966;0.4867000877857208;0.664483904838562;-0.1010216772556305;0.501452624797821;0.788791298866272;0.21699106693267822;0.5012123584747314;0.8164021968841553;0.015691081061959267;0.5960196018218994;0.44389216005802157;-0.05256952894851565;0.5293278992176056;0.684981569647789;0.05036932323127985;0.5502556562423706;0.7255745679140091;-0.1310270968824625;0.5258732835451762;0.9447693030039469;0.35700738430023193;0.5244366725285848;0.9677725632985433;0.1299541319410006
6.2;0.5875684022903442;0.4527477025985718;-0.06944228708744049;0.5387750864028931;0.4524363577365875;0.08628571778535843;0.5580872297286987;0.47936493158340454;-0.20278751850128174;0.5166369080543518;0.5660816431045532;0.1063176840543747;0.5426782369613647;0.5932709574699402;-0.22035565972328186;0.4832930266857147;0.6430097222328186;0.10021613538265228;0.4934625029563904;0.6660318374633789;-0.10020288079977036;0.5035070776939392;0.7885411381721497;0.22099201381206512;0.5033187866210938;0.8188804388046265;0.03322158381342888;0.5927586436271668;0.43066084682941436;-0.05266183321364224;0.5274866670370102;0.6746640652418137;0.03440535068511963;0.550439178943634;0.717057079076767;-0.1286658551543951;0.525718887646993;0.9428674578666687;0.37066728870073956;0.5241296291351318;0.966711163520813;0.16472603380680084
6.23;0.5855250954627991;0.4388144910335541;-0.073026143014431;0.537803590297699;0.4496011435985565;0.08555351942777634;0.5568931698799133;0.46868112683296204;-0.2041182965040207;0.516184389591217;0.5620694756507874;0.1046060100197792;0.5434264540672302;0.5830885171890259;-0.2281186580657959;0.4885377287864685;0.6461160182952881;0.09663331508636475;0.49897265434265137;0.6671456694602966;-0.09679169207811356;0.5055534243583679;0.792148232460022;0.2087511569261551;0.5046933889389038;0.8188661336898804;0.029873035848140717;0.5897568166255951;0.4159336358308792;-0.05808931669453159;0.5271190702915192;0.6753918826580048;0.038211452309042215;0.5517515987157822;0.7106921225786209;-0.1661592721939087;0.5256031155586243;0.9436967571576437;0.3552378515402476;0.5240382353464762;0.9663515289624532;0.15634027371803919
6.27;0.5821439027786255;0.42906513810157776;-0.08615730702877045;0.5356829762458801;0.4441065192222595;0.06755151599645615;0.5548256635665894;0.45841753482818604;-0.20380103588104248;0.5221737623214722;0.5645347833633423;0.09042201936244965;0.54350745677948;0.5751529335975647;-0.23094913363456726;0.4936138689517975;0.646460235118866;0.0909479409456253;0.5050171613693237;0.6667236685752869;-0.09116765856742859;0.5082963109016418;0.7918232679367065;0.20203649997711182;0.5074403285980225;0.8184505701065063;0.02815260738134384;0.5853716015815735;0.40489027500152586;-0.07198995733633637;0.531891480088234;0.6782880425453186;0.03178227273747325;0.5547522008419037;0.704698771238327;-0.18179645016789436;0.5254395604133606;0.9428485631942749;0.34195921818415326;0.5236652294794718;0.9671046733856201;0.1457933411002159
6.3;0.5773687958717346;0.4194159209728241;-0.09030665457248688;0.5319167375564575;0.43671977519989014;0.06825760006904602;0.5505896806716919;0.44887611269950867;-0.2033168375492096;0.5246089696884155;0.5561510324478149;0.09124274551868439;0.5434725284576416;0.5665315985679626;-0.23430147767066956;0.4983825981616974;0.6468808650970459;0.09081751108169556;0.5090194940567017;0.6653245687484741;-0.09101837873458862;0.5104493498802185;0.7915184497833252;0.19544419646263123;0.510322093963623;0.8164972066879272;0.013604684732854366;0.5806611120700836;0.3960277736186981;-0.07590473853051663;0.5309088677167892;0.6688791215419769;0.0302692255936563;0.5583872497081757;0.6964679062366486;-0.19466369226574898;0.5250225067138672;0.9408884644508362;0.32487329840660095;0.5234642028808594;0.9678214192390442;0.1160117934147517
6.33;0.5742067098617554;0.4073721766471863;-0.09684336930513382;0.5295872688293457;0.4285358786582947;0.06895560771226883;0.5466012954711914;0.4388294816017151;-0.20677733421325684;0.52442467212677;0.5445734262466431;0.09043481945991516;0.5421884059906006;0.5564855337142944;-0.24071860313415527;0.5028975605964661;0.6461582183837891;0.09120719134807587;0.5132007598876953;0.6589298844337463;-0.0914434865117073;0.5128077268600464;0.793434739112854;0.19298399984836578;0.5131439566612244;0.8111975193023682;-0.005033709574490786;0.5765275537967682;0.38405053317546844;-0.08267119880765676;0.5296518057584763;0.6539217382669449;0.026497852988541126;0.5600469559431076;0.6829372495412827;-0.20954541862010956;0.5238926410675049;0.9407234390576681;0.3174767891565959;0.5229323108990988;0.9675218065579733;0.07952186713616054
6.37;0.5711720585823059;0.3986830711364746;-0.1107269749045372;0.5273476839065552;0.42456233501434326;0.06858059763908386;0.5419241786003113;0.43481624126434326;-0.22994430363178253;0.5166770815849304;0.5441042184829712;0.09046609699726105;0.5385873913764954;0.555232584476471;-0.2609097361564636;0.5064436197280884;0.6459426283836365;0.09777673333883286;0.5155106782913208;0.6573759913444519;-0.09801727533340454;0.5152204036712646;0.7967644333839417;0.2006329447031021;0.5147677659988403;0.8110958337783813;-0.014232885092496872;0.572500479221344;0.37492525279521943;-0.09657618124037981;0.5126733481884003;0.6528233885765076;0.022773962700739503;0.5621063262224197;0.6782734245061874;-0.23893184214830399;0.5229865709940592;0.9413879116376241;0.3313264151414235;0.5227267344792684;0.9677992065747579;0.073550450305144
6.4;0.5672261118888855;0.39240163564682007;-0.10429571568965912;0.5254446864128113;0.4215874969959259;0.07184647023677826;0.5385851860046387;0.43013444542884827;-0.22366705536842346;0.5173783898353577;0.5398304462432861;0.09243900328874588;0.5361593961715698;0.5511483550071716;-0.2533106505870819;0.5101200342178345;0.6458883881568909;0.09830768406391144;0.5185250043869019;0.6561161279678345;-0.09851209074258804;0.5184156894683838;0.7974243760108948;0.19861453771591187;0.5157227516174316;0.8111477494239807;-0.013111031614243984;0.5678006708621979;0.3681850165128708;-0.089767793007195;0.514307290315628;0.6461346000432968;0.029513295274227858;0.5647835433483124;0.6722618341445923;-0.22919724509119987;0.5219744841257731;0.9409975012143453;0.32230932513872784;0.5208862026532491;0.9679007728894552;0.07945581525564194
6.43;0.5640609860420227;0.3894835412502289;-0.11377030611038208;0.5246018767356873;0.4209149181842804;0.06526711583137512;0.5359714031219482;0.4284313917160034;-0.23042795062065125;0.5177899599075317;0.5410444736480713;0.08623138815164566;0.5343777537345886;0.5511282086372375;-0.26093432307243347;0.5131955146789551;0.6461544036865234;0.09798312932252884;0.5202951431274414;0.6548607349395752;-0.09816968441009521;0.5208693146705627;0.7968664169311523;0.19803650677204132;0.5189745426177979;0.8104303479194641;-0.00653032585978508;0.5649739384651185;0.364530023932457;-0.10009747780859471;0.5157056897878647;0.6502840965986252;0.026794592617079616;0.5665105879306793;0.670807808637619;-0.2398238629102707;0.5208558241526285;0.9376786947250366;0.32717952132225037;0.5210507114728292;0.9668845733006796;0.10078844676415126
6.47;0.5608496069908142;0.38605549931526184;-0.1167915016412735;0.5243864059448242;0.4199139475822449;0.06207917630672455;0.5342342853546143;0.42576825618743896;-0.22977349162101746;0.5186072587966919;0.5383673906326294;0.08558513224124908;0.5335932970046997;0.5495077967643738;-0.2607337534427643;0.5160965323448181;0.6461048126220703;0.09705234318971634;0.5240765810012817;0.6537591814994812;-0.09725024551153183;0.5227127075195312;0.7963911890983582;0.19684545695781708;0.5209753513336182;0.8100301623344421;-0.0034276803489774466;0.5618209421634675;0.36110207438468933;-0.10371831618249416;0.5233167409896851;0.6504175662994385;0.0290982099249959;0.56746406853199;0.6676982492208481;-0.24560077860951424;0.520779550075531;0.9369035959243774;0.3252336283524831;0.5205307602882385;0.9667610923449198;0.10357680420080821
6.5;0.5597038865089417;0.38128820061683655;-0.1161806508898735;0.5235730409622192;0.41977065801620483;0.06355070322751999;0.5323208570480347;0.4250451922416687;-0.23095881938934326;0.5194493532180786;0.5385332703590393;0.08689845353364944;0.5328221917152405;0.5499088764190674;-0.26474714279174805;0.5187281966209412;0.6452662348747253;0.0969296246767044;0.5257785320281982;0.6505478620529175;-0.09711699187755585;0.522820234298706;0.7947713136672974;0.19164544343948364;0.5220938920974731;0.8086022138595581;-0.012983064167201519;0.56000736951828;0.35566672682762146;-0.10265466570854187;0.5239590406417847;0.652411475777626;0.031212322413921356;0.568434864282608;0.6659091860055923;-0.2570670619606972;0.5196683605511984;0.9346462686856588;0.3159005840619405;0.5205650528271993;0.9667254487673441;0.07826976478099823
6.53;0.5586307644844055;0.3777400255203247;-0.11575514078140259;0.5232366919517517;0.41952916979789734;0.06244158744812012;0.5307103991508484;0.42537444829940796;-0.2290171980857849;0.5224066376686096;0.5376175045967102;0.08092052489519119;0.5328137278556824;0.550268292427063;-0.2614116072654724;0.5213840007781982;0.6454133987426758;0.09569762647151947;0.5273265242576599;0.6508544683456421;-0.09584882110357285;0.5227832794189453;0.7938348054885864;0.19288305938243866;0.5219538807868958;0.8086583018302917;-0.012325226329267025;0.5579614281654358;0.35305720269680024;-0.10239639841020107;0.5363806337118149;0.6515262573957443;0.02207562024705112;0.5683391392230988;0.6648537814617157;-0.25046633183956146;0.5195073485374451;0.9327609539031982;0.321582833925883;0.5201107064882914;0.9667567213376363;0.0797925020257632
6.57;0.5566673874855042;0.3768385350704193;-0.12023361772298813;0.5229517221450806;0.4193175137042999;0.05747171491384506;0.5293567180633545;0.42413461208343506;-0.22975671291351318;0.5252152681350708;0.5371795296669006;0.07681746780872345;0.532809853553772;0.5502389073371887;-0.2612972557544708;0.5239369869232178;0.6453896164894104;0.09418081492185593;0.5298289060592651;0.6495038270950317;-0.09431298077106476;0.5245903134346008;0.793129563331604;0.18934312462806702;0.5211619734764099;0.8071451783180237;-0.012221860699355602;0.5558034181594849;0.3521829456090927;-0.10752164460718631;0.5410545021295547;0.6469173580408096;0.01888493786100298;0.5675709992647171;0.6642508506774902;-0.2513141520321369;0.5199972987174988;0.932624359925588;0.31355318427085876;0.5200186371803284;0.9665571649869283;0.08181396499276161
6.6;0.5549013614654541;0.3751315772533417;-0.11748852580785751;0.522515058517456;0.4190225899219513;0.05923951789736748;0.5286641120910645;0.42379915714263916;-0.22851504385471344;0.5253311991691589;0.5375550985336304;0.07818074524402618;0.5324236154556274;0.550549328327179;-0.26000532507896423;0.5253527164459229;0.6459778547286987;0.09376607835292816;0.5300245881080627;0.6497026681900024;-0.0938856452703476;0.5256390571594238;0.7934926152229309;0.18770292401313782;0.5212661623954773;0.8072006106376648;-0.011562728323042393;0.5532906889915467;0.3506629645824432;-0.10438356548547745;0.5412635207176208;0.6480501741170883;0.020683432463556528;0.5674407333135605;0.6661110371351242;-0.24700064584612846;0.5209264159202576;0.932822604974111;0.3111807505289714;0.5200335184733073;0.9664731621742249;0.0845891001323859
6.63;0.5532311201095581;0.3724680542945862;-0.11858219653367996;0.5224011540412903;0.41873234510421753;0.0601031593978405;0.5271120071411133;0.42295554280281067;-0.23008206486701965;0.5262088179588318;0.5377025604248047;0.07973633706569672;0.5318930149078369;0.5505312085151672;-0.26374292373657227;0.5275372266769409;0.6459814310073853;0.09388285130262375;0.5310489535331726;0.6492034792900085;-0.0939965769648552;0.5271949768066406;0.7936919927597046;0.1875370442867279;0.5210850834846497;0.8073039650917053;-0.015593177638947964;0.5510159432888031;0.3483512341976166;-0.10531827881932258;0.5442228019237518;0.6491936147212982;0.02217734116129577;0.5670941919088364;0.6677691638469696;-0.2548459656536579;0.5213175217310587;0.9331021706263224;0.3115815917650859;0.5200096766153971;0.967380940914154;0.07190047825376193
6.67;0.5522257685661316;0.3713296055793762;-0.11732257157564163;0.5221661329269409;0.4188748598098755;0.06062542647123337;0.5259315371513367;0.42250970005989075;-0.22927874326705933;0.5265389084815979;0.5378282070159912;0.07904993742704391;0.5313020944595337;0.5498138666152954;-0.26218312978744507;0.528343677520752;0.6457509398460388;0.09389650821685791;0.5321177840232849;0.6479465961456299;-0.09400912374258041;0.5283170342445374;0.7940222024917603;0.1843056082725525;0.5216003656387329;0.8073804974555969;-0.017976343631744385;0.5494861602783203;0.3466614753007889;-0.10398807972669602;0.5446127653121948;0.6498724669218063;0.022575021721422672;0.5659631341695786;0.668325811624527;-0.2507474683225155;0.521477739016215;0.9349648555119833;0.305986225605011;0.5200771689414978;0.9678202072779337;0.06693557960291703
6.7;0.5509729981422424;0.3713155686855316;-0.12207531183958054;0.5223689675331116;0.419644832611084;0.05604006350040436;0.5252532362937927;0.4230591952800751;-0.23142747581005096;0.5274142026901245;0.5382473468780518;0.07636962085962296;0.5306662917137146;0.5509873032569885;-0.26537320017814636;0.5295911431312561;0.6461802124977112;0.09363515675067902;0.5330662727355957;0.6481844186782837;-0.0937439352273941;0.5290631055831909;0.7941276431083679;0.18563498556613922;0.5217072367668152;0.8087860941886902;-0.014103597961366177;0.5477896749973297;0.3466314971446991;-0.10933661609888076;0.5467358529567719;0.6506189852952957;0.021550222299993038;0.5654805600643158;0.6696646958589554;-0.2565685398876667;0.5216441949208578;0.9351489543914795;0.31336914499600727;0.5200709899266561;0.9681300719579061;0.08308233320713043
6.73;0.5507038235664368;0.36983123421669006;-0.13036377727985382;0.5226629972457886;0.4203014373779297;0.05185769125819206;0.5246121287345886;0.42417487502098083;-0.23868077993392944;0.5284667015075684;0.5384505391120911;0.07429251819849014;0.5307069420814514;0.5516235828399658;-0.27262958884239197;0.5315808057785034;0.6483179330825806;0.09393344819545746;0.5328895449638367;0.6488233804702759;-0.09404308348894119;0.5293554067611694;0.7951989769935608;0.19805705547332764;0.5217887163162231;0.8113346695899963;-0.004132573492825031;0.5468679666519165;0.3450870931148529;-0.11754227802157402;0.549432098865509;0.6537870019674301;0.018424485926516354;0.5651123821735382;0.6706486493349075;-0.26274510473012924;0.5220829049746195;0.9357672135035197;0.3368139366308848;0.5203101634979248;0.9687110980351766;0.10535117983818054
6.77;0.5505924820899963;0.36844557523727417;-0.12829086184501648;0.5227150321006775;0.4206351637840271;0.052581433206796646;0.5241363048553467;0.4237079918384552;-0.23690950870513916;0.5293250679969788;0.5386329293251038;0.07513461261987686;0.5305149555206299;0.5516045093536377;-0.2702668309211731;0.5325601100921631;0.6493781208992004;0.09393873065710068;0.5330950617790222;0.6489814519882202;-0.09404805302619934;0.5290587544441223;0.7960227727890015;0.19713278114795685;0.5215697884559631;0.8122252821922302;-0.00147437141276896;0.5464447498321533;0.34369843304157255;-0.11560202017426491;0.5503790527582169;0.6545903086662292;0.018964949646033347;0.5632818341255188;0.67120461165905;-0.2585393115878105;0.522803803284963;0.9359939098358154;0.3316156367460887;0.5206320881843567;0.9688611626625061;0.1096986656387647
6.8;0.5505674481391907;0.36762428283691406;-0.12736240029335022;0.522851288318634;0.42074593901634216;0.05300512909889221;0.5241584777832031;0.4236850440502167;-0.23575688898563385;0.5297257304191589;0.5389082431793213;0.0732608512043953;0.5306358933448792;0.5519103407859802;-0.2697027325630188;0.5319821238517761;0.6503022909164429;0.09396417438983917;0.5326444506645203;0.6496544480323792;-0.09407497942447662;0.52867192029953;0.7983921766281128;0.20172420144081116;0.5214298963546753;0.8143746852874756;0.0016594065818935633;0.5463257431983948;0.34295382499694826;-0.11462440714240074;0.5485813468694687;0.6554709225893021;0.01454298515454866;0.5622723698616028;0.6714912354946136;-0.25201675295829773;0.5229580203692118;0.9387340744336446;0.33917861183484393;0.5206177234649658;0.9694448908170065;0.11399408926566441
6.83;0.5505098700523376;0.36671918630599976;-0.12782175838947296;0.5228921175003052;0.42081981897354126;0.05227048322558403;0.524238109588623;0.42352816462516785;-0.23548907041549683;0.529918909072876;0.5391028523445129;0.07128476351499557;0.530722975730896;0.5520048141479492;-0.2686059772968292;0.5323790311813354;0.650993287563324;0.09396583586931229;0.5323322415351868;0.6500526666641235;-0.09407729655504227;0.5284420847892761;0.7989340424537659;0.2030273675918579;0.5213254690170288;0.8153491616249084;0.005904342047870159;0.5460087954998016;0.34241765141487124;-0.11514904499053955;0.5480102002620697;0.6561611294746399;0.010997980367392302;0.561753511428833;0.6717119067907333;-0.2483195774257183;0.5231169660886129;0.9388964374860128;0.3399121363957723;0.5206514994303385;0.9694620172182719;0.12297987192869186
6.87;0.5500186085700989;0.36659443378448486;-0.126906618475914;0.5230652689933777;0.42065009474754333;0.05276995152235031;0.5243321061134338;0.42329397797584534;-0.2349913865327835;0.529779851436615;0.5392558574676514;0.071515291929245;0.5307996273040771;0.5519729256629944;-0.2680762708187103;0.5325360894203186;0.6511405110359192;0.09395208954811096;0.5323728322982788;0.6502555012702942;-0.09406441450119019;0.5283713936805725;0.7990463972091675;0.20129837095737457;0.5212624073028564;0.8154941201210022;0.0043966518715023994;0.5454378366470337;0.3423323750495911;-0.11414548940956593;0.5473416894674301;0.6567931175231934;0.01149720000103116;0.5614011436700821;0.6719233840703964;-0.24789872393012047;0.5231355428695679;0.9389263192812601;0.33601436018943787;0.5206473469734192;0.96942138671875;0.11813375105460484
6.9;0.5495339632034302;0.365925133228302;-0.1261691004037857;0.5231795907020569;0.420623779296875;0.052985530346632004;0.5243895649909973;0.42321714758872986;-0.23463937640190125;0.5297120809555054;0.5393626093864441;0.07122308015823364;0.530837893486023;0.5520931482315063;-0.2658849358558655;0.5328339338302612;0.651704728603363;0.09387804567813873;0.5325349569320679;0.6510248184204102;-0.09399155527353287;0.5284067392349243;0.7989844679832458;0.20076680183410645;0.5212462544441223;0.8155661225318909;0.00428071990609169;0.5448979914188385;0.34179000556468964;-0.11342091560363769;0.5469672530889511;0.6572345197200775;0.009916483715642244;0.5613606572151184;0.6720898151397705;-0.24413981661200523;0.5231066942214966;0.9387797315915426;0.3357377847035726;0.5206336975097656;0.9691339731216431;0.11849115788936615
6.93;0.5490994453430176;0.3659747540950775;-0.12438629567623138;0.5232658982276917;0.420149028301239;0.05463866889476776;0.5244467258453369;0.42285236716270447;-0.23273985087871552;0.529659628868103;0.5393899083137512;0.07142939418554306;0.530787467956543;0.552047848701477;-0.26389405131340027;0.5324187874794006;0.6516554951667786;0.09383796900510788;0.5328957438468933;0.6510583758354187;-0.09395043551921844;0.528296172618866;0.7989615201950073;0.1978446990251541;0.5212501287460327;0.8155584335327148;0.0038035332690924406;0.544551020860672;0.34178543388843535;-0.11168690398335457;0.5463514477014542;0.65739805996418;0.011481398483738303;0.5613614171743393;0.6723191738128662;-0.244037963449955;0.5230934222539266;0.9387604395548502;0.3296429415543874;0.5206717252731323;0.9690965414047241;0.11771731078624725
6.97;0.5488579869270325;0.36617907881736755;-0.12240535020828247;0.5233229398727417;0.4198571443557739;0.0554831400513649;0.5244383811950684;0.42271295189857483;-0.22941070795059204;0.5295335054397583;0.5394704341888428;0.07204101979732513;0.5306050181388855;0.5521246790885925;-0.26032555103302;0.5319938659667969;0.6510831713676453;0.09337703883647919;0.5329819917678833;0.650894284248352;-0.09348378330469131;0.528189480304718;0.798168420791626;0.19005128741264343;0.5213504433631897;0.8147433996200562;-0.00037782880826853216;0.5444176435470581;0.3419535905122757;-0.10975222811102867;0.5458619743585587;0.6569197475910187;0.012360384804196656;0.561389833688736;0.6724928468465805;-0.24234138801693916;0.5230996012687683;0.9387726386388143;0.31472790241241455;0.5208329955736796;0.9686976671218872;0.10555057972669601
7.0;0.5486563444137573;0.366026908159256;-0.1187039390206337;0.5233398675918579;0.41946476697921753;0.05784955993294716;0.5245411992073059;0.4223777651786804;-0.22610801458358765;0.5294105410575867;0.5395333170890808;0.07249148190021515;0.5306212306022644;0.5521018505096436;-0.2570702135562897;0.5317404270172119;0.650817334651947;0.09296949207782745;0.5330131649971008;0.6508369445800781;-0.09307108074426651;0.528175950050354;0.7972137928009033;0.1879037320613861;0.5213320255279541;0.8145120739936829;-0.002176436595618725;0.5441900253295898;0.3417646259069443;-0.10609543062746525;0.5450848639011383;0.6559964865446091;0.013449973776005208;0.5614052563905716;0.6723642200231552;-0.24017690494656563;0.523011048634847;0.9386682709058126;0.3113613923390706;0.5208540956179301;0.9682695070902506;0.10078692684570949
7.03;0.5486285090446472;0.36526936292648315;-0.11084061861038208;0.52329421043396;0.41843217611312866;0.06236650422215462;0.524590790271759;0.42059487104415894;-0.21965822577476501;0.5272036790847778;0.5388389229774475;0.07605499774217606;0.5306203961372375;0.5505890250205994;-0.2502892017364502;0.5315335392951965;0.6483501195907593;0.0922100841999054;0.5331248044967651;0.6489599943161011;-0.09229780733585358;0.5281066298484802;0.7957793474197388;0.18061569333076477;0.5213177800178528;0.813014566898346;-0.007358022499829531;0.5441333770751953;0.34090432822704314;-0.0984612364321947;0.5422797948122025;0.6535658687353134;0.021812003571540117;0.561489999294281;0.6713342070579529;-0.23523623496294022;0.5229812463124593;0.938540498415629;0.2947450081507365;0.5215000510215759;0.9680311878522238;0.0881065900127093
7.07;0.5486778020858765;0.36483851075172424;-0.1095070019364357;0.5232149362564087;0.417751282453537;0.06416565179824829;0.5246473550796509;0.4196697175502777;-0.2192644625902176;0.5261130928993225;0.538424551486969;0.07775562256574631;0.5306910276412964;0.549991250038147;-0.24941962957382202;0.5313781499862671;0.6476871967315674;0.09198743849992752;0.5331249833106995;0.6485521793365479;-0.09207213670015335;0.5280372500419617;0.7950847148895264;0.1811966449022293;0.5211583375930786;0.8126528859138489;-0.007818076759576797;0.5441902041435241;0.3404847592115402;-0.09705706238746643;0.539735734462738;0.6526330560445786;0.02423997991718352;0.5615641623735428;0.6705222725868225;-0.23341067880392075;0.5230421225229899;0.9384959737459818;0.29760172963142395;0.5216509302457174;0.9679961204528809;0.0892303300400575
7.1;0.548748254776001;0.3645420968532562;-0.1081927940249443;0.5228717923164368;0.4170520007610321;0.06615304201841354;0.5246735215187073;0.4183752238750458;-0.21875591576099396;0.5253113508224487;0.5379876494407654;0.08120232075452805;0.530738115310669;0.5488367080688477;-0.24922284483909607;0.5313574075698853;0.6470776796340942;0.09192927926778793;0.5331703424453735;0.6479026675224304;-0.09201354533433914;0.5279958248138428;0.7945812344551086;0.1795942187309265;0.5207764506340027;0.8122069835662842;-0.009756856597959995;0.5443206429481506;0.3402699887752533;-0.0957511404529214;0.5386211723089218;0.6513346582651138;0.030049558263272047;0.5616204738616943;0.6703369915485382;-0.23447111994028091;0.5231106082598368;0.9385194977124532;0.2934610942999522;0.5216824809710184;0.9679726362228394;0.0861132840315501
7.13;0.5487958788871765;0.36416518688201904;-0.10721881687641144;0.5223358273506165;0.41637179255485535;0.06743282079696655;0.524707019329071;0.41735604405403137;-0.21827757358551025;0.5245133638381958;0.5376898050308228;0.08345460146665573;0.5307690501213074;0.5478297472000122;-0.24956969916820526;0.5309478044509888;0.6457360982894897;0.09192858636379242;0.5331536531448364;0.6464860439300537;-0.09201470762491226;0.5279623866081238;0.7939155697822571;0.17605584859848022;0.5205150842666626;0.8109901547431946;-0.013400282710790634;0.544412624835968;0.33993149995803834;-0.09470165688544512;0.5372853428125381;0.6506323665380478;0.03376819891855121;0.5616404861211777;0.6699376106262207;-0.2348913624882698;0.5231361985206604;0.9388173619906107;0.28652053078015643;0.5216541091601054;0.9678871234258016;0.07917905847231548
7.17;0.5488801002502441;0.3639088273048401;-0.10858903080224991;0.5221816897392273;0.41566047072410583;0.06680188328027725;0.5247392058372498;0.41699621081352234;-0.21914565563201904;0.5243292450904846;0.5373857617378235;0.08370862156152725;0.5309213995933533;0.5473042130470276;-0.24977250397205353;0.5303536057472229;0.6449494957923889;0.09194188565015793;0.5329651236534119;0.645576536655426;-0.09202906489372253;0.5279344320297241;0.7934520244598389;0.17540152370929718;0.5202401280403137;0.8101025223731995;-0.015058360993862152;0.5444661140441894;0.3396171122789383;-0.09599808380007743;0.5375903695821762;0.650642454624176;0.034749350510537624;0.5617399513721466;0.6699419170618057;-0.239554300904274;0.5231626629829407;0.9389171799023946;0.28604841232299805;0.52161572376887;0.9677830338478088;0.07714495311180751
7.2;0.5489115715026855;0.3637700080871582;-0.10848907381296158;0.5220116376876831;0.41535812616348267;0.06709631532430649;0.5247676372528076;0.41684404015541077;-0.2193647176027298;0.5240870118141174;0.5373029708862305;0.08384363353252411;0.5309759974479675;0.5466968417167664;-0.25020304322242737;0.5295731425285339;0.643986165523529;0.09194434434175491;0.5324538350105286;0.6445044875144958;-0.09203265607357025;0.5279138088226318;0.7928630113601685;0.17507021129131317;0.5200785398483276;0.8088124990463257;-0.015007262118160725;0.544502604007721;0.3394598513841629;-0.09583408776670695;0.5376534014940262;0.6503720879554749;0.03425798052921891;0.56182000041008;0.6693635880947113;-0.2392810918390751;0.5232156117757162;0.9388325810432434;0.2856018741925557;0.5215196013450623;0.9673545559247335;0.07787327592571576
7.23;0.5489221811294556;0.3636135160923004;-0.10834886133670807;0.521825909614563;0.41535842418670654;0.06706666201353073;0.5247844457626343;0.41697216033935547;-0.21921764314174652;0.5238487720489502;0.5373121500015259;0.08350051939487457;0.5310313105583191;0.546609103679657;-0.2503173351287842;0.5287380218505859;0.6434490084648132;0.09191957861185074;0.5322914719581604;0.643858790397644;-0.0920083299279213;0.5278398394584656;0.792371392250061;0.1752106249332428;0.519992470741272;0.8084476590156555;-0.014759493991732597;0.5445494472980499;0.33923586905002595;-0.09565522279590369;0.537557378411293;0.6513334214687347;0.03304132539778948;0.5620014071464539;0.6688090264797211;-0.23923245817422867;0.5232261617978414;0.9386504093805949;0.28639410932858783;0.5215059320131937;0.9670815467834473;0.0785267489651839
7.27;0.5489585995674133;0.36359983682632446;-0.1066366508603096;0.5216132998466492;0.4154055714607239;0.06899908185005188;0.5247009992599487;0.41704314947128296;-0.21841910481452942;0.5235673189163208;0.5371829271316528;0.08526620268821716;0.5310423970222473;0.5461875796318054;-0.24988634884357452;0.5281303524971008;0.6424915194511414;0.09194599837064743;0.5320490002632141;0.6423464417457581;-0.09203529357910156;0.527691662311554;0.7919287085533142;0.1724812090396881;0.5198896527290344;0.8076584339141846;-0.017854291945695877;0.5446122646331787;0.33916206657886505;-0.09383875466883182;0.5363321453332901;0.6511596590280533;0.03512310376390815;0.5620955675840378;0.6677711308002472;-0.23922061175107956;0.523275355497996;0.9385872284571329;0.2800983091195424;0.5214804212252299;0.9669088919957479;0.07156689216693242
