segundo;landmark_10_x;landmark_10_y;landmark_10_z;landmark_11_x;landmark_11_y;landmark_11_z;landmark_12_x;landmark_12_y;landmark_12_z;landmark_13_x;landmark_13_y;landmark_13_z;landmark_14_x;landmark_14_y;landmark_14_z;landmark_23_x;landmark_23_y;landmark_23_z;landmark_24_x;landmark_24_y;landmark_24_z;landmark_25_x;landmark_25_y;landmark_25_z;landmark_26_x;landmark_26_y;landmark_26_z;cara_prom_x;cara_prom_y;cara_prom_z;mano_izquierda_prom_x;mano_izquierda_prom_y;mano_izquierda_prom_z;mano_derecha_prom_x;mano_derecha_prom_y;mano_derecha_prom_z;pie_izquierdo_prom_x;pie_izquierdo_prom_y;pie_izquierdo_prom_z;pie_derecho_prom_x;pie_derecho_prom_y;pie_derecho_prom_z;Etiqueta
0.03;0.4817678928375244;0.18767958879470825;-0.23979289829730988;0.5329972505569458;0.2718273997306824;-0.08190354704856873;0.44099611043930054;0.27586910128593445;-0.0970916599035263;0.5457709431648254;0.40108048915863037;-0.025717338547110558;0.4280572831630707;0.4143501818180084;-0.06888692826032639;0.5132176876068115;0.5224193930625916;0.002949573565274477;0.4605591893196106;0.5215948224067688;-0.0030314866453409195;0.5104302763938904;0.7139520049095154;0.01715358905494213;0.4599916934967041;0.7156354188919067;0.010146016255021095;0.4900709390640259;0.15817283987998962;-0.23735983222723006;0.5435787886381149;0.5497006624937057;-0.12441312707960606;0.4337047189474106;0.5640533566474915;-0.1738896258175373;0.5016003648440043;0.8926625847816467;0.13744153827428818;0.4665847619374593;0.9003737370173136;0.12632257615526518;alejandose
0.07;0.48175182938575745;0.18768009543418884;-0.24033166468143463;0.5330846309661865;0.2714807689189911;-0.07278598845005035;0.44100356101989746;0.27568715810775757;-0.0941166877746582;0.5461480021476746;0.4012531340122223;-0.01336914673447609;0.4280049800872803;0.4145713448524475;-0.06000898405909538;0.5131253600120544;0.522088885307312;0.0032796564046293497;0.4605683982372284;0.5213890075683594;-0.003367155324667692;0.5099011659622192;0.7138263583183289;0.006980173289775848;0.46054643392562866;0.7152579426765442;0.0013380538439378142;0.49006132781505585;0.15822577029466628;-0.23841687589883803;0.5439117401838303;0.5481991916894913;-0.12311998941004276;0.4336940199136734;0.5638556182384491;-0.16893118619918823;0.5012579361597697;0.8934922218322754;0.13778080542882284;0.46703943610191345;0.8992235660552979;0.1275903321802616;alejandose
0.1;0.4817558228969574;0.18777942657470703;-0.24212120473384857;0.533242404460907;0.2712905704975128;-0.0718458816409111;0.44100505113601685;0.2756270468235016;-0.09319885075092316;0.5463307499885559;0.4012531042098999;-0.012890597805380821;0.4280015528202057;0.41471928358078003;-0.05731942877173424;0.513081431388855;0.5216408967971802;0.003308504819869995;0.4605969190597534;0.5210697054862976;-0.0033967483323067427;0.5094258785247803;0.7133392691612244;0.0013422239571809769;0.46099936962127686;0.7146625518798828;-0.0026121088303625584;0.49008055925369265;0.15844708383083345;-0.24048090875148773;0.5441316217184067;0.5473743826150894;-0.12384911254048347;0.43362442404031754;0.5637264102697372;-0.16853057965636253;0.5010644594828287;0.8938922882080078;0.1357478809853395;0.4672263165314992;0.8986927469571432;0.12638809035221735;alejandose
0.13;0.48175904154777527;0.18784542381763458;-0.24287812411785126;0.5334150195121765;0.27122941613197327;-0.07189711183309555;0.44100409746170044;0.27563855051994324;-0.09250879287719727;0.5464720726013184;0.4012569487094879;-0.013977865688502789;0.42797204852104187;0.4154418706893921;-0.05690731480717659;0.5130587816238403;0.5214502811431885;0.003311367006972432;0.46061909198760986;0.5209648013114929;-0.0033997055143117905;0.5090159177780151;0.713108241558075;-0.00020908833539579064;0.46121495962142944;0.7143793702125549;-0.003089312929660082;0.4900966376066208;0.15856973379850386;-0.2411857455968857;0.5442609935998917;0.5469768643379211;-0.12687025591731071;0.4336449205875397;0.5636068284511566;-0.16881497204303741;0.5008694926897684;0.893876314163208;0.13760696103175482;0.46731377641359967;0.8980031609535217;0.1278399924437205;alejandose
0.17;0.4817627966403961;0.1878626048564911;-0.24282029271125793;0.5338230729103088;0.27123019099235535;-0.07270226627588272;0.44104906916618347;0.2755965292453766;-0.09093163907527924;0.5466055274009705;0.40150824189186096;-0.014898214489221573;0.4279704689979553;0.4154025614261627;-0.05520384758710861;0.5130576491355896;0.5213456749916077;0.003040989162400365;0.4606964588165283;0.5208049416542053;-0.0031297996174544096;0.5088347792625427;0.7130077481269836;-0.0021024304442107677;0.4614090919494629;0.7142820954322815;-0.0027505357284098864;0.49013589024543763;0.15870616137981414;-0.24104577004909516;0.5444634258747101;0.5467943400144577;-0.13072336837649345;0.4336448535323143;0.5633630603551865;-0.16871121153235435;0.5007675588130951;0.8937757809956869;0.13803336645166078;0.46734683712323505;0.8975765109062195;0.12870612740516663;alejandose
0.2;0.48178306221961975;0.18796056509017944;-0.23900572955608368;0.5342535376548767;0.271255224943161;-0.0705886036157608;0.4411700963973999;0.2754484713077545;-0.08568674325942993;0.5467750430107117;0.40171268582344055;-0.014672251418232918;0.42797309160232544;0.4153665006160736;-0.05111870542168617;0.5130466818809509;0.5213754177093506;0.002606189576908946;0.460729718208313;0.5208056569099426;-0.00269523449242115;0.5087131857872009;0.7132362127304077;-0.005243734456598759;0.4615839719772339;0.7145488262176514;-0.002305317670106888;0.49021103978157043;0.15895362198352814;-0.23734568655490876;0.5445692241191864;0.5468079000711441;-0.13090106658637524;0.43366674333810806;0.5631649494171143;-0.16739946603775024;0.5007573962211609;0.8937952915827433;0.13929943864544234;0.4673507511615753;0.8974893490473429;0.13182804733514786;alejandose
0.23;0.48182451725006104;0.18804797530174255;-0.23790782690048218;0.5346612334251404;0.271255224943161;-0.06979674845933914;0.4413524270057678;0.2752264142036438;-0.0846615880727768;0.5469875335693359;0.40186628699302673;-0.014125787653028965;0.4279920756816864;0.4151868224143982;-0.05009051039814949;0.5130472183227539;0.5214778780937195;0.0025670910254120827;0.46077895164489746;0.52085280418396;-0.002656602067872882;0.5087180733680725;0.7136178612709045;-0.006966108456254005;0.4617067873477936;0.7150934338569641;-0.0024360204115509987;0.4902943462133408;0.1592351660132408;-0.2363598585128784;0.5446019023656845;0.5468189567327499;-0.1311736050993204;0.433710515499115;0.5630588680505753;-0.1668916754424572;0.5007364054520925;0.8938805262247721;0.1422925889492035;0.46730878949165344;0.8973227938016256;0.13596200570464134;alejandose
0.27;0.48188960552215576;0.18822042644023895;-0.2309805154800415;0.5349265933036804;0.27126243710517883;-0.06328517198562622;0.4416273236274719;0.27486923336982727;-0.08017304539680481;0.5471320748329163;0.40187135338783264;-0.008569583296775818;0.42800161242485046;0.4145398736000061;-0.04697087034583092;0.5130465626716614;0.521640956401825;0.0026353923603892326;0.46079152822494507;0.5210400819778442;-0.002726763254031539;0.5087347626686096;0.7139691114425659;-0.009027112275362015;0.4617826044559479;0.7157030701637268;-0.003234671428799629;0.4904208928346634;0.1596580997109413;-0.22934880703687668;0.5446044653654099;0.5467322617769241;-0.12939241714775562;0.4337427318096161;0.562971830368042;-0.16413870081305504;0.5007022122542063;0.8939774036407471;0.14629623045523962;0.46728624900182086;0.8970096906026205;0.13985206186771393;alejandose
0.3;0.4821470081806183;0.18833915889263153;-0.2282252013683319;0.5352166295051575;0.2712329030036926;-0.06109859421849251;0.44200876355171204;0.27459093928337097;-0.0779871940612793;0.5473068356513977;0.40186870098114014;-0.007377665489912033;0.42802807688713074;0.4136603772640228;-0.04626944661140442;0.5130901336669922;0.5217477679252625;0.0026199636049568653;0.4608532786369324;0.5210918188095093;-0.002710525179281831;0.5087392330169678;0.714225709438324;-0.007707308512181044;0.46194541454315186;0.7159339785575867;-0.0029220583382993937;0.49069889187812804;0.1597818359732628;-0.22652575969696045;0.5446008890867233;0.54656982421875;-0.12871615588665009;0.43374478071928024;0.5629159510135651;-0.16379759460687637;0.500664234161377;0.8941181302070618;0.14547252903381983;0.46727434794108075;0.8969805240631104;0.13850596671303114;alejandose
0.33;0.4829566180706024;0.18836437165737152;-0.22296179831027985;0.5353275537490845;0.27101075649261475;-0.055734265595674515;0.4424532651901245;0.2740664780139923;-0.07512281835079193;0.5474802851676941;0.4014877676963806;-0.0023521706461906433;0.42810583114624023;0.4124421179294586;-0.04440223425626755;0.5131614804267883;0.5219066143035889;0.0026996461674571037;0.46103718876838684;0.5212593674659729;-0.0027887781616300344;0.5087429881095886;0.7144091129302979;-0.006268163677304983;0.4621303975582123;0.7161861062049866;-0.002762110438197851;0.49137596487998964;0.15992072224617004;-0.2209998622536659;0.5445814728736877;0.5460948795080185;-0.12268996238708496;0.43379364907741547;0.5628523975610733;-0.1601708047091961;0.5006289978822073;0.8944384256998698;0.14516422152519226;0.4672726293404897;0.897094706694285;0.1381982391079267;alejandose
0.37;0.48354172706604004;0.18816594779491425;-0.23370710015296936;0.5356767773628235;0.27078863978385925;-0.0587817020714283;0.4433949887752533;0.2733343541622162;-0.08082804828882217;0.5477004051208496;0.40156227350234985;-0.00210746843367815;0.4285150468349457;0.41103753447532654;-0.045011527836322784;0.5133067965507507;0.5218209624290466;0.004333252087235451;0.46139803528785706;0.5210392475128174;-0.0044211456552147865;0.5087555646896362;0.7150335311889648;-0.005821214988827705;0.46290624141693115;0.7163527011871338;-0.0067944154143333435;0.4918109118938446;0.15977265685796738;-0.23243196904659272;0.5446160435676575;0.5455152541399002;-0.12211214564740658;0.43382037431001663;0.5625995844602585;-0.16246963292360306;0.5006238122781118;0.8953724503517151;0.14394518733024597;0.46725181738535565;0.8976117968559265;0.13176818440357843;alejandose
0.4;0.4841668903827667;0.18786866962909698;-0.24838189780712128;0.5364991426467896;0.2707268297672272;-0.0640791654586792;0.44439250230789185;0.272013783454895;-0.09165237843990326;0.5480507016181946;0.4016459882259369;-0.0035757613368332386;0.4292421042919159;0.40957096219062805;-0.050097547471523285;0.5134846568107605;0.5211783051490784;0.005748913623392582;0.4616520404815674;0.5201246738433838;-0.005835002288222313;0.508751392364502;0.7154194712638855;-0.004587005823850632;0.46441584825515747;0.7159820199012756;-0.00804783683270216;0.4924506306648254;0.15924322754144668;-0.24785350561141967;0.5446704924106598;0.5443430244922638;-0.12175414524972439;0.43390273302793503;0.562052920460701;-0.16515923291444778;0.5005819797515869;0.896634042263031;0.13962527240316072;0.4672336181004842;0.8980021874109904;0.1258409582078457;alejandose
0.43;0.48480862379074097;0.1873222440481186;-0.25518837571144104;0.5370005965232849;0.2706421911716461;-0.07028766721487045;0.44532522559165955;0.2702409029006958;-0.09618750959634781;0.5485102534294128;0.4014744460582733;-0.004446330014616251;0.4301311671733856;0.40720823407173157;-0.05222390592098236;0.5135769248008728;0.5202494859695435;0.006048582028597593;0.46188288927078247;0.5183682441711426;-0.0061369407922029495;0.5086287260055542;0.7157226800918579;-0.0028373997192829847;0.4653141498565674;0.7153102159500122;-0.007558018434792757;0.4931506961584091;0.1585759073495865;-0.25498861372470855;0.5447568446397781;0.5432268232107162;-0.12192506715655327;0.4341436177492142;0.5608818978071213;-0.16657409071922302;0.5005682110786438;0.8973336815834045;0.1374492347240448;0.4671989579995473;0.8982149163881937;0.12435302510857582;alejandose
0.47;0.4853896498680115;0.1870104819536209;-0.25185367465019226;0.5377148389816284;0.2705426514148712;-0.07083596289157867;0.4460240602493286;0.2692766785621643;-0.09511411190032959;0.5490855574607849;0.4012814164161682;-0.005096270237118006;0.43073147535324097;0.4053933024406433;-0.052304938435554504;0.5136150121688843;0.519736647605896;0.006461856421083212;0.4620873034000397;0.5176234245300293;-0.006555341184139252;0.5086172819137573;0.7159097194671631;-0.002722156001254916;0.46596217155456543;0.71498042345047;-0.008943676017224789;0.49379350543022155;0.15836594253778458;-0.25148142129182816;0.5447788834571838;0.5423133224248886;-0.11918859928846359;0.4350316599011421;0.559241384267807;-0.16392147541046143;0.5005940397580465;0.8983640869458517;0.12829322243730226;0.46717801690101624;0.8985146880149841;0.11607324828704198;alejandose
0.5;0.4860419034957886;0.1871066838502884;-0.24402780830860138;0.5386648178100586;0.2704504430294037;-0.06194823235273361;0.4467102587223053;0.268778920173645;-0.09076229482889175;0.5501775741577148;0.4009180963039398;0.00010704092710511759;0.43100422620773315;0.4038085639476776;-0.051894716918468475;0.5136568546295166;0.5197473168373108;0.007645531091839075;0.46227216720581055;0.5175788998603821;-0.0077283140271902084;0.5085961818695068;0.7159413695335388;-0.0026713795959949493;0.46641209721565247;0.714152991771698;-0.010596683248877525;0.49454898834228517;0.1586535543203354;-0.24431983828544618;0.5447810888290405;0.5414305031299591;-0.11676649376749992;0.43652598559856415;0.5564129650592804;-0.16404880210757256;0.5005430479844412;0.8985090653101603;0.1298368958135446;0.4672210117181142;0.8984774748484293;0.1170691301425298;alejandose
0.53;0.48649024963378906;0.18731723725795746;-0.21957293152809143;0.5391567945480347;0.27046939730644226;-0.04410405829548836;0.447430819272995;0.2687508165836334;-0.07113201171159744;0.5509670972824097;0.40059342980384827;0.012075805105268955;0.4312547743320465;0.40268340706825256;-0.03734590485692024;0.5136585235595703;0.5203825831413269;0.008038964122533798;0.46239474415779114;0.5178601741790771;-0.00811232253909111;0.5085585117340088;0.7166082859039307;-0.0038254286628216505;0.46633464097976685;0.714150071144104;-0.012240173295140266;0.4950173497200012;0.1594215750694275;-0.2193902015686035;0.5447671860456467;0.5407373160123825;-0.10888939164578915;0.43727728724479675;0.5535552948713303;-0.1531398594379425;0.5005011359850565;0.8989704251289368;0.13094452768564224;0.4672442078590393;0.8987897237141927;0.11823116118709247;alejandose
0.57;0.48689761757850647;0.1877976357936859;-0.20088057219982147;0.5394694805145264;0.27062898874282837;-0.03440789505839348;0.4478778541088104;0.26874202489852905;-0.05546155199408531;0.5513037443161011;0.4005531072616577;0.017492828890681267;0.4315200746059418;0.4014950096607208;-0.02395744062960148;0.5135930180549622;0.5212607979774475;0.006998103577643633;0.4623955190181732;0.5182249546051025;-0.007049465551972389;0.5085036754608154;0.7167059183120728;-0.0069451965391635895;0.4660738706588745;0.7141653299331665;-0.01150827668607235;0.49543478786945344;0.1604612499475479;-0.2002800978720188;0.5447331666946411;0.5399887561798096;-0.10196613892912865;0.4372299313545227;0.5512391775846481;-0.14070397056639194;0.5003710985183716;0.8997134963671366;0.12404301886757214;0.46700627605120343;0.8995699882507324;0.11649823561310768;alejandose
0.6;0.48740851879119873;0.18898968398571014;-0.2117033302783966;0.5398114323616028;0.2716771364212036;-0.055140163749456406;0.44806209206581116;0.2688617408275604;-0.05870706960558891;0.5514772534370422;0.40055277943611145;0.0036157872527837753;0.43164700269699097;0.4012187123298645;-0.02989550493657589;0.5135409235954285;0.5216948390007019;0.0041700610890984535;0.4623793959617615;0.518250584602356;-0.004249148070812225;0.5084972977638245;0.7164161205291748;-0.006793479435145855;0.4658849537372589;0.7141239047050476;-0.001693936181254685;0.4958618313074112;0.1618293359875679;-0.2148164391517639;0.5447589010000229;0.5398034602403641;-0.10449790768325329;0.43697725236415863;0.550323024392128;-0.14671998098492622;0.5002672771612803;0.8997465570767721;0.12524033710360527;0.46637850006421405;0.8973983327547709;0.1268474186460177;alejandose
0.63;0.48738744854927063;0.19072818756103516;-0.24948979914188385;0.5398748517036438;0.272838294506073;-0.08121401071548462;0.4480317533016205;0.2692211866378784;-0.08748796582221985;0.5514782667160034;0.4002137780189514;-0.01533373724669218;0.4314633011817932;0.4012926518917084;-0.04583263769745827;0.5135155916213989;0.5215142369270325;0.0025541489012539387;0.46235114336013794;0.517556369304657;-0.002657960867509246;0.5085015296936035;0.7154979109764099;-0.00691194599494338;0.46583303809165955;0.7128636240959167;0.0004479606286622584;0.49581487476825714;0.16380727738142015;-0.2519074723124504;0.544771283864975;0.5396698564291;-0.12218079157173634;0.43602875620126724;0.5501653254032135;-0.15832380577921867;0.5000145932038625;0.8995784719785055;0.12600790709257126;0.4656088948249817;0.8909334937731425;0.13537619387110075;alejandose
0.67;0.48746994137763977;0.19229215383529663;-0.2702524662017822;0.5396544337272644;0.2739553153514862;-0.09582662582397461;0.44801613688468933;0.2704923748970032;-0.11255768686532974;0.5512053370475769;0.4000342786312103;-0.026957131922245026;0.4305195212364197;0.4014230966567993;-0.0694584771990776;0.5133336186408997;0.5210154056549072;0.002596902893856168;0.46221646666526794;0.5168114900588989;-0.0026868770364671946;0.5085963010787964;0.7145074009895325;-0.007383815012872219;0.46578308939933777;0.7104326486587524;0.0004861806519329548;0.4957855701446533;0.16546242237091063;-0.2717708468437195;0.5448122620582581;0.5394930243492126;-0.13235615193843842;0.4344038665294647;0.5503668189048767;-0.1734686680138111;0.5001373986403147;0.8995689153671265;0.12486949935555458;0.4650738835334778;0.8764126896858215;0.16657952219247818;alejandose
0.7;0.4872719645500183;0.1930810958147049;-0.2751513421535492;0.5389325618743896;0.27450504899024963;-0.09683333337306976;0.44760584831237793;0.27210721373558044;-0.1202678307890892;0.5506405830383301;0.3998914361000061;-0.02878744713962078;0.4298665523529053;0.4015122354030609;-0.07655677199363708;0.5128825306892395;0.5206026434898376;0.004188731778413057;0.4615882635116577;0.5163794159889221;-0.004317832179367542;0.5086877346038818;0.7136238217353821;-0.012648923322558403;0.4657556712627411;0.7073299288749695;0.0032414374873042107;0.49562508165836333;0.1669683963060379;-0.2763025239109993;0.5444933921098709;0.5393427014350891;-0.13841907307505608;0.432402566075325;0.5501540452241898;-0.17867061868309975;0.5010361075401306;0.8997417489687601;0.11518318081895511;0.4640842378139496;0.862200915813446;0.21748234828313193;alejandose
0.73;0.4868835210800171;0.19411616027355194;-0.279561847448349;0.5378104448318481;0.2751154601573944;-0.09532908350229263;0.446708619594574;0.2743225693702698;-0.12952326238155365;0.5491294264793396;0.39980417490005493;-0.029522249475121498;0.42880433797836304;0.40155860781669617;-0.08961943536996841;0.5121277570724487;0.5202047228813171;0.007330812979489565;0.46061092615127563;0.5162505507469177;-0.007454349659383297;0.5086877346038818;0.7108681797981262;-0.025045890361070633;0.46593523025512695;0.7041160464286804;0.019530249759554863;0.49538837671279906;0.16838205605745316;-0.28021208494901656;0.5438835471868515;0.5393154621124268;-0.14289284124970436;0.4311952292919159;0.5502153933048248;-0.19034631922841072;0.5020580291748047;0.8996976812680563;0.08405221463181078;0.4630169669787089;0.8456578056017557;0.287731871008873;alejandose
0.77;0.4855371415615082;0.1950102299451828;-0.2826257348060608;0.5361593961715698;0.27598559856414795;-0.09730586409568787;0.4456658959388733;0.2763664424419403;-0.13645406067371368;0.5473476052284241;0.39979875087738037;-0.03781210631132126;0.4278492331504822;0.40255898237228394;-0.09973219037055969;0.5114453434944153;0.5191944241523743;0.008240032009780407;0.45979076623916626;0.5157690644264221;-0.008350898511707783;0.5084044337272644;0.7045297026634216;-0.0389028936624527;0.46623528003692627;0.6987417340278625;0.035770125687122345;0.4943538963794708;0.16979710906744003;-0.2829263359308243;0.5424709469079971;0.5393088012933731;-0.15424315631389618;0.4281691089272499;0.5501392781734467;-0.2023267075419426;0.5025699933369955;0.8989771604537964;0.03971060489614805;0.46294113993644714;0.8258123596509298;0.3478318651517232;alejandose
0.8;0.48384401202201843;0.19696210324764252;-0.2890355587005615;0.534757137298584;0.2769559323787689;-0.0991605743765831;0.44430050253868103;0.2776331901550293;-0.14384691417217255;0.5451478958129883;0.3998061418533325;-0.04010448232293129;0.4275146424770355;0.4027608036994934;-0.10498110204935074;0.5108572244644165;0.5180680751800537;0.010501827113330364;0.4594385623931885;0.5155158042907715;-0.010603204369544983;0.5080046653747559;0.7024474740028381;-0.03929608687758446;0.46646878123283386;0.699108898639679;0.028929926455020905;0.49258778989315033;0.1723540887236595;-0.29015505462884905;0.5409459620714188;0.5390752702951431;-0.16069772467017174;0.42578233033418655;0.5497939735651016;-0.20768331363797188;0.5028570393721262;0.8985096017519633;0.04678253705302874;0.46372665961583454;0.8198410272598267;0.3497581382592519;alejandose
0.83;0.48175114393234253;0.19914807379245758;-0.29472896456718445;0.5326899290084839;0.2782509922981262;-0.10625354945659637;0.44195979833602905;0.2792056202888489;-0.15166456997394562;0.5425974130630493;0.3999515771865845;-0.04748077318072319;0.4261375963687897;0.4033394753932953;-0.11335386335849762;0.5099736452102661;0.516708493232727;0.01099560409784317;0.45882415771484375;0.5151591300964355;-0.01109266933053732;0.5076802372932434;0.7020738124847412;-0.038240235298871994;0.46685466170310974;0.6977694630622864;0.03423124551773071;0.49050489664077757;0.17489950209856034;-0.296142740547657;0.539098396897316;0.5393076241016388;-0.1654575578868389;0.422673724591732;0.5497661828994751;-0.21243706718087196;0.5029972791671753;0.8984116911888123;0.032315611839294434;0.4641758402188619;0.8169751167297363;0.3461437126000722;alejandose
0.87;0.480180561542511;0.20306414365768433;-0.295221209526062;0.5311345458030701;0.28043410181999207;-0.10653036087751389;0.43967023491859436;0.28156763315200806;-0.15157823264598846;0.5411511659622192;0.40119698643684387;-0.04832027107477188;0.42496219277381897;0.40661823749542236;-0.11288304626941681;0.5092257261276245;0.516743004322052;0.010930667631328106;0.45816347002983093;0.5155361890792847;-0.011024190112948418;0.5067864060401917;0.7013317346572876;-0.03977810591459274;0.4667840600013733;0.6972943544387817;0.04697856307029724;0.4886229932308197;0.177956685423851;-0.2963759288191795;0.5364166051149368;0.5393121242523193;-0.1679764874279499;0.4211244061589241;0.5498047173023224;-0.2115783505141735;0.5030180712540945;0.8973111510276794;0.030332499494155247;0.46400076150894165;0.8172821005185446;0.36349722743034363;alejandose
0.9;0.47784826159477234;0.20528917014598846;-0.2700861096382141;0.5290740132331848;0.28254541754722595;-0.09626748412847519;0.4367670714855194;0.2834083139896393;-0.15081004798412323;0.5396227240562439;0.40175744891166687;-0.0438046008348465;0.42404577136039734;0.40879425406455994;-0.11229053884744644;0.5081172585487366;0.5181441903114319;0.010731368325650692;0.45709675550460815;0.5179253220558167;-0.010826964862644672;0.5059546232223511;0.7018219232559204;-0.038292597979307175;0.4659893810749054;0.6973391771316528;0.051253270357847214;0.48664202094078063;0.17998610585927963;-0.27103574126958846;0.5342105180025101;0.5392945408821106;-0.1640099287033081;0.4207175299525261;0.5498353540897369;-0.1940889060497284;0.503090629975001;0.8970439036687216;0.04322043557961782;0.4635502298672994;0.8189440568288168;0.3321312963962555;alejandose
0.93;0.47587406635284424;0.20755134522914886;-0.26232272386550903;0.5267459154129028;0.2852638065814972;-0.09476029872894287;0.4345937669277191;0.2848305106163025;-0.13741053640842438;0.537680983543396;0.40466564893722534;-0.03968419134616852;0.4229448735713959;0.4102805256843567;-0.09900356084108353;0.5056806802749634;0.5190068483352661;0.005606857594102621;0.4551025629043579;0.5189982056617737;-0.005668838508427143;0.5048990249633789;0.7017354965209961;-0.03527596965432167;0.4645715355873108;0.6965234279632568;0.06972874701023102;0.4845340996980667;0.1821259379386902;-0.2633009418845177;0.5339182466268539;0.5392825603485107;-0.14496904611587524;0.42038586735725403;0.5498973876237869;-0.1869189329445362;0.5035725732644399;0.8964114785194397;0.020728829006354015;0.4639319181442261;0.821880062421163;0.31713058551152545;alejandose
0.97;0.4723959267139435;0.2087290734052658;-0.27476176619529724;0.52362459897995;0.2861807942390442;-0.10861070454120636;0.4326363801956177;0.28634312748908997;-0.13423825800418854;0.5361908078193665;0.4059239327907562;-0.04985087737441063;0.42187246680259705;0.41160255670547485;-0.0955120176076889;0.5032087564468384;0.5185222029685974;-0.002103796461597085;0.4527576267719269;0.518446147441864;0.002041674219071865;0.5028184652328491;0.6976090669631958;-0.03345873951911926;0.4631512761116028;0.6935316324234009;0.08449618518352509;0.48130223751068113;0.1837627559900284;-0.2766245976090431;0.5339198857545853;0.5388491600751877;-0.14928048476576805;0.42044636607170105;0.5499637424945831;-0.18784937262535095;0.504107932249705;0.8945347865422567;-0.00698355957865715;0.46460344394048053;0.8215517203013102;0.3249388337135315;alejandose
1.0;0.4707928001880646;0.21110817790031433;-0.2669661045074463;0.5200703144073486;0.2861938178539276;-0.1053805872797966;0.4313278794288635;0.28674811124801636;-0.12889079749584198;0.5336320400238037;0.40582892298698425;-0.04571660980582237;0.42107370495796204;0.4113040566444397;-0.08887656033039093;0.5012211799621582;0.5164232850074768;-0.0009234987664967775;0.4513164460659027;0.5160259008407593;0.0008560430142097175;0.5016180276870728;0.6921195387840271;-0.01563962921500206;0.4620630741119385;0.6856486201286316;0.0680168867111206;0.47954811453819274;0.18612860888242722;-0.2683671429753304;0.5335142314434052;0.5356109589338303;-0.13138525560498238;0.4193354845046997;0.5498199313879013;-0.17946793138980865;0.5043035944302877;0.8880855441093445;0.014311973005533218;0.46461376547813416;0.8230996529261271;0.22633175055185953;alejandose
1.03;0.46848246455192566;0.21054989099502563;-0.2578183114528656;0.517600953578949;0.2860545814037323;-0.09425418823957443;0.4297819435596466;0.2868296504020691;-0.12310616672039032;0.5300029516220093;0.40408170223236084;-0.029129041358828545;0.4201012849807739;0.40999966859817505;-0.08394774794578552;0.4999868869781494;0.5133237242698669;0.00023996415256988257;0.45017358660697937;0.5129324793815613;-0.0003138017491437495;0.5005391240119934;0.6885882616043091;-0.004891872406005859;0.4605426788330078;0.6843530535697937;0.04369775205850601;0.4769797265529633;0.18603899478912353;-0.258608815073967;0.5323290824890137;0.5314413458108902;-0.11346608400344849;0.41867736726999283;0.5477563291788101;-0.1697888858616352;0.5043328404426575;0.8807329138120016;0.02224036306142807;0.464391032854716;0.8236880501111349;0.19061708947022757;alejandose
1.07;0.465571790933609;0.21004308760166168;-0.26001793146133423;0.5161567330360413;0.28617632389068604;-0.09660796076059341;0.4283241331577301;0.28720369935035706;-0.12313368916511536;0.5260910391807556;0.4043342173099518;-0.03297962248325348;0.4191424548625946;0.40978801250457764;-0.08406045287847519;0.49837973713874817;0.5113049745559692;0.0008215730194933712;0.4487883150577545;0.5107893943786621;-0.0008965807501226664;0.49961113929748535;0.6867532730102539;-0.009833404794335365;0.45881497859954834;0.6828463077545166;0.043127045035362244;0.4741503566503525;0.18568656146526336;-0.2609588399529457;0.5292281061410904;0.5312675386667252;-0.12246406264603138;0.41868795454502106;0.5468953251838684;-0.17377376928925514;0.5037693579991659;0.8775847554206848;0.027344224353631336;0.4641849994659424;0.8241572181383768;0.20859901110331217;alejandose
1.1;0.46410849690437317;0.2097931206226349;-0.2471318393945694;0.5146199464797974;0.28606489300727844;-0.09169018268585205;0.42744889855384827;0.2870175540447235;-0.10960332304239273;0.5230535268783569;0.4044126570224762;-0.029479607939720154;0.4182673990726471;0.40912386775016785;-0.07381953299045563;0.4971995949745178;0.5085852742195129;0.0009388848557136953;0.44821450114250183;0.5085534453392029;-0.001009507104754448;0.49870699644088745;0.6829113364219666;-0.009459088556468487;0.4578588604927063;0.6795238852500916;0.041794564574956894;0.4725593239068985;0.1857835218310356;-0.24858287572860718;0.5251836329698563;0.5303914695978165;-0.11670310609042645;0.41909922659397125;0.544062465429306;-0.16593922674655914;0.5026233394940695;0.869255522886912;0.04166313633322716;0.4640093247095744;0.8243487278620402;0.17924787352482477;alejandose
1.13;0.46270039677619934;0.20956721901893616;-0.2518322467803955;0.5124936103820801;0.2856915593147278;-0.09927152842283249;0.4269072711467743;0.2853698134422302;-0.1127849817276001;0.5216041803359985;0.4037790596485138;-0.03490937128663063;0.4173299968242645;0.4060213267803192;-0.07587098330259323;0.4960757791996002;0.5030151605606079;0.0011162704322487116;0.44795092940330505;0.5037968158721924;-0.001187529182061553;0.49804776906967163;0.677464485168457;-0.007738692220300436;0.45764321088790894;0.6770572662353516;0.025735612958669662;0.47115345001220704;0.18574861139059068;-0.2547953113913536;0.5226054787635803;0.5281079560518265;-0.12147841602563858;0.4192909747362137;0.5418518483638763;-0.16981534659862518;0.5000025729338328;0.8602433204650879;0.059862675766150154;0.46406733989715576;0.8265368541081747;0.15013580520947775;alejandose
1.17;0.46133437752723694;0.20942464470863342;-0.25432711839675903;0.5111454725265503;0.28421470522880554;-0.0996188372373581;0.42634811997413635;0.28394949436187744;-0.11080551892518997;0.5204036831855774;0.39897042512893677;-0.034347765147686005;0.4168899953365326;0.40391257405281067;-0.0691075474023819;0.4957849085330963;0.49744078516960144;0.0007839144091121852;0.4479503333568573;0.4993281662464142;-0.0008569121710024774;0.49833449721336365;0.6697806715965271;0.00048380973748862743;0.45739248394966125;0.6726812124252319;0.015479152090847492;0.4697123974561691;0.18558911383152008;-0.2568981483578682;0.5210354775190353;0.5232689455151558;-0.11842387355864048;0.41945652663707733;0.540683314204216;-0.16203602775931358;0.4983423054218292;0.8437867164611816;0.08580867728839318;0.4638672669728597;0.8263372580210367;0.12097105880578359;alejandose
1.2;0.46039649844169617;0.20928184688091278;-0.264530748128891;0.5096552968025208;0.2826109230518341;-0.10590197145938873;0.42555755376815796;0.28347575664520264;-0.11244669556617737;0.5191369652748108;0.3956789970397949;-0.037127815186977386;0.41646865010261536;0.4025382399559021;-0.07080549746751785;0.4952363073825836;0.49288812279701233;-0.0003213800664525479;0.4479411840438843;0.4964856505393982;0.000247906893491745;0.49834179878234863;0.661374032497406;0.007838810794055462;0.4569045305252075;0.6687487959861755;0.015093154273927212;0.46865167319774625;0.18548115491867065;-0.2676965266466141;0.519750326871872;0.5187240019440651;-0.11954346112906933;0.41952361911535263;0.5386665314435959;-0.16578657180070877;0.49662280082702637;0.8297680219014486;0.11744298910101254;0.4637712041536967;0.8259999752044678;0.12826431294282278;alejandose
1.23;0.4595509171485901;0.2095535695552826;-0.2838561534881592;0.5086562037467957;0.2810010015964508;-0.11153243482112885;0.4254680871963501;0.2833734154701233;-0.1256580650806427;0.5186558961868286;0.3921411633491516;-0.04144510254263878;0.4161466658115387;0.4015641510486603;-0.08303270488977432;0.49409034848213196;0.48996981978416443;-0.00011877456563524902;0.4477020800113678;0.4943179786205292;4,64E+11;0.498139351606369;0.6531190872192383;0.01839774288237095;0.45644712448120117;0.6672709584236145;0.011937114410102367;0.4676365315914154;0.18578901439905166;-0.2871196836233139;0.5193656533956528;0.5147387608885765;-0.13424311019480228;0.4195837453007698;0.5369859337806702;-0.18760399892926216;0.49411484599113464;0.808368464310964;0.14576911181211472;0.4637417097886403;0.8259551525115967;0.12818880627552667;alejandose
1.27;0.4591335654258728;0.20985426008701324;-0.2847931981086731;0.5081385374069214;0.2790278494358063;-0.10871431231498718;0.42577797174453735;0.2832736372947693;-0.12938053905963898;0.5184276700019836;0.3885487914085388;-0.033374685794115067;0.416357159614563;0.40100008249282837;-0.08903767168521881;0.4932411015033722;0.48877304792404175;0.005806022323668003;0.44760575890541077;0.49287503957748413;-0.005838294047862291;0.49734824895858765;0.6501287221908569;0.03427645191550255;0.45609602332115173;0.665928065776825;-0.009051164612174034;0.46701471507549286;0.1861489713191986;-0.2878133147954941;0.5180786550045013;0.5092624798417091;-0.13443666324019432;0.41961605101823807;0.5353230983018875;-0.19936839491128922;0.4912450313568115;0.7925146619478861;0.19109312444925308;0.46305063366889954;0.8257342179616293;0.10285800447066624;alejandose
1.3;0.4589776396751404;0.2100873440504074;-0.28304946422576904;0.5077335834503174;0.27774760127067566;-0.10562683641910553;0.42585206031799316;0.28328925371170044;-0.12924107909202576;0.5181671380996704;0.3862605392932892;-0.031657859683036804;0.41650739312171936;0.4007965922355652;-0.08757027983665466;0.4931996762752533;0.48808637261390686;0.006417029537260532;0.4476977586746216;0.4919332265853882;-0.006429957691580057;0.4964889585971832;0.6488851308822632;0.037275150418281555;0.4558545649051666;0.6634846329689026;-0.023569466546177864;0.466692841053009;0.18657671958208083;-0.2857896640896797;0.5172713696956635;0.50789874792099;-0.13773894123733044;0.4195472076535225;0.5332858264446259;-0.19846374914050102;0.48833736777305603;0.7736312945683798;0.25776001314322156;0.46283161640167236;0.8257587552070618;0.06519323214888573;alejandose
1.33;0.4588071405887604;0.21128980815410614;-0.280357301235199;0.5075375437736511;0.2773856520652771;-0.10059697926044464;0.42592111229896545;0.2840065062046051;-0.1256176084280014;0.5173871517181396;0.38574522733688354;-0.028976213186979294;0.4166289269924164;0.40087854862213135;-0.08681651949882507;0.49265098571777344;0.4886053204536438;0.006226907018572092;0.4476436376571655;0.49240967631340027;-0.00623880373314023;0.4952630400657654;0.6462510228157043;0.029827214777469635;0.4555017352104187;0.6611061096191406;-0.03174491599202156;0.4663879483938217;0.18751105219125747;-0.2831193283200264;0.5166573077440262;0.5062314420938492;-0.13695034198462963;0.4194843992590904;0.5315959304571152;-0.1958477757871151;0.48696912328402203;0.7620220184326172;0.27842406431833905;0.46294427911440533;0.8258486986160278;0.061083476369579635;alejandose
1.37;0.4586828947067261;0.21222545206546783;-0.27047422528266907;0.5074062347412109;0.27714794874191284;-0.10059104859828949;0.42605385184288025;0.28490230441093445;-0.10313861817121506;0.517304003238678;0.384735643863678;-0.039134349673986435;0.41737937927246094;0.4012058973312378;-0.05999907851219177;0.4925050139427185;0.4897075593471527;0.0005892089102417231;0.4476654827594757;0.49315789341926575;-0.0005759568884968758;0.49486416578292847;0.6476868987083435;0.015350435860455036;0.45543408393859863;0.6614862084388733;-0.01962064579129219;0.46608494222164154;0.1884472295641899;-0.27412900179624555;0.5163097679615021;0.5066217482089996;-0.1539132297039032;0.41944364458322525;0.5307531952857971;-0.17549262195825577;0.48511693874994916;0.753450870513916;0.2808891385793686;0.4629283944765727;0.8259322245915731;0.08211024819562833;alejandose
1.4;0.45889368653297424;0.21366925537586212;-0.2623913884162903;0.507536768913269;0.2772110104560852;-0.09997197985649109;0.42648231983184814;0.2863664925098419;-0.09480870515108109;0.5172922611236572;0.3842833340167999;-0.04147248715162277;0.41942620277404785;0.4020144045352936;-0.05180184915661812;0.49250754714012146;0.4903607964515686;-0.003462610300630331;0.4476744532585144;0.493560254573822;0.00348104489967227;0.49463337659835815;0.6488177180290222;-0.019516607746481895;0.4554293155670166;0.6610724925994873;-0.0163144338876009;0.4661722630262375;0.1897551268339157;-0.265732342004776;0.5162044167518616;0.5074857100844383;-0.15477558970451355;0.41940785199403763;0.5309460908174515;-0.16826323419809341;0.48334752519925434;0.758527417977651;0.2379522224267324;0.4628276427586873;0.8258973757425944;0.09484686267872651;alejandose
1.43;0.45905229449272156;0.21537528932094574;-0.2663578987121582;0.5078616142272949;0.27879127860069275;-0.10810816287994385;0.42697814106941223;0.28765442967414856;-0.10162540525197983;0.5173861384391785;0.3871985971927643;-0.054846540093421936;0.42095786333084106;0.40281960368156433;-0.059911180287599564;0.4924508333206177;0.4902872145175934;-0.004397044889628887;0.4475972652435303;0.49345874786376953;0.004395454656332731;0.4942162036895752;0.6462481617927551;-0.020501479506492615;0.4554592967033386;0.6591497659683228;-0.021349873393774033;0.46626603305339814;0.19140976965427398;-0.26968252658843994;0.5162835270166397;0.5083752423524857;-0.16280100122094154;0.4194253012537956;0.5312703996896744;-0.17169900238513947;0.48290911316871643;0.7590457995732626;0.2324245274066925;0.4626131256421407;0.8255596160888672;0.09096698525051276;alejandose
1.47;0.4591531455516815;0.21664465963840485;-0.26646462082862854;0.5080864429473877;0.28140750527381897;-0.10727478563785553;0.4285943806171417;0.2886161208152771;-0.10255041718482971;0.5176544785499573;0.3918401896953583;-0.052175261080265045;0.4225933849811554;0.4028189778327942;-0.06690270453691483;0.4924083948135376;0.4901522397994995;-0.004119571764022112;0.44761988520622253;0.4929545819759369;0.004107050597667694;0.49262213706970215;0.6417152285575867;-0.014431126415729523;0.4557133913040161;0.6558302640914917;-0.03882882744073868;0.46642163693904876;0.19286602586507798;-0.26930817514657973;0.5165308862924576;0.5121861323714256;-0.15725284069776535;0.41975443065166473;0.5313147753477097;-0.17645585909485817;0.4827503760655721;0.764202872912089;0.22530579566955566;0.4625476698080699;0.8253812789916992;0.05632163708408674;alejandose
1.5;0.45968443155288696;0.2176535725593567;-0.2602582573890686;0.5081332325935364;0.2835124731063843;-0.09588469564914703;0.4297584593296051;0.29039353132247925;-0.10516093671321869;0.5178364515304565;0.3919641673564911;-0.04334154352545738;0.42343589663505554;0.40365442633628845;-0.06935321539640427;0.4924996495246887;0.4899543821811676;-0.0023235261905938387;0.44798216223716736;0.492434024810791;0.0023200777359306812;0.49177268147468567;0.6393730640411377;0.016504481434822083;0.4560970664024353;0.6542576551437378;-0.03702555596828461;0.46678522527217864;0.19412744790315628;-0.26161625385284426;0.5166825652122498;0.5122495889663696;-0.14607764594256878;0.4205385893583298;0.530969962477684;-0.17681019008159637;0.48304038246472675;0.7685410181681315;0.21814837058385214;0.4622733493645986;0.8249097069104513;0.040988037983576454;alejandose
1.53;0.46074193716049194;0.21911051869392395;-0.2689279019832611;0.5089414715766907;0.2853163182735443;-0.09613638371229172;0.4313127100467682;0.29239293932914734;-0.12396838515996933;0.5186125636100769;0.3935329020023346;-0.044859737157821655;0.42471596598625183;0.4054778814315796;-0.09369811415672302;0.4925263524055481;0.48996976017951965;0.003906386438757181;0.4485591948032379;0.49235907196998596;-0.003919073846191168;0.4912160038948059;0.6361497044563293;0.03592245280742645;0.45654296875;0.6519107222557068;-0.047132860869169235;0.46751620471477506;0.19567753374576569;-0.2694887384772301;0.5174565762281418;0.5119911804795265;-0.1488046795129776;0.4223424792289734;0.5315512269735336;-0.20144283026456833;0.4822648763656616;0.7711820205052694;0.22035318116346994;0.46201398968696594;0.8243833978970846;0.032876186072826385;alejandose
1.57;0.4623273015022278;0.22065210342407227;-0.26545199751853943;0.5100502967834473;0.2860766053199768;-0.09246683120727539;0.4328676164150238;0.2928948402404785;-0.12170518189668655;0.5206553339958191;0.39461418986320496;-0.039757128804922104;0.42650488018989563;0.4054338335990906;-0.08831612765789032;0.4935838580131531;0.4900965690612793;0.006026438437402248;0.4503799378871918;0.49238720536231995;-0.006016859319061041;0.49079757928848267;0.6339253187179565;0.032897673547267914;0.45661282539367676;0.6516779065132141;-0.03908245638012886;0.4687128871679306;0.19741669595241546;-0.2666420638561249;0.5211971700191498;0.5103788524866104;-0.14742061868309975;0.4240715578198433;0.5311020910739899;-0.19643718376755714;0.4806264142195384;0.7721898158391317;0.21689672768115997;0.46170686682065326;0.8228140870730082;0.04286462068557739;alejandose
1.6;0.4641000032424927;0.22201725840568542;-0.26932936906814575;0.5107388496398926;0.2861292064189911;-0.09350172430276871;0.4339233636856079;0.2938740849494934;-0.12970618903636932;0.5226207375526428;0.3947543799877167;-0.03959481790661812;0.42707785964012146;0.4058300852775574;-0.10030443966388702;0.49528178572654724;0.4895693063735962;0.010154565796256065;0.45247524976730347;0.49227580428123474;-0.010149778798222542;0.49097004532814026;0.629355251789093;0.052007898688316345;0.45673316717147827;0.6491400599479675;-0.0396108441054821;0.4700619637966156;0.19901660680770875;-0.2702181741595268;0.5238111615180969;0.5083770826458931;-0.14632884226739407;0.4262087792158127;0.5313930958509445;-0.2037292830646038;0.48077383637428284;0.7688468893369039;0.21462414662043253;0.46108752489089966;0.8169029951095581;0.030206290384133656;alejandose
1.63;0.4652300179004669;0.2227640151977539;-0.2368163913488388;0.5112591981887817;0.2861868739128113;-0.07212802022695541;0.4356914758682251;0.2937968671321869;-0.10671533644199371;0.5231999158859253;0.39411333203315735;-0.01884879171848297;0.4281744956970215;0.40254318714141846;-0.08171475678682327;0.4965106248855591;0.487028032541275;0.011037083342671394;0.45412763953208923;0.49029794335365295;-0.011020111851394176;0.4914175868034363;0.624316394329071;0.046538420021533966;0.4569317102432251;0.6428498029708862;-0.041640620678663254;0.47100248634815217;0.20016204714775085;-0.23772832453250886;0.5248278826475143;0.5036769434809685;-0.11957004480063915;0.4281743988394737;0.5279766172170639;-0.17870600521564484;0.48109347621599835;0.767927368481954;0.17160414159297943;0.46016476551691693;0.808491845925649;0.018779776990413666;alejandose
1.67;0.46638137102127075;0.2227489948272705;-0.23282819986343384;0.5118094682693481;0.2861020267009735;-0.07308825850486755;0.43702277541160583;0.29294905066490173;-0.1006191074848175;0.5238972902297974;0.392401784658432;-0.021746251732110977;0.4294467866420746;0.3998502194881439;-0.07395195960998535;0.49745607376098633;0.4839799106121063;0.010291575454175472;0.45517173409461975;0.4871028661727905;-0.010270255617797375;0.4924454987049103;0.6216360926628113;0.04927312582731247;0.4569866359233856;0.6383803486824036;-0.046830520033836365;0.4721150666475296;0.2003544643521309;-0.23409245908260345;0.5255809128284454;0.4995420500636101;-0.1213266421109438;0.4303203448653221;0.5252370834350586;-0.17162488028407097;0.48155511418978375;0.7685825228691101;0.1512333701054255;0.45844606558481854;0.804519792397817;-0.0014805893103281658;alejandose
1.7;0.46772679686546326;0.22219784557819366;-0.2165769338607788;0.5120856761932373;0.2854617238044739;-0.06383682042360306;0.43846145272254944;0.28915539383888245;-0.08478520065546036;0.5241317749023438;0.38968440890312195;-0.014324008487164974;0.4303102195262909;0.3946380019187927;-0.05659930035471916;0.49768003821372986;0.48226699233055115;0.010250074788928032;0.45554330945014954;0.48436209559440613;-0.010193096473813057;0.49255532026290894;0.6218048930168152;0.04823414608836174;0.45696279406547546;0.6363666653633118;-0.042437613010406494;0.47335597574710847;0.2000872790813446;-0.21732763051986695;0.5259119719266891;0.4968247041106224;-0.11122820526361465;0.432314433157444;0.5170020312070847;-0.1548573188483715;0.48163967331250507;0.7690744797388712;0.147964745759964;0.4573945601781209;0.8012875119845072;0.006735311200221379;alejandose
1.73;0.4686048924922943;0.2201806902885437;-0.23024600744247437;0.5121241807937622;0.2829543650150299;-0.07198182493448257;0.4394371211528778;0.28473231196403503;-0.09372317045927048;0.5242152810096741;0.38400837779045105;-0.01861753687262535;0.43148133158683777;0.38997846841812134;-0.06115221232175827;0.4976596236228943;0.477254718542099;0.009701432660222054;0.4556768834590912;0.47799885272979736;-0.009652787819504738;0.49248039722442627;0.6203557252883911;0.04458721727132797;0.45670342445373535;0.6274082064628601;-0.01869620755314827;0.47430809438228605;0.19856252372264863;-0.2312246486544609;0.5261222571134567;0.4918539971113205;-0.1133823785930872;0.43352148681879044;0.5100494623184204;-0.15603263676166534;0.481840322415034;0.7675241231918335;0.15338114400704703;0.45748065908749896;0.7874701817830404;0.07240047787005703;alejandose
1.77;0.46883806586265564;0.21763497591018677;-0.24828483164310455;0.5121265053749084;0.28064024448394775;-0.0884716585278511;0.4401576817035675;0.2818973660469055;-0.1101374477148056;0.524181604385376;0.38141757249832153;-0.03163599595427513;0.43252256512641907;0.386790931224823;-0.07120319455862045;0.49761101603507996;0.47131818532943726;0.009478269144892693;0.4555544853210449;0.4707982838153839;-0.009415172040462494;0.49212831258773804;0.6167385578155518;0.024924835190176964;0.4566155672073364;0.6177475452423096;-0.007268729154020548;0.47462556660175326;0.1962997406721115;-0.24933063983917236;0.5259255468845367;0.48867959529161453;-0.12171783484518528;0.4346224293112755;0.5037915036082268;-0.16106220334768295;0.4819740355014801;0.7654638687769572;0.14278127004702887;0.45758193731307983;0.7763384183247884;0.11016817390918732;alejandose
1.8;0.4687952995300293;0.215473473072052;-0.27616190910339355;0.5121275782585144;0.279714971780777;-0.10642937570810318;0.44065091013908386;0.28061622381210327;-0.13252173364162445;0.5238230228424072;0.37898513674736023;-0.04997106269001961;0.4326912760734558;0.38526731729507446;-0.09678226709365845;0.49758318066596985;0.46767565608024597;0.009262668900191784;0.4555681347846985;0.4659143388271332;-0.009234334342181683;0.49154871702194214;0.6144999265670776;0.017535654827952385;0.45661938190460205;0.6120383739471436;-0.012878723442554474;0.474705171585083;0.19458884745836258;-0.27668841779232023;0.5258167088031769;0.48648880422115326;-0.14451259933412075;0.4345511347055435;0.5030782297253609;-0.18996835872530937;0.48196394244829815;0.7604612310727438;0.15409847100575766;0.45830373962720233;0.7631217439969381;0.12472668662667274;alejandose
1.83;0.4687885046005249;0.21414023637771606;-0.2689104378223419;0.5121263265609741;0.2793193757534027;-0.1049700677394867;0.4411267042160034;0.2788858115673065;-0.12509247660636902;0.5230991244316101;0.37871235609054565;-0.045421529561281204;0.4324618875980377;0.38197630643844604;-0.09009567648172379;0.49739739298820496;0.4652886390686035;0.011108985170722008;0.45547711849212646;0.46317240595817566;-0.01114937849342823;0.4915277063846588;0.6131174564361572;0.005772121250629425;0.45661041140556335;0.6094117760658264;-0.015855299308896065;0.47479180693626405;0.1935605973005295;-0.2679354816675186;0.5255057513713837;0.4843735322356224;-0.13468454591929913;0.4341554045677185;0.5008144751191139;-0.1811963990330696;0.48193342487017315;0.7594713767369589;0.13466435174147287;0.4586170216401418;0.7473088105519613;0.14646133035421371;alejandose
1.87;0.46868520975112915;0.21365170180797577;-0.26675429940223694;0.5120588541030884;0.2792249321937561;-0.1000966727733612;0.44105684757232666;0.2790316641330719;-0.12473006546497345;0.5226995348930359;0.3792308270931244;-0.04224395751953125;0.43226778507232666;0.380563884973526;-0.09117483347654343;0.49694621562957764;0.46486467123031616;0.010968768037855625;0.4554889500141144;0.46263760328292847;-0.011025541462004185;0.49154525995254517;0.6126545667648315;-0.006989473011344671;0.45670416951179504;0.6085962653160095;-0.012071049772202969;0.4747722834348679;0.19316935837268828;-0.26558139324188235;0.525385245680809;0.48532404005527496;-0.13926468044519424;0.4343462735414505;0.49932822585105896;-0.18281639739871025;0.48192041118939716;0.7566317121187845;0.12468007703622182;0.4583864410718282;0.72613126039505;0.2124137431383133;alejandose
1.9;0.46868833899497986;0.21372218430042267;-0.24515840411186218;0.5117039680480957;0.27916809916496277;-0.08069004863500595;0.4408770501613617;0.27924737334251404;-0.12114845961332321;0.5222147703170776;0.3792281746864319;-0.031708426773548126;0.4321688115596771;0.38015201687812805;-0.08900544047355652;0.4962240755558014;0.46501240134239197;0.011113435961306095;0.4554329514503479;0.46383339166641235;-0.011179294437170029;0.491565078496933;0.6128941774368286;-0.02571195736527443;0.45703330636024475;0.6113729476928711;-0.0031892210245132446;0.4748538345098495;0.19319360256195067;-0.24419160783290864;0.5252639502286911;0.48374420404434204;-0.13824660517275333;0.4340912848711014;0.4972797557711601;-0.18026703968644142;0.4824542999267578;0.7568424542744955;0.08962707904477914;0.4576902985572815;0.706294318040212;0.27581075330575305;alejandose
1.93;0.4686281681060791;0.21397477388381958;-0.2463131546974182;0.5110329389572144;0.2798403799533844;-0.08190388232469559;0.4407828450202942;0.2802429497241974;-0.12335877865552902;0.5215024352073669;0.37953028082847595;-0.03983001038432121;0.4321349561214447;0.38129374384880066;-0.09146838635206223;0.49555638432502747;0.4650825560092926;0.011091865599155426;0.45540204644203186;0.46494781970977783;-0.01114431768655777;0.4915313720703125;0.6108779907226562;-0.03436664864420891;0.4591718316078186;0.6118848919868469;0.016968142241239548;0.47480744421482085;0.19395705610513686;-0.24570205211639404;0.525025486946106;0.4832433760166168;-0.14687173813581467;0.43411534279584885;0.49784470349550247;-0.18234319612383842;0.4829144775867462;0.7566794951756796;0.05819540952021877;0.4574413597583771;0.684204121430715;0.3259684145450592;alejandose
1.97;0.4685956537723541;0.21542923152446747;-0.24395743012428284;0.5101613998413086;0.2812320590019226;-0.08283542841672897;0.440613329410553;0.2814617156982422;-0.12333766371011734;0.5206157565116882;0.3796919286251068;-0.04140409454703331;0.4317774474620819;0.38193029165267944;-0.0935259461402893;0.4950017035007477;0.4649171531200409;0.010915202088654041;0.45538192987442017;0.46565741300582886;-0.010968504473567009;0.4913218021392822;0.6073111891746521;-0.04803165793418884;0.46157306432724;0.6105872392654419;0.014181224629282951;0.47468185126781465;0.1960154116153717;-0.24343056976795197;0.5244977176189423;0.48178375512361526;-0.1495923101902008;0.4339820593595505;0.49836740642786026;-0.1836540624499321;0.48344317078590393;0.7564582427342733;0.03207623089353243;0.4575151701768239;0.6774614254633585;0.315112163623174;alejandose
2.0;0.46819567680358887;0.21803569793701172;-0.23576603829860687;0.509181022644043;0.28486260771751404;-0.07760506123304367;0.44015055894851685;0.28242629766464233;-0.1229921355843544;0.5196473598480225;0.3810983896255493;-0.03844539448618889;0.43108701705932617;0.3823338449001312;-0.09145490825176239;0.49442484974861145;0.464755654335022;0.011646990664303303;0.4552313983440399;0.4660476744174957;-0.011709880083799362;0.4912320375442505;0.6071246266365051;-0.03255244344472885;0.4619234502315521;0.6114825010299683;0.006872187834233046;0.47441363632678984;0.19895698726177216;-0.23547938019037246;0.5239748805761337;0.48222340643405914;-0.14688612148165703;0.43370021879673004;0.4962472543120384;-0.18290352448821068;0.48382119337717694;0.7560363014539083;0.053962508837381996;0.45777522524197894;0.6780417561531067;0.29951948920885724;alejandose
2.03;0.46765589714050293;0.22137174010276794;-0.2380240261554718;0.5071563720703125;0.2861245274543762;-0.07905958592891693;0.4390561878681183;0.28290462493896484;-0.1221204325556755;0.5182854533195496;0.3814086318016052;-0.03915373235940933;0.43085241317749023;0.3828222155570984;-0.09061172604560852;0.49353912472724915;0.46347320079803467;0.008895059116184711;0.45467427372932434;0.46597784757614136;-0.008939669467508793;0.49092933535575867;0.605137288570404;-0.0704130232334137;0.4616990387439728;0.6093543171882629;0.034899502992630005;0.47385469973087313;0.20182730555534362;-0.2380268782377243;0.5231601893901825;0.48198435455560684;-0.14582519605755806;0.43334922194480896;0.4962785840034485;-0.17961324751377106;0.4839675227801005;0.7543991009394327;-0.021830541392167408;0.45853041609128314;0.6803733706474304;0.3222716947396596;alejandose
2.07;0.466653436422348;0.22446411848068237;-0.2512582242488861;0.5052613019943237;0.2868475317955017;-0.09775736927986145;0.4374118745326996;0.28369224071502686;-0.12740564346313477;0.5169843435287476;0.38227808475494385;-0.05533263459801674;0.4300040900707245;0.38252726197242737;-0.09679417312145233;0.4928082823753357;0.46220922470092773;0.0028638604562729597;0.45383188128471375;0.465738445520401;-0.0028841528110206127;0.4908388555049896;0.6026996970176697;-0.07936593890190125;0.46154341101646423;0.6057297587394714;0.0588805191218853;0.4728996425867081;0.20475586503744125;-0.2525230094790459;0.5216454118490219;0.48244068771600723;-0.15429729595780373;0.4327532574534416;0.49454277753829956;-0.18362325802445412;0.48428137103716534;0.7519139448801676;-0.034428065928902164;0.46042155226071674;0.687012791633606;0.33002283175786334;alejandose
2.1;0.4656029939651489;0.22681832313537598;-0.25077351927757263;0.5034168362617493;0.2868620455265045;-0.10088948160409927;0.4361274242401123;0.28427621722221375;-0.1259850263595581;0.5150230526924133;0.3823294937610626;-0.057198986411094666;0.4287385046482086;0.3826090395450592;-0.09625096619129181;0.4919946491718292;0.46063873171806335;-0.0007957861525937915;0.4530777335166931;0.4645196497440338;0.0007851355476304889;0.4907989501953125;0.5980432629585266;-0.09621797502040863;0.46141496300697327;0.6005862951278687;0.0677337795495987;0.4718005955219269;0.2067554235458374;-0.2521091639995575;0.5193215757608414;0.48252253979444504;-0.15137692913413048;0.4320756420493126;0.4930306524038315;-0.18268157169222832;0.48483996589978534;0.749097486337026;-0.07043115794658661;0.46118006110191345;0.6892477671305338;0.32299695412317914;alejandose
2.13;0.464069128036499;0.2276347130537033;-0.25895270705223083;0.5018419027328491;0.2875352203845978;-0.11349010467529297;0.4340774118900299;0.2854160964488983;-0.12862302362918854;0.513029932975769;0.38279232382774353;-0.07806311547756195;0.42662790417671204;0.38280099630355835;-0.10280720889568329;0.49077749252319336;0.4609331786632538;-0.006384785287082195;0.45181551575660706;0.46423453092575073;0.006395784672349691;0.49075907468795776;0.5954780578613281;-0.11628693342208862;0.4605797827243805;0.5938830971717834;0.1049945279955864;0.47041738629341123;0.2076325610280037;-0.2604877308011055;0.5169095695018768;0.4822451323270798;-0.17169461026787758;0.431428886950016;0.4919675812125206;-0.18719756603240967;0.48580854137738544;0.746746559937795;-0.12330755839745204;0.4615640540917714;0.6906097332636515;0.3518012960751851;alejandose
2.17;0.46234777569770813;0.22742217779159546;-0.25941282510757446;0.5001675486564636;0.28743597865104675;-0.11353033781051636;0.43212515115737915;0.28613805770874023;-0.1323191374540329;0.5110034942626953;0.3817993998527527;-0.07505326718091965;0.42482492327690125;0.3826891779899597;-0.10826268047094345;0.4896571636199951;0.4601089656352997;-0.005291962996125221;0.4507386088371277;0.46193042397499084;0.0052951304242014885;0.48993271589279175;0.5921729207038879;-0.0825202539563179;0.4597553610801697;0.5879312753677368;0.0870872363448143;0.4688284248113632;0.2077348932623863;-0.2606125384569168;0.5154721587896347;0.4796746224164963;-0.1644771620631218;0.43083834648132324;0.4908815622329712;-0.19101610034704208;0.4860203166802724;0.7429855664571127;-0.06674161863823731;0.46126388510068256;0.6912289261817932;0.3134991427262624;alejandose
2.2;0.46085125207901;0.227060467004776;-0.2529910206794739;0.49875330924987793;0.2869231104850769;-0.11096816509962082;0.4306926727294922;0.286286324262619;-0.12833476066589355;0.5083913803100586;0.3773091733455658;-0.06915754079818726;0.4235077500343323;0.38198769092559814;-0.10796026885509491;0.4877387285232544;0.457704097032547;-0.006741583812981844;0.4493437707424164;0.4583530128002167;0.006737560965120792;0.48879408836364746;0.5884786248207092;-0.04255960136651993;0.457469642162323;0.5846245288848877;0.0763685405254364;0.4672372490167618;0.20768537670373916;-0.2546595841646194;0.5120663940906525;0.475950688123703;-0.15141188353300095;0.430419884622097;0.48886246979236603;-0.18043158203363419;0.4859897991021474;0.733606199423472;-0.03169251458408932;0.46082685391108197;0.6956906716028849;0.24315384527047476;alejandose
2.23;0.45995989441871643;0.22677461802959442;-0.22549057006835938;0.4977335035800934;0.284789115190506;-0.09697163850069046;0.4299961030483246;0.286474347114563;-0.10775120556354523;0.5057022571563721;0.36813274025917053;-0.05552922934293747;0.4226973056793213;0.3819182217121124;-0.08716075867414474;0.48597660660743713;0.456027090549469;-0.007773060817271471;0.4485771656036377;0.4574783444404602;0.007780216168612242;0.4875734746456146;0.5838850736618042;-0.03485112264752388;0.4569818377494812;0.5820115804672241;0.07835978269577026;0.46600576043128966;0.20750635862350464;-0.22683566957712173;0.5079546272754669;0.46475663781166077;-0.12738341465592384;0.4301334619522095;0.4874597638845444;-0.16300269588828087;0.4859383503595988;0.7270513772964478;-0.023287541543443997;0.4608992636203766;0.6958318750063578;0.2468045006195704;alejandose
2.27;0.4590509533882141;0.22645871341228485;-0.22243721783161163;0.49657660722732544;0.2811289131641388;-0.09365863353013992;0.42986732721328735;0.2861810624599457;-0.10273422300815582;0.504664957523346;0.3616671860218048;-0.05135445296764374;0.42149782180786133;0.3804006278514862;-0.07809372991323471;0.4850170612335205;0.4518266022205353;-0.006563844159245491;0.4483304023742676;0.4545148015022278;0.006567665841430426;0.48624104261398315;0.579114556312561;-0.019038528203964233;0.4568259119987488;0.5806336998939514;0.06406966596841812;0.4649358779191971;0.2072769433259964;-0.2236690789461136;0.5053817331790924;0.4590899124741554;-0.12634573690593243;0.4288194179534912;0.4847799241542816;-0.15458989143371582;0.48563462495803833;0.720471203327179;0.011127378791570663;0.46107029914855957;0.6971927483876547;0.19078989823659262;alejandose
2.3;0.45862093567848206;0.22616206109523773;-0.22417378425598145;0.4960394501686096;0.277654767036438;-0.09142837673425674;0.43002253770828247;0.2848934531211853;-0.10468248277902603;0.5040138363838196;0.3592401444911957;-0.043541908264160156;0.42110657691955566;0.3772529661655426;-0.07709553837776184;0.48449963331222534;0.4472125470638275;-0.003854662412777543;0.44833749532699585;0.44999876618385315;0.003847206011414528;0.48525917530059814;0.5764071941375732;-0.007782261352986097;0.4567553997039795;0.5775774717330933;0.030079888179898262;0.46433575451374054;0.20706447064876557;-0.22564018815755843;0.5038299113512039;0.4566426947712898;-0.11883244104683399;0.4270142912864685;0.48227331042289734;-0.15364302694797516;0.48460813363393146;0.7160526514053345;0.04342779175688823;0.46106229225794476;0.69853409131368;0.14567849536736807;alejandose
2.33;0.45822572708129883;0.2250378131866455;-0.22789567708969116;0.495449036359787;0.274580180644989;-0.09165944159030914;0.4301312565803528;0.2825940251350403;-0.10575176030397415;0.5042504072189331;0.35664474964141846;-0.045027825981378555;0.42106539011001587;0.37414979934692383;-0.07322049140930176;0.4843253493309021;0.4427335858345032;-0.0019828376825898886;0.4482561945915222;0.4463079571723938;0.0019551804289221764;0.4851781129837036;0.5717996954917908;-0.000312415708322078;0.45656171441078186;0.5734649896621704;0.015430235303938389;0.4638830304145813;0.20610996782779695;-0.22938242554664612;0.5025186091661453;0.4542577639222145;-0.12445828132331371;0.42544475197792053;0.47855620831251144;-0.14967208355665207;0.48370161652565;0.7092161377271017;0.07517642217377822;0.4610421160856883;0.6991636951764425;0.11552465458710988;alejandose
2.37;0.4575613737106323;0.22357885539531708;-0.20986080169677734;0.49519360065460205;0.27342796325683594;-0.08278819173574448;0.43026942014694214;0.28075268864631653;-0.09216015040874481;0.5040197372436523;0.3551887273788452;-0.03284662961959839;0.42114588618278503;0.3715188205242157;-0.06020069122314453;0.4842786490917206;0.4399726092815399;-0.0010606987634673715;0.44834592938423157;0.44367626309394836;0.001026148209348321;0.4851554036140442;0.5700786113739014;0.005628770682960749;0.45634332299232483;0.5738310217857361;0.006299140863120556;0.46319128572940826;0.20467980355024337;-0.21144766062498094;0.5013169348239899;0.45122339576482773;-0.10585000924766064;0.4251621291041374;0.47495702654123306;-0.13427647948265076;0.48355187972386676;0.7024695873260498;0.08683497707049052;0.460754136244456;0.6995080908139547;0.0924038365483284;alejandose
2.4;0.45718884468078613;0.2226710319519043;-0.2066442221403122;0.494861364364624;0.27287912368774414;-0.08046465367078781;0.4303099513053894;0.279072642326355;-0.08929270505905151;0.5037147402763367;0.35513103008270264;-0.031627725809812546;0.4212474524974823;0.36792901158332825;-0.05760050192475319;0.4838317930698395;0.4383743703365326;-0.00019649049500003457;0.44817662239074707;0.4418661296367645;0.00016229167522396892;0.4852934181690216;0.5660650134086609;0.01205963920801878;0.4554162323474884;0.5721868872642517;0.0072630783542990685;0.4629317373037338;0.20385930985212325;-0.2081910789012909;0.5006660223007202;0.45000549405813217;-0.10562548786401749;0.4251345470547676;0.4722784087061882;-0.1311775352805853;0.48326481382052106;0.6921554009119669;0.09349483748277028;0.46041669448216754;0.6990063190460205;0.09172917902469635;alejandose
2.43;0.45736393332481384;0.22235557436943054;-0.20071780681610107;0.49452608823776245;0.27272066473960876;-0.06853935122489929;0.43032965064048767;0.2790728509426117;-0.08895764499902725;0.5038277506828308;0.3544687032699585;-0.018530413508415222;0.42135322093963623;0.3685542941093445;-0.0616615004837513;0.48393508791923523;0.4381229281425476;0.005020099226385355;0.4482363164424896;0.44199231266975403;-0.005048030521720648;0.48537081480026245;0.5642481446266174;0.02127395011484623;0.45429518818855286;0.5715661644935608;0.0006944581982679665;0.46302774250507356;0.20362818092107773;-0.20088943988084793;0.5008076056838036;0.4475918188691139;-0.09394503384828568;0.4253407418727875;0.47207358479499817;-0.1366104669868946;0.4824842115243276;0.6823577483495077;0.11571029822031657;0.46004465222358704;0.6973200440406799;0.08756883256137371;alejandose
2.47;0.4574713408946991;0.22214375436306;-0.20056402683258057;0.4946078956127167;0.27311021089553833;-0.06141098216176033;0.43034669756889343;0.27921316027641296;-0.09002216905355453;0.5031076669692993;0.35527318716049194;-0.01374767068773508;0.42144668102264404;0.36868780851364136;-0.06529220193624496;0.4837287962436676;0.4392634928226471;0.009871144779026508;0.4482595920562744;0.4422697126865387;-0.009887073189020157;0.4854200780391693;0.5643081068992615;0.03508024662733078;0.4540218710899353;0.5716372132301331;-0.012970896437764168;0.4630907356739044;0.20356620401144027;-0.20064979195594787;0.500953733921051;0.44766661524772644;-0.0972690973430872;0.42542220652103424;0.47117113322019577;-0.14223406836390495;0.4813956320285797;0.6734481453895569;0.15623734146356583;0.4600029190381368;0.6973318854967753;0.06839571287855506;alejandose
2.5;0.4575873911380768;0.22215335071086884;-0.17948871850967407;0.49483340978622437;0.27337926626205444;-0.05083725228905678;0.43057915568351746;0.2793584167957306;-0.07320373505353928;0.5027163624763489;0.35624557733535767;-0.010879212990403175;0.42148011922836304;0.3683946430683136;-0.05315592512488365;0.4837096333503723;0.4402889609336853;0.009906013496220112;0.4482768476009369;0.44299787282943726;-0.009909347631037235;0.4852811396121979;0.5650635957717896;0.03669347986578941;0.4536049962043762;0.5716367363929749;-0.015864234417676926;0.4631640136241913;0.20362767279148103;-0.17941334545612336;0.5008110105991364;0.449225589632988;-0.09872432611882687;0.42548053711652756;0.46976350247859955;-0.13263320922851562;0.4801134765148163;0.6659712791442871;0.17001728216807047;0.45988185207049054;0.6970984935760498;0.057533476734533906;alejandose
2.53;0.4576735496520996;0.22237545251846313;-0.18025673925876617;0.4949774444103241;0.2734604477882385;-0.05226161703467369;0.43133312463760376;0.2793872654438019;-0.0687151700258255;0.5026814937591553;0.35637086629867554;-0.012564990669488907;0.422162801027298;0.36806413531303406;-0.044170014560222626;0.4836035966873169;0.4407752454280853;0.009478619322180748;0.44826388359069824;0.44259071350097656;-0.009479006752371788;0.48517268896102905;0.5648559331893921;0.031357746571302414;0.45365431904792786;0.5705597400665283;-0.020413093268871307;0.46321158707141874;0.2041867509484291;-0.1806893341243267;0.5003869906067848;0.4501536786556244;-0.10266239009797573;0.42537516355514526;0.46881501376628876;-0.12441389262676239;0.4787655472755432;0.6594516237576803;0.18770372867584229;0.45999057094256085;0.6966677109400431;0.04738328419625759;alejandose
2.57;0.4577357769012451;0.22310031950473785;-0.18857309222221375;0.49504196643829346;0.27415433526039124;-0.06023990362882614;0.4323182702064514;0.2799955904483795;-0.07400833070278168;0.5027451515197754;0.35676828026771545;-0.018125824630260468;0.42412543296813965;0.36827123165130615;-0.047472842037677765;0.48351189494132996;0.4410347640514374;0.008605815470218658;0.4482710361480713;0.44200894236564636;-0.008610593155026436;0.48485735058784485;0.5647947788238525;0.029736049473285675;0.45373427867889404;0.5700653195381165;-0.021727487444877625;0.46326079666614534;0.20530709773302078;-0.1895739197731018;0.5007954388856888;0.45055627077817917;-0.10487514920532703;0.425285242497921;0.4695052281022072;-0.12887863256037235;0.47792818148930866;0.6579844752947489;0.1869277060031891;0.45983728766441345;0.6967024008433024;0.032456871743003525;alejandose
2.6;0.45783793926239014;0.22486363351345062;-0.2020086646080017;0.49541154503822327;0.27560359239578247;-0.07548335194587708;0.4337781071662903;0.2806786894798279;-0.08415037393569946;0.5028770565986633;0.3577979505062103;-0.03289538994431496;0.42695873975753784;0.3684248626232147;-0.0521869920194149;0.48350784182548523;0.441302090883255;0.008566800504922867;0.4482859969139099;0.4416125416755676;-0.008563974872231483;0.4835803806781769;0.5650622844696045;0.029519839212298393;0.4537464380264282;0.5682716965675354;-0.02508573979139328;0.4633594036102295;0.20762553662061692;-0.20481895059347152;0.501111589372158;0.45751193165779114;-0.11310475319623947;0.42582859098911285;0.4699943885207176;-0.13453680649399757;0.4766032000382741;0.6589444875717163;0.19077458480993906;0.4596774180730184;0.6967042883237203;0.025086861103773117;alejandose
2.63;0.45853421092033386;0.22747795283794403;-0.1982431560754776;0.49614354968070984;0.2781021296977997;-0.07520885020494461;0.43560129404067993;0.2820131182670593;-0.08370117098093033;0.5033155083656311;0.364830881357193;-0.03214090317487717;0.430768221616745;0.3686005771160126;-0.053067874163389206;0.4835509657859802;0.44140002131462097;0.007908312603831291;0.4484841227531433;0.441755473613739;-0.007923303171992302;0.48226287961006165;0.5640574097633362;0.026005679741501808;0.4539678990840912;0.566565752029419;-0.023126058280467987;0.46378151178359983;0.21035362780094147;-0.2007503941655159;0.5032686442136765;0.46191736310720444;-0.11058167926967144;0.42741939425468445;0.47042497992515564;-0.13385993242263794;0.4756689469019572;0.6648299892743429;0.15776521215836206;0.4594619671503703;0.6964526176452637;0.039553033808867134;alejandose
2.67;0.4597979485988617;0.22955328226089478;-0.19755032658576965;0.49715128540992737;0.2803241014480591;-0.07255379110574722;0.43738609552383423;0.2827315926551819;-0.08437303453683853;0.5048726797103882;0.36701470613479614;-0.02875661663711071;0.43286898732185364;0.3685765862464905;-0.05437328293919563;0.48369893431663513;0.4415792226791382;0.008416575379669666;0.4491925537586212;0.4419414699077606;-0.008441179059445858;0.4818597435951233;0.5630210638046265;0.030104145407676697;0.4542076587677002;0.5646685361862183;-0.03165338188409805;0.46470971405506134;0.21248800456523895;-0.19990732669830322;0.5070447772741318;0.46183840185403824;-0.10343042202293873;0.42926494777202606;0.4703505411744118;-0.13329562731087208;0.4755013982454936;0.6676387389500936;0.14822229743003845;0.4589908222357432;0.6959141294161478;0.02774177740017573;alejandose
2.7;0.4620334804058075;0.23134398460388184;-0.19034616649150848;0.49792253971099854;0.28131458163261414;-0.061967767775058746;0.43879130482673645;0.28424185514450073;-0.08171126246452332;0.5062205791473389;0.36717215180397034;-0.019960101693868637;0.4342425465583801;0.36864471435546875;-0.0529923178255558;0.4843214154243469;0.44162946939468384;0.009381686337292194;0.4509754776954651;0.44208335876464844;-0.009396903216838837;0.481799840927124;0.5603844523429871;0.02905757911503315;0.4543605446815491;0.5634774565696716;-0.038638681173324585;0.4664038151502609;0.21397507041692734;-0.19160456508398055;0.5092489272356033;0.4616100415587425;-0.0977297555655241;0.43077653646469116;0.46942082047462463;-0.131772231310606;0.47519604365030926;0.6680742502212524;0.14078150937954584;0.45870474974314374;0.6947900652885437;0.01622273027896881;alejandose
2.73;0.4645928144454956;0.23174330592155457;-0.17649289965629578;0.49861207604408264;0.2813829183578491;-0.050760336220264435;0.4399835467338562;0.28499409556388855;-0.07577823847532272;0.5066543221473694;0.3668653666973114;-0.011628449894487858;0.4352397322654724;0.36871394515037537;-0.051861148327589035;0.48539862036705017;0.4417876601219177;0.0099503668025136;0.45271265506744385;0.44214218854904175;-0.009952946566045284;0.4819122850894928;0.5561667084693909;0.028891965746879578;0.4545343220233917;0.5609146952629089;-0.039211250841617584;0.4686428338289261;0.21401694118976594;-0.17713028714060783;0.5101847350597382;0.4613999128341675;-0.09045546315610409;0.43259742856025696;0.46738334745168686;-0.1291008461266756;0.4751914441585541;0.6667816241582235;0.11871295670668285;0.458174188931783;0.6930131514867147;0.007053268452485402;alejandose
2.77;0.4661949872970581;0.23141469061374664;-0.16849017143249512;0.4993244707584381;0.28131091594696045;-0.04192597419023514;0.4414690136909485;0.2848312556743622;-0.07280073314905167;0.5071406960487366;0.366653710603714;-0.001746101537719369;0.4360145330429077;0.36792248487472534;-0.05097261443734169;0.4865672290325165;0.4404357075691223;0.012392423115670681;0.454525351524353;0.4398558437824249;-0.012404626235365868;0.48195382952690125;0.5524036884307861;0.030089782550930977;0.45517995953559875;0.5566937923431396;-0.03131754323840141;0.4704580962657928;0.21359879225492479;-0.16816817671060563;0.5105628669261932;0.45897630602121353;-0.08007412403821945;0.43406905233860016;0.4626441225409508;-0.12519488669931889;0.47539908687273663;0.6654192407925924;0.11264044046401978;0.4574478367964427;0.6861138939857483;0.024685064951578777;alejandose
2.8;0.4672560691833496;0.23115290701389313;-0.16234882175922394;0.4995630979537964;0.28033551573753357;-0.04342987388372421;0.4423087537288666;0.2840043008327484;-0.066229909658432;0.5075538754463196;0.36276766657829285;-0.004377870820462704;0.4365886151790619;0.36655983328819275;-0.04404211416840553;0.4870443046092987;0.43798449635505676;0.01092833187431097;0.45512059330940247;0.43756958842277527;-0.01092261727899313;0.4821721911430359;0.5497303605079651;0.02861013263463974;0.45543065667152405;0.5535280108451843;-0.023189134895801544;0.4716022938489914;0.21334219127893447;-0.1622581884264946;0.5109677016735077;0.45361511409282684;-0.07845380436629057;0.4360332041978836;0.46089135855436325;-0.11511912569403648;0.4755250612894694;0.6640854080518087;0.09017143025994301;0.4569633404413859;0.6800959308942159;0.03057867909471194;alejandose
2.83;0.4676890969276428;0.23105493187904358;-0.16520531475543976;0.499725878238678;0.278762549161911;-0.04847468435764313;0.44301366806030273;0.28228771686553955;-0.06371495872735977;0.5078058838844299;0.3589048683643341;-0.008079581893980503;0.4373166561126709;0.36392372846603394;-0.03942101448774338;0.48745620250701904;0.43516895174980164;0.004096925724297762;0.4555811882019043;0.4343741238117218;-0.0040864706970751286;0.4822806119918823;0.5496262311935425;0.013094838708639145;0.4554232358932495;0.5520268678665161;-0.00959500577300787;0.47221437096595764;0.21320371329784393;-0.1654037907719612;0.5116960257291794;0.44968948513269424;-0.07973623089492321;0.4373481348156929;0.4575198218226433;-0.11310569196939468;0.4754829208056132;0.663521945476532;0.08129142721494038;0.4553626974423726;0.6771219174067179;0.04421287837127844;alejandose
2.87;0.46808576583862305;0.23079589009284973;-0.1669275313615799;0.49983030557632446;0.27729108929634094;-0.05718626454472542;0.4434615671634674;0.2805156707763672;-0.0677649974822998;0.508070170879364;0.3565487563610077;-0.013601908460259438;0.43789172172546387;0.36146530508995056;-0.042565975338220596;0.48771271109580994;0.4309178292751312;0.001466327696107328;0.4558202922344208;0.43004557490348816;-0.0014479761011898518;0.48235073685646057;0.5479454398155212;0.014253530651330948;0.4551789164543152;0.5494251847267151;-0.00539349066093564;0.47269831597805023;0.2130502000451088;-0.16766247674822807;0.5116991549730301;0.44622645527124405;-0.08438451960682869;0.4376942813396454;0.4535740315914154;-0.11814318597316742;0.4755997856458028;0.6627166668574015;0.07428196196754773;0.45422521233558655;0.6749413013458252;0.04393379079798857;alejandose
2.9;0.46835094690322876;0.23005180060863495;-0.17158907651901245;0.49986782670021057;0.2761092185974121;-0.056632451713085175;0.4438718259334564;0.27877601981163025;-0.06698990613222122;0.5082435607910156;0.3542681336402893;-0.013706180267035961;0.43789926171302795;0.3584730923175812;-0.04009009897708893;0.48769453167915344;0.42872434854507446;0.0006067785434424877;0.4559355080127716;0.4273873567581177;-0.0005869172746315598;0.4821685552597046;0.546160876750946;0.010388023220002651;0.45455968379974365;0.5467527508735657;-0.001568612176924944;0.47306385934352874;0.21269539147615432;-0.17226071134209633;0.5117645263671875;0.44384925812482834;-0.08564266748726368;0.43740303814411163;0.44641492515802383;-0.11792971566319466;0.47561463713645935;0.6624065836270651;0.06635999182860057;0.45411791404088336;0.6722939411799113;0.05145628533015648;alejandose
2.93;0.4685558080673218;0.22927521169185638;-0.1739725023508072;0.49987608194351196;0.27552530169487;-0.05810430273413658;0.44405683875083923;0.2775481343269348;-0.06884822994470596;0.5082038640975952;0.3522467315196991;-0.014234606176614761;0.43805909156799316;0.3572659492492676;-0.04137791693210602;0.48757877945899963;0.42717763781547546;0.00014290149556472898;0.45574846863746643;0.4254802167415619;-0.0001426161325071007;0.48190435767173767;0.5434018969535828;0.0015059453435242176;0.45395663380622864;0.5444796681404114;-0.0020114185754209757;0.473282989859581;0.21235570609569548;-0.17474514171481131;0.511628121137619;0.4406416788697243;-0.08645298890769482;0.43730854243040085;0.44577112048864365;-0.11713245138525963;0.4756585955619812;0.6602695981661478;0.06826884113252163;0.45452714959780377;0.6649932662645975;0.06345892511308193;alejandose
2.97;0.4686833918094635;0.228608638048172;-0.1744268536567688;0.49986234307289124;0.27481356263160706;-0.062252845615148544;0.44427815079689026;0.276757150888443;-0.06979028135538101;0.5081844329833984;0.35079291462898254;-0.02014058455824852;0.43843910098075867;0.35626155138015747;-0.042591165751218796;0.4873262941837311;0.4252462089061737;-0.001706420094706118;0.45560523867607117;0.42299944162368774;0.001700801425613463;0.4819771647453308;0.540137529373169;-0.011606570333242416;0.4533448815345764;0.5404227375984192;0.004794175270944834;0.4733841449022293;0.2120347112417221;-0.17575564086437226;0.5114934295415878;0.43812280893325806;-0.09363033436238766;0.4376485049724579;0.44610822945833206;-0.11834395490586758;0.47569669286410016;0.660011867682139;0.03827091151227554;0.4550259510676066;0.6545536915461222;0.08080568040410678;alejandose
3.0;0.4686903655529022;0.2280299961566925;-0.18481989204883575;0.49980428814888;0.274423748254776;-0.06679917871952057;0.444216251373291;0.2766954004764557;-0.07877013087272644;0.5080556869506836;0.3495659828186035;-0.026085279881954193;0.4381549656391144;0.3556707799434662;-0.05288689211010933;0.48699140548706055;0.4235289394855499;-0.001155966892838478;0.45551055669784546;0.4213133454322815;0.0011417472269386053;0.48201659321784973;0.5377504825592041;-0.02224132791161537;0.4527834355831146;0.53826504945755;0.0008704827632755041;0.4733433425426483;0.21167367994785308;-0.18496859595179557;0.5114025920629501;0.4363330602645874;-0.10262764804065228;0.43736550956964493;0.44518692046403885;-0.1276365201920271;0.4757762551307678;0.6569544672966003;0.043142735958099365;0.4555852711200714;0.6453145742416382;0.10146704564491908;alejandose
3.03;0.468701034784317;0.2276695817708969;-0.18425272405147552;0.4994506239891052;0.27394169569015503;-0.0661936104297638;0.4441593885421753;0.27608925104141235;-0.07825016230344772;0.5078998804092407;0.34790199995040894;-0.02456017956137657;0.43795329332351685;0.3535712957382202;-0.052775509655475616;0.4868201017379761;0.42326417565345764;-0.000606817367952317;0.4554472267627716;0.42129045724868774;0.0005946456221863627;0.4820536971092224;0.5372810363769531;-0.03469695523381233;0.45191189646720886;0.538564145565033;0.004801447037607431;0.47328305840492246;0.21149545162916183;-0.1844530649483204;0.5113140791654587;0.4341357722878456;-0.10704672522842884;0.4372027665376663;0.4445316568017006;-0.12890992499887943;0.4758908649285634;0.6550114552179972;0.03223588255544504;0.45596234997113544;0.634775718053182;0.16083617756764093;alejandose
3.07;0.4685792326927185;0.22763031721115112;-0.1842600554227829;0.4989703297615051;0.27387359738349915;-0.06461508572101593;0.4440193176269531;0.27593281865119934;-0.07947865128517151;0.5075610280036926;0.3480319380760193;-0.023548264056444168;0.4376480281352997;0.3537456691265106;-0.053807757794857025;0.48635435104370117;0.42370977997779846;-0.0004782765172421932;0.4553926885128021;0.42185449600219727;0.00045539240818470716;0.48202815651893616;0.5380305051803589;-0.03516659885644913;0.4515092670917511;0.5398982763290405;0.015139169991016388;0.4731839746236801;0.2114310786128044;-0.1843520447611809;0.5111546814441681;0.43473878502845764;-0.10727467201650143;0.4369819909334183;0.4450673758983612;-0.1303369700908661;0.47598422567049664;0.6545099020004272;0.03051504058142503;0.4565841257572174;0.6252095301946005;0.2045037696758906;alejandose
3.1;0.46848922967910767;0.22762273252010345;-0.19052593410015106;0.4985736608505249;0.2739313542842865;-0.06313645094633102;0.4438900947570801;0.2760264575481415;-0.08930374681949615;0.5073421001434326;0.3486795127391815;-0.0236037764698267;0.4371436834335327;0.3541640639305115;-0.06341922283172607;0.4860144853591919;0.423453688621521;0.003992605023086071;0.4553534686565399;0.42213448882102966;-0.00401987973600626;0.4820142090320587;0.5381265878677368;-0.03247839957475662;0.4516647756099701;0.5407084226608276;0.017447371035814285;0.47302967607975005;0.21139783561229705;-0.19009848088026046;0.5110658258199692;0.43506138026714325;-0.11225616559386253;0.43637946248054504;0.44534824788570404;-0.13816198706626892;0.4760615328947703;0.6538048187891642;0.03049985071023305;0.45783600211143494;0.6133090853691101;0.23780466616153717;alejandose
3.13;0.46821409463882446;0.2276051640510559;-0.19719424843788147;0.49799638986587524;0.2743562161922455;-0.06369726359844208;0.4433562457561493;0.27610984444618225;-0.0956992581486702;0.5065398216247559;0.3494863510131836;-0.02723722718656063;0.43623870611190796;0.35430285334587097;-0.06863624602556229;0.485391229391098;0.4223704934120178;0.007208541966974735;0.4549976885318756;0.4216952621936798;-0.007245820481330156;0.4819190800189972;0.5376780033111572;-0.027513643726706505;0.45344504714012146;0.5394216179847717;0.011968239210546017;0.4727145701646805;0.2114217460155487;-0.19666793793439866;0.5108387768268585;0.43426957726478577;-0.1188521459698677;0.4350970387458801;0.44411979615688324;-0.14249514788389206;0.47633177042007446;0.6535183191299438;0.036649838710824646;0.4582591652870178;0.612041175365448;0.22742373247941336;alejandose
3.17;0.4676221013069153;0.22794440388679504;-0.20710895955562592;0.497427374124527;0.2747778594493866;-0.0661841407418251;0.44254663586616516;0.2762806713581085;-0.10782269388437271;0.5059407949447632;0.3497410714626312;-0.028754059225320816;0.43480944633483887;0.35457903146743774;-0.0830281525850296;0.4849925935268402;0.4210428297519684;0.010192809626460075;0.4547324776649475;0.4208658039569855;-0.010224909521639347;0.4819241762161255;0.5344693660736084;-0.030379708856344223;0.45564302802085876;0.5348833799362183;0.011460499837994576;0.4723205238580704;0.21208643764257432;-0.206715327501297;0.5105975717306137;0.4339354783296585;-0.11822927929461002;0.4345216825604439;0.443767212331295;-0.1548270359635353;0.477040300766627;0.6533469557762146;0.015126697719097137;0.4584074219067891;0.616083562374115;0.2149432748556137;alejandose
3.2;0.46638453006744385;0.2285403609275818;-0.2005017101764679;0.49677687883377075;0.2762739956378937;-0.065566286444664;0.4415132701396942;0.277666836977005;-0.10219912230968475;0.505384087562561;0.3528496325016022;-0.02835802175104618;0.4332214295864105;0.354882150888443;-0.07722734659910202;0.48483937978744507;0.4209827482700348;0.00935362558811903;0.45471203327178955;0.42115405201911926;-0.009380958043038845;0.48172271251678467;0.5334011912345886;-0.029406223446130753;0.45634281635284424;0.5351026654243469;0.019182289019227028;0.47117614150047304;0.2129634991288185;-0.2002072587609291;0.5097269862890244;0.4336197227239609;-0.10690008848905563;0.4342645928263664;0.4438086822628975;-0.14653971791267395;0.47727228204409283;0.6529672940572103;0.010294045011202494;0.4581824839115143;0.6213661233584086;0.19715131322542825;alejandose
3.23;0.46457165479660034;0.2297249287366867;-0.2005482316017151;0.4954257607460022;0.2777162194252014;-0.07590167969465256;0.4398190379142761;0.27882376313209534;-0.101573146879673;0.5042383074760437;0.3558688759803772;-0.03472563624382019;0.43202823400497437;0.3555739223957062;-0.07754470407962799;0.4845704138278961;0.42119598388671875;0.0067321001552045345;0.4545378088951111;0.4213791787624359;-0.006774442736059427;0.48151546716690063;0.5330848097801208;-0.027693137526512146;0.45648571848869324;0.5349788069725037;0.023076368495821953;0.46961482167243956;0.21438156962394714;-0.20063047409057616;0.5083740949630737;0.4338337182998657;-0.10619417391717434;0.434198297560215;0.44410843402147293;-0.14436767995357513;0.4776719808578491;0.652572770913442;0.025116571535666782;0.4580707649389903;0.6242813865343729;0.17979328334331512;alejandose
3.27;0.46308305859565735;0.23051030933856964;-0.19925856590270996;0.49386024475097656;0.27952590584754944;-0.08125587552785873;0.4383876323699951;0.27951779961586;-0.09901786595582962;0.5021475553512573;0.3581225574016571;-0.04067531228065491;0.43131521344184875;0.3561123013496399;-0.07499431073665619;0.4840300679206848;0.4208969473838806;0.0008132636430673301;0.45392870903015137;0.4215770661830902;-0.0008391924784518778;0.4814082384109497;0.5323485732078552;-0.02676122449338436;0.4566560685634613;0.5329668521881104;0.036737121641635895;0.4683288842439651;0.21535864770412444;-0.19952111393213273;0.5061251074075699;0.4340168759226799;-0.10594070330262184;0.4340328499674797;0.44427958130836487;-0.1426968164741993;0.4778333405653636;0.6524438460667928;0.005166331306099892;0.4576846162478129;0.6254965861638387;0.17551047106583914;alejandose
3.3;0.4616135358810425;0.2305341511964798;-0.18571551144123077;0.49239903688430786;0.27989092469215393;-0.07662126421928406;0.43683257699012756;0.2795462906360626;-0.08668927103281021;0.5003072619438171;0.35797545313835144;-0.03624920919537544;0.4308006465435028;0.3562421202659607;-0.062348995357751846;0.48326894640922546;0.42079877853393555;-0.0015881543513387442;0.4528469145298004;0.4216741919517517;0.0015684065874665976;0.48113879561424255;0.5314608812332153;-0.0287065040320158;0.4565819501876831;0.5312522053718567;0.0365518294274807;0.46705482602119447;0.21555815637111664;-0.18569211810827255;0.5034592300653458;0.43510566651821136;-0.09856718592345715;0.4337156191468239;0.44440653175115585;-0.12716227397322655;0.4777835011482239;0.6511566638946533;-0.002664094790816307;0.4578510622183482;0.6257279316584269;0.17451134324073792;alejandose
3.33;0.46019697189331055;0.23047755658626556;-0.17855797708034515;0.4912073314189911;0.2797747850418091;-0.07225963473320007;0.43579307198524475;0.27954530715942383;-0.08158992975950241;0.49878671765327454;0.3579241931438446;-0.03403082862496376;0.4303342401981354;0.3563419580459595;-0.05725416913628578;0.4822302460670471;0.4205825626850128;-0.0013167510041967034;0.45177334547042847;0.421542763710022;0.0012932594399899244;0.4808681905269623;0.5296575427055359;-0.02787162736058235;0.4565412402153015;0.5300880670547485;0.03142957389354706;0.46562195420265196;0.21550512611865996;-0.17843080013990403;0.5008304193615913;0.43532201647758484;-0.09269546158611774;0.43293672800064087;0.44436241686344147;-0.12081762216985226;0.47751657168070477;0.6476098696390787;0.004186936964591344;0.45825594663619995;0.6256838043530782;0.16787797709306082;alejandose
3.37;0.45925965905189514;0.23046499490737915;-0.17037297785282135;0.49056944251060486;0.27920860052108765;-0.06465765088796616;0.43535178899765015;0.2793898582458496;-0.07303930819034576;0.4977905750274658;0.3539462983608246;-0.02585957571864128;0.4299909472465515;0.35580870509147644;-0.045934662222862244;0.481017142534256;0.4196869432926178;-0.0011579710990190506;0.4504972994327545;0.4201972186565399;0.0011355631286278367;0.4801996648311615;0.5284290313720703;-0.021455636247992516;0.45608747005462646;0.5284013152122498;0.02989836409687996;0.46452368795871735;0.2155194342136383;-0.17120998799800874;0.49922873824834824;0.4350730776786804;-0.08735034614801407;0.43169011175632477;0.4436625614762306;-0.1111696157604456;0.47700215379397076;0.6443639596303304;0.011574217428763708;0.45825086037317914;0.6257855693499247;0.1372928445537885;alejandose
3.4;0.45849141478538513;0.23044157028198242;-0.15213479101657867;0.49003538489341736;0.2784040570259094;-0.056559037417173386;0.4351177215576172;0.2792664170265198;-0.05733085051178932;0.49712786078453064;0.3492906987667084;-0.01912504993379116;0.4297984838485718;0.3546367883682251;-0.029217667877674103;0.4797624945640564;0.4184529483318329;-0.0022667443845421076;0.44951316714286804;0.41892823576927185;0.002243475988507271;0.4793054163455963;0.5267146229743958;-0.01359213050454855;0.45579466223716736;0.5262690186500549;0.02377772331237793;0.4635196149349213;0.21561365127563475;-0.15350520089268685;0.49643541127443314;0.43141310662031174;-0.0797366127371788;0.4302542358636856;0.4419740289449692;-0.09322602115571499;0.47682613134384155;0.6398887038230896;0.015489685659607252;0.45798976222674054;0.6259932915369669;0.10043391833702724;alejandose
3.43;0.4575413465499878;0.2304822951555252;-0.14566686749458313;0.4894322454929352;0.27725157141685486;-0.055840276181697845;0.4347788691520691;0.27907076478004456;-0.050189003348350525;0.49692338705062866;0.3459869921207428;-0.020970802754163742;0.42925915122032166;0.35354843735694885;-0.02247575856745243;0.478850781917572;0.41740354895591736;-0.002826284384354949;0.4486517012119293;0.4179709553718567;0.0028101003263145685;0.4786285161972046;0.5248464345932007;-0.013860144652426243;0.4557143747806549;0.5250838398933411;0.021749475970864296;0.46239833533763885;0.21580733954906464;-0.14738511964678763;0.49454958736896515;0.43006374686956406;-0.08385335840284824;0.42958251386880875;0.4407564625144005;-0.08707799948751926;0.47705451647440594;0.6387035846710205;0.014081332832574844;0.4578918218612671;0.6262993812561035;0.09432884554068248;alejandose
3.47;0.4569620192050934;0.23059676587581635;-0.15509703755378723;0.48905616998672485;0.27609720826148987;-0.05617212504148483;0.4344993531703949;0.27906715869903564;-0.05784778296947479;0.4969726800918579;0.34501034021377563;-0.024863455444574356;0.42864108085632324;0.3535192906856537;-0.02810162492096424;0.478192001581192;0.41616544127464294;-0.0025012691039592028;0.4480656385421753;0.4172033965587616;0.002479417249560356;0.47836869955062866;0.5238761305809021;-0.008350519463419914;0.45564672350883484;0.524793267250061;0.015170872211456299;0.4617676496505737;0.21609276235103608;-0.15703674554824829;0.49395741522312164;0.4298100098967552;-0.0874069556593895;0.4289638549089432;0.44051694869995117;-0.09139281697571278;0.4772884448369344;0.6369940439860026;0.02264294462899367;0.4579233725865682;0.6263571580251058;0.0791432832678159;alejandose
3.5;0.4566448926925659;0.2307601273059845;-0.15118452906608582;0.48845523595809937;0.2750548720359802;-0.05733249709010124;0.43432384729385376;0.27911680936813354;-0.052023712545633316;0.4968116581439972;0.3440355956554413;-0.025454891845583916;0.4284229576587677;0.3536519706249237;-0.02285703644156456;0.4777335524559021;0.4155259132385254;-0.003108594100922346;0.4479266107082367;0.4167865514755249;0.0030843615531921387;0.478111207485199;0.5237075090408325;-0.008237551897764206;0.4553559124469757;0.5240625739097595;0.013087515719234943;0.461370912194252;0.21638765931129456;-0.15329901352524758;0.49345801770687103;0.4288346618413925;-0.09087927639484406;0.42861446738243103;0.44058990478515625;-0.08917437866330147;0.4777083496252696;0.6360743244489034;0.028548063710331917;0.4578022062778473;0.626465638478597;0.07786478971441586;alejandose
3.53;0.456472247838974;0.23109644651412964;-0.15526363253593445;0.4883362352848053;0.2740364372730255;-0.05745301768183708;0.4343087673187256;0.2791270613670349;-0.056288089603185654;0.49658459424972534;0.34340959787368774;-0.026968302205204964;0.42840227484703064;0.35374799370765686;-0.02552412636578083;0.4777987003326416;0.4142729938030243;-0.0028124451637268066;0.4479961097240448;0.4156123697757721;0.002789287129417062;0.4776095151901245;0.5223837494850159;-0.0045942822471261024;0.45512980222702026;0.5232682824134827;0.00529065914452076;0.46114556193351747;0.21676067858934403;-0.15736206397414207;0.49329734593629837;0.4280584827065468;-0.09138884581625462;0.4281839281320572;0.4405755549669266;-0.08925912342965603;0.4780270953973134;0.6347482005755106;0.03417392695943514;0.4577515820662181;0.6263879934946696;0.05943707780291637;alejandose
3.57;0.4563424587249756;0.23123033344745636;-0.1585467904806137;0.4881683886051178;0.27318283915519714;-0.06122449040412903;0.43431785702705383;0.27911990880966187;-0.05870959535241127;0.4962788224220276;0.3430325388908386;-0.028661374002695084;0.42845654487609863;0.3537997305393219;-0.026117397472262383;0.4779469072818756;0.41290539503097534;-0.0026159370318055153;0.4481388032436371;0.41475385427474976;0.0025915298610925674;0.47761720418930054;0.5212666988372803;-0.0006253937026485801;0.45504817366600037;0.5229160785675049;0.004014421254396439;0.46097456812858584;0.21692907214164733;-0.16037751510739326;0.4934724196791649;0.42671553790569305;-0.09169935435056686;0.4278915524482727;0.4405166581273079;-0.08859065920114517;0.47888802488644916;0.6326568325360616;0.04304883171183368;0.45772601167360943;0.6265759468078613;0.05873948677132527;alejandose
3.6;0.4562954902648926;0.23128288984298706;-0.16208846867084503;0.48815053701400757;0.27311649918556213;-0.06623630225658417;0.4344138503074646;0.27897268533706665;-0.060157522559165955;0.49604955315589905;0.3435143530368805;-0.030449246987700462;0.42855551838874817;0.35372093319892883;-0.02855181321501732;0.4779432713985443;0.4117494225502014;-0.002574092010036111;0.44815292954444885;0.4134579598903656;0.002552204066887498;0.4776098430156708;0.5204388499259949;0.0038839636836200953;0.45489150285720825;0.52192622423172;0.00416580168530345;0.4608993142843246;0.21699258536100388;-0.165401391685009;0.4940055161714554;0.4260895475745201;-0.0919527467340231;0.42764266580343246;0.43996333330869675;-0.09117023646831512;0.47923484444618225;0.627661943435669;0.05125523063664635;0.4576558272043864;0.6262500087420145;0.05909401116271814;alejandose
3.63;0.45638933777809143;0.23143206536769867;-0.1704091727733612;0.48808178305625916;0.27282342314720154;-0.06904388964176178;0.43446144461631775;0.2788149416446686;-0.0665457546710968;0.49598202109336853;0.34371933341026306;-0.031031882390379906;0.42862775921821594;0.35374611616134644;-0.03407535329461098;0.47797495126724243;0.41064006090164185;-0.0021716724149882793;0.4482320249080658;0.41223061084747314;0.002138130133971572;0.4775260388851166;0.519824743270874;0.0050008841790258884;0.4548426866531372;0.5212388038635254;0.002748958533629775;0.46096580028533934;0.21718666404485704;-0.17358338758349418;0.49420635402202606;0.4250265136361122;-0.09320480562746525;0.4277219772338867;0.4396112635731697;-0.09837498888373375;0.4791974524656932;0.6246552467346191;0.05366617254912853;0.4574856062730153;0.6264070471127828;0.05589712907870611;alejandose
3.67;0.4564647972583771;0.23144730925559998;-0.16936258971691132;0.4880320131778717;0.2727217376232147;-0.06690879911184311;0.43456652760505676;0.27860668301582336;-0.06628652662038803;0.49599307775497437;0.34351080656051636;-0.02808215282857418;0.4286849796772003;0.3529886305332184;-0.0341624841094017;0.4779230058193207;0.4104483425617218;-0.0012689772993326187;0.4482897222042084;0.411832720041275;0.0012317773653194308;0.4773578941822052;0.5197532176971436;0.006104352418333292;0.45458510518074036;0.5207957029342651;0.0012522449251264334;0.4610427677631378;0.2172023206949234;-0.17274973317980766;0.4944726377725601;0.42364516854286194;-0.09102228097617626;0.42783309519290924;0.43876471370458603;-0.09864235669374466;0.479203462600708;0.6216244101524353;0.05695990504076084;0.4573250313599904;0.6264782945315043;0.055282220554848514;alejandose
3.7;0.4565572440624237;0.23126597702503204;-0.1688823699951172;0.48811981081962585;0.27274930477142334;-0.06629232317209244;0.4348605275154114;0.27830058336257935;-0.06718309968709946;0.4960625171661377;0.34355270862579346;-0.02808896079659462;0.42891818284988403;0.3523857891559601;-0.03699140623211861;0.47793111205101013;0.41055595874786377;0.000838856038171798;0.44831639528274536;0.41175708174705505;-0.0008843990508466959;0.4773651361465454;0.5195582509040833;0.011899090372025967;0.4544937312602997;0.5206633806228638;-0.001975275808945298;0.46113320589065554;0.21708058714866638;-0.1717866539955139;0.4949735850095749;0.42366115003824234;-0.09322483651340008;0.42790453881025314;0.4383315220475197;-0.10158669389784336;0.4792742033799489;0.6181509097417196;0.07288672340412934;0.4573492805163066;0.6268031398455302;0.054331361005703606;alejandose
3.73;0.45658373832702637;0.2310725897550583;-0.15683038532733917;0.4882349967956543;0.27277830243110657;-0.05551253631711006;0.4354862570762634;0.27806755900382996;-0.06096016988158226;0.4961204528808594;0.34367644786834717;-0.023462630808353424;0.43017512559890747;0.3517013490200043;-0.033884208649396896;0.4779737889766693;0.41079893708229065;0.002876731101423502;0.44834229350090027;0.4119940996170044;-0.0029156182426959276;0.4773859977722168;0.5192211866378784;0.015377720817923546;0.45447248220443726;0.5207970142364502;-0.006015201099216938;0.4612010657787323;0.21691432744264602;-0.15842213928699495;0.495674192905426;0.4238305017352104;-0.0926430206745863;0.428056925535202;0.4377475306391716;-0.09801388345658779;0.4795617461204529;0.6147576371828715;0.0840685007472833;0.4573710362116496;0.6265891194343567;0.05256696635236343;alejandose
3.77;0.45699721574783325;0.2308090329170227;-0.1583811491727829;0.4887479841709137;0.2728019654750824;-0.05546051636338234;0.4365263879299164;0.277992844581604;-0.06180450692772865;0.4962341785430908;0.34376418590545654;-0.021752845495939255;0.4316238462924957;0.3513927459716797;-0.03407057002186775;0.4779897630214691;0.41096797585487366;0.004878643434494734;0.44840678572654724;0.4120319187641144;-0.004915283527225256;0.4774395525455475;0.5187045931816101;0.02295061945915222;0.4545416533946991;0.5205365419387817;-0.008920754306018353;0.4615419268608093;0.21651256680488587;-0.15994681268930436;0.49683573096990585;0.42388124763965607;-0.0905915554612875;0.4291313737630844;0.4372943863272667;-0.0976024866104126;0.4798704882462819;0.6116721828778585;0.09921515360474586;0.45739280184110004;0.6259432037671407;0.05039178409303228;alejandose
3.8;0.45751523971557617;0.2305629700422287;-0.1595917046070099;0.4892752170562744;0.2728208303451538;-0.05547288805246353;0.4375055432319641;0.2779354751110077;-0.06207164749503136;0.4963738024234772;0.34383660554885864;-0.02129208855330944;0.4325380027294159;0.3512992560863495;-0.03437699005007744;0.4780104160308838;0.4107518196105957;0.005703622009605169;0.44876807928085327;0.411225825548172;-0.00574155617505312;0.47765180468559265;0.5182501673698425;0.01939861662685871;0.4546932280063629;0.5200093388557434;-0.012856414541602135;0.4620187282562256;0.21618358343839644;-0.16122196838259698;0.49803271889686584;0.42384588718414307;-0.09083492867648602;0.42998892813920975;0.4365859925746918;-0.09846054576337337;0.47993576526641846;0.6110140681266785;0.09269878640770912;0.45735836029052734;0.6257961988449097;0.043184440272549786;alejandose
3.83;0.4585548937320709;0.23044037818908691;-0.15540830790996552;0.48995324969291687;0.27270087599754333;-0.05050450935959816;0.43894246220588684;0.2776748538017273;-0.060575444251298904;0.4964087903499603;0.3436654806137085;-0.017022430896759033;0.43377724289894104;0.35012710094451904;-0.03379194810986519;0.4781688153743744;0.41070353984832764;0.006425129249691963;0.4494677484035492;0.41050001978874207;-0.006455025169998407;0.4777045249938965;0.5171505212783813;0.021012578159570694;0.4549477994441986;0.5189792513847351;-0.015199280343949795;0.4628452092409134;0.215918630361557;-0.15686198472976684;0.4984568953514099;0.42371995002031326;-0.08743475005030632;0.43085015565156937;0.4352903217077255;-0.09845596551895142;0.47990095615386963;0.6104547580083212;0.09032563865184784;0.45727423826853436;0.6256309350331625;0.035287352899710335;alejandose
3.87;0.45975950360298157;0.230296328663826;-0.15087899565696716;0.49059727787971497;0.27263563871383667;-0.04405532404780388;0.43996909260749817;0.2774930000305176;-0.060228824615478516;0.4964176416397095;0.34328457713127136;-0.011265326291322708;0.4344843327999115;0.3500475287437439;-0.03555826097726822;0.47835010290145874;0.41073140501976013;0.008280321955680847;0.4501660168170929;0.4102840721607208;-0.00831008329987526;0.4777988791465759;0.5162912011146545;0.023248467594385147;0.4553564786911011;0.5182384252548218;-0.015611314214766026;0.46390807032585146;0.21562466621398926;-0.1517120525240898;0.4985503852367401;0.4220777004957199;-0.08325168304145336;0.43211082369089127;0.43523363023996353;-0.09983299858868122;0.479826678832372;0.6107996702194214;0.08990129704276721;0.4572407404581706;0.6256241003672282;0.03548881535728773;alejandose
3.9;0.46106699109077454;0.23009085655212402;-0.14683397114276886;0.4916958212852478;0.272539347410202;-0.03958645462989807;0.4410484731197357;0.27737560868263245;-0.05872676521539688;0.49664515256881714;0.3432243764400482;-0.00784982554614544;0.4355754256248474;0.35011592507362366;-0.03586309030652046;0.4786589741706848;0.4107833206653595;0.009011207148432732;0.4508402347564697;0.41001537442207336;-0.009038318879902363;0.4778091013431549;0.5164124369621277;0.025873051956295967;0.4553966224193573;0.5176125764846802;-0.01509099081158638;0.46517678499221804;0.21519061028957367;-0.1473254032433033;0.4986540824174881;0.42169173806905746;-0.08114367909729481;0.433492474257946;0.43518950045108795;-0.10095688700675964;0.47966230909029645;0.6110729972521464;0.08968670666217804;0.4572317997614543;0.6255761384963989;0.03490939891586701;alejandose
3.93;0.4624030888080597;0.22993801534175873;-0.14975807070732117;0.49291661381721497;0.27255064249038696;-0.04473496228456497;0.4423668682575226;0.27736616134643555;-0.06296954303979874;0.49711889028549194;0.3440830409526825;-0.011568459682166576;0.4366069734096527;0.34994062781333923;-0.040714431554079056;0.47928863763809204;0.410745769739151;0.008620610460639;0.45173802971839905;0.40923988819122314;-0.008650330826640129;0.4777529835700989;0.5161340832710266;0.027376390993595123;0.45538926124572754;0.5165275931358337;-0.012721257284283638;0.46634382009506226;0.21493738889694214;-0.15021556094288827;0.49899818003177643;0.42186039686203003;-0.08307338505983353;0.434734083712101;0.4347784146666527;-0.10745647922158241;0.4793945948282878;0.6118688186009725;0.08619340136647224;0.45707839727401733;0.6253624757130941;0.03761762442688147;alejandose
3.97;0.4638650417327881;0.2297898232936859;-0.1508929431438446;0.4940218925476074;0.27255678176879883;-0.04658813029527664;0.4437982141971588;0.2771883010864258;-0.06334885209798813;0.49789878726005554;0.34409961104393005;-0.013230697251856327;0.43749111890792847;0.34979110956192017;-0.04066403582692146;0.48043152689933777;0.41034427285194397;0.008187835104763508;0.45277246832847595;0.4081268608570099;-0.008221212774515152;0.47782406210899353;0.5142342448234558;0.025953376665711403;0.4553720951080322;0.5143439173698425;-0.011573548428714275;0.46763978004455564;0.21477510333061217;-0.15121498852968215;0.49950239062309265;0.42182863503694534;-0.08317879401147366;0.43641526997089386;0.4339655637741089;-0.10707330517470837;0.47930097579956055;0.6121768752733866;0.071847020337979;0.4567923843860626;0.624974528948466;0.03664702642709017;alejandose
4.0;0.46492066979408264;0.2297220379114151;-0.140753373503685;0.49479055404663086;0.2725040018558502;-0.04014613851904869;0.44501689076423645;0.2758762240409851;-0.052445393055677414;0.4987543225288391;0.34364399313926697;-0.0101460637524724;0.43871861696243286;0.3488619029521942;-0.03038320317864418;0.48174822330474854;0.40966796875;0.007959146052598953;0.4538469612598419;0.4073181748390198;-0.007976281456649303;0.4784110486507416;0.5135205984115601;0.021784048527479172;0.45531556010246277;0.5126783847808838;-0.011090310290455818;0.46879254579544066;0.21467673927545547;-0.14152153432369233;0.49972713738679886;0.4203779101371765;-0.08081957884132862;0.43780285120010376;0.43280424177646637;-0.09666274301707745;0.479089895884196;0.6126119295756022;0.06854003109037876;0.45659907658894855;0.6245379249254862;0.03745769460995992;alejandose
4.03;0.4662220776081085;0.22972117364406586;-0.14354942739009857;0.4954048693180084;0.27236613631248474;-0.04128870368003845;0.4460620880126953;0.27517974376678467;-0.05447501689195633;0.49993789196014404;0.3427152633666992;-0.010170121677219868;0.4396878480911255;0.34816691279411316;-0.03166912496089935;0.48281100392341614;0.4085686504840851;0.007677966728806496;0.4546935558319092;0.40653306245803833;-0.00769777363166213;0.47961369156837463;0.5126228928565979;0.01874779351055622;0.4552917182445526;0.5116274356842041;-0.011074118316173553;0.4700671970844269;0.21466923058032988;-0.14460474401712417;0.5001965016126633;0.4199153855443001;-0.07940953224897385;0.4393853172659874;0.43216656148433685;-0.09718037955462933;0.47906823952992755;0.6128095785776774;0.06412483751773834;0.45651429891586304;0.623365064462026;0.03669222785780827;alejandose
4.07;0.4674336314201355;0.22973637282848358;-0.1358524113893509;0.4959274232387543;0.27230578660964966;-0.03360318765044212;0.4469321370124817;0.27460089325904846;-0.048860933631658554;0.5006883144378662;0.342525452375412;-0.004521786235272884;0.440405935049057;0.34678468108177185;-0.029075708240270615;0.48391520977020264;0.4080372452735901;0.007459633052349091;0.455751895904541;0.40618568658828735;-0.007480650208890438;0.48007798194885254;0.5118800401687622;0.017403723672032356;0.4552905857563019;0.5114288330078125;-0.011196407489478588;0.47138233184814454;0.2147367849946022;-0.13654902279376985;0.5007180273532867;0.4198034405708313;-0.07497551199048758;0.4413886144757271;0.42953651398420334;-0.09535587579011917;0.478993554910024;0.6128661235173544;0.06470219666759174;0.45642518003781635;0.6222561001777649;0.03717385480801264;alejandose
4.1;0.4686093330383301;0.22977381944656372;-0.1306423395872116;0.496484637260437;0.2723050117492676;-0.03161858767271042;0.4477822184562683;0.27395060658454895;-0.043160539120435715;0.5014983415603638;0.3425520062446594;-0.006153816357254982;0.4410254657268524;0.3455474078655243;-0.025327932089567184;0.48474085330963135;0.4080096483230591;0.006081920582801104;0.4566227197647095;0.4061927795410156;-0.006058224476873875;0.48041772842407227;0.5106747150421143;0.013302893377840519;0.45538294315338135;0.5106431841850281;-0.021868892014026642;0.4726429134607315;0.21487559527158737;-0.1310956172645092;0.5016196742653847;0.4197801575064659;-0.07697213254868984;0.4423033073544502;0.42767108231782913;-0.09358390420675278;0.47898755470911664;0.6125388940175375;0.060021406350036464;0.4563634892304738;0.6207265655199686;0.015869913001855213;alejandose
4.13;0.46969297528266907;0.22998563945293427;-0.13224101066589355;0.4972502589225769;0.27238723635673523;-0.04048122838139534;0.4484335482120514;0.273550420999527;-0.04582412168383598;0.5020202994346619;0.34298962354660034;-0.015466169454157352;0.44147542119026184;0.3450750410556793;-0.02760845236480236;0.4850614368915558;0.4079047739505768;0.0031047165393829346;0.45693981647491455;0.40591344237327576;-0.0030746085103601217;0.4809252917766571;0.5099871754646301;0.004273644182831049;0.4555075168609619;0.5096824169158936;-0.021024273708462715;0.47381679713726044;0.2152074933052063;-0.13326130211353301;0.502561554312706;0.41998541355133057;-0.08169937506318092;0.4425979107618332;0.42639506608247757;-0.09778683818876743;0.47910313804944354;0.6124477585156759;0.0444867180485744;0.4560951391855876;0.6191096901893616;0.017351150512695312;alejandose
4.17;0.4703797399997711;0.23003505170345306;-0.14289866387844086;0.49765944480895996;0.27241605520248413;-0.049221962690353394;0.44908347725868225;0.27338707447052;-0.048391181975603104;0.5024384260177612;0.3431585729122162;-0.021147554740309715;0.44189485907554626;0.3447735607624054;-0.029595503583550453;0.4852375090122223;0.40718501806259155;0.0005351812578737736;0.4571666717529297;0.4049474895000458;-0.0005085851880721748;0.4812483489513397;0.5089334845542908;-0.0014659288572147489;0.45553141832351685;0.5090311765670776;-0.014641229063272476;0.4745137691497803;0.21527942419052123;-0.14458905085921286;0.5035624355077744;0.4208441898226738;-0.08474310487508774;0.44249913841485977;0.4266582205891609;-0.10037168860435486;0.4791901310284932;0.6125469207763672;0.037527060601860285;0.45515169699986774;0.618222971757253;0.02270987071096897;alejandose
4.2;0.47076818346977234;0.23008176684379578;-0.1464785784482956;0.4979769289493561;0.27248653769493103;-0.05138621851801872;0.4495953917503357;0.2729245126247406;-0.04944247007369995;0.5028273463249207;0.3431662321090698;-0.024216411635279655;0.4422628879547119;0.34406778216362;-0.030092250555753708;0.48518112301826477;0.4068252444267273;0.00010098048369400203;0.4570706784725189;0.40441280603408813;-7,93E+10;0.48151373863220215;0.5080737471580505;-0.001818111864849925;0.455559641122818;0.5085086822509766;-0.013254745863378048;0.47503272593021395;0.21539567559957504;-0.14822962805628775;0.5042435675859451;0.4209781065583229;-0.08970572240650654;0.4423828721046448;0.42592064291238785;-0.1010153479874134;0.47930609186490375;0.6126293341318766;0.03784796937058369;0.4546576142311096;0.618032435576121;0.02654781627158324;alejandose
4.23;0.4712168574333191;0.23009206354618073;-0.14765872061252594;0.49806907773017883;0.27254122495651245;-0.05039598420262337;0.4500407874584198;0.27195870876312256;-0.052608639001846313;0.5029032230377197;0.34316447377204895;-0.0229648370295763;0.4423908293247223;0.3427940011024475;-0.032381195574998856;0.4850565791130066;0.40657058358192444;0.0006253319443203509;0.45697200298309326;0.40392836928367615;-0.0006101270555518568;0.48154619336128235;0.5077280402183533;0.0017133321380242705;0.4555588364601135;0.5082977414131165;-0.01028557401150465;0.47557988464832307;0.21546011567115783;-0.14928584322333335;0.5044481754302979;0.42061489820480347;-0.09100433625280857;0.4420379772782326;0.42425189167261124;-0.10155091807246208;0.47921597957611084;0.6125873525937399;0.045552575727924705;0.45402000347773236;0.6179652611414591;0.030925391241908073;alejandose
4.27;0.4714716374874115;0.2301255315542221;-0.1495782881975174;0.49816831946372986;0.2725743353366852;-0.050174057483673096;0.45021381974220276;0.27107611298561096;-0.05695468559861183;0.5028755068778992;0.34315618872642517;-0.02195361629128456;0.4425576329231262;0.3419171869754791;-0.03475784510374069;0.48493853211402893;0.4060244858264923;0.0009555133292451501;0.4568358361721039;0.40305987000465393;-0.000940278172492981;0.48154395818710327;0.5065524578094482;0.003181211883202195;0.4554595649242401;0.507796585559845;-0.009618942625820637;0.47591968476772306;0.21557461321353913;-0.15119564682245254;0.5045475512742996;0.42000996321439743;-0.09028811380267143;0.4417664259672165;0.42345694452524185;-0.10196441784501076;0.47931402921676636;0.6119699080785116;0.047903523819210626;0.4535922904809316;0.6170401175816854;0.032391188045342766;alejandose
4.3;0.4715079963207245;0.2301267683506012;-0.15487584471702576;0.4982050657272339;0.2726084887981415;-0.05330529436469078;0.450114905834198;0.2705799639225006;-0.0635271891951561;0.5028373003005981;0.34356558322906494;-0.021986564621329308;0.44251808524131775;0.341785728931427;-0.039123427122831345;0.4848797917366028;0.4054170250892639;0.0015310172457247972;0.45674049854278564;0.4024445712566376;-0.0015355373034253716;0.48163026571273804;0.5061089992523193;0.003833307418972254;0.455009788274765;0.5075780749320984;-0.007893978618085384;0.47600548565387724;0.21558462977409362;-0.15632309019565582;0.5049310028553009;0.4200383946299553;-0.08989455178380013;0.44170182943344116;0.4233967736363411;-0.10262816026806831;0.4792552987734477;0.6113796432813009;0.048696676812445126;0.45348044236501056;0.6150196194648743;0.037104420674343906;alejandose
4.33;0.4713481366634369;0.23010846972465515;-0.16185784339904785;0.49812108278274536;0.27259576320648193;-0.05911829322576523;0.44993701577186584;0.26997461915016174;-0.06793738156557083;0.5028073787689209;0.34371843934059143;-0.025089533999562263;0.44236963987350464;0.3408246636390686;-0.04195122793316841;0.48481136560440063;0.4038108289241791;0.0016920012421905994;0.4567274749279022;0.40081992745399475;-0.0016910183476284146;0.4816286563873291;0.5058693289756775;0.003967110998928547;0.45426279306411743;0.506597638130188;-0.006937059108167887;0.47587727904319765;0.2155614376068115;-0.16353094354271888;0.50501449406147;0.4200294688344002;-0.09020369313657284;0.440997876226902;0.422623947262764;-0.10444763116538525;0.47918904821077984;0.6109829545021057;0.04624234621102611;0.452329417069753;0.6134661634763082;0.03785949697097143;alejandose
4.37;0.4711652100086212;0.23006674647331238;-0.16293886303901672;0.4981018602848053;0.2727596163749695;-0.06110845506191254;0.4497723877429962;0.2697061002254486;-0.07164184004068375;0.502760648727417;0.3442540466785431;-0.02558961696922779;0.44185706973075867;0.340325266122818;-0.04703006520867348;0.4843377470970154;0.4036632478237152;0.0017630300717428327;0.4563294053077698;0.4005905091762543;-0.0017518874956294894;0.48143133521080017;0.5056986212730408;0.005024856422096491;0.45330050587654114;0.5062440037727356;-0.0025582057423889637;0.47567836940288544;0.2155517593026161;-0.16419827863574027;0.5049489140510559;0.42010900378227234;-0.08922285214066505;0.4405132979154587;0.4222137853503227;-0.10691323131322861;0.47904826203982037;0.6110632419586182;0.0475085184055691;0.4511115550994873;0.6097054680188497;0.04838173910199354;alejandose
4.4;0.47112154960632324;0.2300892174243927;-0.16979211568832397;0.4977917969226837;0.2730029821395874;-0.06305454671382904;0.44943758845329285;0.26965010166168213;-0.07915846258401871;0.5026540756225586;0.3443145453929901;-0.02530454471707344;0.4410482943058014;0.3405124545097351;-0.05460657179355621;0.4839131236076355;0.4036421477794647;0.0033306668046861887;0.45590299367904663;0.4006463885307312;-0.0033596509601920843;0.4811302721500397;0.5057668089866638;0.0045879194512963295;0.45299598574638367;0.5056176781654358;9,09E+10;0.47553926408290864;0.2156197354197502;-0.1706783190369606;0.5048804134130478;0.42012380063533783;-0.08910313434898853;0.4399719014763832;0.42239130288362503;-0.11455544084310532;0.47884254654248554;0.6111144622166952;0.054077273234725;0.44922682642936707;0.6034197211265564;0.06800719661017258;alejandose
4.43;0.4705115556716919;0.2300986647605896;-0.17583025991916656;0.49701669812202454;0.2732914984226227;-0.06539992988109589;0.44852718710899353;0.26971423625946045;-0.08264321088790894;0.5023407340049744;0.3442820608615875;-0.026023849844932556;0.43995243310928345;0.34065213799476624;-0.05501649156212807;0.48364001512527466;0.40327733755111694;0.004625445697456598;0.4556107521057129;0.40030649304389954;-0.004675868432968855;0.4808536469936371;0.5058743953704834;-0.003819770412519574;0.4528553783893585;0.504981279373169;0.001868397113867104;0.4753062576055527;0.21568420082330703;-0.17678152546286582;0.5048217177391052;0.41993146389722824;-0.09178782068192959;0.439284585416317;0.4226524159312248;-0.11439390666782856;0.47869807481765747;0.6110740900039673;0.049107247575496636;0.44732698798179626;0.5952159563700358;0.0957323598364989;alejandose
4.47;0.46946319937705994;0.23012922704219818;-0.16936655342578888;0.49602940678596497;0.27337804436683655;-0.05520003288984299;0.44737300276756287;0.26975807547569275;-0.07733692228794098;0.5018032193183899;0.34350863099098206;-0.010963430628180504;0.4385698735713959;0.3405916392803192;-0.05091988295316696;0.48314177989959717;0.4033116400241852;0.007568314205855131;0.45506176352500916;0.40038517117500305;-0.007626129314303398;0.4805147349834442;0.5063760876655579;-0.0050122556276619434;0.45249903202056885;0.5051237940788269;-5,36E+10;0.47446194291114807;0.2158589020371437;-0.17069145888090134;0.5043615251779556;0.41876182705163956;-0.08042391203343868;0.4386941120028496;0.4222068786621094;-0.11341768875718117;0.47871288657188416;0.6111398537953695;0.04895072787379225;0.44579877456029254;0.5908384720484415;0.10218304519852002;alejandose
4.5;0.467936247587204;0.23015931248664856;-0.1670995056629181;0.4947790503501892;0.27334344387054443;-0.04950388893485069;0.445868581533432;0.2698093056678772;-0.07511528581380844;0.5008755922317505;0.3424574136734009;-0.006600714288651943;0.43718981742858887;0.3402647376060486;-0.049307722598314285;0.4825953245162964;0.40330883860588074;0.00930992141366005;0.45441147685050964;0.4004618525505066;-0.009373188018798828;0.47973352670669556;0.5068233609199524;-0.005410750396549702;0.451960951089859;0.5052419304847717;-0.0010408699745312333;0.47306094467639925;0.2160090059041977;-0.16832466050982475;0.503616601228714;0.41774165630340576;-0.07992033660411835;0.438133642077446;0.4215938225388527;-0.11226763390004635;0.47877076268196106;0.6112078229586283;0.0541414488106966;0.4443740447362264;0.5892213185628256;0.10740632563829422;alejandose
4.53;0.46642187237739563;0.23016047477722168;-0.16723346710205078;0.49340468645095825;0.27329981327056885;-0.050352659076452255;0.4438917338848114;0.2698335647583008;-0.07563009858131409;0.5001939535140991;0.3423238694667816;-0.009277088567614555;0.4353927671909332;0.34031084179878235;-0.04910460114479065;0.48163893818855286;0.40333813428878784;0.009517142549157143;0.4534900188446045;0.4005145728588104;-0.009577366523444653;0.4789181053638458;0.5077172517776489;-0.004325095098465681;0.4506036937236786;0.5052933096885681;-0.0016411719843745232;0.4714228093624115;0.21606483310461044;-0.16813617199659348;0.5026282668113708;0.4161837249994278;-0.08128640055656433;0.43750666081905365;0.4216473177075386;-0.11146624572575092;0.4788261155287425;0.6113439798355103;0.054548049656053386;0.4437955319881439;0.5896320541699728;0.1059979721903801;alejandose
4.57;0.46468982100486755;0.23007230460643768;-0.1665647327899933;0.4913703203201294;0.2732742130756378;-0.05063341185450554;0.4417908191680908;0.26984599232673645;-0.07593952864408493;0.49880269169807434;0.34231507778167725;-0.010808783583343029;0.43389564752578735;0.34033429622650146;-0.04993334412574768;0.4800827205181122;0.40334707498550415;0.008996706455945969;0.4520367681980133;0.40056148171424866;-0.009048675186932087;0.47805219888687134;0.5080171227455139;-0.003978251479566097;0.44889864325523376;0.5053275227546692;0.001566337188705802;0.46956604421138765;0.21606440395116805;-0.167308209836483;0.5017046928405762;0.41623420268297195;-0.07912535592913628;0.4368151128292084;0.42170652002096176;-0.11164812371134758;0.47886790831883747;0.611413319905599;0.04901861927161614;0.4437352120876312;0.5916514992713928;0.09937723353505135;alejandose
4.6;0.46287211775779724;0.22994504868984222;-0.16625230014324188;0.4897550940513611;0.27324411273002625;-0.05412653088569641;0.4398464560508728;0.26986798644065857;-0.07512952387332916;0.4974319636821747;0.3422394394874573;-0.013776054605841637;0.432864248752594;0.34036093950271606;-0.04931342229247093;0.4786504805088043;0.4031932055950165;0.007601332385092974;0.45058107376098633;0.400602787733078;-0.007661397568881512;0.4772374629974365;0.5078493356704712;-0.004386071115732193;0.4478021264076233;0.5054059624671936;0.00669245095923543;0.46772625148296354;0.21602728366851806;-0.16639866754412652;0.5005346909165382;0.4154632240533829;-0.08000457845628262;0.43584922701120377;0.4208292216062546;-0.11111035384237766;0.4788939257462819;0.6112867593765259;0.043393514739970364;0.44407031933466595;0.5928765137990316;0.09389873718221982;alejandose
4.63;0.4609902501106262;0.22974616289138794;-0.16547290980815887;0.48733192682266235;0.2731066644191742;-0.05687161535024643;0.4378761053085327;0.27006226778030396;-0.07466980814933777;0.4964137077331543;0.34157779812812805;-0.017459630966186523;0.4318264424800873;0.34075891971588135;-0.04902513697743416;0.47738155722618103;0.40291422605514526;0.005613344255834818;0.44925469160079956;0.40063780546188354;-0.005675234366208315;0.47667405009269714;0.5073456764221191;-0.0037965639494359493;0.4467765986919403;0.5051971673965454;0.009159307926893234;0.46596017479896545;0.21593088805675506;-0.1651664100587368;0.4989932030439377;0.4147898256778717;-0.08090909570455551;0.4347490295767784;0.42059512436389923;-0.11078366823494434;0.47888009746869403;0.6110509037971497;0.044399929931387305;0.4440873960653941;0.5936473608016968;0.08951740836103757;alejandose
4.67;0.4590546488761902;0.22961260378360748;-0.1563527137041092;0.48506593704223633;0.2728020250797272;-0.055876754224300385;0.43604639172554016;0.27017587423324585;-0.06759463995695114;0.4944978356361389;0.3415926694869995;-0.017417361959815025;0.43070608377456665;0.34085068106651306;-0.043883584439754486;0.47591814398765564;0.4028260409832001;0.004164556507021189;0.4478650689125061;0.4006515145301819;-0.004220294766128063;0.4760153293609619;0.5070517063140869;0.00013885645603295416;0.4455527067184448;0.5049933195114136;0.00845870841294527;0.4640137255191803;0.21586415469646453;-0.15614425241947175;0.49764079600572586;0.41495319455862045;-0.07975476793944836;0.4334449991583824;0.42026443034410477;-0.10623997077345848;0.47893614570299786;0.6109787027041117;0.043057971711580954;0.4440266788005829;0.5942562619845072;0.07585059603055318;alejandose
4.7;0.4568389654159546;0.22900812327861786;-0.1475597620010376;0.4825723171234131;0.27157771587371826;-0.05009743943810463;0.434251606464386;0.2701699435710907;-0.061062052845954895;0.49162063002586365;0.3390987813472748;-0.014546477235853672;0.4295102655887604;0.34081652760505676;-0.038798097521066666;0.4742501378059387;0.4025995135307312;0.0034164690878242254;0.4463053047657013;0.40067821741104126;-0.00346762896515429;0.4752301275730133;0.5069196820259094;-0.0013083802768960595;0.44441017508506775;0.5050302743911743;0.012768857181072235;0.4618207812309265;0.21529527008533478;-0.14760063365101814;0.4934663698077202;0.41451117396354675;-0.0777885690331459;0.43229206651449203;0.4197818338871002;-0.10298248380422592;0.47893276810646057;0.61082390944163;0.03748462349176407;0.444045086701711;0.5945641398429871;0.08342716967066129;alejandose
4.73;0.454786479473114;0.22853019833564758;-0.1398008167743683;0.48084062337875366;0.27098044753074646;-0.04579063132405281;0.43298473954200745;0.27016356587409973;-0.05256091058254242;0.4886264204978943;0.3382260501384735;-0.01227259635925293;0.42813774943351746;0.34080690145492554;-0.03154676407575607;0.47280681133270264;0.40251633524894714;0.0013267959002405405;0.4450777769088745;0.4007827639579773;-0.0013703650329262018;0.4743228554725647;0.5069076418876648;-0.006566436029970646;0.4436052143573761;0.5052318572998047;0.01853904314339161;0.45970419645309446;0.21485449522733688;-0.14031025692820548;0.48983753472566605;0.4137539938092232;-0.07506770640611649;0.4309898018836975;0.41930295526981354;-0.09792173653841019;0.47892560561498004;0.610648492972056;0.0310027872522672;0.44412102301915485;0.5947691798210144;0.09446539729833603;alejandose
4.77;0.45340803265571594;0.22826582193374634;-0.1358909010887146;0.4793187379837036;0.27095383405685425;-0.04288579896092415;0.4317271113395691;0.2702905535697937;-0.049525950103998184;0.4859768748283386;0.33790743350982666;-0.010786851868033409;0.42668667435646057;0.3410867154598236;-0.030184857547283173;0.47126173973083496;0.4023626744747162;0.0004951517330482602;0.4437848627567291;0.4008406400680542;-0.0005328264087438583;0.473493754863739;0.5064271688461304;-0.00789176020771265;0.4426047205924988;0.5047633051872253;0.020299384370446205;0.45812706351280214;0.21462553292512893;-0.13621486872434616;0.4866397902369499;0.4133896604180336;-0.07318081706762314;0.4297954812645912;0.4190942496061325;-0.09705899469554424;0.47892903288205463;0.6104928851127625;0.027884981284538906;0.44419506192207336;0.5949087937672933;0.09621770307421684;alejandose
4.8;0.4519428014755249;0.22824980318546295;-0.1341833621263504;0.477516233921051;0.27079400420188904;-0.042880166321992874;0.43045008182525635;0.2704854905605316;-0.04618515446782112;0.4845862090587616;0.33697471022605896;-0.011452263221144676;0.42522287368774414;0.34115397930145264;-0.026179255917668343;0.46963223814964294;0.4023662507534027;-0.0002411517343716696;0.4422834515571594;0.4010622799396515;0.00020507808949332684;0.4730062782764435;0.5064318180084229;-0.009109639562666416;0.4418202042579651;0.5044509172439575;0.022100064903497696;0.45648508369922636;0.21461369842290878;-0.134666033834219;0.48396315425634384;0.4130880534648895;-0.07428921479731798;0.42835763841867447;0.41887126863002777;-0.09433577954769135;0.47898415724436444;0.6103456417719523;0.02479897439479828;0.44426073630650836;0.5952482422192892;0.09926608204841614;alejandose
4.83;0.4504345655441284;0.22829562425613403;-0.124262735247612;0.47638002038002014;0.2708122432231903;-0.03959354758262634;0.42909345030784607;0.2712189257144928;-0.03781424090266228;0.48335158824920654;0.3368428647518158;-0.011739383451640606;0.42383915185928345;0.3419610857963562;-0.018273930996656418;0.4685595631599426;0.4026852548122406;-0.0019363142782822251;0.44129249453544617;0.40216848254203796;0.0019093223381787539;0.4725984036922455;0.506431519985199;-0.009707934223115444;0.44189009070396423;0.5043975114822388;0.025807950645685196;0.454937669634819;0.21469466686248778;-0.12443584278225898;0.48181983828544617;0.41302797943353653;-0.07497407030314207;0.4270886331796646;0.4193766340613365;-0.08348527923226357;0.4786713322003682;0.6093103289604187;0.018017244214812916;0.4442659219106038;0.5953365763028463;0.10073516517877579;alejandose
4.87;0.44900864362716675;0.2284526377916336;-0.13052265346050262;0.47525057196617126;0.27082616090774536;-0.041811950504779816;0.4280060827732086;0.27179351449012756;-0.04335319250822067;0.48203417658805847;0.3369094729423523;-0.015243629924952984;0.42255493998527527;0.34235280752182007;-0.02296542190015316;0.4677499234676361;0.4026823043823242;-0.001854296657256782;0.44051656126976013;0.40227895975112915;0.0018295736517757177;0.47209230065345764;0.5059840679168701;-0.011924299411475658;0.4417629539966583;0.504045844078064;0.02371477335691452;0.4534038484096527;0.21495022475719452;-0.130861047655344;0.48052263259887695;0.4133114367723465;-0.076740687713027;0.4255059137940407;0.4205947369337082;-0.08637156896293163;0.478631854057312;0.608247697353363;0.011189291874567667;0.44430575768152875;0.5958394209543864;0.09763839344183604;alejandose
4.9;0.44833943247795105;0.2290075570344925;-0.13489758968353271;0.474835067987442;0.270817369222641;-0.04622942581772804;0.42722228169441223;0.2723754346370697;-0.046961285173892975;0.4805656969547272;0.33670786023139954;-0.019171182066202164;0.42161640524864197;0.3426406681537628;-0.025914838537573814;0.4666253328323364;0.40250304341316223;-0.0014514171052724123;0.4394189119338989;0.40228214859962463;0.0014249759260565042;0.4714373052120209;0.5030565857887268;-0.010668305680155754;0.4415930509567261;0.5030766129493713;0.02141602709889412;0.4525510758161545;0.21560679078102113;-0.1349648840725422;0.47923022508621216;0.4133024588227272;-0.07841550186276436;0.42411505430936813;0.4213113561272621;-0.08882773853838444;0.4784574309984843;0.6062211990356445;0.01608644239604473;0.444353719552358;0.5961276292800903;0.0876932442188263;alejandose
4.93;0.4477570056915283;0.22950854897499084;-0.14037005603313446;0.47430020570755005;0.270762175321579;-0.05144249647855759;0.4266201853752136;0.2728572189807892;-0.055925969034433365;0.47975003719329834;0.3360854685306549;-0.02365981601178646;0.4208798408508301;0.34301772713661194;-0.035149116069078445;0.46592816710472107;0.4011892080307007;-0.0006793115171603858;0.4387667775154114;0.4014894664287567;0.0006616312894038856;0.47147923707962036;0.4987749755382538;-0.010112562216818333;0.4416780173778534;0.5002859234809875;0.007702718023210764;0.45188731253147124;0.21606471091508866;-0.14147989302873612;0.4780016466975212;0.4130631759762764;-0.08187570236623287;0.42315565049648285;0.4225122332572937;-0.09108349308371544;0.4783789614836375;0.6052232782046;0.017361958821614582;0.44439687331517536;0.5963051120440165;0.0625841145714124;alejandose
4.97;0.44716280698776245;0.23004372417926788;-0.1451321840286255;0.4734833240509033;0.2703075408935547;-0.05176520720124245;0.42610302567481995;0.273519903421402;-0.061555951833724976;0.4790637195110321;0.3350689113140106;-0.0227003563195467;0.4201960563659668;0.3437991738319397;-0.0404946394264698;0.4653046131134033;0.39917075634002686;0.002835409715771675;0.43836718797683716;0.4001855254173279;-0.0028614241164177656;0.47161728143692017;0.49519041180610657;-0.0028190407902002335;0.4418783485889435;0.49788209795951843;-0.007912952452898026;0.45118450224399564;0.21658300012350082;-0.14648290053009988;0.4770016297698021;0.41083472967147827;-0.08329384215176105;0.42233511805534363;0.4241613447666168;-0.09513542614877224;0.4793788194656372;0.6047906676928202;0.026148128944138687;0.44443803032239276;0.5970802108446757;0.03715565133218964;alejandose
5.0;0.44663137197494507;0.23025400936603546;-0.1464816778898239;0.4727785587310791;0.27016034722328186;-0.05318928509950638;0.4253155589103699;0.2740103602409363;-0.06148524582386017;0.4788973331451416;0.3340570032596588;-0.023996245115995407;0.41965314745903015;0.34419918060302734;-0.03997750207781792;0.46519625186920166;0.3978227972984314;0.002732621505856514;0.43815842270851135;0.39964914321899414;-0.0027593360282480717;0.4717284142971039;0.4930483102798462;-0.0015129422536119819;0.44178879261016846;0.49680742621421814;-0.003994442988187075;0.4506671905517578;0.21667404919862748;-0.14748521000146866;0.47680430859327316;0.407927431166172;-0.08579443395137787;0.42147864401340485;0.4243083894252777;-0.09542825631797314;0.47804147998491925;0.6031999190648397;0.0318371521619459;0.44452419877052307;0.5972779989242554;0.04533074959181249;alejandose
5.03;0.4460284113883972;0.23048368096351624;-0.13229535520076752;0.4716932773590088;0.26957547664642334;-0.04466824233531952;0.4250427484512329;0.27415555715560913;-0.0492280013859272;0.4785367548465729;0.3320241868495941;-0.018681291490793228;0.41941922903060913;0.34418806433677673;-0.029355037957429886;0.46542879939079285;0.397814005613327;0.0021517700515687466;0.43821677565574646;0.3997010886669159;-0.0021649464033544064;0.47102758288383484;0.49400994181632996;-0.0021656949538737535;0.44180160760879517;0.4972638487815857;0.00039380809175781906;0.4501653641462326;0.2168455794453621;-0.1328159339725971;0.47677430510520935;0.4062037989497185;-0.08192248269915581;0.42081858962774277;0.42424409091472626;-0.08627142384648323;0.47537920872370404;0.6018333435058594;0.031073809911807377;0.44468701879183453;0.5970759789148966;0.055352622332672276;alejandose
5.07;0.4457660913467407;0.2305445373058319;-0.1299276351928711;0.4713722765445709;0.26923802495002747;-0.04112112894654274;0.42499715089797974;0.2741532623767853;-0.04553576558828354;0.47830289602279663;0.3313528001308441;-0.014165248721837997;0.4193474352359772;0.34417489171028137;-0.0251132994890213;0.46557870507240295;0.3970770537853241;0.0018637060420587659;0.43834784626960754;0.3994193375110626;-0.0018717505736276507;0.47028976678848267;0.49348485469818115;-0.0014675701968371868;0.44184383749961853;0.49734002351760864;-0.0020088760647922754;0.4498112291097641;0.21684761196374894;-0.13039054125547409;0.4770299941301346;0.404671385884285;-0.07646828517317772;0.42032282799482346;0.42418888956308365;-0.08329514414072037;0.47291565934817;0.6005219221115112;0.03548505917812387;0.44482505321502686;0.5970446070035299;0.04649738517279426;alejandose
5.1;0.4454210102558136;0.23055975139141083;-0.13966543972492218;0.47112059593200684;0.2686484754085541;-0.04690306633710861;0.4250822365283966;0.27413731813430786;-0.04637320712208748;0.47838371992111206;0.3306873142719269;-0.016800036653876305;0.4194939434528351;0.34399569034576416;-0.027184875681996346;0.4656504988670349;0.39601871371269226;0.0008852291502989829;0.438435822725296;0.3985973000526428;-0.0008957745158113539;0.4691310524940491;0.49386119842529297;-0.00043557488243095577;0.44189268350601196;0.49750036001205444;-0.0002857339568436146;0.44943793416023253;0.21683736890554428;-0.14085174351930618;0.4778270572423935;0.40431592613458633;-0.08038947917521;0.42008740454912186;0.4241519272327423;-0.08512359857559204;0.4697431723276774;0.5975649158159891;0.04746275038147966;0.44481779138247174;0.5968291163444519;0.05211759513864914;alejandose
5.13;0.44536104798316956;0.2305579036474228;-0.15728901326656342;0.47110092639923096;0.26835528016090393;-0.06023300811648369;0.4250980317592621;0.2741207480430603;-0.06297942250967026;0.4787163734436035;0.3309954106807709;-0.024955669417977333;0.41943272948265076;0.3439573347568512;-0.037416473031044006;0.46564793586730957;0.3951350450515747;-2,42E+10;0.43837615847587585;0.39720064401626587;-5,42E+10;0.46743008494377136;0.49430128931999207;-0.0008992323419079185;0.44186538457870483;0.49725034832954407;0.0005953373038209975;0.449332395195961;0.21675766706466676;-0.15852654948830605;0.4785715267062187;0.4047728404402733;-0.08523542620241642;0.4201566278934479;0.4241326004266739;-0.09671017155051231;0.4673433105150859;0.5970004002253214;0.048830028623342514;0.4446789125601451;0.5965967178344727;0.0550207399452726;alejandose
5.17;0.4452739953994751;0.2305421531200409;-0.15881912410259247;0.471269428730011;0.2678360641002655;-0.06104017049074173;0.4252520799636841;0.27406856417655945;-0.06519949436187744;0.47902894020080566;0.3306322991847992;-0.02648375928401947;0.41927266120910645;0.34396085143089294;-0.039844345301389694;0.4656562805175781;0.3952206075191498;1,40E+11;0.438333660364151;0.39674660563468933;-4,44E+10;0.46647483110427856;0.49437713623046875;-0.0019572468008846045;0.44184431433677673;0.4973861873149872;-0.0008916231454350054;0.4492973625659943;0.21667080074548722;-0.16021277904510497;0.4807053878903389;0.4048871695995331;-0.08724462985992432;0.4205244332551956;0.42434167861938477;-0.09900132566690445;0.4667815963427226;0.5971368948618571;0.05056605550150076;0.4445983072121938;0.5960405866305033;0.05585808306932449;alejandose
5.2;0.4453522562980652;0.23050113022327423;-0.15983301401138306;0.47150900959968567;0.26734572649002075;-0.06203101575374603;0.4253976345062256;0.2739372253417969;-0.06467057764530182;0.4790647625923157;0.33037111163139343;-0.028130564838647842;0.4193820357322693;0.34395185112953186;-0.03908594697713852;0.4656270146369934;0.39470216631889343;-0.0005627859500236809;0.438334196805954;0.3958013951778412;0.0005267538945190609;0.46558132767677307;0.4946768879890442;-0.002102324040606618;0.4418223798274994;0.4973149299621582;-9,68E+10;0.4493717759847641;0.21645949631929398;-0.16145049706101416;0.48276756703853607;0.40480612218379974;-0.09042307361960411;0.42075300961732864;0.42424561083316803;-0.09949047304689884;0.46605698267618817;0.5964941183725992;0.05004416313022375;0.4445179800192515;0.595454752445221;0.0568022687608997;alejandose
5.23;0.4454532265663147;0.23041211068630219;-0.15609315037727356;0.47170495986938477;0.26637598872184753;-0.05967540666460991;0.42547041177749634;0.2735952138900757;-0.0630042776465416;0.4792294502258301;0.3302667438983917;-0.026239778846502304;0.4198440611362457;0.3437703847885132;-0.03883279487490654;0.46567848324775696;0.39449557662010193;-0.0005467216251417994;0.43840235471725464;0.3952687382698059;0.0005078840767964721;0.46509987115859985;0.4948786497116089;-0.002226559678092599;0.44178149104118347;0.4972132742404938;-0.001277131144888699;0.4494365960359573;0.21620784401893617;-0.15755754336714745;0.4843631610274315;0.404920369386673;-0.08982324600219727;0.42096174508333206;0.42348654568195343;-0.09875276312232018;0.4656864404678345;0.5959515571594238;0.05291306382666031;0.44440096616744995;0.5949336290359497;0.05699864278237025;alejandose
5.27;0.44559234380722046;0.23017984628677368;-0.1563015729188919;0.4717370569705963;0.26564720273017883;-0.058600496500730515;0.42571642994880676;0.2727772891521454;-0.06331069767475128;0.47971445322036743;0.3302348256111145;-0.025323020294308662;0.4206043481826782;0.3432232141494751;-0.03869190439581871;0.465656578540802;0.39407604932785034;-0.0004790285893250257;0.4384334087371826;0.39447546005249023;0.0004378164594527334;0.46488499641418457;0.49499061703681946;-0.0023645523469895124;0.44178634881973267;0.49709415435791016;-0.0020073079504072666;0.44956534206867216;0.21584786623716354;-0.15787877291440963;0.4855184480547905;0.4053041636943817;-0.08916193433105946;0.42186935245990753;0.42316992580890656;-0.09930284135043621;0.4658704896767934;0.5956279238065084;0.05396450124680996;0.44436420996983844;0.5946953892707825;0.0570221192513903;alejandose
5.3;0.44561633467674255;0.2297806590795517;-0.15394003689289093;0.47195327281951904;0.26540103554725647;-0.05364454165101051;0.4260841906070709;0.27202945947647095;-0.06263995915651321;0.47994768619537354;0.3302808701992035;-0.020593754947185516;0.42121008038520813;0.3427847623825073;-0.03842584416270256;0.465678870677948;0.3936013877391815;0.00033720230567269027;0.43844497203826904;0.3942650258541107;-0.00037537619937211275;0.46515950560569763;0.4950486421585083;-0.0017887031426653266;0.44180917739868164;0.4971234202384949;-0.003994935657829046;0.4496616780757904;0.21529802083969116;-0.154808509349823;0.48658984899520874;0.40516525506973267;-0.08570840954780579;0.42290082573890686;0.42236311733722687;-0.09876811690628529;0.4661699136098226;0.5956046183904012;0.05155646118024985;0.4443654616673787;0.5948195258776346;0.05093917824948827;alejandose
5.33;0.4458514451980591;0.22932948172092438;-0.1533389687538147;0.47229447960853577;0.26528650522232056;-0.05208771303296089;0.42651474475860596;0.2713984549045563;-0.06265231966972351;0.48040875792503357;0.3303367793560028;-0.018974199891090393;0.42171570658683777;0.3417987525463104;-0.03930119797587395;0.4657021760940552;0.39354372024536133;0.0014738200698047876;0.4385736584663391;0.39416375756263733;-0.0015128263039514422;0.4654032289981842;0.4950946271419525;-0.001908451784402132;0.44183969497680664;0.4971488416194916;-0.005605378188192844;0.44970945715904237;0.21472013294696807;-0.15436231344938278;0.4874730184674263;0.40515998005867004;-0.08457701094448566;0.42363595962524414;0.4212193936109543;-0.09952983260154724;0.46613730986913043;0.5949307282765707;0.057028395434220634;0.4444618026415507;0.5948400298754374;0.052590369867781796;alejandose
