segundo;landmark_10_x;landmark_10_y;landmark_10_z;landmark_11_x;landmark_11_y;landmark_11_z;landmark_12_x;landmark_12_y;landmark_12_z;landmark_13_x;landmark_13_y;landmark_13_z;landmark_14_x;landmark_14_y;landmark_14_z;landmark_23_x;landmark_23_y;landmark_23_z;landmark_24_x;landmark_24_y;landmark_24_z;landmark_25_x;landmark_25_y;landmark_25_z;landmark_26_x;landmark_26_y;landmark_26_z;cara_prom_x;cara_prom_y;cara_prom_z;mano_izquierda_prom_x;mano_izquierda_prom_y;mano_izquierda_prom_z;mano_derecha_prom_x;mano_derecha_prom_y;mano_derecha_prom_z;pie_izquierdo_prom_x;pie_izquierdo_prom_y;pie_izquierdo_prom_z;pie_derecho_prom_x;pie_derecho_prom_y;pie_derecho_prom_z;Etiqueta
0.03;0.49774569272994995;0.17202237248420715;-0.22632266581058502;0.5514020323753357;0.2615942358970642;-0.06693213433027267;0.45775580406188965;0.25315994024276733;-0.06673809885978699;0.554410457611084;0.40521368384361267;-0.012032700702548027;0.44649845361709595;0.396623432636261;-0.02673550508916378;0.5297267436981201;0.5154749155044556;-0.0027454972732812166;0.4720847010612488;0.5174074172973633;0.002715423470363021;0.5361123085021973;0.7253957390785217;-0.029643068090081215;0.46932727098464966;0.7266578078269958;-0.015870356932282448;0.5067431926727295;0.14431517869234084;-0.22806670516729355;0.5558232218027115;0.5620362758636475;-0.1243413295596838;0.44026437401771545;0.5558458566665649;-0.1500763762742281;0.5397957960764567;0.9251417915026346;0.07292722444981337;0.47179407874743146;0.9296323657035828;0.07675371660540502;alejandose
0.07;0.49802786111831665;0.17191864550113678;-0.24740155041217804;0.5511048436164856;0.2616117000579834;-0.07642216235399246;0.4573194980621338;0.2535325586795807;-0.08738679438829422;0.5544224977493286;0.40531983971595764;-0.015549016185104847;0.4462752044200897;0.39789238572120667;-0.04672595113515854;0.5296013951301575;0.5156669020652771;-0.0026288237422704697;0.47199398279190063;0.5173788070678711;0.002598047023639083;0.5360052585601807;0.7274791598320007;-0.02516937255859375;0.46933457255363464;0.726011335849762;-0.015481316484510899;0.5070013791322708;0.1442960888147354;-0.24808407127857207;0.5559284836053848;0.561990350484848;-0.12963558919727802;0.4402518942952156;0.5571985244750977;-0.17068488523364067;0.5391027331352234;0.9249380032221476;0.08027794522543748;0.4719381431738536;0.9298136631647745;0.0767112619554003;alejandose
0.1;0.498015433549881;0.17191436886787415;-0.23992440104484558;0.5508641004562378;0.26160627603530884;-0.07150711119174957;0.457047700881958;0.25374409556388855;-0.07691361755132675;0.5544317960739136;0.40516895055770874;-0.01390452403575182;0.44593337178230286;0.39790552854537964;-0.03760815039277077;0.529601514339447;0.5157247185707092;-0.0038364797364920378;0.47199180722236633;0.5173304677009583;0.0038203673902899027;0.5354542136192322;0.7274511456489563;-0.024979447945952415;0.46952521800994873;0.7255734205245972;-0.013957517221570015;0.5069416880607605;0.14440638124942778;-0.23959881961345672;0.5559287518262863;0.5615722388029099;-0.129343643784523;0.43953295052051544;0.5570100545883179;-0.16785316541790962;0.5378885467847189;0.9254457553227743;0.07489590222636859;0.47209350268046063;0.9298632740974426;0.0753414665038387;alejandose
0.13;0.49793741106987;0.1723892092704773;-0.23964321613311768;0.5507740378379822;0.26166048645973206;-0.07307500392198563;0.4568594694137573;0.25421401858329773;-0.0762692540884018;0.5543656945228577;0.40514495968818665;-0.013921841979026794;0.4454182982444763;0.39789649844169617;-0.03615563362836838;0.5296271443367004;0.5158460736274719;-0.004389687441289425;0.47200286388397217;0.5173336267471313;0.004369981586933136;0.5352591276168823;0.7281174063682556;-0.022465679794549942;0.47016599774360657;0.7255951762199402;-0.007445270661264658;0.5068150013685226;0.14508912116289138;-0.24046693742275238;0.5562246292829514;0.5610866993665695;-0.12915890477597713;0.4367669075727463;0.5569780468940735;-0.16492686048150063;0.5378749767939249;0.928754727045695;0.06558407408495744;0.47225714723269147;0.9299731254577637;0.07725127848486106;alejandose
0.17;0.49791547656059265;0.17259518802165985;-0.23765449225902557;0.5507716536521912;0.26162803173065186;-0.07270549237728119;0.45677414536476135;0.25484856963157654;-0.07192909717559814;0.5548407435417175;0.40501996874809265;-0.014408950693905354;0.44525209069252014;0.3978935182094574;-0.03084821254014969;0.5297189354896545;0.5160607099533081;-0.005626183468848467;0.47201430797576904;0.5174534916877747;0.0055981953628361225;0.5348533987998962;0.7286927700042725;-0.020947154611349106;0.47088655829429626;0.7259379029273987;-0.004519706591963768;0.506735435128212;0.1454794004559517;-0.23888917565345763;0.5577582567930222;0.5599981397390366;-0.13007019273936749;0.434963583946228;0.5567652434110641;-0.15834850445389748;0.5380405386288961;0.930735170841217;0.06298781683047612;0.4724648694197337;0.9300310015678406;0.07775591531147559;alejandose
0.2;0.49790918827056885;0.17265330255031586;-0.23694080114364624;0.5508214831352234;0.26150989532470703;-0.07305725663900375;0.45676761865615845;0.25498053431510925;-0.0708569586277008;0.555175244808197;0.4044080972671509;-0.016219737008213997;0.4452439844608307;0.3978347182273865;-0.028474699705839157;0.5301377773284912;0.5158271193504333;-0.0064353058114647865;0.47233033180236816;0.5172866582870483;0.006402166560292244;0.5348107814788818;0.7289851903915405;-0.01997140236198902;0.47179707884788513;0.7260924577713013;-0.0025202068500220776;0.5066720902919769;0.14574391394853592;-0.23803457915782927;0.5598087906837463;0.5585501194000244;-0.13186846859753132;0.43430233746767044;0.5555695444345474;-0.153118297457695;0.5381954908370972;0.9322409431139628;0.056213739017645516;0.47273244460423786;0.9300293922424316;0.07835740316659212;alejandose
0.23;0.4981857240200043;0.17278829216957092;-0.2403498739004135;0.5510980486869812;0.2614606022834778;-0.07619436085224152;0.45675623416900635;0.25533992052078247;-0.07441851496696472;0.5553798675537109;0.4036570191383362;-0.016742117702960968;0.4453291594982147;0.3979397714138031;-0.029025062918663025;0.5306519269943237;0.5159377455711365;-0.006445032078772783;0.4726506769657135;0.5173302888870239;0.006408152636140585;0.5349413752555847;0.7301613092422485;-0.020472107455134392;0.4724961817264557;0.7267971634864807;-0.0018377163214609027;0.5067893624305725;0.14600815773010253;-0.24253886342048644;0.5612268894910812;0.5571745038032532;-0.1315383706241846;0.43335648626089096;0.5555139780044556;-0.15274078585207462;0.5384959578514099;0.9350192348162333;0.04951767375071844;0.4728665351867676;0.9302070538202921;0.0791714418058594;alejandose
0.27;0.4986485242843628;0.17282618582248688;-0.242532879114151;0.551736056804657;0.26145777106285095;-0.07561289519071579;0.45682287216186523;0.2557212710380554;-0.07749772816896439;0.5563636422157288;0.4045264422893524;-0.010241862386465073;0.4458298981189728;0.3979567885398865;-0.029903484508395195;0.5314964056015015;0.5165866613388062;-0.006232939660549164;0.4732265770435333;0.5176833271980286;0.006195906084030867;0.5352363586425781;0.7315301895141602;-0.020180663093924522;0.47318145632743835;0.7278377413749695;-0.0012971725082024932;0.5070383846759796;0.14603277146816254;-0.24470981061458588;0.563103124499321;0.5572710335254669;-0.12348036840558052;0.43313706666231155;0.5555213540792465;-0.15311199612915516;0.5387874245643616;0.9382834235827128;0.04808259258667628;0.47296351194381714;0.9305408398310343;0.08177235427622993;alejandose
0.3;0.49911433458328247;0.17293237149715424;-0.2570078372955322;0.552386999130249;0.26147815585136414;-0.08593328297138214;0.45698386430740356;0.25649362802505493;-0.09102239459753036;0.5575527548789978;0.406341016292572;-0.014572815969586372;0.44624844193458557;0.39946427941322327;-0.039908215403556824;0.531784176826477;0.5176490545272827;-0.006208220962435007;0.4735722541809082;0.5185723900794983;0.00616522878408432;0.5354909896850586;0.7327334880828857;-0.020086176693439484;0.47364163398742676;0.7294609546661377;0.0026024978142231703;0.507391482591629;0.14606581926345824;-0.25991302728652954;0.5639243870973587;0.5582218170166016;-0.124353451654315;0.4330570697784424;0.5564115345478058;-0.15953264012932777;0.5390259226163229;0.9404926697413126;0.04781762013832728;0.47302402059237164;0.9310973286628723;0.08955664761985342;alejandose
0.33;0.49965453147888184;0.17312079668045044;-0.26418229937553406;0.5532171726226807;0.2618497312068939;-0.09214024990797043;0.45730453729629517;0.2569536566734314;-0.09932424128055573;0.5583221316337585;0.40895184874534607;-0.019862735643982887;0.4473918080329895;0.3998701870441437;-0.04782215505838394;0.5320774912834167;0.5183393359184265;-0.005919869057834148;0.473959356546402;0.5195044875144958;0.005863664671778679;0.5357042551040649;0.7329689264297485;-0.01956886239349842;0.4740772247314453;0.7301148772239685;0.0011846342822536826;0.5078437209129334;0.14613738059997558;-0.2671210110187531;0.5648889988660812;0.559557631611824;-0.12823187001049519;0.43322649598121643;0.5566796511411667;-0.16585838049650192;0.5391534765561422;0.9400837222735087;0.049387301007906594;0.47309155265490216;0.9315478801727295;0.08932203659787774;alejandose
0.37;0.5002715587615967;0.17315731942653656;-0.26139453053474426;0.553810179233551;0.26223355531692505;-0.08947886526584625;0.4576416313648224;0.257803350687027;-0.09860552847385406;0.5588142275810242;0.4105553925037384;-0.019409868866205215;0.4483507573604584;0.40083712339401245;-0.049597978591918945;0.5323619246482849;0.5189194083213806;-0.005188168026506901;0.47422274947166443;0.5201555490493774;0.005127389449626207;0.535910964012146;0.7331895232200623;-0.01974027045071125;0.47427815198898315;0.7309296131134033;-0.005375097040086985;0.5084280878305435;0.14618946015834808;-0.2637650728225708;0.5655899792909622;0.560228168964386;-0.1285820920020342;0.43493369966745377;0.5570057183504105;-0.16854380443692207;0.5391985376675924;0.9397427837053934;0.06197828178604444;0.4731423755486806;0.9320366779963175;0.07886122105022271;alejandose
0.4;0.5008504390716553;0.1730150282382965;-0.25790178775787354;0.5542809963226318;0.26264283061027527;-0.08748488873243332;0.45802146196365356;0.2584848701953888;-0.09790582209825516;0.5591905117034912;0.41156384348869324;-0.017893720418214798;0.4488634169101715;0.4018983840942383;-0.05201178044080734;0.5324435830116272;0.519141435623169;-0.0037798513658344746;0.4743121862411499;0.5206804871559143;0.0037209978327155113;0.536081850528717;0.7333683371543884;-0.01973668672144413;0.4743959903717041;0.7314358949661255;-0.007359588984400034;0.5090684503316879;0.14606823474168779;-0.2598221033811569;0.5659108310937881;0.5604654103517532;-0.12756957113742828;0.438290610909462;0.558410182595253;-0.17071160301566124;0.539212961991628;0.9399751027425131;0.0660215647270282;0.4732648928960164;0.9325390458106995;0.07868039608001709;alejandose
0.43;0.5014913082122803;0.17300279438495636;-0.2593698799610138;0.5545693039894104;0.2631310224533081;-0.08647795766592026;0.45828649401664734;0.2591903507709503;-0.10323669016361237;0.559410810470581;0.41232922673225403;-0.017641477286815643;0.4490833878517151;0.4033154249191284;-0.058540623635053635;0.5325926542282104;0.519404947757721;-0.002162093995139003;0.47432801127433777;0.5211857557296753;0.0021069266367703676;0.5362949371337891;0.733364462852478;-0.015498634427785873;0.47446388006210327;0.7314949631690979;-0.008369723334908485;0.5096677333116532;0.14605118185281754;-0.26060597598552704;0.5660839527845383;0.5607389509677887;-0.1254465077072382;0.4414285272359848;0.5617601722478867;-0.1730193793773651;0.5392593741416931;0.9402043024698893;0.06712618842720985;0.47333721319834393;0.9328855077425638;0.07407680960992973;alejandose
0.47;0.502188503742218;0.17297832667827606;-0.2661259174346924;0.554805338382721;0.26336556673049927;-0.09020134061574936;0.45852962136268616;0.25976237654685974;-0.11177729815244675;0.5596539378166199;0.4127381145954132;-0.019215553998947144;0.4491252601146698;0.408018559217453;-0.06762120127677917;0.5329403281211853;0.5195577144622803;-0.0012141966726630926;0.4744411110877991;0.5216693878173828;0.0011580936843529344;0.5365944504737854;0.7333568930625916;-0.011661719530820847;0.474475234746933;0.7318180799484253;-0.008885154500603676;0.510174211859703;0.1460051491856575;-0.26698488742113113;0.5661492794752121;0.5609672516584396;-0.12556913122534752;0.4452078267931938;0.5652541965246201;-0.17897525429725647;0.5393466353416443;0.9401667714118958;0.0687055258701245;0.47338436047236127;0.9331745107968649;0.06902832786242168;alejandose
0.5;0.5026400089263916;0.1729239821434021;-0.2621445953845978;0.5549379587173462;0.26338592171669006;-0.08644438534975052;0.4588034152984619;0.25987809896469116;-0.10612890124320984;0.5601928234100342;0.4126204252243042;-0.016704509034752846;0.4494929015636444;0.40864819288253784;-0.06117496266961098;0.5335245728492737;0.5196274518966675;-0.0011831725714728236;0.4750133156776428;0.5218827724456787;0.001131195342168212;0.5369243621826172;0.7333858609199524;-0.011069686152040958;0.47457584738731384;0.731879472732544;-0.008851626887917519;0.5105614364147186;0.14597850143909455;-0.2618564605712891;0.566167801618576;0.5612567216157913;-0.12372476793825626;0.4485829919576645;0.5656271725893021;-0.1756828837096691;0.5393622318903605;0.9401679039001465;0.06713925426204999;0.4734145204226176;0.9333825508753458;0.06367769899467628;alejandose
0.53;0.5030375719070435;0.1727905571460724;-0.23425708711147308;0.5550380349159241;0.2633883059024811;-0.06859483569860458;0.45907339453697205;0.25986817479133606;-0.08468575030565262;0.560490071773529;0.4126700162887573;-0.00746501050889492;0.45031094551086426;0.4083781838417053;-0.04841819033026695;0.5342335104942322;0.5201504230499268;-0.0012988171074539423;0.47604209184646606;0.5224829912185669;0.0012578649912029505;0.5373873710632324;0.7340491414070129;-0.010678626596927643;0.47459277510643005;0.7322295904159546;-0.0064399060793221;0.5109247654676438;0.1459105834364891;-0.2336756855249405;0.5660929977893829;0.5618438720703125;-0.11881492473185062;0.450976699590683;0.5654908269643784;-0.16669463366270065;0.5393117864926656;0.9402687549591064;0.06477532597879569;0.47344287236531574;0.9334657788276672;0.06550929136574268;alejandose
0.57;0.5032619833946228;0.17252235114574432;-0.2001146674156189;0.5551045536994934;0.2633873224258423;-0.042811069637537;0.4593844413757324;0.2593579590320587;-0.056169189512729645;0.5604983568191528;0.4127728343009949;0.00847275834530592;0.45106223225593567;0.4081467390060425;-0.027254365384578705;0.534633457660675;0.5204034447669983;-0.0016213532071560621;0.47683119773864746;0.5228022336959839;0.0016069482080638409;0.537661612033844;0.7343184351921082;-0.01126124057918787;0.4746221601963043;0.7324058413505554;-0.0067602177150547504;0.5111509412527084;0.14580709785223006;-0.1988703228533268;0.5660155862569809;0.5618629455566406;-0.10593660175800323;0.4537186771631241;0.5653141438961029;-0.14861329272389412;0.5391711592674255;0.9404708941777548;0.061526063829660416;0.47350581487019855;0.933485746383667;0.06421268358826637;alejandose
0.6;0.5033954977989197;0.17237193882465363;-0.20979087054729462;0.5552917718887329;0.26338550448417664;-0.050558481365442276;0.4597046375274658;0.2584259510040283;-0.06209009140729904;0.5604883432388306;0.412895143032074;0.004204631317406893;0.451680988073349;0.40806326270103455;-0.029595203697681427;0.5348503589630127;0.5205285549163818;-0.002052344148978591;0.4773033559322357;0.5229609608650208;0.0020530764013528824;0.5378861427307129;0.734527051448822;-0.011567571200430393;0.4747014045715332;0.7325466275215149;-0.0058555700816214085;0.5113248616456986;0.14577693939208985;-0.2096226416528225;0.5659573376178741;0.5618335008621216;-0.1091100387275219;0.4552379995584488;0.5651925355195999;-0.15064607001841068;0.5392595728238424;0.9407946268717448;0.05939131850997607;0.4735525647799174;0.9335031310717264;0.06530341940621535;alejandose
0.63;0.5034704208374023;0.1721700131893158;-0.2023807317018509;0.5554623007774353;0.26338130235671997;-0.04686495661735535;0.4599412977695465;0.2576202154159546;-0.056239351630210876;0.5604819655418396;0.41315004229545593;0.005644721910357475;0.4520372748374939;0.40772420167922974;-0.024904420599341393;0.5349481701850891;0.5207833051681519;-0.0026733276899904013;0.47749295830726624;0.5233352780342102;0.0026885380502790213;0.5380769968032837;0.734652578830719;-0.011784571222960949;0.474780797958374;0.7330862879753113;-0.005585016682744026;0.5114259839057922;0.14571739137172698;-0.20209478214383125;0.5659067332744598;0.5618910640478134;-0.10809113644063473;0.4560999646782875;0.5650856345891953;-0.14681855589151382;0.5393336415290833;0.9410454829533895;0.05948177290459474;0.47358959913253784;0.9335336685180664;0.06646340837081273;alejandose
0.67;0.5035765171051025;0.17205116152763367;-0.20801621675491333;0.5556336641311646;0.263382226228714;-0.050201416015625;0.46015116572380066;0.25720611214637756;-0.05952265486121178;0.5605500340461731;0.4134569764137268;0.004035009536892176;0.45232197642326355;0.4076126217842102;-0.026470789685845375;0.5351089239120483;0.5210325717926025;-0.003131906036287546;0.4777202904224396;0.5236198306083679;0.0031517106108367443;0.5381585359573364;0.7348791360855103;-0.011864078231155872;0.47483256459236145;0.7335841059684753;-0.005120100919157267;0.5115817070007325;0.1456658735871315;-0.20788372531533242;0.5658747553825378;0.5619287639856339;-0.10959575697779655;0.45655015856027603;0.5649953186511993;-0.1487161759287119;0.5393624305725098;0.9413076043128967;0.059645568331082664;0.47362009684244794;0.9335611859957377;0.0676558172951142;alejandose
0.7;0.503654420375824;0.17195525765419006;-0.20663489401340485;0.5558009743690491;0.2634047567844391;-0.048403654247522354;0.4602980613708496;0.2570233941078186;-0.058967746794223785;0.5607660412788391;0.4138009250164032;0.005392148159444332;0.4523244798183441;0.4074130654335022;-0.026575099676847458;0.5353001356124878;0.5215891003608704;-0.003140327287837863;0.47791340947151184;0.5240954160690308;0.003160963300615549;0.5383702516555786;0.7351009845733643;-0.012186441570520401;0.47492268681526184;0.734063446521759;-0.0054641165770590305;0.5117103070020675;0.14561492204666138;-0.20614654794335366;0.5658610612154007;0.5620242357254028;-0.10882161185145378;0.45662636309862137;0.564791351556778;-0.14913742244243622;0.5393982728322347;0.9416872064272562;0.06320798707505067;0.4736842115720113;0.9337222178777059;0.06807773311932881;alejandose
0.73;0.503755509853363;0.17193341255187988;-0.2087121605873108;0.5559720396995544;0.26347851753234863;-0.04925885796546936;0.4604438543319702;0.2570008337497711;-0.06113949790596962;0.5609488487243652;0.41409188508987427;0.005363008938729763;0.45228591561317444;0.40735530853271484;-0.028091493993997574;0.5355912446975708;0.5223210453987122;-0.0028819211293011904;0.47804293036460876;0.5246877074241638;0.002896973630413413;0.5386843085289001;0.7352427244186401;-0.012388056144118309;0.47508037090301514;0.7349498867988586;-0.006844552233815193;0.5118748545646667;0.14559687674045563;-0.20812607929110527;0.565910741686821;0.5624153465032578;-0.10843195952475071;0.4564230367541313;0.5647227764129639;-0.1498600710183382;0.539427638053894;0.942094067732493;0.0691678375005722;0.47379616896311444;0.9338376919428507;0.06951053844143947;alejandose
0.77;0.5039161443710327;0.1718955636024475;-0.21107466518878937;0.5561482906341553;0.2635360062122345;-0.05093541741371155;0.46057963371276855;0.25700026750564575;-0.062136296182870865;0.561089813709259;0.41408002376556396;0.005600477568805218;0.45225629210472107;0.40726709365844727;-0.03055758774280548;0.5361036658287048;0.5225339531898499;-0.0019986587576568127;0.47841230034828186;0.5247955918312073;0.0020047309808433056;0.5391661524772644;0.7353999018669128;-0.012419493868947029;0.4754285216331482;0.7353927493095398;-0.009648257866501808;0.5120572566986084;0.14554557502269744;-0.21095284670591355;0.5660899728536606;0.5625039637088776;-0.10740467347204685;0.4561786651611328;0.5646654367446899;-0.151189424097538;0.5395708680152893;0.9423016905784607;0.07271705443660419;0.47393553455670673;0.9339867035547892;0.06956502143293619;alejandose
0.8;0.5040795207023621;0.17189007997512817;-0.21503233909606934;0.5563835501670837;0.2636025846004486;-0.05201191455125809;0.4608723521232605;0.2569856345653534;-0.06497673690319061;0.5613827109336853;0.41402673721313477;0.006703773979097605;0.45232629776000977;0.4069787859916687;-0.031695131212472916;0.5364955067634583;0.5225841999053955;-0.0011638946598395705;0.4785708785057068;0.5247913002967834;0.0011596041731536388;0.5395423769950867;0.7354028224945068;-0.015004349872469902;0.47576695680618286;0.7358534932136536;-0.014018404297530651;0.5122316360473633;0.14552800059318544;-0.21463251262903213;0.5664349794387817;0.5624968707561493;-0.10656075179576874;0.4559548497200012;0.5643351525068283;-0.1524176113307476;0.5396799246470133;0.9423363208770752;0.07783956763645013;0.47405863801638287;0.934154748916626;0.07035942592968543;alejandose
0.83;0.5042456388473511;0.17188788950443268;-0.22715424001216888;0.5565028786659241;0.2636030614376068;-0.0572211928665638;0.4611087441444397;0.2569725513458252;-0.07422523945569992;0.5615628957748413;0.4135875701904297;0.006156331393867731;0.45244112610816956;0.40658360719680786;-0.03704461455345154;0.5367279648780823;0.5224366188049316;-0.0009713775361888111;0.47866716980934143;0.5244759917259216;0.0009628423722460866;0.539787232875824;0.7352707982063293;-0.015216219238936901;0.4758712947368622;0.7359334230422974;-0.013923196122050285;0.5123785704374313;0.14552990943193436;-0.22713178545236587;0.566775918006897;0.5622093826532364;-0.10709278658032417;0.4557318463921547;0.563787043094635;-0.15710331499576569;0.5398808717727661;0.942563017209371;0.0750823679069678;0.47407762209574383;0.9342000285784403;0.06832882389426231;alejandose
0.87;0.5043125152587891;0.1719006896018982;-0.2362757921218872;0.5566366910934448;0.2635951638221741;-0.06357868015766144;0.4613211750984192;0.25696441531181335;-0.08277776092290878;0.5617571473121643;0.4130616784095764;0.0028929340187460184;0.4526319205760956;0.4064769446849823;-0.043914541602134705;0.5368317365646362;0.5219153165817261;-0.0008757735486142337;0.4787067472934723;0.5240245461463928;0.0008658443694002926;0.5398362874984741;0.7346193790435791;-0.015138134360313416;0.47601497173309326;0.735882043838501;-0.01401547808200121;0.5124339193105698;0.1455448240041733;-0.2366386517882347;0.5672135502099991;0.5617917627096176;-0.10774318873882294;0.45543868839740753;0.5637460947036743;-0.16348754987120628;0.539886474609375;0.9425797462463379;0.06768197566270828;0.47408948342005414;0.9339966376622518;0.06297975095609824;alejandose
0.9;0.5043507814407349;0.17189767956733704;-0.2496144324541092;0.556710958480835;0.26357418298721313;-0.0749121755361557;0.46147796511650085;0.2569926083087921;-0.09555114060640335;0.5620530247688293;0.41265836358070374;-0.004826492164283991;0.45272648334503174;0.40652400255203247;-0.053788792341947556;0.5369117856025696;0.5213308930397034;-0.0007673972868360579;0.47872352600097656;0.5235251188278198;0.0007529814611189067;0.5398339033126831;0.7342912554740906;-0.014526566490530968;0.4761723279953003;0.7354649305343628;-0.013661504723131657;0.5124765992164612;0.14554416984319687;-0.25028521865606307;0.5675529986619949;0.5615529119968414;-0.11126531474292278;0.454940490424633;0.563770666718483;-0.17068184912204742;0.5398878455162048;0.9425115784009298;0.06296745439370473;0.4740903576215108;0.933575173219045;0.06114600909252962;alejandose
0.93;0.5043882131576538;0.17188885807991028;-0.2474123239517212;0.5567474365234375;0.26339176297187805;-0.07469310611486435;0.46156367659568787;0.2570168673992157;-0.09476757049560547;0.5622519850730896;0.41240426898002625;-0.006288053933531046;0.45273375511169434;0.4064966142177582;-0.053957704454660416;0.5369492173194885;0.521224319934845;-0.0006794613436795771;0.478719025850296;0.5234293341636658;0.0006630747811868787;0.5398340821266174;0.7342516779899597;-0.013617442920804024;0.4762415587902069;0.7354101538658142;-0.013542753644287586;0.5125145137310028;0.14553917199373245;-0.2479427933692932;0.5677658766508102;0.5614543557167053;-0.11310382187366486;0.45436835289001465;0.5638962388038635;-0.17083552479743958;0.5399164358774821;0.942350427309672;0.062119290232658386;0.4740717311700185;0.9334046840667725;0.061200287813941635;alejandose
0.97;0.5043958425521851;0.1718740314245224;-0.24317194521427155;0.5568146705627441;0.2629205584526062;-0.07237596809864044;0.4617026746273041;0.2569253742694855;-0.09099037945270538;0.5624271035194397;0.41163864731788635;-0.0057173860259354115;0.4527851641178131;0.4061262905597687;-0.05134853348135948;0.5369451642036438;0.5209041833877563;-0.0006402040598914027;0.47871625423431396;0.5229002833366394;0.0006254375330172479;0.5398395657539368;0.7339754700660706;-0.014052591286599636;0.47628405690193176;0.7347225546836853;-0.01354321651160717;0.5125266253948212;0.14551135748624802;-0.24354535788297654;0.5679916590452194;0.5613293051719666;-0.1135108657181263;0.45358578860759735;0.5638485699892044;-0.16913144290447235;0.5399243831634521;0.9415328105290731;0.05871811571220557;0.47401611010233563;0.93314528465271;0.05923235168059667;alejandose
1.0;0.5044196248054504;0.17170129716396332;-0.22409501671791077;0.5568541884422302;0.26239028573036194;-0.05670226737856865;0.4618408679962158;0.25670337677001953;-0.07701586931943893;0.562484860420227;0.4109632670879364;0.0035935421474277973;0.4527832865715027;0.4055633842945099;-0.041831690818071365;0.5369399189949036;0.5207497477531433;-0.000616234727203846;0.47871482372283936;0.5225860476493835;0.0006061109597794712;0.5398380160331726;0.7338895797729492;-0.016166767105460167;0.4763176441192627;0.734444797039032;-0.0143746891990304;0.5125615715980529;0.14527452886104583;-0.2238495171070099;0.568097710609436;0.5611530244350433;-0.10771731287240982;0.45282184332609177;0.5636779814958572;-0.16197478026151657;0.5399280389149984;0.9406034350395203;0.05864523475368818;0.47391509016354877;0.9331057469050089;0.059256646782159805;alejandose
1.03;0.5044361352920532;0.17106105387210846;-0.20225374400615692;0.5569361448287964;0.26208579540252686;-0.03658607602119446;0.4620629847049713;0.25604209303855896;-0.05886528640985489;0.5624738931655884;0.4103204905986786;0.020630942657589912;0.452796995639801;0.40414223074913025;-0.026817267760634422;0.536940336227417;0.520624577999115;-0.0003405893803574145;0.4787627160549164;0.5219666957855225;0.00034868213697336614;0.5398366451263428;0.7337446212768555;-0.017931053414940834;0.4764101207256317;0.7342976927757263;-0.01722048409283161;0.5125963479280472;0.14450883567333223;-0.20136906132102012;0.5681628286838531;0.5609800815582275;-0.09095087833702564;0.45244233310222626;0.561182826757431;-0.14807938784360886;0.539925197760264;0.9378962516784668;0.06429260162015756;0.47372618317604065;0.9329842925071716;0.05978144332766533;alejandose
1.07;0.5044422745704651;0.17009475827217102;-0.1820007860660553;0.5570653676986694;0.2612651288509369;-0.02401740662753582;0.4622592329978943;0.25513318181037903;-0.041737593710422516;0.562434196472168;0.408053994178772;0.027249058708548546;0.45286229252815247;0.40271446108818054;-0.012554462067782879;0.5369834303855896;0.5202173590660095;-0.0003441262524574995;0.4788135290145874;0.5212435722351074;0.00035426896647550166;0.5398290157318115;0.733231782913208;-0.019538244232535362;0.4765172600746155;0.7333021759986877;-0.018971771001815796;0.512617900967598;0.14344097971916198;-0.1809992589056492;0.5681552588939667;0.5599163770675659;-0.08533449936658144;0.4522741064429283;0.5590647608041763;-0.13384613953530788;0.5399290720621744;0.9357862075169882;0.06553544104099274;0.4735373556613922;0.93277508020401;0.059923650696873665;alejandose
1.1;0.5044792294502258;0.16932590305805206;-0.17471900582313538;0.5573782920837402;0.26061150431632996;-0.02116573043167591;0.4624747931957245;0.25462606549263;-0.034745268523693085;0.5624462962150574;0.4058450758457184;0.027214353904128075;0.4530314803123474;0.40206676721572876;-0.006774649489670992;0.5372010469436646;0.5199748277664185;-0.0005534270312637091;0.47896608710289;0.5206681489944458;0.0005763016524724662;0.539758563041687;0.7329965829849243;-0.021281316876411438;0.4766348600387573;0.731768012046814;-0.01926499418914318;0.5126573830842972;0.14258878529071808;-0.17371146082878114;0.568105548620224;0.5588616281747818;-0.08576335851103067;0.4522191137075424;0.5582310408353806;-0.1281481496989727;0.5399117867151896;0.9343051711718241;0.06588106974959373;0.4733929733435313;0.9324107567469279;0.06037519313395023;alejandose
1.13;0.5044222474098206;0.16850903630256653;-0.14652568101882935;0.5578513741493225;0.2593572735786438;-0.006681330967694521;0.463008850812912;0.2540937662124634;-0.009304173290729523;0.5626004338264465;0.4023193418979645;0.030922459438443184;0.4535834491252899;0.4002797305583954;0.01383429579436779;0.5374332666397095;0.5198924541473389;-0.002022651256993413;0.47915539145469666;0.5202671885490417;0.0020636015105992556;0.5397061109542847;0.7330226898193359;-0.029057303443551064;0.4767376482486725;0.7305316925048828;-0.019793782383203506;0.5126538395881652;0.14180949926376343;-0.14530343972146512;0.5679495483636856;0.5581668168306351;-0.0825741570442915;0.4522426798939705;0.5552536249160767;-0.10734732262790203;0.5397922992706299;0.9335044622421265;0.06509101515014966;0.47329678138097125;0.9319090644518534;0.0624158742527167;alejandose
1.17;0.5045691728591919;0.16819337010383606;-0.15582549571990967;0.5589361190795898;0.2581019103527069;-0.012558202259242535;0.4637291431427002;0.25404849648475647;-0.0172589011490345;0.5628405809402466;0.4002113938331604;0.028111908584833145;0.4540504813194275;0.40017759799957275;0.007488096598535776;0.5378056168556213;0.5198727250099182;-0.0023417312186211348;0.47947871685028076;0.519902229309082;0.0023856244515627623;0.539604902267456;0.7330228090286255;-0.029652388766407967;0.47692248225212097;0.7299020290374756;-0.019628144800662994;0.51278215944767;0.14142597764730452;-0.15542818680405618;0.5678187012672424;0.5572867095470428;-0.08489983901381493;0.4523000940680504;0.5546684563159943;-0.11315031908452511;0.5396240949630737;0.9327548344930013;0.0655777466793855;0.47327325741449994;0.93160613377889;0.06441370211541653;alejandose
1.2;0.5050508975982666;0.16797490417957306;-0.15542377531528473;0.560818076133728;0.25709420442581177;-0.015039416030049324;0.46476665139198303;0.25404152274131775;-0.015198063105344772;0.5638880729675293;0.3990071415901184;0.02556014060974121;0.45456019043922424;0.40005287528038025;0.011093183420598507;0.5385833978652954;0.5202046632766724;-0.0031144542153924704;0.480044960975647;0.5199041366577148;0.0031579015776515007;0.5394255518913269;0.7331724762916565;-0.02983959950506687;0.47704845666885376;0.7298738956451416;-0.019368303939700127;0.5132301211357116;0.1411974161863327;-0.15552341416478158;0.5676841288805008;0.5567058324813843;-0.08725976198911667;0.452695868909359;0.5526181012392044;-0.10882608219981194;0.5396426518758138;0.9322802027066549;0.06704160012304783;0.47321943442026776;0.9315562645594279;0.06658980684975783;alejandose
1.23;0.5057963132858276;0.16761595010757446;-0.15355128049850464;0.562527060508728;0.25594428181648254;-0.01609967090189457;0.4661777913570404;0.2539953589439392;-0.013156618922948837;0.5654913783073425;0.39892223477363586;0.024271463975310326;0.4558834135532379;0.3991095721721649;0.012905310839414597;0.5394684672355652;0.5208974480628967;-0.0036008295137435198;0.4807073473930359;0.5201405882835388;0.003637135960161686;0.5394232869148254;0.7335838079452515;-0.03220686316490173;0.4771397113800049;0.7309845685958862;-0.01918686553835869;0.5141985207796097;0.14097957760095597;-0.1534505896270275;0.5676733106374741;0.5564669817686081;-0.08999094367027283;0.4532865807414055;0.550862044095993;-0.10763819143176079;0.5396393338839213;0.9317118922869364;0.07677600020542741;0.4731835921605428;0.9315683444341024;0.075991483250012;alejandose
1.27;0.5070338249206543;0.16762018203735352;-0.174965500831604;0.5640577077865601;0.25602099299430847;-0.026684822514653206;0.4679882228374481;0.2549172639846802;-0.027898920699954033;0.5675821900367737;0.39954641461372375;0.0194949172437191;0.4568426012992859;0.3995160460472107;0.00421859510242939;0.5406857132911682;0.5219708681106567;-0.0021875540260225534;0.48168283700942993;0.5202351808547974;0.002197475405409932;0.5395621657371521;0.7345173954963684;-0.03177817538380623;0.47797659039497375;0.7311484813690186;-0.019648021087050438;0.5157661527395249;0.14098895937204362;-0.17612561583518982;0.5677565485239029;0.5568427443504333;-0.09556731395423412;0.45420634001493454;0.5511916875839233;-0.11549440026283264;0.5396012266476949;0.9319568077723185;0.08398946102533955;0.4733359018961589;0.9316249887148539;0.07584803877398372;alejandose
1.3;0.5083403587341309;0.16766659915447235;-0.18309830129146576;0.5657291412353516;0.2563028633594513;-0.03250788524746895;0.46996399760246277;0.25595635175704956;-0.03732879087328911;0.5695987343788147;0.4010857343673706;0.014342514798045158;0.4581281244754791;0.3997027575969696;-0.004524418152868748;0.5418354868888855;0.523705780506134;0.0007329446380026639;0.48284173011779785;0.5211035013198853;-0.0007491293945349753;0.53990638256073;0.7357686758041382;-0.02712409198284149;0.47975847125053406;0.7311660051345825;-0.022845515981316566;0.5171210497617722;0.14114266782999038;-0.184307661652565;0.5679862797260284;0.5571760833263397;-0.1010122150182724;0.4554808959364891;0.553489625453949;-0.11932992562651634;0.5396292805671692;0.932685136795044;0.08390394817251945;0.47352299094200134;0.9321311314900717;0.07407120304803054;alejandose
1.33;0.5103282332420349;0.16810372471809387;-0.19664762914180756;0.5679463148117065;0.25724440813064575;-0.04627583920955658;0.4718007743358612;0.2578059434890747;-0.04590628296136856;0.5715194344520569;0.4027835726737976;0.00401030108332634;0.4598953425884247;0.3997330665588379;-0.009067071601748466;0.543016254901886;0.5246465802192688;0.0006624017842113972;0.483851820230484;0.5212650895118713;-0.0006704824045300484;0.5399565696716309;0.7382262349128723;-0.027058614417910576;0.4803919196128845;0.7314554452896118;-0.022803878411650658;0.5189945220947265;0.14187700152397156;-0.19840895384550095;0.5685608834028244;0.557306706905365;-0.11282188259065151;0.4562915116548538;0.5554429441690445;-0.12594342418015003;0.5396031538645426;0.9331071774164835;0.08423413725298208;0.47369879484176636;0.932431956132253;0.07478432822972536;alejandose
1.37;0.5117637515068054;0.16856130957603455;-0.21747054159641266;0.569710910320282;0.25803717970848083;-0.06599744409322739;0.474697470664978;0.2590896189212799;-0.05710529536008835;0.5728150606155396;0.40533530712127686;-0.007416931446641684;0.46278509497642517;0.4012327194213867;-0.01068105548620224;0.5441907644271851;0.5245864987373352;-0.0014474524650722742;0.48503929376602173;0.5209367871284485;0.0013982660602778196;0.5399537086486816;0.7384815216064453;-0.026977702975273132;0.4809032380580902;0.7310861349105835;-0.018184415996074677;0.5206002354621887;0.14262968003749849;-0.22055477499961854;0.5696480423212051;0.5573956668376923;-0.12039775773882866;0.4568101540207863;0.555802196264267;-0.12751683220267296;0.539403518040975;0.9332486589749655;0.083924528133745;0.47420082489649457;0.9321326812108358;0.07990959954137604;alejandose
1.4;0.5139350295066833;0.1685614138841629;-0.2349722534418106;0.5711888670921326;0.2579970955848694;-0.07841718196868896;0.4773680865764618;0.25901755690574646;-0.06823085993528366;0.5744659900665283;0.40532970428466797;-0.015585783869028091;0.46662816405296326;0.40122970938682556;-0.014490806497633457;0.544976532459259;0.5228440761566162;-0.002094638766720891;0.4861057698726654;0.5180127024650574;0.002024047775194049;0.5396100282669067;0.7373871207237244;-0.026855172589421272;0.4808644950389862;0.7281739711761475;-0.01728370226919651;0.5226352453231812;0.1426318407058716;-0.23888761848211287;0.5709984749555588;0.5574559718370438;-0.1282990537583828;0.45701565593481064;0.5552338510751724;-0.13446028716862202;0.5393202900886536;0.9328536987304688;0.08734123953278565;0.47458802660306293;0.9304604132970175;0.08452903324117263;alejandose
1.43;0.5155226588249207;0.16804759204387665;-0.22049328684806824;0.5728394985198975;0.2576952278614044;-0.06763684749603271;0.4791615307331085;0.25857484340667725;-0.06305325031280518;0.5758638381958008;0.40526655316352844;-0.012875155545771122;0.468874990940094;0.40049344301223755;-0.01037413626909256;0.5454831719398499;0.5198337435722351;-0.002581333741545677;0.4870811104774475;0.5145384669303894;0.002512822626158595;0.5395777821540833;0.736179530620575;-0.02662576548755169;0.48057350516319275;0.7225980162620544;-0.017274638637900352;0.5241917848587037;0.14208038300275802;-0.2232550323009491;0.5722622722387314;0.5575112849473953;-0.12890880182385445;0.4570816829800606;0.5532603710889816;-0.13370521739125252;0.539371112982432;0.9330658713976542;0.07465942203998566;0.4747966229915619;0.9291932781537374;0.07849234311530988;alejandose
1.47;0.5168849229812622;0.16792812943458557;-0.22885791957378387;0.5743507146835327;0.25662532448768616;-0.07662370055913925;0.48043742775917053;0.2581446170806885;-0.06307617574930191;0.577039897441864;0.40359580516815186;-0.02144196256995201;0.4692419469356537;0.4004892408847809;-0.01138171087950468;0.5459420680999756;0.5174227952957153;-0.003758650738745928;0.4876692295074463;0.5120587944984436;0.0036853631027042866;0.539663553237915;0.7339771389961243;-0.025604555383324623;0.4800746738910675;0.717214047908783;-0.015398556366562843;0.5253617107868195;0.14181568175554277;-0.23247665166854858;0.5734053999185562;0.5570130795240402;-0.13731282949447632;0.4571441039443016;0.5529323518276215;-0.1344048622995615;0.5395187735557556;0.9338003198305765;0.07187884983917077;0.4746761918067932;0.9278775850931803;0.07774409900108974;alejandose
1.5;0.5174384713172913;0.1677522212266922;-0.2407974749803543;0.5758066773414612;0.25615668296813965;-0.09264830499887466;0.48169708251953125;0.25735437870025635;-0.07155333459377289;0.5784192085266113;0.40174582600593567;-0.0330674946308136;0.4697621762752533;0.3996695578098297;-0.014001535251736641;0.5464409589767456;0.5152778029441833;-0.0053747789934277534;0.4880015254020691;0.5092166066169739;0.005297081079334021;0.540748119354248;0.7312644720077515;-0.02231917344033718;0.48005568981170654;0.7108814716339111;0.013286392204463482;0.5260052800178527;0.14170142263174057;-0.2459549054503441;0.5743435472249985;0.5552272498607635;-0.1403276063501835;0.45711246877908707;0.5519558042287827;-0.13339470326900482;0.5400734742482504;0.9358813563982645;0.0368130827943484;0.4735153615474701;0.9197343786557516;0.10795959271490574;alejandose
1.53;0.5176301002502441;0.1674380600452423;-0.23589934408664703;0.5763455629348755;0.25586679577827454;-0.09122170507907867;0.4821680188179016;0.257146954536438;-0.06788534671068192;0.5795535445213318;0.4014173150062561;-0.03253958374261856;0.4703289270401001;0.39920511841773987;-0.012516265735030174;0.546731173992157;0.5139172077178955;-0.008292412385344505;0.488421767950058;0.5076789259910583;0.008224014192819595;0.5408799052238464;0.7291020154953003;-0.023145407438278198;0.4800345301628113;0.7072495818138123;0.03311172127723694;0.526352196931839;0.14150757491588592;-0.2407730981707573;0.5753181725740433;0.5544453114271164;-0.13815898448228836;0.4568404331803322;0.5487233996391296;-0.12733949348330498;0.540152112642924;0.9358683427174886;0.022085656722386677;0.47121086716651917;0.9087676803270975;0.14101077367862067;alejandose
1.57;0.5178403258323669;0.16741687059402466;-0.249923974275589;0.576525866985321;0.2558786869049072;-0.09557664394378662;0.4823440611362457;0.25720807909965515;-0.08069644123315811;0.580514669418335;0.40142741799354553;-0.03358392044901848;0.4704090356826782;0.39909499883651733;-0.023298343643546104;0.5471125245094299;0.5133665800094604;-0.008001849055290222;0.48885634541511536;0.5069537162780762;0.007939713075757027;0.5411970615386963;0.7281618714332581;-0.02921677567064762;0.48002001643180847;0.7059345841407776;0.0492267869412899;0.5266890943050384;0.14154160320758818;-0.25402787029743196;0.5763155519962311;0.5542400628328323;-0.1450149416923523;0.4567866399884224;0.54544398188591;-0.13847685791552067;0.5402563611666361;0.9351596236228943;0.014498325685660044;0.4694274266560872;0.8944803476333618;0.19730044404665628;alejandose
1.6;0.517666220664978;0.1674906462430954;-0.2566378116607666;0.5760611891746521;0.2558783292770386;-0.10083813965320587;0.4825878143310547;0.25724273920059204;-0.084900863468647;0.5809339880943298;0.4005074203014374;-0.03740493580698967;0.4707692265510559;0.3989037275314331;-0.02572559006512165;0.5471752882003784;0.5127643942832947;-0.008878819644451141;0.4891541600227356;0.5063365697860718;0.008825267665088177;0.5417585968971252;0.7257509231567383;-0.03427133336663246;0.4800075590610504;0.7039130926132202;0.06548070162534714;0.5266829431056976;0.14201704710721968;-0.26085577458143233;0.5771529674530029;0.5533604770898819;-0.15070989169180393;0.45683759450912476;0.5430365204811096;-0.14102041348814964;0.5405587156613668;0.9345487952232361;-0.012707091867923737;0.4680572251478831;0.8843614260355631;0.2186843752861023;alejandose
1.63;0.5176287889480591;0.1674942523241043;-0.2629304826259613;0.575725257396698;0.2561725378036499;-0.10310575366020203;0.4823589026927948;0.2582472562789917;-0.09328591078519821;0.5806323885917664;0.3994865119457245;-0.039413392543792725;0.4707845151424408;0.39882293343544006;-0.03557547181844711;0.5471001863479614;0.5122164487838745;-0.008981687016785145;0.48909252882003784;0.5061505436897278;0.008926848880946636;0.5421150326728821;0.7237142324447632;-0.04373842477798462;0.4799758493900299;0.7020682096481323;0.07069001346826553;0.5266145169734955;0.1422744423151016;-0.2663399904966354;0.5778883099555969;0.5523885637521744;-0.15197037160396576;0.45690806955099106;0.5421357154846191;-0.14876515232026577;0.5405478080113729;0.9323665698369344;-0.023454105481505394;0.46695910890897113;0.8695697784423828;0.260524516304334;alejandose
1.67;0.5174705386161804;0.16823932528495789;-0.2685931324958801;0.5743077993392944;0.25636157393455505;-0.10629059374332428;0.4820530414581299;0.26111099123954773;-0.0973990187048912;0.5803972482681274;0.3964289426803589;-0.04378434270620346;0.4705086052417755;0.398809015750885;-0.03929409757256508;0.5470448136329651;0.5120718479156494;-0.008805431425571442;0.48906323313713074;0.5064136385917664;0.008752316236495972;0.542815089225769;0.7208901047706604;-0.053443532437086105;0.4799778461456299;0.6992915868759155;0.08409935235977173;0.5264853775501251;0.1439128041267395;-0.2720184549689293;0.5780410170555115;0.5509889274835587;-0.1556313931941986;0.4569054991006851;0.5420138984918594;-0.1505170799791813;0.5405975182851156;0.9320072531700134;-0.041698951895038285;0.4669518272082011;0.8542091647783915;0.300553431113561;alejandose
1.7;0.5166264176368713;0.16949282586574554;-0.2792981266975403;0.5727770924568176;0.2573353946208954;-0.11382228136062622;0.4818686246871948;0.2624189853668213;-0.10752248764038086;0.5802092552185059;0.3937617242336273;-0.05410289391875267;0.4703671932220459;0.3978952169418335;-0.047906938940286636;0.5468979477882385;0.5104219913482666;-0.00772626930847764;0.4890459179878235;0.5060481429100037;0.007680421695113182;0.5429607033729553;0.7160112261772156;-0.06954541057348251;0.4799734055995941;0.6972909569740295;0.07952838391065598;0.5257286548614502;0.14615537971258163;-0.28378366231918334;0.5781459808349609;0.5435528308153152;-0.16769542172551155;0.4569684565067291;0.5415616780519485;-0.1540641263127327;0.5406579772631327;0.9317126671473185;-0.06505686448266108;0.4671729902426402;0.8438260555267334;0.32468243439992267;alejandose
1.73;0.5154318809509277;0.17185313999652863;-0.2955540120601654;0.5704013705253601;0.2599279284477234;-0.12252382934093475;0.48058003187179565;0.2638741433620453;-0.12702082097530365;0.5792713761329651;0.39412742853164673;-0.06279434263706207;0.4697820842266083;0.39777860045433044;-0.06722712516784668;0.5462823510169983;0.5088816285133362;-0.005143655464053154;0.4889143109321594;0.5057912468910217;0.0050988043658435345;0.5431429743766785;0.7143893837928772;-0.07627895474433899;0.47976410388946533;0.6978182196617126;0.07197069376707077;0.5247369945049286;0.14879870861768724;-0.29912064522504805;0.5778799802064896;0.5430312752723694;-0.17801018804311752;0.4569792151451111;0.5412806868553162;-0.16795502230525017;0.5406627853711446;0.9314709703127543;-0.08115731986860435;0.46800469358762103;0.8414332270622253;0.33239470918973285;alejandose
1.77;0.5122165083885193;0.1739749163389206;-0.3006812334060669;0.566361665725708;0.26100221276283264;-0.12583252787590027;0.47778981924057007;0.2651919424533844;-0.13126294314861298;0.5775163769721985;0.3943142890930176;-0.06487440317869186;0.46835118532180786;0.39822137355804443;-0.07175511866807938;0.5439294576644897;0.5077319741249084;-0.004430762026458979;0.4878438413143158;0.5053644776344299;0.004385926760733128;0.5431288480758667;0.7110913395881653;-0.08218396455049515;0.4797593355178833;0.6970813870429993;0.07226256281137466;0.5220599889755249;0.15094439387321473;-0.30456086099147794;0.5770596712827682;0.5436411201953888;-0.1796402856707573;0.457007572054863;0.541841134428978;-0.1754450686275959;0.5406438310941061;0.9310219685236613;-0.07945273257791996;0.46947552760442096;0.8348110516866049;0.35663870970408124;alejandose
1.8;0.5100085139274597;0.17588672041893005;-0.2855679988861084;0.5621235370635986;0.2630940079689026;-0.11924885213375092;0.4745694398880005;0.26644793152809143;-0.12449727952480316;0.5737091898918152;0.39480945467948914;-0.05675085633993149;0.4655662178993225;0.39839956164360046;-0.0714830830693245;0.5395829081535339;0.5069435834884644;-0.0008611679077148438;0.4848935008049011;0.5052488446235657;0.0008293298305943608;0.5425930023193359;0.7056201696395874;-0.08079478144645691;0.47976481914520264;0.6979097127914429;0.06575905531644821;0.5196189224720001;0.1532423675060272;-0.2887460872530937;0.5747579783201218;0.5440688729286194;-0.17087681964039803;0.45683930814266205;0.5421175360679626;-0.1739829108119011;0.5405395825703939;0.9292842547098795;-0.087615550806125;0.4714282552401225;0.8363325397173563;0.3351033528645833;alejandose
1.83;0.506110429763794;0.17894712090492249;-0.2852073609828949;0.5580528974533081;0.26790890097618103;-0.12174534052610397;0.4709233045578003;0.26856186985969543;-0.12494547665119171;0.5681688189506531;0.3990883231163025;-0.06771355122327805;0.4630278944969177;0.40133988857269287;-0.0733458623290062;0.5369411110877991;0.5046023726463318;-0.0012949135852977633;0.48248547315597534;0.5047088265419006;0.0012607444077730179;0.5414413213729858;0.70037442445755;-0.09365017712116241;0.47976595163345337;0.697330117225647;0.06860972195863724;0.5153465330600738;0.15622478276491164;-0.2875659018754959;0.5707908421754837;0.5443916171789169;-0.1733715645968914;0.45593301206827164;0.5433801710605621;-0.17315426096320152;0.540481170018514;0.9268622597058614;-0.12114736437797546;0.4722951054573059;0.841661274433136;0.324575940767924;alejandose
1.87;0.5029407143592834;0.18227852880954742;-0.28144827485084534;0.5539156198501587;0.27227944135665894;-0.12156933546066284;0.46753638982772827;0.2709704339504242;-0.12004335969686508;0.5633920431137085;0.4003802537918091;-0.07182881981134415;0.46022653579711914;0.4025135338306427;-0.07031476497650146;0.5335984230041504;0.5021306872367859;-0.007057510316371918;0.4799831211566925;0.5040960311889648;0.00708320178091526;0.540118932723999;0.6944035887718201;-0.11480008065700531;0.47989752888679504;0.6940506100654602;0.08957310765981674;0.5120947182178497;0.16020023226737976;-0.283958138525486;0.5687838047742844;0.5435792207717896;-0.17462000995874405;0.45517057925462723;0.5435930639505386;-0.17009823396801949;0.5407695571581522;0.925299604733785;-0.16732915490865707;0.4741002519925435;0.8435250123341879;0.31339149673779804;alejandose
1.9;0.49994155764579773;0.18519361317157745;-0.27995219826698303;0.5504857897758484;0.2766304016113281;-0.1235109269618988;0.4645826518535614;0.27254045009613037;-0.11777777224779129;0.5593703389167786;0.4064747989177704;-0.07586075365543365;0.4565972089767456;0.40399864315986633;-0.07260681688785553;0.5295879244804382;0.502033531665802;-0.01007337961345911;0.47760459780693054;0.5040268301963806;0.010075981728732586;0.5380514860153198;0.6905456185340881;-0.10958784073591232;0.47989606857299805;0.6884990930557251;0.10220996290445328;0.5093199849128723;0.16368945688009262;-0.28184221386909486;0.5643037855625153;0.5455554723739624;-0.17239757627248764;0.45233993977308273;0.5437611639499664;-0.17003430053591728;0.5404969453811646;0.9184039632479349;-0.15131588528553644;0.47548140088717145;0.8444067041079203;0.3010084182024002;alejandose
1.93;0.497464120388031;0.18741782009601593;-0.2831701338291168;0.547012984752655;0.27844858169555664;-0.12909415364265442;0.4612780511379242;0.2745198607444763;-0.1213947981595993;0.555228590965271;0.4076346755027771;-0.07741347700357437;0.45208197832107544;0.4073112905025482;-0.07439073175191879;0.5268644094467163;0.5014283657073975;-0.012627189047634602;0.47583669424057007;0.5037035942077637;0.012625564821064472;0.5342918038368225;0.6859542727470398;-0.1018901914358139;0.4798714518547058;0.686412513256073;0.09598288685083389;0.5069314569234848;0.16606281995773314;-0.2848587691783905;0.5590435266494751;0.5466769933700562;-0.17198975011706352;0.44768401980400085;0.5437162220478058;-0.1715596690773964;0.5408244927724203;0.9142792026201884;-0.13498841474453607;0.4759306013584137;0.8448136846224467;0.27719834943612415;alejandose
1.97;0.4951761066913605;0.18927408754825592;-0.28023406863212585;0.5437801480293274;0.278893381357193;-0.12502679228782654;0.4587794244289398;0.2743179500102997;-0.11851684749126434;0.5503895282745361;0.4074929356575012;-0.07635960727930069;0.44774195551872253;0.40702617168426514;-0.07274754345417023;0.5248838663101196;0.5009300708770752;-0.01198545191437006;0.47400060296058655;0.5030598044395447;0.011969939805567265;0.5315731167793274;0.685429036617279;-0.0653596818447113;0.4795321226119995;0.6845342516899109;0.06595463305711746;0.504593700170517;0.16795823574066163;-0.28167394995689393;0.5540153086185455;0.5468579083681107;-0.1560565121471882;0.4429803118109703;0.5430298745632172;-0.1634068340063095;0.5410767793655396;0.903153638044993;-0.06531728307406108;0.4760239024957021;0.8449629346529642;0.206801508863767;alejandose
2.0;0.4933491051197052;0.18853235244750977;-0.23221425712108612;0.540869951248169;0.27788132429122925;-0.09053821116685867;0.45711538195610046;0.2741295397281647;-0.08197332173585892;0.546474039554596;0.40215030312538147;-0.038599640130996704;0.4454920291900635;0.40028366446495056;-0.04392530769109726;0.5228576064109802;0.4994998574256897;-0.009472635574638844;0.47233110666275024;0.5015994906425476;0.009419886395335197;0.5308980941772461;0.6804293990135193;-0.0562206469476223;0.4793362617492676;0.6762274503707886;0.052499402314424515;0.5022863805294037;0.1668312057852745;-0.23311586529016495;0.5505187511444092;0.541181281208992;-0.1217091791331768;0.44041454792022705;0.539530873298645;-0.13608583249151707;0.5428562561670939;0.8957186341285706;-0.05167542754982909;0.47638105352719623;0.8426942626635233;0.19691576063632965;alejandose
2.03;0.49240124225616455;0.18795093894004822;-0.20796358585357666;0.5387709140777588;0.277474045753479;-0.06610890477895737;0.455327570438385;0.27248990535736084;-0.07309113442897797;0.5429174304008484;0.3950106203556061;-0.01709156110882759;0.4432273507118225;0.392814040184021;-0.04056477174162865;0.5210985541343689;0.4983958601951599;-0.0010648673633113503;0.4705350697040558;0.49983468651771545;0.0010284153977409005;0.5308850407600403;0.67741459608078;-0.05001235008239746;0.47887668013572693;0.6735584139823914;0.03841114416718483;0.5008451223373414;0.16616453230381012;-0.20800432860851287;0.548198938369751;0.5325368344783783;-0.10359194129705429;0.4374525025486946;0.5324379950761795;-0.13106214627623558;0.543421745300293;0.8883970379829407;-0.04019386753983175;0.47638240456581116;0.8408044775327047;0.17022959887981415;alejandose
2.07;0.4912382662296295;0.18757204711437225;-0.22813118994235992;0.5373303294181824;0.27639397978782654;-0.07832701504230499;0.45454874634742737;0.26954185962677;-0.0815349891781807;0.5413333773612976;0.39063727855682373;-0.022963792085647583;0.44155073165893555;0.38850486278533936;-0.04316650703549385;0.5205733180046082;0.49670857191085815;-0.0007770422962494195;0.46996673941612244;0.49851587414741516;0.0007362212054431438;0.5305182337760925;0.6706929802894592;-0.03802688792347908;0.47836124897003174;0.6725707650184631;0.040032971650362015;0.49971985518932344;0.16560053527355195;-0.22966310232877732;0.5469424426555634;0.525274470448494;-0.11201598681509495;0.4352228045463562;0.5278740525245667;-0.13602797500789165;0.5418381889661154;0.8811686833699545;-0.009382634113232294;0.47675056258837384;0.8401328126589457;0.17771920065085092;alejandose
2.1;0.4895021915435791;0.1874062865972519;-0.23707829415798187;0.5365691184997559;0.27486199140548706;-0.08043821156024933;0.4541536271572113;0.26678019762039185;-0.0819123387336731;0.54100501537323;0.3876054584980011;-0.028464369475841522;0.4417431652545929;0.38360071182250977;-0.04537859186530113;0.5201061367988586;0.49017322063446045;-0.0013250960037112236;0.469814658164978;0.49299052357673645;0.0012921035522595048;0.5292502641677856;0.6621482968330383;-0.02520887367427349;0.47786903381347656;0.6703754663467407;0.03619833290576935;0.49799483716487886;0.16532051861286162;-0.2416978433728218;0.54839988052845;0.5199495330452919;-0.1144042257219553;0.43302569538354874;0.5233668759465218;-0.1402188539505005;0.5402239958445231;0.8705647786458334;0.019440484543641407;0.4769818087418874;0.8387627998987833;0.1623077467083931;alejandose
2.13;0.48884403705596924;0.18730901181697845;-0.2512390613555908;0.5363337397575378;0.27312543988227844;-0.09475373476743698;0.45391884446144104;0.26475805044174194;-0.08763141185045242;0.5412570238113403;0.3847724497318268;-0.03251907601952553;0.44144079089164734;0.38309231400489807;-0.045096129179000854;0.5206121802330017;0.4877072870731354;-0.0028422323521226645;0.47009021043777466;0.49107086658477783;0.0027702830266207457;0.5284883975982666;0.658825159072876;-0.009525386616587639;0.4773879647254944;0.6676973700523376;0.0343204066157341;0.49734445512294767;0.1651056081056595;-0.2550255984067917;0.5481559038162231;0.5153961107134819;-0.11744935624301434;0.43159909546375275;0.5208447203040123;-0.14054141379892826;0.5379005869229635;0.8605098128318787;0.057699895153443016;0.47711579998334247;0.8362654447555542;0.1547548621892929;alejandose
2.17;0.48838457465171814;0.18714331090450287;-0.2540587782859802;0.5361008644104004;0.271022766828537;-0.09872099757194519;0.45356225967407227;0.26336386799812317;-0.088858962059021;0.5420354604721069;0.3851480185985565;-0.03434015437960625;0.44091156125068665;0.380828320980072;-0.04359075427055359;0.5209092497825623;0.48510152101516724;-0.004262043163180351;0.4700756072998047;0.48918160796165466;0.004164401441812515;0.5276761054992676;0.6536219120025635;-0.00012766140571329743;0.47677144408226013;0.6649186015129089;0.022293895483016968;0.49667402505874636;0.16491869539022447;-0.2572109937667847;0.5491379052400589;0.5129764154553413;-0.1191309206187725;0.42982032895088196;0.5150777325034142;-0.1393936388194561;0.53400057554245;0.8453332781791687;0.0808868653451403;0.4771229028701782;0.8342406551043192;0.12702242905894914;alejandose
2.2;0.48800864815711975;0.18693415820598602;-0.25447648763656616;0.5352877974510193;0.2694621980190277;-0.10149920731782913;0.45349422097206116;0.2628772556781769;-0.09060830622911453;0.5420524477958679;0.3859247863292694;-0.039489153772592545;0.44055795669555664;0.37982478737831116;-0.04197245091199875;0.5207197666168213;0.48110705614089966;-0.007782486733049154;0.4700188636779785;0.48685047030448914;0.007703518960624933;0.526507556438446;0.6483892798423767;0.00020339965703897178;0.4761672019958496;0.6633040308952332;0.016569562256336212;0.4962325721979141;0.16467622816562652;-0.25747743993997574;0.5499488711357117;0.5157272219657898;-0.12081995233893394;0.4294055700302124;0.5121734663844109;-0.1398458071053028;0.5325007438659668;0.833413302898407;0.08423856319859624;0.4769645631313324;0.8351447780927023;0.10560279401640098;alejandose
2.23;0.48785534501075745;0.18689969182014465;-0.2726348340511322;0.5351365804672241;0.2682303786277771;-0.1166473999619484;0.45366787910461426;0.262985497713089;-0.10505018383264542;0.542148768901825;0.3851014971733093;-0.05569498613476753;0.4402720034122467;0.38035979866981506;-0.05118216201663017;0.5201844573020935;0.4777542054653168;-0.008276117965579033;0.47008317708969116;0.483667254447937;0.008208019658923149;0.5256358981132507;0.6434000134468079;0.002042165258899331;0.4757102429866791;0.6590730547904968;0.006931562442332506;0.49558134377002716;0.16455771028995514;-0.2765464648604393;0.5504857301712036;0.5127801671624184;-0.14086641184985638;0.428725503385067;0.5117808282375336;-0.14843576774001122;0.5299983223279318;0.8179284532864889;0.0974501222372055;0.477043350537618;0.8349034587542216;0.09045423846691847;alejandose
2.27;0.4880945682525635;0.18757161498069763;-0.27528300881385803;0.5350823402404785;0.2678166329860687;-0.1132093071937561;0.4540189802646637;0.26298266649246216;-0.1130736693739891;0.5421736836433411;0.38470742106437683;-0.05287891998887062;0.44080767035484314;0.3789134621620178;-0.06307397782802582;0.5198287963867188;0.47636181116104126;-0.005258664023131132;0.47016212344169617;0.48135626316070557;0.005208214279264212;0.524834930896759;0.6416529417037964;0.027385571971535683;0.47503939270973206;0.6564750671386719;-0.019723709672689438;0.49555449187755585;0.16486659795045852;-0.27890751510858536;0.5506598353385925;0.5106217861175537;-0.13980943523347378;0.4286818206310272;0.5103634968400002;-0.16585920378565788;0.5271947185198466;0.803376575311025;0.16868417213360468;0.4772113859653473;0.834276556968689;0.03819906214872996;alejandose
2.3;0.4883060157299042;0.18825110793113708;-0.2717580199241638;0.5352262258529663;0.2678225636482239;-0.11146201938390732;0.45405492186546326;0.262910932302475;-0.11034852266311646;0.5425736904144287;0.3851109445095062;-0.05117471143603325;0.4409343898296356;0.3780139088630676;-0.06200825423002243;0.5193803310394287;0.47538310289382935;-0.00530308298766613;0.47024020552635193;0.47981753945350647;0.005252467934042215;0.5235474705696106;0.6410619616508484;0.027842771261930466;0.47441813349723816;0.654849112033844;-0.027662787586450577;0.4956455439329147;0.16527996212244034;-0.2750772565603256;0.550982192158699;0.5118192881345749;-0.1461792942136526;0.42909763008356094;0.5076073780655861;-0.16659000515937805;0.5252419908841451;0.7907905975977579;0.20462905863920847;0.47751787304878235;0.8333320021629333;0.016675780216852825;alejandose
2.33;0.4884277582168579;0.1884988397359848;-0.2763754427433014;0.5352942943572998;0.2676958441734314;-0.11630493402481079;0.45500436425209045;0.26293420791625977;-0.10871189087629318;0.5428624153137207;0.38505589962005615;-0.05635931342840195;0.4414442777633667;0.3775177597999573;-0.06048984080553055;0.5194237232208252;0.47529172897338867;-0.007515100762248039;0.47056615352630615;0.4786534011363983;0.00747139984741807;0.5217499136924744;0.6421135067939758;0.011421745643019676;0.47420740127563477;0.6532700657844543;-0.019854437559843063;0.49574256837368014;0.16561973989009857;-0.27986631691455843;0.5511550903320312;0.5120466873049736;-0.1584998071193695;0.4296477511525154;0.5053537860512733;-0.1652536429464817;0.5227513710657755;0.7676631609598795;0.24306980272134146;0.47771159807840985;0.8301188945770264;0.04848994438846906;alejandose
2.37;0.488494336605072;0.18886183202266693;-0.2826130986213684;0.5354843735694885;0.2677653133869171;-0.12901082634925842;0.4571031630039215;0.2638205587863922;-0.10884029418230057;0.543059229850769;0.3848857879638672;-0.07737487554550171;0.443752259016037;0.377872109413147;-0.05921468138694763;0.5195608735084534;0.47395455837249756;-0.010578053072094917;0.4717729687690735;0.4762371778488159;0.010528738610446453;0.5205563306808472;0.6367660760879517;0.021712040528655052;0.47419473528862;0.6484296321868896;-0.01932835392653942;0.4958997815847397;0.16639287173748016;-0.28645934760570524;0.5509713739156723;0.5120498165488243;-0.1809036023914814;0.42994535714387894;0.5048088654875755;-0.16424234583973885;0.5226657589276632;0.7612924774487814;0.25112417836983997;0.47774791717529297;0.828377922375997;0.031421723465124764;alejandose
2.4;0.48927387595176697;0.1900584101676941;-0.28197383880615234;0.5357314348220825;0.26795780658721924;-0.12639854848384857;0.4596326947212219;0.26481613516807556;-0.11148252338171005;0.5432780385017395;0.3839496970176697;-0.07346423715353012;0.44783541560173035;0.37810924649238586;-0.062032219022512436;0.5195903182029724;0.474563330411911;-0.010369876399636269;0.4727751314640045;0.47600793838500977;0.010314815677702427;0.5181276798248291;0.6368034482002258;0.0357610359787941;0.4742071032524109;0.6472662091255188;-0.03284800425171852;0.49620151817798613;0.16789697259664535;-0.2858314633369446;0.5507012754678726;0.5117911174893379;-0.1776355467736721;0.4305226355791092;0.5047048479318619;-0.16923986747860909;0.522085944811503;0.7506866256395975;0.29351986944675446;0.47782548268636066;0.8251239856084188;0.012542150914669037;alejandose
2.43;0.4901706874370575;0.191328763961792;-0.2681501507759094;0.5364038944244385;0.26801925897598267;-0.12112786620855331;0.46227017045021057;0.2654067873954773;-0.10500362515449524;0.5436578392982483;0.38370412588119507;-0.06759150326251984;0.4515690207481384;0.37785273790359497;-0.056157298386096954;0.5196697115898132;0.4751226603984833;-0.008689225651323795;0.4736560881137848;0.47577735781669617;0.008622693829238415;0.5178322792053223;0.636116623878479;0.06117359548807144;0.4741905927658081;0.6437116861343384;-0.052431654185056686;0.49682161808013914;0.16950153708457946;-0.27233040034770967;0.5495725721120834;0.5120656192302704;-0.16793229058384895;0.4326789602637291;0.5014131888747215;-0.16363491117954254;0.5214805801709493;0.7618229786554972;0.27819323539733887;0.477728138367335;0.8231537739435831;-0.0294432295486331;alejandose
2.47;0.4921925663948059;0.1933106929063797;-0.242340549826622;0.5381855964660645;0.2680243253707886;-0.09147627651691437;0.4640498161315918;0.2667003870010376;-0.092460036277771;0.5446147918701172;0.3821538984775543;-0.042926397174596786;0.45396992564201355;0.37865886092185974;-0.0520210787653923;0.5204127430915833;0.4754216969013214;-0.0028854780830442905;0.4757148027420044;0.4758944809436798;0.002832655096426606;0.517671525478363;0.6334055066108704;0.06946326047182083;0.47423553466796875;0.6405226588249207;-0.05578006058931351;0.49831385910511017;0.1714976668357849;-0.24503456503152848;0.5480535477399826;0.51053636521101;-0.15013636648654938;0.43781251460313797;0.5003885254263878;-0.1613619402050972;0.5204935471216837;0.7616339723269144;0.2663380950689316;0.47752835353215534;0.8216671347618103;-0.03813959006220102;alejandose
2.5;0.49517378211021423;0.19576165080070496;-0.23493331670761108;0.5403643846511841;0.2681436538696289;-0.07969644665718079;0.46561747789382935;0.2690134048461914;-0.09118594974279404;0.5454354882240295;0.3819924592971802;-0.03189486637711525;0.4560999870300293;0.38110220432281494;-0.05255395546555519;0.5216934084892273;0.4756879508495331;0.0018448001937940717;0.478001207113266;0.4760284125804901;-0.0018942198948934674;0.5176008939743042;0.6277924180030823;0.08484336733818054;0.47513023018836975;0.6384101510047913;-0.06830313801765442;0.5008088737726212;0.17370002567768097;-0.23742752224206926;0.5459825247526169;0.509642943739891;-0.13930515386164188;0.4443880170583725;0.5013149231672287;-0.16116005182266235;0.5198106169700623;0.7599414984385172;0.27666807174682617;0.47716615597407025;0.8214006622632345;-0.06731602735817432;alejandose
2.53;0.4975320100784302;0.19715668261051178;-0.24125126004219055;0.5424623489379883;0.2683555483818054;-0.08367181569337845;0.4675848186016083;0.2699640095233917;-0.09563186019659042;0.5462910532951355;0.38202184438705444;-0.03717389330267906;0.45862331986427307;0.38229501247406006;-0.06710803508758545;0.5233385562896729;0.47451046109199524;0.005810585338622332;0.4800274968147278;0.4742734134197235;-0.0058576674200594425;0.5178999304771423;0.615856945514679;0.08098148554563522;0.4769003987312317;0.6351278424263;-0.07950476557016373;0.5030306339263916;0.175213286280632;-0.24400164633989335;0.5456744134426117;0.5051538646221161;-0.14059709571301937;0.44990174472332;0.5018776878714561;-0.17382573708891869;0.5177930196126302;0.7579022645950317;0.26345101992289227;0.47770847876866657;0.8197642763455709;-0.07492771123846372;alejandose
2.57;0.4996301531791687;0.1983521282672882;-0.23695705831050873;0.5445000529289246;0.26864564418792725;-0.07987672835588455;0.46994099020957947;0.26997679471969604;-0.09623708575963974;0.5477595329284668;0.3820619583129883;-0.03505740314722061;0.46003422141075134;0.38237902522087097;-0.06551839411258698;0.5247446894645691;0.4738721251487732;0.008641076274216175;0.4820457994937897;0.47312068939208984;-0.008683977648615837;0.5181410312652588;0.6151584982872009;0.07436581701040268;0.47875910997390747;0.6346011757850647;-0.07892204821109772;0.5050970643758774;0.17653065770864487;-0.23957986980676652;0.5458054542541504;0.503225713968277;-0.14291982166469097;0.45249558240175247;0.5009721890091896;-0.17048007249832153;0.5178602735201517;0.7608598272005717;0.24411632617314658;0.47642069061597186;0.8174351255098978;-0.0763664369781812;alejandose
2.6;0.500685453414917;0.19888152182102203;-0.24141338467597961;0.545822262763977;0.2690352499485016;-0.08572811633348465;0.47104787826538086;0.26999589800834656;-0.09675975143909454;0.5489911437034607;0.38183149695396423;-0.04050653427839279;0.4623495042324066;0.3828788697719574;-0.06412818282842636;0.5262563824653625;0.4722577631473541;0.00650520995259285;0.4833078980445862;0.47181546688079834;-0.0065509723499417305;0.5183144211769104;0.6136220097541809;0.08264680206775665;0.48028865456581116;0.6332792639732361;-0.07480377703905106;0.5065413624048233;0.17724184244871138;-0.2443753346800804;0.546023353934288;0.49984195083379745;-0.15406475216150284;0.45491334050893784;0.5004492104053497;-0.16892015933990479;0.5183049241701762;0.7601536711057028;0.2376157889763514;0.47565189997355145;0.8146055738131205;-0.09394850333531697;alejandose
2.63;0.5012202858924866;0.19873085618019104;-0.22255048155784607;0.5470523238182068;0.2690383493900299;-0.07959514111280441;0.47237932682037354;0.2695442736148834;-0.08256237208843231;0.5505373477935791;0.3808988332748413;-0.03682858869433403;0.46362531185150146;0.38285884261131287;-0.04788433760404587;0.5279083847999573;0.47043848037719727;0.005700710695236921;0.4845518171787262;0.470186322927475;-0.0057739936746656895;0.5192521214485168;0.6135126352310181;0.07366806268692017;0.48114192485809326;0.6303715109825134;-0.06585479527711868;0.5074927866458893;0.17719584703445435;-0.22569642066955567;0.5462698489427567;0.49711962789297104;-0.1407074499875307;0.45733167976140976;0.5000843852758408;-0.14951395243406296;0.5186070203781128;0.7620841860771179;0.17854769279559454;0.4749523897965749;0.8061228195826212;-0.059339076901475586;alejandose
2.67;0.5025002956390381;0.19860166311264038;-0.2152954638004303;0.5476155877113342;0.26870065927505493;-0.07456628978252411;0.4735383093357086;0.26856791973114014;-0.07640405744314194;0.5514014363288879;0.3801824152469635;-0.03453049808740616;0.464705228805542;0.38226693868637085;-0.042960651218891144;0.5289865136146545;0.46569332480430603;0.004851671867072582;0.48520398139953613;0.46711617708206177;-0.004829016048461199;0.5203601717948914;0.614435076713562;0.031901050359010696;0.48189595341682434;0.6263900399208069;-0.054392557591199875;0.5089907258749008;0.17694635242223739;-0.21800120621919633;0.5466251522302628;0.4959850385785103;-0.13249077461659908;0.4604427441954613;0.4999943748116493;-0.14536871947348118;0.5186113317807516;0.7636287013689677;0.12360058476527531;0.4745229085286458;0.80121777455012;-0.03865943455214923;alejandose
2.7;0.503150224685669;0.19857126474380493;-0.2083660513162613;0.5479435920715332;0.26803967356681824;-0.0712711364030838;0.4744247794151306;0.26737168431282043;-0.0659983828663826;0.5519909858703613;0.37930014729499817;-0.030176566913723946;0.4659930169582367;0.37988588213920593;-0.02931932732462883;0.5299046039581299;0.4606419503688812;5,67E+09;0.4859987199306488;0.46292680501937866;8,07E+10;0.5212767124176025;0.6147986650466919;0.010952197015285492;0.48322105407714844;0.6225441694259644;-0.02952445298433304;0.509750485420227;0.17677208930253982;-0.21133030354976653;0.5482341945171356;0.4944324344396591;-0.1249205432832241;0.46145568042993546;0.49678920954465866;-0.13198604434728622;0.5171947081883749;0.7653224865595499;0.09601396570603053;0.4742001195748647;0.797733743985494;0.003943511595328649;alejandose
2.73;0.5037088394165039;0.197479248046875;-0.21943961083889008;0.5481548309326172;0.2668958306312561;-0.07602466642856598;0.4747790992259979;0.2660392224788666;-0.07412505894899368;0.552797794342041;0.3778015077114105;-0.032563187181949615;0.46678945422172546;0.3775539696216583;-0.0361412949860096;0.5300042033195496;0.45641428232192993;-3,74E+10;0.4861871004104614;0.45903533697128296;0.00012709993461612612;0.5216625928878784;0.6105566024780273;0.014856990426778793;0.4844552278518677;0.6174681782722473;-0.026655355468392372;0.5103333264589309;0.17640440315008163;-0.2223919600248337;0.5506418645381927;0.4913133829832077;-0.13009048625826836;0.4631262645125389;0.49478818476200104;-0.13711538910865784;0.5172610282897949;0.7650752266248068;0.09751978019873302;0.47398459911346436;0.7920122146606445;0.013826771328846613;alejandose
2.77;0.5040728449821472;0.1969599425792694;-0.2220318764448166;0.54831463098526;0.2663113474845886;-0.07674689590930939;0.47553586959838867;0.26525643467903137;-0.0827106237411499;0.5531808733940125;0.37771084904670715;-0.026030484586954117;0.4681878387928009;0.37662598490715027;-0.04599567502737045;0.5304436087608337;0.4536619484424591;0.00357661210000515;0.4866076111793518;0.4547710120677948;-0.0035362408962100744;0.5230981111526489;0.6079567670822144;0.008295114152133465;0.48502910137176514;0.6104509830474854;-0.020483950152993202;0.5105579882860184;0.17619550675153733;-0.22441790848970414;0.5531122833490372;0.4909904897212982;-0.11268551088869572;0.4631936699151993;0.4922912269830704;-0.14226047322154045;0.5173405210177103;0.7643033266067505;0.0708902267118295;0.4736614028612773;0.778944750626882;0.03871545816461245;alejandose
2.8;0.5044022798538208;0.19689209759235382;-0.22322341799736023;0.5487553477287292;0.266224205493927;-0.07790474593639374;0.4759238660335541;0.26456764340400696;-0.0897582620382309;0.553926408290863;0.3771538734436035;-0.025955913588404655;0.46876662969589233;0.3749697506427765;-0.052995745092630386;0.530452311038971;0.4535464942455292;0.005718819797039032;0.48653921484947205;0.4527367353439331;-0.0057259825989604;0.5237469673156738;0.6065933108329773;0.00999883096665144;0.48509886860847473;0.6060100793838501;-0.01648551970720291;0.5107025474309921;0.17609811425209046;-0.2254283607006073;0.5550843179225922;0.491670697927475;-0.11021638847887516;0.4632113575935364;0.4904675558209419;-0.1430455967783928;0.51727428038915;0.7634645501772562;0.07354008468488853;0.47384179631869;0.767301599184672;0.051599876334269844;alejandose
2.83;0.5045515298843384;0.1963537484407425;-0.20375756919384003;0.5490993857383728;0.26561322808265686;-0.06444531679153442;0.4764995574951172;0.2642543613910675;-0.07807956635951996;0.5542832612991333;0.37365901470184326;-0.01448311097919941;0.4690004885196686;0.37203115224838257;-0.04285692423582077;0.5307364463806152;0.4545845687389374;0.005766262300312519;0.48703309893608093;0.4537125527858734;-0.005786866880953312;0.5244103670120239;0.6059437394142151;0.007159316912293434;0.485001802444458;0.6041460633277893;-0.011017557233572006;0.5107353836297989;0.17590166479349137;-0.2054259419441223;0.5568385124206543;0.4890633076429367;-0.10519006662070751;0.4628477096557617;0.48586389422416687;-0.12934909015893936;0.5173460046450297;0.7616191109021505;0.09177581345041592;0.47387512524922687;0.7569441994031271;0.07998549037923415;alejandose
2.87;0.5044369697570801;0.19600997865200043;-0.18844811618328094;0.5489867925643921;0.26524290442466736;-0.04921480268239975;0.47669097781181335;0.26369142532348633;-0.07273241132497787;0.5543931126594543;0.37302789092063904;0.0012161243939772248;0.4685751497745514;0.3702486753463745;-0.03884369507431984;0.5306714773178101;0.45556512475013733;0.008003739640116692;0.48692595958709717;0.4545920789241791;-0.008045741356909275;0.524621307849884;0.6069707870483398;-0.014824233017861843;0.4848731458187103;0.6048637628555298;-0.00312251690775156;0.5105702012777329;0.1757964700460434;-0.18933205381035806;0.5577957630157471;0.48882050067186356;-0.09013107419013977;0.4620572626590729;0.48222529143095016;-0.12153624184429646;0.5174527565638224;0.7622893850008646;0.0570898757626613;0.4731980661551158;0.7384715874989828;0.132989635070165;alejandose
2.9;0.5042757987976074;0.19602333009243011;-0.19813872873783112;0.5488786697387695;0.2652565836906433;-0.05852949991822243;0.47658467292785645;0.2631855010986328;-0.08681146800518036;0.5543005466461182;0.3728480637073517;-0.009371481835842133;0.4681524634361267;0.3689127564430237;-0.04814612492918968;0.5305851101875305;0.45510923862457275;0.008296466432511806;0.4867834150791168;0.4540574848651886;-0.008351822383701801;0.5247949361801147;0.6076990962028503;-0.022573895752429962;0.48469024896621704;0.6032212376594543;-0.0004100350197404623;0.5104537338018418;0.17619467079639434;-0.20071615651249886;0.5584440231323242;0.4880102202296257;-0.10090705193579197;0.46172279864549637;0.47971881181001663;-0.128297233954072;0.5175703366597494;0.7624951203664144;0.04885878413915634;0.472000648578008;0.7233608563741049;0.17435741424560547;alejandose
2.93;0.5040267109870911;0.19654349982738495;-0.2341693490743637;0.5485730171203613;0.2654830515384674;-0.07406659424304962;0.47642782330513;0.2626992464065552;-0.11007262021303177;0.554182767868042;0.3720354735851288;-0.011779804714024067;0.4679170250892639;0.3677370250225067;-0.0674382671713829;0.5303152799606323;0.45346763730049133;0.010051358491182327;0.48667341470718384;0.45248177647590637;-0.010135549120604992;0.5247963070869446;0.6069177389144897;-0.032376278191804886;0.48369038105010986;0.6018425226211548;-0.006208022125065327;0.5103145092725754;0.1769523873925209;-0.23765025287866592;0.5586272925138474;0.4868408069014549;-0.10394447296857834;0.46100033074617386;0.478985033929348;-0.15151166170835495;0.517948846022288;0.7627211411794027;0.043292432402571045;0.47069308161735535;0.7097183068593343;0.2151094228029251;alejandose
2.97;0.503551721572876;0.19687321782112122;-0.25176548957824707;0.5471903681755066;0.2661064565181732;-0.09032595157623291;0.47630414366722107;0.2624429166316986;-0.11948902159929276;0.5538311004638672;0.37097591161727905;-0.02953064627945423;0.4676484763622284;0.365477979183197;-0.0758851170539856;0.5294125080108643;0.45011940598487854;0.009400268085300922;0.486537903547287;0.44971808791160583;-0.009463456459343433;0.5247619152069092;0.6019249558448792;-0.04499511793255806;0.4824369251728058;0.5984662771224976;0.004416688811033964;0.5098983705043793;0.17755102068185807;-0.25513019859790803;0.5586363971233368;0.48473888635635376;-0.1266989093273878;0.4597139060497284;0.47723086923360825;-0.16517141833901405;0.5178454120953878;0.7623927990595499;0.02379040668408076;0.47029274702072144;0.7008314530054728;0.2509855429331462;alejandose
3.0;0.5030102133750916;0.19766592979431152;-0.2681034803390503;0.545103132724762;0.26625362038612366;-0.10261605679988861;0.47617778182029724;0.2625143229961395;-0.13552658259868622;0.5530136227607727;0.3701692521572113;-0.04120640456676483;0.46655672788619995;0.36545997858047485;-0.09355814754962921;0.5288081765174866;0.4473995566368103;0.008926930837333202;0.48649775981903076;0.4469551742076874;-0.008988389745354652;0.5247334241867065;0.5983167290687561;-0.051485590636730194;0.48126357793807983;0.5933772325515747;0.010810734704136848;0.509297502040863;0.1785034641623497;-0.2713293433189392;0.5586924701929092;0.4832543879747391;-0.13363215513527393;0.45689596980810165;0.47807032614946365;-0.18157276883721352;0.518072267373403;0.7617340286572775;0.008968240271011988;0.4698820511500041;0.6920259594917297;0.25683723390102386;alejandose
3.03;0.5022275447845459;0.19903692603111267;-0.25599345564842224;0.5430266261100769;0.2664104104042053;-0.09942050278186798;0.475156307220459;0.2628311216831207;-0.11967014521360397;0.5514796376228333;0.3689032196998596;-0.0403398834168911;0.46547189354896545;0.36572757363319397;-0.07971040904521942;0.5279930233955383;0.4476509392261505;0.008619763888418674;0.4858882427215576;0.447618305683136;-0.008679777383804321;0.5247235298156738;0.5960908532142639;-0.0828484296798706;0.47982725501060486;0.59331876039505;0.018472732976078987;0.5084964305162429;0.17961649894714354;-0.26148395985364914;0.5584831535816193;0.47990334033966064;-0.13053335808217525;0.4547092244029045;0.4775215685367584;-0.16959064826369286;0.5181561509768168;0.7612734834353129;-0.047428905963897705;0.4700941244761149;0.6956599156061808;0.2477802187204361;alejandose
3.07;0.5016065835952759;0.20135551691055298;-0.2227063775062561;0.5398902893066406;0.2669154703617096;-0.06304328888654709;0.4733394980430603;0.2631952464580536;-0.10262440890073776;0.549946129322052;0.36729559302330017;-0.013246064074337482;0.4622970223426819;0.36552247405052185;-0.07280774414539337;0.5255285501480103;0.4476765990257263;0.009085477329790592;0.4842442274093628;0.4482487142086029;-0.009119570255279541;0.5241789817810059;0.5963772535324097;-0.08321760594844818;0.47823628783226013;0.5954346060752869;0.009810096584260464;0.5078778743743897;0.18157598823308946;-0.22326023876667023;0.5582835823297501;0.4772554412484169;-0.11353993229568005;0.45321064442396164;0.47801946103572845;-0.15985632315278053;0.5182393391927084;0.7609344323476156;-0.047655152467389904;0.4705159664154053;0.6964505513509115;0.2413491060336431;alejandose
3.1;0.5000851154327393;0.20303918421268463;-0.19774451851844788;0.5370855331420898;0.2697477638721466;-0.045567817986011505;0.47115686535835266;0.2646138370037079;-0.0794941782951355;0.5488899946212769;0.36757156252861023;0.0013493039878085256;0.45986229181289673;0.36452436447143555;-0.04824652895331383;0.5226485133171082;0.4474809765815735;0.008626950904726982;0.481731116771698;0.448519229888916;-0.008629275485873222;0.5224481225013733;0.5958086848258972;-0.08990916609764099;0.4779205024242401;0.5933796167373657;0.015249122865498066;0.5062771290540695;0.18382321298122406;-0.1973083458840847;0.5577891618013382;0.4776706025004387;-0.09041615761816502;0.45208384841680527;0.4765559211373329;-0.13133948668837547;0.5187511444091797;0.7611710429191589;-0.07996045053005219;0.4707674483458201;0.6999919017155966;0.23447281122207642;alejandose
3.13;0.4976947009563446;0.2055087834596634;-0.19886760413646698;0.5348700881004333;0.2742994725704193;-0.054041869938373566;0.4683249592781067;0.267181932926178;-0.07706455886363983;0.5455959439277649;0.3676101863384247;-0.007260581012815237;0.4576075077056885;0.36471500992774963;-0.04663437604904175;0.5192373991012573;0.44789183139801025;0.0028157602064311504;0.47839993238449097;0.4485640227794647;-0.002792184706777334;0.5200789570808411;0.5944635272026062;-0.08954170346260071;0.4780089855194092;0.5926810503005981;0.03180832415819168;0.5044063270092011;0.18696627765893936;-0.19907126501202582;0.5549672394990921;0.4761779233813286;-0.09742722846567631;0.45147770643234253;0.4766188934445381;-0.1323182750493288;0.5195502440134684;0.7610899011294047;-0.08664919435977936;0.47251885135968524;0.7002771695454916;0.2534806430339813;alejandose
3.17;0.4948543310165405;0.2077818661928177;-0.1878560334444046;0.5319597721099854;0.2788139879703522;-0.05858020856976509;0.46624767780303955;0.2695997655391693;-0.06458394229412079;0.5409127473831177;0.369189590215683;-0.015321372076869011;0.4552399516105652;0.3651064336299896;-0.03709899261593819;0.5154489874839783;0.4487135112285614;-0.006631764583289623;0.47511065006256104;0.450486958026886;0.006661192514002323;0.5167046189308167;0.5942996740341187;-0.09833928197622299;0.4781714975833893;0.5934955477714539;0.05394434928894043;0.5019511938095093;0.19048099964857101;-0.188200680911541;0.5502446442842484;0.47468820959329605;-0.09988017566502094;0.4506572186946869;0.4754260554909706;-0.12188156135380268;0.5197991927464803;0.7597503860791525;-0.1127486303448677;0.4739694595336914;0.7038690447807312;0.25235822796821594;alejandose
3.2;0.4932246208190918;0.2093663364648819;-0.18941637873649597;0.5293034911155701;0.27983352541923523;-0.0609094575047493;0.4634969234466553;0.2709824740886688;-0.06556699424982071;0.5371853709220886;0.369917094707489;-0.02388886921107769;0.45319586992263794;0.36529913544654846;-0.03862321749329567;0.5130775570869446;0.4489169120788574;-0.009614696726202965;0.4732910990715027;0.4505421221256256;0.009618083015084267;0.5147055983543396;0.5904912948608398;-0.0834399089217186;0.4782860577106476;0.5897647738456726;0.05964197590947151;0.5002455979585647;0.1924002304673195;-0.1899783954024315;0.5483787804841995;0.47423160821199417;-0.10141733102500439;0.4490396976470947;0.474312961101532;-0.12041744217276573;0.5199546217918396;0.7559506893157959;-0.09485558172067006;0.4752770662307739;0.7077955603599548;0.21753841638565063;alejandose
3.23;0.4916286766529083;0.210690438747406;-0.1962466984987259;0.5275125503540039;0.2803134620189667;-0.07595030218362808;0.46103858947753906;0.2712665796279907;-0.07104627043008804;0.5344920754432678;0.3699660897254944;-0.03588808700442314;0.45104992389678955;0.36516329646110535;-0.04134722054004669;0.5110003352165222;0.4487614333629608;-0.012023653835058212;0.4716588258743286;0.45036715269088745;0.012005047872662544;0.5132008194923401;0.5872129797935486;-0.07769116759300232;0.47799208760261536;0.5860264897346497;0.06360189616680145;0.49856820702552795;0.1934498816728592;-0.1968805655837059;0.5469802916049957;0.47463757544755936;-0.10408134385943413;0.44673698395490646;0.4726068079471588;-0.12056688964366913;0.5198312203089396;0.7496186296145121;-0.07580377782384555;0.47564082344373065;0.7083601156870524;0.2005093147357305;alejandose
3.27;0.4903234541416168;0.21134606003761292;-0.19889484345912933;0.5256885886192322;0.2805798351764679;-0.08064916729927063;0.4593958258628845;0.27106136083602905;-0.07165076583623886;0.5302112102508545;0.37000542879104614;-0.04041526839137077;0.4498834013938904;0.3638378977775574;-0.04202786460518837;0.5091756582260132;0.4487232267856598;-0.013745599426329136;0.4701836407184601;0.45020243525505066;0.013718273490667343;0.5110310316085815;0.5843582153320312;-0.06594477593898773;0.4769105315208435;0.5848473906517029;0.06669433414936066;0.49723314940929414;0.19377597868442537;-0.19979663491249083;0.5407712310552597;0.47510530054569244;-0.11096316576004028;0.44382063299417496;0.4692741483449936;-0.12338522635400295;0.5193264683087667;0.743346651395162;-0.061287920301159225;0.47562025984128314;0.7086712519327799;0.1955880324045817;alejandose
3.3;0.4899752140045166;0.21124087274074554;-0.19856776297092438;0.5244940519332886;0.2801201641559601;-0.08327556401491165;0.458315908908844;0.27093493938446045;-0.07195113599300385;0.5268497467041016;0.3716644048690796;-0.044221002608537674;0.4478663206100464;0.36299023032188416;-0.04216136038303375;0.5080794095993042;0.4492088854312897;-0.013167863711714745;0.4688709080219269;0.45026805996894836;0.013130554929375648;0.5083321928977966;0.5829516649246216;-0.033650029450654984;0.47585320472717285;0.5837040543556213;0.0542077012360096;0.4963599920272827;0.19350747913122177;-0.19931840002536774;0.5342560261487961;0.47637761384248734;-0.11712645180523396;0.44145894050598145;0.4682408273220062;-0.12327338196337223;0.5181540250778198;0.7360653479894003;-0.0010829928020636241;0.47569634517033893;0.7090242505073547;0.16384366899728775;alejandose
3.33;0.48872077465057373;0.21087060868740082;-0.18227283656597137;0.5226454734802246;0.280078262090683;-0.08119896799325943;0.45794785022735596;0.27003970742225647;-0.057278476655483246;0.5238744020462036;0.3713717758655548;-0.041383836418390274;0.4466577172279358;0.3610777258872986;-0.030137741938233376;0.5066028833389282;0.4492591321468353;-0.014722608961164951;0.46796441078186035;0.4502924680709839;0.014681209810078144;0.506885290145874;0.5806590914726257;-0.03131509944796562;0.47420260310173035;0.581412672996521;0.05585654824972153;0.49514690339565276;0.19314838200807571;-0.18303018510341645;0.5296128541231155;0.475819930434227;-0.11584224924445152;0.43961813300848007;0.4672448933124542;-0.11039300635457039;0.5172895391782125;0.7315113544464111;0.003306884318590164;0.47557159264882404;0.7085836927096049;0.17233996341625848;alejandose
3.37;0.487215518951416;0.2102934569120407;-0.18078570067882538;0.5221015214920044;0.2799617350101471;-0.0807543396949768;0.4570254683494568;0.2682725787162781;-0.05932445451617241;0.5221027731895447;0.37117525935173035;-0.038734737783670425;0.4458581805229187;0.35901057720184326;-0.027211789041757584;0.5052033066749573;0.44912275671958923;-0.013028047047555447;0.46687865257263184;0.449646532535553;0.012985516339540482;0.506636917591095;0.578418493270874;-0.018449505791068077;0.4732367694377899;0.5782833695411682;0.05237523838877678;0.49362399280071256;0.19288246780633928;-0.18223494663834572;0.5272199362516403;0.47405973076820374;-0.10437613725662231;0.43784815818071365;0.46040434390306473;-0.10391607880592346;0.5151999195416769;0.7261792222658793;0.026073501755793888;0.47546684741973877;0.7074766556421915;0.1589929163455963;alejandose
3.4;0.4854966402053833;0.20902171730995178;-0.1861027032136917;0.5209769606590271;0.2781154215335846;-0.08212823420763016;0.45707446336746216;0.2664790451526642;-0.0628710612654686;0.5220608115196228;0.3694501519203186;-0.04361937940120697;0.44527971744537354;0.3580535650253296;-0.027302362024784088;0.5050271153450012;0.44577571749687195;-0.01248309388756752;0.4671325087547302;0.44585683941841125;0.01243493054062128;0.5059495568275452;0.5707341432571411;-0.02774832397699356;0.47295480966567993;0.5720576643943787;0.049921222031116486;0.4921870708465576;0.1918383240699768;-0.1873233400285244;0.5262472033500671;0.47017621248960495;-0.10543643310666084;0.43574876338243484;0.4567393660545349;-0.1007827427238226;0.5128200054168701;0.7211364905039469;0.008459036548932394;0.4754311243693034;0.7058122952779134;0.16036525120337805;alejandose
3.43;0.4850230813026428;0.20820289850234985;-0.18883945047855377;0.5199645757675171;0.27601224184036255;-0.08175507932901382;0.4567934572696686;0.26542574167251587;-0.06392306834459305;0.5217555165290833;0.3666761517524719;-0.04225345700979233;0.4446616768836975;0.3580400347709656;-0.030060868710279465;0.5044037699699402;0.4424595236778259;-0.011888254433870316;0.4669238030910492;0.44220417737960815;0.011843561194837093;0.5056543350219727;0.5680831074714661;-0.01513516716659069;0.4727831482887268;0.5702558159828186;0.033562712371349335;0.4916382998228073;0.190969055891037;-0.18979051560163498;0.5256940573453903;0.4661839157342911;-0.1059096660465002;0.434306375682354;0.4562469497323036;-0.10759861208498478;0.5118704438209534;0.7179762323697408;0.03969105891883373;0.47535694638888043;0.7057233055432638;0.12953323622544607;alejandose
3.47;0.4846036434173584;0.20759297907352448;-0.20106984674930573;0.5194538235664368;0.274610698223114;-0.08557042479515076;0.4564361870288849;0.26507073640823364;-0.07665903121232986;0.5218517184257507;0.36548012495040894;-0.04389319196343422;0.44467493891716003;0.3573823571205139;-0.04180288314819336;0.5044038891792297;0.4386422336101532;-0.011151394806802273;0.46707016229629517;0.4390031099319458;0.011097299866378307;0.5045239925384521;0.56624835729599;-0.012741641141474247;0.47254008054733276;0.5679397583007812;0.010645141825079918;0.49110394418239595;0.19022296816110612;-0.20194494128227233;0.5265845507383347;0.46418387442827225;-0.10686430335044861;0.43286046385765076;0.45606373995542526;-0.11473248340189457;0.5089240272839864;0.7148725986480713;0.04640635040899118;0.47523725032806396;0.7060660521189371;0.09041035423676173;alejandose
3.5;0.484089732170105;0.20744092762470245;-0.2025633603334427;0.518994152545929;0.2736095190048218;-0.08385320752859116;0.4563558101654053;0.2650279104709625;-0.07931925356388092;0.5232508182525635;0.3641526997089386;-0.03905831649899483;0.4442805051803589;0.3571712374687195;-0.04290110990405083;0.5041645169258118;0.4380642771720886;-0.0066564250737428665;0.4667668342590332;0.43838709592819214;0.0065987603738904;0.5037396550178528;0.5657399892807007;-0.007698237430304289;0.4718501567840576;0.5674883723258972;0.0033031138591468334;0.4904590308666229;0.18995104879140853;-0.20360943526029587;0.5283888280391693;0.46200887858867645;-0.10254083760082722;0.43120748549699783;0.45609625428915024;-0.11524917744100094;0.5069893995920817;0.70617147286733;0.07316262181848288;0.4751498798529307;0.706082304318746;0.08950278845926125;alejandose
3.53;0.4838908910751343;0.20740444958209991;-0.2016984075307846;0.5190643668174744;0.2723312973976135;-0.08281590044498444;0.4564746022224426;0.2650480270385742;-0.07831569761037827;0.523561418056488;0.3616512715816498;-0.03517114743590355;0.4440278112888336;0.3571287989616394;-0.04143783822655678;0.5041357278823853;0.43647560477256775;-0.005696386564522982;0.46663498878479004;0.43758171796798706;0.005643587559461594;0.5032622218132019;0.5646684169769287;-0.011834749951958656;0.4711131453514099;0.5658543705940247;-1,58E+09;0.4901220053434372;0.1899045377969742;-0.20284650027751921;0.5293020606040955;0.4584988057613373;-0.102553965523839;0.43030139803886414;0.45420801639556885;-0.11570682376623154;0.5050792892773946;0.7019061247507731;0.06339820730499923;0.47519630193710327;0.7060013016064962;0.07725236130257447;alejandose
3.57;0.48380526900291443;0.20742638409137726;-0.1920861005783081;0.5190045833587646;0.271362841129303;-0.0718010812997818;0.45666223764419556;0.2650091052055359;-0.06843365728855133;0.5236667394638062;0.35965219140052795;-0.026494687423110008;0.4442397654056549;0.35701894760131836;-0.032202333211898804;0.5038668513298035;0.4360489547252655;-0.004785391502082348;0.46628376841545105;0.4373757243156433;0.004758605267852545;0.5021671056747437;0.5643801093101501;-0.005556344520300627;0.46953457593917847;0.566336452960968;-0.008692932315170765;0.48988980054855347;0.18994921892881395;-0.19391729086637496;0.5297709405422211;0.4565740153193474;-0.10087381862103939;0.4306853413581848;0.4531834051012993;-0.11353265680372715;0.503206600745519;0.68760746717453;0.10777351136008899;0.47512903809547424;0.7054826418558756;0.06674275950839122;alejandose
3.6;0.4839695990085602;0.20801348984241486;-0.19259323179721832;0.5192376375198364;0.27138665318489075;-0.07186871767044067;0.4568134844303131;0.2649526000022888;-0.06912572681903839;0.5245737433433533;0.3595474362373352;-0.024892549961805344;0.44448310136795044;0.3560752868652344;-0.032546427100896835;0.5038853287696838;0.43635794520378113;-0.003869706066325307;0.46634235978126526;0.437271386384964;0.0038585930597037077;0.5017569065093994;0.564720094203949;0.0025625349953770638;0.4691961407661438;0.5662268996238708;-0.01676766760647297;0.4900108814239502;0.1909589096903801;-0.19499959647655488;0.5301119089126587;0.45721783488988876;-0.10126573778688908;0.43084215372800827;0.44859375804662704;-0.11406518891453743;0.5029334326585134;0.6793889800707499;0.12923387934764227;0.4747453232606252;0.7055951555569967;0.046315006290872894;alejandose
3.63;0.48404690623283386;0.20875924825668335;-0.19210216403007507;0.5195264220237732;0.2714240849018097;-0.06843746453523636;0.4569133222103119;0.26500487327575684;-0.06661562621593475;0.5253616571426392;0.3593537509441376;-0.022555861622095108;0.4447566568851471;0.3557015657424927;-0.0297000203281641;0.5040623545646667;0.4362528920173645;-0.00329412124119699;0.4664165675640106;0.436958372592926;0.0032991566695272923;0.501166582107544;0.5635827779769897;0.004538277164101601;0.46920502185821533;0.5657748579978943;-0.024748489260673523;0.4900914251804352;0.192173133790493;-0.19419767558574677;0.5303737968206406;0.456157349050045;-0.10157572664320469;0.43118733167648315;0.4459618926048279;-0.11389726027846336;0.5014990170796713;0.6713616649309794;0.14393332103888193;0.47439512610435486;0.7057681878407797;0.024152513593435287;alejandose
3.67;0.4841800928115845;0.21029607951641083;-0.19393080472946167;0.5196987986564636;0.2724281847476959;-0.06927710026502609;0.4573853611946106;0.2650159001350403;-0.06974943727254868;0.5259689688682556;0.3597539961338043;-0.024461720138788223;0.44615438580513;0.3549446165561676;-0.033671289682388306;0.5041719675064087;0.43602803349494934;-0.0008943238062784076;0.46661248803138733;0.43615585565567017;0.0009004330495372415;0.5011170506477356;0.5604513883590698;0.023473314940929413;0.4691477417945862;0.5642579793930054;-0.030659081414341927;0.4902371376752853;0.1939865157008171;-0.19608730673789979;0.5305272191762924;0.4563775286078453;-0.10617304965853691;0.4315258860588074;0.4465735927224159;-0.1201115120202303;0.5014019906520844;0.6646315852801005;0.16794930646816889;0.47422656416893005;0.7058015863100687;0.0037320988873640695;alejandose
3.7;0.48468828201293945;0.21148276329040527;-0.1931404322385788;0.5201682448387146;0.2735428810119629;-0.0696236789226532;0.4586324095726013;0.265655517578125;-0.06910207867622375;0.5261083841323853;0.36160919070243835;-0.02542928233742714;0.4482233226299286;0.3545428216457367;-0.03354620561003685;0.5041826367378235;0.4357777237892151;-0.0014398592757061124;0.46730533242225647;0.43505972623825073;0.0014373877784237266;0.5008854269981384;0.5596768856048584;0.009341653436422348;0.4692980945110321;0.5640181303024292;-0.02933514304459095;0.49037005007267;0.1954066663980484;-0.19535336792469024;0.5307417809963226;0.4583048149943352;-0.10926984436810017;0.43264197558164597;0.4463883489370346;-0.11984970420598984;0.5013527274131775;0.6595293879508972;0.16008747617403665;0.4740903973579407;0.7058481971422831;0.005485642701387405;alejandose
3.73;0.48544803261756897;0.21387702226638794;-0.19039157032966614;0.5211020708084106;0.2741711437702179;-0.06658585369586945;0.46052104234695435;0.26591578125953674;-0.06720616668462753;0.5262875556945801;0.3631143271923065;-0.02590956725180149;0.45047205686569214;0.35436078906059265;-0.03322562202811241;0.5042340159416199;0.4359806180000305;-0.001332012703642249;0.467823326587677;0.4348321557044983;0.0013311690418049693;0.500887930393219;0.5593675971031189;0.01610354520380497;0.4693625569343567;0.5638921856880188;-0.037547189742326736;0.49077761471271514;0.19736249148845672;-0.19277477115392685;0.5308789908885956;0.45937972515821457;-0.11183716543018818;0.43465083092451096;0.4463094398379326;-0.1204002033919096;0.5015208423137665;0.6552576224009196;0.19070198635260263;0.47400592764218646;0.7056039770444235;-0.0020300056785345078;alejandose
3.77;0.48705270886421204;0.21605747938156128;-0.18919850885868073;0.5225136876106262;0.2757355272769928;-0.06712030619382858;0.46214792132377625;0.26751893758773804;-0.06750477850437164;0.5264105796813965;0.36466801166534424;-0.028476299718022346;0.4521870017051697;0.3560493290424347;-0.03526369854807854;0.5042855143547058;0.4361006021499634;-0.001125203911215067;0.46845829486846924;0.4347504675388336;0.0011212670942768455;0.5004503726959229;0.5576279759407043;0.018189866095781326;0.4699854850769043;0.5621416568756104;-0.043606095016002655;0.49195892214775083;0.19896992444992065;-0.1914124846458435;0.530735194683075;0.46106868982315063;-0.11534779705107212;0.4387015849351883;0.4466231241822243;-0.12196533754467964;0.5014919439951578;0.6534606615702311;0.19528117775917053;0.47384647528330487;0.7054562369982401;-0.012131073822577795;alejandose
3.8;0.4888935685157776;0.21875004470348358;-0.18063004314899445;0.5236112475395203;0.2769382894039154;-0.06460578739643097;0.46453455090522766;0.2685790956020355;-0.06535543501377106;0.5265076756477356;0.3654387593269348;-0.028446726500988007;0.45445114374160767;0.35669857263565063;-0.03514646738767624;0.5043676495552063;0.4362155795097351;-0.0013357996940612793;0.469810426235199;0.43408843874931335;0.0013303665909916162;0.5003637075424194;0.5563272833824158;0.025590315461158752;0.47058671712875366;0.5590066313743591;-0.049792639911174774;0.49345807135105135;0.2013973593711853;-0.1834501691162586;0.5300450176000595;0.46123841404914856;-0.11328339204192162;0.4432818964123726;0.4474337622523308;-0.11991384625434875;0.5010349849859873;0.659773588180542;0.16516762723525366;0.47366971770922345;0.7044978737831116;-0.03860204527154565;alejandose
3.83;0.49032506346702576;0.220352903008461;-0.1784825176000595;0.5250152349472046;0.2778793275356293;-0.061399392783641815;0.46624547243118286;0.26985833048820496;-0.06563529372215271;0.5265800356864929;0.36664217710494995;-0.024458320811390877;0.4565362334251404;0.3575953543186188;-0.03603117913007736;0.505161702632904;0.4361273944377899;-0.0002633823605719954;0.4716218411922455;0.4333347678184509;0.0002542528964113444;0.5004977583885193;0.5560014843940735;0.01822149008512497;0.4716600775718689;0.5564749240875244;-0.048571765422821045;0.4947742849588394;0.20317511409521102;-0.18125446513295174;0.5293097048997879;0.4614681899547577;-0.1055068876594305;0.44723886996507645;0.4501795545220375;-0.11944029852747917;0.5006895263989767;0.6630201737085978;0.15294363598028818;0.473634531100591;0.7010800838470459;-0.021101756642262142;alejandose
3.87;0.4916232228279114;0.221547931432724;-0.17555049061775208;0.5262575149536133;0.27870625257492065;-0.05975160375237465;0.4676089286804199;0.27094465494155884;-0.06487902998924255;0.5268934369087219;0.3676065504550934;-0.022132940590381622;0.45918703079223633;0.35800808668136597;-0.03581945225596428;0.5067656636238098;0.43611419200897217;0.0009725886629894376;0.4734671711921692;0.4333149194717407;-0.0009884524624794722;0.5010491013526917;0.5540265440940857;0.015130373649299145;0.4729439318180084;0.5562707781791687;-0.03977586328983307;0.4959253162145615;0.20430774688720704;-0.17815316319465638;0.5288289785385132;0.46131008863449097;-0.10274391435086727;0.4505339339375496;0.4508438929915428;-0.11745550110936165;0.5005849798520406;0.6597630580266317;0.16481049358844757;0.4743686020374298;0.6965727011362711;-0.0047737906376520796;alejandose
3.9;0.49302738904953003;0.22196663916110992;-0.16623824834823608;0.5277610421180725;0.2786584198474884;-0.05024456977844238;0.469473272562027;0.2711094319820404;-0.06224549561738968;0.5275312662124634;0.3675905466079712;-0.013564646244049072;0.46102094650268555;0.3580014407634735;-0.033624403178691864;0.5086330771446228;0.4355015456676483;0.006180500611662865;0.4749787449836731;0.4324589669704437;-0.00620492035523057;0.5015214681625366;0.551383376121521;0.02691352739930153;0.47454631328582764;0.5557432770729065;-0.03835660219192505;0.4971482664346695;0.20484760999679566;-0.16865508258342743;0.5283453315496445;0.4597313404083252;-0.09681914560496807;0.4522889330983162;0.4506189301609993;-0.11293373256921768;0.5002928078174591;0.6618688901265463;0.14913398524125418;0.4743894735972087;0.6901371479034424;0.02181301514307658;alejandose
3.93;0.49410849809646606;0.22138170897960663;-0.1417507380247116;0.5283670425415039;0.2782052159309387;-0.03274175524711609;0.470552921295166;0.27109068632125854;-0.042319297790527344;0.5287381410598755;0.36558929085731506;-0.0029054228216409683;0.4623281955718994;0.35723498463630676;-0.017971426248550415;0.5099226236343384;0.43441152572631836;0.006483491975814104;0.47628921270370483;0.4315362274646759;-0.0064984457567334175;0.5025230050086975;0.5495306253433228;0.021497802808880806;0.4758445918560028;0.5540772676467896;-0.028246751055121422;0.49844043850898745;0.20426467806100845;-0.1430213987827301;0.5282648652791977;0.45677731931209564;-0.08742303773760796;0.4540892690420151;0.44846517592668533;-0.0975311603397131;0.5003342727820078;0.6629322369893392;0.11414327720801036;0.4742988447348277;0.6839357018470764;0.040363180761535965;alejandose
3.97;0.49454981088638306;0.2213122844696045;-0.13709862530231476;0.5284684896469116;0.2765682637691498;-0.03196536749601364;0.4709153473377228;0.27011075615882874;-0.0343187041580677;0.5293158888816833;0.362536758184433;-0.006196953356266022;0.4634188413619995;0.35587605834007263;-0.010866266675293446;0.5105248689651489;0.43104732036590576;0.006057620979845524;0.4766900837421417;0.428892582654953;-0.006111592054367065;0.5038594007492065;0.5469005107879639;0.019211791455745697;0.4763841927051544;0.5521343946456909;-0.027662795037031174;0.49926133155822755;0.20403149873018264;-0.13836830705404282;0.5282614678144455;0.4531979039311409;-0.09011735767126083;0.45553477853536606;0.44704947620630264;-0.09373557940125465;0.5004102090994517;0.6630013386408488;0.0965966669221719;0.4740118384361267;0.6820996403694153;0.03489283534387747;alejandose
4.0;0.4947873651981354;0.22000329196453094;-0.13120979070663452;0.5283427834510803;0.27411431074142456;-0.02491770125925541;0.47123679518699646;0.2675767242908478;-0.031072700396180153;0.5298788547515869;0.3599793016910553;-0.001778698293492198;0.46401891112327576;0.35361799597740173;-0.009092669002711773;0.5106542706489563;0.42836740612983704;0.005367747507989407;0.47696512937545776;0.4265143573284149;-0.005387520883232355;0.5050171613693237;0.5460318922996521;0.021350955590605736;0.47664931416511536;0.5497661232948303;-0.03369588404893875;0.4997885704040527;0.20287906229496003;-0.1321662560105324;0.5283309519290924;0.4517030045390129;-0.08710500784218311;0.4568289518356323;0.4447576403617859;-0.0921954158693552;0.5007437864939371;0.6628819704055786;0.09064901744325955;0.47310898701349896;0.6818525989850363;0.006692893803119659;alejandose
4.03;0.49515050649642944;0.21926745772361755;-0.14278139173984528;0.528481662273407;0.27195876836776733;-0.031063076108694077;0.47145703434944153;0.265774130821228;-0.03932894393801689;0.5305429697036743;0.35725703835487366;-0.002390007022768259;0.46443605422973633;0.3504500091075897;-0.01489026378840208;0.5112372040748596;0.4252557158470154;0.005338925402611494;0.477534681558609;0.4233670234680176;-0.005337538663297892;0.5056458115577698;0.5436166524887085;0.017279166728258133;0.47795337438583374;0.5453996062278748;-0.03315753862261772;0.5002488046884537;0.20201602429151536;-0.14418477714061737;0.5285474061965942;0.44889141619205475;-0.0880624819546938;0.4583990126848221;0.44340211153030396;-0.09753335453569889;0.5006355941295624;0.6622373263041178;0.08664552743236224;0.47299765547116596;0.6800514459609985;0.011529705176750818;alejandose
4.07;0.49516209959983826;0.21832969784736633;-0.14081628620624542;0.5285937190055847;0.2706821858882904;-0.025078877806663513;0.47152408957481384;0.2644302248954773;-0.04150262102484703;0.5313714742660522;0.3555118441581726;0.007039453834295273;0.46488240361213684;0.3469928801059723;-0.017130171880126;0.5116445422172546;0.4224361479282379;0.007604051847010851;0.4780537188053131;0.420626163482666;-0.007589234504848719;0.5059918165206909;0.5421493053436279;0.016133267432451248;0.4780687391757965;0.5417644381523132;-0.03270849585533142;0.500397476553917;0.2013491541147232;-0.1421295754611492;0.5292520672082901;0.44750605523586273;-0.07841164153069258;0.45883071422576904;0.4397990107536316;-0.09910098277032375;0.5003777742385864;0.6618925929069519;0.08189926793177922;0.4727663497130076;0.6760345697402954;0.01357282449801763;alejandose
4.1;0.49510177969932556;0.21789483726024628;-0.13474075496196747;0.5288483500480652;0.26990193128585815;-0.020519865676760674;0.4720056354999542;0.2637464702129364;-0.03803239390254021;0.5316864848136902;0.3546849489212036;0.013707374222576618;0.4650726318359375;0.3446333110332489;-0.014045636169612408;0.5120459794998169;0.42061248421669006;0.008099322207272053;0.478708952665329;0.4189862906932831;-0.008083452470600605;0.5062915682792664;0.5418339967727661;0.005255891475826502;0.4784834384918213;0.5394424200057983;-0.026395894587039948;0.5003933876752853;0.20105566531419755;-0.13646779358386993;0.5298377126455307;0.4472997710108757;-0.0680858800187707;0.45938412100076675;0.4381476938724518;-0.09400099143385887;0.5002766052881876;0.6615429123242696;0.06854878117640813;0.47215359409650165;0.6719029148419698;0.034283844754099846;alejandose
4.13;0.4950389564037323;0.21769927442073822;-0.14713843166828156;0.5290502309799194;0.2696705460548401;-0.025205515325069427;0.47232311964035034;0.2638149559497833;-0.050159700214862823;0.5319937467575073;0.3542338013648987;0.005864851176738739;0.46523353457450867;0.3452301323413849;-0.023340662941336632;0.5124591588973999;0.42016685009002686;0.0081864008679986;0.47910067439079285;0.4183831512928009;-0.008184421807527542;0.5068662762641907;0.5415860414505005;0.006702342536300421;0.47863566875457764;0.5384425520896912;-0.02348988503217697;0.5003406554460526;0.20093265026807786;-0.14927503243088722;0.5306419134140015;0.44780078530311584;-0.07591103855520487;0.45987623929977417;0.4377561956644058;-0.09839441627264023;0.5003873010476431;0.6598727901776632;0.08437184616923332;0.4719873567422231;0.6665331522623698;0.04760935685286919;alejandose
4.17;0.4949656128883362;0.21744360029697418;-0.16242365539073944;0.5289871096611023;0.2695178985595703;-0.03984473645687103;0.4724145531654358;0.26390549540519714;-0.060580868273973465;0.5320643186569214;0.35319969058036804;0.0052545215003192425;0.46502453088760376;0.34587398171424866;-0.032253675162792206;0.5124816298484802;0.4179364740848541;0.008097752928733826;0.4794110357761383;0.41665157675743103;-0.00810491107404232;0.5070396661758423;0.5399839282035828;0.005548627115786076;0.47933635115623474;0.5370751619338989;-0.01847478747367859;0.5002834290266037;0.20087845027446746;-0.16452095806598663;0.5319241136312485;0.4472193345427513;-0.07916851993650198;0.46013424545526505;0.43809276819229126;-0.10487949103116989;0.5008272429307302;0.6595452030499777;0.07237995540102322;0.4719516436258952;0.6617796818415324;0.04981536169846853;alejandose
4.2;0.4949221611022949;0.21722790598869324;-0.1615578830242157;0.5289344191551208;0.26960012316703796;-0.042631760239601135;0.4722748100757599;0.2643108367919922;-0.06178263574838638;0.5320746302604675;0.3528754413127899;0.0025941110216081142;0.4647655785083771;0.34601303935050964;-0.03348885104060173;0.5127012729644775;0.41753730177879333;0.007845169864594936;0.47981327772140503;0.4166112244129181;-0.007856378331780434;0.5074005722999573;0.5387953519821167;0.006506301462650299;0.47975823283195496;0.5367323756217957;-0.01248499657958746;0.5002553820610046;0.20081226974725724;-0.16325371712446213;0.5331464856863022;0.44611553102731705;-0.07413574494421482;0.4603966549038887;0.4384257569909096;-0.10446660406887531;0.5010514557361603;0.6590440074602762;0.06944210516909759;0.47161247332890827;0.6551081736882528;0.054958748776698485;alejandose
4.23;0.49486976861953735;0.2169230729341507;-0.15111778676509857;0.5287407636642456;0.2695881426334381;-0.03798837587237358;0.4721689522266388;0.26439177989959717;-0.056614525616168976;0.532044529914856;0.3528316915035248;0.005713921505957842;0.4646134674549103;0.34636035561561584;-0.031596776098012924;0.5126090049743652;0.41796353459358215;0.006794748827815056;0.4798327386379242;0.4168466627597809;-0.006820372771471739;0.5078160166740417;0.5384846329689026;0.0008787352708168328;0.4798353910446167;0.5368528962135315;-0.009051637724041939;0.5002062797546387;0.2007507786154747;-0.1519845426082611;0.5339021235704422;0.44566357135772705;-0.06770795024931431;0.4599534273147583;0.4373602867126465;-0.09935497865080833;0.5012858808040619;0.6584170858065287;0.07139447517693043;0.47144163648287457;0.6499082843462626;0.06637881665180127;alejandose
4.27;0.4948579668998718;0.21674680709838867;-0.14340074360370636;0.5282673835754395;0.2694007158279419;-0.03665292635560036;0.47214195132255554;0.26416388154029846;-0.04874779284000397;0.5319992899894714;0.3519943356513977;0.004627332556992769;0.46453768014907837;0.3462568521499634;-0.024791423231363297;0.5125643610954285;0.41611820459365845;0.0037978305481374264;0.4797125458717346;0.41532135009765625;-0.003823771607130766;0.5082002878189087;0.5368443727493286;-0.003185040783137083;0.47977808117866516;0.5350964665412903;-0.005840563680976629;0.5001485645771027;0.20070835649967195;-0.14434317350387574;0.5340814292430878;0.44370298087596893;-0.06624693609774113;0.4595756307244301;0.43661654740571976;-0.0927997138351202;0.5015369554360708;0.6580742796262106;0.05740239145234227;0.47130467494328815;0.6437458992004395;0.06380897822479407;alejandose
4.3;0.4945949912071228;0.216590017080307;-0.1453111469745636;0.5275551676750183;0.2693980932235718;-0.039577871561050415;0.4720757007598877;0.2639555037021637;-0.050489865243434906;0.5316937565803528;0.3515748977661133;0.004218691028654575;0.4644480347633362;0.34584489464759827;-0.026006244122982025;0.5124884843826294;0.413640558719635;0.002649543108418584;0.4796268939971924;0.4135729670524597;-0.00267578661441803;0.5083449482917786;0.534019410610199;-0.005159595049917698;0.47967857122421265;0.5316997766494751;-0.00521765137091279;0.49986547231674194;0.20067546218633653;-0.1473101943731308;0.5342793166637421;0.44210081547498703;-0.06661431770771742;0.45932552963495255;0.43592172861099243;-0.09497852809727192;0.5018545488516489;0.6576702992121378;0.04735272781302532;0.47196057438850403;0.6412003437678019;0.06191732237736384;alejandose
4.33;0.4944091737270355;0.21655157208442688;-0.1463361531496048;0.5267835855484009;0.26943811774253845;-0.03962436318397522;0.47204452753067017;0.2639467418193817;-0.050544824451208115;0.5311194062232971;0.3504233956336975;0.003259736578911543;0.4643835723400116;0.34575337171554565;-0.02608637697994709;0.5118794441223145;0.41098111867904663;0.0015383275458589196;0.47960034012794495;0.41127607226371765;-0.0015536196297034621;0.5082764029502869;0.5312737822532654;-0.009246283210814;0.47961390018463135;0.5290579199790955;-0.007993148639798164;0.49943824112415314;0.20063885152339936;-0.14779480695724487;0.5341804474592209;0.4387696832418442;-0.06224141363054514;0.45913852006196976;0.43515191227197647;-0.094697754830122;0.5022300680478414;0.6570530533790588;0.029753721008698147;0.47242725888888043;0.6395031611124674;0.052598472218960524;alejandose
4.37;0.4940531849861145;0.2165197730064392;-0.14926868677139282;0.5256558656692505;0.2694593071937561;-0.04539169743657112;0.4716877043247223;0.26395976543426514;-0.05375154688954353;0.5307201147079468;0.3501230776309967;-0.0024082723539322615;0.46432429552078247;0.3457929790019989;-0.02833358757197857;0.5113694667816162;0.4095726013183594;0.00046152021968737245;0.47954902052879333;0.4105249345302582;-0.00047363294288516045;0.5082375407218933;0.5288470983505249;-0.012377547100186348;0.4795559346675873;0.5279239416122437;-0.007701314054429531;0.4989219605922699;0.20062197893857955;-0.1500603176653385;0.534274235367775;0.4384886920452118;-0.06590899918228388;0.45892759412527084;0.4348307400941849;-0.0954081378877163;0.5023775895436605;0.6556812723477682;0.023211604605118435;0.4728736877441406;0.6380038460095724;0.04947687312960625;alejandose
4.4;0.4935564696788788;0.2166089415550232;-0.15466539561748505;0.5248174667358398;0.2697654664516449;-0.04662441462278366;0.4710767865180969;0.264085978269577;-0.05792149901390076;0.5302092432975769;0.3501054644584656;-0.0033316793851554394;0.4639926552772522;0.3458300232887268;-0.03266214206814766;0.5105016231536865;0.40952643752098083;0.0007847034139558673;0.47929102182388306;0.41041794419288635;-0.0007976818014867604;0.5078855752944946;0.52862149477005;-0.016765939071774483;0.4795454740524292;0.5282148122787476;-0.0063767884857952595;0.4982787996530533;0.20090058743953704;-0.15569660812616348;0.5342166870832443;0.4371354654431343;-0.06756989005953074;0.4582974538207054;0.434765100479126;-0.10036526806652546;0.5024278859297434;0.6558539867401123;0.017540873338778813;0.47361544768015545;0.6364971001942953;0.051480773370712996;alejandose
4.43;0.4932669997215271;0.21680320799350739;-0.15971623361110687;0.52395099401474;0.2699205279350281;-0.048366278409957886;0.469896525144577;0.2642297148704529;-0.06205998733639717;0.5294973850250244;0.3502345383167267;-0.006341790780425072;0.4624919593334198;0.34588974714279175;-0.03695620223879814;0.5093548893928528;0.4101192057132721;0.0013999888906255364;0.47845059633255005;0.41080740094184875;-0.0014289047103375196;0.5073758363723755;0.5289032459259033;-0.012150977738201618;0.47951313853263855;0.528942883014679;-0.006700345780700445;0.4979150086641312;0.2012300282716751;-0.16079604402184486;0.5338514298200607;0.4370804876089096;-0.07297237683087587;0.45685041695833206;0.4338877499103546;-0.10530136898159981;0.502664198478063;0.6558664441108704;0.028430869802832603;0.47509701053301495;0.6368883848190308;0.05432292469777167;alejandose
4.47;0.49262890219688416;0.21763518452644348;-0.1684015542268753;0.5223572850227356;0.27042481303215027;-0.057166688144207;0.46854907274246216;0.26445823907852173;-0.06550691276788712;0.5282853245735168;0.35033443570137024;-0.01356689352542162;0.4607822895050049;0.3446681797504425;-0.039222925901412964;0.5083759427070618;0.409845232963562;0.0006100038299337029;0.47744470834732056;0.41089239716529846;-0.0006457471172325313;0.5068563222885132;0.5274401307106018;-0.010242190212011337;0.4794990122318268;0.5293927788734436;-9,29E+10;0.49730583727359773;0.2020861476659775;-0.16971112489700318;0.533109188079834;0.43687813729047775;-0.07923536747694016;0.45569756627082825;0.4317372515797615;-0.10899925231933594;0.5029238859812418;0.6554847160975138;0.033018605783581734;0.4759538571039836;0.6371503273646036;0.062391115042070545;alejandose
4.5;0.491403192281723;0.21818508207798004;-0.16721174120903015;0.5201529264450073;0.2713315784931183;-0.05338907614350319;0.46691620349884033;0.2652832865715027;-0.060827624052762985;0.5262843370437622;0.35041773319244385;-0.008479945361614227;0.4591820240020752;0.34434473514556885;-0.036803290247917175;0.5074701905250549;0.4099558889865875;-6,94E+10;0.4764530658721924;0.4111485779285431;4,31E+10;0.5060562491416931;0.526587188243866;-0.013141452334821224;0.4793679714202881;0.529758870601654;0.0012892463710159063;0.49632411897182466;0.2031175673007965;-0.16686748936772347;0.5319328159093857;0.43674176186323166;-0.07489634398370981;0.4543406590819359;0.43030329048633575;-0.10745344497263432;0.5031563341617584;0.6551331281661987;0.030993857731421787;0.47623172402381897;0.6362249453862509;0.07593126470843951;alejandose
4.53;0.4899193048477173;0.21870899200439453;-0.17098304629325867;0.5186955332756042;0.27255779504776;-0.06150711327791214;0.4653762876987457;0.26621052622795105;-0.06535819917917252;0.5240479707717896;0.3520486056804657;-0.01890525594353676;0.4572240710258484;0.34440168738365173;-0.04041985794901848;0.5064566135406494;0.41000625491142273;-0.0015063900500535965;0.47551384568214417;0.4112882614135742;0.0014683902263641357;0.5052022933959961;0.5254429578781128;-0.012093697674572468;0.47898879647254944;0.5294442772865295;0.008129180409014225;0.4949631243944168;0.2039946973323822;-0.1717755101621151;0.5302893221378326;0.4373834878206253;-0.08273732662200928;0.45352141559123993;0.43007078021764755;-0.11344286985695362;0.5033773283163706;0.6540876825650533;0.032030513510107994;0.47635991374651593;0.6364035407702128;0.07643337858219941;alejandose
4.57;0.48851290345191956;0.21937108039855957;-0.1627827286720276;0.5176243782043457;0.27324989438056946;-0.05757574737071991;0.4638027250766754;0.2671290338039398;-0.0597040168941021;0.5218554735183716;0.35321104526519775;-0.019691914319992065;0.45576250553131104;0.34445300698280334;-0.03955640271306038;0.5054377317428589;0.41138792037963867;-0.003956505563110113;0.47461217641830444;0.4131588637828827;0.0039153676480054855;0.5040030479431152;0.5260187983512878;-0.012568317353725433;0.47849830985069275;0.529651403427124;0.017864083871245384;0.49358496367931365;0.20486857146024703;-0.16316561549901962;0.5282182693481445;0.4380471929907799;-0.08531055971980095;0.45305824279785156;0.43030842393636703;-0.11125977896153927;0.5033779342969259;0.6527466177940369;0.030908972024917603;0.47658632198969525;0.635838508605957;0.09631069252888362;alejandose
4.6;0.4874718487262726;0.2199143022298813;-0.14982278645038605;0.516470730304718;0.2741573750972748;-0.05626685172319412;0.46274474263191223;0.26733601093292236;-0.04922199249267578;0.5193026065826416;0.3540032207965851;-0.018180618062615395;0.45454421639442444;0.34437844157218933;-0.030156072229146957;0.5042548179626465;0.4122921824455261;-0.00535080349072814;0.4735619127750397;0.41438883543014526;0.005310407839715481;0.5033412575721741;0.5262485146522522;-0.012726050801575184;0.4782226085662842;0.5298014879226685;0.01904689148068428;0.492660266160965;0.2055595725774765;-0.15029120668768883;0.5237811803817749;0.44020379334688187;-0.08328436687588692;0.45183076709508896;0.4305140748620033;-0.10292200930416584;0.5034499367078146;0.6507251063982645;0.03291142669816812;0.4768782655398051;0.6352403362592062;0.09915536890427272;alejandose
4.63;0.48646506667137146;0.22030846774578094;-0.15089814364910126;0.5152553915977478;0.2748938500881195;-0.056397322565317154;0.46190595626831055;0.2674666941165924;-0.048632606863975525;0.5164769887924194;0.3542759120464325;-0.023282546550035477;0.453490287065506;0.34436437487602234;-0.02770158275961876;0.5023165345191956;0.4130692183971405;-0.006419622804969549;0.4721069931983948;0.4148203432559967;0.006369869224727154;0.5023219585418701;0.5264378786087036;-0.009807007387280464;0.47727519273757935;0.5297254920005798;0.015117254108190536;0.49175976514816283;0.206169793009758;-0.15164147987961768;0.5198626816272736;0.44162914901971817;-0.08805347792804241;0.4507635682821274;0.43050431460142136;-0.10171409696340561;0.5033787488937378;0.6476197441418966;0.05303029242592553;0.476861168940862;0.6350358923276266;0.09371507416168849;alejandose
4.67;0.4858138859272003;0.22093796730041504;-0.15152253210544586;0.5146904587745667;0.27493035793304443;-0.056550655514001846;0.46101489663124084;0.26746848225593567;-0.04941351339221001;0.5146262049674988;0.35425683856010437;-0.024204246699810028;0.45275551080703735;0.34405043721199036;-0.02738261967897415;0.5008825063705444;0.4144936501979828;-0.006275075022131205;0.4707300066947937;0.4152916371822357;0.00622138986364007;0.5011366009712219;0.5266137719154358;-0.006435584742575884;0.4761170446872711;0.5297965407371521;0.016468267887830734;0.4911729484796524;0.20685086846351625;-0.15246960669755935;0.5171360373497009;0.4416995272040367;-0.09011292830109596;0.4495241791009903;0.43033134937286377;-0.10131176374852657;0.5030108491579691;0.6455483039220175;0.05416550514443467;0.47681129972139996;0.6344831983248392;0.0974280113975207;alejandose
4.7;0.48537343740463257;0.22103923559188843;-0.14999841153621674;0.5141891241073608;0.2748878598213196;-0.057268060743808746;0.46037954092025757;0.26750195026397705;-0.047576505690813065;0.5141029357910156;0.3534383773803711;-0.02903088927268982;0.45192354917526245;0.3445999026298523;-0.025865087285637856;0.4997515380382538;0.41546595096588135;-0.006919016595929861;0.46959003806114197;0.41561684012413025;0.006853632163256407;0.49969667196273804;0.526761531829834;-0.006132245529443026;0.47453179955482483;0.5295922756195068;0.018430670723319054;0.49065456390380857;0.20694477409124373;-0.1510297380387783;0.5147572010755539;0.44109877198934555;-0.09909815527498722;0.4482972025871277;0.43060386180877686;-0.10110639780759811;0.5021659731864929;0.6429023543993632;0.05774461757391691;0.4768042067686717;0.6325054963429769;0.10392879943052928;alejandose
4.73;0.4853869676589966;0.22125586867332458;-0.14838898181915283;0.51371169090271;0.27462038397789;-0.05976046994328499;0.4603446424007416;0.2671848237514496;-0.04434893652796745;0.5128936171531677;0.35256582498550415;-0.036002740263938904;0.451830118894577;0.3443390429019928;-0.02280413918197155;0.49893227219581604;0.4156079888343811;-0.009431474842131138;0.46941399574279785;0.4156031012535095;0.009387251920998096;0.499345064163208;0.5258128046989441;-0.007100324612110853;0.4738638997077942;0.5283507108688354;0.026167498901486397;0.4904483437538147;0.2070404514670372;-0.14981120228767394;0.5127438902854919;0.44035279750823975;-0.10620602406561375;0.446681372821331;0.4303935766220093;-0.0995812900364399;0.5022387901941935;0.6420429348945618;0.04906055424362421;0.47711271047592163;0.6315872073173523;0.11025898158550262;alejandose
4.77;0.48509374260902405;0.22128406167030334;-0.14523407816886902;0.5135363936424255;0.27407321333885193;-0.058539874851703644;0.46049970388412476;0.2671617567539215;-0.04132575914263725;0.5127632021903992;0.3505536615848541;-0.03401605412364006;0.45154258608818054;0.3443278968334198;-0.019878586754202843;0.498851478099823;0.41501036286354065;-0.009256066754460335;0.46921995282173157;0.41504618525505066;0.009219176135957241;0.49896833300590515;0.5215778946876526;-0.00669500045478344;0.4733923673629761;0.527111828327179;0.02360270544886589;0.48996497690677643;0.20701015293598174;-0.1467104934155941;0.5122853815555573;0.4387591630220413;-0.10257254168391228;0.44526658952236176;0.4301161468029022;-0.09596194885671139;0.5020004709561666;0.6385327378908793;0.04988445097114891;0.4769575496514638;0.6320217450459799;0.09166520337263744;alejandose
4.8;0.48486828804016113;0.2212861031293869;-0.14563709497451782;0.5132343769073486;0.273126482963562;-0.05802907049655914;0.46049267053604126;0.26675939559936523;-0.04027451202273369;0.5130180716514587;0.34838396310806274;-0.03243955969810486;0.4513671100139618;0.34404411911964417;-0.017461426556110382;0.4988762140274048;0.41269758343696594;-0.009002112783491611;0.4691113829612732;0.413140207529068;0.008974563330411911;0.49867555499076843;0.5181993842124939;-0.007989971898496151;0.4730840027332306;0.524926483631134;0.017256835475564003;0.4896754503250122;0.20696332752704621;-0.14720123782753944;0.5122344642877579;0.43552886694669724;-0.10357841476798058;0.4437978267669678;0.42710182815790176;-0.09494685009121895;0.5019450585047404;0.6346628467241923;0.05141066562888833;0.47684717178344727;0.632266620794932;0.07991105442245801;alejandose
4.83;0.4848540723323822;0.22126975655555725;-0.16410227119922638;0.5128303170204163;0.2717777192592621;-0.0702047348022461;0.4602174162864685;0.2665356993675232;-0.05151986703276634;0.5134167075157166;0.3462916612625122;-0.04301295801997185;0.45115160942077637;0.34389573335647583;-0.022868294268846512;0.4992018938064575;0.41046106815338135;-0.009279577061533928;0.469298779964447;0.4113627076148987;0.009247121401131153;0.4985590875148773;0.5162070989608765;-0.00864795409142971;0.4729488790035248;0.5220350027084351;0.016605613753199577;0.4896578907966614;0.20684405714273452;-0.16613010540604592;0.5123522728681564;0.43273116648197174;-0.11451406031847;0.4426729455590248;0.42657119035720825;-0.0995626337826252;0.5015121301015218;0.6317471067110697;0.054653688605564334;0.47678879896799725;0.6319855252901713;0.08110784428815047;alejandose
4.87;0.48483550548553467;0.22116994857788086;-0.1653083711862564;0.5126152634620667;0.27083146572113037;-0.06896135956048965;0.46034789085388184;0.26596689224243164;-0.05456020310521126;0.5136763453483582;0.34585094451904297;-0.040502455085515976;0.45114919543266296;0.3434876799583435;-0.026634659618139267;0.4994332790374756;0.4093274772167206;-0.00898486003279686;0.4694172143936157;0.40997567772865295;0.008948703296482563;0.4984778165817261;0.5158559083938599;-0.009759562090039253;0.472714364528656;0.5212749242782593;0.009178354404866695;0.48961215615272524;0.20644324272871017;-0.16704982295632362;0.5129193663597107;0.4307054728269577;-0.11261004768311977;0.44208813458681107;0.42635516822338104;-0.10461723804473877;0.5006631513436636;0.6283415158589681;0.06904042512178421;0.4765195647875468;0.6321975787480673;0.07984601147472858;alejandose
4.9;0.48466405272483826;0.22115637362003326;-0.16398237645626068;0.5125590562820435;0.270446240901947;-0.0661945641040802;0.4604651927947998;0.26556286215782166;-0.055782902985811234;0.5137611031532288;0.3459004759788513;-0.037047237157821655;0.45116907358169556;0.3429311215877533;-0.029445888474583626;0.4996075928211212;0.40839019417762756;-0.007722469512373209;0.4695329964160919;0.4090443253517151;0.007697142660617828;0.4984894096851349;0.5156639218330383;-0.009512911550700665;0.47266843914985657;0.5198890566825867;0.0050634047947824;0.4895178139209747;0.2062233030796051;-0.1655725546181202;0.5136418491601944;0.4292767494916916;-0.10797382704913616;0.4418116807937622;0.4261488616466522;-0.10620637610554695;0.500453382730484;0.625702957312266;0.0744669691969951;0.4764661490917206;0.6321507096290588;0.07849496168394883;alejandose
4.93;0.48450973629951477;0.22114208340644836;-0.1644764244556427;0.5125411152839661;0.27003031969070435;-0.06482752412557602;0.4605274200439453;0.2649609446525574;-0.05590532347559929;0.5138779282569885;0.3459363877773285;-0.03672659024596214;0.45124706625938416;0.3418492078781128;-0.029650164768099785;0.4997144341468811;0.40773147344589233;-0.007096900604665279;0.4696142077445984;0.4084557294845581;0.007080514915287495;0.49812790751457214;0.5148995518684387;-0.008974953554570675;0.4725930988788605;0.5195592641830444;0.003819666337221861;0.4894945025444031;0.20616517961025238;-0.16606598868966102;0.5145626217126846;0.429099403321743;-0.10601814649999142;0.44185125827789307;0.4243876710534096;-0.10744659788906574;0.5003772079944611;0.621485193570455;0.07806562446057796;0.47614261507987976;0.6321172912915548;0.07712600256005923;alejandose
4.97;0.4845651090145111;0.22112981975078583;-0.158599853515625;0.5126751065254211;0.26988375186920166;-0.058203618973493576;0.4608139991760254;0.26439806818962097;-0.05166260153055191;0.513992428779602;0.34587982296943665;-0.027249718084931374;0.4513343870639801;0.3404623568058014;-0.026635978370904922;0.4997756779193878;0.40711358189582825;-0.0069641778245568275;0.46968403458595276;0.4079422950744629;0.0069565982557833195;0.49779316782951355;0.5143160223960876;-0.009988436475396156;0.4725080132484436;0.5192236304283142;0.001665139920078218;0.48954457640647886;0.20613565146923066;-0.16024143621325493;0.5165667086839676;0.42948823422193527;-0.09780950658023357;0.4420819655060768;0.4234646335244179;-0.10610967315733433;0.5001858274141947;0.6196158727010092;0.07413277588784695;0.475783238808314;0.6320369243621826;0.07190017464260261;alejandose
5.0;0.4845975935459137;0.22110150754451752;-0.15231046080589294;0.5127807855606079;0.2697485685348511;-0.05531460419297218;0.4615025818347931;0.2640388309955597;-0.044845934957265854;0.5140552520751953;0.3460102677345276;-0.025020353496074677;0.4514690637588501;0.3396444320678711;-0.02040947787463665;0.4998074173927307;0.40691614151000977;-0.007474546320736408;0.46992582082748413;0.4078228175640106;0.0074747721664607525;0.4974900484085083;0.514180600643158;-0.018379084765911102;0.47245603799819946;0.5194078087806702;0.0024288904387503862;0.4895758360624313;0.20609817355871202;-0.15421446338295935;0.5179476588964462;0.4298943877220154;-0.09614521823823452;0.44235116988420486;0.42258270829916;-0.10091101005673409;0.5001671612262726;0.6162626544634501;0.0763490969936053;0.47569326559702557;0.6317408482233683;0.07246882282197475;alejandose
5.03;0.4849225580692291;0.22090943157672882;-0.14814789593219757;0.513187825679779;0.2696481943130493;-0.05261632800102234;0.4625105857849121;0.26379579305648804;-0.0415445938706398;0.5153970718383789;0.34626448154449463;-0.024121779948472977;0.4518219232559204;0.33926236629486084;-0.01777212880551815;0.4999251365661621;0.40666139125823975;-0.007541125174611807;0.4703214466571808;0.4075632095336914;0.0075439345091581345;0.49759119749069214;0.5136377215385437;-0.016351399943232536;0.4724849760532379;0.5196181535720825;0.001959327608346939;0.4897597819566727;0.20593198239803315;-0.1497739113867283;0.5190330594778061;0.4301639422774315;-0.09516006335616112;0.4425818920135498;0.42250217497348785;-0.09672409482300282;0.500665674606959;0.617678701877594;0.07239659130573273;0.4755772352218628;0.6316936612129211;0.06989105480412643;alejandose
5.07;0.48549264669418335;0.22052454948425293;-0.1484033763408661;0.5139425992965698;0.26962897181510925;-0.052572958171367645;0.4632945656776428;0.26352283358573914;-0.041939880698919296;0.5167092680931091;0.34679120779037476;-0.023913929238915443;0.45269572734832764;0.33841589093208313;-0.016282424330711365;0.5004149079322815;0.4061523377895355;-0.0072331298142671585;0.47089946269989014;0.4071928858757019;0.007239670027047396;0.49764782190322876;0.5128514170646667;-0.012776411138474941;0.47256848216056824;0.519741415977478;0.0013220972614362836;0.4901604145765305;0.2056594431400299;-0.14996094703674318;0.5196482837200165;0.4303336441516876;-0.09516959078609943;0.44300466030836105;0.4205709472298622;-0.09452608413994312;0.5018928249677023;0.6181226968765259;0.0722934827208519;0.4755704303582509;0.6317161917686462;0.06957340178390344;alejandose
5.1;0.48679670691490173;0.22045594453811646;-0.1485266536474228;0.5149201154708862;0.269607275724411;-0.05313431844115257;0.4644307494163513;0.2634967565536499;-0.046196043491363525;0.5174633264541626;0.34732434153556824;-0.02292548678815365;0.4540054500102997;0.33820170164108276;-0.018849018961191177;0.5009286999702454;0.405557245016098;-0.004923905245959759;0.47162503004074097;0.4063718616962433;0.0049211508594453335;0.49810460209846497;0.511555016040802;-0.003499567974358797;0.4729314148426056;0.5192168951034546;-0.005049053579568863;0.49106348752975465;0.20553596168756486;-0.1504056230187416;0.520307794213295;0.4305218532681465;-0.09411132335662842;0.44440822303295135;0.41886021196842194;-0.0949495267122984;0.5028960605462393;0.6169347763061523;0.08280614018440247;0.47564369440078735;0.631649394830068;0.053184657997917384;alejandose
5.13;0.4877203106880188;0.22037935256958008;-0.13774703443050385;0.5157992243766785;0.269521027803421;-0.04435790330171585;0.46597522497177124;0.26319247484207153;-0.036592382937669754;0.5178572535514832;0.34764164686203003;-0.016886573284864426;0.4563138782978058;0.33688220381736755;-0.01207374595105648;0.5016418099403381;0.4053499102592468;-0.005005960818380117;0.47264358401298523;0.40575283765792847;0.005003167316317558;0.49886319041252136;0.5102128386497498;-0.004520757589489222;0.47310060262680054;0.518120527267456;-0.0039152661338448524;0.49204976558685304;0.2054262116551399;-0.13893931359052658;0.5207920968532562;0.4306009113788605;-0.08793092146515846;0.4466618075966835;0.4174942970275879;-0.08977197296917439;0.5027750333150228;0.6176599860191345;0.07431220884124438;0.47563543915748596;0.6314952174822489;0.05504610723194977;alejandose
5.17;0.4891873598098755;0.22039063274860382;-0.1321895271539688;0.5170694589614868;0.2691275179386139;-0.03833343833684921;0.46757927536964417;0.2629067897796631;-0.032468847930431366;0.5186435580253601;0.3476541340351105;-0.0097233597189188;0.45832160115242004;0.33648011088371277;-0.008878953754901886;0.5026374459266663;0.40537557005882263;-0.004863540176302195;0.47394850850105286;0.40529996156692505;0.0048617105931043625;0.4997923970222473;0.5097899436950684;-0.005152034107595682;0.47351518273353577;0.5168195366859436;-0.0027713708113878965;0.4934213548898697;0.20547248423099518;-0.13343509361147882;0.5213279873132706;0.4306074529886246;-0.08098127134144306;0.4493173360824585;0.4172001928091049;-0.08703216537833214;0.5028164982795715;0.6183282136917114;0.06148392396668593;0.47554804881413776;0.6308100422223409;0.0583227324920396;alejandose
5.2;0.490904837846756;0.22039562463760376;-0.13265220820903778;0.5186495780944824;0.26870882511138916;-0.038651686161756516;0.4695494771003723;0.2625436782836914;-0.033480942249298096;0.51981520652771;0.3475702106952667;-0.009802520275115967;0.460484117269516;0.3353956341743469;-0.007843120954930782;0.5037441849708557;0.40528497099876404;-0.0036606506910175085;0.4750438332557678;0.4045359492301941;0.0036553265526890755;0.5005409121513367;0.5092684626579285;-0.004026366863399744;0.4741588830947876;0.515002965927124;-0.003290075808763504;0.4950228691101074;0.2055809646844864;-0.13415481075644492;0.5218393802642822;0.4306155815720558;-0.08069569244980812;0.45149100571870804;0.4167318642139435;-0.08449473604559898;0.5028402507305145;0.6187394658724467;0.05873770732432604;0.47545693318049115;0.6302181283632914;0.05685485169912378;alejandose
5.23;0.49265578389167786;0.220603808760643;-0.12309575825929642;0.520033061504364;0.2683802843093872;-0.030192699283361435;0.47106724977493286;0.262177973985672;-0.02903161384165287;0.5204783082008362;0.3473881185054779;-0.002442368306219578;0.46230337023735046;0.33433982729911804;-0.004906948655843735;0.5047793388366699;0.40518563985824585;-0.0024717161431908607;0.47609642148017883;0.4039497375488281;0.0024729836732149124;0.5017001628875732;0.508982241153717;-0.0038109642919152975;0.4752669334411621;0.5134045481681824;-0.004808884114027023;0.4967278778553009;0.20608833581209182;-0.12454829886555671;0.5223617255687714;0.4305393025279045;-0.07150633726269007;0.4546223059296608;0.4160050302743912;-0.07850819826126099;0.5028648575146993;0.6190690795580546;0.058090690523386;0.47542842229207355;0.629624088605245;0.05354673027371367;alejandose
5.27;0.494353324174881;0.22133466601371765;-0.12232446670532227;0.5216913223266602;0.2681855261325836;-0.026043016463518143;0.47226566076278687;0.2621884047985077;-0.0322071835398674;0.5217422842979431;0.3466571271419525;0.003419282613322139;0.4639727771282196;0.3344305455684662;-0.007965611293911934;0.5062875151634216;0.4052221179008484;0.0015670731663703918;0.47711411118507385;0.4037086069583893;-0.001573235378600657;0.5030215382575989;0.5091869831085205;-0.0030182364862412214;0.47603660821914673;0.5130091905593872;-0.010651931166648865;0.49816847443580625;0.2071224644780159;-0.1236233539879322;0.5230970084667206;0.4299319088459015;-0.06555139925330877;0.4571356773376465;0.41630803793668747;-0.07936957478523254;0.5029046833515167;0.6192893385887146;0.059075926740964256;0.4753746787707011;0.6292513012886047;0.0481716071565946;alejandose
5.3;0.4959917664527893;0.22195449471473694;-0.12778480350971222;0.5231047868728638;0.26817163825035095;-0.03164401277899742;0.47356554865837097;0.26238155364990234;-0.03410954400897026;0.522879421710968;0.3464738726615906;-0.0013333065435290337;0.4660176932811737;0.33455339074134827;-0.009046574123203754;0.5081704258918762;0.40525099635124207;0.0015395482769235969;0.47854915261268616;0.4035724401473999;-0.0015498731518164277;0.5044781565666199;0.5093418955802917;-0.0022360379807651043;0.476871520280838;0.5122038722038269;-0.009278323501348495;0.4995732754468918;0.20780882239341736;-0.1291554920375347;0.5236212909221649;0.42946314811706543;-0.0701870508491993;0.4594539925456047;0.4165402129292488;-0.08151348121464252;0.5030574897925059;0.6197157303492228;0.05767961529393991;0.47537179787953693;0.6287017265955607;0.04963052168022841;alejandose
5.33;0.496839314699173;0.22229261696338654;-0.1200094223022461;0.5242533683776855;0.2681647837162018;-0.027383608743548393;0.47488293051719666;0.26281076669692993;-0.031862303614616394;0.5241687893867493;0.3457414507865906;-0.00041922152740880847;0.4671163260936737;0.335706502199173;-0.0077503034844994545;0.5088759660720825;0.4052570164203644;0.001502570346929133;0.4790227711200714;0.4035618007183075;-0.0015044971369206905;0.5054272413253784;0.5089861154556274;-0.0023411784786731005;0.47724705934524536;0.5118972063064575;-0.010115261189639568;0.5005043357610702;0.208186773955822;-0.12136944532394409;0.5242494493722916;0.4283083826303482;-0.06922885496169329;0.461454376578331;0.4181195795536041;-0.07558669336140156;0.5031367341677347;0.6201194524765015;0.0543499660367767;0.47552122672398883;0.6280447840690613;0.04631311617170771;alejandose
5.37;0.49704650044441223;0.22229072451591492;-0.12136346101760864;0.525406539440155;0.2681627571582794;-0.028428861871361732;0.47567832469940186;0.2631194591522217;-0.032923366874456406;0.5256958603858948;0.3447704613208771;-0.001307298312895;0.46816083788871765;0.3359664976596832;-0.008716210722923279;0.5096238851547241;0.4049312472343445;0.0013801699969917536;0.47973504662513733;0.4032150208950043;-0.0013778156135231256;0.5061231851577759;0.5081847310066223;-0.0021208624821156263;0.4776851236820221;0.5111727714538574;-0.009796750731766224;0.5009493082761765;0.20817363411188125;-0.1229010283946991;0.5254593342542648;0.4261656031012535;-0.06973016541451216;0.46296658366918564;0.41980862617492676;-0.07757042720913887;0.5030395487944285;0.6204506158828735;0.046401613081494965;0.47564777731895447;0.6271294951438904;0.04261446433762709;alejandose
5.4;0.49730929732322693;0.22227738797664642;-0.11916614323854446;0.5258616209030151;0.26745685935020447;-0.02630370669066906;0.4762275516986847;0.26306912302970886;-0.029005203396081924;0.5270155668258667;0.3429609537124634;-0.0010224463185295463;0.46921417117118835;0.33599376678466797;-0.006179190240800381;0.5103803873062134;0.40322744846343994;0.0010273116640746593;0.48054301738739014;0.40185827016830444;-0.0010297470726072788;0.5066446661949158;0.5075051784515381;-0.002239085268229246;0.47837182879447937;0.5090522170066833;-0.008976166136562824;0.5012836188077927;0.20812553018331528;-0.12090394496917725;0.5265790075063705;0.42421018332242966;-0.07172918878495693;0.4641643315553665;0.4202955961227417;-0.07624430023133755;0.5029516418774923;0.6207570433616638;0.04229843228434523;0.4756276806195577;0.6256198485692342;0.04200791226079067;alejandose
5.43;0.49766093492507935;0.22216066718101501;-0.12918230891227722;0.5260359644889832;0.26673439145088196;-0.03018166869878769;0.477032870054245;0.2630186378955841;-0.03644545003771782;0.5279877781867981;0.34255918860435486;-0.00222471309825778;0.47043576836586;0.3359793722629547;-0.012699361890554428;0.5113213658332825;0.40058451890945435;0.0007689424674026668;0.48173174262046814;0.39965158700942993;-0.0007706435862928629;0.5066725611686707;0.506940484046936;-0.004263287875801325;0.4790343642234802;0.5078166723251343;-0.00954328291118145;0.5017187267541885;0.20791540741920472;-0.13130790069699289;0.5275304317474365;0.4233884811401367;-0.07275126408785582;0.465412400662899;0.4203064441680908;-0.0834495946764946;0.5029956797758738;0.6217209696769714;0.034050813876092434;0.47555290659268695;0.6247249444325765;0.03479399966696898;alejandose
5.47;0.49770575761795044;0.22175821661949158;-0.14573630690574646;0.5263782143592834;0.26609089970588684;-0.04612301290035248;0.4771442711353302;0.2630331814289093;-0.04909609258174896;0.5290256142616272;0.34241998195648193;-0.009958905167877674;0.4710119664669037;0.33591508865356445;-0.021947409957647324;0.5120459198951721;0.3990449607372284;0.0006828192854300141;0.48263898491859436;0.39815753698349;-0.0006763050914742053;0.5066103935241699;0.5068950057029724;-0.00454813614487648;0.48019519448280334;0.5069019794464111;-0.0090858219191432;0.501794970035553;0.20725896954536438;-0.14803752824664115;0.5286276936531067;0.42340828478336334;-0.07530115824192762;0.46594931930303574;0.42032817751169205;-0.09176844730973244;0.5036297341187795;0.6224447886149088;0.033602582601209484;0.47556578119595844;0.6235531767209371;0.03587005380541086;alejandose
5.5;0.4976411461830139;0.221635103225708;-0.15424476563930511;0.5267446041107178;0.2653105556964874;-0.05539456009864807;0.47705426812171936;0.26303961873054504;-0.0538194440305233;0.5302141308784485;0.34139135479927063;-0.016309216618537903;0.4710894823074341;0.33592674136161804;-0.023576894775032997;0.5125356912612915;0.39801451563835144;-0.000568248622585088;0.48318061232566833;0.397213876247406;0.0005460894899442792;0.5066907405853271;0.5066438317298889;-0.0044461814686656;0.48099425435066223;0.5065457224845886;-0.005766262300312519;0.5017892360687256;0.20708052515983583;-0.15722555741667749;0.5300684869289398;0.42247042059898376;-0.08068258501589298;0.46607473492622375;0.4202910587191582;-0.09393537975847721;0.5038574238618215;0.6224592924118042;0.03779760499795278;0.4758223493893941;0.6220903197924296;0.03803749910245339;alejandose
