segundo;landmark_10_x;landmark_10_y;landmark_10_z;landmark_11_x;landmark_11_y;landmark_11_z;landmark_12_x;landmark_12_y;landmark_12_z;landmark_13_x;landmark_13_y;landmark_13_z;landmark_14_x;landmark_14_y;landmark_14_z;landmark_23_x;landmark_23_y;landmark_23_z;landmark_24_x;landmark_24_y;landmark_24_z;landmark_25_x;landmark_25_y;landmark_25_z;landmark_26_x;landmark_26_y;landmark_26_z;cara_prom_x;cara_prom_y;cara_prom_z;mano_izquierda_prom_x;mano_izquierda_prom_y;mano_izquierda_prom_z;mano_derecha_prom_x;mano_derecha_prom_y;mano_derecha_prom_z;pie_izquierdo_prom_x;pie_izquierdo_prom_y;pie_izquierdo_prom_z;pie_derecho_prom_x;pie_derecho_prom_y;pie_derecho_prom_z;Etiqueta
0.03;0.5777781009674072;0.28262218832969666;-0.2549339234828949;0.631205141544342;0.36063316464424133;-0.09675894677639008;0.5410715341567993;0.35377562046051025;-0.11699354648590088;0.6432923078536987;0.4901185631752014;-0.041311681270599365;0.5326797962188721;0.4836809039115906;-0.08194366842508316;0.6084903478622437;0.6098390817642212;0.008298493921756744;0.5596339702606201;0.6059635281562805;-0.008365083485841751;0.5990641117095947;0.7715235352516174;0.019657233729958534;0.5566297173500061;0.7822926044464111;0.020649418234825134;0.5861647725105286;0.25475902706384657;-0.25939236134290694;0.6341781765222549;0.6171057671308517;-0.16181310638785362;0.537776455283165;0.6217278987169266;-0.19550981372594833;0.5899623433748881;0.9333977103233337;0.24495668212572733;0.5630029241243998;0.927181084950765;0.23029413322607675;alejandose
0.07;0.5780977010726929;0.28103819489479065;-0.2363763451576233;0.6313292384147644;0.3605884909629822;-0.09502901136875153;0.5411680936813354;0.3539825677871704;-0.0981774777173996;0.6432409286499023;0.49017614126205444;-0.050190992653369904;0.5327844619750977;0.484333872795105;-0.06416983157396317;0.6086850166320801;0.6096965670585632;0.006339681800454855;0.5598147511482239;0.60604327917099;-0.006367781665176153;0.599088728427887;0.768333375453949;0.019635949283838272;0.5567327737808228;0.774580717086792;0.01990155503153801;0.5863245069980622;0.252559657394886;-0.2394419088959694;0.6339908093214035;0.617632120847702;-0.18057046085596085;0.5374669134616852;0.6231483370065689;-0.17767120897769928;0.5899646282196045;0.9340474406878153;0.2142966389656067;0.5623199939727783;0.9283196330070496;0.19717134783665338;alejandose
0.1;0.578319787979126;0.280131459236145;-0.23265784978866577;0.631440281867981;0.3605036735534668;-0.09270549565553665;0.5412470102310181;0.35410603880882263;-0.09450752288103104;0.6432180404663086;0.4902089536190033;-0.050422489643096924;0.5328117609024048;0.484686017036438;-0.06113136187195778;0.6089034676551819;0.6093884706497192;0.005431892815977335;0.5600195527076721;0.6060447692871094;-0.005444650538265705;0.5991177558898926;0.7664695382118225;0.0187972579151392;0.5568784475326538;0.7713653445243835;0.017519446089863777;0.5864156603813171;0.25130553394556043;-0.2354958862066269;0.6339512765407562;0.6180669218301773;-0.18074023723602295;0.5373674631118774;0.6238262504339218;-0.1746373176574707;0.5899569988250732;0.9343917965888977;0.2060032288233439;0.5619338750839233;0.929009477297465;0.18715297927459082;alejandose
0.13;0.5786084532737732;0.2794628143310547;-0.22969914972782135;0.6314845085144043;0.36041972041130066;-0.08969247341156006;0.5412998199462891;0.3542436957359314;-0.09299693256616592;0.6432167887687683;0.49021199345588684;-0.04943083971738815;0.5328131318092346;0.4848545789718628;-0.060689087957143784;0.6091480851173401;0.6090745329856873;0.005264085251837969;0.560304582118988;0.6060148477554321;-0.005273244809359312;0.5991681814193726;0.7657482028007507;0.018856720998883247;0.5569429993629456;0.7692567706108093;0.016795415431261063;0.5865086913108826;0.25058003813028334;-0.23234870731830598;0.6339176893234253;0.6180070340633392;-0.17873164266347885;0.5372463464736938;0.6240726411342621;-0.1737404391169548;0.5899678667386373;0.9349314371744791;0.20625050365924835;0.5616170167922974;0.929412305355072;0.18664614856243134;alejandose
0.17;0.5787985920906067;0.2789367735385895;-0.23281635344028473;0.6314974427223206;0.3603655695915222;-0.09023618698120117;0.5413252115249634;0.354324609041214;-0.0952940434217453;0.6432057619094849;0.4902119040489197;-0.04965286701917648;0.5328773856163025;0.48489248752593994;-0.062495000660419464;0.6093477010726929;0.6086747050285339;0.0049554817378520966;0.5605254769325256;0.6059818863868713;-0.0049599213525652885;0.5992576479911804;0.764828622341156;0.017530206590890884;0.5569857358932495;0.7686721086502075;0.0161866657435894;0.5865736126899719;0.25007876455783845;-0.2356441304087639;0.633641853928566;0.6178864538669586;-0.17889808490872383;0.5372171550989151;0.6240326315164566;-0.17615534365177155;0.5899862249692281;0.9350918134053549;0.20455793042977652;0.5615595181783041;0.9295719663302103;0.18754958609739938;alejandose
0.2;0.5790101289749146;0.2786603271961212;-0.23370014131069183;0.6315124034881592;0.3603089153766632;-0.09041079878807068;0.5413204431533813;0.35441648960113525;-0.09589460492134094;0.6432219743728638;0.4902666509151459;-0.04918711259961128;0.5328944325447083;0.4849608242511749;-0.06309115886688232;0.6095328330993652;0.6086353659629822;0.004744445905089378;0.5605975389480591;0.6059891581535339;-0.004748125560581684;0.5993050336837769;0.7643792033195496;0.017534755170345306;0.5570581555366516;0.7683355808258057;0.016334231942892075;0.5866470694541931;0.24977112859487532;-0.23632535487413406;0.633684366941452;0.6188272833824158;-0.17743461579084396;0.5371846705675125;0.6239656656980515;-0.17672030627727509;0.5899720986684164;0.9352046847343445;0.20663813749949136;0.5615299741427103;0.9296725988388062;0.1902700737118721;alejandose
0.23;0.5791775584220886;0.2785188853740692;-0.22935768961906433;0.6315159201622009;0.36020052433013916;-0.08855348825454712;0.5413184762001038;0.3545088768005371;-0.09133199602365494;0.6432145833969116;0.49026450514793396;-0.04901900887489319;0.5328971147537231;0.4849770963191986;-0.05962108075618744;0.609684944152832;0.6084829568862915;0.004275833256542683;0.5606781840324402;0.6059442758560181;-0.004276743624359369;0.5993397235870361;0.763823390007019;0.017397629097104073;0.5571247935295105;0.7680677175521851;0.01672140508890152;0.5866963505744934;0.24956792145967482;-0.23151507675647737;0.633448988199234;0.6191394031047821;-0.17988435178995132;0.5370727777481079;0.6237474828958511;-0.17417721450328827;0.5899504820505778;0.935296376546224;0.2021228720744451;0.561501701672872;0.9296985467274984;0.19098883122205734;alejandose
0.27;0.5792746543884277;0.27834856510162354;-0.22225168347358704;0.6315145492553711;0.360140323638916;-0.08163301646709442;0.5413190126419067;0.3545438349246979;-0.08556371182203293;0.6431485414505005;0.4902496933937073;-0.044581443071365356;0.5328959822654724;0.4849824607372284;-0.0559522919356823;0.6097297072410583;0.6084707379341125;0.004001381807029247;0.5606967806816101;0.6059443950653076;-0.0040009040385484695;0.599355161190033;0.7637245059013367;0.01534042228013277;0.557133674621582;0.7683759927749634;0.016804270446300507;0.5867131650447845;0.2493975877761841;-0.2240753024816513;0.6330846548080444;0.6192974150180817;-0.1790546476840973;0.5370573997497559;0.623694971203804;-0.17135706171393394;0.5899295012156168;0.935430626074473;0.20219579339027405;0.5614499449729919;0.9298068682352701;0.19180965423583984;alejandose
0.3;0.579433262348175;0.27826839685440063;-0.21821701526641846;0.6314737796783447;0.3600524961948395;-0.07826242595911026;0.5413363575935364;0.3545485734939575;-0.08348522335290909;0.6429865956306458;0.49018165469169617;-0.04150547459721565;0.5328928232192993;0.48497793078422546;-0.054710738360881805;0.6097618937492371;0.6083696484565735;0.0038496190682053566;0.5607351660728455;0.605939507484436;-0.003848783439025283;0.5993900895118713;0.7636288404464722;0.01249225065112114;0.5571475625038147;0.7685139179229736;0.0163066778331995;0.5867559492588044;0.24937219470739364;-0.21996177285909652;0.6326477974653244;0.6194342523813248;-0.1778343990445137;0.537028893828392;0.623612254858017;-0.1700788028538227;0.5899062951405843;0.9357149600982666;0.19818157951037088;0.5614482164382935;0.929771363735199;0.18919170399506888;alejandose
0.33;0.5796770453453064;0.2781781256198883;-0.21283598244190216;0.6313978433609009;0.3599280118942261;-0.07204737514257431;0.5413320064544678;0.35459429025650024;-0.08109451085329056;0.6428315043449402;0.4899964928627014;-0.03426678478717804;0.5328913331031799;0.48499855399131775;-0.053894367069005966;0.6097720265388489;0.608310341835022;0.0038705263286828995;0.5607508420944214;0.6059406995773315;-0.003872068366035819;0.5994545817375183;0.7636608481407166;0.011667951010167599;0.5571501851081848;0.7686682343482971;0.01607617177069187;0.5868598461151123;0.24936321675777434;-0.2141863152384758;0.6324603408575058;0.6194594204425812;-0.1686975285410881;0.5370083153247833;0.6236167848110199;-0.1686437539756298;0.5898477633794149;0.9358030756314596;0.19808282951513925;0.5614338119824728;0.9296428561210632;0.18883185585339865;alejandose
0.37;0.5798137784004211;0.2781638503074646;-0.20585837960243225;0.6313460469245911;0.3598383367061615;-0.06759394705295563;0.5413275957107544;0.3546205461025238;-0.07569892704486847;0.6427339315414429;0.4898674190044403;-0.030987977981567383;0.5328799486160278;0.48499947786331177;-0.049832362681627274;0.609773576259613;0.6083047986030579;0.0038856896571815014;0.560752272605896;0.6059655547142029;-0.003887609811499715;0.5994666218757629;0.7636995911598206;0.011751081794500351;0.5571510195732117;0.7687589526176453;0.01613032817840576;0.5869104444980622;0.24937546551227568;-0.20712532997131347;0.6323809623718262;0.6194942593574524;-0.16461514309048653;0.5369641035795212;0.6235617697238922;-0.16439297795295715;0.5898033777872721;0.9358091950416565;0.1981016000111898;0.5614131689071655;0.9297192295392355;0.1881183236837387;alejandose
0.4;0.5798746943473816;0.2781388461589813;-0.2044266164302826;0.6312817335128784;0.35979020595550537;-0.06650672852993011;0.5413228273391724;0.35463008284568787;-0.0734252855181694;0.6426336765289307;0.48981496691703796;-0.03033195436000824;0.5328326225280762;0.4848442077636719;-0.047358833253383636;0.6097636222839355;0.6083452701568604;0.003861526492983103;0.5607505440711975;0.6060396432876587;-0.0038630072958767414;0.5994736552238464;0.7637470960617065;0.011758174747228622;0.557136595249176;0.7688385844230652;0.016236232593655586;0.5869291484355926;0.24938609451055527;-0.2057821959257126;0.6323092877864838;0.6195153295993805;-0.1639845408499241;0.5369316041469574;0.6228556334972382;-0.1625058725476265;0.5897695422172546;0.9358126719792684;0.20016887287298837;0.561396857102712;0.9297808210055033;0.1894807070493698;alejandose
0.43;0.5799630284309387;0.2782721221446991;-0.20637419819831848;0.6312424540519714;0.3597835898399353;-0.06849320232868195;0.5412931442260742;0.354699969291687;-0.07549084722995758;0.6425336003303528;0.48981010913848877;-0.031709689646959305;0.532759964466095;0.48483026027679443;-0.049243565648794174;0.6097148060798645;0.6083446145057678;0.003873271169140935;0.5607109069824219;0.6060695052146912;-0.0038748597726225853;0.5994725227355957;0.7637345790863037;0.011949569918215275;0.5570794343948364;0.7688959240913391;0.016275396570563316;0.5869376420974731;0.24955951422452927;-0.20793427675962448;0.6322392970323563;0.619593471288681;-0.16455207765102386;0.5369194000959396;0.6226980835199356;-0.16423534229397774;0.5897337198257446;0.9358160694440206;0.19896869361400604;0.561366856098175;0.9299530982971191;0.18847068895896277;alejandose
0.47;0.5800244808197021;0.2784012258052826;-0.20349495112895966;0.6312169432640076;0.3597833514213562;-0.06724687665700912;0.5412834882736206;0.3547312915325165;-0.07352405786514282;0.6424800753593445;0.4898081123828888;-0.03131204843521118;0.5326452255249023;0.4846314787864685;-0.04822172224521637;0.6096599698066711;0.6083585023880005;0.003844546852633357;0.560682475566864;0.6061812043190002;-0.0038450967986136675;0.5994757413864136;0.7637454867362976;0.012064531445503235;0.5569890737533569;0.7689407467842102;0.016517749056220055;0.5869400143623352;0.24971018880605697;-0.20497774481773376;0.6322353780269623;0.6197516620159149;-0.16358708962798119;0.5368954092264175;0.6223223209381104;-0.16303320601582527;0.5897318720817566;0.93582155307134;0.19820309182008108;0.5613725384076437;0.9300424257914225;0.18830759078264236;alejandose
0.5;0.5800692439079285;0.2789439558982849;-0.20152762532234192;0.6311825513839722;0.3597821593284607;-0.06528376042842865;0.5412803292274475;0.3547806739807129;-0.0727543756365776;0.6424449682235718;0.4898056983947754;-0.029849791899323463;0.5325349569320679;0.48437902331352234;-0.04804078862071037;0.6096025109291077;0.6083637475967407;0.003925052471458912;0.5606755018234253;0.6062659025192261;-0.003922935109585524;0.5994842648506165;0.7636613249778748;0.013896959833800793;0.5569469928741455;0.7689557671546936;0.016863608732819557;0.5869274795055389;0.25020685940980913;-0.20304754227399827;0.6324945390224457;0.6197356432676315;-0.1614684909582138;0.5368492901325226;0.621797576546669;-0.16122052818536758;0.5897261301676432;0.9358278711636862;0.1980919043223063;0.5614034732182821;0.9302501678466797;0.18775775035222372;alejandose
0.53;0.5800819993019104;0.2791137099266052;-0.20407067239284515;0.6311711668968201;0.3597889542579651;-0.06670083105564117;0.5412682890892029;0.35500654578208923;-0.0740618109703064;0.6424345970153809;0.48979976773262024;-0.03049314022064209;0.5324792861938477;0.4843553304672241;-0.04864196106791496;0.6095947623252869;0.6083625555038452;0.003941808361560106;0.5606753826141357;0.606424868106842;-0.003938349429517984;0.5995236039161682;0.7635189294815063;0.01426589023321867;0.5569123029708862;0.7689769864082336;0.01690310426056385;0.586919617652893;0.25035170316696165;-0.2055929809808731;0.6328530758619308;0.6197462379932404;-0.16189061850309372;0.5368288606405258;0.6215939223766327;-0.1618056334555149;0.5897271037101746;0.9358242551485697;0.1987352321545283;0.5615060925483704;0.9303000171979269;0.18804281949996948;alejandose
0.57;0.5801209807395935;0.2792806327342987;-0.2050451785326004;0.6311705112457275;0.3598213195800781;-0.06742814928293228;0.5412745475769043;0.35513460636138916;-0.0748298391699791;0.6424295902252197;0.4898248016834259;-0.030815158039331436;0.5324419140815735;0.48428285121917725;-0.04918491095304489;0.609593391418457;0.6083804368972778;0.003947415854781866;0.5606778860092163;0.6065703630447388;-0.003943047486245632;0.599540650844574;0.7634852528572083;0.015698794275522232;0.5569053292274475;0.7690133452415466;0.017636403441429138;0.5869235336780548;0.250465501844883;-0.20657609701156615;0.6332580149173737;0.619901031255722;-0.16169333085417747;0.5368146300315857;0.6214249283075333;-0.1623213142156601;0.5896812876065572;0.9356938203175863;0.200067068139712;0.5615644653638204;0.9302701751391093;0.18827342987060547;alejandose
0.6;0.5801313519477844;0.27955207228660583;-0.20848603546619415;0.6311758756637573;0.35986432433128357;-0.06936533749103546;0.5413157343864441;0.3552217483520508;-0.07689793407917023;0.6424304246902466;0.49003422260284424;-0.03111422248184681;0.5324429273605347;0.4842888116836548;-0.04977582395076752;0.6095972657203674;0.6083815097808838;0.004032202530652285;0.5606963038444519;0.6066529750823975;-0.004026477690786123;0.5995615720748901;0.763515293598175;0.017294390127062798;0.5569045543670654;0.7690837979316711;0.018005507066845894;0.5868968784809112;0.250721900165081;-0.21048069894313812;0.6340847313404083;0.6203228533267975;-0.16102856025099754;0.5367523282766342;0.6214136779308319;-0.16256926953792572;0.5896369814872742;0.9356349110603333;0.202555850148201;0.5616112550099691;0.9302812019983927;0.18873296429713568;alejandose
0.63;0.5801339149475098;0.2796227037906647;-0.2159009724855423;0.6312227845191956;0.3600260317325592;-0.07482520490884781;0.5414122343063354;0.3553118407726288;-0.08215101063251495;0.6424651145935059;0.49062877893447876;-0.03284529224038124;0.5324916243553162;0.48430824279785156;-0.052184950560331345;0.6096091866493225;0.6084098815917969;0.004068766720592976;0.5607167482376099;0.6068220734596252;-0.004062414634972811;0.5995844006538391;0.7635391354560852;0.018180768936872482;0.5569023489952087;0.7692993879318237;0.01858866959810257;0.5868882000446319;0.25089147239923476;-0.2182827740907669;0.6346006989479065;0.6210393011569977;-0.16128594800829887;0.5366921275854111;0.6215934157371521;-0.16443808749318123;0.5894126892089844;0.9356433153152466;0.20564308762550354;0.5616967082023621;0.9297880331675211;0.1921633780002594;alejandose
0.67;0.5800783038139343;0.27962031960487366;-0.21599462628364563;0.6313548684120178;0.3601214289665222;-0.07722551375627518;0.5415384769439697;0.35538333654403687;-0.08207716047763824;0.6426749229431152;0.49086472392082214;-0.036466412246227264;0.5325978994369507;0.4843338131904602;-0.05141683667898178;0.6096615791320801;0.6084522008895874;0.003939706366509199;0.5607574582099915;0.6070296168327332;-0.003931180573999882;0.5996635556221008;0.7637470364570618;0.01769341342151165;0.5568997859954834;0.7698566913604736;0.018741194158792496;0.5867650806903839;0.25102778673172;-0.21872053742408754;0.6349475681781769;0.6211213171482086;-0.1651298888027668;0.5365721136331558;0.621676042675972;-0.16432403400540352;0.5891634821891785;0.935727079709371;0.20567876597245535;0.5619739095369974;0.9294007023175558;0.19378563513358435;alejandose
0.7;0.5798891186714172;0.279610812664032;-0.22046011686325073;0.6315453052520752;0.3602912724018097;-0.0843183845281601;0.5416675806045532;0.35549795627593994;-0.08280147612094879;0.6428591012954712;0.49128299951553345;-0.0443735271692276;0.5326823592185974;0.48434898257255554;-0.05057497322559357;0.6097977757453918;0.6084896326065063;0.0035139042884111404;0.5607989430427551;0.6072298884391785;-0.003502624575048685;0.5997294187545776;0.7640653848648071;0.015576369129121304;0.5568960309028625;0.7703794240951538;0.01879320666193962;0.5865169882774353;0.2512525856494904;-0.22399251610040666;0.635075181722641;0.6212299764156342;-0.1733129620552063;0.5363818258047104;0.6217260658740997;-0.16435130313038826;0.5889931917190552;0.9357717037200928;0.20596584677696228;0.562329908212026;0.9288191199302673;0.19602558513482413;alejandose
0.73;0.579867422580719;0.2795630395412445;-0.2320067137479782;0.631810188293457;0.360383003950119;-0.0931144580245018;0.5417992472648621;0.3555397689342499;-0.09045840799808502;0.643013596534729;0.49134185910224915;-0.05199776962399483;0.5327296257019043;0.4843669831752777;-0.05436684563755989;0.6099682450294495;0.6083253622055054;0.0033237554598599672;0.5608460307121277;0.6072034239768982;-0.0033142068423330784;0.5998428463935852;0.7642154693603516;0.012359478510916233;0.5569158792495728;0.7705811262130737;0.018116198480129242;0.5864986300468444;0.2513586640357971;-0.23584307730197906;0.6349785774946213;0.620972067117691;-0.18150820955634117;0.5362055450677872;0.6217509508132935;-0.1703571453690529;0.5888861815134684;0.935871958732605;0.20665036141872406;0.5626091162363688;0.928255558013916;0.19795901576677957;alejandose
0.77;0.579853892326355;0.27956050634384155;-0.24508710205554962;0.6320666670799255;0.36051231622695923;-0.10240546613931656;0.541933000087738;0.35554933547973633;-0.10121368616819382;0.6432029604911804;0.4914359748363495;-0.0575559176504612;0.5327774882316589;0.4843846559524536;-0.06284914165735245;0.610052764415741;0.6079139113426208;0.0033121879678219557;0.5608634948730469;0.6069290637969971;-0.003304249607026577;0.5999140739440918;0.7642272114753723;0.01245896052569151;0.5570290684700012;0.7706639170646667;0.018119167536497116;0.5865034818649292;0.2515916511416435;-0.24942147582769394;0.6349569112062454;0.6208346337080002;-0.18462739139795303;0.5360510945320129;0.6219127327203751;-0.17835133895277977;0.5889544685681661;0.9358529051144918;0.2102507253487905;0.5627362728118896;0.9283393621444702;0.19941955308119455;alejandose
0.8;0.5798695087432861;0.279447078704834;-0.25398650765419006;0.6323117613792419;0.3605932891368866;-0.10937356948852539;0.542070209980011;0.35558202862739563;-0.11158031225204468;0.6435078382492065;0.4914383888244629;-0.06557056307792664;0.5328930616378784;0.4844919741153717;-0.07482703030109406;0.6101202368736267;0.6070212721824646;0.00335327279753983;0.5609224438667297;0.6063247323036194;-0.00334867462515831;0.599974513053894;0.7641643285751343;0.012530284933745861;0.5571293830871582;0.7707837820053101;0.01790868677198887;0.5865877091884613;0.251726308465004;-0.2581481963396072;0.634706974029541;0.6184968203306198;-0.19358881935477257;0.5359955728054047;0.6224381923675537;-0.1893724463880062;0.5890164375305176;0.9357437690099081;0.2104830245176951;0.5628453691800436;0.9284942547480265;0.19898944596449533;alejandose
0.83;0.5798923969268799;0.279498428106308;-0.24974119663238525;0.6325353980064392;0.36071738600730896;-0.10590241104364395;0.5422060489654541;0.35558995604515076;-0.10803184658288956;0.6438103318214417;0.4915478825569153;-0.06139532849192619;0.5329196453094482;0.48449453711509705;-0.07189382612705231;0.6101961135864258;0.606460690498352;0.00335711520165205;0.5609844923019409;0.6059232950210571;-0.0033532059751451015;0.6000210642814636;0.7641051411628723;0.012139958329498768;0.5572543144226074;0.771253228187561;0.01723247952759266;0.5866981148719788;0.2522745206952095;-0.2537952736020088;0.634791687130928;0.6182221323251724;-0.1888301894068718;0.5356646776199341;0.622886061668396;-0.18647106364369392;0.5891227324803671;0.9357202847798666;0.20862469573815665;0.562782347202301;0.9294100403785706;0.19440949459870657;alejandose
0.87;0.5798846483230591;0.2794404625892639;-0.24574020504951477;0.6327194571495056;0.36083951592445374;-0.10243616998195648;0.542289674282074;0.3556436598300934;-0.10552211105823517;0.6441259384155273;0.4918006658554077;-0.05852319672703743;0.5329212546348572;0.4845820665359497;-0.07026242464780807;0.6102908849716187;0.6062564849853516;0.0033718792255967855;0.5609912276268005;0.6055890321731567;-0.0033698338083922863;0.6000272035598755;0.7641066908836365;0.011854494921863079;0.5573511719703674;0.7713230848312378;0.01663978211581707;0.5867468178272247;0.25231221616268157;-0.24941316395998;0.6355224996805191;0.6179350167512894;-0.1832055300474167;0.5352974385023117;0.6240836083889008;-0.1838998645544052;0.5891333023707072;0.9357205033302307;0.20616312325000763;0.5624947349230448;0.929610013961792;0.19149446239074072;alejandose
0.9;0.5799087882041931;0.27935829758644104;-0.24854342639446259;0.63284832239151;0.3609358072280884;-0.10302406549453735;0.5423198938369751;0.3556813895702362;-0.10850100964307785;0.6442891359329224;0.49188902974128723;-0.05686961114406586;0.5329137444496155;0.4846136271953583;-0.07337822020053864;0.6103174686431885;0.6060022115707397;0.0034196795895695686;0.5609877705574036;0.605200469493866;-0.0034198500216007233;0.6000332832336426;0.7640420198440552;0.013449180871248245;0.5573529005050659;0.7716893553733826;0.016657574102282524;0.5868654072284698;0.25233589112758636;-0.2521058589220047;0.6355498284101486;0.6168106198310852;-0.1825360283255577;0.5348605066537857;0.6244360655546188;-0.18616358563303947;0.5891348322232565;0.9357003370920817;0.2056458443403244;0.5619282126426697;0.9299619793891907;0.18956265101830164;alejandose
0.93;0.5799681544303894;0.27936384081840515;-0.2569962739944458;0.6329201459884644;0.36096224188804626;-0.10970348864793777;0.5424151420593262;0.35569456219673157;-0.11514615267515182;0.6443963646888733;0.49187877774238586;-0.06203872337937355;0.5329495668411255;0.4846166670322418;-0.07825621962547302;0.6104079484939575;0.605009138584137;0.003554422641173005;0.5609966516494751;0.6037816405296326;-0.0035613623913377523;0.600019097328186;0.7632789611816406;0.022104350849986076;0.5573638081550598;0.769949734210968;0.02037208527326584;0.5869341194629669;0.2525275021791458;-0.26098819077014923;0.6354402154684067;0.6144501268863678;-0.1873438023030758;0.5345568358898163;0.6244388371706009;-0.18991025909781456;0.5891557931900024;0.9353113174438477;0.20862449208895364;0.5612815419832865;0.9297652840614319;0.19285237540801367;alejandose
0.97;0.5799556374549866;0.27977415919303894;-0.26045528054237366;0.6329268217086792;0.36097252368927;-0.11447329819202423;0.5425214171409607;0.3556974530220032;-0.11751054227352142;0.644400954246521;0.49180060625076294;-0.06961073726415634;0.532965362071991;0.4844498634338379;-0.07899505645036697;0.6104106307029724;0.6042212247848511;0.0035620005801320076;0.5610039830207825;0.6027132272720337;-0.003571267006918788;0.5998952984809875;0.7632487416267395;0.029945796355605125;0.5573711395263672;0.7695876359939575;0.025867516174912453;0.5867970645427704;0.2533266723155975;-0.2651724576950073;0.6347393840551376;0.611503854393959;-0.19819628819823265;0.5340770930051804;0.6241150796413422;-0.19033357873558998;0.5892418622970581;0.9350134531656901;0.20997372766335806;0.5608583688735962;0.9295947750409445;0.19683942198753357;alejandose
1.0;0.5798423886299133;0.28034958243370056;-0.25141003727912903;0.6328549385070801;0.3610430061817169;-0.1106988713145256;0.5425049066543579;0.35571369528770447;-0.10868459939956665;0.6444010734558105;0.4917336404323578;-0.06677332520484924;0.5329689979553223;0.4843781590461731;-0.07112296670675278;0.6103865504264832;0.6040639877319336;0.003376855282112956;0.5609837174415588;0.6026471853256226;-0.0033890705090016127;0.5996851921081543;0.7633239030838013;0.027203498408198357;0.5573728084564209;0.7696226239204407;0.025152647867798805;0.5866364240646362;0.25404033809900284;-0.2560666188597679;0.6346567124128342;0.6112006157636642;-0.19358660280704498;0.5334058701992035;0.6236091554164886;-0.18462051823735237;0.5893069505691528;0.9348455866177877;0.20163812239964804;0.56074192126592;0.9295565883318583;0.19235001256068548;alejandose
1.03;0.5796287059783936;0.2818045914173126;-0.24267792701721191;0.6327477097511292;0.3610967993736267;-0.0986885279417038;0.5423595309257507;0.35587838292121887;-0.10120154917240143;0.6443707346916199;0.4912508428096771;-0.06187685951590538;0.5329349637031555;0.4843948185443878;-0.06435422599315643;0.6103708744049072;0.6040756702423096;0.0036979143042117357;0.5609492659568787;0.6026601791381836;-0.003713615471497178;0.5995090007781982;0.7653920650482178;0.028122512623667717;0.5572696328163147;0.7699471712112427;0.02645184099674225;0.5864956200122833;0.25587270855903627;-0.24740099757909775;0.6345664709806442;0.6073869317770004;-0.1939517706632614;0.5330159813165665;0.6232438683509827;-0.1796194687485695;0.5892322659492493;0.9340810378392538;0.21930305163065592;0.5604531566301981;0.9289699594179789;0.20430195331573486;alejandose
1.07;0.5786911845207214;0.2835109531879425;-0.2348819226026535;0.6325179934501648;0.36110129952430725;-0.0923168957233429;0.5418311357498169;0.3562954366207123;-0.09264246374368668;0.6441469192504883;0.49013379216194153;-0.05990057438611984;0.5328647494316101;0.4849340319633484;-0.05442224070429802;0.6102232336997986;0.605205237865448;0.003789904061704874;0.5608406066894531;0.6035377383232117;-0.0038044657558202744;0.5993860960006714;0.7697373628616333;0.026456745341420174;0.556960940361023;0.7739173173904419;0.025873571634292603;0.5859517216682434;0.25744909048080444;-0.2400920495390892;0.6336237043142319;0.6057055592536926;-0.1966397613286972;0.5325672030448914;0.6225400120019913;-0.17107071354985237;0.5892735719680786;0.9332676728566488;0.23498083154360452;0.5603792270024618;0.9272338151931763;0.21500038107236227;alejandose
1.1;0.5784313678741455;0.28461340069770813;-0.23086971044540405;0.6321346163749695;0.3611106872558594;-0.08792070299386978;0.5412291884422302;0.35683292150497437;-0.09163773059844971;0.6439562439918518;0.4894424378871918;-0.052520062774419785;0.5326101779937744;0.48499399423599243;-0.055549561977386475;0.6099305748939514;0.6065718531608582;0.004252160433679819;0.5607799887657166;0.6043089628219604;-0.004264319781213999;0.5993696451187134;0.771609902381897;0.028526851907372475;0.5569193959236145;0.7748168110847473;0.028435317799448967;0.5857865273952484;0.2583380252122879;-0.2356240913271904;0.6333161890506744;0.6051238477230072;-0.19559595733880997;0.5322791337966919;0.6207531690597534;-0.17184015735983849;0.5894851287206014;0.9325743317604065;0.2415818969408671;0.560574471950531;0.9227540493011475;0.22456460694471994;alejandose
1.13;0.5782862901687622;0.28465282917022705;-0.22032441198825836;0.6313690543174744;0.36111611127853394;-0.07814502716064453;0.5406204462051392;0.3573431968688965;-0.08598864823579788;0.6439327001571655;0.48876532912254333;-0.03988813981413841;0.5320524573326111;0.4849753975868225;-0.052657824009656906;0.609807014465332;0.6072185635566711;0.005200997926294804;0.5606655478477478;0.6046097278594971;-0.0052057234570384026;0.5991213917732239;0.7733637690544128;0.02787402831017971;0.5568905472755432;0.7749820351600647;0.02791040763258934;0.58558509349823;0.2582676649093628;-0.22371951043605803;0.633305087685585;0.6056123077869415;-0.1796196550130844;0.5316068679094315;0.6185120940208435;-0.1683286540210247;0.5895249644915262;0.9323821266492208;0.23618771135807037;0.5601451794306437;0.9196799397468567;0.21878849963347116;alejandose
1.17;0.5772964358329773;0.2853861153125763;-0.2233380228281021;0.6303476095199585;0.3611135482788086;-0.07808811962604523;0.539747953414917;0.35757288336753845;-0.08776457607746124;0.6438829898834229;0.4879852831363678;-0.0416112095117569;0.5314056873321533;0.4848451614379883;-0.053694505244493484;0.6096826791763306;0.6078944802284241;0.005871159490197897;0.5605500936508179;0.6052644848823547;-0.005877892021089792;0.5988050699234009;0.7741156816482544;0.025371847674250603;0.5568586587905884;0.7758501172065735;0.021338582038879395;0.5847354412078858;0.2591673254966736;-0.22734687477350235;0.6327673345804214;0.6052806526422501;-0.18259865790605545;0.531155526638031;0.6172795295715332;-0.16948582604527473;0.5893186926841736;0.9322383602460226;0.23933947086334229;0.5600121219952902;0.9144227107365926;0.2269809196392695;alejandose
1.2;0.5741769075393677;0.2853616178035736;-0.22223851084709167;0.6288375854492188;0.3611179292201996;-0.07943115383386612;0.5382230281829834;0.35805901885032654;-0.08506730943918228;0.6436381340026855;0.48765629529953003;-0.04199734702706337;0.5305163860321045;0.48481231927871704;-0.049829792231321335;0.6096292734146118;0.6079378724098206;0.006014414597302675;0.5602704286575317;0.6057383418083191;-0.00602214690297842;0.5985774397850037;0.7737576961517334;0.025194087997078896;0.5566420555114746;0.7758686542510986;0.02119080163538456;0.5822630524635315;0.2593196421861649;-0.22660953551530838;0.6331229954957962;0.6055066287517548;-0.18215683102607727;0.5304205566644669;0.6171079576015472;-0.1662977822124958;0.5889300505320231;0.9326326251029968;0.23552675545215607;0.5598812699317932;0.9150357246398926;0.22152162591616312;alejandose
1.23;0.5728465914726257;0.2853509783744812;-0.22429390251636505;0.6277340054512024;0.36113178730010986;-0.08103074878454208;0.5362337827682495;0.3587073087692261;-0.08677596598863602;0.6427539587020874;0.4876458942890167;-0.043254099786281586;0.529249370098114;0.48479968309402466;-0.050952568650245667;0.6091740727424622;0.6079298257827759;0.006024988368153572;0.5591483116149902;0.60591721534729;-0.006032439414411783;0.5982263684272766;0.7735291719436646;0.02780223824083805;0.5564837455749512;0.775905966758728;0.02234676480293274;0.5810991704463959;0.259344619512558;-0.22836513221263885;0.6331137269735336;0.607896625995636;-0.18008644878864288;0.5300933420658112;0.6165463328361511;-0.16557561606168747;0.589012344678243;0.9325119455655416;0.23258107900619507;0.5598918000857035;0.9152945478757223;0.2190586974223455;alejandose
1.27;0.5717843174934387;0.28553685545921326;-0.22481824457645416;0.6262710690498352;0.36115413904190063;-0.0813799723982811;0.5343635678291321;0.3594975471496582;-0.08744929730892181;0.6413052678108215;0.4875999391078949;-0.03984510153532028;0.5278010964393616;0.48476532101631165;-0.051698632538318634;0.6083988547325134;0.6079261302947998;0.006032892968505621;0.5581288933753967;0.6061834692955017;-0.006041234824806452;0.597963809967041;0.7731276154518127;0.02895796112716198;0.555984616279602;0.7763711214065552;0.023349735885858536;0.5799539625644684;0.2594817042350769;-0.2288739338517189;0.6328902989625931;0.6081511378288269;-0.1704498827457428;0.5290876030921936;0.6143862456083298;-0.16602510958909988;0.5890728632609049;0.9328480958938599;0.22204987208048502;0.5597938696543375;0.9150473872820536;0.21843977769215903;alejandose
1.3;0.569301962852478;0.2856251895427704;-0.22668376564979553;0.6237598657608032;0.3610428273677826;-0.08222758024930954;0.5324723720550537;0.3598417043685913;-0.09005782008171082;0.6389599442481995;0.48668110370635986;-0.04102185368537903;0.5264894366264343;0.4847501516342163;-0.05348269268870354;0.6077107787132263;0.607627809047699;0.0061333151534199715;0.5576430559158325;0.6060134172439575;-0.006145381834357977;0.5976154208183289;0.7719687223434448;0.02861342579126358;0.5550728440284729;0.7763018012046814;0.023406710475683212;0.5778037726879119;0.259593254327774;-0.23078808188438416;0.6319881677627563;0.6075070202350616;-0.17199644446372986;0.5285623669624329;0.6128954142332077;-0.16687741875648499;0.5889934500058492;0.9327036738395691;0.21773137152194977;0.5596946676572164;0.911752978960673;0.22617261111736298;alejandose
1.33;0.5668770670890808;0.28561002016067505;-0.22576819360256195;0.6218525171279907;0.3610306680202484;-0.08273945748806;0.5317208766937256;0.36026903986930847;-0.08927123993635178;0.637178897857666;0.4861968457698822;-0.041815415024757385;0.5251839756965637;0.484843909740448;-0.051790159195661545;0.6061136722564697;0.6069496870040894;0.005779349710792303;0.556786298751831;0.6057919263839722;-0.005805943161249161;0.5968544483184814;0.7685978412628174;0.025170596316456795;0.5543763041496277;0.7743083834648132;0.021185394376516342;0.5749100804328918;0.25955391526222227;-0.22975280731916428;0.6321535855531693;0.6071140021085739;-0.1740371435880661;0.5250284969806671;0.6130853444337845;-0.16644972190260887;0.5886740684509277;0.9324928919474283;0.21805654962857565;0.5596050222714742;0.9089506069819132;0.2316683977842331;alejandose
1.37;0.5650304555892944;0.28534287214279175;-0.22294145822525024;0.6202135682106018;0.36114799976348877;-0.08152277767658234;0.5306856632232666;0.36073824763298035;-0.08497936278581619;0.6354285478591919;0.4862465560436249;-0.03637165203690529;0.5234277248382568;0.48490771651268005;-0.04730222374200821;0.604992687702179;0.6070014834403992;0.004767038859426975;0.5551217198371887;0.6064027547836304;-0.004811124410480261;0.5961286425590515;0.7684289813041687;0.020675262436270714;0.5533954501152039;0.7774865627288818;0.018500369042158127;0.5725988507270813;0.25914704501628877;-0.2266488865017891;0.6326012164354324;0.6092353761196136;-0.1624053530395031;0.5225997567176819;0.6131988316774368;-0.16558688879013062;0.5886151393254598;0.9323418140411377;0.2360058625539144;0.5594472289085388;0.9098803202311198;0.23761306206385294;alejandose
1.4;0.5638038516044617;0.28518274426460266;-0.22369445860385895;0.6183825731277466;0.361274391412735;-0.081629678606987;0.5287978053092957;0.3614950180053711;-0.08569391071796417;0.6330237984657288;0.48625606298446655;-0.034347519278526306;0.5223062038421631;0.48540693521499634;-0.04835085943341255;0.6030498147010803;0.6073635816574097;0.004250154364854097;0.5530045628547668;0.6067013144493103;-0.004305976442992687;0.5956493020057678;0.7685973644256592;0.02225637249648571;0.5528503656387329;0.7777757048606873;0.02040342427790165;0.5713107109069824;0.25892294347286227;-0.22747138440608977;0.6322507858276367;0.6114201694726944;-0.15835168957710266;0.5213673710823059;0.6133655607700348;-0.1665576659142971;0.5884774923324585;0.9321086605389913;0.2480634202559789;0.5594821174939474;0.9075589577356974;0.25723398228486377;alejandose
1.43;0.562025249004364;0.2851687967777252;-0.2276487648487091;0.6159297227859497;0.36113837361335754;-0.08188074082136154;0.5271587371826172;0.3620723485946655;-0.09281162917613983;0.6312975883483887;0.4859864413738251;-0.031951531767845154;0.5211958885192871;0.4860309362411499;-0.055849067866802216;0.6013359427452087;0.6064308285713196;0.004320310428738594;0.5519018173217773;0.6055306792259216;-0.004381638020277023;0.5954541563987732;0.7664889097213745;0.022435858845710754;0.5523403882980347;0.7721005082130432;0.02056249789893627;0.569265216588974;0.258927059173584;-0.2311734139919281;0.6322090327739716;0.6104632318019867;-0.15243225544691086;0.5209462940692902;0.6137958616018295;-0.1716475896537304;0.588381032148997;0.9320018291473389;0.2286867400010427;0.5594620704650879;0.9038286407788595;0.249209334452947;alejandose
1.47;0.5607485175132751;0.2852829396724701;-0.2421032339334488;0.6140170693397522;0.3610554039478302;-0.09012239426374435;0.5255855321884155;0.3632960617542267;-0.10376545041799545;0.630181610584259;0.48515889048576355;-0.0369572713971138;0.520287811756134;0.4879394471645355;-0.06612279266119003;0.6005292534828186;0.6048249006271362;0.004267026670277119;0.5512538552284241;0.6049060821533203;-0.00433134101331234;0.5951892137527466;0.7638038396835327;0.022476639598608017;0.5515884160995483;0.7712365984916687;0.02079790085554123;0.5677410423755646;0.25922504961490633;-0.24543654620647432;0.6319850981235504;0.6103683859109879;-0.1548316590487957;0.520213320851326;0.6142574399709702;-0.18263790756464005;0.5882278084754944;0.9315377871195475;0.22539746761322021;0.5594746669133505;0.9037714997927347;0.24602660040060678;alejandose
1.5;0.5600704550743103;0.2855260968208313;-0.24573983252048492;0.6122984886169434;0.36069145798683167;-0.09388400614261627;0.5254793167114258;0.36353886127471924;-0.10554860532283783;0.6286425590515137;0.48369643092155457;-0.04253034293651581;0.5193558931350708;0.4897041618824005;-0.06815359741449356;0.5997087359428406;0.6039546728134155;0.004097869154065847;0.550677478313446;0.6046408414840698;-0.004164866171777248;0.5950202345848083;0.7611297965049744;0.020763732492923737;0.5511698722839355;0.7701297402381897;0.022511469200253487;0.5668274581432342;0.25947646200656893;-0.2493488758802414;0.6312993317842484;0.6100553274154663;-0.16145221516489983;0.5196915119886398;0.6176629960536957;-0.1830013506114483;0.587960422039032;0.9313755830128988;0.21770117183526358;0.5592098236083984;0.9036427934964498;0.24561525384585062;alejandose
1.53;0.5598881840705872;0.2866445779800415;-0.25170812010765076;0.6108704209327698;0.36020615696907043;-0.09814024716615677;0.5249760150909424;0.3636687695980072;-0.10927417874336243;0.6273294687271118;0.4825795292854309;-0.04618802294135094;0.5187888145446777;0.4908668100833893;-0.07249752432107925;0.5990691781044006;0.6030395030975342;0.0036589540541172028;0.5501173734664917;0.6044253706932068;-0.0037250532768666744;0.5945751070976257;0.7578951120376587;0.02183135226368904;0.5507134199142456;0.7682530283927917;0.02961994707584381;0.5665549516677857;0.2607377409934998;-0.25546913892030715;0.6291746497154236;0.6104253977537155;-0.16275377199053764;0.519896388053894;0.6197854280471802;-0.18643782660365105;0.5878151059150696;0.9288538098335266;0.2234396686156591;0.5591929157574972;0.9040944973627726;0.2447582483291626;alejandose
1.57;0.5600836873054504;0.28825244307518005;-0.25706496834754944;0.6099430322647095;0.35955551266670227;-0.10021232813596725;0.5244745016098022;0.3638280928134918;-0.11518196016550064;0.6268621683120728;0.48081281781196594;-0.04577571526169777;0.5184819102287292;0.4914519190788269;-0.07741571217775345;0.5982674360275269;0.6018922924995422;0.0036885342560708523;0.5498894453048706;0.6034899950027466;-0.00375507865101099;0.5943954586982727;0.7565795183181763;0.028824660927057266;0.5505212545394897;0.7665956616401672;0.03555618226528168;0.5664668321609497;0.2625142991542816;-0.2609318569302559;0.6265702694654465;0.6080727428197861;-0.16052309423685074;0.5199970901012421;0.6199954599142075;-0.18806558474898338;0.5875188906987509;0.9258822600046793;0.22808437049388885;0.5594303607940674;0.9042904774347941;0.23790104687213898;alejandose
1.6;0.5597836971282959;0.2889479696750641;-0.2540838122367859;0.6088999509811401;0.3583282232284546;-0.09829604625701904;0.5242322683334351;0.3638112246990204;-0.11323773860931396;0.6269478797912598;0.4780782461166382;-0.038389652967453;0.5183258652687073;0.49134549498558044;-0.07426147162914276;0.5977098345756531;0.5986031889915466;0.00368516449816525;0.5499005913734436;0.6005791425704956;-0.003750960109755397;0.5941280722618103;0.7562573552131653;0.028482841327786446;0.5504819750785828;0.7619386315345764;0.034219108521938324;0.5659649312496186;0.2635135442018509;-0.25804918855428693;0.6262963861227036;0.598922461271286;-0.14901873469352722;0.5193551480770111;0.6194393336772919;-0.18625284358859062;0.5873010555903116;0.9236480593681335;0.22074944774309793;0.5595358610153198;0.9045174519220988;0.2198068549235662;alejandose
1.63;0.5596300959587097;0.289825439453125;-0.2581578493118286;0.6080614924430847;0.35708102583885193;-0.09850191324949265;0.5239558815956116;0.3637009561061859;-0.11751529574394226;0.6267172694206238;0.4752195477485657;-0.03760439530014992;0.5182338356971741;0.49127545952796936;-0.07683316618204117;0.5970654487609863;0.5954452753067017;0.0037212930619716644;0.5498432517051697;0.598064124584198;-0.003786694025620818;0.5933331251144409;0.7549410462379456;0.02829316258430481;0.5504934191703796;0.7606664896011353;0.03359675034880638;0.5655069470405578;0.2649218201637268;-0.26231579333543775;0.6259421408176422;0.5930280238389969;-0.14922588504850864;0.5192119181156158;0.6192505955696106;-0.18639032915234566;0.5873425602912903;0.9214798410733541;0.21663846572240195;0.5595532457033793;0.904362678527832;0.2136830041805903;alejandose
1.67;0.559471070766449;0.2906908690929413;-0.25546035170555115;0.6077559590339661;0.3566683530807495;-0.0976981669664383;0.5234235525131226;0.36368292570114136;-0.11495370417833328;0.6263795495033264;0.4747406244277954;-0.03341294825077057;0.5179160237312317;0.4912208914756775;-0.07497952878475189;0.5967016220092773;0.5947357416152954;0.0035549772437661886;0.549697756767273;0.5976513028144836;-0.003615942317992449;0.5925552845001221;0.7547337412834167;0.028741629794239998;0.550508439540863;0.7614015340805054;0.03268759697675705;0.5653155386447907;0.26596230268478394;-0.25965530425310135;0.6261228621006012;0.5904135257005692;-0.14151384308934212;0.5190652012825012;0.6184162795543671;-0.18203624710440636;0.5874197483062744;0.9164295792579651;0.21749748786290488;0.5595531860987345;0.9053716063499451;0.20568320155143738;alejandose
1.7;0.5592377781867981;0.29115140438079834;-0.2600477337837219;0.6077495217323303;0.356594055891037;-0.10311490297317505;0.5230977535247803;0.36367109417915344;-0.12155499309301376;0.6261655688285828;0.4746956527233124;-0.03945774585008621;0.5175612568855286;0.4911961257457733;-0.08162413537502289;0.5964633226394653;0.5939161777496338;0.0038973409682512283;0.5497096180915833;0.5970429182052612;-0.003952446859329939;0.5921530723571777;0.7509545087814331;0.04434763640165329;0.5505306124687195;0.7608835697174072;0.03597335144877434;0.5650096416473389;0.2665185689926147;-0.26405401825904845;0.6260106265544891;0.588259220123291;-0.1467703841626644;0.5191099792718887;0.6166201829910278;-0.18448418378829956;0.5871292948722839;0.9115173617998759;0.21671384076277414;0.5595165689786276;0.9067632953325907;0.20110280315081278;alejandose
1.73;0.5588062405586243;0.2911893129348755;-0.2747464179992676;0.6078259944915771;0.3565835654735565;-0.12082979828119278;0.5228562355041504;0.36367809772491455;-0.13573040068149567;0.6262558698654175;0.47471538186073303;-0.06250499188899994;0.5173872709274292;0.49116626381874084;-0.09597016870975494;0.5962986946105957;0.5925536751747131;0.004032685421407223;0.5497065186500549;0.5955362319946289;-0.004091302398592234;0.5912931561470032;0.7470471262931824;0.05559949949383736;0.5505673885345459;0.7569132447242737;0.04367748647928238;0.564472758769989;0.266643762588501;-0.27883727848529816;0.6248163282871246;0.5858117043972015;-0.16299184411764145;0.519228458404541;0.6153554618358612;-0.19357122480869293;0.5863601764043173;0.9031655788421631;0.2297442009051641;0.55987020333608;0.9065665602684021;0.20792865256468454;alejandose
1.77;0.5584072470664978;0.2915208637714386;-0.2698686122894287;0.6079428195953369;0.3565931022167206;-0.11692637205123901;0.5227387547492981;0.36369073390960693;-0.13102689385414124;0.6263226866722107;0.4747629463672638;-0.05909596383571625;0.5172194242477417;0.49113720655441284;-0.09126387536525726;0.5959291458129883;0.5921905636787415;0.0041242316365242004;0.5496661067008972;0.5953327417373657;-0.0041830455884337425;0.5904619097709656;0.7438872456550598;0.05368278920650482;0.5506746768951416;0.7561624050140381;0.04199031740427017;0.5641575574874877;0.26705717146396635;-0.27409241944551466;0.6249152272939682;0.5862132608890533;-0.16239725798368454;0.5192947387695312;0.6145873367786407;-0.19119854643940926;0.5854857166608175;0.893947422504425;0.23319361607233682;0.5598357717196146;0.9059012532234192;0.20635704199473062;alejandose
1.8;0.5576623678207397;0.29208043217658997;-0.26601189374923706;0.6080426573753357;0.3566049635410309;-0.1138448715209961;0.5228418111801147;0.36354953050613403;-0.1271079182624817;0.6264241337776184;0.47486966848373413;-0.05672465264797211;0.5171422958374023;0.49086257815361023;-0.0902663916349411;0.5955554246902466;0.5925107598304749;0.003658920992165804;0.5493437051773071;0.5955016613006592;-0.0037194248288869858;0.589870274066925;0.7434784173965454;0.049582917243242264;0.5506609678268433;0.7563953399658203;0.04178623855113983;0.5635986924171448;0.267743855714798;-0.2703508034348488;0.6250504106283188;0.5871729403734207;-0.16214347630739212;0.5187024921178818;0.6140977889299393;-0.18837887421250343;0.5844506820042928;0.8898374636967977;0.23427663246790567;0.5596860448519388;0.9059597849845886;0.2064016709725062;alejandose
1.83;0.5568815469741821;0.2927102744579315;-0.23688696324825287;0.6081675291061401;0.35674014687538147;-0.09444539248943329;0.5228677988052368;0.36305296421051025;-0.09634064882993698;0.626436710357666;0.4749857783317566;-0.03937678411602974;0.5170607566833496;0.4897502064704895;-0.0544128380715847;0.5951246619224548;0.5930634140968323;0.00251067616045475;0.5490490198135376;0.5965489149093628;-0.0025614153128117323;0.5890340209007263;0.7437449097633362;0.04748411849141121;0.5505841374397278;0.7568534016609192;0.040768224745988846;0.5630338609218597;0.2684251666069031;-0.24218779802322388;0.6254515498876572;0.5877893716096878;-0.1488646026700735;0.5178586542606354;0.6134510338306427;-0.16145054250955582;0.5830187201499939;0.884452243645986;0.24711394309997559;0.5595187942186991;0.9065686464309692;0.20797109107176462;alejandose
1.87;0.5566713213920593;0.293242871761322;-0.22804224491119385;0.6082806587219238;0.35722771286964417;-0.08662150055170059;0.5229702591896057;0.3626144826412201;-0.08699233829975128;0.6262422800064087;0.47532927989959717;-0.033439669758081436;0.517026960849762;0.4886530637741089;-0.04545990377664566;0.5940192341804504;0.5938813090324402;0.0012942858738824725;0.5483613610267639;0.5971618294715881;-0.0013370702508836985;0.5878897309303284;0.7437248826026917;0.04278550669550896;0.550405740737915;0.7576062083244324;0.03857118636369705;0.5628823578357697;0.2688977301120758;-0.23328820317983628;0.625586524605751;0.5883541703224182;-0.14573861844837666;0.5169756412506104;0.6128818690776825;-0.15629177913069725;0.5813718239466349;0.879196564356486;0.2521237830320994;0.5592425465583801;0.9089581171671549;0.2035763015349706;alejandose
1.9;0.5567640662193298;0.294585257768631;-0.22102370858192444;0.6083210706710815;0.35819342732429504;-0.07630886137485504;0.5231817364692688;0.3625563979148865;-0.08354611694812775;0.6255581974983215;0.47599074244499207;-0.02257774956524372;0.5170549154281616;0.4876995086669922;-0.0460328534245491;0.5933743119239807;0.5948094725608826;0.001646683202125132;0.5481919050216675;0.5976734757423401;-0.0016795588890090585;0.5875769853591919;0.7410213351249695;0.042600832879543304;0.5502187013626099;0.7576400637626648;0.021373262628912926;0.5630508899688721;0.2698272168636322;-0.22570679485797882;0.6256396770477295;0.5887045562267303;-0.13333982229232788;0.5169520974159241;0.6119651049375534;-0.15530913323163986;0.5799217820167542;0.8712545235951742;0.2602396160364151;0.5591286420822144;0.9106548627217611;0.17657735695441565;alejandose
1.93;0.5569128394126892;0.2945801913738251;-0.22340500354766846;0.608342707157135;0.3590804934501648;-0.07563063502311707;0.5232691764831543;0.3625468611717224;-0.0879487618803978;0.6253657341003418;0.4764827787876129;-0.023033643141388893;0.51706463098526;0.4866398870944977;-0.05171060189604759;0.5931364893913269;0.5950111746788025;0.003794267540797591;0.5481420159339905;0.5977097749710083;-0.003798580728471279;0.5875569581985474;0.7394681572914124;0.04180190712213516;0.5501715540885925;0.7578087449073792;0.010650346986949444;0.5633945524692535;0.26990801095962524;-0.22769020199775697;0.6256895214319229;0.5889530330896378;-0.13567758537828922;0.5174627155065536;0.6109300255775452;-0.15980930626392365;0.5766681432723999;0.8703012069066366;0.253285879890124;0.5587547024091085;0.9117798010508219;0.15768121679623923;alejandose
1.97;0.5572453141212463;0.2945314049720764;-0.22326043248176575;0.608418881893158;0.3597052991390228;-0.07485457509756088;0.523499071598053;0.3625103831291199;-0.08927424252033234;0.6252295970916748;0.4766462445259094;-0.021954337134957314;0.5174697041511536;0.4860885441303253;-0.05382630601525307;0.5929531455039978;0.5951192378997803;0.0049543739296495914;0.5481383204460144;0.5977345705032349;-0.004934584256261587;0.587051510810852;0.7387832999229431;0.04156804457306862;0.5497080087661743;0.7569963335990906;0.009128780104219913;0.5638837158679962;0.2699326753616333;-0.2273351013660431;0.6256939321756363;0.5891767889261246;-0.13271352089941502;0.517980545759201;0.6100984960794449;-0.16156286373734474;0.5731645226478577;0.8707122008005778;0.2513270030419032;0.5586427052815756;0.9121971329053243;0.1482653816541036;alejandose
2.0;0.5581416487693787;0.29451003670692444;-0.2271384447813034;0.6084699034690857;0.35989364981651306;-0.07867995649576187;0.5242686867713928;0.3624284863471985;-0.09635581821203232;0.6252667903900146;0.4766862690448761;-0.026791565120220184;0.5182440280914307;0.48560822010040283;-0.06478967517614365;0.5927390456199646;0.5950429439544678;0.006904895417392254;0.5481630563735962;0.5975304841995239;-0.0068898312747478485;0.5863024592399597;0.7324295043945312;0.05016866326332092;0.5495592355728149;0.7536752223968506;0.010856150649487972;0.5643657982349396;0.27015691101551054;-0.2311396911740303;0.6254743188619614;0.5875042825937271;-0.1421968936920166;0.5180073529481888;0.6086819171905518;-0.17449139803647995;0.5723996162414551;0.8686582247416178;0.2502552717924118;0.5586742957433065;0.9132514397303263;0.14431827267011008;alejandose
2.03;0.5596364140510559;0.29447242617607117;-0.22721481323242188;0.608802318572998;0.3601711392402649;-0.08087600767612457;0.5253027677536011;0.36242446303367615;-0.09626785665750504;0.6252874135971069;0.4765529930591583;-0.03961443156003952;0.5195114612579346;0.48530614376068115;-0.06258115917444229;0.5926549434661865;0.5950594544410706;0.006809648592025042;0.548285186290741;0.5974833965301514;-0.00679900124669075;0.5855504274368286;0.7296158671379089;0.04881809651851654;0.5494601130485535;0.7520617246627808;0.01382682379335165;0.5654553294181823;0.2705159246921539;-0.2316406935453415;0.6232117414474487;0.5794539153575897;-0.16856981813907623;0.5180267840623856;0.6068497002124786;-0.1732228770852089;0.5725497603416443;0.8684762120246887;0.24845133225123087;0.5587623119354248;0.9134709437688192;0.15525550643603006;alejandose
2.07;0.561260461807251;0.2945794463157654;-0.22709305584430695;0.6093140840530396;0.3609166145324707;-0.08167033642530441;0.5261869430541992;0.3625277578830719;-0.0964846983551979;0.6253746151924133;0.4765789806842804;-0.0397469699382782;0.5202250480651855;0.48531606793403625;-0.06225419417023659;0.59215247631073;0.5955995917320251;0.006703904364258051;0.5483017563819885;0.5975664258003235;-0.006696856115013361;0.5849080085754395;0.7293381094932556;0.04864836111664772;0.5491798520088196;0.7517216801643372;0.014660490676760674;0.5667562901973724;0.27103349268436433;-0.23126981854438783;0.6233883202075958;0.5805721133947372;-0.1643545888364315;0.5177062451839447;0.6062293946743011;-0.17333341017365456;0.5723516345024109;0.8672182758649191;0.24842569231987;0.5589751402537028;0.9135391712188721;0.1550396184126536;alejandose
2.1;0.5630567669868469;0.29512882232666016;-0.23105388879776;0.6101371049880981;0.36221083998680115;-0.08696828782558441;0.5269637703895569;0.3629922568798065;-0.101594477891922;0.6257981061935425;0.47648561000823975;-0.042854391038417816;0.5204386711120605;0.4853270649909973;-0.0657624676823616;0.5914187431335449;0.5955299735069275;0.006624397821724415;0.5483088493347168;0.5968776941299438;-0.0066198972053825855;0.5847218632698059;0.7267025113105774;0.05252603441476822;0.5485820770263672;0.7493435740470886;0.008575553074479103;0.5681727766990662;0.2718574821949005;-0.23506948798894883;0.6237726509571075;0.5803078263998032;-0.16244404390454292;0.5170734077692032;0.6049837619066238;-0.17757150158286095;0.5718339482943217;0.8645774722099304;0.2491951882839203;0.5595494111378988;0.9139805634816488;0.12378138552109401;alejandose
2.13;0.5646142959594727;0.29539957642555237;-0.2306382954120636;0.6106817126274109;0.3630470931529999;-0.08695562183856964;0.5276764631271362;0.3635448217391968;-0.10176733881235123;0.6265140175819397;0.4763838052749634;-0.04233232140541077;0.5206902623176575;0.48532533645629883;-0.06560851633548737;0.5913438200950623;0.594725489616394;0.006682812236249447;0.5484461188316345;0.5958147644996643;-0.006679483223706484;0.5848004817962646;0.7249177098274231;0.05141656845808029;0.5481240749359131;0.7461534142494202;0.0025958202313631773;0.5694019019603729;0.27235526740550997;-0.23439302295446396;0.6244645863771439;0.5794858038425446;-0.1616746187210083;0.5159416794776917;0.601209819316864;-0.17729034647345543;0.5716677904129028;0.863930364449819;0.23691834012667337;0.5596103668212891;0.9139501055081686;0.10984073579311371;alejandose
2.17;0.5660843849182129;0.2968822717666626;-0.24433110654354095;0.6112442016601562;0.3637191653251648;-0.0956934243440628;0.5282513499259949;0.36356422305107117;-0.1112598404288292;0.626710057258606;0.4765140116214752;-0.04730147123336792;0.5210903286933899;0.48455268144607544;-0.07205688953399658;0.5912182927131653;0.5932291150093079;0.005750924348831177;0.5485948920249939;0.5940832495689392;-0.005744666792452335;0.5847589373588562;0.7234762907028198;0.043690528720617294;0.54786217212677;0.744388997554779;0.0014085721923038363;0.5708437383174896;0.27422583997249605;-0.24843332916498184;0.6245194673538208;0.5799335539340973;-0.16339768841862679;0.5154190808534622;0.5962996035814285;-0.18436249345541;0.5719618399937948;0.863593856493632;0.23155143360296884;0.5597299536069235;0.9137274821599325;0.11980950956543286;alejandose
2.2;0.5670007467269897;0.2976258397102356;-0.25441956520080566;0.611645519733429;0.3640459179878235;-0.10316413640975952;0.5289966464042664;0.3635370433330536;-0.12394750118255615;0.6267680525779724;0.47707599401474;-0.052552055567502975;0.5212612152099609;0.4838619828224182;-0.08502312749624252;0.5912200212478638;0.59086674451828;0.007069779094308615;0.5486069321632385;0.5922072529792786;-0.007073169108480215;0.5846940279006958;0.723373293876648;0.05669102445244789;0.5477163791656494;0.74298495054245;0.00268880114890635;0.5718079805374146;0.2753374218940735;-0.2588170379400253;0.6248758137226105;0.5852270126342773;-0.16477759554982185;0.515015721321106;0.5947259813547134;-0.19269955530762672;0.5717395544052124;0.8644201358159384;0.22378801306088766;0.5596485336621603;0.9098405043284098;0.1101654830078284;alejandose
2.23;0.5676171183586121;0.29838094115257263;-0.2700027525424957;0.611968994140625;0.3642506003379822;-0.11515799164772034;0.5299818515777588;0.3634875416755676;-0.1363561898469925;0.6269187927246094;0.47740650177001953;-0.058894287794828415;0.5213721394538879;0.4832215905189514;-0.09286472946405411;0.591241180896759;0.5869829654693604;0.0070374528877437115;0.5485883951187134;0.5878025889396667;-0.007046998478472233;0.584435760974884;0.7231254577636719;0.05812130495905876;0.5476719737052917;0.7394102215766907;0.005961005575954914;0.5723466634750366;0.27653391659259796;-0.2749081328511238;0.6254497766494751;0.5911007672548294;-0.16704311966896057;0.5148058384656906;0.5948733687400818;-0.19680839776992798;0.5718319416046143;0.8647313912709554;0.2212615559498469;0.5581934650739034;0.9007218480110168;0.12289496138691902;alejandose
2.27;0.56763756275177;0.2991684079170227;-0.28896328806877136;0.6123233437538147;0.3643122613430023;-0.1302211731672287;0.5303090214729309;0.36344873905181885;-0.14729519188404083;0.6272389888763428;0.47741183638572693;-0.06748708337545395;0.521366536617279;0.4820350408554077;-0.09676434099674225;0.5920541882514954;0.5845242738723755;0.006495827343314886;0.5487267374992371;0.5856479406356812;-0.006535395514219999;0.5843066573143005;0.7233585715293884;0.0513119176030159;0.5476788282394409;0.7372926473617554;0.025485005229711533;0.5724755227565765;0.2774398446083069;-0.29487079083919526;0.6258338391780853;0.591068908572197;-0.17696896940469742;0.51445572078228;0.5927464514970779;-0.19868890568614006;0.5718366106351217;0.8647668361663818;0.23492686450481415;0.5563589533170065;0.8843844532966614;0.19369282573461533;alejandose
2.3;0.5675637722015381;0.2995850443840027;-0.2939933240413666;0.6123597025871277;0.364331990480423;-0.13817870616912842;0.5304134488105774;0.36338910460472107;-0.15172551572322845;0.6272405982017517;0.47739866375923157;-0.07559797912836075;0.5213549733161926;0.48145395517349243;-0.10012226551771164;0.5923641920089722;0.5827005505561829;0.005985324736684561;0.548802375793457;0.5831922888755798;-0.00604595709592104;0.5841807126998901;0.723706066608429;0.05119861662387848;0.5477086305618286;0.7343424558639526;0.030617330223321915;0.5718765616416931;0.278044331073761;-0.3006706729531288;0.6258357912302017;0.5908279269933701;-0.1829296164214611;0.5144662708044052;0.5915619134902954;-0.19769692048430443;0.5723164677619934;0.8657200336456299;0.2339471677939097;0.554892361164093;0.8834637800852457;0.19470895330111185;alejandose
2.33;0.5673783421516418;0.29958587884902954;-0.2820185124874115;0.612341582775116;0.36432117223739624;-0.13130709528923035;0.53050696849823;0.36315831542015076;-0.14405860006809235;0.6269880533218384;0.47704094648361206;-0.07218576222658157;0.521344006061554;0.4803084433078766;-0.0942799374461174;0.5924558639526367;0.582476019859314;0.00601930869743228;0.5489022731781006;0.5810323357582092;-0.006084986496716738;0.5838878750801086;0.723861038684845;0.0581442266702652;0.547863781452179;0.7303882837295532;0.03851563483476639;0.5713864386081695;0.27811028361320494;-0.288254576921463;0.6245279163122177;0.5889506191015244;-0.18089716881513596;0.514490470290184;0.5899548828601837;-0.19552883878350258;0.5727176864941915;0.8674217263857523;0.234260693192482;0.5537965496381124;0.878074566523234;0.2050772706667582;alejandose
2.37;0.5671670436859131;0.2996559143066406;-0.2913067638874054;0.6121867895126343;0.36432772874832153;-0.13643622398376465;0.5304867029190063;0.362954318523407;-0.15193496644496918;0.6266021728515625;0.47634369134902954;-0.07780962437391281;0.521338939666748;0.47927603125572205;-0.10274140536785126;0.5930877327919006;0.5825362801551819;0.006025583017617464;0.5493887662887573;0.58059161901474;-0.006093879695981741;0.5838960409164429;0.7237873673439026;0.0782637670636177;0.5483037233352661;0.7256036996841431;0.060640789568424225;0.5712482452392578;0.2782010495662689;-0.297215111553669;0.6225590407848358;0.5873393267393112;-0.1889890395104885;0.5145124942064285;0.5877156108617783;-0.20157857239246368;0.5733335812886556;0.8674759467442831;0.26620141168435413;0.5533717473347982;0.8711961110432943;0.24391119182109833;alejandose
2.4;0.5668648481369019;0.29962486028671265;-0.284080445766449;0.6119651198387146;0.364449679851532;-0.1291072815656662;0.5304519534111023;0.362896591424942;-0.14507898688316345;0.6261838674545288;0.4762600064277649;-0.07223480194807053;0.5213300585746765;0.4788273572921753;-0.09895289689302444;0.5934289693832397;0.5827664732933044;0.0055999718606472015;0.5497554540634155;0.581348180770874;-0.005682665854692459;0.5838668942451477;0.7239356637001038;0.07384569942951202;0.5483906865119934;0.7245054841041565;0.06215100735425949;0.5710090875625611;0.27813070714473725;-0.28991765826940535;0.6225723028182983;0.5867466479539871;-0.18357258662581444;0.5145958960056305;0.5876467227935791;-0.19679736718535423;0.5739569266637167;0.866878350575765;0.270970419049263;0.5526837706565857;0.8628754615783691;0.2507232278585434;alejandose
2.43;0.566588282585144;0.2996121346950531;-0.25090837478637695;0.611541748046875;0.36473771929740906;-0.1043219193816185;0.5304003953933716;0.362894207239151;-0.11924101412296295;0.6257108449935913;0.476004034280777;-0.050765275955200195;0.5212196707725525;0.4786359965801239;-0.07672074437141418;0.5934267640113831;0.5828100442886353;0.005248678382486105;0.549895703792572;0.5817299485206604;-0.005336815491318703;0.5837245583534241;0.7240402102470398;0.05685205012559891;0.5483903288841248;0.7245535254478455;0.05004622042179108;0.5707407653331756;0.2779796183109283;-0.2543749734759331;0.6224103271961212;0.5864205211400986;-0.16590654104948044;0.5146743059158325;0.5880536884069443;-0.17421678081154823;0.5740764935811361;0.8669172724088033;0.26821304361025494;0.5517528851826986;0.8593915899594625;0.22925027211507162;alejandose
2.47;0.5659260749816895;0.2995985746383667;-0.2322840541601181;0.6111910939216614;0.3651192784309387;-0.09319119900465012;0.5301463007926941;0.3631845712661743;-0.09936991333961487;0.6249406337738037;0.4759387969970703;-0.04694011062383652;0.5210011601448059;0.47868162393569946;-0.05655441805720329;0.5934246182441711;0.5836492776870728;0.004446269012987614;0.5498937964439392;0.5818765163421631;-0.004535172134637833;0.5835204720497131;0.7254351377487183;0.04286681115627289;0.5483912229537964;0.7255701422691345;0.045487191528081894;0.5703466594219208;0.27786542773246764;-0.23509860187768936;0.622450053691864;0.5870403200387955;-0.1654009334743023;0.5147569179534912;0.5884818285703659;-0.15654448419809341;0.5743059913317362;0.8670167525609335;0.2614995688199997;0.5510492324829102;0.8525612552960714;0.22980588177839914;alejandose
2.5;0.5642821192741394;0.29966896772384644;-0.2294592559337616;0.6105809211730957;0.36513298749923706;-0.09208013117313385;0.5296770930290222;0.3636426329612732;-0.09932655841112137;0.6242592334747314;0.47578710317611694;-0.043416209518909454;0.5208151936531067;0.4787185788154602;-0.0558190643787384;0.5932682752609253;0.5838736891746521;0.004269395489245653;0.5498293042182922;0.5820906162261963;-0.004360693972557783;0.5833475589752197;0.7272481322288513;0.03736289590597153;0.5482121706008911;0.7259467244148254;0.03643813729286194;0.569168210029602;0.2778395086526871;-0.23281785398721694;0.622684895992279;0.5869413018226624;-0.15885115787386894;0.5147867053747177;0.5886682122945786;-0.15569957718253136;0.5743393301963806;0.8682424624760946;0.2197080006202062;0.550413449605306;0.8480965296427408;0.22013399004936218;alejandose
2.53;0.5634464025497437;0.29974883794784546;-0.23263965547084808;0.6087789535522461;0.36470115184783936;-0.09041810780763626;0.5292350649833679;0.3637447655200958;-0.1046336367726326;0.6232614517211914;0.47327950596809387;-0.04571673274040222;0.5206382870674133;0.47877079248428345;-0.061927229166030884;0.5930531024932861;0.5823667049407959;0.004380039870738983;0.5498290657997131;0.5816013216972351;-0.004473473876714706;0.5829209089279175;0.7276667952537537;0.03626808896660805;0.548037052154541;0.7263756990432739;0.032019954174757004;0.5685567855834961;0.27784858644008636;-0.2364707812666893;0.6190289109945297;0.5743065178394318;-0.16996852681040764;0.5147628784179688;0.5881247222423553;-0.16047588735818863;0.574330468972524;0.8685742815335592;0.2130941947301229;0.5506774584452311;0.8491884668668112;0.21600591639677683;alejandose
2.57;0.5623267292976379;0.2997645139694214;-0.23262463510036469;0.6069836020469666;0.3638867139816284;-0.08943891525268555;0.5280290842056274;0.36407825350761414;-0.10544305294752121;0.6223620176315308;0.47241437435150146;-0.03677794337272644;0.5201932191848755;0.4788435697555542;-0.06337244808673859;0.5925781726837158;0.5804779529571533;0.00447997497394681;0.5497456789016724;0.5806919932365417;-0.00457167299464345;0.5827244520187378;0.7276142239570618;0.028807183727622032;0.5479200482368469;0.7264804244041443;0.020125627517700195;0.5673972129821777;0.27783474922180174;-0.23633990287780762;0.6193739026784897;0.5757263153791428;-0.150738175958395;0.5147566795349121;0.5882922559976578;-0.16151989623904228;0.5744033257166544;0.8688848813374838;0.19431727131207785;0.5508411327997843;0.8524521589279175;0.18623506526152292;alejandose
2.6;0.5613833665847778;0.30009934306144714;-0.23729756474494934;0.6050275564193726;0.3633885085582733;-0.09289022535085678;0.5271459817886353;0.3642663061618805;-0.10587790608406067;0.620147705078125;0.47086983919143677;-0.047261837869882584;0.5196287035942078;0.47889190912246704;-0.06362263113260269;0.5913554430007935;0.5795730948448181;0.004476148635149002;0.5487971901893616;0.5801748037338257;-0.004568543750792742;0.5824198722839355;0.7270333170890808;0.02017877995967865;0.5478057265281677;0.728059709072113;0.019542204216122627;0.56630038022995;0.27816044688224795;-0.2412768304347992;0.6153071820735931;0.5701971650123596;-0.18172895908355713;0.5147687643766403;0.5884956866502762;-0.16425150632858276;0.5746245582898458;0.8689719239870707;0.19084231555461884;0.5514877438545227;0.8438464403152466;0.23174849649270376;alejandose
2.63;0.5600411295890808;0.30009499192237854;-0.23675033450126648;0.6036688685417175;0.3629853427410126;-0.09443747997283936;0.5261734127998352;0.36470162868499756;-0.1078675165772438;0.6187658309936523;0.4691214859485626;-0.04902453348040581;0.5190306901931763;0.4790595769882202;-0.06536400318145752;0.5904732346534729;0.5791826844215393;0.004004145506769419;0.5478478074073792;0.5799890160560608;-0.004102407954633236;0.58206707239151;0.7260357141494751;0.020240357145667076;0.5477842092514038;0.728184163570404;0.022193973883986473;0.5649036884307861;0.27823043465614317;-0.24053460508584976;0.6126543581485748;0.5690516233444214;-0.1784984990954399;0.5147915780544281;0.5901995599269867;-0.16378618404269218;0.5744802157084147;0.8690019647280375;0.19274941086769104;0.5521602829297384;0.8449853459993998;0.23106707135836282;alejandose
2.67;0.5590949654579163;0.30009764432907104;-0.23453159630298615;0.6025692820549011;0.36282745003700256;-0.09289056807756424;0.5252667665481567;0.3651759922504425;-0.1095530167222023;0.6172507405281067;0.46818986535072327;-0.04826578125357628;0.5186464190483093;0.4792559742927551;-0.07095856219530106;0.5898829102516174;0.5779221653938293;0.0046171387657523155;0.5472586750984192;0.5792942643165588;-0.004711013287305832;0.5815789699554443;0.7252077460289001;0.01428659725934267;0.547818660736084;0.7280658483505249;0.021259218454360962;0.5636016547679901;0.27827943563461305;-0.23760294318199157;0.6095027774572372;0.5656119883060455;-0.17033914104104042;0.5148703306913376;0.5905123949050903;-0.16473355516791344;0.5739027460416158;0.8691136439641317;0.16632216175397238;0.5523000558217367;0.8300232887268066;0.2524680147568385;alejandose
2.7;0.5571494102478027;0.30047398805618286;-0.23481830954551697;0.6013273596763611;0.3626278340816498;-0.09706874936819077;0.5243737101554871;0.36557719111442566;-0.11349646747112274;0.6161589026451111;0.4674674868583679;-0.05030664801597595;0.5178530216217041;0.47928470373153687;-0.07386253029108047;0.5890045762062073;0.5770469903945923;0.004584693815559149;0.5465366244316101;0.5784233212471008;-0.004680566489696503;0.5808488130569458;0.7247423529624939;0.01779673993587494;0.5478776097297668;0.7281641364097595;0.021594548597931862;0.5617091953754425;0.27875899970531465;-0.23856857866048814;0.6096886992454529;0.5648508220911026;-0.16826186701655388;0.5151631385087967;0.5903354436159134;-0.16520654410123825;0.573879341284434;0.8686238725980123;0.17865421871344248;0.5525168776512146;0.8367518186569214;0.23915759722391763;alejandose
2.73;0.5531318187713623;0.3010302186012268;-0.2607881426811218;0.599999725818634;0.3625955581665039;-0.12372744828462601;0.5232086777687073;0.36611369252204895;-0.125652015209198;0.6143454909324646;0.46736425161361694;-0.0848545953631401;0.5169510245323181;0.47941234707832336;-0.07876188308000565;0.5885133147239685;0.5745862722396851;0.003380238078534603;0.5457924008369446;0.5766803622245789;-0.0034941737540066242;0.580300509929657;0.723621666431427;0.01841883361339569;0.5479170680046082;0.7282954454421997;0.017075030133128166;0.5584206700325012;0.2792255997657776;-0.2663077712059021;0.6087516844272614;0.5658971667289734;-0.2061665765941143;0.5153529495000839;0.588842436671257;-0.16597109660506248;0.5741523106892904;0.8680357336997986;0.1883232295513153;0.5535282691319784;0.8381948073705038;0.22490366299947104;alejandose
2.77;0.5513653755187988;0.30195996165275574;-0.26557645201683044;0.5988140106201172;0.3624346852302551;-0.1294858753681183;0.5226183533668518;0.3664278984069824;-0.13037995994091034;0.6129382848739624;0.4671846926212311;-0.09171316027641296;0.5162563920021057;0.4794481098651886;-0.08192586153745651;0.588326632976532;0.5712250471115112;0.0017955588409677148;0.5455585718154907;0.5742741227149963;-0.0019261478446424007;0.5798144936561584;0.7212415933609009;0.009781983681023121;0.5478504300117493;0.7279184460639954;0.01525301206856966;0.5566719830036163;0.28008702397346497;-0.2713420867919922;0.6088943928480148;0.5663539618253708;-0.21149008721113205;0.5152610838413239;0.587568387389183;-0.16667264699935913;0.5737744768460592;0.8671009540557861;0.17747128009796143;0.5540525515874227;0.8384583592414856;0.23443377514680228;alejandose
2.8;0.5510671138763428;0.3021407425403595;-0.27177590131759644;0.5978995561599731;0.36202704906463623;-0.13066032528877258;0.5222998857498169;0.3665520250797272;-0.13371828198432922;0.6122186779975891;0.4663617014884949;-0.0874122753739357;0.515966534614563;0.47942686080932617;-0.08541525900363922;0.5875459909439087;0.5703718066215515;0.0005980580463074148;0.5449070334434509;0.5729438066482544;-0.0007200796972028911;0.5795020461082458;0.7189835906028748;0.00903938990086317;0.5473595261573792;0.7265344858169556;0.02073078043758869;0.556168258190155;0.2804970324039459;-0.27750469744205475;0.6060312688350677;0.5655288249254227;-0.20332001894712448;0.5150808393955231;0.5870309323072433;-0.17453821003437042;0.5734618306159973;0.8669293522834778;0.17707006384929022;0.5541117588678995;0.8385825951894125;0.253244216243426;alejandose
2.83;0.5509694814682007;0.3024976849555969;-0.2680720388889313;0.5970115065574646;0.36175844073295593;-0.12797312438488007;0.5218972563743591;0.366630494594574;-0.12937678396701813;0.6112514734268188;0.466012179851532;-0.08098039031028748;0.5154497623443604;0.47916075587272644;-0.08037427812814713;0.5867655873298645;0.5696284174919128;0.0004959217621944845;0.544516921043396;0.5723778605461121;-0.0006166388629935682;0.5788307785987854;0.7164250612258911;0.009276301600039005;0.5473130345344543;0.7251291871070862;0.020057128742337227;0.5560811877250671;0.28092752695083617;-0.27439006716012954;0.6056539714336395;0.5657870471477509;-0.19458824023604393;0.5147455334663391;0.5865522623062134;-0.1712641827762127;0.573178748289744;0.8653465906778971;0.17492918173472086;0.5541645288467407;0.8392711877822876;0.2441447526216507;alejandose
2.87;0.5511427521705627;0.3031266927719116;-0.2651878297328949;0.5961609482765198;0.36150503158569336;-0.12257011979818344;0.5214985013008118;0.36663326621055603;-0.12783901393413544;0.6104933023452759;0.4659673571586609;-0.07850378006696701;0.5149418711662292;0.4787842631340027;-0.07994760572910309;0.5862942934036255;0.5677906274795532;0.0003363907744642347;0.5442962050437927;0.5709018707275391;-0.00045217544538900256;0.5786024332046509;0.7151492834091187;0.009293551556766033;0.5471497774124146;0.7220043540000916;0.01636955700814724;0.5562303066253662;0.2816430449485779;-0.27025080323219297;0.6060880124568939;0.5664516240358353;-0.1851271539926529;0.5144938230514526;0.5853933393955231;-0.1726498268544674;0.5727580189704895;0.8628867467244467;0.17411322395006815;0.5537987351417542;0.8387711048126221;0.23459185659885406;alejandose
2.9;0.5513061285018921;0.30360686779022217;-0.26259490847587585;0.5954586863517761;0.3612775504589081;-0.12060938030481339;0.5212587118148804;0.36663302779197693;-0.11821776628494263;0.6095422506332397;0.4655570983886719;-0.07329927384853363;0.5146574974060059;0.47848644852638245;-0.07011958956718445;0.5861371755599976;0.564178466796875;-0.0015300274826586246;0.5443032383918762;0.5685332417488098;0.0014355970779433846;0.5785609483718872;0.7107282876968384;0.0074561587534844875;0.5470744371414185;0.717415452003479;0.01703586056828499;0.5562990069389343;0.28211580216884613;-0.2673796236515045;0.6059931963682175;0.5666893124580383;-0.17690952122211456;0.5144681036472321;0.5845064371824265;-0.1653498187661171;0.5731678605079651;0.8586407701174418;0.16920738170544306;0.5535776217778524;0.8419852058092753;0.18882792194684347;alejandose
2.93;0.5512973070144653;0.3042127788066864;-0.23581640422344208;0.5953248143196106;0.3610014021396637;-0.1026361957192421;0.5211772918701172;0.3664647042751312;-0.09335315227508545;0.608798623085022;0.4655683636665344;-0.06058749929070473;0.5141950845718384;0.47738897800445557;-0.048664648085832596;0.5858076214790344;0.564388632774353;-0.002842268208041787;0.5442256331443787;0.5684953331947327;0.002779999515041709;0.5783683657646179;0.709739625453949;0.007925046607851982;0.5466615557670593;0.7165099382400513;0.01859882101416588;0.556123572587967;0.2826152235269547;-0.24084066599607468;0.606414332985878;0.5668628811836243;-0.17486049234867096;0.5141884088516235;0.5829619914293289;-0.14880992844700813;0.5733257532119751;0.8526652654012045;0.1722408930460612;0.5533602436383566;0.8438688516616821;0.1826910600066185;alejandose
2.97;0.5506927371025085;0.3044281303882599;-0.22248199582099915;0.5952429175376892;0.3609049916267395;-0.09619579464197159;0.5211451053619385;0.36634132266044617;-0.08229212462902069;0.6084368824958801;0.4655281901359558;-0.056799765676259995;0.5138073563575745;0.4762255847454071;-0.037366293370723724;0.5854520201683044;0.5643647909164429;-0.0039208116941154;0.5441739559173584;0.568507730960846;0.00386943225748837;0.5781460404396057;0.7090941667556763;0.008471696637570858;0.5461530089378357;0.7166023850440979;0.021674565970897675;0.555531245470047;0.282856160402298;-0.22788807600736619;0.6065883338451385;0.5669910311698914;-0.17198952659964561;0.513905793428421;0.5798801183700562;-0.1353367269039154;0.5733284950256348;0.8478206992149353;0.17545249809821448;0.5532573262850443;0.844455361366272;0.17782067507505417;alejandose
3.0;0.5503775477409363;0.304764062166214;-0.20249591767787933;0.5954628586769104;0.3609066307544708;-0.08122161030769348;0.5212041139602661;0.36598077416419983;-0.06754416972398758;0.6084011793136597;0.46563348174095154;-0.04180186614394188;0.5131567120552063;0.4747696816921234;-0.026840882375836372;0.5851113200187683;0.5648720264434814;-0.004087283741682768;0.5441249012947083;0.5687816739082336;0.004045422188937664;0.578144907951355;0.7071259617805481;0.016615355387330055;0.5460375547409058;0.7158215045928955;0.02946014516055584;0.5553467988967895;0.28317653238773344;-0.20765964835882186;0.6067762523889542;0.5671832710504532;-0.14999081566929817;0.5130439698696136;0.5786097496747971;-0.12617005594074726;0.5735933780670166;0.8455904722213745;0.17400327324867249;0.5532771746317545;0.8454564611117045;0.17616797238588333;alejandose
3.03;0.5505547523498535;0.30539166927337646;-0.21945098042488098;0.5955154299736023;0.36110782623291016;-0.08998221158981323;0.5212467908859253;0.3658302426338196;-0.08404821157455444;0.6086131930351257;0.46587449312210083;-0.04770824313163757;0.512792706489563;0.4737726151943207;-0.04136892035603523;0.5848062634468079;0.5656666159629822;-0.0036183565389364958;0.5439402461051941;0.5688332915306091;0.003606194630265236;0.578164279460907;0.7047558426856995;0.046317894011735916;0.5459005236625671;0.7133957743644714;0.042396508157253265;0.5555145680904389;0.2835055202245712;-0.224588018655777;0.6069067269563675;0.5678574740886688;-0.15802429243922234;0.5122045874595642;0.577805370092392;-0.1385071873664856;0.5738912026087443;0.8406059741973877;0.2097609986861547;0.5531078775723776;0.8452226916948954;0.18433082103729248;alejandose
3.07;0.5506150126457214;0.3058416545391083;-0.23236298561096191;0.5955541133880615;0.3612317442893982;-0.10397794097661972;0.5212845206260681;0.36570054292678833;-0.09651926904916763;0.6086688041687012;0.46623075008392334;-0.056599099189043045;0.5126379728317261;0.4734759032726288;-0.05023568496108055;0.5845889449119568;0.5659124851226807;-0.0035013151355087757;0.5436513423919678;0.5689154267311096;0.003497995203360915;0.5782590508460999;0.7014459371566772;0.05013364553451538;0.5454502701759338;0.7107025384902954;0.04761926084756851;0.5556005239486694;0.2839005798101425;-0.239022921025753;0.606985405087471;0.5685846656560898;-0.16234059259295464;0.511478841304779;0.5771973580121994;-0.1421344019472599;0.574017862478892;0.8353721499443054;0.2150696317354838;0.5529298186302185;0.8429598808288574;0.1913724939028422;alejandose
3.1;0.5509614944458008;0.306000679731369;-0.23387597501277924;0.595874547958374;0.3614502251148224;-0.10516400635242462;0.5213923454284668;0.3654416799545288;-0.09672261029481888;0.6087955832481384;0.46679237484931946;-0.05667034164071083;0.5126785635948181;0.4731193482875824;-0.05145882070064545;0.5843937993049622;0.5659375786781311;-0.0034003695473074913;0.5433505773544312;0.5683863162994385;0.00338873453438282;0.5782736539840698;0.7014233469963074;0.05623767152428627;0.5450109839439392;0.7085903882980347;0.04618140310049057;0.5559537887573243;0.2840829759836197;-0.24066055715084075;0.6070539802312851;0.5697302669286728;-0.1605582870543003;0.5111625343561172;0.5763860642910004;-0.1445538066327572;0.5737530986467997;0.8267865180969238;0.2424626648426056;0.5528242389361063;0.840689480304718;0.19370025396347046;alejandose
3.13;0.552848219871521;0.3062993884086609;-0.23496957123279572;0.5964070558547974;0.36224067211151123;-0.10401013493537903;0.5217320919036865;0.36534035205841064;-0.09964460879564285;0.6088770627975464;0.467641144990921;-0.053213708102703094;0.5129782557487488;0.4731852114200592;-0.05491476133465767;0.5842334628105164;0.5659523606300354;-0.0020210053771734238;0.5432785749435425;0.5681965947151184;0.0020173736847937107;0.5780983567237854;0.7003113627433777;0.06415203213691711;0.5446649789810181;0.70716392993927;0.042329348623752594;0.5575850009918213;0.2845449298620224;-0.24128047674894332;0.6070902496576309;0.5709584206342697;-0.15547355636954308;0.5111141502857208;0.5762052983045578;-0.14781847596168518;0.5734633803367615;0.8207012216250101;0.24313580493132272;0.5527830123901367;0.8408571084340414;0.17655237515767416;alejandose
3.17;0.554436445236206;0.30651140213012695;-0.23787274956703186;0.5972151160240173;0.362808495759964;-0.10388899594545364;0.5223132371902466;0.36511239409446716;-0.10265962779521942;0.6089401245117188;0.46806600689888;-0.05084482952952385;0.5141827464103699;0.47324344515800476;-0.05694029480218887;0.5842649936676025;0.5656412839889526;-0.0012829325860366225;0.543279767036438;0.5673969984054565;0.0012800580589100718;0.5780788064002991;0.6969154477119446;0.06262446939945221;0.5445066690444946;0.7055777907371521;0.03982085734605789;0.5589472830295563;0.2848817855119705;-0.24388250857591628;0.6071651726961136;0.5714178681373596;-0.15150927379727364;0.5111614912748337;0.575906828045845;-0.15020330995321274;0.5730598370234171;0.8156906763712565;0.252827654282252;0.5527538259824117;0.8409083286921183;0.16732938339312872;alejandose
3.2;0.555770754814148;0.30666249990463257;-0.2356760948896408;0.5981915593147278;0.3632754981517792;-0.09708336740732193;0.523047685623169;0.3649745583534241;-0.10167916119098663;0.6089540123939514;0.4683172404766083;-0.043865859508514404;0.515350878238678;0.4732641577720642;-0.05690611153841019;0.5842445492744446;0.5669034719467163;-0.00032187742181122303;0.5432842969894409;0.5680806040763855;0.00032144796568900347;0.577923595905304;0.6973947882652283;0.05913405865430832;0.5444695353507996;0.7064043283462524;0.033074408769607544;0.5603054583072662;0.2851763814687729;-0.2412133887410164;0.6074009984731674;0.5716802924871445;-0.1456164289265871;0.5111062079668045;0.5754311680793762;-0.1521790623664856;0.5725314418474833;0.8155904014905294;0.26193147897720337;0.5526403983434042;0.8409659067789713;0.1656498983502388;alejandose
3.23;0.5567560195922852;0.3067576289176941;-0.2377694547176361;0.599027693271637;0.3638264834880829;-0.097749263048172;0.5238746404647827;0.3649654686450958;-0.10288102924823761;0.608993649482727;0.46858328580856323;-0.04616660624742508;0.5160393714904785;0.4733096957206726;-0.05843218415975571;0.5842642784118652;0.5672683119773865;0.0005045129801146686;0.5434004068374634;0.5685185194015503;-0.0005056201480329037;0.5778202414512634;0.6950032711029053;0.05768127739429474;0.5444715023040771;0.7059208154678345;0.029552049934864044;0.5613528370857239;0.2854697197675705;-0.2430316299200058;0.6074961870908737;0.5717365592718124;-0.15063150227069855;0.5109938830137253;0.5741836279630661;-0.15871550142765045;0.571427047252655;0.8142298062642416;0.26333018640677136;0.5523803035418192;0.8410131732622782;0.16981680194536844;alejandose
3.27;0.557275652885437;0.30685219168663025;-0.23212873935699463;0.5998213887214661;0.3641899824142456;-0.09541691839694977;0.5250145792961121;0.3649614155292511;-0.09590630978345871;0.6091952323913574;0.4687117636203766;-0.044986095279455185;0.5170748829841614;0.47328999638557434;-0.0502987839281559;0.5842124819755554;0.5679833292961121;0.00032738648587837815;0.5434513688087463;0.5686519145965576;-0.00032917168573476374;0.5776697993278503;0.6943089365959167;0.054495036602020264;0.5443872213363647;0.706256628036499;0.030286584049463272;0.5619443118572235;0.2858379125595093;-0.23751164972782135;0.6078851670026779;0.5716837644577026;-0.149236511439085;0.5109496563673019;0.5732121020555496;-0.1513340286910534;0.5704911549886068;0.814654012521108;0.2606048931678136;0.552295962969462;0.8405622839927673;0.17126109451055527;alejandose
3.3;0.5578180551528931;0.30694010853767395;-0.22666221857070923;0.6005351543426514;0.3644583821296692;-0.09224031865596771;0.5258889198303223;0.36500945687294006;-0.09075302630662918;0.6096835732460022;0.4687192142009735;-0.044119514524936676;0.5177425742149353;0.47306951880455017;-0.046241648495197296;0.5840316414833069;0.568800151348114;0.00013667136954609305;0.5434888601303101;0.5687551498413086;-0.00013975291221868247;0.5773324966430664;0.6934187412261963;0.05898038297891617;0.5443126559257507;0.7061966061592102;0.03746494650840759;0.5626512169837952;0.2861364632844925;-0.23176200538873673;0.6084981262683868;0.5709304362535477;-0.1500791795551777;0.5109533816576004;0.5726148784160614;-0.14748144149780273;0.5700819293657938;0.8142426808675131;0.26387976109981537;0.5522582729657491;0.8397695422172546;0.18239003171523413;alejandose
3.33;0.5584900975227356;0.3071196675300598;-0.2161191701889038;0.6013890504837036;0.3646842837333679;-0.08534286916255951;0.5267286896705627;0.3650311231613159;-0.0838489904999733;0.6103045344352722;0.4687175154685974;-0.03726484254002571;0.518375039100647;0.4727681875228882;-0.03982887044548988;0.5838322639465332;0.5692525506019592;9,20E+10;0.5435553789138794;0.5687951445579529;-9,76E+09;0.5769815444946289;0.6933287978172302;0.05629298463463783;0.544196605682373;0.7061258554458618;0.03727860003709793;0.5633349001407624;0.28635998666286466;-0.2211717590689659;0.6089446097612381;0.5703654289245605;-0.1410226747393608;0.5110640972852707;0.5721500813961029;-0.13763860054314137;0.5696347951889038;0.8143435915311178;0.2547840476036072;0.5520863731702169;0.8397985696792603;0.18081317593653998;alejandose
3.37;0.5589820742607117;0.3072704076766968;-0.21692657470703125;0.6023146510124207;0.3650307059288025;-0.08652185648679733;0.5276448130607605;0.3650299608707428;-0.08526898175477982;0.6111387014389038;0.46871721744537354;-0.03880695253610611;0.5192425847053528;0.47222331166267395;-0.04066387191414833;0.5838363766670227;0.5686718225479126;0.00010474054579390213;0.5436806678771973;0.5675147771835327;-0.00011368691048119217;0.5767558217048645;0.6927348375320435;0.0329848937690258;0.544211745262146;0.7044594883918762;0.028164297342300415;0.5638569116592407;0.2866361290216446;-0.22205680161714553;0.609210878610611;0.5689521133899689;-0.14341874420642853;0.5113167017698288;0.5719178915023804;-0.13676712289452553;0.5688167810440063;0.8150387207667033;0.222245121995608;0.5513264934221903;0.8399608135223389;0.16928519556919733;alejandose
3.4;0.5597641468048096;0.30743831396102905;-0.21773546934127808;0.6028403639793396;0.3654540777206421;-0.08575396984815598;0.5283156633377075;0.36502888798713684;-0.08754308521747589;0.611845076084137;0.46873727440834045;-0.03581199795007706;0.5197041630744934;0.4716401696205139;-0.04254362732172012;0.5838542580604553;0.567722737789154;0.0006578501197509468;0.5437756180763245;0.5658284425735474;-0.0006772124324925244;0.5766207575798035;0.6913634538650513;0.03384055197238922;0.5442244410514832;0.7003927230834961;0.024668410420417786;0.5643532931804657;0.28706305027008056;-0.222772254049778;0.6098886430263519;0.5684613138437271;-0.1379389949142933;0.5119313448667526;0.5715186297893524;-0.13918161019682884;0.5684024095535278;0.8152706225713094;0.213877335190773;0.5504817962646484;0.8398853143056234;0.1616136555870374;alejandose
3.43;0.5596581697463989;0.30773964524269104;-0.23099468648433685;0.6030953526496887;0.365714430809021;-0.09746547788381577;0.5288439989089966;0.3650008738040924;-0.10063887387514114;0.6123120784759521;0.46876463294029236;-0.04338821396231651;0.5201682448387146;0.4711141288280487;-0.054497264325618744;0.5838597416877747;0.5641886591911316;0.0009548034286126494;0.5437877774238586;0.5615251660346985;-0.0009902578312903643;0.5764217972755432;0.6897009611129761;0.03692665323615074;0.5442278385162354;0.6959109902381897;0.02577577531337738;0.5644186735153198;0.28793630599975584;-0.237227600812912;0.6105166077613831;0.5682893842458725;-0.14061078056693077;0.5130743682384491;0.5709992349147797;-0.14571373350918293;0.5681948065757751;0.8151398499806722;0.2170090228319168;0.5496706962585449;0.8378224968910217;0.16313928117354712;alejandose
3.47;0.5597943663597107;0.30774298310279846;-0.23401008546352386;0.6030516624450684;0.36572083830833435;-0.09900382906198502;0.5292750000953674;0.3647163510322571;-0.10430226475000381;0.612451434135437;0.468671053647995;-0.04717761650681496;0.5207282304763794;0.4702739119529724;-0.06011740490794182;0.5839996337890625;0.5621721148490906;0.001728950534015894;0.5440834760665894;0.5598655939102173;-0.0017718359595164657;0.5765084624290466;0.6865265965461731;0.049825429916381836;0.5440647006034851;0.6925138235092163;0.030479278415441513;0.564599072933197;0.2880923688411713;-0.23975338637828827;0.6108202636241913;0.5672760158777237;-0.15056126564741135;0.5142544656991959;0.5697939246892929;-0.15306803584098816;0.5681281089782715;0.8147295117378235;0.2214656869570414;0.5486432909965515;0.8342764178911845;0.17067880431811014;alejandose
3.5;0.5598902702331543;0.3077750504016876;-0.2522886097431183;0.6030006408691406;0.365671306848526;-0.1162530854344368;0.5293486714363098;0.364508718252182;-0.11705589294433594;0.6124462485313416;0.46841490268707275;-0.06378855556249619;0.5210321545600891;0.46923568844795227;-0.06981686502695084;0.5840250253677368;0.559516966342926;0.0007419713656418025;0.5441668033599854;0.5564201474189758;-0.000804478710051626;0.576513946056366;0.6853196620941162;0.04916837811470032;0.5439586043357849;0.6886838674545288;0.04687872156500816;0.5647254467010498;0.28827257752418517;-0.2584782153367996;0.6108675003051758;0.566148191690445;-0.16650201752781868;0.5153279155492783;0.5688118040561676;-0.16262805461883545;0.5680397947629293;0.8139917254447937;0.22315082947413126;0.5483295321464539;0.8270677328109741;0.208123708764712;alejandose
3.53;0.5598753094673157;0.3083787262439728;-0.24729223549365997;0.6029444336891174;0.3656460642814636;-0.11006098985671997;0.5295056104660034;0.3643394410610199;-0.11156616359949112;0.6124801635742188;0.46794745326042175;-0.059563033282756805;0.5210542678833008;0.46797308325767517;-0.06536062061786652;0.58403080701828;0.5581658482551575;0.00042061254498548806;0.5442728996276855;0.5549201369285583;-0.0004835397412534803;0.5763929486274719;0.6856445670127869;0.0379471592605114;0.5439146757125854;0.6880308389663696;0.04437516629695892;0.5646925508975983;0.288891065120697;-0.25331443548202515;0.6115958094596863;0.5647994726896286;-0.16248112171888351;0.5154104977846146;0.5682377219200134;-0.16041098162531853;0.5682124495506287;0.8139898379643759;0.1958617220322291;0.5478235880533854;0.8255035877227783;0.19248518844445547;alejandose
3.57;0.5598210692405701;0.3087407648563385;-0.24546261131763458;0.6029180288314819;0.36571940779685974;-0.11069300770759583;0.5295500755310059;0.3642789423465729;-0.11084958910942078;0.6124601364135742;0.4677092134952545;-0.06627652049064636;0.5211428999900818;0.46753373742103577;-0.06395457684993744;0.5841625332832336;0.557525098323822;-0.0013292006915435195;0.5448288321495056;0.5546324849128723;0.001252870773896575;0.5763621926307678;0.6847642660140991;0.039065755903720856;0.5440903902053833;0.6849943995475769;0.04813453555107117;0.5645705997943878;0.28912581205368043;-0.2503535494208336;0.6117493212223053;0.5642758160829544;-0.16837535053491592;0.5153500735759735;0.5673993974924088;-0.1535617597401142;0.5688769419987997;0.8128669460614523;0.2070997804403305;0.5478846629460653;0.8190631667772929;0.20174754162629446;alejandose
3.6;0.5596857666969299;0.3089011013507843;-0.2379332184791565;0.6024952530860901;0.3659835755825043;-0.10873463749885559;0.5295360684394836;0.36422809958457947;-0.10789252072572708;0.6119949221611023;0.46770259737968445;-0.062259938567876816;0.5210835933685303;0.4671742022037506;-0.06258194148540497;0.5841816663742065;0.5569353699684143;-0.0012848356273025274;0.5451529026031494;0.554305374622345;0.001208341447636485;0.5764006972312927;0.684844434261322;0.03291232883930206;0.5441941618919373;0.6841609477996826;0.044786278158426285;0.5645370781421661;0.2892551511526108;-0.2426236391067505;0.6117895543575287;0.5636397302150726;-0.1651443913578987;0.5152925699949265;0.5669200420379639;-0.14989826455712318;0.5689586599667867;0.812931219736735;0.20937799413998923;0.5479582945505778;0.8104820052782694;0.20429886877536774;alejandose
3.63;0.558539867401123;0.3092426657676697;-0.23721246421337128;0.601971447467804;0.3663824796676636;-0.11133435368537903;0.52950519323349;0.36422449350357056;-0.10673024505376816;0.6115354299545288;0.467501163482666;-0.06999064236879349;0.5210496783256531;0.46698427200317383;-0.05695154145359993;0.5842582583427429;0.5559529066085815;-0.0015706400154158473;0.5454080700874329;0.5532245635986328;0.001488350098952651;0.5765005350112915;0.6843778491020203;0.02763460949063301;0.5441927313804626;0.6840062737464905;0.043328408151865005;0.5638956010341645;0.289485490322113;-0.24229441434144974;0.6108748614788055;0.5626859813928604;-0.17734360694885254;0.5152540057897568;0.5662761032581329;-0.1453802641481161;0.569109300772349;0.8117875258127848;0.21193285286426544;0.548098067442576;0.8030269940694174;0.21353205541769663;alejandose
3.67;0.5576940178871155;0.30929604172706604;-0.2340834140777588;0.6008557081222534;0.3665890395641327;-0.10990995913743973;0.5293498039245605;0.3642217814922333;-0.09985359013080597;0.6108463406562805;0.4671277701854706;-0.06728073954582214;0.5206708908081055;0.46658268570899963;-0.05098279193043709;0.5841813683509827;0.5549566149711609;-0.002314808079972863;0.5454539060592651;0.552560567855835;0.002223760122433305;0.5765424966812134;0.684066116809845;0.02220895141363144;0.5441912412643433;0.6834602952003479;0.03822844848036766;0.5632921040058136;0.289567169547081;-0.23863970190286637;0.6096684634685516;0.5620375275611877;-0.17523766681551933;0.5151799768209457;0.5646340548992157;-0.14220262691378593;0.5692914923032125;0.8098458051681519;0.2134604553381602;0.548167367776235;0.7974586685498556;0.22098986307779947;alejandose
3.7;0.5563304424285889;0.30927547812461853;-0.23932531476020813;0.5993156433105469;0.3666301965713501;-0.115056611597538;0.5289024114608765;0.36426255106925964;-0.1052008867263794;0.6099345088005066;0.4666948914527893;-0.07369962334632874;0.5203626155853271;0.4658131003379822;-0.057221971452236176;0.5841846466064453;0.5529476404190063;-0.002356035867705941;0.5454851388931274;0.5513097643852234;0.002259552013128996;0.5765449404716492;0.6837772130966187;0.02515260875225067;0.5441496968269348;0.6816805601119995;0.039072681218385696;0.5621637582778931;0.2895772814750671;-0.2437863528728485;0.6083830744028091;0.5613934695720673;-0.17982397601008415;0.5151344984769821;0.5613179057836533;-0.1472442615777254;0.5696613987286886;0.8090873559316;0.21136456231276193;0.5482845306396484;0.7935858766237894;0.21977022786935171;alejandose
3.73;0.5556108355522156;0.30932408571243286;-0.22920970618724823;0.5975765585899353;0.36664560437202454;-0.10599353909492493;0.527684211730957;0.3650117814540863;-0.09635897725820541;0.6086033582687378;0.4665527045726776;-0.07027225196361542;0.5191768407821655;0.46533840894699097;-0.05194941908121109;0.5842726230621338;0.5530974268913269;-0.002845549024641514;0.5454910397529602;0.55240797996521;0.0027538377325981855;0.576502799987793;0.6838905215263367;0.027534520253539085;0.5440632700920105;0.6821997761726379;0.04574241116642952;0.5614825010299682;0.289672726392746;-0.23270339965820314;0.6070433408021927;0.5614521652460098;-0.18676213547587395;0.5151758193969727;0.559448704123497;-0.1464996412396431;0.5696809689203898;0.8081221580505371;0.21875575184822083;0.5482134222984314;0.786011815071106;0.2529497891664505;alejandose
3.77;0.5549152493476868;0.30933678150177;-0.22921569645404816;0.5961639881134033;0.3666449785232544;-0.1038566380739212;0.526089072227478;0.36620694398880005;-0.09693953394889832;0.6077696681022644;0.46626484394073486;-0.07331976294517517;0.5182785391807556;0.4653967022895813;-0.05243796110153198;0.5842722654342651;0.5541608929634094;-0.0028583959210664034;0.5454700589179993;0.5545802712440491;0.002767267869785428;0.5764835476875305;0.68408203125;0.02863900363445282;0.5440624356269836;0.6825510263442993;0.04581567645072937;0.560805469751358;0.2898111492395401;-0.2327207237482071;0.6058406680822372;0.5607666522264481;-0.20156201347708702;0.5151886641979218;0.5600122064352036;-0.1489201784133911;0.5696850419044495;0.8082110285758972;0.21890933314959207;0.548003633817037;0.7796326080958048;0.27285808821519214;alejandose
3.8;0.5539228916168213;0.3094828426837921;-0.23524746298789978;0.5946922898292542;0.36668291687965393;-0.10744696855545044;0.5247496366500854;0.36687129735946655;-0.10121400654315948;0.6071361899375916;0.4660497009754181;-0.0821666270494461;0.5173957347869873;0.4654361605644226;-0.05709188058972359;0.583415150642395;0.5568940043449402;-0.002826239448040724;0.5450334548950195;0.5566024780273438;0.002737178234383464;0.5764416456222534;0.6852205395698547;0.02900628186762333;0.5440784096717834;0.6842041611671448;0.05536927655339241;0.5598653018474579;0.29010406136512756;-0.2390494167804718;0.6047656089067459;0.5603503435850143;-0.21236108988523483;0.5150893479585648;0.5612785667181015;-0.15531929209828377;0.5696504513422648;0.8084367116292318;0.21529781818389893;0.5482712388038635;0.7826205690701803;0.2877969443798065;alejandose
3.83;0.5536936521530151;0.31096723675727844;-0.23545031249523163;0.5928980112075806;0.36672428250312805;-0.1058809831738472;0.5237287282943726;0.3670850098133087;-0.10329292714595795;0.6058884263038635;0.4649146795272827;-0.07906783372163773;0.516396701335907;0.46548986434936523;-0.06099911406636238;0.5816155672073364;0.5580331087112427;-0.0024376048240810633;0.5433453917503357;0.5575374364852905;0.0023553611245006323;0.5761235356330872;0.6852642297744751;0.02905236929655075;0.5441680550575256;0.6858609318733215;0.06043361872434616;0.5594119668006897;0.2914502501487732;-0.23941041380167008;0.603887289762497;0.559533417224884;-0.19821272790431976;0.5146153122186661;0.5616528242826462;-0.15739145874977112;0.5695908665657043;0.8093104958534241;0.2047943969567617;0.548369566599528;0.781809409459432;0.28868236144383747;alejandose
3.87;0.5525273084640503;0.3117768168449402;-0.23548665642738342;0.5913487672805786;0.3667334318161011;-0.10649313032627106;0.5228270292282104;0.3671909272670746;-0.10346080362796783;0.6037100553512573;0.4638122618198395;-0.07458806782960892;0.5153924226760864;0.46552973985671997;-0.0603942796587944;0.5798442363739014;0.5578899383544922;-0.0024203131906688213;0.5419173836708069;0.5570694804191589;0.002338079735636711;0.5750441551208496;0.6852983832359314;0.02934449538588524;0.54421067237854;0.6858391165733337;0.05762675032019615;0.5580250918865204;0.29224994480609895;-0.23954601734876632;0.6030439585447311;0.5590688735246658;-0.18014147877693176;0.5139634162187576;0.5618425905704498;-0.1555275060236454;0.5695822238922119;0.8101486166318258;0.2022249549627304;0.5485804677009583;0.7848567565282186;0.2769378423690796;alejandose
3.9;0.5505261421203613;0.3117493689060211;-0.23734697699546814;0.5894384980201721;0.36650970578193665;-0.11024332791566849;0.5216964483261108;0.3674023449420929;-0.10711812227964401;0.6017754673957825;0.46216681599617004;-0.0731985792517662;0.5145989656448364;0.4655436873435974;-0.0628121867775917;0.57851243019104;0.5557079315185547;-0.002493422944098711;0.5410365462303162;0.5549234747886658;0.002402797108516097;0.5741138458251953;0.6846879124641418;0.025553973391652107;0.5442088842391968;0.6854786276817322;0.05118701979517937;0.5557740449905395;0.29231114983558654;-0.24140241295099257;0.6016624271869659;0.5579816699028015;-0.17374775931239128;0.5132882744073868;0.5620051622390747;-0.15483374893665314;0.5694775183995565;0.8106818397839864;0.18609361350536346;0.5488414367039999;0.7833534479141235;0.2652875731388728;alejandose
3.93;0.5489836931228638;0.3119167387485504;-0.23793907463550568;0.5882435441017151;0.3664170503616333;-0.11190920323133469;0.5206665396690369;0.3679453730583191;-0.1082000806927681;0.6003419160842896;0.4617474675178528;-0.07416409254074097;0.513944149017334;0.4658300578594208;-0.06355665624141693;0.577707052230835;0.5538432598114014;-0.0024895144160836935;0.540553629398346;0.5535288453102112;0.002397808711975813;0.5733594298362732;0.6833017468452454;0.023427465930581093;0.5437755584716797;0.682953417301178;0.04837614297866821;0.5541211009025574;0.29257558286190033;-0.2418044164776802;0.6006504148244858;0.5575340837240219;-0.17702899500727654;0.5127329975366592;0.5620847642421722;-0.1544756144285202;0.5692011912663778;0.8107372919718424;0.17511494706074396;0.5488518079121908;0.7771740754445394;0.26423714061578113;alejandose
3.97;0.5472198724746704;0.3126266896724701;-0.2329336404800415;0.5867918729782104;0.3662472367286682;-0.11172674596309662;0.5194789171218872;0.36851781606674194;-0.10403534770011902;0.5986573100090027;0.4614909291267395;-0.07395186275243759;0.5132139325141907;0.4662913978099823;-0.05799724534153938;0.5761971473693848;0.5532859563827515;-0.0026421737857162952;0.5393170118331909;0.5528790950775146;0.002542814239859581;0.5726531147956848;0.6834008097648621;0.023015610873699188;0.5433173775672913;0.6831403374671936;0.04185910150408745;0.5523137331008912;0.2932810574769974;-0.2368691846728325;0.5996605008840561;0.5571995973587036;-0.17536739632487297;0.5120469331741333;0.5623914003372192;-0.14744295179843903;0.5689801772435507;0.8107051849365234;0.1744046856959661;0.5489048957824707;0.7760241031646729;0.2527964860200882;alejandose
4.0;0.5462811589241028;0.31403762102127075;-0.23280444741249084;0.5857122540473938;0.36592182517051697;-0.1112368181347847;0.5187325477600098;0.3687179982662201;-0.10401302576065063;0.5976587533950806;0.4609973132610321;-0.07226327806711197;0.5126067399978638;0.46649619936943054;-0.05797339230775833;0.5752483606338501;0.5521158576011658;-0.002642806153744459;0.5386693477630615;0.5523389577865601;0.0025424822233617306;0.5719878673553467;0.6825752854347229;0.022102223709225655;0.5424452424049377;0.6829355359077454;0.0334162637591362;0.5512345492839813;0.29448885917663575;-0.23690652698278428;0.5988907068967819;0.5568313002586365;-0.17189111933112144;0.5115302354097366;0.5625271797180176;-0.14710863307118416;0.5687995155652364;0.810418168703715;0.17719879994789758;0.5490490396817526;0.7759700814882914;0.24012004335721335;alejandose
4.03;0.5456717610359192;0.3152838945388794;-0.2290475070476532;0.5855444669723511;0.36584964394569397;-0.1083429679274559;0.5184004902839661;0.36891067028045654;-0.10310262441635132;0.597270131111145;0.460859090089798;-0.06806036084890366;0.5123273134231567;0.4666983485221863;-0.057719118893146515;0.575023889541626;0.5511696338653564;-0.0029368866235017776;0.5383138656616211;0.5522935390472412;0.002831176156178117;0.5712771415710449;0.6796436905860901;0.012490388005971909;0.5415894985198975;0.680575966835022;0.03564689680933952;0.5504713714122772;0.29556087255477903;-0.23352672755718232;0.5963470041751862;0.5559886246919632;-0.16831709071993828;0.5109469592571259;0.5626032650470734;-0.14590834639966488;0.5684337019920349;0.8097002108891805;0.15986301004886627;0.5485248366991679;0.7731550733248392;0.25000008940696716;alejandose
4.07;0.5451407432556152;0.3161059021949768;-0.23934996128082275;0.5849622488021851;0.3658022880554199;-0.11445371806621552;0.5180684328079224;0.3689245879650116;-0.10983704030513763;0.5970243811607361;0.4602097272872925;-0.07035933434963226;0.5119535326957703;0.46670517325401306;-0.06413311511278152;0.5742071866989136;0.5499212145805359;-0.003159399377182126;0.5376523733139038;0.5513674020767212;0.0030488306656479836;0.5703972578048706;0.6772395968437195;0.014674895443022251;0.5410501956939697;0.6783017516136169;0.04005323350429535;0.5499617755413055;0.2963135153055191;-0.24436810612678528;0.5957803130149841;0.5543120056390762;-0.16920464485883713;0.5104003548622131;0.5626145303249359;-0.15101385861635208;0.5682060321172079;0.8084956407546997;0.17060438295205435;0.5481859445571899;0.7745483915011088;0.24214387436707815;alejandose
4.1;0.5447217226028442;0.3161417841911316;-0.24114926159381866;0.5845082402229309;0.3657110929489136;-0.1203419417142868;0.5178298950195312;0.36899644136428833;-0.11060046404600143;0.5966347455978394;0.4598904550075531;-0.0766592025756836;0.5116644501686096;0.46673205494880676;-0.06492598354816437;0.5738404989242554;0.5493380427360535;-0.004271034151315689;0.5371489524841309;0.5505800843238831;0.004158669151365757;0.5693880915641785;0.6740750670433044;0.024491572752594948;0.5405296683311462;0.6745196580886841;0.04580938071012497;0.5494805812835694;0.2965746849775314;-0.2464567929506302;0.594857931137085;0.5537707358598709;-0.17023056373000145;0.509881854057312;0.5618255138397217;-0.150936059653759;0.5679187774658203;0.8040932615598043;0.19118160009384155;0.5479039748509725;0.7782634099324545;0.21804366012414297;alejandose
4.13;0.5437478423118591;0.3160712420940399;-0.27217036485671997;0.5836914777755737;0.3655584454536438;-0.14897629618644714;0.5175148248672485;0.3690578043460846;-0.13502612709999084;0.5954226851463318;0.4597013592720032;-0.10971060395240784;0.5113060474395752;0.4667513966560364;-0.08820508420467377;0.5737331509590149;0.5478551387786865;-0.004794792737811804;0.5370175838470459;0.5497643947601318;0.004684010986238718;0.5688210725784302;0.6723403334617615;0.02604619227349758;0.5402418971061707;0.6737425923347473;0.04662509262561798;0.5485932767391205;0.2967264473438263;-0.2787101402878761;0.5927688926458359;0.5528440177440643;-0.2038295418024063;0.5095333307981491;0.5615907609462738;-0.17431355267763138;0.5677495797475179;0.8016394178072611;0.20050218204657236;0.547934889793396;0.7823492089907328;0.22044122219085693;alejandose
4.17;0.5435329675674438;0.3160065710544586;-0.2680214047431946;0.5832391381263733;0.3654317557811737;-0.14435026049613953;0.5171253085136414;0.3691635727882385;-0.1346665620803833;0.5949680209159851;0.4594993591308594;-0.102730892598629;0.5106350779533386;0.4667951762676239;-0.08834538608789444;0.5736085176467896;0.5474783778190613;-0.0046837241388857365;0.5367863774299622;0.5497568249702454;0.004574165679514408;0.5684835910797119;0.6702948808670044;0.032458189874887466;0.5399388074874878;0.6741440892219543;0.04629441350698471;0.5484278917312622;0.2968072980642319;-0.27402391880750654;0.59197136759758;0.5524885058403015;-0.19634605944156647;0.5091303288936615;0.5615776926279068;-0.17191023379564285;0.5677262345949808;0.7988769014676412;0.2050973822673162;0.5479241609573364;0.7839438716570536;0.21315229932467142;alejandose
4.2;0.5430735945701599;0.3160206377506256;-0.2650620937347412;0.5830691456794739;0.36532628536224365;-0.14535146951675415;0.517155110836029;0.3691617548465729;-0.1315753161907196;0.5946136713027954;0.45929181575775146;-0.10635745525360107;0.5100871920585632;0.4666549265384674;-0.08480163663625717;0.5733134150505066;0.5466115474700928;-0.004771745763719082;0.5366806983947754;0.5491660237312317;0.004666637629270554;0.5680260062217712;0.6679894328117371;0.03219373896718025;0.5393412709236145;0.6727510094642639;0.05074547976255417;0.5479695558547973;0.29689976274967195;-0.27119965106248856;0.5916710942983627;0.5516778081655502;-0.19931698217988014;0.5085368603467941;0.5612837970256805;-0.16777918860316277;0.5673624674479166;0.7952207724253336;0.20305670301119486;0.5477988918622335;0.7841050028800964;0.22006268302599588;alejandose
4.23;0.5425741672515869;0.3164077401161194;-0.26451629400253296;0.5831988453865051;0.3653305768966675;-0.14602550864219666;0.5170478224754333;0.36940881609916687;-0.1293247938156128;0.5945757627487183;0.45928773283958435;-0.10941466689109802;0.5096859335899353;0.4666979908943176;-0.08194660395383835;0.5729906558990479;0.5468310713768005;-0.004789633210748434;0.5364924669265747;0.5492035746574402;0.004689676221460104;0.5677394270896912;0.6675072908401489;0.0427447147667408;0.5390115976333618;0.672616183757782;0.050050921738147736;0.5476670384407043;0.29725608229637146;-0.2708362951874733;0.5917522758245468;0.5510966926813126;-0.20297444239258766;0.5079444348812103;0.5612558871507645;-0.16601962596178055;0.5671078165372213;0.7891978820164999;0.2202911227941513;0.5477826396624247;0.7842440207799276;0.21605251729488373;alejandose
4.27;0.5426011085510254;0.31726330518722534;-0.2628479301929474;0.5834181904792786;0.3653372526168823;-0.14401620626449585;0.5170943140983582;0.3695516288280487;-0.12730804085731506;0.5947492122650146;0.4592951834201813;-0.11056613177061081;0.5095334053039551;0.466703861951828;-0.08005084842443466;0.5728407502174377;0.5469989776611328;-0.005382278002798557;0.5364829897880554;0.5497298836708069;0.005297249648720026;0.567609429359436;0.6650932431221008;0.039111118763685226;0.5386708378791809;0.6720579266548157;0.05847194045782089;0.5477799534797668;0.29802572131156924;-0.26931583434343337;0.5918240994215012;0.5506337285041809;-0.21116569265723228;0.5078481584787369;0.5610747933387756;-0.16555721312761307;0.5666215817133585;0.7829914689064026;0.2238228718439738;0.5476242899894714;0.7834696173667908;0.23322266340255737;alejandose
4.3;0.5428145527839661;0.3172406256198883;-0.2578614056110382;0.5835715532302856;0.3655320405960083;-0.14103171229362488;0.5171505808830261;0.36955657601356506;-0.12603236734867096;0.5947376489639282;0.45932263135910034;-0.10679884999990463;0.5094879865646362;0.46662992238998413;-0.07918664067983627;0.57264643907547;0.5468139052391052;-0.0053514279425144196;0.5363938808441162;0.549786388874054;0.005265627056360245;0.567449152469635;0.6619913578033447;0.040534038096666336;0.5385870933532715;0.6713577508926392;0.05648259446024895;0.5479735791683197;0.2981109648942947;-0.26402432173490525;0.5920490771532059;0.5495542585849762;-0.20686325058341026;0.5078442990779877;0.5602598786354065;-0.16503798589110374;0.5656505823135376;0.7798569003740946;0.22553076843420664;0.5471017360687256;0.7831603089968363;0.22971221307913461;alejandose
4.33;0.5428659915924072;0.3173697590827942;-0.24783393740653992;0.5836805701255798;0.365842342376709;-0.13215410709381104;0.5171899795532227;0.3697417974472046;-0.119207002222538;0.5947906970977783;0.45947954058647156;-0.0982452854514122;0.5095201730728149;0.46664121747016907;-0.07535411417484283;0.5724141597747803;0.5469083786010742;-0.005419601686298847;0.5363529324531555;0.5500555038452148;0.0053343200124800205;0.5672847628593445;0.6601924300193787;0.038820043206214905;0.5385690927505493;0.6710002422332764;0.056420840322971344;0.5480207324028015;0.29831957817077637;-0.2532474249601364;0.5921796411275864;0.5495909303426743;-0.19755195826292038;0.5077547132968903;0.5600680857896805;-0.15879791602492332;0.5645662546157837;0.7765033642450968;0.2205823908249537;0.5468797485033671;0.781399667263031;0.22820533315340677;alejandose
4.37;0.5431693196296692;0.31762266159057617;-0.23831520974636078;0.5837385654449463;0.3665132224559784;-0.11935511976480484;0.517404317855835;0.36979007720947266;-0.11229480803012848;0.5948740839958191;0.45990654826164246;-0.07727283984422684;0.5095510482788086;0.46666035056114197;-0.06925410777330399;0.5718637704849243;0.547073245048523;-0.005317176226526499;0.5361961722373962;0.5503717660903931;0.005232055671513081;0.5671072602272034;0.6611431837081909;0.032780952751636505;0.5384638905525208;0.6712384819984436;0.05257018655538559;0.5481070458889008;0.29874858260154724;-0.2433656096458435;0.5931065380573273;0.549659252166748;-0.16872680559754372;0.5076935291290283;0.5597687214612961;-0.15179672092199326;0.5629482269287109;0.7737671732902527;0.2186950296163559;0.5465484460194906;0.7806569337844849;0.2194399138291677;alejandose
4.4;0.5435788035392761;0.3178075850009918;-0.2383555769920349;0.5837634801864624;0.36701250076293945;-0.1196744367480278;0.5179196000099182;0.3697982430458069;-0.11277827620506287;0.5949116349220276;0.4600965082645416;-0.07630206644535065;0.5102099180221558;0.4666556119918823;-0.06932445615530014;0.5715699195861816;0.5458310842514038;-0.005072358530014753;0.5359337329864502;0.5482173562049866;0.0049797832034528255;0.5670395493507385;0.6601080298423767;0.030351607128977776;0.5384021997451782;0.6689660549163818;0.045815128833055496;0.5483322143554688;0.2991239786148071;-0.2435143232345581;0.5931962579488754;0.5494364351034164;-0.16308742761611938;0.5076720863580704;0.5593260079622269;-0.1502329297363758;0.561622699101766;0.7728790243466696;0.20156856377919516;0.5459742744763693;0.7797104914983114;0.19976804157098135;alejandose
4.43;0.5446559190750122;0.3178001642227173;-0.2278011292219162;0.5840035080909729;0.36728915572166443;-0.10989566147327423;0.5188990831375122;0.3697361648082733;-0.10604491084814072;0.5949242115020752;0.4602980315685272;-0.06394392251968384;0.5112900137901306;0.46654585003852844;-0.06256350129842758;0.5715138912200928;0.544489324092865;-0.00492424750700593;0.5359514951705933;0.5462596416473389;0.004826298914849758;0.5663785338401794;0.6606729030609131;0.01757097616791725;0.5382655262947083;0.6685920357704163;0.029149850830435753;0.5493066906929016;0.29925734996795655;-0.23219174593687059;0.5932485163211823;0.5494575947523117;-0.14865781366825104;0.5075174868106842;0.5584631115198135;-0.14072787575423717;0.5595747431119283;0.7738017837206522;0.1862009515364965;0.5455440878868103;0.7780446608861288;0.18720278640588126;alejandose
4.47;0.5458329319953918;0.31812867522239685;-0.23364630341529846;0.5844504237174988;0.36785459518432617;-0.11472753435373306;0.5197822451591492;0.36968791484832764;-0.10773395001888275;0.5949372053146362;0.4611668288707733;-0.07140666246414185;0.512489378452301;0.466391384601593;-0.06189889460802078;0.571415364742279;0.5448229312896729;-0.00576145900413394;0.5359317064285278;0.5465365648269653;0.005664464086294174;0.5654062032699585;0.6611176133155823;0.02020704373717308;0.5382578372955322;0.6686988472938538;0.03284125775098801;0.5505471169948578;0.2997927039861679;-0.23862656205892563;0.5933462530374527;0.5501738041639328;-0.16077853366732597;0.5073280930519104;0.557587280869484;-0.1444273181259632;0.5570650498072306;0.7738303144772848;0.19888582328955332;0.5468974908192953;0.7754965424537659;0.21122217178344727;alejandose
4.5;0.5470266342163086;0.3188718855381012;-0.2170395404100418;0.5854127407073975;0.36908137798309326;-0.09950091689825058;0.520494282245636;0.3696857988834381;-0.09192813187837601;0.5953136086463928;0.4624357223510742;-0.056830160319805145;0.5133938193321228;0.4662116467952728;-0.04648871719837189;0.5714409947395325;0.5477930307388306;-0.005724139511585236;0.5359452366828918;0.548049807548523;0.005628418177366257;0.5652430057525635;0.6621271371841431;0.02123832330107689;0.5380011796951294;0.668775200843811;0.03531283140182495;0.5519072771072387;0.3004274606704712;-0.22153299748897554;0.5937272310256958;0.5508575886487961;-0.14734771847724915;0.5073811560869217;0.5569271445274353;-0.13384338095784187;0.5566601554552714;0.7736297647158304;0.2008334994316101;0.5471787055333456;0.7734944820404053;0.20700557033220926;alejandose
4.53;0.5486181974411011;0.3189477324485779;-0.211537167429924;0.5858919620513916;0.36924993991851807;-0.09578769654035568;0.5217249393463135;0.3695196807384491;-0.0879187136888504;0.5956783294677734;0.4627922475337982;-0.05315010994672775;0.5146941542625427;0.4657716751098633;-0.0456576831638813;0.571465790271759;0.5479660630226135;-0.006213916465640068;0.5360190868377686;0.548095166683197;0.006126348860561848;0.5652021169662476;0.6622440814971924;0.018446926027536392;0.5380151271820068;0.6684824824333191;0.03762253373861313;0.5534193575382232;0.3011722266674042;-0.21637569069862367;0.5940273404121399;0.5513628870248795;-0.14190178737044334;0.508096918463707;0.5566521137952805;-0.13391626626253128;0.5569454630215963;0.7725449204444885;0.19727752606074014;0.5473086436589559;0.7717737952868143;0.207326869169871;alejandose
4.57;0.5489857792854309;0.31924259662628174;-0.2116180807352066;0.5861890912055969;0.36932653188705444;-0.09970325231552124;0.5228974223136902;0.369317889213562;-0.08802669495344162;0.5957042574882507;0.4629212021827698;-0.05840412899851799;0.5158783793449402;0.464207261800766;-0.04476607218384743;0.571385383605957;0.5476601719856262;-0.007007015869021416;0.5362896919250488;0.5468716025352478;0.006918259430676699;0.5651960968971252;0.6600616574287415;0.01799100823700428;0.5383867621421814;0.6654752492904663;0.039205849170684814;0.5537671148777008;0.3020593702793121;-0.21703629642724992;0.5942398011684418;0.5514852553606033;-0.1462165303528309;0.5090498924255371;0.5549519211053848;-0.13092970475554466;0.5571938355763754;0.771506647268931;0.1887190341949463;0.5472897291183472;0.7691232959429423;0.20397687951723734;alejandose
4.6;0.5508454442024231;0.32092559337615967;-0.22889186441898346;0.5866736173629761;0.3699006736278534;-0.1071581318974495;0.5238437056541443;0.3690759837627411;-0.10645078122615814;0.5958452224731445;0.46337562799453735;-0.062339283525943756;0.5166252851486206;0.46292644739151;-0.06246103718876839;0.5714127421379089;0.5458934307098389;-0.005555849056690931;0.5367158055305481;0.5450809001922607;0.005467060022056103;0.5652345418930054;0.6570616364479065;0.01922997646033764;0.5385006070137024;0.6632809042930603;0.03910330682992935;0.555336195230484;0.30376275181770324;-0.23470721393823624;0.5944724678993225;0.5514913201332092;-0.1496119499206543;0.5103850662708282;0.5534233152866364;-0.14348294027149677;0.5575365026791891;0.7689074277877808;0.19083975752194723;0.5468141436576843;0.7700193524360657;0.19061837097009024;alejandose
4.63;0.5521140098571777;0.32171306014060974;-0.23695576190948486;0.5871019959449768;0.3713662922382355;-0.11192737519741058;0.5243515372276306;0.36894160509109497;-0.11451282352209091;0.5960099101066589;0.463714063167572;-0.06366262584924698;0.5169670581817627;0.4614017605781555;-0.07168559730052948;0.5716589093208313;0.5451212525367737;-0.0035236359108239412;0.5371161103248596;0.5434494018554688;0.003448228584602475;0.5656315088272095;0.6569704413414001;0.02035360597074032;0.5387753844261169;0.6610530614852905;0.033111367374658585;0.5565594553947448;0.3044488698244095;-0.24198652654886246;0.5944710224866867;0.5511296540498734;-0.15222258865833282;0.5112468153238297;0.5511264503002167;-0.15224102139472961;0.557646910349528;0.7695545554161072;0.1758720427751541;0.5463198820749918;0.7731650471687317;0.16788171728452048;alejandose
4.67;0.5533888339996338;0.3226579427719116;-0.2321213185787201;0.5873139500617981;0.3725026547908783;-0.10713755339384079;0.5247222185134888;0.3689141869544983;-0.11268658936023712;0.5961077809333801;0.46425923705101013;-0.0600614920258522;0.5172832012176514;0.4607161581516266;-0.06886342912912369;0.5717750191688538;0.5451500415802002;-0.002106976695358753;0.5373308658599854;0.5437167286872864;0.0020434195175766945;0.5660642385482788;0.6573774814605713;0.032488808035850525;0.538979172706604;0.6615688800811768;0.03462119773030281;0.5578074216842651;0.3052274018526077;-0.23653846830129624;0.5946955531835556;0.5512131601572037;-0.14789581298828125;0.5117632895708084;0.5498642772436142;-0.15168695524334908;0.557988186677297;0.7686511874198914;0.18835049867630005;0.5459669828414917;0.7741137941678365;0.17352446417013803;alejandose
4.7;0.5542196035385132;0.3229173421859741;-0.2502346336841583;0.5875083208084106;0.372530460357666;-0.11634714901447296;0.525114119052887;0.36891165375709534;-0.13096891343593597;0.5961127281188965;0.4642499089241028;-0.06536433845758438;0.5175790190696716;0.4604033827781677;-0.0918327197432518;0.5721628069877625;0.544089674949646;0.0008725394145585597;0.5381551384925842;0.5428614020347595;-0.0009419267880730331;0.5667077302932739;0.6566327810287476;0.03565007448196411;0.5394150614738464;0.6562491059303284;0.03066639043390751;0.5588277518749237;0.30552491545677185;-0.2542213469743729;0.5952430218458176;0.5511415302753448;-0.15240536257624626;0.5129034519195557;0.5498291105031967;-0.17069170624017715;0.5584169030189514;0.7688503265380859;0.18991751472155252;0.5455910166104635;0.7740430037180582;0.17075628538926443;alejandose
4.73;0.5544438362121582;0.32298722863197327;-0.2402847558259964;0.5877305269241333;0.3724895417690277;-0.10602104663848877;0.5254994630813599;0.3688342869281769;-0.12264035642147064;0.5961155295372009;0.46418413519859314;-0.0556032657623291;0.517776608467102;0.45994141697883606;-0.08281607925891876;0.5723850131034851;0.5433266758918762;0.0016998057253658772;0.5387216210365295;0.5423038005828857;-0.0017692758701741695;0.5668599009513855;0.6563738584518433;0.03801191598176956;0.5396847724914551;0.6556320786476135;0.03179126977920532;0.559136563539505;0.30567031502723696;-0.24385799169540406;0.5955958962440491;0.5510361939668655;-0.14145326241850853;0.5140456855297089;0.5495136976242065;-0.16241266578435898;0.5585232178370158;0.7689427534739176;0.18607690930366516;0.5450301766395569;0.77357945839564;0.16746118664741516;alejandose
4.77;0.5543929934501648;0.3230450451374054;-0.2686523497104645;0.5880945920944214;0.3724498748779297;-0.13296467065811157;0.5259100198745728;0.36871907114982605;-0.1458865851163864;0.5963665843009949;0.4641719162464142;-0.08481661230325699;0.5178470015525818;0.4594116806983948;-0.10844457149505615;0.5726696848869324;0.542354166507721;0.002069410402327776;0.5390931367874146;0.5411121845245361;-0.0021430770866572857;0.567032516002655;0.6555031538009644;0.0383145846426487;0.539758563041687;0.6546289920806885;0.03215444087982178;0.5591257989406586;0.3057585060596466;-0.2740594357252121;0.5957995653152466;0.5508443117141724;-0.17139910534024239;0.5146191567182541;0.5491937845945358;-0.18840838596224785;0.5585725506146749;0.7689531644185384;0.18719225625197092;0.544368584950765;0.7719471653302511;0.17510304103295007;alejandose
4.8;0.5544267892837524;0.32301944494247437;-0.2785165309906006;0.5884261727333069;0.37241819500923157;-0.1439853459596634;0.5263976454734802;0.36851611733436584;-0.15416154265403748;0.596778392791748;0.46415096521377563;-0.09852851182222366;0.5180202722549438;0.4589475691318512;-0.11676576733589172;0.5729030966758728;0.541378378868103;0.002105856314301491;0.539277970790863;0.5398854613304138;-0.0021789749152958393;0.5671132802963257;0.6550382971763611;0.04005191847681999;0.5397571921348572;0.6520602107048035;0.03155648708343506;0.559096097946167;0.30573145151138303;-0.28435376584529876;0.5959017425775528;0.5507049411535263;-0.18595222011208534;0.5147538185119629;0.5487761199474335;-0.19801662862300873;0.5586418112119039;0.7700198491414388;0.18606242537498474;0.5438053011894226;0.7713705698649088;0.1764634276429812;alejandose
4.83;0.5545287132263184;0.32291242480278015;-0.2771594524383545;0.5887010097503662;0.3723469078540802;-0.1458718329668045;0.5266565084457397;0.3682941794395447;-0.1523846685886383;0.5970268845558167;0.4640871584415436;-0.10524579137563705;0.5185079574584961;0.4587501883506775;-0.11618556082248688;0.5731861591339111;0.5400747656822205;0.0017276793951168656;0.5393644571304321;0.5379632115364075;-0.0018020723946392536;0.5671209096908569;0.6515076756477356;0.03739973530173302;0.539741039276123;0.6474975943565369;0.02908015251159668;0.5591692984104156;0.3056883692741394;-0.2826016530394554;0.5958901047706604;0.5504633337259293;-0.19522161781787872;0.5149226039648056;0.5485349595546722;-0.19864396005868912;0.5585949818293253;0.7699986894925436;0.1722047155102094;0.5426395734151205;0.7679772774378458;0.17152133584022522;alejandose
4.87;0.5549124479293823;0.32290661334991455;-0.26953572034835815;0.5888700485229492;0.37224870920181274;-0.1388784945011139;0.5267038345336914;0.3682381212711334;-0.1470562219619751;0.5970965623855591;0.4640011787414551;-0.09465968608856201;0.5188759565353394;0.45857173204421997;-0.11028125882148743;0.5733351707458496;0.540115475654602;0.0015249261632561684;0.5393936634063721;0.5376488566398621;-0.0015987951774150133;0.5670455098152161;0.651787519454956;0.036908719688653946;0.5396392941474915;0.6466400027275085;0.029470978304743767;0.5594370663166046;0.3057537466287613;-0.27486575245857237;0.5958756059408188;0.5497317612171173;-0.18286456912755966;0.5155839323997498;0.5480102747678757;-0.19145194068551064;0.5586550235748291;0.7689111431439718;0.17814092338085175;0.5417914986610413;0.7646047671635946;0.17417550583680472;alejandose
4.9;0.555581271648407;0.3228861093521118;-0.2778709828853607;0.5890164375305176;0.37213844060897827;-0.14093787968158722;0.5267618894577026;0.3681769073009491;-0.15870526432991028;0.5971267819404602;0.46372443437576294;-0.09341484308242798;0.519339382648468;0.4581220746040344;-0.12402772158384323;0.5734441876411438;0.5391581654548645;0.0023389027919620275;0.5395184755325317;0.5368114113807678;-0.0024134647101163864;0.5670459270477295;0.6502698659896851;0.04030320420861244;0.5396528840065002;0.6450737714767456;0.029717762023210526;0.5599759221076965;0.30574495494365694;-0.2830388218164444;0.5958113819360733;0.5484948754310608;-0.1813533902168274;0.51582270860672;0.5473206490278244;-0.20535067096352577;0.5586690704027811;0.768233080705007;0.18582193553447723;0.5416464408238729;0.7615382273991903;0.1787735124429067;alejandose
4.93;0.5555495619773865;0.32253891229629517;-0.24652180075645447;0.5890091061592102;0.37199848890304565;-0.1170632615685463;0.5268089771270752;0.3680405914783478;-0.1396685391664505;0.5971367955207825;0.46322640776634216;-0.06855900585651398;0.5197726488113403;0.45742493867874146;-0.11402100324630737;0.5735003352165222;0.5391542911529541;0.0023879853542894125;0.5397104620933533;0.5370375514030457;-0.002467541489750147;0.5671050548553467;0.6500392556190491;0.04077388718724251;0.5396537780761719;0.6461708545684814;0.037117138504981995;0.5599775910377502;0.30555706918239595;-0.2505285829305649;0.5955779403448105;0.5464483946561813;-0.15717337653040886;0.5159355401992798;0.5468284040689468;-0.18952535837888718;0.5589033166567484;0.7669251759847006;0.19429048895835876;0.5416907469431559;0.7589706182479858;0.1882413774728775;alejandose
4.97;0.5554543733596802;0.32251548767089844;-0.23963558673858643;0.5889976024627686;0.37198877334594727;-0.11103366315364838;0.526785135269165;0.36798715591430664;-0.13331715762615204;0.597046434879303;0.4630658030509949;-0.06128993630409241;0.5200265049934387;0.45704540610313416;-0.10590473562479019;0.5736144185066223;0.5388597846031189;0.003220188431441784;0.539965808391571;0.5370693802833557;-0.0033019648399204016;0.56717848777771;0.6497474312782288;0.04008150100708008;0.5395541787147522;0.6470250487327576;0.03901137784123421;0.5598871886730195;0.3055347174406052;-0.24363268166780472;0.5952300727367401;0.5452542901039124;-0.14870133996009827;0.5160167217254639;0.546581506729126;-0.1784229390323162;0.5589432517687479;0.7661977012952169;0.1934060404698054;0.5417980551719666;0.7540860573450724;0.1919341484705607;alejandose
5.0;0.5553763508796692;0.3223653733730316;-0.24018226563930511;0.5889441967010498;0.37195995450019836;-0.10870390385389328;0.5267490744590759;0.36798226833343506;-0.1334061473608017;0.5968582034111023;0.4627915322780609;-0.05860178917646408;0.5201859474182129;0.4570334553718567;-0.10399966686964035;0.5737132430076599;0.5379570722579956;0.005639072507619858;0.5402382612228394;0.5360638499259949;-0.005725459195673466;0.5672484636306763;0.6487823724746704;0.04013632982969284;0.5394662022590637;0.6461572051048279;0.03188864886760712;0.5598203182220459;0.3053996592760086;-0.24379585385322572;0.5949095040559769;0.544391080737114;-0.1466939076781273;0.5159467905759811;0.5462544560432434;-0.1789964772760868;0.559066375096639;0.7658137480417887;0.19170379638671875;0.5419015288352966;0.7494720419247946;0.1906434694925944;alejandose
5.03;0.5552732944488525;0.3208692669868469;-0.23514394462108612;0.5885487198829651;0.37194618582725525;-0.09921199828386307;0.5267379879951477;0.36797815561294556;-0.13400863111019135;0.596461832523346;0.4626009166240692;-0.04727756232023239;0.5203372836112976;0.4570736587047577;-0.10728588700294495;0.5737133622169495;0.5380128026008606;0.008402042090892792;0.5403227806091309;0.5361958146095276;-0.008506259880959988;0.5672194361686707;0.6489162445068359;0.044763486832380295;0.5393996238708496;0.6463603377342224;0.0323251448571682;0.5596388638019562;0.3045254170894623;-0.2376028448343277;0.5949302017688751;0.5440642684698105;-0.13795083574950695;0.516255110502243;0.5462697297334671;-0.1831308864057064;0.5591458082199097;0.7644707361857096;0.20960609118143717;0.5422642032305399;0.7471872766812643;0.20627203087011972;alejandose
5.07;0.5550750494003296;0.3206559717655182;-0.2369133085012436;0.5877074003219604;0.3719022870063782;-0.09909168630838394;0.5263983607292175;0.36806219816207886;-0.1356354057788849;0.5959034562110901;0.46218568086624146;-0.04870162531733513;0.5203595161437988;0.457485169172287;-0.10943897068500519;0.5736083388328552;0.5378958582878113;0.008647188544273376;0.5403115153312683;0.5361706614494324;-0.008745172061026096;0.5671728253364563;0.6491071581840515;0.043149564415216446;0.5391226410865784;0.646697461605072;0.032363444566726685;0.559348851442337;0.30447929799556733;-0.23953229933977127;0.5946233570575714;0.5433829575777054;-0.1424428652971983;0.5163357257843018;0.5464377403259277;-0.1886032037436962;0.5592461228370667;0.7638578216234843;0.20391754309336343;0.5424529115358988;0.7432433565457662;0.22593397398789725;alejandose
5.1;0.5547559261322021;0.3205784261226654;-0.22930575907230377;0.5869887471199036;0.37189117074012756;-0.09519403427839279;0.5257164835929871;0.36835166811943054;-0.1317828893661499;0.5953277945518494;0.4618108570575714;-0.04610961675643921;0.5203211903572083;0.45819470286369324;-0.10875798761844635;0.5731317400932312;0.5379076600074768;0.008079149760305882;0.5402078628540039;0.5360134840011597;-0.00817400123924017;0.5668509602546692;0.649237334728241;0.0422745905816555;0.539010226726532;0.6466875672340393;0.03365224599838257;0.5589819729328156;0.3044414520263672;-0.23139944076538085;0.593795895576477;0.5430482923984528;-0.13851681910455227;0.5163264572620392;0.5467041283845901;-0.184894397854805;0.559341311454773;0.7628289461135864;0.20322920382022858;0.5425528089205424;0.741756538550059;0.21939084430535635;alejandose
5.13;0.5529047250747681;0.3214907646179199;-0.2270343005657196;0.5861755013465881;0.3718699812889099;-0.09688728302717209;0.5248619914054871;0.36874130368232727;-0.12418927997350693;0.5944788455963135;0.4612447917461395;-0.049719445407390594;0.5194031000137329;0.458447128534317;-0.09576559066772461;0.5726832151412964;0.5382148623466492;0.007515227887779474;0.539836049079895;0.5363063812255859;-0.007601807359606028;0.5662171840667725;0.6493636965751648;0.04416647553443909;0.538986325263977;0.647391676902771;0.04486498236656189;0.557565039396286;0.30486243069171903;-0.23002863079309463;0.5929094403982162;0.5426388680934906;-0.14252599142491817;0.5164029747247696;0.5467380732297897;-0.17320585995912552;0.5593724250793457;0.7621664603551229;0.2056122620900472;0.5426103075345358;0.7415618300437927;0.22332272926966348;alejandose
5.17;0.550798237323761;0.3237916827201843;-0.22954709827899933;0.5848250389099121;0.3718843460083008;-0.09952286630868912;0.5236256122589111;0.3697011172771454;-0.12329396605491638;0.5937588214874268;0.4608074128627777;-0.05277678743004799;0.5181989073753357;0.4588417410850525;-0.09122440963983536;0.5720648169517517;0.5383546948432922;0.007363105658441782;0.5390695333480835;0.5365043878555298;-0.007444577291607857;0.565341055393219;0.6494781970977783;0.04352825880050659;0.5390095114707947;0.6494834423065186;0.04312565550208092;0.5557246148586273;0.30627313554286956;-0.23287143856287001;0.5926627516746521;0.5423694103956223;-0.14381257444620132;0.5163816064596176;0.5467762351036072;-0.16801167652010918;0.5593029657999674;0.7621305187543234;0.19923584659894308;0.5425178209940592;0.7414904236793518;0.21962635715802512;alejandose
5.2;0.5495839715003967;0.3246047794818878;-0.21500203013420105;0.5836511850357056;0.3718718886375427;-0.0878978818655014;0.5223575234413147;0.3708028495311737;-0.11035612970590591;0.5930598974227905;0.4599308967590332;-0.04453134909272194;0.516772449016571;0.4593580365180969;-0.07883723080158234;0.5713920593261719;0.5383710861206055;0.007291075307875872;0.5384899973869324;0.5365647077560425;-0.007362480275332928;0.5647605657577515;0.649567723274231;0.03839733079075813;0.5389578938484192;0.6506993770599365;0.03972914442420006;0.5543277561664581;0.30682350397109986;-0.21792692244052886;0.592289075255394;0.542081817984581;-0.1398580800741911;0.5161930620670319;0.5467322915792465;-0.15522599965333939;0.5591040651003519;0.7622250517209371;0.1794641613960266;0.542494555314382;0.7405935327212015;0.21619236965974173;alejandose
5.23;0.5489408373832703;0.3250461220741272;-0.2183181792497635;0.5822315216064453;0.37186580896377563;-0.09194336831569672;0.5212594866752625;0.371427446603775;-0.11320436000823975;0.5922898054122925;0.4593432545661926;-0.04844781756401062;0.5156895518302917;0.4596927762031555;-0.08169572800397873;0.5705050826072693;0.538408637046814;0.005576761905103922;0.5377718806266785;0.5367158055305481;-0.0056385379284620285;0.5640024542808533;0.6491709351539612;0.031397268176078796;0.5385264754295349;0.6504265069961548;0.046012308448553085;0.5534872174263;0.30725152492523194;-0.22127722650766374;0.5920631736516953;0.5417924970388412;-0.1422059517353773;0.5153949409723282;0.5465525835752487;-0.15703235939145088;0.5588958064715067;0.7622608741124471;0.16102547695239386;0.5425162116686503;0.7391239007314047;0.2286473015944163;alejandose
5.27;0.5480078458786011;0.3253498673439026;-0.21142418682575226;0.581108033657074;0.3718598484992981;-0.09131324291229248;0.5204969644546509;0.3722396790981293;-0.10253618657588959;0.5911738276481628;0.4590277075767517;-0.0495268888771534;0.5147568583488464;0.46023157238960266;-0.06891507655382156;0.5695704817771912;0.5388060212135315;0.0028517432510852814;0.536784291267395;0.537273645401001;-0.002917869947850704;0.5634732842445374;0.6492035984992981;0.032880999147892;0.5380013585090637;0.6508284211158752;0.04480510205030441;0.5525771915912628;0.3075513392686844;-0.21457699537277222;0.591395229101181;0.5417072027921677;-0.14111138693988323;0.5146503746509552;0.5465511530637741;-0.14517789706587791;0.5589614311854044;0.7614987889925638;0.17376815527677536;0.5429114103317261;0.7400354941685995;0.20748447378476462;alejandose
5.3;0.547536313533783;0.32531699538230896;-0.2104768604040146;0.5804068446159363;0.37184813618659973;-0.0919286236166954;0.5198191404342651;0.3731933534145355;-0.09949184209108353;0.5904558897018433;0.4585525691509247;-0.04968057945370674;0.5142260789871216;0.46076998114585876;-0.06665501743555069;0.5688855648040771;0.5389068722724915;-1,78E+11;0.5361907482147217;0.5377854108810425;-3,84E+11;0.5632213354110718;0.6489635705947876;0.025539996102452278;0.5375354886054993;0.6508267521858215;0.047687139362096786;0.551874178647995;0.30759102404117583;-0.21328359842300415;0.5910805612802505;0.5414195358753204;-0.1418970450758934;0.5139785408973694;0.5465357303619385;-0.1449601612985134;0.5591894785563151;0.7609216769536337;0.16874570647875467;0.5433570742607117;0.74057404200236;0.21786215901374817;alejandose
5.33;0.5467610359191895;0.32545006275177;-0.2380741387605667;0.5797759890556335;0.3717590570449829;-0.11265815794467926;0.5190355777740479;0.37368255853652954;-0.12000880390405655;0.5899950861930847;0.45798376202583313;-0.07145270705223083;0.5136647820472717;0.46104153990745544;-0.08535676449537277;0.5684587955474854;0.5380393862724304;-0.000817341438960284;0.5358495712280273;0.5377735495567322;0.0007597757503390312;0.5629933476448059;0.6474843621253967;0.023504899814724922;0.537368655204773;0.6508540511131287;0.04676719382405281;0.5510405480861664;0.30780118703842163;-0.24201347082853317;0.590365469455719;0.540852427482605;-0.16073013097047806;0.5136643648147583;0.5461538583040237;-0.1648542881011963;0.5592115521430969;0.7603660623232523;0.1647964467604955;0.543432891368866;0.740485688050588;0.22487230598926544;alejandose
5.37;0.5459078550338745;0.32563838362693787;-0.244988352060318;0.5792657732963562;0.37155765295028687;-0.12030373513698578;0.5184326767921448;0.37424734234809875;-0.12437976151704788;0.5897860527038574;0.4572080075740814;-0.0792468786239624;0.5131686329841614;0.4615730047225952;-0.08697345107793808;0.5682346820831299;0.5375519394874573;-0.0016324636526405811;0.5354636907577515;0.5377798080444336;0.0015705069527029991;0.5628533363342285;0.6466014981269836;0.024366391822695732;0.5372439622879028;0.6512922644615173;0.043659333139657974;0.5500551521778106;0.308091875910759;-0.24938557744026185;0.5898646712303162;0.5403156280517578;-0.16796841844916344;0.5129799693822861;0.5458575785160065;-0.16705700382590294;0.5594803690910339;0.7589819232622782;0.17029835283756256;0.5435951352119446;0.74093625942866;0.21355060239632925;alejandose
5.4;0.5448073744773865;0.3265225291252136;-0.26462996006011963;0.578986644744873;0.37140780687332153;-0.13588844239711761;0.51810222864151;0.3744671046733856;-0.1363627016544342;0.589547336101532;0.45645466446876526;-0.09782891720533371;0.512576162815094;0.46155884861946106;-0.0968470647931099;0.5679646134376526;0.5372170805931091;-0.0021030947100371122;0.5351415872573853;0.5378186702728271;0.002050304552540183;0.562491238117218;0.6455342769622803;0.02542954869568348;0.5371562242507935;0.6518888473510742;0.04787605255842209;0.54902862906456;0.3089865863323212;-0.2704094246029854;0.5889819860458374;0.5398266762495041;-0.1915023736655712;0.5128955543041229;0.5449106991291046;-0.18039581924676895;0.5595048268636068;0.7579246362050375;0.17337080091238022;0.543594241142273;0.7412230968475342;0.22913800179958344;alejandose
5.43;0.5445860624313354;0.3270075023174286;-0.25761309266090393;0.5785741806030273;0.3708942234516144;-0.1289297342300415;0.5179507732391357;0.3745597302913666;-0.13429199159145355;0.5891767144203186;0.45533883571624756;-0.08688104152679443;0.5122778415679932;0.4614982604980469;-0.09602487087249756;0.5679337382316589;0.5358502864837646;-0.0020628650672733784;0.5351746082305908;0.5375998616218567;0.002010456984862685;0.5617921948432922;0.6439206600189209;0.026384558528661728;0.5371658205986023;0.6514682173728943;0.04414338618516922;0.5486445188522339;0.30938670635223386;-0.2627014547586441;0.5882144868373871;0.5387440174818039;-0.17803260311484337;0.5128401070833206;0.5436142534017563;-0.17785044386982918;0.5593188206354777;0.7566614747047424;0.17391576369603476;0.543502926826477;0.7414624691009521;0.20900348822275797;alejandose
5.47;0.5444050431251526;0.32682862877845764;-0.2508722245693207;0.5785489082336426;0.37071648240089417;-0.12370157241821289;0.5179182887077332;0.3746110796928406;-0.13187137246131897;0.5887803435325623;0.4550033509731293;-0.08163195848464966;0.5121774673461914;0.4613940119743347;-0.09538906067609787;0.567889392375946;0.5351487994194031;-0.0018893511733040214;0.5351998805999756;0.5372263193130493;0.0018358426168560982;0.5613150000572205;0.6433281302452087;0.030212262645363808;0.5371744632720947;0.6508090496063232;0.04156485199928284;0.5484131693840026;0.3091268241405487;-0.25537796765565873;0.5874748528003693;0.5381036847829819;-0.1721191145479679;0.512754276394844;0.5428390204906464;-0.17572151124477386;0.5590853889783224;0.7559822996457418;0.1767557511727015;0.5434750914573669;0.7437301675478617;0.19602897763252258;alejandose
5.5;0.5439150929450989;0.3266211748123169;-0.24851566553115845;0.5785104036331177;0.3706744611263275;-0.12428562343120575;0.5180054306983948;0.37457990646362305;-0.12863081693649292;0.5883616209030151;0.4548693597316742;-0.08694866299629211;0.5121428370475769;0.46112126111984253;-0.09045971930027008;0.5676791071891785;0.5347249507904053;-0.0030594835989177227;0.5351186394691467;0.5365753173828125;0.0030068804044276476;0.5613029599189758;0.6419514417648315;0.0302934218198061;0.5369530916213989;0.6488969326019287;0.04505263641476631;0.5480182349681855;0.30877423882484434;-0.2532116398215294;0.5868894010782242;0.5380614250898361;-0.17916475981473923;0.5126259326934814;0.5426427572965622;-0.1749587133526802;0.5590565999348959;0.7515393296877543;0.19021819531917572;0.5434244672457377;0.7437371214230856;0.20083813865979513;alejandose
5.53;0.5440587997436523;0.32632339000701904;-0.23480364680290222;0.5784748196601868;0.3706216812133789;-0.11729291826486588;0.5181015729904175;0.3745153248310089;-0.11621510237455368;0.5876818895339966;0.4548628032207489;-0.08286408334970474;0.5122381448745728;0.4604640007019043;-0.07855532318353653;0.5675442814826965;0.5343405604362488;-0.003133277175948024;0.5350515246391296;0.5357515215873718;0.0030752818565815687;0.561355471611023;0.641278862953186;0.033533621579408646;0.5366674661636353;0.646869421005249;0.0486576110124588;0.5480887174606324;0.30849229395389555;-0.23945654034614564;0.5864288508892059;0.5379714369773865;-0.17595915868878365;0.5123246908187866;0.542406365275383;-0.16076984629034996;0.5590532422065735;0.7494929234186808;0.19470698634783426;0.5434097051620483;0.7437280019124349;0.2036925752957662;alejandose
5.57;0.5434061288833618;0.32567980885505676;-0.2374890297651291;0.5785386562347412;0.370576947927475;-0.12506526708602905;0.518196165561676;0.3742365837097168;-0.11683231592178345;0.5873982906341553;0.45482537150382996;-0.09477299451828003;0.5122706294059753;0.4589356482028961;-0.0778735876083374;0.5673624277114868;0.5334898829460144;-0.004891959484666586;0.5349682569503784;0.533991813659668;0.004837967921048403;0.5613605380058289;0.6391022801399231;0.03314949944615364;0.5362616777420044;0.6427476406097412;0.04777514562010765;0.5475025773048401;0.30794903039932253;-0.24338576197624207;0.5862286537885666;0.5379390865564346;-0.18818968906998634;0.511968806385994;0.5416822284460068;-0.16191347688436508;0.559091587861379;0.7469538648923238;0.195697749654452;0.5434972842534384;0.7442840536435446;0.2026513715585073;alejandose
5.6;0.5432577133178711;0.3250088095664978;-0.2283385545015335;0.5786112546920776;0.37057843804359436;-0.12135588377714157;0.518552839756012;0.3738234341144562;-0.10540442168712616;0.5870569348335266;0.4548499286174774;-0.08849156647920609;0.512581467628479;0.45786145329475403;-0.0655134990811348;0.5672637224197388;0.5328276753425598;-0.005886137951165438;0.5348941683769226;0.5328666567802429;0.005833832547068596;0.5613879561424255;0.637360692024231;0.0318278893828392;0.5359658002853394;0.6395699977874756;0.047302767634391785;0.5473487436771393;0.30738636255264284;-0.23354139178991318;0.5861834734678268;0.5379700660705566;-0.18120450899004936;0.511820450425148;0.54084911942482;-0.14967819675803185;0.5590414007504781;0.7441909114519755;0.19282333552837372;0.5434051950772604;0.7441799441973368;0.19962281982103983;alejandose
5.63;0.5432960391044617;0.32457563281059265;-0.22836485505104065;0.578625500202179;0.37061822414398193;-0.11948300153017044;0.5188817977905273;0.3733683228492737;-0.10722477734088898;0.5868807435035706;0.45486751198768616;-0.08599041402339935;0.5131790041923523;0.45696893334388733;-0.06908515095710754;0.5671699643135071;0.5325872898101807;-0.00553861353546381;0.5348593592643738;0.5319512486457825;0.005487927235662937;0.5615246891975403;0.6365723013877869;0.030718499794602394;0.5359850525856018;0.6370806097984314;0.04259937256574631;0.5474408388137817;0.3070370703935623;-0.23298279345035552;0.5862774103879929;0.5379956513643265;-0.18056288734078407;0.5116151720285416;0.5402098149061203;-0.15184258669614792;0.5588160753250122;0.7441386183102926;0.17934719224770865;0.5433869163195292;0.7446326812108358;0.1824942429860433;alejandose
5.67;0.5433932542800903;0.3236187696456909;-0.22540715336799622;0.5787045955657959;0.3706326186656952;-0.11589742451906204;0.5194952487945557;0.37279626727104187;-0.10541132092475891;0.5868867039680481;0.45488134026527405;-0.08567718416452408;0.5136532783508301;0.4556732475757599;-0.06798497587442398;0.5671891570091248;0.5325199365615845;-0.005426235496997833;0.5348594784736633;0.5315686464309692;0.005372827406972647;0.5616936087608337;0.6370309591293335;0.0333394855260849;0.5360018610954285;0.636259913444519;0.04267977923154831;0.5475656449794769;0.30636011958122256;-0.22984340637922288;0.5863552838563919;0.5380219966173172;-0.1762615106999874;0.5114525258541107;0.5395204722881317;-0.1513325423002243;0.5588111678759257;0.7435162464777628;0.18637224038441977;0.5435766379038492;0.744702676932017;0.18710901339848837;alejandose
5.7;0.5434766411781311;0.3227132260799408;-0.19612540304660797;0.578841507434845;0.3706345558166504;-0.0927400290966034;0.5201056599617004;0.372355580329895;-0.08259592205286026;0.586902379989624;0.45489633083343506;-0.060543857514858246;0.5146068334579468;0.45550093054771423;-0.046594277024269104;0.5671538710594177;0.5325806140899658;-0.005392748862504959;0.5348040461540222;0.5316453576087952;0.005333667155355215;0.5617058873176575;0.6381743550300598;0.03645477071404457;0.5360749959945679;0.6370741724967957;0.044826555997133255;0.5477680563926697;0.3058126926422119;-0.1999242678284645;0.5863841772079468;0.5382331162691116;-0.14587334543466568;0.5113695859909058;0.5395850390195847;-0.12708305567502975;0.5588357051213583;0.7425935467084249;0.18702016274134317;0.5437363982200623;0.7458461324373881;0.18298734724521637;alejandose
5.73;0.5435134172439575;0.32249513268470764;-0.18880465626716614;0.5791395902633667;0.3707166612148285;-0.0900077298283577;0.5210260152816772;0.37183383107185364;-0.07493728399276733;0.5868736505508423;0.4549853503704071;-0.05782514810562134;0.5155800580978394;0.455577552318573;-0.037644319236278534;0.5670956373214722;0.5326260924339294;-0.0065517970360815525;0.5347145795822144;0.5315936207771301;0.006474752444773912;0.561630129814148;0.6400388479232788;0.028769711032509804;0.5361770987510681;0.6370390057563782;0.047132186591625214;0.5480076372623444;0.3057315945625305;-0.19317348152399064;0.5865899473428726;0.5385496914386749;-0.1409005243331194;0.511298879981041;0.5396668910980225;-0.11712866090238094;0.5588739315668741;0.7422507802645365;0.1790468841791153;0.5441637833913168;0.7457590897878011;0.18624572455883026;alejandose
5.77;0.5436322689056396;0.3222654163837433;-0.18893782794475555;0.5795174837112427;0.3710525333881378;-0.09067121893167496;0.5217512845993042;0.37147682905197144;-0.07465898990631104;0.5868869423866272;0.4552806615829468;-0.05987497419118881;0.516119122505188;0.45543190836906433;-0.03722856566309929;0.5671019554138184;0.5326322913169861;-0.006670932285487652;0.5347262620925903;0.5316408276557922;0.006592034362256527;0.5616633296012878;0.6402223706245422;0.029006915166974068;0.5362446308135986;0.6365558505058289;0.04906611517071724;0.5482203543186188;0.30553585588932036;-0.1932128667831421;0.5867689847946167;0.5385797321796417;-0.14556840807199478;0.5113014876842499;0.5396700203418732;-0.11731301434338093;0.5589601397514343;0.7421147624651591;0.1797200491031011;0.5442354480425516;0.7452059984207153;0.18867466350396475;alejandose
5.8;0.5442041754722595;0.3221319615840912;-0.1966281533241272;0.5800100564956665;0.37116146087646484;-0.10178939253091812;0.5222868919372559;0.37129366397857666;-0.08003773540258408;0.5869293212890625;0.4555533528327942;-0.06818179041147232;0.5165959000587463;0.4551491439342499;-0.047325171530246735;0.5672329068183899;0.5314120054244995;-0.006516645662486553;0.5348084568977356;0.530907392501831;0.006437800824642181;0.5617323517799377;0.639614462852478;0.030379315838217735;0.5362606644630432;0.6349009871482849;0.049371927976608276;0.5487216651439667;0.30552221536636354;-0.20098791867494584;0.5869849622249603;0.5385315865278244;-0.14906050637364388;0.5113622546195984;0.5394884347915649;-0.12882021069526672;0.5589661598205566;0.7415045499801636;0.1781404713789622;0.5440690318743387;0.7447642286618551;0.18742731710275015;alejandose
5.83;0.5449169278144836;0.321988970041275;-0.2318386286497116;0.580348014831543;0.37125536799430847;-0.12465523928403854;0.522645890712738;0.3710288405418396;-0.10994932055473328;0.587090790271759;0.4558761715888977;-0.0913933739066124;0.5172269344329834;0.45459601283073425;-0.07119999825954437;0.5674498677253723;0.5303527116775513;-0.006411922629922628;0.5348650813102722;0.5296797156333923;0.006333373486995697;0.5617912411689758;0.639207124710083;0.032360367476940155;0.5362709760665894;0.6340001225471497;0.048925451934337616;0.5494134247303009;0.3055050909519196;-0.2369853988289833;0.5871411859989166;0.5385762006044388;-0.173404511064291;0.5120040774345398;0.5381823033094406;-0.14999839663505554;0.558909277121226;0.7413217822710673;0.17727682987848917;0.5438310106595358;0.7447584470113119;0.18443362911542258;alejandose
5.87;0.5455385446548462;0.32199612259864807;-0.24811923503875732;0.5806939601898193;0.371265709400177;-0.13668310642242432;0.5231199264526367;0.37060078978538513;-0.12430984526872635;0.5872964262962341;0.45612823963165283;-0.10225273668766022;0.5176424980163574;0.4537665545940399;-0.08532673120498657;0.5675345063209534;0.5293475389480591;-0.006174902897328138;0.5348886251449585;0.5284786224365234;0.00609238538891077;0.5618555545806885;0.6391608119010925;0.03358949348330498;0.5362979769706726;0.6341701745986938;0.04906182736158371;0.5499818205833436;0.305553263425827;-0.2538981601595879;0.5873480886220932;0.5386535078287125;-0.18347645550966263;0.5132875591516495;0.5371406823396683;-0.16363679990172386;0.5589247544606527;0.7408400972684225;0.17946787675221762;0.5438168048858643;0.7446399728457133;0.18587966759999594;alejandose
5.9;0.5462853908538818;0.32215437293052673;-0.24293512105941772;0.5810495615005493;0.3713442385196686;-0.13210724294185638;0.5235886573791504;0.3702786862850189;-0.12162388861179352;0.5877476334571838;0.45664796233177185;-0.09598267823457718;0.5177371501922607;0.45353639125823975;-0.08312490582466125;0.5675820708274841;0.529146134853363;-0.005655235145241022;0.534953236579895;0.5280326008796692;0.005566006060689688;0.562039852142334;0.6391628384590149;0.033624302595853806;0.5363529920578003;0.6344873309135437;0.04899245500564575;0.5505530655384063;0.3057474881410599;-0.24837783873081207;0.5874958336353302;0.5388129353523254;-0.1771981678903103;0.5139359086751938;0.5367366969585419;-0.16077237948775291;0.5589157938957214;0.7405452132225037;0.18010691305001578;0.5436879396438599;0.7435428897539774;0.18670117358366647;alejandose
5.93;0.5466426014900208;0.3223803639411926;-0.23778049647808075;0.5812473893165588;0.3713477849960327;-0.12917904555797577;0.5239099264144897;0.37004467844963074;-0.11716648191213608;0.5880923271179199;0.4569472074508667;-0.09250675141811371;0.5178326368331909;0.45342057943344116;-0.07821312546730042;0.5676161050796509;0.528657853603363;-0.005618762690573931;0.5350205302238464;0.5272256135940552;0.005529774818569422;0.5621538162231445;0.638603925704956;0.030140569433569908;0.5363780856132507;0.6347007751464844;0.048364125192165375;0.5508894324302673;0.30606808960437776;-0.24333626478910447;0.5876588374376297;0.538960874080658;-0.17504582926630974;0.5139150619506836;0.5359277278184891;-0.15896811336278915;0.558963398138682;0.740584671497345;0.17449799428383508;0.5435583194096884;0.7432554364204407;0.1843184530735016;alejandose
5.97;0.5469751358032227;0.32241395115852356;-0.24293702840805054;0.58127760887146;0.37136712670326233;-0.1331205815076828;0.524008572101593;0.36986032128334045;-0.12030944973230362;0.5882906317710876;0.45700976252555847;-0.09794468432664871;0.5178742408752441;0.4532252550125122;-0.08054638653993607;0.5676146149635315;0.5271894931793213;-0.005800236482173204;0.5350235104560852;0.5254388451576233;0.005712985526770353;0.5621820688247681;0.6356795430183411;0.022980904206633568;0.5363894104957581;0.633014440536499;0.043102018535137177;0.5512811541557312;0.3061556488275528;-0.2483976289629936;0.5878237634897232;0.5389817655086517;-0.1775491125881672;0.5138797610998154;0.535207211971283;-0.15909568592905998;0.5590819517771403;0.7406931519508362;0.15690926710764566;0.5432248115539551;0.7422383030255636;0.1739173357685407;alejandose
6.0;0.5474690794944763;0.32241690158843994;-0.25037986040115356;0.5814213156700134;0.37136828899383545;-0.138495072722435;0.5241962671279907;0.36950188875198364;-0.1266317516565323;0.5886504650115967;0.45700469613075256;-0.10429344326257706;0.5178780555725098;0.4528798758983612;-0.08681219816207886;0.5676612854003906;0.5251362919807434;-0.005756445694714785;0.5350542664527893;0.5233954787254333;0.005670248996466398;0.5625479221343994;0.6327693462371826;0.021250048652291298;0.5365086197853088;0.6302783489227295;0.036473266780376434;0.5517907798290252;0.30618403255939486;-0.2555735483765602;0.5880415886640549;0.5389883518218994;-0.18508702516555786;0.5137195438146591;0.5343127697706223;-0.16531939432024956;0.5590266386667887;0.7408230900764465;0.15170891086260477;0.5424930453300476;0.7413148880004883;0.16622742265462875;alejandose
6.03;0.5474472045898438;0.32279351353645325;-0.24260678887367249;0.5814865827560425;0.3714245855808258;-0.1303745061159134;0.5241788029670715;0.3692820966243744;-0.11968792974948883;0.5887326002120972;0.4569079279899597;-0.09453670680522919;0.5179088711738586;0.4525616466999054;-0.07975815236568451;0.5676754117012024;0.5243049263954163;-0.005695739295333624;0.5351025462150574;0.5227387547492981;0.005611558444797993;0.5625597238540649;0.6308823823928833;0.018874138593673706;0.5365917086601257;0.628872275352478;0.032942432910203934;0.5517669022083282;0.3064705729484558;-0.24737246483564376;0.5881716907024384;0.5388481020927429;-0.17411834746599197;0.5136775076389313;0.5334748327732086;-0.15973258018493652;0.558927039305369;0.7408179839452108;0.15128770967324576;0.5421713391939799;0.7402747670809428;0.16204806168874106;alejandose
6.07;0.5474625825881958;0.3230603337287903;-0.2175111174583435;0.581522524356842;0.37146157026290894;-0.10989712923765182;0.524169921875;0.36909642815589905;-0.10176640748977661;0.5888517498970032;0.45665428042411804;-0.07388363033533096;0.518003523349762;0.4523020386695862;-0.06482376903295517;0.5677638053894043;0.52336585521698;-0.005587505176663399;0.535326361656189;0.5217607617378235;0.0055054184049367905;0.5625718235969543;0.6297572255134583;0.01004565879702568;0.5365974307060242;0.6273766160011292;0.027655484154820442;0.5517963826656341;0.3067126601934433;-0.22164868414402009;0.5882252007722855;0.5386798083782196;-0.15242848545312881;0.513798251748085;0.5330911725759506;-0.1410628817975521;0.5586459636688232;0.7408790787061056;0.13398111363252005;0.5419703324635824;0.7386324405670166;0.14832922319571176;alejandose
6.1;0.5472880601882935;0.32333385944366455;-0.1952119916677475;0.5815072059631348;0.3714536428451538;-0.092269666492939;0.52414870262146;0.36895957589149475;-0.08512253314256668;0.5888689756393433;0.4562525451183319;-0.05512525886297226;0.518161952495575;0.4522668421268463;-0.04964283108711243;0.5678092837333679;0.5231751799583435;-0.005183751229196787;0.535476565361023;0.5214110016822815;0.005104531068354845;0.5626532435417175;0.6299793720245361;0.013690044172108173;0.5365563035011292;0.6266927123069763;0.02951107546687126;0.5516681015491486;0.30701464116573335;-0.19913896173238754;0.5882958620786667;0.5382749438285828;-0.1314113773405552;0.5140344053506851;0.5331345200538635;-0.12390967458486557;0.5584298968315125;0.7407440741856893;0.14140726129213968;0.5418270428975424;0.736209770043691;0.15215603013833365;alejandose
6.13;0.5471599698066711;0.32355889678001404;-0.19016654789447784;0.5813490748405457;0.37139493227005005;-0.08662157505750656;0.5241377949714661;0.36891210079193115;-0.08279875665903091;0.5888393521308899;0.4555314779281616;-0.0494367890059948;0.5183042287826538;0.4522177577018738;-0.04902222007513046;0.5678272247314453;0.5231522917747498;-0.00437637884169817;0.535701334476471;0.5209828615188599;0.004302908666431904;0.5627314448356628;0.6302043199539185;0.015173581428825855;0.5364447832107544;0.6254931092262268;0.02812681719660759;0.551526015996933;0.3071796953678131;-0.19367763698101043;0.5883034765720367;0.5378753691911697;-0.12592067383229733;0.5144292414188385;0.5331694036722183;-0.1218894012272358;0.5579222838083903;0.7406867146492004;0.13973654061555862;0.5413500467936198;0.7346906860669454;0.1473163366317749;alejandose
6.17;0.5467591285705566;0.3241104483604431;-0.18389606475830078;0.5808490514755249;0.3712519109249115;-0.08005518466234207;0.5236644148826599;0.3689197301864624;-0.07551760226488113;0.588726818561554;0.45487648248672485;-0.04429071024060249;0.5183563828468323;0.45222941040992737;-0.04237011820077896;0.5678312182426453;0.5231937170028687;-0.00395976984873414;0.5357704162597656;0.5212541818618774;0.003895434085279703;0.562744140625;0.6303332448005676;0.014787379652261734;0.5362798571586609;0.6259698271751404;0.0276504959911108;0.551213264465332;0.307397723197937;-0.18709361106157302;0.5883046835660934;0.537482813000679;-0.1243937686085701;0.51441490650177;0.5331999361515045;-0.1178564578294754;0.5578099687894186;0.7406219244003296;0.1420085330804189;0.5411368608474731;0.7333583037058512;0.14920364071925482;alejandose
6.2;0.5461897850036621;0.3244074881076813;-0.18857650458812714;0.5797758102416992;0.37107741832733154;-0.08164575695991516;0.5225027799606323;0.3692161440849304;-0.08086830377578735;0.5884658098220825;0.45429056882858276;-0.045105088502168655;0.5183496475219727;0.45241060853004456;-0.04814165085554123;0.5678232312202454;0.5232224464416504;-0.0027194644790142775;0.535882294178009;0.5213463306427002;0.0026631311047822237;0.5627902746200562;0.6307476162910461;0.014518000185489655;0.5361618995666504;0.6262182593345642;0.024638626724481583;0.5507449924945831;0.307501620054245;-0.19155520647764207;0.5882823318243027;0.536934569478035;-0.1261497288942337;0.5143670737743378;0.5334218889474869;-0.12298489362001419;0.5578567783037821;0.7405564586321512;0.14079703142245611;0.5410919388135275;0.7333793044090271;0.14421028395493826;alejandose
6.23;0.5453332662582397;0.32438164949417114;-0.17775580286979675;0.5787661075592041;0.3706513047218323;-0.07481620460748672;0.521615207195282;0.36924588680267334;-0.07141246646642685;0.5878461003303528;0.4533502757549286;-0.0403304286301136;0.5181388258934021;0.45242512226104736;-0.03982904180884361;0.5677667856216431;0.5234430432319641;-0.0027650403790175915;0.535893440246582;0.5217997431755066;0.0027088026981800795;0.5628078579902649;0.6315701007843018;0.01061449944972992;0.5358852744102478;0.6270444393157959;0.021237481385469437;0.5499317824840546;0.30743471086025237;-0.18072982355952263;0.5881787240505219;0.5363679528236389;-0.12186596728861332;0.5142742693424225;0.5335835814476013;-0.11597666889429092;0.5580522020657858;0.7401950160662333;0.1364842007557551;0.5411628484725952;0.7335349520047506;0.13947554926077524;alejandose
6.27;0.5449590682983398;0.3240906596183777;-0.17391715943813324;0.5779319405555725;0.3698651194572449;-0.06890600919723511;0.5205468535423279;0.3693157434463501;-0.06919096410274506;0.5874437689781189;0.4523596465587616;-0.03340507298707962;0.5175688862800598;0.45243212580680847;-0.03947174921631813;0.5677011013031006;0.5235815644264221;-0.002632209099829197;0.5358562469482422;0.5220889449119568;0.00257884687744081;0.5628306865692139;0.6320428848266602;0.009357551112771034;0.5357042551040649;0.6281611919403076;0.0196478683501482;0.5493935942649841;0.3071828067302704;-0.17620621398091316;0.5881218761205673;0.5355327427387238;-0.11396671459078789;0.5142168253660202;0.5336761772632599;-0.11576487496495247;0.5581901470820109;0.739830215771993;0.13857111086448035;0.5414265990257263;0.7335919936498007;0.13942905515432358;alejandose
6.3;0.5434868335723877;0.32399025559425354;-0.1788327395915985;0.577005922794342;0.36871469020843506;-0.07452811300754547;0.5195687413215637;0.36941102147102356;-0.06941261142492294;0.5870814323425293;0.45137089490890503;-0.040572527796030045;0.5170886516571045;0.45240724086761475;-0.037352051585912704;0.5672918558120728;0.5236899256706238;-0.0034703556448221207;0.535416841506958;0.5221449136734009;0.003418558044359088;0.5628424882888794;0.6321588754653931;0.008710856549441814;0.5347402095794678;0.6285983920097351;0.020818550139665604;0.5479706764221192;0.3070858895778656;-0.18209680318832397;0.5877189636230469;0.5332453697919846;-0.12427549622952938;0.5138055682182312;0.5340625196695328;-0.11699236184358597;0.5582407712936401;0.739270031452179;0.14682155350844064;0.5415316025416056;0.7334815462430319;0.15255978206793466;alejandose
6.33;0.5423833131790161;0.32415494322776794;-0.18368108570575714;0.5764562487602234;0.3679725229740143;-0.0777835100889206;0.5189629197120667;0.3696700930595398;-0.07287672162055969;0.5869925618171692;0.45084041357040405;-0.04726007208228111;0.5163475871086121;0.4524100124835968;-0.04144183173775673;0.5670064091682434;0.5235428214073181;-0.00397158320993185;0.5351280570030212;0.5222308039665222;0.003918824251741171;0.5627843141555786;0.6321614384651184;0.007748823147267103;0.5341629385948181;0.6286625266075134;0.022900117561221123;0.546727979183197;0.30724023580551146;-0.1885760396718979;0.5871794819831848;0.531539112329483;-0.13773067481815815;0.5135027766227722;0.5341267436742783;-0.11833132803440094;0.5582628647486368;0.7388150493303934;0.1469294155637423;0.5416186650594076;0.7333000302314758;0.15398105482260385;alejandose
6.37;0.5413626432418823;0.3244642913341522;-0.18695680797100067;0.5754324793815613;0.3674384355545044;-0.08160899579524994;0.5181797742843628;0.3699106276035309;-0.0752141997218132;0.5864946842193604;0.4502808451652527;-0.04860483109951019;0.5148383378982544;0.4524134397506714;-0.04255159944295883;0.5666952729225159;0.523389995098114;-0.004523036535829306;0.5348966121673584;0.5222923159599304;0.004470881540328264;0.5626388192176819;0.6311332583427429;0.006898435298353434;0.5336847901344299;0.6283548474311829;0.023323889821767807;0.5456788539886475;0.30748781859874724;-0.19125268012285232;0.5864079892635345;0.5309695303440094;-0.14194829016923904;0.5127736777067184;0.5341630131006241;-0.12095452286303043;0.5582178433736166;0.7385436097780863;0.14678757389386496;0.5414299567540487;0.7322444717089335;0.16049809753894806;alejandose
6.4;0.5398200750350952;0.32449954748153687;-0.1888006031513214;0.574698805809021;0.36693087220191956;-0.08237192034721375;0.5175902247428894;0.3700157403945923;-0.07704956084489822;0.5862004160881042;0.449585884809494;-0.0543135441839695;0.5133506059646606;0.45241573452949524;-0.04326675832271576;0.5660876035690308;0.5220010280609131;-0.004463952500373125;0.5344865322113037;0.5220217108726501;0.004411828238517046;0.5624047517776489;0.6289370059967041;0.005685222800821066;0.5335553288459778;0.6270758509635925;0.02187170833349228;0.5440413057804108;0.3075066447257996;-0.19278144389390944;0.5855580568313599;0.5295253396034241;-0.1490878462791443;0.5123573690652847;0.5341867804527283;-0.12112484313547611;0.5579833984375;0.7384757796923319;0.1401035338640213;0.5409466822942098;0.7318087021509806;0.14926098038752875;alejandose
6.43;0.5388489365577698;0.3246194124221802;-0.2003646194934845;0.5740927457809448;0.3661266565322876;-0.0937441885471344;0.517227828502655;0.3700399100780487;-0.08332919329404831;0.5859737396240234;0.4487319588661194;-0.06446269154548645;0.5128524899482727;0.45236435532569885;-0.0458306223154068;0.565822422504425;0.5202100276947021;-0.004490753170102835;0.534390926361084;0.5214684009552002;0.004438961856067181;0.562300980091095;0.626909613609314;0.0036665811203420162;0.5335662961006165;0.6267126798629761;0.02196997031569481;0.5428464353084564;0.30760700106620786;-0.2055770695209503;0.5849196314811707;0.5278400927782059;-0.15714095532894135;0.5120065659284592;0.5341958999633789;-0.12411781586706638;0.5578611493110657;0.7384758194287618;0.1360135997335116;0.5404321352640787;0.7315769195556641;0.14694500714540482;alejandose
6.47;0.5387462973594666;0.32452306151390076;-0.19679132103919983;0.5736761093139648;0.36532703042030334;-0.09034556895494461;0.516925573348999;0.37004178762435913;-0.0831533744931221;0.5858606696128845;0.447672963142395;-0.06043694540858269;0.5123626589775085;0.4523318111896515;-0.045996684581041336;0.5651991963386536;0.5197950005531311;-0.004083528183400631;0.5340843200683594;0.5214049816131592;0.0040322341956198215;0.5618060827255249;0.6268377304077148;0.007161413785070181;0.5334595441818237;0.626346230506897;0.022166771814227104;0.5425634145736694;0.30752332508563995;-0.2021770477294922;0.5846472084522247;0.5264268815517426;-0.15372411534190178;0.5116741359233856;0.5339610129594803;-0.12423595786094666;0.5575190186500549;0.7377000252405802;0.13828587780396143;0.5395701130231222;0.7310643593470255;0.14733983079592386;alejandose
6.5;0.538371205329895;0.32446956634521484;-0.19664281606674194;0.5732545852661133;0.3648008704185486;-0.09031229466199875;0.5167528986930847;0.3700055778026581;-0.08316969126462936;0.5857080817222595;0.4469311833381653;-0.0580633282661438;0.5118803977966309;0.4521157145500183;-0.04606955870985985;0.5648703575134277;0.5197193622589111;-0.0040497430600225925;0.5338510870933533;0.5213974714279175;0.003998884465545416;0.5613483786582947;0.6263505816459656;0.009894445538520813;0.5333645343780518;0.6261413097381592;0.024066362529993057;0.5421514451503754;0.30746238827705386;-0.2018452525138855;0.5844269692897797;0.5258471965789795;-0.14511480927467346;0.511403426527977;0.5335878282785416;-0.12411411479115486;0.5572568774223328;0.7363969484965006;0.1387114698688189;0.5390290220578512;0.7304895917574564;0.14832662791013718;alejandose
