segundo;landmark_10_x;landmark_10_y;landmark_10_z;landmark_11_x;landmark_11_y;landmark_11_z;landmark_12_x;landmark_12_y;landmark_12_z;landmark_13_x;landmark_13_y;landmark_13_z;landmark_14_x;landmark_14_y;landmark_14_z;landmark_23_x;landmark_23_y;landmark_23_z;landmark_24_x;landmark_24_y;landmark_24_z;landmark_25_x;landmark_25_y;landmark_25_z;landmark_26_x;landmark_26_y;landmark_26_z;cara_prom_x;cara_prom_y;cara_prom_z;mano_izquierda_prom_x;mano_izquierda_prom_y;mano_izquierda_prom_z;mano_derecha_prom_x;mano_derecha_prom_y;mano_derecha_prom_z;pie_izquierdo_prom_x;pie_izquierdo_prom_y;pie_izquierdo_prom_z;pie_derecho_prom_x;pie_derecho_prom_y;pie_derecho_prom_z;Etiqueta
0.03;0.4967978000640869;0.16257745027542114;-0.2884361445903778;0.5519381761550903;0.25630486011505127;-0.11652882397174835;0.45711538195610046;0.25152283906936646;-0.12379281222820282;0.5564001202583313;0.40888482332229614;-0.05268735811114311;0.4458249509334564;0.3963319659233093;-0.07813067734241486;0.5283246040344238;0.5038518309593201;-0.0011244375491514802;0.471935898065567;0.5066508054733276;0.0010245135053992271;0.5306076407432556;0.7119585275650024;-0.0311189703643322;0.46943140029907227;0.712487518787384;-0.024126717820763588;0.5052864640951157;0.13455863893032075;-0.29093815833330156;0.5604635179042816;0.5567577183246613;-0.16145700216293335;0.4369684010744095;0.5578346252441406;-0.19676631316542625;0.5331859588623047;0.9188411434491476;0.06424732940892379;0.46393019954363507;0.9276429017384847;0.05957188457250595;alejandose
0.07;0.49691617488861084;0.16188208758831024;-0.2900637090206146;0.5519405007362366;0.25674036145210266;-0.11698982864618301;0.4571012556552887;0.2519496977329254;-0.1318570226430893;0.5567204356193542;0.40886667370796204;-0.05198955163359642;0.4459233283996582;0.3978234827518463;-0.0863824412226677;0.5283243656158447;0.5038551688194275;-0.0006094967247918248;0.4717397093772888;0.5067122578620911;0.0005244057974778116;0.530558705329895;0.7116647362709045;-0.006078207399696112;0.46942850947380066;0.7178248167037964;-0.017788870260119438;0.505335220694542;0.13432926535606385;-0.2920649856328964;0.5607070475816727;0.5562325865030289;-0.15244252979755402;0.4376572072505951;0.5578510165214539;-0.19736375659704208;0.5339118043581644;0.9186372558275858;0.06666093381742637;0.46449875831604004;0.9292165835698446;0.04825348531206449;alejandose
0.1;0.49716949462890625;0.16144728660583496;-0.28862279653549194;0.5519376993179321;0.2568401098251343;-0.11346166580915451;0.45708703994750977;0.2520868182182312;-0.13111017644405365;0.5567812919616699;0.40863487124443054;-0.04539697617292404;0.44600608944892883;0.3982888162136078;-0.08588746935129166;0.5283260345458984;0.503936231136322;-3,27E+10;0.47163429856300354;0.5067660808563232;-3,49E+10;0.5305447578430176;0.7117029428482056;-0.0013888728572055697;0.46942949295043945;0.7204511761665344;-0.01611926034092903;0.505468100309372;0.1341268539428711;-0.2898243278264999;0.5607791244983673;0.5557165890932083;-0.14417737536132336;0.43875840306282043;0.5576878041028976;-0.1968669667840004;0.5341044664382935;0.9187166690826416;0.06811564229428768;0.4648743470509847;0.9299443165461222;0.045164868235588074;alejandose
0.13;0.4975203275680542;0.16137032210826874;-0.2871284782886505;0.5519477725028992;0.25705260038375854;-0.10956945270299911;0.4570637345314026;0.2522750496864319;-0.13155534863471985;0.556801438331604;0.40833136439323425;-0.039756059646606445;0.4460102319717407;0.39972159266471863;-0.08725608885288239;0.5283923149108887;0.5047624111175537;0.0013855041470378637;0.471598744392395;0.5074090361595154;-0.0014310175320133567;0.5306052565574646;0.7120760083198547;0.005452518351376057;0.4694858193397522;0.7226991653442383;-0.016121450811624527;0.505653765797615;0.1340982660651207;-0.2878439322113991;0.5608231425285339;0.5552445650100708;-0.1383396778255701;0.44007034599781036;0.557946190237999;-0.19697607681155205;0.5343828996022543;0.9188297986984253;0.07557854863504569;0.4652424256006877;0.9305607875188192;0.04470054432749748;alejandose
0.17;0.4977077543735504;0.16137553751468658;-0.28423696756362915;0.5519481301307678;0.25713685154914856;-0.1059141606092453;0.4570452570915222;0.25234997272491455;-0.13103917241096497;0.5567752718925476;0.4080300033092499;-0.03571568429470062;0.4460209906101227;0.4004558324813843;-0.08666021376848221;0.5284628868103027;0.5057359933853149;0.002242171438410878;0.4715806841850281;0.5081254839897156;-0.002277194522321224;0.5307111740112305;0.7127515077590942;0.0061593689024448395;0.4695521295070648;0.723957359790802;-0.016304034739732742;0.5057540595531463;0.13417105823755265;-0.2848446875810623;0.560822919011116;0.5550729483366013;-0.1341721247881651;0.4413244500756264;0.5581759363412857;-0.19570396468043327;0.5346673528353373;0.9194757143656412;0.07679683621972799;0.46545960505803424;0.930971642335256;0.044651445001363754;alejandose
0.2;0.497734934091568;0.16139401495456696;-0.2833380103111267;0.5519576072692871;0.2571513056755066;-0.1053512841463089;0.4570363163948059;0.2525898814201355;-0.13060511648654938;0.5567768216133118;0.40790873765945435;-0.03530788794159889;0.44612041115760803;0.40122368931770325;-0.08643679320812225;0.5287016034126282;0.5065060257911682;0.0022095348685979843;0.471588671207428;0.5088626146316528;-0.002246504183858633;0.5307828187942505;0.7140206694602966;0.0030528618954122066;0.4695937931537628;0.7250517010688782;-0.015407757833600044;0.5057754427194595;0.13431629836559295;-0.2841110363602638;0.5608077943325043;0.5551106035709381;-0.13521714881062508;0.44229722023010254;0.5582359135150909;-0.19404145702719688;0.5346928238868713;0.9209638039271036;0.07596796875198682;0.4655951460202535;0.9315488139788309;0.045780930668115616;alejandose
0.23;0.4977933466434479;0.16143186390399933;-0.2835754454135895;0.5519616603851318;0.25721800327301025;-0.10575845092535019;0.4570251405239105;0.2527327835559845;-0.13036495447158813;0.5567768812179565;0.40790560841560364;-0.035571809858083725;0.4461674094200134;0.40169230103492737;-0.0861964300274849;0.5287854075431824;0.5071393251419067;0.0021668472327291965;0.47159937024116516;0.5093757510185242;-0.0022053036373108625;0.530815601348877;0.7153090238571167;0.0025573093444108963;0.46962422132492065;0.7258403301239014;-0.014027610421180725;0.5057997345924378;0.13445206433534623;-0.2845098152756691;0.5606790482997894;0.5555907338857651;-0.1357506848871708;0.44284192472696304;0.5582496821880341;-0.19413652643561363;0.5347618063290914;0.9222747286160787;0.07544343546032906;0.4656473398208618;0.9318414926528931;0.04650459811091423;alejandose
0.27;0.4978294372558594;0.16146360337734222;-0.2821415960788727;0.5519706010818481;0.257310688495636;-0.10390464961528778;0.4570232629776001;0.2528240382671356;-0.12932540476322174;0.5567548871040344;0.4078882038593292;-0.033276718109846115;0.4462684988975525;0.4016525447368622;-0.08563714474439621;0.5288426280021667;0.5078411102294922;0.002129438566043973;0.4716184735298157;0.5099424719810486;-0.0021692500449717045;0.5308252573013306;0.7164885997772217;0.0015408184845000505;0.4696306586265564;0.7262405157089233;-0.013685821555554867;0.505806839466095;0.13456452041864395;-0.28308107405900956;0.5605881065130234;0.5558424890041351;-0.13354237377643585;0.4432380199432373;0.5582579374313354;-0.1936671957373619;0.5346390008926392;0.923552672068278;0.0758736248438557;0.46567020813624066;0.932181715965271;0.0485588734348615;alejandose
0.3;0.49786028265953064;0.16146650910377502;-0.2787141501903534;0.5519919991493225;0.2573419511318207;-0.10223323106765747;0.45701098442077637;0.25296270847320557;-0.1268501579761505;0.5567281246185303;0.40780502557754517;-0.032248347997665405;0.4462856650352478;0.4016209840774536;-0.08364877849817276;0.5289057493209839;0.5084291100502014;0.002099700504913926;0.471638947725296;0.5104790925979614;-0.0021408917382359505;0.530867338180542;0.717029333114624;0.0024454405065625906;0.46964403986930847;0.7268168926239014;-0.01287589780986309;0.5058126121759414;0.1345985174179077;-0.27961765974760056;0.5604669451713562;0.556023359298706;-0.13178707659244537;0.44345826655626297;0.5582716763019562;-0.1906908005475998;0.5345295667648315;0.9240705768267313;0.07615304520974557;0.46568065881729126;0.9324113726615906;0.05083631227413813;alejandose
0.33;0.49788668751716614;0.1615629345178604;-0.2616780698299408;0.5520073771476746;0.25741714239120483;-0.09050378203392029;0.4570089876651764;0.2529676854610443;-0.10948480665683746;0.5567283034324646;0.40768560767173767;-0.025261642411351204;0.44643864035606384;0.40053293108940125;-0.0684032216668129;0.5290055274963379;0.5090296864509583;0.0016774332616478205;0.47167766094207764;0.5111445784568787;-0.0017054359195753932;0.5308881998062134;0.717103898525238;0.0013314099051058292;0.46966293454170227;0.7272685170173645;-0.012568064033985138;0.5058205962181092;0.1348572626709938;-0.262287962436676;0.5604566037654877;0.5560378134250641;-0.1285103987902403;0.44352367520332336;0.5576446652412415;-0.1805804781615734;0.5344167947769165;0.9244406421979269;0.07562762405723333;0.4656983017921448;0.9325423041979471;0.0510557455321153;alejandose
0.37;0.4979129433631897;0.16173407435417175;-0.25534573197364807;0.552010715007782;0.2575366199016571;-0.0837123915553093;0.4570102393627167;0.25301608443260193;-0.10211779177188873;0.5566973686218262;0.40753617882728577;-0.019988885149359703;0.44652196764945984;0.39964160323143005;-0.06234059855341911;0.5290160179138184;0.5094122290611267;0.0016140828374773264;0.47169220447540283;0.5114927291870117;-0.0016361578600481153;0.5308882594108582;0.7170781493186951;0.0006400301354005933;0.4697043001651764;0.7272528409957886;-0.012822320684790611;0.5058334350585938;0.1351918563246727;-0.255754154920578;0.5604991316795349;0.5559843927621841;-0.12585625797510147;0.4435384273529053;0.557079941034317;-0.17720531299710274;0.5342179536819458;0.924445390701294;0.07560357761879762;0.46574515104293823;0.9326735536257426;0.05132734154661497;alejandose
0.4;0.49798813462257385;0.16187863051891327;-0.25954848527908325;0.5520356893539429;0.25766727328300476;-0.08839225769042969;0.4570380747318268;0.25321105122566223;-0.10619311779737473;0.556696355342865;0.40757712721824646;-0.02367663010954857;0.4466005265712738;0.39926454424858093;-0.06560695916414261;0.5290423631668091;0.5096477270126343;0.0016160487430170178;0.47173285484313965;0.5117176175117493;-0.00163946149405092;0.5308750867843628;0.7170981168746948;0.001365969772450626;0.4697566032409668;0.7276576161384583;-0.012998418882489204;0.5058857351541519;0.1354044109582901;-0.2603261604905128;0.5605455189943314;0.5562838464975357;-0.12833150662481785;0.4436222240328789;0.5570100098848343;-0.17983824759721756;0.5340284903844198;0.9244577288627625;0.07626691150168578;0.4657701353232066;0.9328873753547668;0.051590961714585624;alejandose
0.43;0.4980243444442749;0.16197088360786438;-0.2612209618091583;0.5521001815795898;0.2578313946723938;-0.08986055850982666;0.45707133412361145;0.2533350884914398;-0.10693974047899246;0.5567125082015991;0.4076419174671173;-0.02557608112692833;0.44675758481025696;0.3988860249519348;-0.066947340965271;0.529093861579895;0.5098497271537781;0.0016254059737548232;0.4717530608177185;0.5119176506996155;-0.001650225487537682;0.5308678150177002;0.7170816659927368;0.0008956425008364022;0.46983134746551514;0.7278637290000916;-0.013216039165854454;0.5059032708406448;0.1355612888932228;-0.26252056658267975;0.5606498867273331;0.5567135661840439;-0.12965617887675762;0.4438027888536453;0.5569974482059479;-0.18125686794519424;0.5337859789530436;0.9240058263142904;0.0811821964258949;0.46578771869341534;0.9330378572146097;0.053597492476304374;alejandose
0.47;0.4980473518371582;0.16203513741493225;-0.26141467690467834;0.5521381497383118;0.25791454315185547;-0.09175076335668564;0.4570959508419037;0.2535969614982605;-0.10822772234678268;0.5567247271537781;0.40766647458076477;-0.026465294882655144;0.44691240787506104;0.3986528813838959;-0.06826362758874893;0.5291285514831543;0.5099257230758667;0.0016364536713808775;0.47175514698028564;0.5120235681533813;-0.0016628403682261705;0.5308273434638977;0.7172333598136902;-0.0003195797617081553;0.4699133634567261;0.7279886603355408;-0.014179928228259087;0.5059160143136978;0.13568162322044372;-0.2630402773618698;0.5608091652393341;0.5570576190948486;-0.1304060611873865;0.4438854679465294;0.5569804310798645;-0.18230709433555603;0.5333863496780396;0.9242400328318278;0.08072506248330076;0.46577035387357074;0.9333585302035013;0.0528167225420475;alejandose
0.5;0.49805590510368347;0.16208729147911072;-0.2641181945800781;0.5521999001502991;0.2580048143863678;-0.09318751841783524;0.4571092128753662;0.2537344694137573;-0.11040682345628738;0.5567416548728943;0.40783044695854187;-0.026683345437049866;0.4469791352748871;0.3984999358654022;-0.06954085826873779;0.529132068157196;0.5101717114448547;0.0016365599585697055;0.4717457592487335;0.5122626423835754;-0.0016637458465993404;0.5307562351226807;0.7176535725593567;-0.0010263416916131973;0.4699319899082184;0.728329062461853;-0.014465458691120148;0.5059240370988846;0.1357748344540596;-0.2655561611056328;0.5609019249677658;0.5578692704439163;-0.13073092885315418;0.44391098618507385;0.5569939613342285;-0.1830248460173607;0.533035397529602;0.9244964122772217;0.0801518155882756;0.4657271107037862;0.9335952599843343;0.05348968878388405;alejandose
0.53;0.4980940520763397;0.16212554275989532;-0.27378183603286743;0.5522921085357666;0.25814172625541687;-0.09986100345849991;0.4571370780467987;0.25394079089164734;-0.1178724616765976;0.5567774772644043;0.40824031829833984;-0.031170129776000977;0.44699957966804504;0.3985029458999634;-0.07484705001115799;0.5291362404823303;0.5102317333221436;0.0017104264115914702;0.47174176573753357;0.5123437643051147;-0.0017433686880394816;0.530689537525177;0.7178828716278076;-0.0011312449350953102;0.4699486494064331;0.7284383177757263;-0.0145712960511446;0.5059754759073257;0.13584813326597214;-0.27561421394348146;0.5609367042779922;0.558742880821228;-0.1334652490913868;0.44391268491744995;0.5573983639478683;-0.18463268503546715;0.5328733126322428;0.9246105949083964;0.07985704314584534;0.4656800429026286;0.9338808059692383;0.053607953091462456;alejandose
0.57;0.49814656376838684;0.16218216717243195;-0.2794492244720459;0.5523278117179871;0.2582544684410095;-0.10418844223022461;0.45717066526412964;0.25403305888175964;-0.12268023937940598;0.5568845272064209;0.4086652398109436;-0.0337371751666069;0.4470246732234955;0.39849936962127686;-0.07810212671756744;0.5291517972946167;0.5104237794876099;0.0017083765706047416;0.4717385768890381;0.5124335885047913;-0.0017412512097507715;0.5306758880615234;0.7186616659164429;-0.0011718389578163624;0.46995341777801514;0.7286244034767151;-0.014422465115785599;0.5060797750949859;0.1359410509467125;-0.28126717656850814;0.560992956161499;0.5594836473464966;-0.13481003232300282;0.4438987597823143;0.5582624971866608;-0.18604347482323647;0.532565693060557;0.9246875643730164;0.08099251861373584;0.46563270688056946;0.9340165058771769;0.05644892156124115;alejandose
0.6;0.4981694519519806;0.1621921956539154;-0.2817484736442566;0.5523967146873474;0.2584468126296997;-0.10753721743822098;0.4572855830192566;0.25407350063323975;-0.12373106181621552;0.557064950466156;0.40923506021499634;-0.0374322384595871;0.4470641613006592;0.3984930217266083;-0.07857275009155273;0.529187798500061;0.51053386926651;0.0015040516154840589;0.4717397093772888;0.5124472975730896;-0.0015462269075214863;0.5306379199028015;0.719400942325592;-0.0016611599130555987;0.4699561595916748;0.7287139892578125;-0.01390767004340887;0.5061837434768677;0.1359707921743393;-0.2835826575756073;0.56100133061409;0.5597555935382843;-0.1381582822650671;0.4438670575618744;0.5586771965026855;-0.1865241974592209;0.5321816007296244;0.9248480796813965;0.08065246744081378;0.46561332543691;0.9341057340304056;0.05749615654349327;alejandose
0.63;0.49821165204048157;0.1622009128332138;-0.2868557572364807;0.5524845719337463;0.2585592567920685;-0.11262963712215424;0.45748066902160645;0.2540819048881531;-0.12755748629570007;0.557167649269104;0.4099527895450592;-0.04272684454917908;0.4471960663795471;0.39840954542160034;-0.08176063746213913;0.5292269587516785;0.5105794668197632;0.0014244371559470892;0.4717479944229126;0.5124348402023315;-0.0014735161093994975;0.5306146740913391;0.7196698784828186;-0.0021227907855063677;0.46996012330055237;0.7286997437477112;-0.013639125041663647;0.5063520103693009;0.13598422557115555;-0.28893724232912066;0.5609963685274124;0.5601130872964859;-0.14208871312439442;0.443819098174572;0.558956116437912;-0.1888367459177971;0.5319191416104635;0.9249003529548645;0.08043678244575858;0.46559999386469525;0.9343085289001465;0.05815069004893303;alejandose
0.67;0.4982891082763672;0.16219843924045563;-0.29297134280204773;0.5526599287986755;0.25890782475471497;-0.1185622364282608;0.45772382616996765;0.25412169098854065;-0.1332029104232788;0.5572478175163269;0.41095006465911865;-0.04915231093764305;0.44730809330940247;0.39850175380706787;-0.0872364416718483;0.5292781591415405;0.5106313228607178;0.00141378294210881;0.4717629551887512;0.5124315023422241;-0.0014655319973826408;0.5305998921394348;0.7197858095169067;-0.0021489097271114588;0.46996718645095825;0.7286860346794128;-0.013305149972438812;0.5065374702215195;0.1359800636768341;-0.29522994309663775;0.5609874725341797;0.5605161786079407;-0.14773652702569962;0.4437643811106682;0.5592769682407379;-0.1932789944112301;0.5317721962928772;0.9249427318572998;0.08028197040160497;0.4655945301055908;0.9344882965087891;0.058650161450107895;alejandose
0.7;0.4984060227870941;0.16220170259475708;-0.29132771492004395;0.5528584718704224;0.2590387761592865;-0.11711835861206055;0.457951158285141;0.25418341159820557;-0.1319720447063446;0.5574420094490051;0.41133078932762146;-0.04852134361863136;0.4474577009677887;0.3988228738307953;-0.08645408600568771;0.5294539928436279;0.51070237159729;0.0014095042133703828;0.4718000590801239;0.5124806761741638;-0.0014625205658376217;0.5306004285812378;0.7198781967163086;-0.002170835854485631;0.469978004693985;0.7286744713783264;-0.013334022834897041;0.5067601174116134;0.13596909642219543;-0.2933510854840279;0.5609922558069229;0.5608701854944229;-0.1480658147484064;0.44372177869081497;0.5597200989723206;-0.1933450885117054;0.5315703550974528;0.9251452485720316;0.07962106292446454;0.4655900001525879;0.9347299138704935;0.05832646911342939;alejandose
0.73;0.49863752722740173;0.16219119727611542;-0.29043811559677124;0.553106427192688;0.2590503990650177;-0.11635761708021164;0.4581820070743561;0.25434455275535583;-0.13111713528633118;0.557763397693634;0.4116479158401489;-0.0479261614382267;0.4477050006389618;0.39973339438438416;-0.08568578958511353;0.5297644734382629;0.5110012292861938;0.001428253366611898;0.4719257056713104;0.5126097798347473;-0.0014838569331914186;0.5306134223937988;0.720142662525177;-0.0015511262463405728;0.46999868750572205;0.7286216616630554;-0.013438986614346504;0.5070761054754257;0.1359377920627594;-0.2923698529601097;0.5610161125659943;0.5618803948163986;-0.14808073081076145;0.4436324015259743;0.5598924309015274;-0.19312289729714394;0.5315165519714355;0.925307830174764;0.08060951484367251;0.4655870894591014;0.9348139762878418;0.058174364268779755;alejandose
0.77;0.4989868402481079;0.16215233504772186;-0.2930127680301666;0.5534431338310242;0.2588553726673126;-0.11868265271186829;0.4584754705429077;0.2544262707233429;-0.13287174701690674;0.5580843687057495;0.41168177127838135;-0.05060369148850441;0.4478107988834381;0.40102139115333557;-0.08654291927814484;0.530170202255249;0.5110406875610352;0.0016422218177467585;0.47215333580970764;0.5126345753669739;-0.0017040602397173643;0.5306551456451416;0.7201889157295227;-0.0006637679180130363;0.47002601623535156;0.7285351157188416;-0.014115690253674984;0.5074745357036591;0.13587234318256378;-0.2951858267188072;0.5610373020172119;0.562436655163765;-0.1505674049258232;0.4435746744275093;0.5600535273551941;-0.1932562105357647;0.5314827561378479;0.9252560138702393;0.08332266223927338;0.4655826489130656;0.9349391659100851;0.057277907927831016;alejandose
0.8;0.4993814527988434;0.16210491955280304;-0.29336822032928467;0.5538167953491211;0.25866132974624634;-0.11820975691080093;0.4586818218231201;0.2544460594654083;-0.13297824561595917;0.5583996772766113;0.41167744994163513;-0.05035652592778206;0.44793182611465454;0.40188872814178467;-0.08657919615507126;0.5304891467094421;0.5112394094467163;0.0021286988630890846;0.4723336100578308;0.5128390192985535;-0.002193794585764408;0.5307462811470032;0.7202339768409729;0.0015152146806940436;0.4700634181499481;0.7285104393959045;-0.01517789252102375;0.5079119354486465;0.13578858077526093;-0.2954104855656624;0.5610802322626114;0.5626164972782135;-0.15278979018330574;0.4435786008834839;0.5601809173822403;-0.19427655264735222;0.531451423962911;0.9249950249989828;0.09490403564025958;0.46559859315554303;0.9350995421409607;0.05856779714425405;alejandose
0.83;0.5000040531158447;0.1620621383190155;-0.2925623655319214;0.5540934801101685;0.25837644934654236;-0.11739940196275711;0.4591313898563385;0.2544597387313843;-0.13256919384002686;0.5585869550704956;0.4112679064273834;-0.0493587926030159;0.44816118478775024;0.40206238627433777;-0.08624004572629929;0.5310002565383911;0.5112441182136536;0.0026250274386256933;0.4727240204811096;0.5128427743911743;-0.002692531794309616;0.5309597849845886;0.7202693819999695;0.0017356034368276596;0.4702000916004181;0.7280405163764954;-0.01688086986541748;0.5085306018590927;0.13571998924016954;-0.29455679953098296;0.5612376779317856;0.5624965876340866;-0.15158062055706978;0.44360315054655075;0.5601332187652588;-0.1941220909357071;0.5314299861590067;0.9240572055180868;0.098066298601528;0.46564438939094543;0.9350997805595398;0.05878030136227608;alejandose
0.87;0.5007815361022949;0.1619264781475067;-0.2887696921825409;0.5546748042106628;0.25813329219818115;-0.11510732024908066;0.4596713185310364;0.2543962597846985;-0.1287173181772232;0.5590901970863342;0.41115280985832214;-0.04835929349064827;0.44882577657699585;0.40208694338798523;-0.08198996633291245;0.5316770076751709;0.5113787055015564;0.0028385694604367018;0.4733200669288635;0.5129117369651794;-0.002904960885643959;0.5311547517776489;0.7204044461250305;0.0016085959505289793;0.4704034626483917;0.7278105616569519;-0.017957625910639763;0.5093040019273758;0.13560806810855866;-0.2906084045767784;0.5613250583410263;0.5625352263450623;-0.1509074941277504;0.44366247206926346;0.5600133091211319;-0.19199784845113754;0.5314374367396036;0.9230378468831381;0.10283734649419785;0.46568575501441956;0.9350999792416891;0.0609543522198995;alejandose
0.9;0.5015771389007568;0.16197575628757477;-0.28058260679244995;0.555425226688385;0.2581256330013275;-0.10894792526960373;0.4602389335632324;0.25406140089035034;-0.11987468600273132;0.559455394744873;0.4111281633377075;-0.04323182627558708;0.4495167136192322;0.402074933052063;-0.07324264943599701;0.5322580337524414;0.5117809176445007;0.002838726853951812;0.4738490581512451;0.5129290223121643;-0.00290502468124032;0.5312610268592834;0.7214198708534241;-0.0007287603220902383;0.4705469310283661;0.7277927398681641;-0.01899503543972969;0.5100833117961884;0.13567937910556793;-0.2825953155755997;0.5613378584384918;0.5627027601003647;-0.14994710311293602;0.4437872916460037;0.5592054575681686;-0.18743781745433807;0.5315044124921163;0.9229946931203207;0.10227087450524171;0.4656958281993866;0.9351211190223694;0.06305340987940629;alejandose
0.93;0.5021039247512817;0.16202159225940704;-0.274391233921051;0.556550920009613;0.2581503987312317;-0.1063995212316513;0.4610721170902252;0.25407201051712036;-0.11296207457780838;0.5598211288452148;0.4113166630268097;-0.042088355869054794;0.45013606548309326;0.4021109342575073;-0.06700584292411804;0.5335291624069214;0.512932538986206;0.002269912511110306;0.4747803509235382;0.5131925344467163;-0.002334265038371086;0.531400203704834;0.7234382033348083;-0.002492656698450446;0.47065162658691406;0.7279335260391235;-0.018313102424144745;0.5107814580202102;0.13571785986423493;-0.276295168697834;0.5613623112440109;0.5628404915332794;-0.1497071534395218;0.44447921216487885;0.5589479953050613;-0.18258574232459068;0.5315439701080322;0.9230961799621582;0.10047546091179053;0.4656679332256317;0.9351419607798258;0.06704976658026378;alejandose
0.97;0.5027603507041931;0.16208656132221222;-0.24255463480949402;0.5581522583961487;0.258113831281662;-0.08003764599561691;0.4626026153564453;0.254020094871521;-0.08613183349370956;0.5602689981460571;0.4110855758190155;-0.021603137254714966;0.45145705342292786;0.40141960978507996;-0.04433247447013855;0.5344154238700867;0.5141333341598511;0.0021877726539969444;0.4757952094078064;0.5134440064430237;-0.0022492045536637306;0.5319483876228333;0.7243527770042419;-0.013329179026186466;0.47086796164512634;0.7281033992767334;-0.021760473027825356;0.5115928649902344;0.13580601811408996;-0.24423673748970032;0.561708465218544;0.5614853203296661;-0.13626188784837723;0.4448787420988083;0.5571772158145905;-0.16529078409075737;0.5317001144091288;0.9242075085639954;0.09317417287578185;0.46557146310806274;0.9351170261700948;0.06636879717310269;alejandose
1.0;0.5037951469421387;0.16212335228919983;-0.22776545584201813;0.5597155094146729;0.25800853967666626;-0.06719280034303665;0.46384918689727783;0.2540241479873657;-0.07374690473079681;0.5611907839775085;0.40983298420906067;-0.012617954984307289;0.4525738060474396;0.4003708064556122;-0.034260235726833344;0.535190761089325;0.5155858993530273;0.0021833754144608974;0.47666987776756287;0.5138483643531799;-0.0022437882144004107;0.5322548747062683;0.7262596487998962;-0.01828574761748314;0.4712386727333069;0.728489875793457;-0.025192227214574814;0.5127034068107605;0.13592041581869124;-0.22878041863441467;0.5620250254869461;0.5601706057786942;-0.12997164577245712;0.4454581141471863;0.5556792467832565;-0.15527570992708206;0.5318749149640402;0.9251983960469564;0.0912206129481395;0.46549949049949646;0.9351856509844462;0.0657925655444463;alejandose
1.03;0.5047569870948792;0.16249670088291168;-0.24588611721992493;0.5615585446357727;0.25808361172676086;-0.07776907831430435;0.46552950143814087;0.2542036175727844;-0.08910184353590012;0.5620384812355042;0.4097401797771454;-0.013101449236273766;0.4534567594528198;0.4003826379776001;-0.04661373421549797;0.5356650352478027;0.5158264636993408;0.0021839814726263285;0.4774354100227356;0.513853907585144;-0.002244217786937952;0.5322856307029724;0.7261462807655334;-0.0173354409635067;0.47172239422798157;0.7285007238388062;-0.024840397760272026;0.513754814863205;0.13631871044635774;-0.24713901728391646;0.5623680651187897;0.5595175176858902;-0.13637212477624416;0.4464281275868416;0.5557215660810471;-0.16390913352370262;0.5318604906400045;0.9241937796274821;0.09661815594881773;0.4654471278190613;0.9352004726727804;0.06390464554230373;alejandose
1.07;0.5060259699821472;0.16269822418689728;-0.2509726881980896;0.5629669427871704;0.2580846846103668;-0.08413609117269516;0.4674544930458069;0.2542080581188202;-0.09112776815891266;0.5631402730941772;0.40791407227516174;-0.014978731982409954;0.45480912923812866;0.3997904658317566;-0.04702696204185486;0.5360026955604553;0.5158641934394836;0.0020321509800851345;0.47820383310317993;0.5138164162635803;-0.0020934538915753365;0.5322715640068054;0.7255457043647766;-0.016192510724067688;0.47215360403060913;0.7283713221549988;-0.02448500506579876;0.5150767803192139;0.13653625994920732;-0.25295325815677644;0.5629715919494629;0.5588012337684631;-0.14380270428955555;0.44707217812538147;0.5547834634780884;-0.16556013748049736;0.5318398873011271;0.9221004645029703;0.10161210472385089;0.4653425415356954;0.9353078206380209;0.06346249083677928;alejandose
1.1;0.507743239402771;0.16277462244033813;-0.24548184871673584;0.564292311668396;0.2580935060977936;-0.08301351964473724;0.4687260091304779;0.25426584482192993;-0.0840981975197792;0.56422358751297;0.40751323103904724;-0.021349400281906128;0.4566586911678314;0.3994816541671753;-0.04015621915459633;0.5373871922492981;0.5158939957618713;0.0015447112964466214;0.47978153824806213;0.5137295126914978;-0.0016039566835388541;0.5326189994812012;0.7252464294433594;-0.015657279640436172;0.4723625183105469;0.7280694246292114;-0.024155376479029655;0.516702851653099;0.1366375729441643;-0.24740095883607865;0.5633306503295898;0.5587796568870544;-0.14390701428055763;0.44769201427698135;0.5535792708396912;-0.16188392043113708;0.5318198998769125;0.9223677515983582;0.09825361582140128;0.46509172519048053;0.935291071732839;0.06328657642006874;alejandose
1.13;0.5091918110847473;0.16262368857860565;-0.23241806030273438;0.5662605166435242;0.2577258050441742;-0.07588578760623932;0.47047159075737;0.25487929582595825;-0.07235979288816452;0.5659903883934021;0.40678685903549194;-0.021726885810494423;0.45841774344444275;0.3991769552230835;-0.028030196204781532;0.5396168828010559;0.5161230564117432;0.0015443514566868544;0.4815354645252228;0.5136801600456238;-0.0016035869484767318;0.5331751108169556;0.7252427935600281;-0.01682244800031185;0.47251197695732117;0.7276173830032349;-0.025408020243048668;0.5181447565555573;0.13657675981521605;-0.23388460129499436;0.5638085156679153;0.5585352927446365;-0.1427653171122074;0.44821126013994217;0.5505743324756622;-0.1488642282783985;0.5317903955777487;0.9224701523780823;0.09838052156070869;0.4650651812553406;0.9348240892092387;0.06426494133969148;alejandose
1.17;0.5106512308120728;0.16261421144008636;-0.2404269576072693;0.5679300427436829;0.2573530375957489;-0.07999290525913239;0.4717949330806732;0.2558032274246216;-0.08050175756216049;0.5678219795227051;0.406685471534729;-0.02376960776746273;0.46021685004234314;0.399196982383728;-0.035485051572322845;0.540591835975647;0.5162891745567322;0.0023622785229235888;0.4822136461734772;0.5134438872337341;-0.002421661978587508;0.534173846244812;0.7252054214477539;-0.016161086037755013;0.4724258482456207;0.7255827188491821;-0.028014864772558212;0.5194907546043396;0.13657328486442566;-0.2421436831355095;0.5643964409828186;0.5582935065031052;-0.14438112080097198;0.44934680312871933;0.5506771802902222;-0.15516172349452972;0.5316215753555298;0.9221464594205221;0.10098041283587615;0.4650630255540212;0.9338448445002238;0.0639821005364259;alejandose
1.2;0.5117745399475098;0.16269437968730927;-0.24390847980976105;0.5693427920341492;0.25656282901763916;-0.08338845521211624;0.47341352701187134;0.25652194023132324;-0.08410852402448654;0.5704987645149231;0.40526020526885986;-0.027155060321092606;0.462008535861969;0.39935335516929626;-0.03894979506731033;0.5414358973503113;0.5162829160690308;0.0024495101533830166;0.4830334484577179;0.5122154355049133;-0.002506568096578121;0.5349900722503662;0.7253333926200867;-0.016765179112553596;0.472101628780365;0.7202330827713013;-0.028470627963542938;0.5202917218208313;0.13680365830659866;-0.24552259147167205;0.5650240480899811;0.5563975870609283;-0.14609626680612564;0.4506862610578537;0.5511370301246643;-0.1567831113934517;0.5316206018129984;0.9212796688079834;0.10065119589368503;0.4638379712899526;0.9296784400939941;0.06357994365195434;alejandose
1.23;0.5120219588279724;0.16252894699573517;-0.240000382065773;0.5704604983329773;0.2557741105556488;-0.08354917913675308;0.4745953381061554;0.25680553913116455;-0.08120138943195343;0.5719165205955505;0.4035603404045105;-0.029783425852656364;0.4637736976146698;0.3993017375469208;-0.03422483056783676;0.5415331721305847;0.5154117345809937;0.0016161203384399414;0.48326826095581055;0.5091703534126282;-0.0016747175250202417;0.5351711511611938;0.725321352481842;-0.020465457811951637;0.4718994200229645;0.7155524492263794;-0.02801070734858513;0.5204963982105255;0.13661530166864394;-0.2428274020552635;0.5657643377780914;0.5558906644582748;-0.14620641618967056;0.452159121632576;0.5511654913425446;-0.14994445070624352;0.531558076540629;0.9212722977002462;0.09030201363687713;0.46065108974774677;0.9238331516583761;0.0615208155165116;alejandose
1.27;0.5120159983634949;0.1627829521894455;-0.2515464127063751;0.5710042715072632;0.2557152211666107;-0.09902190417051315;0.47577038407325745;0.25689685344696045;-0.08807965368032455;0.5730202794075012;0.4027705192565918;-0.03925470635294914;0.46509841084480286;0.398745059967041;-0.03588123247027397;0.5413276553153992;0.5115980505943298;3,57E+09;0.48335596919059753;0.5045220255851746;-0.00012405954475980252;0.5351981520652771;0.7231549620628357;-0.022786444053053856;0.4718102812767029;0.7108531594276428;-0.023219626396894455;0.5206411302089691;0.1371415689587593;-0.2562956973910332;0.5667235851287842;0.5550791174173355;-0.14799715019762516;0.4526791572570801;0.5510288923978806;-0.15298419073224068;0.5316585501035055;0.920995036760966;0.07739135948941112;0.4583310882250468;0.9111432830492655;0.0641107087333997;alejandose
1.3;0.5120373964309692;0.1632530689239502;-0.259711891412735;0.5707225799560547;0.25521472096443176;-0.10268870741128922;0.47597211599349976;0.257613867521286;-0.09632064402103424;0.5737900733947754;0.4006127119064331;-0.03993142768740654;0.4655395448207855;0.39879751205444336;-0.04012615233659744;0.5414143204689026;0.5104241967201233;-0.00034555120510049164;0.4835662543773651;0.5028911232948303;0.0002504912845324725;0.5351989269256592;0.7210214734077454;-0.022759228944778442;0.4717249870300293;0.7092268466949463;-0.013644956052303314;0.5207007646560669;0.13828375339508056;-0.26392917037010194;0.567926362156868;0.5529831796884537;-0.14796601794660091;0.4528276175260544;0.5505892485380173;-0.15459204465150833;0.5320200522740682;0.9202746550242106;0.07207316718995571;0.45598670840263367;0.8986437320709229;0.08252568899964292;alejandose
1.33;0.5118804574012756;0.1633290946483612;-0.27337774634361267;0.5703779458999634;0.2551923096179962;-0.11071544885635376;0.4759758710861206;0.257854163646698;-0.10851874202489853;0.5741119980812073;0.39925867319107056;-0.04199666902422905;0.46586424112319946;0.3982928693294525;-0.04905400797724724;0.5414400100708008;0.5088143944740295;-0.0009212968870997429;0.4837280213832855;0.5015867352485657;0.000827172480057925;0.5351846218109131;0.7194479703903198;-0.029828522354364395;0.4715089201927185;0.7054417729377747;0.01873883232474327;0.5205938935279846;0.1386799320578575;-0.27730419486761093;0.5695264488458633;0.5514084994792938;-0.14790160581469536;0.45288389921188354;0.54810731112957;-0.1568603366613388;0.5321489175160726;0.9205912947654724;0.03098607435822487;0.4531931181748708;0.8857786655426025;0.14798222482204437;alejandose
1.37;0.5117742419242859;0.16446098685264587;-0.2829407751560211;0.5701524615287781;0.2552148997783661;-0.11572228372097015;0.47589462995529175;0.2587110698223114;-0.12066380679607391;0.5741695761680603;0.3980582654476166;-0.044358253479003906;0.4657321870326996;0.3980974555015564;-0.062287118285894394;0.541417121887207;0.5077699422836304;-0.000640583282802254;0.4837409555912018;0.501115083694458;0.0005419275839813054;0.5351786613464355;0.7167752981185913;-0.032828763127326965;0.47152000665664673;0.7024100422859192;0.022337699308991432;0.5204901754856109;0.14045583307743073;-0.28716024607419965;0.5712192058563232;0.5500894784927368;-0.148475868627429;0.4528276026248932;0.5465200841426849;-0.16737716645002365;0.5321714282035828;0.9206762115160624;0.02726173773407936;0.4521308143933614;0.8741005261739095;0.17877129713694254;alejandose
1.4;0.5116965770721436;0.16656844317913055;-0.2874080240726471;0.5692151188850403;0.25579604506492615;-0.11777704209089279;0.4756561517715454;0.2604251503944397;-0.12882649898529053;0.5738945007324219;0.39696747064590454;-0.04584776237607002;0.46539387106895447;0.39750584959983826;-0.07123418152332306;0.5413597822189331;0.5065394639968872;0.0006365947774611413;0.48373347520828247;0.5007225871086121;-0.0007360817398875952;0.5350610613822937;0.7121948003768921;-0.033601123839616776;0.47212639451026917;0.6977614164352417;0.030219117179512978;0.5203651070594788;0.14262964874505996;-0.2909752368927002;0.5727866291999817;0.5481788218021393;-0.14853885769844055;0.4525007829070091;0.5436553210020065;-0.17297320812940598;0.5321007172266642;0.9197322328885397;0.015344968686501185;0.45294832189877826;0.8599069714546204;0.20941015084584555;alejandose
1.43;0.5113253593444824;0.16700078547000885;-0.2970488965511322;0.5673660039901733;0.2561804950237274;-0.12470333278179169;0.47560617327690125;0.26289141178131104;-0.14153985679149628;0.5737074017524719;0.39575815200805664;-0.0541202574968338;0.4648577570915222;0.39881598949432373;-0.08714277297258377;0.5411990284919739;0.5063554048538208;0.0020710479002445936;0.48370862007141113;0.5010082125663757;-0.0021626558154821396;0.5349167585372925;0.7067057490348816;-0.03154158964753151;0.4725016951560974;0.6911910176277161;0.04693830758333206;0.5199528157711029;0.1434842139482498;-0.29992060661315917;0.5738110542297363;0.5460140407085419;-0.15401577576994896;0.4520755410194397;0.5437890887260437;-0.1841997355222702;0.5321477651596069;0.9192944566408793;0.01475946232676506;0.45435041189193726;0.8423610726992289;0.25425344208876294;alejandose
1.47;0.5105396509170532;0.1694333702325821;-0.3050002455711365;0.5647727847099304;0.25767382979393005;-0.12726040184497833;0.4746776223182678;0.2635951638221741;-0.1484924554824829;0.5732153654098511;0.3957294821739197;-0.057309240102767944;0.4642026424407959;0.3994765877723694;-0.09259966015815735;0.5401553511619568;0.5037055015563965;0.002711167326197028;0.4833599328994751;0.4999714493751526;-0.0027941421139985323;0.5348634123802185;0.7000054717063904;-0.03507973626255989;0.47300270199775696;0.6864639520645142;0.049945782870054245;0.5191348195075989;0.14561104476451875;-0.3078845053911209;0.5737001150846481;0.5436772406101227;-0.1572074182331562;0.45170509815216064;0.5439489632844925;-0.18812312930822372;0.5323543349901835;0.9187040527661642;-0.014036919921636581;0.45683006445566815;0.8359120090802511;0.2626756876707077;alejandose
1.5;0.5089545845985413;0.17121225595474243;-0.29967522621154785;0.5627070069313049;0.2594238519668579;-0.12292173504829407;0.47305262088775635;0.2642086446285248;-0.145604208111763;0.5714752078056335;0.39577940106391907;-0.0548369437456131;0.4629191756248474;0.40011975169181824;-0.09174822270870209;0.5371912717819214;0.5011506080627441;0.004276554100215435;0.48177844285964966;0.49928197264671326;-0.004354169126600027;0.5342565774917603;0.6993641257286072;-0.042537301778793335;0.4733893871307373;0.6878933310508728;0.03697909414768219;0.5177201449871063;0.1475001320242882;-0.3027635484933853;0.5737162232398987;0.5428273677825928;-0.15781059861183167;0.45155104249715805;0.5442044138908386;-0.18774772062897682;0.5327784220377604;0.9183382193247477;-0.014601204544305801;0.46026060978571576;0.8380358815193176;0.2637268801530202;alejandose
1.53;0.5070175528526306;0.1728305220603943;-0.30013513565063477;0.5594785213470459;0.2639276683330536;-0.12196415662765503;0.46923312544822693;0.265943318605423;-0.15156087279319763;0.5701264142990112;0.3958073854446411;-0.05402331426739693;0.4602935016155243;0.402469664812088;-0.10258954763412476;0.533868670463562;0.5007030367851257;0.00612551998347044;0.47977688908576965;0.49944889545440674;-0.006184790283441544;0.5332077145576477;0.6992390155792236;-0.04146305471658707;0.47339558601379395;0.6897945404052734;0.03597471863031387;0.5161135196685791;0.14958677291870118;-0.3019437938928604;0.5735626071691513;0.5416880995035172;-0.1568964123725891;0.451185442507267;0.5450349003076553;-0.19992780685424805;0.532909115155538;0.918743630250295;-0.026976981510718662;0.4631687303384145;0.8457701802253723;0.24550893406073251;alejandose
1.57;0.5039695501327515;0.17455121874809265;-0.2956986427307129;0.5556131601333618;0.2679378092288971;-0.12048371136188507;0.4658510386943817;0.2669146955013275;-0.14296823740005493;0.5670027732849121;0.395044207572937;-0.05634201690554619;0.4578864574432373;0.4023951590061188;-0.09303420782089233;0.531265139579773;0.4998612403869629;0.002454472240060568;0.478000283241272;0.49944421648979187;-0.0024939491413533688;0.5316929817199707;0.6977455615997314;-0.054815687239170074;0.4734554588794708;0.6900603771209717;0.05934429168701172;0.513314837217331;0.15165982842445375;-0.2987704411149025;0.5723157227039337;0.539372444152832;-0.15605346485972404;0.4501230716705322;0.5452281981706619;-0.1946980394423008;0.5329002340634664;0.9187361598014832;-0.07804745249450207;0.4665323694547017;0.8454223473866781;0.2576603442430496;alejandose
1.6;0.5002559423446655;0.17875979840755463;-0.2842332124710083;0.5515602827072144;0.27228716015815735;-0.12017727643251419;0.4627060294151306;0.2682340443134308;-0.13801607489585876;0.5613740682601929;0.39694830775260925;-0.05542962998151779;0.45461219549179077;0.40261393785476685;-0.08870363980531693;0.5282723307609558;0.5001693964004517;-0.001914008753374219;0.4760018587112427;0.49991685152053833;0.0018838925752788782;0.5296390652656555;0.6963571310043335;-0.0625508651137352;0.4734431207180023;0.6894440054893494;0.07394616305828094;0.5100579351186753;0.15692789107561111;-0.2855577051639557;0.5706928372383118;0.5393446832895279;-0.15305334702134132;0.4486024007201195;0.5450529456138611;-0.19155202060937881;0.5328046679496765;0.9186583558718363;-0.08647386357188225;0.46859415372212726;0.8446607987085978;0.25943998495737713;alejandose
1.63;0.4965399205684662;0.18202513456344604;-0.28939518332481384;0.5476927161216736;0.2769928276538849;-0.13272622227668762;0.459111750125885;0.26923099160194397;-0.13783633708953857;0.5570623874664307;0.40527382493019104;-0.07666323333978653;0.45110854506492615;0.40409228205680847;-0.09097299724817276;0.525873601436615;0.5003871321678162;-0.008705436252057552;0.4741298258304596;0.5008705854415894;0.008679183200001717;0.5272846817970276;0.6951324939727783;-0.07919199019670486;0.47345995903015137;0.6897019743919373;0.09422957897186279;0.5064153522253036;0.16061811298131942;-0.2910350292921066;0.5669624358415604;0.5426565259695053;-0.1680520474910736;0.44673702120780945;0.5452880263328552;-0.1895129792392254;0.531824787457784;0.9184075395266215;-0.10690203309059143;0.47033704320589703;0.8441831866900126;0.29021388789017993;alejandose
1.67;0.49342647194862366;0.18488599359989166;-0.2921358644962311;0.5450361967086792;0.2787338197231293;-0.13869528472423553;0.45663905143737793;0.26949891448020935;-0.13654592633247375;0.5533609390258789;0.40960827469825745;-0.08325627446174622;0.44601354002952576;0.40507569909095764;-0.08883744478225708;0.5224106311798096;0.5004643797874451;-0.012946542352437973;0.47095391154289246;0.5026100873947144;0.01290497649461031;0.5244299173355103;0.6956956386566162;-0.07258453220129013;0.4733411967754364;0.689916729927063;0.09716858714818954;0.5031764179468154;0.16346975415945053;-0.2946617230772972;0.5614896267652512;0.5463026762008667;-0.17476016655564308;0.44431087374687195;0.5452650189399719;-0.18840772658586502;0.532341480255127;0.9157964587211609;-0.08635145798325539;0.47082436084747314;0.8452609380086263;0.28981325527032215;alejandose
1.7;0.49098867177963257;0.18831466138362885;-0.2839895188808441;0.5416569113731384;0.2798275947570801;-0.1363155096769333;0.4538958966732025;0.26961657404899597;-0.1296551674604416;0.5482912063598633;0.4099940359592438;-0.0751342922449112;0.44268038868904114;0.4049854576587677;-0.08608696609735489;0.5195832252502441;0.5005654096603394;-0.012917709536850452;0.4685747027397156;0.5028122663497925;0.012891832739114761;0.5220744013786316;0.6925370097160339;-0.07216818630695343;0.4733627736568451;0.6897853016853333;0.08635695278644562;0.5006330221891403;0.16662879586219786;-0.2864695891737938;0.5549105256795883;0.5464254915714264;-0.16929838061332703;0.4414776638150215;0.5442487001419067;-0.18591943755745888;0.5313592354456583;0.9120405117670695;-0.08701622610290845;0.4709714452425639;0.8461272915204366;0.26342810690402985;alejandose
1.73;0.48849526047706604;0.1896236389875412;-0.29019245505332947;0.538342297077179;0.2805563509464264;-0.13723856210708618;0.4513155519962311;0.2711127996444702;-0.13278429210186005;0.5439279079437256;0.4123079478740692;-0.07991017401218414;0.43970656394958496;0.4053839147090912;-0.08871335536241531;0.517687976360321;0.5006948113441467;-0.012153168208897114;0.467212975025177;0.503491997718811;0.012111305259168148;0.5206721425056458;0.6911472082138062;-0.06769265234470367;0.4732067584991455;0.6895931363105774;0.0842200294137001;0.4980302363634109;0.16806196868419648;-0.29230203926563264;0.549517959356308;0.5494208037853241;-0.16931914165616035;0.43896953761577606;0.544415757060051;-0.1861117109656334;0.5313877860705057;0.9124222000439962;-0.07604510523378849;0.47087156772613525;0.8467338681221008;0.2666746328274409;alejandose
1.77;0.4859525263309479;0.19005346298217773;-0.24023963510990143;0.5353277921676636;0.28002500534057617;-0.09821687638759613;0.4495960474014282;0.2714724540710449;-0.09073343127965927;0.540360152721405;0.41034135222435;-0.04748212918639183;0.4371933043003082;0.4039008915424347;-0.05182914063334465;0.5155155062675476;0.5008135437965393;-0.011113209649920464;0.46453461050987244;0.5039379000663757;0.011067396029829979;0.5198675394058228;0.6877912282943726;-0.05271328613162041;0.472965270280838;0.6875793933868408;0.07928541302680969;0.49558988511562346;0.16840884536504747;-0.24147867113351823;0.5454071164131165;0.5470977872610092;-0.13886010274291039;0.4357069879770279;0.5423867106437683;-0.15069938451051712;0.531290332476298;0.906938910484314;-0.05236748823275169;0.4707382023334503;0.8465811411539713;0.2457265555858612;alejandose
1.8;0.48554763197898865;0.18914102017879486;-0.234594464302063;0.5336205363273621;0.2793792188167572;-0.09146938472986221;0.44815030694007874;0.27117741107940674;-0.08597274869680405;0.5367676615715027;0.4037337601184845;-0.03769697621464729;0.436913400888443;0.39955374598503113;-0.04513254761695862;0.5145747065544128;0.500873327255249;-0.010507368482649326;0.46326127648353577;0.5039287209510803;0.010457223281264305;0.5193725228309631;0.6866217255592346;-0.04234699532389641;0.47249963879585266;0.6852014660835266;0.07838603854179382;0.49447650015354155;0.1675066903233528;-0.23565139025449752;0.542877659201622;0.5426001995801926;-0.13130377605557442;0.4329460710287094;0.5384608060121536;-0.14455697685480118;0.5298647085825602;0.8972330689430237;-0.025854123756289482;0.47121647000312805;0.8452931046485901;0.2273743450641632;alejandose
1.83;0.4855107069015503;0.18901418149471283;-0.24048614501953125;0.5324236750602722;0.27825361490249634;-0.09673698991537094;0.4478357136249542;0.26978760957717896;-0.08922203630208969;0.5341495275497437;0.39729538559913635;-0.040204741060733795;0.4367208182811737;0.3962128460407257;-0.04473792016506195;0.5137326717376709;0.50019371509552;-0.010601179674267769;0.4621461033821106;0.5026529431343079;0.010534376837313175;0.5191644430160522;0.6828493475914001;-0.030147671699523926;0.47156503796577454;0.682590901851654;0.07666249573230743;0.49396400451660155;0.16717545539140702;-0.2422284260392189;0.5410308390855789;0.5395443588495255;-0.1302831619977951;0.42932945489883423;0.5328752398490906;-0.14072035066783428;0.5291886925697327;0.8876255949338278;0.005345101157824199;0.4714215894540151;0.844314177831014;0.21337213615576425;alejandose
1.87;0.48506778478622437;0.1885981410741806;-0.2659532129764557;0.5322757959365845;0.27606022357940674;-0.1078769862651825;0.4471457004547119;0.2667897343635559;-0.09829350560903549;0.5346713662147522;0.3939475417137146;-0.04336162656545639;0.43632596731185913;0.3920446038246155;-0.05197489634156227;0.5140325427055359;0.49717941880226135;-0.010201568715274334;0.46232202649116516;0.4998060166835785;0.010117240250110626;0.5195237398147583;0.6766156554222107;-0.02527480386197567;0.4710361063480377;0.6802881360054016;0.07520583271980286;0.49336678981781007;0.1669140338897705;-0.269222104549408;0.5417750179767609;0.5318438708782196;-0.1359675880521536;0.42606355994939804;0.5304646790027618;-0.14998967945575714;0.5280259052912394;0.8803606033325195;0.013227545966704687;0.47180933753649396;0.8431246678034464;0.21902544299761453;alejandose
1.9;0.48415666818618774;0.18810759484767914;-0.277953565120697;0.5318702459335327;0.2734528183937073;-0.11751488596200943;0.4468555748462677;0.26421424746513367;-0.10202551633119583;0.5354982018470764;0.39327171444892883;-0.04707954451441765;0.43548738956451416;0.38804352283477783;-0.05579456314444542;0.5141352415084839;0.49145621061325073;-0.010197064839303493;0.46231022477149963;0.4958302676677704;0.010105632245540619;0.5193043947219849;0.6683264374732971;-0.022854633629322052;0.4709068536758423;0.6778000593185425;0.06315600872039795;0.4923384696245193;0.16608235687017442;-0.2819230332970619;0.5435727685689926;0.524831660091877;-0.13842646777629852;0.4232647940516472;0.5268232077360153;-0.15367945283651352;0.5279726584752401;0.8710981210072836;0.02070760230223338;0.47234760721524555;0.8431055744489034;0.19868666181961694;alejandose
1.93;0.4839906096458435;0.18790647387504578;-0.268638551235199;0.5312221646308899;0.27034685015678406;-0.10957895964384079;0.4470403790473938;0.2615220248699188;-0.10007273405790329;0.5350278615951538;0.38965195417404175;-0.039249274879693985;0.4350825846195221;0.38384103775024414;-0.047780945897102356;0.5132935643196106;0.4857114851474762;-0.010141724720597267;0.4620051980018616;0.4907079041004181;0.010059591382741928;0.5195602774620056;0.659986138343811;-0.0116062480956316;0.4706069529056549;0.673197865486145;0.02340209297835827;0.49185900390148163;0.1659015104174614;-0.2736983492970467;0.5445043742656708;0.5178657174110413;-0.12489588186144829;0.42187778651714325;0.5208022147417068;-0.145914601162076;0.5278202096621195;0.8582352002461752;0.05953354823092619;0.4723663330078125;0.8434145649274191;0.12281931564211845;alejandose
1.97;0.4839684069156647;0.1875450164079666;-0.26468706130981445;0.5307720303535461;0.2684815526008606;-0.10635623335838318;0.44739553332328796;0.2598690092563629;-0.09967197477817535;0.53566575050354;0.38760897517204285;-0.038911063224077225;0.4345785677433014;0.3800956606864929;-0.04824512451887131;0.5128017067909241;0.48378679156303406;-0.009633839130401611;0.46185997128486633;0.48932456970214844;0.009547357447445393;0.5197350382804871;0.6575642824172974;-0.0021620593033730984;0.4696531891822815;0.6712252497673035;0.014253991656005383;0.4915854662656784;0.16563060730695725;-0.2696475565433502;0.5452439934015274;0.5134094879031181;-0.12861538864672184;0.42092394828796387;0.5172704309225082;-0.1491740681231022;0.5275920629501343;0.8437655369440714;0.09091508978356917;0.47221602996190387;0.8424048821131388;0.11634924014409383;alejandose
2.0;0.48420315980911255;0.18728210031986237;-0.26564809679985046;0.5304417014122009;0.2674527168273926;-0.10623927414417267;0.4477330446243286;0.25866153836250305;-0.10024399310350418;0.5360777378082275;0.3876108229160309;-0.039071109145879745;0.43450093269348145;0.37764590978622437;-0.05087041109800339;0.512057363986969;0.48137181997299194;-0.008368934504687786;0.4615972340106964;0.48670288920402527;0.008286474272608757;0.5198227763175964;0.6527251601219177;-8,76E+10;0.4689830541610718;0.6680742502212524;0.009439063258469105;0.4915978580713272;0.16534102261066436;-0.27058649957180025;0.5456093549728394;0.5144076123833656;-0.13056356646120548;0.4201938956975937;0.5134936049580574;-0.1519930064678192;0.5275430281956991;0.8290828466415405;0.10345342693229516;0.4722521702448527;0.8405890464782715;0.11429775009552638;alejandose
2.03;0.4841987192630768;0.18715929985046387;-0.2678893506526947;0.5303307175636292;0.2658197581768036;-0.10597819834947586;0.44798415899276733;0.2582145631313324;-0.10409705340862274;0.5362061262130737;0.3861646056175232;-0.03826336935162544;0.434953510761261;0.3767516016960144;-0.0524892583489418;0.5120765566825867;0.4788358509540558;-0.005483017768710852;0.4617363512516022;0.4836355745792389;0.00542239798232913;0.5197910666465759;0.6519871950149536;0.00578672718256712;0.46815261244773865;0.6667676568031311;-0.007086258847266436;0.49160435497760774;0.1651895061135292;-0.2725154906511307;0.5458586513996124;0.515518307685852;-0.13083517737686634;0.4205663800239563;0.5106683745980263;-0.15655259415507317;0.5268478989601135;0.8128082156181335;0.146497443318367;0.4724656343460083;0.8396103779474894;0.08846058029060562;alejandose
2.07;0.4842309355735779;0.18696624040603638;-0.2657155692577362;0.53042072057724;0.2651633024215698;-0.09910913556814194;0.44808730483055115;0.2578626573085785;-0.10466974973678589;0.5365026593208313;0.38550516963005066;-0.03153640031814575;0.4351865351200104;0.37738946080207825;-0.05335928499698639;0.5123403072357178;0.48010164499282837;-0.003089799080044031;0.46191132068634033;0.4837351143360138;0.003046954283490777;0.5193652510643005;0.653283417224884;0.0264432393014431;0.46749380230903625;0.6664595007896423;-0.010954681783914566;0.49170982837677;0.16490966081619263;-0.2696510449051857;0.5466057807207108;0.5121956989169121;-0.13062233291566372;0.42051930725574493;0.5044562369585037;-0.1610908843576908;0.5266828735669454;0.8008239070574442;0.20158507426579794;0.47240163882573444;0.8386052449544271;0.0760745497730871;alejandose
2.1;0.48435333371162415;0.1869543492794037;-0.26580631732940674;0.5306124687194824;0.2651265561580658;-0.09600205719470978;0.4485522210597992;0.25743114948272705;-0.10475108027458191;0.5366668105125427;0.3857770264148712;-0.030727418139576912;0.43565717339515686;0.37563660740852356;-0.05736604332923889;0.5124051570892334;0.4809657335281372;-0.00014375372848007828;0.4620189070701599;0.4837200343608856;9,57E+10;0.5191925764083862;0.6523950695991516;0.04479178041219711;0.4669860303401947;0.6658206582069397;-0.015794934704899788;0.49190596044063567;0.16473808139562607;-0.26946899592876433;0.5467160195112228;0.5133784934878349;-0.1329769715666771;0.4199441969394684;0.5029689148068428;-0.1674119159579277;0.5267429947853088;0.7830200990041097;0.2657925138870875;0.47232847412427265;0.8373587528864542;0.06560444956024487;alejandose
2.13;0.4848395586013794;0.18699577450752258;-0.27555882930755615;0.5310291647911072;0.2651362121105194;-0.10887397825717926;0.4510699510574341;0.2575603425502777;-0.10726242512464523;0.5368877053260803;0.3856770396232605;-0.05180509760975838;0.4373437464237213;0.37482699751853943;-0.06126013770699501;0.5125102996826172;0.4805258810520172;-0.0016888352110981941;0.4626520276069641;0.48258617520332336;0.001636778935790062;0.5190361142158508;0.6498914361000061;0.0290111992508173;0.4669380486011505;0.6645033359527588;-0.01401747390627861;0.4920622050762177;0.1647582545876503;-0.2798643887042999;0.546737939119339;0.5133345350623131;-0.16344550251960754;0.419948473572731;0.5012300685048103;-0.17333297431468964;0.5263793269793192;0.7519871592521667;0.3090290625890096;0.4722696840763092;0.8345658580462137;0.06647200603038073;alejandose
2.17;0.4856296181678772;0.18705962598323822;-0.25903475284576416;0.5324634909629822;0.265215665102005;-0.10647297650575638;0.4534704089164734;0.25764307379722595;-0.09323513507843018;0.5379597544670105;0.3853888511657715;-0.05476342514157295;0.43960604071617126;0.3753451406955719;-0.05003016069531441;0.5125641226768494;0.4808831214904785;-0.005396172869950533;0.4638987183570862;0.4826492369174957;0.005340705160051584;0.519028902053833;0.64799565076828;0.03328714892268181;0.4668188989162445;0.6641460657119751;-0.01582566276192665;0.49263467490673063;0.16489076465368271;-0.26282803118228915;0.5467523485422134;0.5120897442102432;-0.16835662350058556;0.42033715546131134;0.500383697450161;-0.16503968834877014;0.52633269627889;0.7471573352813721;0.3153153161207835;0.4722035427888234;0.8339625795682272;0.04891321311394373;alejandose
2.2;0.48856374621391296;0.1878892034292221;-0.23802725970745087;0.5343191027641296;0.2652522921562195;-0.10030379146337509;0.4556519091129303;0.25784072279930115;-0.07609520107507706;0.5387951731681824;0.385471910238266;-0.056089047342538834;0.443244606256485;0.3758224546909332;-0.03305324167013168;0.5134170651435852;0.48118817806243896;-0.011628834530711174;0.46639153361320496;0.4822736382484436;0.011577357538044453;0.5189406275749207;0.6468440890312195;0.05272428318858147;0.4668613076210022;0.6608384847640991;-0.018509171903133392;0.49492677450180056;0.1656050682067871;-0.2415072053670883;0.5466141253709793;0.5127671957015991;-0.16736605763435364;0.421676829457283;0.4977310225367546;-0.14621729589998722;0.5275059541066488;0.7546420494715372;0.31029757857322693;0.4718528985977173;0.8337616523106893;0.015292222301165262;alejandose
2.23;0.4898574650287628;0.18944813311100006;-0.23712992668151855;0.5361133217811584;0.2652759850025177;-0.09356255829334259;0.45780566334724426;0.2585988938808441;-0.07713771611452103;0.5402164459228516;0.38555067777633667;-0.05431308224797249;0.4455626904964447;0.37612995505332947;-0.032828714698553085;0.5145628452301025;0.48140138387680054;-0.011389299295842648;0.46763309836387634;0.4822705090045929;0.011323492042720318;0.519070029258728;0.6462693810462952;0.05993335321545601;0.4668634235858917;0.6589964032173157;-0.028007201850414276;0.49651955962181094;0.1671105816960335;-0.24089257419109344;0.546232670545578;0.5131791159510612;-0.16141660511493683;0.42568327486515045;0.4981405660510063;-0.14519227109849453;0.5274629592895508;0.7677610913912455;0.2762959748506546;0.47175513704617816;0.8332974314689636;0.0069195205966631574;alejandose
2.27;0.4930461049079895;0.19258089363574982;-0.23201674222946167;0.5387316942214966;0.2656470537185669;-0.08658305555582047;0.4603753387928009;0.25944849848747253;-0.07522308826446533;0.5422638654708862;0.3864757716655731;-0.04185958951711655;0.4480835497379303;0.3767845928668976;-0.031008783727884293;0.5160287618637085;0.48148423433303833;-0.00992054957896471;0.4692502021789551;0.48208290338516235;0.009854837320744991;0.5191072821617126;0.6463268399238586;0.04382535070180893;0.46688926219940186;0.6564638018608093;-0.03203144297003746;0.4994776278734207;0.17002394497394563;-0.2359203279018402;0.5461084544658661;0.5134270265698433;-0.15243826806545258;0.4304288476705551;0.49914947152137756;-0.14329019375145435;0.527011493841807;0.7736694614092509;0.24312511583169302;0.47149789333343506;0.8329213857650757;0.015457909554243088;alejandose
2.3;0.495928019285202;0.1951213926076889;-0.23658907413482666;0.542021632194519;0.2665601372718811;-0.08903766423463821;0.46325263381004333;0.2610178291797638;-0.08019378036260605;0.5443999767303467;0.38675984740257263;-0.04086222127079964;0.45194312930107117;0.3773500323295593;-0.035126328468322754;0.5180753469467163;0.48161694407463074;-0.007594637107104063;0.4716004431247711;0.48076340556144714;0.007533063180744648;0.5190087556838989;0.644666850566864;0.03868270292878151;0.46712610125541687;0.6523075103759766;-0.03494822233915329;0.5021972775459289;0.17256011068820953;-0.24067832976579667;0.5460265427827835;0.5142024010419846;-0.14963071420788765;0.43529732525348663;0.499820277094841;-0.14531062357127666;0.5259988705317179;0.7768752773602804;0.2354962875445684;0.4710003435611725;0.832640548547109;0.0034491121768951416;alejandose
2.33;0.4990459978580475;0.19672654569149017;-0.23484212160110474;0.5445185899734497;0.2684835195541382;-0.09017449617385864;0.4666909873485565;0.2627902626991272;-0.08006998151540756;0.5459805727005005;0.3868102729320526;-0.04076622426509857;0.4553476870059967;0.37770694494247437;-0.03413090854883194;0.5211673378944397;0.48118191957473755;-0.006908601615577936;0.4753153324127197;0.4784849286079407;0.00685883080586791;0.5189579129219055;0.6435635089874268;0.008702094666659832;0.4692494869232178;0.6480201482772827;-0.03590111806988716;0.5050216019153595;0.1745293527841568;-0.23928162306547165;0.5461084693670273;0.5143643096089363;-0.14668133296072483;0.4407947063446045;0.5002706348896027;-0.14202632009983063;0.5250554879506429;0.7791948715845743;0.18282983203728995;0.47050310174624127;0.832189659277598;0.004642081757386525;alejandose
2.37;0.5017091035842896;0.19807907938957214;-0.23758569359779358;0.5469224452972412;0.2690480649471283;-0.09138665348291397;0.47038161754608154;0.26376721262931824;-0.0819174200296402;0.5481228828430176;0.38691872358322144;-0.04227905720472336;0.45927196741104126;0.37767520546913147;-0.03593044728040695;0.5252399444580078;0.47983038425445557;-0.005789495073258877;0.4795265197753906;0.476226806640625;0.005747163202613592;0.5191320180892944;0.6381472945213318;0.02734771929681301;0.47123247385025024;0.6426675915718079;-0.04897598549723625;0.5078202813863755;0.17608445286750793;-0.24197446405887604;0.5463221669197083;0.5144055411219597;-0.15149115398526192;0.44538187235593796;0.49817515164613724;-0.14419150538742542;0.5240036845207214;0.7796400388081869;0.19368974367777506;0.4698748191197713;0.8313263257344564;-0.03636953389892975;alejandose
2.4;0.5043408274650574;0.1988769918680191;-0.23787420988082886;0.5488501787185669;0.26964300870895386;-0.0904679149389267;0.47369644045829773;0.26430198550224304;-0.0831146389245987;0.5504974126815796;0.3869459927082062;-0.04189324006438255;0.4628240466117859;0.3768652677536011;-0.038652654737234116;0.5280230045318604;0.4775054156780243;0.000660627381876111;0.48258504271507263;0.4736610949039459;-0.0007200133986771107;0.5206856727600098;0.6340304017066956;0.03884705901145935;0.4754343628883362;0.6395596265792847;-0.05360329896211624;0.5102169305086136;0.1771089866757393;-0.2421460196375847;0.5472624748945236;0.5131899416446686;-0.1513402797281742;0.44929350912570953;0.49698976427316666;-0.1452331393957138;0.524044136206309;0.7843883236249288;0.1759052500128746;0.46927309036254883;0.828152577082316;-0.03245970575759808;alejandose
2.43;0.505351185798645;0.1988440454006195;-0.22637248039245605;0.5508230328559875;0.2698334753513336;-0.08972623944282532;0.4760863482952118;0.2650071680545807;-0.0779968723654747;0.5526025295257568;0.3864372670650482;-0.042842965573072433;0.46645715832710266;0.3765448331832886;-0.03197645768523216;0.5307451486587524;0.47487470507621765;6,18E+10;0.4845978617668152;0.4720841646194458;-0.00011347299005137756;0.5229714512825012;0.6307942271232605;0.04053185507655144;0.47749048471450806;0.6371389031410217;-0.04585476964712143;0.5115935444831848;0.17723340094089507;-0.230803382396698;0.5483801811933517;0.5085479021072388;-0.15066877380013466;0.45211921632289886;0.4953477308154106;-0.1337607018649578;0.5242185990015665;0.7839738925298055;0.15229946126540503;0.4688989420731862;0.8195940057436625;-0.03055188897997141;alejandose
2.47;0.5068579912185669;0.1986885368824005;-0.21936337649822235;0.552585244178772;0.26975271105766296;-0.08764322102069855;0.478261798620224;0.264999121427536;-0.06881331652402878;0.5550289154052734;0.38305461406707764;-0.04626079276204109;0.46950843930244446;0.3761172890663147;-0.0236750990152359;0.532374918460846;0.47167712450027466;-0.0021461418364197016;0.4860895872116089;0.46949902176856995;0.002154336543753743;0.524595320224762;0.6285716891288757;0.0398428700864315;0.4792289733886719;0.6328653693199158;-0.05457773804664612;0.513245290517807;0.17713391929864883;-0.22378276139497758;0.5511319637298584;0.5025274530053139;-0.15097661688923836;0.4545956179499626;0.4949568286538124;-0.1268678829073906;0.5241534113883972;0.7829943100611368;0.14305688937505087;0.4690496623516083;0.8117270270983378;-0.047880052123218775;alejandose
2.5;0.5077212452888489;0.19805702567100525;-0.1984519213438034;0.5531922578811646;0.2684257924556732;-0.07246321439743042;0.47927263379096985;0.2646966278553009;-0.04721861332654953;0.5566883683204651;0.38012221455574036;-0.0402701161801815;0.4708394408226013;0.3761441111564636;-0.007847383618354797;0.5330438613891602;0.46767574548721313;-0.008660786785185337;0.4868876338005066;0.4667344093322754;0.00873542670160532;0.5254238247871399;0.6250516176223755;0.019901495426893234;0.48059502243995667;0.6287349462509155;-0.0509619265794754;0.5142593711614609;0.17692780792713164;-0.20215976014733314;0.5537881702184677;0.49738793820142746;-0.1400782372802496;0.45761898905038834;0.494962178170681;-0.11549267917871475;0.5242880384127299;0.7821951905886332;0.1288345754146576;0.4679035047690074;0.8089233835538229;-0.04933098657056689;alejandose
2.53;0.5089977979660034;0.19755570590496063;-0.16382579505443573;0.5534289479255676;0.26632773876190186;-0.03871748968958855;0.4797275960445404;0.26354748010635376;-0.023651188239455223;0.5580641627311707;0.376934677362442;-0.007480497006326914;0.4712718725204468;0.3760705292224884;0.008380048908293247;0.5338606834411621;0.46622321009635925;-0.009047219529747963;0.487840473651886;0.4651431143283844;0.009150054305791855;0.5268996357917786;0.6225234866142273;0.009627877734601498;0.4822339117527008;0.625309944152832;-0.04735513776540756;0.5154505252838135;0.17666368335485458;-0.1657288819551468;0.5565474927425385;0.4924876540899277;-0.10252951458096504;0.45981888473033905;0.49514463543891907;-0.09768112935125828;0.5239230791727701;0.7814831535021464;0.1057158795495828;0.4685906767845154;0.8031129439671835;-0.032055159409840904;alejandose
2.57;0.5098416209220886;0.19562283158302307;-0.17161639034748077;0.5536858439445496;0.26357486844062805;-0.041388530284166336;0.4801788628101349;0.2617344260215759;-0.03475751355290413;0.5593516230583191;0.3734981417655945;-0.0020381987560540438;0.4720641076564789;0.37401968240737915;-0.0017368185799568892;0.5347060561180115;0.4629511535167694;-0.008737080730497837;0.4884660840034485;0.4618159532546997;0.00880399439483881;0.5276758670806885;0.6184273362159729;0.011050690896809101;0.4830603301525116;0.6197792887687683;-0.03013100102543831;0.5163274288177491;0.17523343712091446;-0.17401776760816573;0.5590556263923645;0.49289003759622574;-0.0917174369096756;0.4609483554959297;0.4932263717055321;-0.10603969730436802;0.5235479871431986;0.7780219117800394;0.10453021277983983;0.47023846705754596;0.7960298657417297;0.0034554836650689444;alejandose
2.6;0.5106208920478821;0.19389043748378754;-0.17496982216835022;0.5540830492973328;0.26241129636764526;-0.0412762425839901;0.4806841313838959;0.26037725806236267;-0.038877662271261215;0.5603991746902466;0.37182289361953735;0.001923205447383225;0.4727793037891388;0.3716357946395874;-0.005157985258847475;0.535371720790863;0.4606451690196991;-0.008656099438667297;0.4896201491355896;0.4592553675174713;0.008749320171773434;0.5288885831832886;0.6176260113716125;0.0042050741612911224;0.48413050174713135;0.6150920391082764;-0.01141965389251709;0.516991662979126;0.17359963208436965;-0.17666826397180557;0.5620120465755463;0.49087145924568176;-0.0882339607924223;0.462176188826561;0.4889034703373909;-0.1086594220250845;0.5238684415817261;0.7771921157836914;0.08350401402761538;0.47139693299929303;0.7881784836451212;0.052352353309591614;alejandose
2.63;0.5107536315917969;0.19287963211536407;-0.1843707263469696;0.5545850992202759;0.2618790864944458;-0.05174596980214119;0.4809938371181488;0.25972437858581543;-0.04382535070180893;0.5608590245246887;0.37230974435806274;-0.006315201986581087;0.47312313318252563;0.37073814868927;-0.008546825498342514;0.5358519554138184;0.45992496609687805;-0.0064039225690066814;0.48992428183555603;0.4583277702331543;0.006461395416408777;0.5298527479171753;0.6162477135658264;0.005128070246428251;0.4845544695854187;0.6112145781517029;-0.002449314808472991;0.517141729593277;0.17296898514032363;-0.18616783022880554;0.5636068731546402;0.48840878158807755;-0.09233216568827629;0.4632910192012787;0.4878840446472168;-0.11206700094044209;0.5239535371462504;0.774009128411611;0.07908210934450229;0.47366689642270404;0.7744754552841187;0.07275454762081306;alejandose
2.67;0.5106464624404907;0.1920449435710907;-0.20928913354873657;0.554870069026947;0.26170581579208374;-0.07431446760892868;0.4811341166496277;0.2597561180591583;-0.07421822100877762;0.5619223117828369;0.3725557327270508;-0.015055658295750618;0.4729832410812378;0.3708164095878601;-0.03375309705734253;0.5365092754364014;0.4589374363422394;-0.004877015482634306;0.49083444476127625;0.4574022591114044;0.004876867402344942;0.5302978157997131;0.6146355271339417;0.006290608551353216;0.4848712682723999;0.6084985136985779;0.004626908339560032;0.5171076774597168;0.1723919317126274;-0.2110380068421364;0.5658984631299973;0.4881821647286415;-0.1022045724093914;0.4636814668774605;0.4862009435892105;-0.12562896497547626;0.524504542350769;0.7732182939847311;0.07745562183360259;0.47410736481348675;0.762713094552358;0.08492157359917958;alejandose
2.7;0.5102174878120422;0.19180350005626678;-0.22882482409477234;0.5549581050872803;0.26185014843940735;-0.08677282184362411;0.48143085837364197;0.2597924768924713;-0.0941043272614479;0.5619374513626099;0.37210261821746826;-0.023217111825942993;0.4731808006763458;0.37000563740730286;-0.05102807283401489;0.5365825295448303;0.4566846191883087;-0.0006554233841598034;0.4911641776561737;0.45501598715782166;0.0005929826875217259;0.5306497812271118;0.6132218241691589;0.0067799706012010574;0.4853363633155823;0.6061714887619019;0.004273200873285532;0.5167351603507996;0.17216089218854905;-0.23104713410139083;0.567815512418747;0.4889593720436096;-0.10572531074285507;0.4635278582572937;0.48285963386297226;-0.13749690540134907;0.5250799457232157;0.7717867096265157;0.07973735344906648;0.47401657700538635;0.7511440515518188;0.09390778032441933;alejandose
2.73;0.5099116563796997;0.19178506731987;-0.23011735081672668;0.5546707510948181;0.26194697618484497;-0.08337683975696564;0.4814172089099884;0.25982555747032166;-0.09888799488544464;0.562015175819397;0.3702157735824585;-0.022411657497286797;0.4728149175643921;0.36968767642974854;-0.05577802285552025;0.536234974861145;0.45346367359161377;0.003816271433606744;0.49103423953056335;0.45256131887435913;-0.003896409645676613;0.5306532979011536;0.611126184463501;-0.0063833328895270824;0.48624369502067566;0.6052111983299255;0.004560614470392466;0.5164428055286407;0.17217525839805603;-0.2322412222623825;0.5687492191791534;0.486431322991848;-0.10486418381333351;0.46315276622772217;0.4810509979724884;-0.14020374789834023;0.5257328947385153;0.7717678745587667;0.057088847272098064;0.4740818937619527;0.7403594255447388;0.12626896922787031;alejandose
2.77;0.5098778605461121;0.19179177284240723;-0.2410043179988861;0.554631233215332;0.2619934380054474;-0.0899435505270958;0.4811374843120575;0.26036083698272705;-0.11265131086111069;0.5617659687995911;0.36884042620658875;-0.028923992067575455;0.4725469648838043;0.36968258023262024;-0.06906735897064209;0.5359350442886353;0.4502379298210144;0.006585721857845783;0.4910999536514282;0.4498380422592163;-0.006664487067610025;0.5307238698005676;0.606058657169342;-0.014185803942382336;0.48686620593070984;0.6005589962005615;0.0095033198595047;0.5163130700588227;0.17226601094007493;-0.24293909221887589;0.5690602362155914;0.4845053628087044;-0.10706284455955029;0.4624020457267761;0.48083238303661346;-0.14889229461550713;0.5260993639628092;0.7712923685709635;0.020526602864265442;0.4740733007589976;0.7268935839335123;0.1584141030907631;alejandose
2.8;0.5096139907836914;0.19179631769657135;-0.23305130004882812;0.5541236996650696;0.2621377408504486;-0.08802071213722229;0.48089808225631714;0.2603752911090851;-0.10803031921386719;0.5615874528884888;0.36606964468955994;-0.025036010891199112;0.47227412462234497;0.36876899003982544;-0.06615347415208817;0.5358337759971619;0.4496806263923645;0.008138779550790787;0.49078965187072754;0.44987499713897705;-0.008200119249522686;0.5308069586753845;0.6054151654243469;-0.029418837279081345;0.4866500496864319;0.6008992791175842;0.013716209679841995;0.5159566760063171;0.17235851436853408;-0.23498270958662032;0.5683242380619049;0.47662627696990967;-0.10790169611573219;0.4624328538775444;0.4811410903930664;-0.14719487726688385;0.5263119538625082;0.7704894542694092;0.008633589992920557;0.4741966327031453;0.7171393036842346;0.20695660014947256;alejandose
2.83;0.5091121196746826;0.1921258419752121;-0.23174647986888885;0.5526306629180908;0.2626086175441742;-0.08455754071474075;0.48059722781181335;0.2604294419288635;-0.10879635065793991;0.5607007741928101;0.36576032638549805;-0.025008810684084892;0.4721369743347168;0.3685621917247772;-0.06781240552663803;0.5349045395851135;0.4477776885032654;0.00843171589076519;0.49057498574256897;0.44921875;-0.008484422229230404;0.5307210683822632;0.6031504273414612;-0.029443325474858284;0.4868505597114563;0.600315272808075;0.00706435227766633;0.5154642879962921;0.1727507084608078;-0.2332872435450554;0.5678988546133041;0.4750317558646202;-0.10981136932969093;0.46250391006469727;0.4817695990204811;-0.1485735923051834;0.5266540845235189;0.7695101300875345;6,54E+10;0.47416690985361737;0.717147688070933;0.17512360463539758;alejandose
2.87;0.5076330900192261;0.1936797946691513;-0.23649926483631134;0.5505162477493286;0.263871431350708;-0.08502715826034546;0.4786682426929474;0.2617416977882385;-0.11292847245931625;0.5599546432495117;0.36630120873451233;-0.028188109397888184;0.47051388025283813;0.3687082827091217;-0.07253021746873856;0.5334693789482117;0.44830629229545593;0.007980427704751492;0.489940345287323;0.4499283730983734;-0.008028311654925346;0.530208945274353;0.6044644117355347;-0.03566936030983925;0.4866185784339905;0.6015836596488953;0.011523767374455929;0.5143765151500702;0.17416465282440186;-0.2376142993569374;0.5674678683280945;0.4772292599081993;-0.11469513364136219;0.4622822254896164;0.48218271136283875;-0.15451476722955704;0.5268259445826212;0.7702401280403137;-0.011224561681350073;0.47414127985636395;0.717480997244517;0.19188695649305978;alejandose
2.9;0.5062037706375122;0.19581912457942963;-0.20959067344665527;0.5473254919052124;0.2652762830257416;-0.06226719170808792;0.47646206617355347;0.2622107267379761;-0.09491513669490814;0.5584732890129089;0.36665037274360657;-0.016020642593503;0.46837618947029114;0.36852744221687317;-0.0652545914053917;0.5311770439147949;0.44879114627838135;0.007532946765422821;0.4882504940032959;0.45030611753463745;-0.007562704849988222;0.5293768644332886;0.6043775081634521;-0.05446622148156166;0.4863901436328888;0.6020086407661438;0.016538159921765327;0.5130061626434326;0.17621854096651077;-0.20940205007791518;0.5671601742506027;0.4768359139561653;-0.1086709052324295;0.4619000032544136;0.4814622849225998;-0.14179938845336437;0.5270317196846008;0.7708226243654887;-0.053475319097439446;0.4740816255410512;0.7158198555310568;0.1981100539366404;alejandose
2.93;0.5034688115119934;0.19733677804470062;-0.21294142305850983;0.5435882806777954;0.2670445442199707;-0.06528425216674805;0.4740108847618103;0.2629932463169098;-0.0946982204914093;0.5556282997131348;0.3662922978401184;-0.017016306519508362;0.46514323353767395;0.3684174716472626;-0.0629517063498497;0.5281733274459839;0.44778352975845337;0.005761867389082909;0.48605093359947205;0.4507012963294983;-0.005772913806140423;0.5280457735061646;0.6004873514175415;-0.059302397072315216;0.4859883785247803;0.6021656394004822;0.016546009108424187;0.5102737188339234;0.1780985936522484;-0.21353435814380645;0.5663291662931442;0.47412044554948807;-0.10905041918158531;0.46071767061948776;0.47825080901384354;-0.13943020440638065;0.5271092255910238;0.7700861096382141;-0.06755029720564683;0.4741220573584239;0.7216445207595825;0.17825072507063547;alejandose
2.97;0.5003880262374878;0.20016366243362427;-0.2145049124956131;0.5398673415184021;0.2675887644290924;-0.06598393619060516;0.4712724983692169;0.26332277059555054;-0.09167364239692688;0.5506197810173035;0.36372438073158264;-0.01801283285021782;0.46259966492652893;0.36698395013809204;-0.054334815591573715;0.5248915553092957;0.4476378262042999;0.0013330398360267282;0.48335713148117065;0.4509041905403137;-0.0013425436336547136;0.525024950504303;0.6011629700660706;-0.04606175422668457;0.48507267236709595;0.6023852229118347;0.0225025974214077;0.5074034065008164;0.18136046975851058;-0.21523355841636657;0.5637452453374863;0.46679195761680603;-0.10756118968129158;0.45848648250102997;0.47465237975120544;-0.1384033616632223;0.5265645782152811;0.7688283522923788;-0.047585757759710155;0.47415198882420856;0.7251824537913004;0.1737693970402082;alejandose
3.0;0.49792253971099854;0.2023165076971054;-0.20481090247631073;0.5357601642608643;0.26886558532714844;-0.06255879253149033;0.4685661494731903;0.26452481746673584;-0.078424371778965;0.546260416507721;0.3632079064846039;-0.012383769266307354;0.4594103991985321;0.36676275730133057;-0.042999718338251114;0.5214849710464478;0.4480173885822296;-0.0014396879123523831;0.48039674758911133;0.4512050747871399;0.001439648331142962;0.5223532915115356;0.6013944149017334;-0.04796021431684494;0.48423507809638977;0.602467954158783;0.02593345381319523;0.5051832616329193;0.1844673842191696;-0.20520396232604982;0.5600436925888062;0.46652254462242126;-0.10111940838396549;0.45650820434093475;0.47430654615163803;-0.13228538446128368;0.5261364976565043;0.7672014435132345;-0.0486549719547232;0.4745773176352183;0.7265199224154154;0.18083648880322775;alejandose
3.03;0.49603307247161865;0.20561327040195465;-0.19761992990970612;0.5332105755805969;0.2719103693962097;-0.060166094452142715;0.4659050405025482;0.2685759961605072;-0.06769408285617828;0.543036937713623;0.3632708191871643;-0.013185586780309677;0.4567964971065521;0.36759933829307556;-0.038319118320941925;0.5189974308013916;0.4482772946357727;-0.0074441395699977875;0.478235125541687;0.45269906520843506;0.007481540087610483;0.5205994248390198;0.601017951965332;-0.09452860057353973;0.4832966923713684;0.6023380756378174;0.053546760231256485;0.5032534539699555;0.1880652502179146;-0.19819831550121308;0.5554684996604919;0.46797196567058563;-0.10060794837772846;0.45489402115345;0.47500376403331757;-0.12991062365472317;0.5256637533505758;0.7673771580060323;-0.11610150088866551;0.4772275686264038;0.7270673712094625;0.21660923957824707;alejandose
3.07;0.4937307834625244;0.20846682786941528;-0.20132222771644592;0.5311869978904724;0.2744998335838318;-0.06258184462785721;0.4637239873409271;0.2707293927669525;-0.06929843127727509;0.5397350192070007;0.3663095235824585;-0.024978769943118095;0.4548155665397644;0.36765801906585693;-0.040414780378341675;0.5166854858398438;0.4485976994037628;-0.01061201747506857;0.4761568605899811;0.45403507351875305;0.010623649694025517;0.5193572044372559;0.5990170240402222;-0.11787465959787369;0.4824923276901245;0.6005507707595825;0.07172227650880814;0.5009815603494644;0.1904379293322563;-0.20222647488117218;0.5523909479379654;0.4685068279504776;-0.11138884350657463;0.45322325080633163;0.4753529131412506;-0.13073210045695305;0.524862269560496;0.7658534248669943;-0.14746775726477304;0.47919795910517377;0.7251049478848776;0.24380294481913248;alejandose
3.1;0.49217489361763;0.20984235405921936;-0.19793668389320374;0.5290969610214233;0.27553874254226685;-0.06432341784238815;0.46160438656806946;0.27110692858695984;-0.06804682314395905;0.535228431224823;0.3672853112220764;-0.02436082810163498;0.45319992303848267;0.3676980137825012;-0.03928568586707115;0.5151557922363281;0.4487093687057495;-0.011380914598703384;0.4744441509246826;0.45427095890045166;0.01139113586395979;0.5175723433494568;0.5980855822563171;-0.08370832353830338;0.4805641174316406;0.5995671153068542;0.0688071921467781;0.4993498206138611;0.1919383391737938;-0.1988840565085411;0.5480259209871292;0.4690452665090561;-0.10629623755812645;0.4517885446548462;0.475667305290699;-0.12756743654608727;0.5244935353597006;0.7638112703959147;-0.08624002585808437;0.4792379140853882;0.7238037586212158;0.22799964745839438;alejandose
3.13;0.490801066160202;0.2090996950864792;-0.20636533200740814;0.527809202671051;0.2755569815635681;-0.0816553384065628;0.45987096428871155;0.2708761990070343;-0.0741787999868393;0.5327513217926025;0.3681175410747528;-0.036282170563936234;0.45110881328582764;0.36729076504707336;-0.04485003277659416;0.5138946175575256;0.44891253113746643;-0.01063256524503231;0.47314953804016113;0.4542875587940216;0.010613847523927689;0.5160924196243286;0.5970993041992188;-0.05173100531101227;0.4790360927581787;0.5977783799171448;0.06331023573875427;0.49780462980270385;0.19097495973110198;-0.20749380737543105;0.5440622568130493;0.4703224450349808;-0.11352450028061867;0.44964156299829483;0.4758601188659668;-0.12894217856228352;0.5237858096758524;0.758886436621348;-0.047544975920269884;0.47897323966026306;0.7228954434394836;0.21060659488042197;alejandose
3.17;0.49010375142097473;0.20851995050907135;-0.20572246611118317;0.5264825820922852;0.27545350790023804;-0.08126946538686752;0.45905801653862;0.27064165472984314;-0.075181744992733;0.5294007062911987;0.36813339591026306;-0.0378541462123394;0.4500075578689575;0.3663014769554138;-0.04555307701230049;0.5133345127105713;0.44877734780311584;-0.010653765872120857;0.4731205999851227;0.45383986830711365;0.01062249019742012;0.5155468583106995;0.5930944681167603;-0.041107408702373505;0.47794780135154724;0.5952100157737732;0.06328511983156204;0.4967605948448181;0.19025546908378602;-0.20660159438848497;0.5365757644176483;0.47089483588933945;-0.11771687120199203;0.4478203356266022;0.4756969064474106;-0.13056331127882004;0.5231604973475138;0.7524360219637553;-0.02729640311251084;0.47923510273297626;0.7216236790021261;0.20373116433620453;alejandose
3.2;0.4893859326839447;0.20831532776355743;-0.21530818939208984;0.5256832838058472;0.27529725432395935;-0.08873415738344193;0.45879560708999634;0.26970019936561584;-0.08197256177663803;0.527585506439209;0.3672509789466858;-0.04289945214986801;0.44942769408226013;0.36551371216773987;-0.050066448748111725;0.5123863816261292;0.4469229280948639;-0.011409026570618153;0.4728074371814728;0.45119091868400574;0.011370578780770302;0.5142216086387634;0.5895929932594299;-0.03755228593945503;0.47757667303085327;0.5930683612823486;0.06275880336761475;0.495900559425354;0.18997237086296082;-0.21707859635353088;0.5337144285440445;0.47016099840402603;-0.12246979586780071;0.4458514228463173;0.4757078289985657;-0.1361546814441681;0.5219899415969849;0.7491973638534546;-0.022182811051607132;0.47941988706588745;0.7202680309613546;0.20077987015247345;alejandose
3.23;0.48847270011901855;0.20791606605052948;-0.22844676673412323;0.5251637101173401;0.2750103175640106;-0.10054665803909302;0.45855778455734253;0.26886412501335144;-0.096653513610363;0.5270260572433472;0.3672043979167938;-0.05512160062789917;0.4489889442920685;0.36557433009147644;-0.06266692280769348;0.5121244192123413;0.444970041513443;-0.010900188237428665;0.4728565514087677;0.4484308063983917;0.010858149267733097;0.513308048248291;0.5821810960769653;-0.03942105919122696;0.4774250388145447;0.5890552997589111;0.058089662343263626;0.4949675679206848;0.18971364498138427;-0.22992962151765822;0.5331819206476212;0.47048189491033554;-0.12985430471599102;0.44398415833711624;0.4756742864847183;-0.14333910308778286;0.5200076699256897;0.7403630415598551;-0.014308845003445944;0.4797450304031372;0.7205408414204916;0.1731156458457311;alejandose
3.27;0.4878389239311218;0.2073998898267746;-0.24473045766353607;0.5240007042884827;0.27427512407302856;-0.11228939145803452;0.4580395817756653;0.2683388292789459;-0.11149435490369797;0.5260500907897949;0.36579176783561707;-0.06675131618976593;0.44818586111068726;0.365622341632843;-0.0783093273639679;0.511604368686676;0.44163134694099426;-0.010639732703566551;0.47274965047836304;0.44470903277397156;0.010596721433103085;0.5122804641723633;0.5764369368553162;-0.04446127265691757;0.47736597061157227;0.585017740726471;0.05718882754445076;0.4942285567522049;0.18926492780447007;-0.24613341987133025;0.5322921276092529;0.4689164534211159;-0.14204653911292553;0.441609188914299;0.47518566995859146;-0.15902592986822128;0.5185264945030212;0.7341850201288859;-0.020307046671708424;0.4801599582036336;0.7182016571362814;0.17089663445949554;alejandose
3.3;0.487408846616745;0.20728294551372528;-0.24414409697055817;0.5233905911445618;0.27371546626091003;-0.10891668498516083;0.4580315053462982;0.26804932951927185;-0.11137965321540833;0.5262654423713684;0.36431369185447693;-0.05762171745300293;0.447576105594635;0.3654022514820099;-0.07517056912183762;0.5110150575637817;0.43748247623443604;-0.009543607011437416;0.4724627435207367;0.44067180156707764;0.009477709420025349;0.5116349458694458;0.572859525680542;-0.03236580267548561;0.4770733118057251;0.5816832780838013;0.012391040101647377;0.4936829149723053;0.18884610384702682;-0.24576355516910553;0.5329101383686066;0.46754395216703415;-0.13415036536753178;0.4395984411239624;0.47493693977594376;-0.1549483835697174;0.5172896981239319;0.7277007301648458;0.023014710595210392;0.4801812469959259;0.7184773087501526;0.0925424403200547;alejandose
3.33;0.4869658648967743;0.2069748044013977;-0.23842550814151764;0.5229418873786926;0.2723342180252075;-0.10191214829683304;0.45835959911346436;0.2665821611881256;-0.10413971543312073;0.5253158807754517;0.3601294755935669;-0.05576504021883011;0.44739794731140137;0.3615002930164337;-0.05679243803024292;0.5109695196151733;0.4360869228839874;-0.00937636662274599;0.47226211428642273;0.439401775598526;0.009293260052800179;0.5114874243736267;0.5697564482688904;-0.019408758729696274;0.47657856345176697;0.5807818174362183;0.008654463104903698;0.49310888946056364;0.1883548080921173;-0.23893129527568818;0.5313540697097778;0.46043604612350464;-0.12245813198387623;0.4379434883594513;0.4695176035165787;-0.13543018884956837;0.5158916513125101;0.7169095675150553;0.07104596255036692;0.48011178771654767;0.7168245116869608;0.10504096498092015;alejandose
3.37;0.4867466390132904;0.2067054808139801;-0.23853109776973724;0.5226077437400818;0.27188193798065186;-0.10380597412586212;0.4585902988910675;0.2660767436027527;-0.10134606063365936;0.524612545967102;0.35621023178100586;-0.05425870046019554;0.44741249084472656;0.36027613282203674;-0.05709364637732506;0.5107428431510925;0.4348887503147125;-0.008424414321780205;0.47214144468307495;0.4379445016384125;0.008345249108970165;0.5115180611610413;0.568171501159668;-0.01498239766806364;0.4757607579231262;0.5798065662384033;0.0047051734291017056;0.49275001883506775;0.18819306045770645;-0.24043800234794616;0.5305332988500595;0.455925315618515;-0.12342033162713051;0.4366791620850563;0.46775034815073013;-0.13625816069543362;0.5150890151659647;0.706166684627533;0.08361109718680382;0.4800255199273427;0.7162658373514811;0.09757769480347633;alejandose
3.4;0.48657000064849854;0.20652881264686584;-0.2362205684185028;0.5225939750671387;0.27186059951782227;-0.10384021699428558;0.4587615430355072;0.2660778760910034;-0.09947472810745239;0.5246301889419556;0.3564026653766632;-0.05497421696782112;0.4476529359817505;0.36050140857696533;-0.05616467446088791;0.5106396079063416;0.4348754286766052;-0.007891189306974411;0.4722480773925781;0.43787863850593567;0.007822087034583092;0.5111153721809387;0.5678570866584778;-0.009657369926571846;0.47532224655151367;0.5797479152679443;0.00680130161345005;0.492587748169899;0.18800006955862045;-0.23821365386247634;0.5309265702962875;0.4571091756224632;-0.12540483847260475;0.4354427829384804;0.4663859084248543;-0.13526631146669388;0.5139128565788269;0.6941999594370524;0.10116156563162804;0.47991980115572613;0.7150592605272929;0.10288422803084056;alejandose
3.43;0.4864811897277832;0.20643121004104614;-0.24193435907363892;0.5227317810058594;0.2718234062194824;-0.11228042840957642;0.4589030146598816;0.2660786211490631;-0.1031983494758606;0.5253716111183167;0.3570009171962738;-0.06803235411643982;0.44788041710853577;0.36065176129341125;-0.0598723366856575;0.510465145111084;0.43227508664131165;-0.007872727699577808;0.472293496131897;0.4356161952018738;0.00780458003282547;0.5099592208862305;0.5651374459266663;0.000395608542021364;0.4744691252708435;0.5780706405639648;-0.00605792785063386;0.49243939518928526;0.18787093311548234;-0.2445383697748184;0.53144471347332;0.4575863927602768;-0.14203800447285175;0.4358595386147499;0.4652625247836113;-0.13633476570248604;0.512717584768931;0.6848075985908508;0.12915458530187607;0.47922393679618835;0.7152598897616068;0.06209314831842979;alejandose
3.47;0.4866197109222412;0.20631848275661469;-0.23993119597434998;0.5229711532592773;0.27190712094306946;-0.11081136763095856;0.4589698016643524;0.266154944896698;-0.10208944976329803;0.5258886218070984;0.3609188497066498;-0.06722215563058853;0.4480142295360565;0.3608010709285736;-0.05923236533999443;0.5102149248123169;0.4328825771808624;-0.008372597396373749;0.4722869396209717;0.43640080094337463;0.00831321906298399;0.5086345076560974;0.5663126111030579;-0.011184323579072952;0.4736584424972534;0.5791158080101013;-0.006194538436830044;0.4925561875104904;0.18777048736810684;-0.24239317178726197;0.5320255011320114;0.4633793905377388;-0.14771315455436707;0.436716690659523;0.4632849097251892;-0.1403740644454956;0.5115401943524679;0.6788027286529541;0.15387224654356638;0.4785795410474141;0.7155056993166605;0.06591758490321808;alejandose
3.5;0.4867398738861084;0.2063116878271103;-0.2342257797718048;0.523130476474762;0.27199089527130127;-0.10795662552118301;0.4600326716899872;0.26592200994491577;-0.09407956898212433;0.5262332558631897;0.3644584119319916;-0.06484586000442505;0.4491496682167053;0.3603716194629669;-0.053166698664426804;0.5100743770599365;0.4334607720375061;-0.008365715853869915;0.47234293818473816;0.43679744005203247;0.008310138247907162;0.5075427293777466;0.56679368019104;-0.014308181591331959;0.47257694602012634;0.579646110534668;-0.014756063930690289;0.492718306183815;0.18782792538404464;-0.23768627643585205;0.5324079245328903;0.46665947139263153;-0.14838974922895432;0.4371531754732132;0.46039167046546936;-0.14008639752864838;0.5099424521128336;0.6757639646530151;0.16222036629915237;0.4782950083414714;0.7162789503733317;0.04644242922465006;alejandose
3.53;0.48694661259651184;0.20676986873149872;-0.21274784207344055;0.5238167643547058;0.27204573154449463;-0.09252197295427322;0.46169015765190125;0.2656842768192291;-0.07953144609928131;0.5264444351196289;0.36469537019729614;-0.05541396513581276;0.4516124129295349;0.35849645733833313;-0.043246470391750336;0.5099702477455139;0.4336487054824829;-0.00812989380210638;0.4724588990211487;0.43639126420021057;0.00808955729007721;0.5070278644561768;0.5655775666236877;-0.026802698150277138;0.4723227918148041;0.5794987082481384;-0.026089470833539963;0.4928413063287735;0.18832079023122789;-0.2157542362809181;0.5326034128665924;0.46667566895484924;-0.14640846475958824;0.43779319524765015;0.4598917067050934;-0.1328878551721573;0.5082026322682699;0.6710116267204285;0.1462035651008288;0.47824084758758545;0.7169414957364401;0.03199894353747368;alejandose
3.57;0.4880475401878357;0.20717935264110565;-0.21332913637161255;0.5242418050765991;0.2720401883125305;-0.0908871442079544;0.4635393023490906;0.2657472789287567;-0.07731543481349945;0.5280717015266418;0.36504650115966797;-0.05163063481450081;0.45390602946281433;0.3577468991279602;-0.0397803820669651;0.5100686550140381;0.43391773104667664;-0.008320883847773075;0.473309725522995;0.43648621439933777;0.008288498967885971;0.5064885020256042;0.5659652948379517;-0.03292495757341385;0.472066730260849;0.5795024633407593;-0.020043859258294106;0.49332426488399506;0.18895450979471207;-0.21601152867078782;0.5334814786911011;0.4666375517845154;-0.14487498626112938;0.4392399564385414;0.4588363692164421;-0.1314587313681841;0.5078065196673075;0.6708060304323832;0.1482355793317159;0.47831958532333374;0.7173504829406738;0.046184188375870384;alejandose
3.6;0.4898620843887329;0.2081085741519928;-0.21228080987930298;0.5248823761940002;0.2719644606113434;-0.0855952724814415;0.46502652764320374;0.26681679487228394;-0.07914352416992188;0.5301541090011597;0.36545246839523315;-0.04027926176786423;0.4556253254413605;0.35788995027542114;-0.042008962482213974;0.5102987289428711;0.4340781569480896;-0.007232008036226034;0.47450101375579834;0.43644005060195923;0.007214708719402552;0.5063948035240173;0.5655508041381836;-0.022086748853325844;0.4713032841682434;0.5770338177680969;-0.022375576198101044;0.4944017827510834;0.19010176360607148;-0.21456281542778016;0.5349435061216354;0.4666621461510658;-0.12621168978512287;0.4412048012018204;0.4591299965977669;-0.13248254917562008;0.5074688196182251;0.6730616688728333;0.1574421152472496;0.4782662292321523;0.7169244488080343;0.03756458436449369;alejandose
3.63;0.49097591638565063;0.2095644623041153;-0.20414459705352783;0.5262355208396912;0.2719585597515106;-0.0788077861070633;0.4665601849555969;0.267677366733551;-0.07580146938562393;0.5320311784744263;0.36618363857269287;-0.036672525107860565;0.4575650990009308;0.3576996624469757;-0.04186386615037918;0.5104619264602661;0.4342208206653595;-0.005852718371897936;0.4752836525440216;0.4362272620201111;0.00585041893646121;0.5060948133468628;0.5621271729469299;-0.011312895454466343;0.47117525339126587;0.5744005441665649;-0.03464261814951897;0.49522305130958555;0.19148693084716797;-0.20659688115119934;0.536450669169426;0.4664378762245178;-0.12103663571178913;0.4447266012430191;0.4581598564982414;-0.13265173882246017;0.5067543586095175;0.6720306475957235;0.16732552150885263;0.4780917267004649;0.7168765465418497;0.010600563138723373;alejandose
3.67;0.49194926023483276;0.21046589314937592;-0.20298966765403748;0.5276476740837097;0.271954208612442;-0.07864648103713989;0.46792787313461304;0.26839956641197205;-0.07711708545684814;0.5331630110740662;0.3662237226963043;-0.03807516396045685;0.45937711000442505;0.3579634428024292;-0.04300490394234657;0.5111171007156372;0.4342566132545471;-0.00455899303779006;0.47653838992118835;0.4361300766468048;0.004561231005936861;0.5060216188430786;0.5594361424446106;-0.008091925643384457;0.4712134003639221;0.5728017091751099;-0.03930126503109932;0.49602317810058594;0.19237831085920334;-0.2053432360291481;0.5376509428024292;0.466299407184124;-0.12164072506129742;0.44908348470926285;0.4582086428999901;-0.13332710973918438;0.5061768094698588;0.6719802816708883;0.17030268410841623;0.4775814314683278;0.7166144847869873;0.004092769076426824;alejandose
3.7;0.49328792095184326;0.21221278607845306;-0.20662306249141693;0.5290027856826782;0.27194997668266296;-0.08135879039764404;0.46923068165779114;0.269298255443573;-0.07873576879501343;0.5340133905410767;0.36541083455085754;-0.03943891450762749;0.46204182505607605;0.35863304138183594;-0.043735042214393616;0.5126484632492065;0.43335941433906555;-0.0045045772567391396;0.47817161679267883;0.4342678189277649;0.00450225081294775;0.5061811804771423;0.5575147867202759;-0.030258359387516975;0.47263139486312866;0.5696218609809875;-0.03555222228169441;0.49715023934841157;0.1940585270524025;-0.20935760885477067;0.5386344492435455;0.46541856974363327;-0.1229924838989973;0.4518994763493538;0.4579443633556366;-0.13360791094601154;0.5055281718571981;0.6738713383674622;0.12262171010176341;0.4771261711915334;0.7159650524457296;0.010420247912406921;alejandose
3.73;0.4943259656429291;0.2131807804107666;-0.20631814002990723;0.5301405191421509;0.2719195783138275;-0.07638709992170334;0.4703104496002197;0.2692766785621643;-0.07972761243581772;0.5347617268562317;0.3646222949028015;-0.02976352721452713;0.463657945394516;0.35883185267448425;-0.04706857353448868;0.5144193172454834;0.43275508284568787;-0.0003356659144628793;0.4801821708679199;0.4332403242588043;0.00032976336660794914;0.5071331858634949;0.5559453368186951;0.0021319107618182898;0.47541171312332153;0.5675809979438782;-0.03821830451488495;0.49836334884166716;0.19510366767644882;-0.20931976586580275;0.5398485213518143;0.4632994756102562;-0.11499202996492386;0.4543757364153862;0.45755717158317566;-0.13590904511511326;0.5051611661911011;0.6730230649312338;0.1449439749121666;0.47702141602834064;0.7121621370315552;0.00750846912463506;alejandose
3.77;0.4945005774497986;0.21357396245002747;-0.18992918729782104;0.5307952165603638;0.2718642055988312;-0.0571422204375267;0.47114047408103943;0.2688911557197571;-0.07570638507604599;0.5350095629692078;0.3633780777454376;-0.00905050989240408;0.4651068150997162;0.35886701941490173;-0.04546525329351425;0.5160382390022278;0.4322151839733124;0.004699526354670525;0.48181208968162537;0.43253231048583984;-0.004713316913694143;0.5091275572776794;0.5545170903205872;0.029769839718937874;0.47783735394477844;0.5633448958396912;-0.037077028304338455;0.49904597997665406;0.19559610933065413;-0.19235951602458953;0.5409407615661621;0.4606681987643242;-0.09425008483231068;0.45733343064785004;0.45769499242305756;-0.13059723377227783;0.5054824352264404;0.6740578810373942;0.1419974292318026;0.47708045442899066;0.7082125544548035;0.006557999799648921;alejandose
3.8;0.4949182868003845;0.21355850994586945;-0.18864300847053528;0.5310536623001099;0.2708662748336792;-0.057137683033943176;0.4717055857181549;0.26832881569862366;-0.07540787756443024;0.5355463027954102;0.3600658178329468;-0.008706387132406235;0.46561697125434875;0.3588724434375763;-0.045550208538770676;0.516819953918457;0.43123558163642883;0.005057536065578461;0.48257148265838623;0.4316811263561249;-0.005066929385066032;0.5111615657806396;0.553406834602356;0.02851276285946369;0.4791126251220703;0.5614281296730042;-0.034730203449726105;0.4997439175844193;0.1957135871052742;-0.1913076549768448;0.5425036996603012;0.4575735405087471;-0.0900974702090025;0.46037058532238007;0.4584694728255272;-0.12858314998447895;0.5058953364690145;0.6744502584139506;0.13541318476200104;0.4774813751379649;0.7046287258466085;0.0020122453570365906;alejandose
3.83;0.4955524802207947;0.21346232295036316;-0.1835232377052307;0.5311704874038696;0.269086092710495;-0.049808792769908905;0.47212883830070496;0.26751217246055603;-0.07447706162929535;0.5368114113807678;0.3574451208114624;-0.006053954362869263;0.46572205424308777;0.358638733625412;-0.04649589955806732;0.5174223780632019;0.4298143982887268;0.009085066616535187;0.483283668756485;0.430268794298172;-0.009081191383302212;0.5126331448554993;0.5520954132080078;0.041419051587581635;0.4806787371635437;0.5591832995414734;-0.0528264120221138;0.5005030184984207;0.19554730206727983;-0.18538641557097435;0.5445019602775574;0.4551016017794609;-0.09099449776113033;0.4624997675418854;0.45855289697647095;-0.12938742153346539;0.5065083106358846;0.6748847564061483;0.12936124950647354;0.47733961542447406;0.7022349834442139;-0.039798574056476355;alejandose
3.87;0.49653106927871704;0.2129431515932083;-0.1819644421339035;0.531210720539093;0.26751959323883057;-0.04363875091075897;0.4723042845726013;0.2668794095516205;-0.07477039098739624;0.5372580885887146;0.3522372543811798;-0.001197534380480647;0.4654728174209595;0.3580729067325592;-0.049790333956480026;0.5176311135292053;0.428083598613739;0.011958666145801544;0.4837516248226166;0.42984920740127563;-0.011944381520152092;0.5133128762245178;0.5494897961616516;0.04702818766236305;0.482085257768631;0.5574002861976624;-0.04868854209780693;0.5013738483190536;0.19541946351528167;-0.1829630695283413;0.5454631298780441;0.44659681618213654;-0.08978131785988808;0.4640825390815735;0.45838501304388046;-0.13024768978357315;0.506856640179952;0.6739074985186259;0.12931287537018457;0.4773550530274709;0.6984482606252035;-0.023494348861277103;alejandose
3.9;0.4970347583293915;0.2126234918832779;-0.18806017935276031;0.531197726726532;0.2663648724555969;-0.050152458250522614;0.4724249541759491;0.2660260796546936;-0.08295224606990814;0.5379183292388916;0.3496021032333374;-0.004418523982167244;0.4656394124031067;0.35633695125579834;-0.058888621628284454;0.5177567601203918;0.42559996247291565;0.014475159347057343;0.48405399918556213;0.4278761148452759;-0.01447512861341238;0.5139033198356628;0.5477250814437866;0.044295892119407654;0.48267894983291626;0.553733766078949;-0.0434541292488575;0.5017947405576706;0.19532356262207032;-0.18924599662423133;0.5470920950174332;0.4419350028038025;-0.09104778245091438;0.46449433267116547;0.4574750289320946;-0.13418360613286495;0.507173478603363;0.6724589665730795;0.12175710995992024;0.47771082321802777;0.6917527715365092;-0.00855878492196401;alejandose
3.93;0.49718374013900757;0.21204891800880432;-0.18710015714168549;0.5312052369117737;0.26571890711784363;-0.04903008043766022;0.4724319875240326;0.2652159333229065;-0.08199921995401382;0.538078784942627;0.347165584564209;-0.0009087287471629679;0.46575307846069336;0.3546743392944336;-0.05674101784825325;0.5175951719284058;0.4239012897014618;0.012865301221609116;0.4838831126689911;0.4257250726222992;-0.012863794341683388;0.5138181447982788;0.5465847253799438;0.03851580619812012;0.4832247495651245;0.5510503053665161;-0.02801814116537571;0.5019405096769333;0.19503401666879655;-0.18811972439289093;0.5478725731372833;0.4374662786722183;-0.08424755744636059;0.46437547355890274;0.454235315322876;-0.13146591931581497;0.5071447292963663;0.6711729367574056;0.11243039493759473;0.4782377779483795;0.6863481005032858;0.019966105620066326;alejandose
3.97;0.49700435996055603;0.21099567413330078;-0.170667365193367;0.5311545133590698;0.2654150724411011;-0.04003997519612312;0.4725211560726166;0.26436007022857666;-0.07146348059177399;0.538070797920227;0.3467918634414673;0.006049394141882658;0.4657405912876129;0.3532962501049042;-0.04854296147823334;0.5174760818481445;0.4224795401096344;0.01256922073662281;0.483652800321579;0.42433151602745056;-0.012566897086799145;0.5139220356941223;0.5438204407691956;0.03212205320596695;0.48377561569213867;0.5482123494148254;-0.026850363239645958;0.5017975836992263;0.19432759582996367;-0.171098555624485;0.5485855489969254;0.43666448444128036;-0.07278584688901901;0.46410319209098816;0.45025521516799927;-0.11908592283725739;0.5073149005572001;0.6700610518455505;0.09549798195560773;0.47827767332394916;0.6787091692288717;0.025531521687904995;alejandose
4.0;0.496883362531662;0.21015535295009613;-0.16448752582073212;0.5311349630355835;0.26527687907218933;-0.03450847417116165;0.4724764823913574;0.2640122175216675;-0.06796614080667496;0.5379112958908081;0.3461048901081085;0.012552165426313877;0.465577095746994;0.35303977131843567;-0.04383500665426254;0.517451822757721;0.42124277353286743;0.014260844327509403;0.4834810793399811;0.42308175563812256;-0.014265649020671844;0.5139017701148987;0.5445764064788818;0.025190992280840874;0.4841119349002838;0.5472411513328552;-0.024210551753640175;0.5016836196184158;0.19373484551906586;-0.16454763635993003;0.5482044070959091;0.4342796579003334;-0.06580866500735283;0.46373723447322845;0.44939815253019333;-0.11126601882278919;0.5075047214825948;0.6704928080240885;0.07494037598371506;0.4772103528181712;0.6733068823814392;0.032857438549399376;alejandose
4.03;0.49664098024368286;0.21006368100643158;-0.16527989506721497;0.5309097170829773;0.2652828097343445;-0.037869732826948166;0.4723781943321228;0.2639155685901642;-0.06879276037216187;0.5369294881820679;0.3461984694004059;0.00821623858064413;0.46543237566947937;0.353176474571228;-0.044567398726940155;0.5168605446815491;0.420395165681839;0.01337572280317545;0.4831625819206238;0.4218216836452484;-0.013383504003286362;0.5138236284255981;0.5446729063987732;0.01038417499512434;0.48437437415122986;0.5466508865356445;-0.024850770831108093;0.5015681564807892;0.19368103742599488;-0.16576936542987825;0.5478067696094513;0.4338083490729332;-0.06993744801729918;0.46330685168504715;0.44987528771162033;-0.11419809050858021;0.5079612930615743;0.6707651416460673;0.063318047982951;0.4757310748100281;0.6692160169283549;0.03352303678790728;alejandose
4.07;0.4962964653968811;0.21006779372692108;-0.16797715425491333;0.5301181674003601;0.2653031349182129;-0.040161389857530594;0.4722321629524231;0.26394858956336975;-0.06992390751838684;0.5353721380233765;0.34663161635398865;0.005668284371495247;0.46541476249694824;0.3532925546169281;-0.04658254608511925;0.5158554911613464;0.4205840826034546;0.012986237183213234;0.48219943046569824;0.4217386245727539;-0.012996353209018707;0.5136911273002625;0.5449243187904358;0.004075817763805389;0.48405179381370544;0.546646773815155;-0.025797927752137184;0.5013392925262451;0.1937297224998474;-0.16838972717523576;0.5472612679004669;0.4345080927014351;-0.07156567927449942;0.4629637151956558;0.45028576999902725;-0.11719969660043716;0.5082165797551473;0.6721899509429932;0.05468511323366935;0.4741803805033366;0.6667381326357523;0.03147647591928641;alejandose
4.1;0.49549922347068787;0.21110251545906067;-0.1712704598903656;0.5292044281959534;0.2656867206096649;-0.04254809394478798;0.4719579517841339;0.26396456360816956;-0.07070289552211761;0.5343429446220398;0.3470185697078705;0.0031700481195002794;0.4650226831436157;0.3529472053050995;-0.047493159770965576;0.5151399970054626;0.42031845450401306;0.012829791754484177;0.48123279213905334;0.4216668903827667;-0.012851230800151825;0.5132655501365662;0.5451119542121887;-0.0033941774163395166;0.4831995368003845;0.5462532043457031;-0.025237957015633583;0.5007877171039581;0.19462864100933075;-0.17195619344711305;0.5460166335105896;0.43575405329465866;-0.07321453467011452;0.46275007724761963;0.4493151530623436;-0.11864305101335049;0.5084851781527201;0.6724573175112406;0.0523022556056579;0.47224480907122296;0.6598742604255676;0.04995122179389;alejandose
4.13;0.4944671392440796;0.2117210328578949;-0.17469553649425507;0.5275303721427917;0.26594871282577515;-0.04964097589254379;0.4707888066768646;0.2642686665058136;-0.07311615347862244;0.5328614115715027;0.3473125696182251;-0.001981866778805852;0.4641227424144745;0.35302215814590454;-0.0476049967110157;0.5141141414642334;0.4191186726093292;0.010097026824951172;0.4800504148006439;0.4211030602455139;-0.010126613080501556;0.512097179889679;0.5453628301620483;-0.0070577156729996204;0.4815649092197418;0.5467127561569214;-0.024195028468966484;0.5000047445297241;0.19525877982378007;-0.17615630850195885;0.543858602643013;0.4362868443131447;-0.07453651819378138;0.46116170287132263;0.4473189041018486;-0.11911109462380409;0.5086750586827596;0.6729824741681417;0.053899342427030206;0.4710714817047119;0.661935567855835;0.050539762092133365;alejandose
4.17;0.49377670884132385;0.21223455667495728;-0.17493580281734467;0.5259360671043396;0.26597848534584045;-0.04958830401301384;0.46931272745132446;0.2642599642276764;-0.07283741235733032;0.5323503613471985;0.347537100315094;-0.0006689275614917278;0.4624517560005188;0.3520685136318207;-0.044982247054576874;0.5135177969932556;0.4190090000629425;0.008835230022668839;0.4791445732116699;0.42098096013069153;-0.008864544332027435;0.5113568305969238;0.5455405116081238;-0.005229451693594456;0.4797211289405823;0.5471885204315186;-0.020003143697977066;0.4992412269115448;0.19563490003347397;-0.17629786804318429;0.5437854528427124;0.4367983043193817;-0.07476828806102276;0.4586208015680313;0.4457864314317703;-0.11665425635874271;0.5087013443311056;0.6730562448501587;0.05629011043735469;0.47047818700472516;0.6631596287091573;0.049469927636285625;alejandose
4.2;0.4930236339569092;0.21266338229179382;-0.17981787025928497;0.5237892866134644;0.26599928736686707;-0.055360693484544754;0.46777987480163574;0.26426902413368225;-0.07568100094795227;0.5298173427581787;0.34668004512786865;-0.0071374401450157166;0.46021249890327454;0.3509891629219055;-0.04667066037654877;0.5124177932739258;0.41730576753616333;0.006147267296910286;0.47822344303131104;0.42017191648483276;-0.006171006243675947;0.5108317732810974;0.5427339673042297;-0.011226296424865723;0.47842705249786377;0.5458346605300903;-0.017616242170333862;0.49822781383991244;0.1959183245897293;-0.1814289703965187;0.5407357960939407;0.4333954006433487;-0.08164889179170132;0.4571113660931587;0.4454890713095665;-0.11732172779738903;0.5089068611462911;0.6731342673301697;0.038907685006658234;0.4703843096892039;0.6635598738988241;0.04359981293479601;alejandose
4.23;0.4922938942909241;0.21313776075839996;-0.1749766767024994;0.5217309594154358;0.26602497696876526;-0.05080053582787514;0.46577730774879456;0.2642756700515747;-0.07043945789337158;0.5270184874534607;0.3462466895580292;-0.0030518448911607265;0.45824989676475525;0.3489857614040375;-0.042595215141773224;0.5109803080558777;0.41634806990623474;0.003856500145047903;0.47689738869667053;0.4196236729621887;-0.0038688562344759703;0.5094400644302368;0.5419549942016602;-0.009455938823521137;0.47712036967277527;0.5445705056190491;-0.012305665761232376;0.4972636252641678;0.19650912433862686;-0.17604997232556344;0.5363578498363495;0.43299465626478195;-0.0761626772582531;0.455549992620945;0.4438932165503502;-0.11705239862203598;0.5088360706965128;0.6733242074648539;0.0441272109746933;0.4704787830511729;0.6637222568194071;0.05037194397300482;alejandose
4.27;0.49091991782188416;0.21318486332893372;-0.1753939539194107;0.5200778841972351;0.26734626293182373;-0.05200130492448807;0.46380943059921265;0.2642887830734253;-0.07035509496927261;0.5253815650939941;0.3491800129413605;-0.0052704354748129845;0.4566355347633362;0.3478217124938965;-0.04271861910820007;0.5091838240623474;0.41635045409202576;0.0025629533920437098;0.47516557574272156;0.41939541697502136;-0.0025844203773885965;0.5079331994056702;0.5411754846572876;-0.005904121324419975;0.47605034708976746;0.5447438359260559;-0.00748016033321619;0.495975586771965;0.19672259092330932;-0.17643602341413497;0.5349162518978119;0.43506408482789993;-0.07721878122538328;0.4543113484978676;0.4427559897303581;-0.11749796755611897;0.5086000363032023;0.6731499632199606;0.0515864339346687;0.47074469923973083;0.6629332701365153;0.057300314346017935;alejandose
4.3;0.48951947689056396;0.21337485313415527;-0.16632625460624695;0.5183231234550476;0.26774781942367554;-0.04568978026509285;0.4616621434688568;0.26435166597366333;-0.06355631351470947;0.5233315229415894;0.35042327642440796;-0.0036575538106262684;0.45490702986717224;0.3475467562675476;-0.039679355919361115;0.5077973008155823;0.41639092564582825;0.0023505045101046562;0.4737674295902252;0.41950511932373047;-0.002361956285312772;0.5066322684288025;0.5382506251335144;-0.0050954814068973064;0.4752471148967743;0.5437339544296265;-0.007172009442001581;0.49467537105083464;0.1970859080553055;-0.16622840836644173;0.5323317795991898;0.4370396286249161;-0.07576602976769209;0.45312537252902985;0.44260815531015396;-0.11632515303790569;0.5087109009424845;0.6699353059132894;0.05517574097029865;0.4710470338662465;0.66181880235672;0.05801605375139237;alejandose
4.33;0.48795825242996216;0.21350398659706116;-0.16784566640853882;0.5167319178581238;0.2679988443851471;-0.0530383363366127;0.4598415791988373;0.26436862349510193;-0.06556188315153122;0.520745575428009;0.351694256067276;-0.01164268422871828;0.4530588686466217;0.3473508059978485;-0.04069901257753372;0.5063562393188477;0.4164152145385742;9,09E+09;0.4721622169017792;0.4195950925350189;-0.00011627925414359197;0.5055320858955383;0.5373338460922241;-0.00377755262888968;0.4744659662246704;0.5431264042854309;-0.0018726090202108026;0.49323590099811554;0.19741784781217575;-0.16861748099327087;0.5284255594015121;0.44134361296892166;-0.07747597433626652;0.4516805484890938;0.4422909691929817;-0.11651303246617317;0.5086836417516073;0.6676929195721945;0.05159814407428106;0.4715447723865509;0.660944938659668;0.06192091107368469;alejandose
4.37;0.48641103506088257;0.2134101241827011;-0.16934172809123993;0.5154810547828674;0.26801756024360657;-0.05704961344599724;0.4584868550300598;0.2643759846687317;-0.0621807724237442;0.5181111097335815;0.35163748264312744;-0.018107950687408447;0.4516449272632599;0.3474317193031311;-0.036030352115631104;0.5052073001861572;0.41609546542167664;-0.003175092162564397;0.4709894359111786;0.41961586475372314;0.0031438234727829695;0.5041957497596741;0.5358895063400269;-0.003759972983971238;0.47380927205085754;0.5421091914176941;0.0020046618301421404;0.49166900515556333;0.19742162078619002;-0.16992803588509559;0.52458555996418;0.44182121753692627;-0.08303801156580448;0.45016079396009445;0.44236523658037186;-0.11086075007915497;0.5085690021514893;0.6654964486757914;0.05263812537305057;0.47235846519470215;0.6605124473571777;0.06916465237736702;alejandose
4.4;0.48501166701316833;0.2131570726633072;-0.17945405840873718;0.5146313905715942;0.2680039703845978;-0.07252126932144165;0.4570232033729553;0.2643822431564331;-0.0676136463880539;0.5168866515159607;0.3521207869052887;-0.03274136781692505;0.45040661096572876;0.3474721908569336;-0.036607250571250916;0.504341185092926;0.4160219132900238;-0.005304347258061171;0.4700092673301697;0.4195981025695801;0.0052469405345618725;0.5029450058937073;0.5353805422782898;-0.003583317156881094;0.4724949598312378;0.5412584543228149;0.009890728630125523;0.49025156497955324;0.19735511690378188;-0.1804053157567978;0.5212505906820297;0.4444812536239624;-0.09275513328611851;0.44881995767354965;0.44250138849020004;-0.11126167327165604;0.5078803102175394;0.6633459726969401;0.0558506521435144;0.4728477696577708;0.6591439644495646;0.08187373168766499;alejandose
4.43;0.48400789499282837;0.21296653151512146;-0.17490968108177185;0.5141586661338806;0.26798972487449646;-0.06957313418388367;0.45669084787368774;0.26412373781204224;-0.06529385596513748;0.5148375034332275;0.3520987927913666;-0.0308524277061224;0.44967690110206604;0.34666749835014343;-0.03481346741318703;0.5033726692199707;0.4160442054271698;-0.0069358013570308685;0.4690706729888916;0.4195713996887207;0.006889801472425461;0.5023446083068848;0.5330086946487427;-0.0030954990070313215;0.4713139832019806;0.5409003496170044;0.014187345281243324;0.48923738300800323;0.1972343847155571;-0.17620804756879807;0.518260195851326;0.4444189965724945;-0.09028495661914349;0.44780658185482025;0.44209734350442886;-0.10400603897869587;0.5074849923451742;0.6618794202804565;0.05550856141295905;0.47290492057800293;0.6581385334332784;0.08389064731697242;alejandose
4.47;0.48353615403175354;0.21261200308799744;-0.17541398108005524;0.5136929154396057;0.26799124479293823;-0.07301986217498779;0.45636922121047974;0.2640500068664551;-0.06569742411375046;0.5141648054122925;0.3520541191101074;-0.036107342690229416;0.44911542534828186;0.3467744290828705;-0.03637475520372391;0.5028945207595825;0.4157326817512512;-0.008144093677401543;0.4687112271785736;0.41915950179100037;0.008103468455374241;0.5016420483589172;0.5307813882827759;-0.0070947702042758465;0.47077780961990356;0.5395134091377258;0.011536853387951851;0.4885880082845688;0.19683183133602142;-0.1766735978424549;0.5178658217191696;0.4442858546972275;-0.0943006481975317;0.4464646354317665;0.44212131202220917;-0.10610167495906353;0.5069195826848348;0.6615175406138102;0.042890388518571854;0.4731278618176778;0.6582268079121908;0.0741472498824199;alejandose
4.5;0.4830198585987091;0.21238864958286285;-0.17521269619464874;0.51288902759552;0.2679978013038635;-0.074029341340065;0.4561711549758911;0.2640109062194824;-0.06450062990188599;0.5138438940048218;0.3520187437534332;-0.041183024644851685;0.44870156049728394;0.34684380888938904;-0.036132436245679855;0.5025817155838013;0.4155952036380768;-0.010576845146715641;0.468624085187912;0.4191456735134125;0.010553058236837387;0.5009328126907349;0.5294575691223145;-0.009342167526483536;0.4705696105957031;0.5393874049186707;0.012905347160995007;0.48807294964790343;0.19660084843635559;-0.17640673071146012;0.5180015414953232;0.4443381130695343;-0.10339686088263988;0.44528016448020935;0.44134072214365005;-0.10765774175524712;0.5065702199935913;0.6596049269040426;0.04276171885430813;0.4734264711538951;0.6584741671880087;0.07146620874603589;alejandose
4.53;0.4822362959384918;0.21238473057746887;-0.17130741477012634;0.5121116042137146;0.2680087983608246;-0.070414699614048;0.45612770318984985;0.26399287581443787;-0.06033574417233467;0.5137115120887756;0.3516187071800232;-0.03539096936583519;0.44811680912971497;0.3468995690345764;-0.03197386860847473;0.5022428035736084;0.41517215967178345;-0.01001471932977438;0.46831220388412476;0.41884100437164307;0.009997323155403137;0.5003901720046997;0.5275958180427551;-0.007893795147538185;0.4707197844982147;0.538186252117157;0.011192159727215767;0.48743564188480376;0.19659657776355743;-0.1727705977857113;0.5194551050662994;0.44312576949596405;-0.09977266751229763;0.4440300092101097;0.4409528523683548;-0.10457710921764374;0.5062980055809021;0.6562788685162863;0.0458403080701828;0.4737001657485962;0.6586504181226095;0.07010672427713871;alejandose
4.57;0.48154720664024353;0.2124178111553192;-0.15773172676563263;0.5115641355514526;0.26776188611984253;-0.05557456240057945;0.45619431138038635;0.2637028694152832;-0.04694546386599541;0.5134949684143066;0.3503112494945526;-0.023222144693136215;0.4475765526294708;0.34604424238204956;-0.02014627307653427;0.5016993284225464;0.4148303270339966;-0.009333448484539986;0.4679126739501953;0.4186857044696808;0.009325169026851654;0.4997028708457947;0.5280603170394897;-0.007139412686228752;0.47074106335639954;0.5382388830184937;0.009121491573750973;0.48687214553356173;0.196710442006588;-0.15918266251683236;0.5201381295919418;0.4405503422021866;-0.09417105279862881;0.4426104426383972;0.43850330263376236;-0.09874985925853252;0.506157120068868;0.6539475520451864;0.05417229372930402;0.47369928161303204;0.6588281194368998;0.07189872053762277;alejandose
4.6;0.48125186562538147;0.212718665599823;-0.16218574345111847;0.5112053751945496;0.2675277292728424;-0.05673188716173172;0.4562496244907379;0.26356497406959534;-0.05262291803956032;0.5134453773498535;0.34880733489990234;-0.02183413878083229;0.447263240814209;0.34577491879463196;-0.024802211672067642;0.5010993480682373;0.4142696261405945;-0.008606144227087498;0.4675161838531494;0.4179314374923706;0.008596337400376797;0.49883928894996643;0.5278927683830261;-0.006820561829954386;0.4704214632511139;0.5369488596916199;0.00794573687016964;0.48659766614437105;0.19715979248285292;-0.16360926479101182;0.5207533985376358;0.4384593069553375;-0.09144384041428566;0.4419490620493889;0.4380549192428589;-0.10095569863915443;0.5049056808153788;0.6490078767140707;0.05869657142708699;0.47363078594207764;0.6581337849299113;0.07075484252224366;alejandose
4.63;0.48080238699913025;0.21293187141418457;-0.16392211616039276;0.5108366012573242;0.2673806846141815;-0.0574677474796772;0.4562603533267975;0.26343557238578796;-0.055116910487413406;0.5133011937141418;0.3480459749698639;-0.021807735785841942;0.44705575704574585;0.34578996896743774;-0.026509765535593033;0.5005338788032532;0.4135762155056;-0.008168458938598633;0.4671249985694885;0.4170560836791992;0.008157516829669476;0.49834561347961426;0.5262778401374817;-0.007451409939676523;0.47024211287498474;0.5362017750740051;0.006520517636090517;0.48623951375484464;0.19755926579236985;-0.16462832689285278;0.5211462527513504;0.4381793662905693;-0.09108632430434227;0.4411235898733139;0.4381324425339699;-0.10189462080597878;0.5044543147087097;0.6442711353302002;0.061246469616889954;0.4736042420069377;0.6576237877209982;0.06904250383377075;alejandose
4.67;0.4809308648109436;0.2130780816078186;-0.16467434167861938;0.5108381509780884;0.2673586308956146;-0.05551537498831749;0.4563758671283722;0.2633196711540222;-0.056232452392578125;0.5133066773414612;0.34781673550605774;-0.018064070492982864;0.44721516966819763;0.3451593816280365;-0.027869930490851402;0.5003043413162231;0.4132106900215149;-0.007020217832177877;0.4672454297542572;0.41645386815071106;0.007026231847703457;0.4982690215110779;0.5250931978225708;-0.007338250987231731;0.4701154828071594;0.5348780155181885;0.0011193581158295274;0.4863124847412109;0.19775792360305786;-0.16574270352721215;0.5214075744152069;0.43759382516145706;-0.08788176253437996;0.4406914860010147;0.4378182590007782;-0.10222945548593998;0.5040859977404276;0.6406394441922506;0.06868114757041137;0.47373679280281067;0.6570616960525513;0.06380727328360081;alejandose
4.7;0.4811476171016693;0.21316035091876984;-0.1647985428571701;0.5110334157943726;0.267458438873291;-0.05620720982551575;0.4564740061759949;0.263317734003067;-0.05666428059339523;0.5134888887405396;0.34783071279525757;-0.018533140420913696;0.44736963510513306;0.3446650207042694;-0.028246833011507988;0.5001629590988159;0.41318950057029724;-0.00606182124465704;0.46742045879364014;0.41638725996017456;0.006067381706088781;0.4984849989414215;0.524513840675354;-0.004897583741694689;0.47011005878448486;0.5347005128860474;-0.001322537544183433;0.486498561501503;0.19787117093801498;-0.16605044156312943;0.521578773856163;0.4375758394598961;-0.08861944824457169;0.4405888095498085;0.4370022416114807;-0.10638172924518585;0.5037727157274882;0.6380332310994467;0.08086029067635536;0.4738021194934845;0.6565480629603068;0.0632181962331136;alejandose
4.73;0.4813111424446106;0.21324750781059265;-0.17140129208564758;0.511232852935791;0.2676624357700348;-0.06140594184398651;0.45650187134742737;0.2633034586906433;-0.06026666611433029;0.5136823058128357;0.3488772511482239;-0.024340854957699776;0.4475291967391968;0.34444743394851685;-0.03049551323056221;0.5002669095993042;0.4129562973976135;-0.005888796411454678;0.4675135314464569;0.41614896059036255;0.005890700500458479;0.49866804480552673;0.5232535004615784;-0.003512189956381917;0.47017917037010193;0.5343118906021118;-0.005794341675937176;0.4866361141204834;0.19799772053956985;-0.172776248306036;0.5217055678367615;0.4381628483533859;-0.09677628241479397;0.44075441360473633;0.4363815560936928;-0.10981943272054195;0.5035178462664286;0.6346261501312256;0.09534740075469017;0.4739017188549042;0.6560856302579244;0.0536172006589671;alejandose
4.77;0.48141390085220337;0.21342626214027405;-0.16550147533416748;0.5113180875778198;0.2677142918109894;-0.05535118654370308;0.4568806290626526;0.2631932199001312;-0.05589079484343529;0.5137815475463867;0.3490547239780426;-0.02171281911432743;0.4476345479488373;0.34345608949661255;-0.029484137892723083;0.5004022121429443;0.41271141171455383;-0.005222096107900143;0.46759968996047974;0.4159829914569855;0.005235692020505667;0.4986983835697174;0.5217480659484863;0.002767405705526471;0.4702204167842865;0.5340301394462585;-0.012590895406901836;0.4867210119962692;0.19816375374794007;-0.1665537789463997;0.5213516056537628;0.4381287917494774;-0.0954639445990324;0.4409197121858597;0.43545590341091156;-0.10965986549854279;0.5033338069915771;0.6322967807451884;0.10741366073489189;0.47395873069763184;0.6560064554214478;0.03787200835843881;alejandose
4.8;0.48238062858581543;0.21369725465774536;-0.1653202474117279;0.511389970779419;0.26780182123184204;-0.054863184690475464;0.4574394226074219;0.2631937563419342;-0.05644385889172554;0.5138779282569885;0.3491320013999939;-0.021680297330021858;0.4479288160800934;0.3429788649082184;-0.029827652499079704;0.5004967451095581;0.41227176785469055;-0.0042074695229530334;0.4679321348667145;0.41507425904273987;0.004229121375828981;0.4989874064922333;0.5198522806167603;0.008037776686251163;0.4702397882938385;0.5330038666725159;-0.01936611905694008;0.4873171240091324;0.19831883311271667;-0.16614099815487862;0.5199138075113297;0.4377836585044861;-0.09585364535450935;0.441024050116539;0.4348989650607109;-0.11066346056759357;0.5031438072522482;0.6305673321088155;0.11327626307805379;0.4739553431669871;0.6560082832972208;0.021915430823961895;alejandose
4.83;0.48368000984191895;0.2137300670146942;-0.1651395708322525;0.5124198794364929;0.26784518361091614;-0.055096663534641266;0.45822039246559143;0.26319435238838196;-0.05677914619445801;0.5139306783676147;0.3491421639919281;-0.02336837351322174;0.448641300201416;0.34297725558280945;-0.029823249205946922;0.5007315874099731;0.41228166222572327;-0.00415826216340065;0.46874910593032837;0.4147486984729767;0.004179203417152166;0.49943113327026367;0.5202565789222717;0.00558622507378459;0.4705180525779724;0.5315056443214417;-0.01467379555106163;0.4882370114326477;0.19832019358873368;-0.16600910425186158;0.5185940563678741;0.43729879707098007;-0.0965834017843008;0.4411696717143059;0.43481191992759705;-0.10875193402171135;0.5032152632872263;0.6323488156000773;0.0987189697722594;0.47398192683855694;0.6558050711949667;0.03518913562099139;alejandose
4.87;0.48434990644454956;0.2139953225851059;-0.15445582568645477;0.5131059288978577;0.26770395040512085;-0.05171353742480278;0.45965883135795593;0.26318851113319397;-0.04776377230882645;0.5141633152961731;0.3474111258983612;-0.02326331101357937;0.45049041509628296;0.3423331677913666;-0.021029183641076088;0.5011257529258728;0.4125608801841736;-0.00415220158174634;0.46935781836509705;0.4146038591861725;0.004172525834292173;0.49970176815986633;0.5207242965698242;-0.00021899740386288613;0.4707225263118744;0.5310337543487549;-0.012792166322469711;0.48894210159778595;0.19855159223079683;-0.15543695017695427;0.5177730321884155;0.4362844452261925;-0.09800068661570549;0.44247158616781235;0.43440236896276474;-0.09941686503589153;0.503129243850708;0.6332442164421082;0.09157115966081619;0.4739945630232493;0.6555582483609518;0.04010406384865443;alejandose
4.9;0.485707551240921;0.21536877751350403;-0.15481194853782654;0.5142162442207336;0.26755625009536743;-0.05132324621081352;0.46143829822540283;0.2632043659687042;-0.047595515847206116;0.5146703124046326;0.3468146324157715;-0.0227768924087286;0.4527619481086731;0.3423791825771332;-0.020987629890441895;0.5014727115631104;0.412568062543869;-0.00402101082727313;0.47010064125061035;0.4142366647720337;0.0040352013893425465;0.5002573728561401;0.5209839940071106;-0.005110971163958311;0.4712517559528351;0.5308316349983215;-0.008665663190186024;0.49020524322986603;0.1996684268116951;-0.15629782974720002;0.5176359266042709;0.4350748583674431;-0.09937587380409241;0.4452589079737663;0.43451759219169617;-0.10071187652647495;0.5031163295110067;0.6338584025700887;0.07497987772027652;0.4739896357059479;0.6554797490437826;0.05259941495023668;alejandose
4.93;0.48780927062034607;0.2167050838470459;-0.15047794580459595;0.5157943367958069;0.26742687821388245;-0.04859258234500885;0.4635300636291504;0.2632042467594147;-0.04499867558479309;0.5162109732627869;0.34655439853668213;-0.02117476612329483;0.45516687631607056;0.3420175313949585;-0.01934814453125;0.5023637413978577;0.41250303387641907;-0.00362127972766757;0.47128552198410034;0.4132736325263977;0.003632768988609314;0.5008441209793091;0.5211053490638733;-0.006931526120752096;0.4716517925262451;0.5307099223136902;-0.008494370616972446;0.4917364060878754;0.20071412920951842;-0.15248098745942115;0.5176487416028976;0.43398958444595337;-0.09891702234745026;0.4474468380212784;0.43376045674085617;-0.100028395652771;0.5032242139180502;0.6343246897061666;0.06951350346207619;0.4738469024499257;0.6556453506151835;0.046847651712596416;alejandose
4.97;0.48925110697746277;0.21731160581111908;-0.13663090765476227;0.517451822757721;0.2672496438026428;-0.03460089489817619;0.46571817994117737;0.26314887404441833;-0.03425879031419754;0.5184946060180664;0.3457334339618683;-0.008297712542116642;0.45702117681503296;0.3420548737049103;-0.009455348365008831;0.5031458735466003;0.41251617670059204;-0.002514134394004941;0.4719829857349396;0.41303083300590515;0.002522471360862255;0.501076340675354;0.5226687788963318;-0.010658799670636654;0.47181636095046997;0.5308489799499512;-0.009507590904831886;0.49311008453369143;0.20128724128007888;-0.13857430964708328;0.5178230702877045;0.43212366104125977;-0.09061180241405964;0.44994212687015533;0.43276772648096085;-0.09153467044234276;0.5032536884148916;0.634870727856954;0.06863516134520371;0.47370574871699017;0.6562282840410868;0.04852756826827923;alejandose
5.0;0.49075615406036377;0.2181047797203064;-0.1348615288734436;0.5203301906585693;0.2671858072280884;-0.03290689364075661;0.46770092844963074;0.2633521854877472;-0.03536020964384079;0.5217705965042114;0.3457786738872528;-0.004434899426996708;0.45851951837539673;0.34277641773223877;-0.011479281820356846;0.5044745802879333;0.41360577940940857;5,71E+10;0.4730824828147888;0.4131007492542267;-5,27E+11;0.5013279914855957;0.5230314135551453;-0.0018861854914575815;0.4722936153411865;0.5309563279151917;-0.020956356078386307;0.49453321993350985;0.20192253291606904;-0.13721812665462493;0.5194389820098877;0.4323793798685074;-0.08213955163955688;0.4525819569826126;0.43299650400877;-0.0907098539173603;0.5031207005182902;0.634986142317454;0.08955673749248187;0.473549743493398;0.6575064261754354;0.025655283282200497;alejandose
5.03;0.49219247698783875;0.21887308359146118;-0.14050176739692688;0.5228579640388489;0.26732930541038513;-0.03857874497771263;0.4698890447616577;0.263896107673645;-0.03930423781275749;0.5247713327407837;0.34666919708251953;-0.008308381773531437;0.460115909576416;0.3441675007343292;-0.014502877369523048;0.5062754154205322;0.4146726727485657;0.0016063348157331347;0.47469833493232727;0.4131278097629547;-0.0015938065480440855;0.5022704005241394;0.5229018926620483;0.006988137494772673;0.47278207540512085;0.5308132767677307;-0.026566777378320694;0.4959947466850281;0.20258120447397232;-0.14251144453883172;0.5216609239578247;0.43287237733602524;-0.08328424394130707;0.45404981821775436;0.4331037476658821;-0.09083046391606331;0.5025971631209055;0.6343989570935568;0.09336940820018451;0.4735483427842458;0.6573799848556519;0.017776465664307278;alejandose
5.07;0.49311381578445435;0.21951161324977875;-0.16096386313438416;0.5249555110931396;0.2675371766090393;-0.05684226006269455;0.47190719842910767;0.2645748257637024;-0.05636563524603844;0.5267837643623352;0.34807321429252625;-0.021015658974647522;0.46211376786231995;0.3447003960609436;-0.026230163872241974;0.5082964897155762;0.41457483172416687;0.0010848495876416564;0.47688382863998413;0.41262298822402954;-0.0010762835154309869;0.503070056438446;0.5223246812820435;0.0010026601376011968;0.4730207026004791;0.530624270439148;-0.021618682891130447;0.4969061702489853;0.20323818027973176;-0.1645072467625141;0.5233123004436493;0.4330350309610367;-0.09033024683594704;0.4564266726374626;0.4333761855959892;-0.10020949319005013;0.5020272235075632;0.6351364254951477;0.08391697332262993;0.4734952747821808;0.6573905944824219;0.02813655200103919;alejandose
5.1;0.4943331480026245;0.21995973587036133;-0.17595890164375305;0.5264151096343994;0.2676507532596588;-0.0661172941327095;0.47306638956069946;0.2651749849319458;-0.070381760597229;0.5287099480628967;0.3483290672302246;-0.026796061545610428;0.46418750286102295;0.34545066952705383;-0.039673808962106705;0.5101240873336792;0.41339215636253357;0.0009684637188911438;0.4785013794898987;0.4110214114189148;-0.0009650053107179701;0.5036287903785706;0.520456075668335;-0.0048748040571808815;0.4733736515045166;0.5290701985359192;-0.020408881828188896;0.49805720150470734;0.2037550240755081;-0.17934293299913406;0.5255629122257233;0.4331413060426712;-0.09693682566285133;0.45958685874938965;0.4337426573038101;-0.11340163089334965;0.5017462571461996;0.6351784865061442;0.0713551218310992;0.47326452533404034;0.6569857001304626;0.03147732466459274;alejandose
