segundo;landmark_10_x;landmark_10_y;landmark_10_z;landmark_11_x;landmark_11_y;landmark_11_z;landmark_12_x;landmark_12_y;landmark_12_z;landmark_13_x;landmark_13_y;landmark_13_z;landmark_14_x;landmark_14_y;landmark_14_z;landmark_23_x;landmark_23_y;landmark_23_z;landmark_24_x;landmark_24_y;landmark_24_z;landmark_25_x;landmark_25_y;landmark_25_z;landmark_26_x;landmark_26_y;landmark_26_z;cara_prom_x;cara_prom_y;cara_prom_z;mano_izquierda_prom_x;mano_izquierda_prom_y;mano_izquierda_prom_z;mano_derecha_prom_x;mano_derecha_prom_y;mano_derecha_prom_z;pie_izquierdo_prom_x;pie_izquierdo_prom_y;pie_izquierdo_prom_z;pie_derecho_prom_x;pie_derecho_prom_y;pie_derecho_prom_z;;Etiqueta;Vista
0.03;0.5440423488616943;0.3316010534763336;-0.09964035451412201;0.517301082611084;0.3915455639362335;0.08221133798360825;0.5202887058258057;0.3925943374633789;-0.21352186799049377;0.5266633033752441;0.5155704617500305;0.09630291163921356;0.5255763530731201;0.5219612121582031;-0.24416665732860565;0.5175014138221741;0.6090818643569946;0.09336088597774506;0.5224635601043701;0.6130654811859131;-0.09342293441295624;0.5189641118049622;0.7617193460464478;0.15237030386924744;0.5192702412605286;0.772325873374939;-0.04170410707592964;0.5410510122776031;0.3102232158184052;-0.08694783002138137;0.5406163185834885;0.628960058093071;0.02466273889876902;0.5415171980857849;0.6464342325925827;-0.22888096049427986;0.5237997571627299;0.9166275262832642;0.23924090464909872;0.5257918039957682;0.9443122347195944;0.025886328270037968;;vertical;lado
0.07;0.5440871119499207;0.3318541646003723;-0.1076117604970932;0.5164888501167297;0.3915339708328247;0.08034823089838028;0.520409107208252;0.39255577325820923;-0.22404000163078308;0.5222256183624268;0.5156819820404053;0.09655991196632385;0.5254198312759399;0.5226030349731445;-0.2590291500091553;0.517498791217804;0.6118914484977722;0.09556522220373154;0.5225523114204407;0.6146114468574524;-0.09567754715681076;0.5198718309402466;0.7618705034255981;0.16016057133674622;0.5183209180831909;0.7727397680282593;-0.03796055167913437;0.541194063425064;0.31027726233005526;-0.09404921438544989;0.5400450676679611;0.6286309361457825;0.032252329867333174;0.5416400134563446;0.6465049386024475;-0.2555460184812546;0.5239959756533304;0.9181172251701355;0.25651979943116504;0.5255364576975504;0.9445074995358785;0.034317548076311745;;vertical;lado
0.1;0.5441412329673767;0.33196690678596497;-0.11440052092075348;0.5160269737243652;0.3915335237979889;0.07616282254457474;0.520469605922699;0.3925864100456238;-0.23026414215564728;0.5211756825447083;0.5157529711723328;0.09635655581951141;0.5252029299736023;0.5237139463424683;-0.2669108510017395;0.5175495147705078;0.6137677431106567;0.09623893350362778;0.5226283073425293;0.6161649823188782;-0.09636175632476807;0.5201075673103333;0.7618891000747681;0.16222409904003143;0.5176789164543152;0.77276611328125;-0.036409150809049606;0.541286563873291;0.310273802280426;-0.10073743071407079;0.5401455461978912;0.6284117102622986;0.036121954675763845;0.5417071431875229;0.6470986902713776;-0.2682725414633751;0.5239956776301066;0.919114351272583;0.2603874206542969;0.5254135330518087;0.9444888035456339;0.03709650474290053;;vertical;lado
0.13;0.5443565249443054;0.3320828378200531;-0.11318543553352356;0.5160413384437561;0.3915984034538269;0.0764622837305069;0.5204658508300781;0.3930279314517975;-0.2300892025232315;0.5201404690742493;0.5160568356513977;0.09578370302915573;0.5248461365699768;0.5250815749168396;-0.2658393681049347;0.518064558506012;0.6158544421195984;0.09684956818819046;0.5227068662643433;0.6181962490081787;-0.09696795046329498;0.5202471613883972;0.7619250416755676;0.16237735748291016;0.5174114108085632;0.7728082537651062;-0.03596903756260872;0.5414615929126739;0.31028952896595;-0.0994272317737341;0.5370236337184906;0.6305579543113708;0.03460430633276701;0.5417550802230835;0.6488266736268997;-0.2614048533141613;0.5241511066754659;0.9197600682576498;0.2597503066062927;0.5253453850746155;0.9445816477139791;0.037017341082294784;;vertical;lado
0.17;0.5448029041290283;0.3321800231933594;-0.1142231822013855;0.5160762071609497;0.3917113244533539;0.07637282460927963;0.5204168558120728;0.39372697472572327;-0.23263409733772278;0.5198650360107422;0.5162705183029175;0.09578094631433487;0.5246919393539429;0.5259535312652588;-0.2691182792186737;0.5186421275138855;0.6169294714927673;0.09746824204921722;0.5227044224739075;0.619418740272522;-0.09758027642965317;0.5213492512702942;0.7619256377220154;0.16265854239463806;0.5169900059700012;0.7728005051612854;-0.036092232912778854;0.5417409598827362;0.3102950543165207;-0.100301668420434;0.5356414169073105;0.631422832608223;0.03364649787545204;0.5418705642223358;0.6498844772577286;-0.26621246337890625;0.5247366428375244;0.9198699394861857;0.26119137307008106;0.5253363649050394;0.9445781111717224;0.0372657993187507;;vertical;lado
0.2;0.5450452566146851;0.3321674168109894;-0.11432076245546341;0.5160744786262512;0.391710489988327;0.07618521898984909;0.5203756093978882;0.39376455545425415;-0.23222605884075165;0.519859254360199;0.5162718296051025;0.09578339755535126;0.5246694087982178;0.5260876417160034;-0.2685514986515045;0.5188539624214172;0.6170068383216858;0.09756001830101013;0.5228144526481628;0.619534432888031;-0.09766843169927597;0.5220348238945007;0.7619098424911499;0.1619049608707428;0.516710102558136;0.7726666331291199;-0.036789122968912125;0.5418353497982025;0.3100699484348297;-0.10049854535609484;0.5360114127397537;0.631367102265358;0.033952399622648954;0.5420377850532532;0.6498983949422836;-0.2663036808371544;0.5250198046366373;0.9198384881019592;0.25866976380348206;0.5253739754358927;0.9445588986078898;0.03507125284522772;;vertical;lado
0.23;0.5453043580055237;0.33215445280075073;-0.11315124481916428;0.5160591006278992;0.39168882369995117;0.07632981240749359;0.5203030109405518;0.39376214146614075;-0.23054304718971252;0.5195850729942322;0.5162777304649353;0.09592203795909882;0.5245628356933594;0.5260433554649353;-0.2665671706199646;0.5189720988273621;0.6167840957641602;0.0975777879357338;0.5230683088302612;0.6193881630897522;-0.09768161177635193;0.5223418474197388;0.7616738080978394;0.16130051016807556;0.516431450843811;0.7724606990814209;-0.03890588507056236;0.5419835269451141;0.3099656909704208;-0.09946899693459273;0.536355048418045;0.6313022077083588;0.033908672630786896;0.5421131700277328;0.6498613208532333;-0.26506759971380234;0.5250244935353597;0.9196034471193949;0.2566671719153722;0.5253040194511414;0.9443568189938863;0.02696068026125431;;vertical;lado
0.27;0.5455077290534973;0.3321295976638794;-0.11063186079263687;0.5159218907356262;0.39168035984039307;0.07912388443946838;0.5202808976173401;0.39377763867378235;-0.2299845665693283;0.5184412002563477;0.5164156556129456;0.0969415083527565;0.5245521664619446;0.5260045528411865;-0.26514723896980286;0.5189899802207947;0.6166718602180481;0.09775516390800476;0.5232654809951782;0.6193625330924988;-0.0978519544005394;0.5225266218185425;0.7610528469085693;0.15868829190731049;0.5162572860717773;0.7718666791915894;-0.040398888289928436;0.5421285986900329;0.3098760455846786;-0.09652499184012413;0.5351287126541138;0.6313213258981705;0.03406846569851041;0.5421765446662903;0.6497361809015274;-0.26154445111751556;0.5248635609944662;0.9194393356641134;0.2491991619269053;0.5251072843869528;0.944279690583547;0.021649308502674103;;vertical;lado
0.3;0.5456007719039917;0.3321355879306793;-0.10698247700929642;0.5158316493034363;0.391672819852829;0.08079685270786285;0.5201942324638367;0.3938613831996918;-0.22764693200588226;0.5176008939743042;0.5165610909461975;0.09713251888751984;0.5244715809822083;0.5260009765625;-0.2632288932800293;0.5190863609313965;0.6166961789131165;0.0976986512541771;0.5234172344207764;0.6193780899047852;-0.09779427200555801;0.5226278901100159;0.7610663175582886;0.15819057822227478;0.5161789655685425;0.771869421005249;-0.039924364537000656;0.5422243356704712;0.30985800325870516;-0.09276721607893705;0.5323455333709717;0.6321126371622086;0.033867249730974436;0.5424637496471405;0.6497113406658173;-0.2582465782761574;0.5248015324274699;0.9194418986638387;0.24830942352612814;0.5251722534497579;0.9442081252733866;0.023121907686193783;;vertical;lado
0.33;0.5456042289733887;0.3322024345397949;-0.10330341756343842;0.515677273273468;0.39169842004776;0.08129287511110306;0.5201520919799805;0.39400890469551086;-0.22241780161857605;0.5160866975784302;0.5168407559394836;0.09673135727643967;0.52442866563797;0.5261241793632507;-0.2574188709259033;0.5190969705581665;0.6167563796043396;0.09719379246234894;0.52373868227005;0.6194160580635071;-0.09728426486253738;0.5226097702980042;0.7611151337623596;0.15637682378292084;0.5161926746368408;0.7718961834907532;-0.03881578892469406;0.5422526776790619;0.30987670719623567;-0.08919807951897382;0.5294223725795746;0.6337525099515915;0.03355413768440485;0.5423935651779175;0.6501269638538361;-0.2515386790037155;0.5246067444483439;0.9193905393282572;0.24496513605117798;0.5252891977628072;0.9440776705741882;0.02383372125526269;;vertical;lado
0.37;0.5456268191337585;0.33225399255752563;-0.10310743749141693;0.5155600905418396;0.3918440043926239;0.07925917208194733;0.5201486349105835;0.39444980025291443;-0.22027483582496643;0.5148289799690247;0.5179417729377747;0.09117443114519119;0.5244202017784119;0.5270832777023315;-0.25368157029151917;0.5190894603729248;0.6170005798339844;0.09586819261312485;0.5239537954330444;0.6198611855506897;-0.09595368057489395;0.5225772857666016;0.761371374130249;0.15639492869377136;0.5163721442222595;0.7720692157745361;-0.03379634767770767;0.5422664523124695;0.30988816916942596;-0.08911520894616842;0.5255607515573502;0.636899784207344;0.027193567948415875;0.5419747084379196;0.6520201712846756;-0.2447696328163147;0.5241709351539612;0.919103721777598;0.24533426761627197;0.5253549416859945;0.9439814488093058;0.03258145321160555;;vertical;lado
0.4;0.5458410978317261;0.33244839310646057;-0.10272811353206635;0.5154809951782227;0.39200788736343384;0.07885076105594635;0.5201483964920044;0.39483359456062317;-0.2198195606470108;0.5140329599380493;0.5186110734939575;0.08977580815553665;0.5244117379188538;0.527605414390564;-0.2527884542942047;0.5190772414207458;0.6170647740364075;0.09558965265750885;0.5239994525909424;0.6199315190315247;-0.09567425400018692;0.5225909352302551;0.761641800403595;0.15591856837272644;0.5165607929229736;0.7722095251083374;-0.0335351899266243;0.5423987507820129;0.3099357336759567;-0.08869623877108097;0.5230443775653839;0.6386140137910843;0.0260570899117738;0.5409508645534515;0.6529646515846252;-0.24357877671718597;0.5241202712059021;0.9191278219223022;0.24533504247665405;0.5253109534581503;0.944034735361735;0.03235138518114885;;vertical;lado
0.43;0.5462270379066467;0.33246564865112305;-0.10209205746650696;0.5154706239700317;0.3920412063598633;0.07891368120908737;0.5201510787010193;0.39495372772216797;-0.219641774892807;0.5137322545051575;0.5189285278320312;0.0900893583893776;0.5243498682975769;0.5277510285377502;-0.2526352107524872;0.5190749168395996;0.6170321702957153;0.09556444734334946;0.524075984954834;0.6199052333831787;-0.0956479087471962;0.52265465259552;0.7616700530052185;0.15380510687828064;0.516691267490387;0.7721536159515381;-0.033692896366119385;0.542631083726883;0.309880530834198;-0.08796500768512487;0.5223433971405029;0.6388130038976669;0.02649763529188931;0.5401001125574112;0.6532645523548126;-0.24401842057704926;0.5240287582079569;0.9193544387817383;0.24134729305903116;0.5252179304758707;0.9441037575403849;0.028411176676551502;;vertical;lado
0.47;0.5472525358200073;0.33249372243881226;-0.10232293605804443;0.5155472755432129;0.3921034634113312;0.07866360992193222;0.5201578140258789;0.3950619697570801;-0.21976645290851593;0.5136429667472839;0.5192806124687195;0.08928602188825607;0.5243064761161804;0.5278979539871216;-0.25284069776535034;0.5192338824272156;0.6169969439506531;0.09548810869455338;0.5242993235588074;0.6198742985725403;-0.09556853771209717;0.5227775573730469;0.761673629283905;0.1534128487110138;0.5168306827545166;0.772124707698822;-0.03411172330379486;0.5433429062366486;0.30983442068099976;-0.08821031972765922;0.5228883475065231;0.6390514373779297;0.024984895950183272;0.5399712026119232;0.6537464112043381;-0.24398013949394226;0.5237887501716614;0.9195065498352051;0.24094181259473166;0.5250020225842794;0.944259504477183;0.02810603752732277;;vertical;lado
0.5;0.5477916598320007;0.3324965536594391;-0.10239175707101822;0.5155495405197144;0.39212948083877563;0.07845692336559296;0.5201686024665833;0.3951207399368286;-0.2197432667016983;0.5134186148643494;0.5196176767349243;0.08875863999128342;0.5242598056793213;0.5280872583389282;-0.25262323021888733;0.5193827152252197;0.6170187592506409;0.09537710249423981;0.5245461463928223;0.6199652552604675;-0.0954573005437851;0.522946834564209;0.7618653178215027;0.1536775380373001;0.5169996023178101;0.7721845507621765;-0.03329063579440117;0.5437306880950927;0.30975925624370576;-0.08825258761644364;0.5226190090179443;0.6393125355243683;0.02350586513057351;0.5399896502494812;0.6540439873933792;-0.2425878532230854;0.5236015518506368;0.9196459849675497;0.24181818962097168;0.524797777334849;0.9443493684132894;0.031199044237534206;;vertical;lado
0.53;0.5481745004653931;0.3325134217739105;-0.10246067494153976;0.5155484080314636;0.39219507575035095;0.07760254293680191;0.5202105045318604;0.3951415717601776;-0.21981890499591827;0.5131559371948242;0.520269513130188;0.08718541264533997;0.5242519974708557;0.5283607840538025;-0.25240182876586914;0.51948481798172;0.6170330047607422;0.09526417404413223;0.5246995687484741;0.6199893951416016;-0.09534405171871185;0.5233445167541504;0.7622989416122437;0.15417592227458954;0.5171403288841248;0.7723904848098755;-0.03221272677183151;0.5440121173858643;0.3097368687391281;-0.08837256710976363;0.5220654159784317;0.6403357833623886;0.021200723247602582;0.539981409907341;0.6544983386993408;-0.24104876816272736;0.523513933022817;0.9199473063151041;0.2442179669936498;0.5243705113728842;0.944385826587677;0.034625112699965634;;vertical;lado
0.57;0.5484879016876221;0.3325117826461792;-0.10255371779203415;0.5155472755432129;0.3922285735607147;0.07714862376451492;0.5202516913414001;0.3951616883277893;-0.21988680958747864;0.5131220817565918;0.5207110047340393;0.08649276196956635;0.5242207646369934;0.5285487771034241;-0.2523995041847229;0.519584059715271;0.6170543432235718;0.09520604461431503;0.5248667001724243;0.6200689077377319;-0.09528584033250809;0.5235477089881897;0.7629233598709106;0.15486793220043182;0.5173051357269287;0.7728583216667175;-0.031543608754873276;0.5442575871944427;0.3097036570310593;-0.0884389702230692;0.5220652669668198;0.6408215165138245;0.02011063403915614;0.5399743616580963;0.6547116190195084;-0.24023520946502686;0.5234714150428772;0.9204015930493673;0.24593461056550345;0.5242428580919901;0.9445967872937521;0.03609064873307943;;vertical;lado
0.6;0.5486516356468201;0.332562655210495;-0.10264904797077179;0.5155371427536011;0.39234304428100586;0.07710850983858109;0.5202966928482056;0.3951707184314728;-0.21988636255264282;0.5128854513168335;0.5209828615188599;0.08651131391525269;0.5242178440093994;0.5287221074104309;-0.2516562044620514;0.519661009311676;0.6171276569366455;0.09519164264202118;0.5250038504600525;0.6201952695846558;-0.09527198225259781;0.5236935019493103;0.7635583281517029;0.1577342301607132;0.5174262523651123;0.773900032043457;-0.029622718691825867;0.5443942368030548;0.309713751077652;-0.08851736150681973;0.520760640501976;0.6409727782011032;0.019820359884761274;0.5399947613477707;0.6548256725072861;-0.23718945682048798;0.5230668584505717;0.9205683271090189;0.2520293394724528;0.5239772001902262;0.9450215498606364;0.040033524855971336;;vertical;lado
0.63;0.5487584471702576;0.33256903290748596;-0.10272082686424255;0.5155333280563354;0.3923927843570709;0.07713645696640015;0.5203445553779602;0.39517471194267273;-0.22007933259010315;0.5126778483390808;0.5210551023483276;0.0868460163474083;0.5242246985435486;0.528837263584137;-0.25174230337142944;0.5197206735610962;0.6171337366104126;0.0952010303735733;0.5250849723815918;0.6202491521835327;-0.0952819436788559;0.5237442255020142;0.7636681199073792;0.15868331491947174;0.5175004005432129;0.7741955518722534;-0.02935033105313778;0.5444643914699554;0.30971342921257017;-0.08857812862843276;0.5197189003229141;0.6409653723239899;0.020439322222955525;0.5400501638650894;0.6548879742622375;-0.23736413195729256;0.5222048163414001;0.9205801288286845;0.25328147411346436;0.5236898263295492;0.9451647599538168;0.04046861082315445;;vertical;lado
0.67;0.5488554835319519;0.33256760239601135;-0.10236797481775284;0.5155295729637146;0.3924488425254822;0.07772091776132584;0.5203742384910583;0.3951771855354309;-0.22007103264331818;0.5125740170478821;0.5210620760917664;0.08690637350082397;0.5242385864257812;0.5288528800010681;-0.25157228112220764;0.5197504758834839;0.6171586513519287;0.09521650522947311;0.5251389145851135;0.6202859878540039;-0.09529819339513779;0.5237443447113037;0.7638077139854431;0.15981188416481018;0.5175098180770874;0.7743841409683228;-0.028921691700816154;0.5445044934749603;0.30969701111316683;-0.08809173796325923;0.5176223367452621;0.6422477960586548;0.020823133643716574;0.5400874316692352;0.6548723429441452;-0.23656010627746582;0.521996001402537;0.9206098914146423;0.2547957847515742;0.5235386490821838;0.9453028241793314;0.04142257757484913;;vertical;lado
0.7;0.5488497614860535;0.3325766921043396;-0.1021953672170639;0.5155232548713684;0.39255189895629883;0.07788389921188354;0.5204050540924072;0.39519986510276794;-0.2200709581375122;0.5125751495361328;0.5211250185966492;0.08709884434938431;0.5242709517478943;0.5289561152458191;-0.2513028383255005;0.5197609066963196;0.6172224283218384;0.09521777927875519;0.5251505970954895;0.6203460097312927;-0.09529992192983627;0.5237630605697632;0.7642976641654968;0.16052381694316864;0.5175150632858276;0.7746816277503967;-0.02849510684609413;0.5445037543773651;0.3097068637609482;-0.08787652440369129;0.5178715735673904;0.6422733068466187;0.021066570421680808;0.5401197224855423;0.6548678278923035;-0.2357163242995739;0.5218913952509562;0.9208380381266276;0.2561455617348353;0.5231465895970663;0.9455771843592325;0.042506098126371704;;vertical;lado
0.73;0.5488395094871521;0.3326019048690796;-0.10202767699956894;0.5154888033866882;0.3926412761211395;0.07823033630847931;0.5204240679740906;0.3952060043811798;-0.22007529437541962;0.5125595331192017;0.5211316347122192;0.08712165057659149;0.5243003368377686;0.528995931148529;-0.2513067424297333;0.519771933555603;0.617266058921814;0.09524548798799515;0.5251528024673462;0.6203698515892029;-0.09532924741506577;0.5237903594970703;0.7645263671875;0.16049417853355408;0.5175147652626038;0.7747442126274109;-0.028742987662553787;0.5445079684257508;0.309735170006752;-0.08766367677599192;0.5181126892566681;0.6422951221466064;0.02118855412118137;0.5401580929756165;0.6548592150211334;-0.23617175221443176;0.5218552350997925;0.9211405316988627;0.2556595206260681;0.5229546427726746;0.9458061854044596;0.0417234005096058;;vertical;lado
0.77;0.5488293766975403;0.33274486660957336;-0.10054237395524979;0.515413761138916;0.392693430185318;0.07999163866043091;0.5204448103904724;0.3952082395553589;-0.2196039855480194;0.5124915242195129;0.5211287140846252;0.08876395970582962;0.5243521928787231;0.528965175151825;-0.2510144114494324;0.5197718739509583;0.6173537373542786;0.0953173041343689;0.5251713395118713;0.6204497218132019;-0.09540320187807083;0.5238201022148132;0.7646522521972656;0.16083389520645142;0.5175171494483948;0.7747966051101685;-0.02881285548210144;0.5445158064365387;0.30986287295818327;-0.0860329994931817;0.5182606130838394;0.6422084122896194;0.022441634442657232;0.5402061343193054;0.6548503041267395;-0.23620089888572693;0.521817684173584;0.9214401046435038;0.25592584411303204;0.5226955413818359;0.9460041721661886;0.04139256477355957;;vertical;lado
0.8;0.548820972442627;0.33283311128616333;-0.1000344529747963;0.5152835845947266;0.3927551209926605;0.08039917796850204;0.5204657912254333;0.3952096700668335;-0.21915681660175323;0.5123326778411865;0.5211185812950134;0.0889316201210022;0.5244419574737549;0.5289570689201355;-0.2504025995731354;0.5197726488113403;0.6175218820571899;0.09533816576004028;0.5251796245574951;0.6206051111221313;-0.09542535990476608;0.5239048600196838;0.7650126218795776;0.16135866940021515;0.5175083875656128;0.7751175761222839;-0.028518805280327797;0.5445242106914521;0.3099657535552979;-0.08549401760101319;0.5183701664209366;0.6421754360198975;0.022467517759650946;0.5402258038520813;0.6548431813716888;-0.2351939156651497;0.5218172868092855;0.9217655261357626;0.256952166557312;0.5223692059516907;0.9462481141090393;0.04213923898835977;;vertical;lado
0.83;0.548815906047821;0.3329256772994995;-0.09985632449388504;0.5151834487915039;0.39283737540245056;0.08035378903150558;0.5204920768737793;0.39520952105522156;-0.2186342477798462;0.5120593309402466;0.5211164951324463;0.08880070596933365;0.5245078206062317;0.5289416909217834;-0.24949434399604797;0.5197781920433044;0.6176144480705261;0.09530384838581085;0.5251806378364563;0.6206463575363159;-0.0953921303153038;0.5240262746810913;0.7651951313018799;0.16125217080116272;0.5175092220306396;0.7752322554588318;-0.02838704362511635;0.5445274353027344;0.3100391417741776;-0.08534192442893981;0.5181455761194229;0.6421201527118683;0.02238305937498808;0.5402355790138245;0.6548176854848862;-0.23410146310925484;0.521925171216329;0.9221580624580383;0.25703734656174976;0.5219700733820597;0.9465342958768209;0.04237612926711639;;vertical;lado
0.87;0.5488062500953674;0.33298882842063904;-0.09896240383386612;0.5150299668312073;0.3928997814655304;0.08068370074033737;0.5205369591712952;0.39519837498664856;-0.21779543161392212;0.5117748975753784;0.5210112929344177;0.08886338025331497;0.5245926976203918;0.5288861989974976;-0.24849234521389008;0.5197028517723083;0.6176498532295227;0.09528777003288269;0.5251790285110474;0.6206594109535217;-0.09537645429372787;0.5240622758865356;0.7651925683021545;0.1611090749502182;0.5175068974494934;0.7752229571342468;-0.02847393974661827;0.5445246994495392;0.31010966897010805;-0.08445097599178553;0.5179665833711624;0.6420125514268875;0.022727442905306816;0.5402347296476364;0.6547748744487762;-0.2331046648323536;0.521928588549296;0.9223487774531046;0.2566731671492259;0.5217986702919006;0.9466844995816549;0.04221107671037316;;vertical;lado
0.9;0.5487987399101257;0.33305779099464417;-0.0980522483587265;0.5148939490318298;0.39296895265579224;0.08131590485572815;0.5205894112586975;0.39518657326698303;-0.2168952077627182;0.511542797088623;0.5209414958953857;0.08913058787584305;0.524683952331543;0.5288760662078857;-0.24723364412784576;0.5196149349212646;0.6178973317146301;0.09529703110456467;0.5251705050468445;0.6208722591400146;-0.09538585692644119;0.52406907081604;0.7654409408569336;0.161223903298378;0.5175150632858276;0.7756691575050354;-0.0284623671323061;0.5445227205753327;0.3101819545030594;-0.08351356256753206;0.5179979205131531;0.6419656574726105;0.023049785755574703;0.5402029156684875;0.6547610908746719;-0.23123317956924438;0.5219253897666931;0.9224236408869425;0.2566756308078766;0.5216971437136332;0.9468884468078613;0.042028697983672224;;vertical;lado
0.93;0.5487931966781616;0.33312490582466125;-0.09714211523532867;0.5146960020065308;0.39305219054222107;0.08177298307418823;0.5206388235092163;0.39517688751220703;-0.21598376333713531;0.5107132196426392;0.5208795070648193;0.0892711728811264;0.5247566103935242;0.5288569331169128;-0.24599957466125488;0.5195468068122864;0.6179629564285278;0.09529420733451843;0.5251700282096863;0.6209544539451599;-0.09538325667381287;0.5240878462791443;0.765534520149231;0.16133292019367218;0.517526388168335;0.7760450839996338;-0.028058312833309174;0.5445307195186615;0.3102306604385376;-0.08259599125012755;0.517282709479332;0.6419044733047485;0.02316034655086696;0.5402032732963562;0.6546803861856461;-0.2293231301009655;0.5218870441118876;0.922620971997579;0.2566836525996526;0.5216505527496338;0.9470722476641337;0.04245344394197067;;vertical;lado
0.97;0.548789381980896;0.3334280550479889;-0.09704247862100601;0.5144574046134949;0.3932598829269409;0.08193115144968033;0.5207208395004272;0.39518192410469055;-0.2158505618572235;0.5101532936096191;0.520832896232605;0.08932723104953766;0.5248936414718628;0.528854250907898;-0.24570482969284058;0.5193710327148438;0.6182524561882019;0.09529668837785721;0.5251674056053162;0.6212829351425171;-0.0953858494758606;0.5240883231163025;0.7656272649765015;0.16243243217468262;0.5175284743309021;0.7765703797340393;-0.02710750326514244;0.5445362746715545;0.3104346215724945;-0.0825071169063449;0.5170517116785049;0.6418624520301819;0.02332218922674656;0.5402070581912994;0.654545858502388;-0.2285536825656891;0.5217348138491312;0.9226575295130411;0.2588161925474803;0.5214913686116537;0.9472413659095764;0.044053003347168364;;vertical;lado
1.0;0.5487741231918335;0.33372217416763306;-0.09719045460224152;0.5142597556114197;0.3932972848415375;0.08189980685710907;0.5207391977310181;0.3951563239097595;-0.2159869223833084;0.5098520517349243;0.5207135677337646;0.08933994174003601;0.5249665379524231;0.5287579894065857;-0.24574357271194458;0.5191587209701538;0.6182515025138855;0.0953502357006073;0.5251538753509521;0.6212912797927856;-0.0954408049583435;0.5240699648857117;0.7657033205032349;0.16482269763946533;0.5175192952156067;0.7773085832595825;-0.02548019215464592;0.5445370674133301;0.31060153245925903;-0.08266928875818849;0.5167930573225021;0.6418380886316299;0.023515823064371943;0.5402740687131882;0.654101774096489;-0.22917107865214348;0.5213676691055298;0.9226926763852438;0.26386522750059765;0.5212282339731852;0.9474404454231262;0.047338535698751606;;vertical;lado
1.03;0.5484936833381653;0.33427518606185913;-0.09733620285987854;0.5139643549919128;0.39336100220680237;0.08189518749713898;0.5207358002662659;0.3951801657676697;-0.21712176501750946;0.5095616579055786;0.5209484100341797;0.08960042148828506;0.5250144004821777;0.5290281176567078;-0.24629803001880646;0.5184628963470459;0.618289053440094;0.0955137237906456;0.5248510837554932;0.6213986873626709;-0.09560932964086533;0.5239304304122925;0.7657064199447632;0.1653619110584259;0.517520010471344;0.7773129940032959;-0.025245072320103645;0.5443764448165893;0.3109143078327179;-0.08280958104878663;0.5142374485731125;0.6432283818721771;0.02382310712710023;0.5404477268457413;0.6539434790611267;-0.22961817681789398;0.5212509632110596;0.9227639635403951;0.26438717047373456;0.5212287704149882;0.9475132822990417;0.04818369199832281;;vertical;lado
1.07;0.5482990741729736;0.33462435007095337;-0.09752792119979858;0.5137210488319397;0.39340150356292725;0.08187185972929001;0.5207338333129883;0.39518415927886963;-0.2177630215883255;0.5093429684638977;0.5211098790168762;0.08963070809841156;0.5250358581542969;0.5291734337806702;-0.24691486358642578;0.517963171005249;0.618327260017395;0.0955667793750763;0.5247446298599243;0.6215146780014038;-0.09566470235586166;0.5236915946006775;0.7657435536384583;0.1661088466644287;0.5175277590751648;0.7774174213409424;-0.024621184915304184;0.544244933128357;0.31111119091510775;-0.08298276560381054;0.513232484459877;0.6439612209796906;0.02386657940223813;0.5404994338750839;0.6538847982883453;-0.22992252930998802;0.5209709604581197;0.9228989283243815;0.26548708975315094;0.5212163329124451;0.947577973206838;0.04986599483527243;;vertical;lado
1.1;0.548217236995697;0.3347829580307007;-0.09784415364265442;0.5136332511901855;0.39341437816619873;0.08212002366781235;0.5207348465919495;0.39517977833747864;-0.21912430226802826;0.5092730522155762;0.5212034583091736;0.09047390520572662;0.5251079797744751;0.5291931629180908;-0.2491939514875412;0.5175325274467468;0.6183301210403442;0.09584856033325195;0.5247107744216919;0.6215572357177734;-0.09595077484846115;0.5233532786369324;0.7657706141471863;0.16678841412067413;0.5175548195838928;0.7773875594139099;-0.024665288627147675;0.5441872715950012;0.3111713379621506;-0.08323553446680307;0.5132120847702026;0.6444193124771118;0.02499508368782699;0.5410439074039459;0.6538689583539963;-0.23223306611180305;0.5208502411842346;0.9230367342631022;0.26665351291497547;0.5211956103642782;0.9476056098937988;0.050225979570920266;;vertical;lado
1.13;0.5481055974960327;0.33480584621429443;-0.09801913797855377;0.5134701132774353;0.39342811703681946;0.08222255855798721;0.5207332968711853;0.395182341337204;-0.21969284117221832;0.5092385411262512;0.521199107170105;0.09080420434474945;0.5251278877258301;0.5291979312896729;-0.24973009526729584;0.5170757174491882;0.6183139681816101;0.09597799926996231;0.5246313810348511;0.6215754151344299;-0.09608199447393417;0.5230674743652344;0.7657719254493713;0.16717979311943054;0.5175659656524658;0.7773835062980652;-0.02463059313595295;0.5440964102745056;0.31117880940437315;-0.08339329697191715;0.5130315721035004;0.6444777250289917;0.02559511619620025;0.5414162129163742;0.6534663289785385;-0.232292752712965;0.5207302570343018;0.9231120944023132;0.26734793682893115;0.521178146203359;0.9476248224576315;0.0506210089661181;;vertical;lado
1.17;0.5479766726493835;0.3347792625427246;-0.09755469858646393;0.5132959485054016;0.3934377431869507;0.0837978795170784;0.5207297801971436;0.3951893150806427;-0.21965523064136505;0.5091685652732849;0.5211809277534485;0.09258165955543518;0.5251436829566956;0.5291716456413269;-0.24969716370105743;0.5165639519691467;0.618245005607605;0.09614741802215576;0.5245571136474609;0.6215790510177612;-0.09625159204006195;0.5228084325790405;0.765770673751831;0.16692598164081573;0.5175761580467224;0.777334451675415;-0.024936320260167122;0.5439766943454742;0.31113257110118864;-0.08291131667792798;0.5130206942558289;0.6443801522254944;0.02784794755280018;0.541650116443634;0.6526110768318176;-0.23192830383777618;0.5206939180692037;0.9231936732927958;0.2665172616640727;0.5211676557858785;0.9476518829663595;0.050396406169359885;;vertical;lado
1.2;0.5478439927101135;0.3347015678882599;-0.0975697711110115;0.513142466545105;0.39344942569732666;0.08400344103574753;0.5207282304763794;0.39517834782600403;-0.21989284455776215;0.5091644525527954;0.5210622549057007;0.09300284087657928;0.5251618027687073;0.529124915599823;-0.2501180171966553;0.5163934230804443;0.6182730793952942;0.09627962112426758;0.5245342254638672;0.6216105222702026;-0.09638427942991257;0.5225585103034973;0.7658157348632812;0.16810913383960724;0.517577052116394;0.7773312330245972;-0.024598460644483566;0.5438691258430481;0.31102132201194765;-0.08296381449326873;0.5131687968969345;0.6443012356758118;0.027709015645086765;0.5418287664651871;0.6519067883491516;-0.23206599801778793;0.5206250349680582;0.9232992927233378;0.26917343338330585;0.5211467742919922;0.9476752082506815;0.05214950706188878;;vertical;lado
1.23;0.5477087497711182;0.334616094827652;-0.0975889191031456;0.513066828250885;0.39344415068626404;0.08403158187866211;0.5207299590110779;0.3951762020587921;-0.2200094312429428;0.50914466381073;0.5210613012313843;0.09306742250919342;0.5254262685775757;0.5291828513145447;-0.25028523802757263;0.5162931084632874;0.6183179616928101;0.09631062299013138;0.5244991183280945;0.621709406375885;-0.09641610085964203;0.5223280191421509;0.765824019908905;0.16939418017864227;0.5175786018371582;0.777327835559845;-0.023730309680104256;0.5437684893608093;0.31088643372058866;-0.082996079698205;0.5131496489048004;0.6443330198526382;0.02758591016754508;0.5422208607196808;0.6517159789800644;-0.2320728786289692;0.5205552379290262;0.9233448505401611;0.27183278898398083;0.5211386283238729;0.9476888378461202;0.05490756779909134;;vertical;lado
1.27;0.5476270318031311;0.33455580472946167;-0.09772433340549469;0.5130217671394348;0.3934346139431;0.08404093980789185;0.5207396149635315;0.3951747715473175;-0.2203146070241928;0.5091516971588135;0.5210590362548828;0.09307528287172318;0.5255292057991028;0.5293012261390686;-0.25046372413635254;0.5161619782447815;0.6184045076370239;0.09637116640806198;0.5244380831718445;0.6219365000724792;-0.09647771716117859;0.5222844481468201;0.765816330909729;0.16967858374118805;0.5175262093544006;0.7773259878158569;-0.023670228198170662;0.5436997234821319;0.3108027338981628;-0.08315696148201823;0.5129771083593369;0.6442505568265915;0.027513141743838787;0.5424512177705765;0.6515170484781265;-0.23207223787903786;0.5205405155817667;0.9233465194702148;0.27257397770881653;0.5210911432902018;0.9477280974388123;0.05470502035071453;;vertical;lado
1.3;0.5476213693618774;0.3345372974872589;-0.09868675470352173;0.5129328966140747;0.3932793438434601;0.08390117436647415;0.5207440853118896;0.3949717879295349;-0.22086215019226074;0.5091121792793274;0.521051287651062;0.09294994920492172;0.525550127029419;0.5293183922767639;-0.2510101795196533;0.5159074068069458;0.6184685826301575;0.09638205915689468;0.5241361260414124;0.6220637559890747;-0.09648839384317398;0.5222817063331604;0.7658172249794006;0.16959348320960999;0.5175255537033081;0.7773218154907227;-0.023651814088225365;0.5437010884284973;0.31074238419532774;-0.08410734124481678;0.5131843090057373;0.6436000317335129;0.027103478321805596;0.5426231771707535;0.6513795256614685;-0.2323981076478958;0.5205284357070923;0.9233006636301676;0.272013321518898;0.5210685928662618;0.9477283954620361;0.05429832047472397;;vertical;lado
1.33;0.547621488571167;0.33453643321990967;-0.10241972655057907;0.5129062533378601;0.3931010961532593;0.08253797143697739;0.5207513570785522;0.39490219950675964;-0.22437655925750732;0.5090901255607605;0.5210492014884949;0.09200121462345123;0.5255536437034607;0.5296044945716858;-0.2548999488353729;0.5150912404060364;0.6184524893760681;0.09677037596702576;0.5232082009315491;0.622060239315033;-0.09687823057174683;0.5222164988517761;0.7656734585762024;0.17046138644218445;0.5175076723098755;0.7772557139396667;-0.02367851510643959;0.5437433600425721;0.31073586344718934;-0.08769224714487792;0.5129393190145493;0.6437068283557892;0.026898379903286695;0.5426187813282013;0.6513997316360474;-0.23792222142219543;0.5204893747965494;0.9231815735499064;0.2739359388748805;0.5210469365119934;0.9478248755137125;0.05398489783207575;;vertical;lado
1.37;0.547619640827179;0.3345295786857605;-0.10264254361391068;0.5128461718559265;0.393035888671875;0.08198684453964233;0.5207919478416443;0.39491006731987;-0.22432252764701843;0.5086550116539001;0.5210937857627869;0.09093987941741943;0.5255415439605713;0.5304953455924988;-0.2547035813331604;0.513612687587738;0.6184388995170593;0.09682950377464294;0.5217034220695496;0.6221335530281067;-0.09693793207406998;0.5220572352409363;0.7656700611114502;0.17053112387657166;0.5174735188484192;0.7774623036384583;-0.02343265525996685;0.5437741696834564;0.3107299655675888;-0.08789448961615562;0.5106710642576218;0.6446161866188049;0.026784611167386174;0.5420871078968048;0.6516379415988922;-0.23741282522678375;0.5202469229698181;0.9231307705243429;0.2738182147343953;0.5210248033205668;0.9478458762168884;0.05417928177242478;;vertical;lado
1.4;0.5476195216178894;0.33453136682510376;-0.1023075059056282;0.5126694440841675;0.3929504156112671;0.08107361942529678;0.5208168029785156;0.394909530878067;-0.22217601537704468;0.5078970193862915;0.5222838521003723;0.08741629123687744;0.5252643823623657;0.5312706828117371;-0.25111082196235657;0.5115038752555847;0.6184190511703491;0.09626785665750504;0.5194045305252075;0.6221418976783752;-0.09636465460062027;0.5216802358627319;0.765684187412262;0.16656425595283508;0.5176742672920227;0.7776829600334167;-0.023460911586880684;0.5438354015350342;0.3107430040836334;-0.08745485115796328;0.5090055018663406;0.6463364809751511;0.025344301713630557;0.5399610102176666;0.6530348509550095;-0.23051346465945244;0.5192025105158488;0.9231616457303365;0.26276349027951557;0.5211037794748942;0.9480317036310831;0.051631465243796505;;vertical;lado
1.43;0.5476897358894348;0.33456549048423767;-0.1026153489947319;0.5125505924224854;0.39291781187057495;0.08010035008192062;0.5208669900894165;0.3949567675590515;-0.2222597748041153;0.5066276788711548;0.5237578749656677;0.08685983717441559;0.5247886180877686;0.532097578048706;-0.25181663036346436;0.509790301322937;0.6182813048362732;0.09623141586780548;0.5172565579414368;0.6221469640731812;-0.09632347524166107;0.5210244059562683;0.7656081914901733;0.1635165959596634;0.5178250074386597;0.7776517868041992;-0.024969996884465218;0.5440032064914704;0.3107763171195984;-0.08774611558765173;0.5084567815065384;0.6478157639503479;0.02534386795014143;0.5380064696073532;0.6558373719453812;-0.2335210181772709;0.5189863046010336;0.9226112763086954;0.2566133638223012;0.5215497612953186;0.9481298327445984;0.04581477590060482;;vertical;lado
1.47;0.5477349758148193;0.3346439599990845;-0.10163310915231705;0.512028694152832;0.3928205072879791;0.08034457266330719;0.5208975076675415;0.3949333727359772;-0.22174860537052155;0.5044206380844116;0.5237103700637817;0.08729630708694458;0.5238828063011169;0.5320784449577332;-0.2518070638179779;0.5077181458473206;0.6172980666160583;0.09619244933128357;0.5155652165412903;0.6219599843025208;-0.09627995640039444;0.5198767185211182;0.7635576725006104;0.15578043460845947;0.5178258419036865;0.7759249210357666;-0.03112337365746498;0.5441284656524659;0.31083735525608064;-0.08671438153833151;0.50617915391922;0.6474590301513672;0.02823010180145502;0.5363051444292068;0.655929833650589;-0.2348695695400238;0.5189665158589681;0.9205919504165649;0.2417208751042684;0.5219007730484009;0.9473133087158203;0.030042435353000958;;vertical;lado
1.5;0.5477418899536133;0.33492380380630493;-0.09771736711263657;0.5112093091011047;0.3927754759788513;0.0811336562037468;0.5208482146263123;0.39492282271385193;-0.21651989221572876;0.5015966892242432;0.5236833095550537;0.08749096095561981;0.5222834348678589;0.5320637822151184;-0.24542498588562012;0.5056765675544739;0.6171423196792603;0.09556163102388382;0.5139166712760925;0.6220201253890991;-0.09563523530960083;0.5177143216133118;0.7634077072143555;0.1550656259059906;0.5178207755088806;0.7759295105934143;-0.030873605981469154;0.5441958189010621;0.3110452711582184;-0.08289759336039423;0.502675011754036;0.6457694172859192;0.027375638019293547;0.535270482301712;0.6561044454574585;-0.22229775413870811;0.5181090434392294;0.9201990962028503;0.2401332507530848;0.5222256779670715;0.9469843904177347;0.032147575790683426;;vertical;lado
1.53;0.5476825833320618;0.33591657876968384;-0.09729394316673279;0.509943425655365;0.3927650451660156;0.08157296478748322;0.5205308198928833;0.3949846923351288;-0.21694138646125793;0.500414252281189;0.5236216187477112;0.08785545825958252;0.5209986567497253;0.5321768522262573;-0.24619831144809723;0.504951536655426;0.6171467304229736;0.0955599695444107;0.5127009749412537;0.6224096417427063;-0.09563402831554413;0.5169405937194824;0.7634884119033813;0.15495090186595917;0.5175124406814575;0.776145339012146;-0.032138414680957794;0.5441914319992065;0.3118258476257324;-0.08246710505336523;0.5027401223778725;0.6436527967453003;0.027630455791950226;0.534075528383255;0.6564494073390961;-0.22474414855241776;0.5167449911435446;0.9203601280848185;0.24128466844558716;0.5217432578404745;0.9472165902455648;0.03166939411312342;;vertical;lado
1.57;0.5474808216094971;0.33605626225471497;-0.09744025766849518;0.5086866021156311;0.39275485277175903;0.08014378696680069;0.5197818279266357;0.39510706067085266;-0.21723215281963348;0.4991181492805481;0.5231704115867615;0.0878961905837059;0.5192523002624512;0.5322555899620056;-0.24645976722240448;0.503381609916687;0.6171726584434509;0.09453176707029343;0.5105586647987366;0.6229870319366455;-0.09459477663040161;0.5145470499992371;0.7622483968734741;0.15294046700000763;0.5166892409324646;0.7759944796562195;-0.03217465803027153;0.544050669670105;0.3120329052209854;-0.08285076674073935;0.5024579167366028;0.6424391269683838;0.03207177482545376;0.532965362071991;0.6564090400934219;-0.233849186450243;0.5105941295623779;0.9169602195421854;0.24036875367164612;0.5208043158054352;0.9465718865394592;0.02997398190200329;;vertical;lado
1.6;0.5460742712020874;0.33648785948753357;-0.10152331739664078;0.507240355014801;0.39280903339385986;0.07786593586206436;0.5181952714920044;0.39521709084510803;-0.22088812291622162;0.49901071190834045;0.5229995250701904;0.08828450739383698;0.5176814794540405;0.5323973298072815;-0.25323835015296936;0.5014504790306091;0.6179247498512268;0.09448479115962982;0.5086380839347839;0.6239163279533386;-0.09455351531505585;0.5124911665916443;0.7620657086372375;0.15552982687950134;0.515717089176178;0.7759373188018799;-0.031118672341108322;0.5430196464061737;0.3126193106174469;-0.0875911632552743;0.5031100362539291;0.6437759846448898;0.03502220008522272;0.5319975018501282;0.6566236466169357;-0.2430618591606617;0.5091704825560252;0.916464646657308;0.24842395385106406;0.5212445060412089;0.9474819103876749;0.03607887867838144;;vertical;lado
1.63;0.544709324836731;0.3373062014579773;-0.10041379928588867;0.5060765147209167;0.39324477314949036;0.08138776570558548;0.5163815021514893;0.39527225494384766;-0.21948222815990448;0.4977385103702545;0.5230515599250793;0.09319881349802017;0.5151636600494385;0.5323308110237122;-0.25269103050231934;0.49930518865585327;0.6195396780967712;0.09450880438089371;0.5068945288658142;0.6253368258476257;-0.09457717090845108;0.509584903717041;0.7640949487686157;0.15708507597446442;0.5147071480751038;0.7786592841148376;-0.030849123373627663;0.5419336318969726;0.31330654621124265;-0.08640113882720471;0.5048350691795349;0.6436286419630051;0.037276352290064096;0.5309959053993225;0.6566752940416336;-0.24184716865420341;0.5084026257197062;0.9198543826738993;0.24855651954809824;0.5214000542958578;0.9499821265538534;0.03667917816589276;;vertical;lado
1.67;0.5432292222976685;0.33834728598594666;-0.10295876860618591;0.5047502517700195;0.39351314306259155;0.07527688890695572;0.5148751735687256;0.39522331953048706;-0.2197585254907608;0.4957510530948639;0.5227886438369751;0.088502436876297;0.5130597949028015;0.5321984887123108;-0.25255927443504333;0.4963482618331909;0.6214781999588013;0.09413845092058182;0.5041119456291199;0.6274567246437073;-0.09421417862176895;0.5068243741989136;0.7641067504882812;0.17313501238822937;0.5135872960090637;0.7822316288948059;-0.02122216857969761;0.5408524811267853;0.3142446666955948;-0.089216367341578;0.5028620883822441;0.6430715471506119;0.03459989791736007;0.5295353829860687;0.6566269844770432;-0.23976809531450272;0.49802886446317035;0.9165126085281372;0.2778673569361369;0.5213210582733154;0.9511499404907227;0.05472554173320532;;vertical;lado
1.7;0.5418936610221863;0.34047240018844604;-0.10318132489919662;0.5034818649291992;0.39368805289268494;0.07468494027853012;0.5130741596221924;0.39520227909088135;-0.21923968195915222;0.4949260950088501;0.5224823355674744;0.08761825412511826;0.5103025436401367;0.5320042967796326;-0.2518411874771118;0.4931355118751526;0.6213884353637695;0.0937710702419281;0.5006746053695679;0.62741619348526;-0.09384673833847046;0.503485381603241;0.7631673216819763;0.17082232236862183;0.5124757289886475;0.7819321751594543;-0.021552538499236107;0.5400008022785187;0.3162507086992264;-0.08955369330942631;0.5009047910571098;0.642599955201149;0.034287579357624054;0.5270844995975494;0.6556603610515594;-0.2388727180659771;0.4919404188791911;0.9148427645365397;0.27030566334724426;0.5217391053835551;0.9516318440437317;0.04494534417365988;;vertical;lado
1.73;0.5409796237945557;0.3430430293083191;-0.10417559742927551;0.5021606683731079;0.39437124133110046;0.07039619237184525;0.5112587213516235;0.39527395367622375;-0.218124657869339;0.49298202991485596;0.5224727392196655;0.08169771730899811;0.5069767832756042;0.5320470929145813;-0.24917852878570557;0.49152809381484985;0.6214643120765686;0.09251663833856583;0.4989550709724426;0.6275500655174255;-0.09258588403463364;0.5013025999069214;0.7627449631690979;0.1740671843290329;0.5111662149429321;0.7827461957931519;-0.024642029777169228;0.5395774662494659;0.3191975116729736;-0.09067372549325228;0.49926163256168365;0.6410632878541946;0.027265320532023907;0.5251551866531372;0.6555800884962082;-0.23295575007796288;0.48948434988657635;0.913109540939331;0.2764444947242737;0.5216806928316752;0.95252658923467;0.029125879829128582;;vertical;lado
1.77;0.539408802986145;0.34844762086868286;-0.10090477764606476;0.5016067028045654;0.3954404592514038;0.07134174555540085;0.5092516541481018;0.3958747088909149;-0.21001867949962616;0.49189725518226624;0.5226647257804871;0.0786949023604393;0.5041152238845825;0.5323330163955688;-0.23744413256645203;0.48996612429618835;0.6222888231277466;0.09043709933757782;0.4969446361064911;0.6277410984039307;-0.09049840271472931;0.4973877966403961;0.7628735899925232;0.1720496267080307;0.5105192065238953;0.7826563119888306;-0.024367256090044975;0.5388879239559173;0.3237230956554413;-0.08748903553932905;0.49773983657360077;0.6405859887599945;0.018245413666591048;0.5233961641788483;0.6554685086011887;-0.20942654833197594;0.4913372000058492;0.9144229094187418;0.26349469522635144;0.521663765112559;0.952609638373057;0.03649250177356104;;vertical;lado
1.8;0.5380354523658752;0.3519594967365265;-0.10087762773036957;0.5010212659835815;0.3963381350040436;0.07062239199876785;0.5069839358329773;0.39649146795272827;-0.2101297229528427;0.4913070499897003;0.5226594805717468;0.0793747827410698;0.4997536242008209;0.5321171283721924;-0.23918557167053223;0.48743462562561035;0.6223024725914001;0.08933674544095993;0.4938742518424988;0.6276877522468567;-0.08938945084810257;0.494575560092926;0.762628972530365;0.1708039939403534;0.5100985765457153;0.7819949984550476;-0.035148926079273224;0.5379384458065033;0.3271342247724533;-0.0874541774392128;0.49739859998226166;0.640693187713623;0.020478185964748263;0.5209125429391861;0.654568612575531;-0.21660161763429642;0.4907717208067576;0.91434113184611;0.2646748125553131;0.5221671660741171;0.9525831540425619;0.011467969045042992;;vertical;lado
1.83;0.5375362038612366;0.3551960289478302;-0.10134786367416382;0.5008299946784973;0.39775511622428894;0.06973402202129364;0.5054651498794556;0.3978070616722107;-0.2103717178106308;0.4910324513912201;0.5224336981773376;0.07973504811525345;0.4937792122364044;0.5304251909255981;-0.24018536508083344;0.4841659963130951;0.6219961643218994;0.08939307928085327;0.4893185496330261;0.626353919506073;-0.08943247050046921;0.49306613206863403;0.7621476650238037;0.16453352570533752;0.509010374546051;0.7788347005844116;-0.049092527478933334;0.5374230086803437;0.3303194761276245;-0.08813632521778345;0.49786558002233505;0.6389709562063217;0.0214098347350955;0.5185825824737549;0.6509488821029663;-0.2302882969379425;0.49195878704388935;0.9167412122090658;0.25226551791032154;0.5225845376650492;0.9525118470191956;-0.02187032707540008;;sentandose;lado
1.87;0.537276029586792;0.3585143983364105;-0.1070270985364914;0.500408411026001;0.3993591368198395;0.06317228823900223;0.5037100911140442;0.3996979594230652;-0.21263755857944489;0.4903884530067444;0.5221567749977112;0.0774691253900528;0.4893651008605957;0.5287521481513977;-0.24569456279277802;0.48241716623306274;0.6219738125801086;0.08820733428001404;0.4858172833919525;0.6259297132492065;-0.08822138607501984;0.49229636788368225;0.7608323693275452;0.15776996314525604;0.5086358189582825;0.7768957018852234;-0.052080608904361725;0.5371196150779725;0.3340466946363449;-0.09435431007295847;0.4980616420507431;0.6368962824344635;0.02018532855436206;0.5163465142250061;0.6482026875019073;-0.23855368793010712;0.48459409674008685;0.9142565925916036;0.24487806856632233;0.5226800640424093;0.9526963432629904;-0.0227395208106221;;sentandose;lado
1.9;0.537630558013916;0.36169907450675964;-0.11426565051078796;0.5001693367958069;0.4015016257762909;0.05679196119308472;0.5028142929077148;0.40230825543403625;-0.2186293751001358;0.4880489408969879;0.5221781134605408;0.07097140699625015;0.48583149909973145;0.5287314057350159;-0.2507117688655853;0.4790422320365906;0.6219593286514282;0.08812398463487625;0.48149728775024414;0.6259190440177917;-0.08813007920980453;0.49027881026268005;0.760819137096405;0.1584743708372116;0.5085698962211609;0.7768991589546204;-0.04820478707551956;0.5372686803340911;0.33821503520011903;-0.10155731923878193;0.4975949078798294;0.637042298913002;0.010835143330041319;0.5151675790548325;0.6477284878492355;-0.2378145009279251;0.4862816433111827;0.9138679703076681;0.24621847768624625;0.5226297577222189;0.9531887769699097;-0.01154085248708725;;sentandose;lado
1.93;0.5378472208976746;0.36605384945869446;-0.11691779643297195;0.49990084767341614;0.40398263931274414;0.05659733712673187;0.5026065707206726;0.4056818187236786;-0.22237706184387207;0.4848830997943878;0.5226252675056458;0.07077620178461075;0.4828294813632965;0.5288171172142029;-0.25255054235458374;0.4750826358795166;0.6219366192817688;0.08833188563585281;0.4785827398300171;0.6258338093757629;-0.08834227919578552;0.48993194103240967;0.7628036737442017;0.15524284541606903;0.5079019069671631;0.7771313190460205;-0.03777705132961273;0.5373303890228271;0.3427948921918869;-0.10372336432337761;0.4976804479956627;0.6358740627765656;0.006416334130335599;0.5139266401529312;0.6476183235645294;-0.2349970042705536;0.48815081516901654;0.9167032837867737;0.23725070556004843;0.5224095781644186;0.9531383713086446;0.023480291167895;;sentandose;lado
1.97;0.5379509925842285;0.3718278706073761;-0.1158970519900322;0.49958086013793945;0.40821748971939087;0.06331481784582138;0.502383828163147;0.41023683547973633;-0.22164587676525116;0.48280858993530273;0.525591254234314;0.08068300038576126;0.4806927740573883;0.5298903584480286;-0.2525644302368164;0.47192996740341187;0.622393012046814;0.0893215760588646;0.4744892716407776;0.6262871026992798;-0.08931638300418854;0.4908047318458557;0.7681939601898193;0.1448287069797516;0.5074296593666077;0.7785933613777161;-0.03755834698677063;0.5374302804470062;0.3492400377988815;-0.10085584297776222;0.497325174510479;0.6360817700624466;0.012423093314282596;0.511460691690445;0.6493934243917465;-0.2337181642651558;0.4905213216940562;0.9235299229621887;0.21500420570373535;0.5201385219891866;0.9530867139498392;0.025784943873683613;;sentandose;lado
2.0;0.5380350947380066;0.3779352903366089;-0.11626417934894562;0.4992092549800873;0.41176122426986694;0.0621483139693737;0.5024010539054871;0.41324546933174133;-0.2255765199661255;0.4800494313240051;0.5271816849708557;0.08120180666446686;0.4787452518939972;0.5311980843544006;-0.26211532950401306;0.4680144488811493;0.6229466795921326;0.09059243649244308;0.47069475054740906;0.6270990371704102;-0.09059268236160278;0.49184277653694153;0.7683900594711304;0.14910376071929932;0.5062227249145508;0.7785853743553162;-0.04107106104493141;0.5376361191272736;0.3555089384317398;-0.10177470594644547;0.4932681694626808;0.6363787055015564;0.020938165136612952;0.5074881613254547;0.6518011093139648;-0.25454049929976463;0.48436444997787476;0.92355877161026;0.22785645226637521;0.5116846958796183;0.9518884817759196;0.020738500480850536;;sentandose;lado
2.03;0.5382546186447144;0.3820362687110901;-0.11618160456418991;0.49929726123809814;0.41813236474990845;0.06601384282112122;0.5017130970954895;0.41891613602638245;-0.2274440973997116;0.4806768596172333;0.5333920121192932;0.09154238551855087;0.47847437858581543;0.5358232855796814;-0.26484501361846924;0.46525272727012634;0.6231199502944946;0.0909527912735939;0.4670970141887665;0.6275125741958618;-0.09094841033220291;0.4925116300582886;0.7681096792221069;0.13379909098148346;0.5054598450660706;0.7748240232467651;-0.05099232867360115;0.5381397128105163;0.3599336177110672;-0.09937008768320084;0.4924885556101799;0.6420938372612;0.03213930828496814;0.5064633190631866;0.6570730954408646;-0.2542199306190014;0.48385439316431683;0.9256282846132914;0.2001748780409495;0.5044064323107401;0.9468495845794678;0.016215769574046135;;sentandose;lado
2.07;0.5385817289352417;0.390438050031662;-0.1109979897737503;0.4990179240703583;0.4231136739253998;0.07144198566675186;0.5012698769569397;0.4276343882083893;-0.22834226489067078;0.47954851388931274;0.5378581285476685;0.09720239788293839;0.47791340947151184;0.5436525940895081;-0.2645438611507416;0.46200141310691833;0.6233218908309937;0.09238196164369583;0.4625464975833893;0.6293691992759705;-0.0923645868897438;0.49299898743629456;0.7670631408691406;0.12118210643529892;0.5040748715400696;0.7704298496246338;-0.060924384742975235;0.5386984527111054;0.368539497256279;-0.09321392104029655;0.48842334747314453;0.6471206843852997;0.03782283701002598;0.503445029258728;0.664558932185173;-0.2494138553738594;0.48280684153238934;0.9258082707722982;0.17551050086816153;0.4956961969534556;0.9433544079462687;-0.0022484768802920976;;sentandose;lado
2.1;0.5388236045837402;0.3985443413257599;-0.11517762392759323;0.49838364124298096;0.4288639426231384;0.06499442458152771;0.5014204978942871;0.43744611740112305;-0.23458652198314667;0.47907015681266785;0.5412943363189697;0.08575517684221268;0.47916945815086365;0.5530136823654175;-0.2637293338775635;0.45962291955947876;0.6234462261199951;0.09403615444898605;0.4570297598838806;0.6322746872901917;-0.09404685348272324;0.4927031695842743;0.7637644410133362;0.12150939553976059;0.5012717843055725;0.7685867547988892;-0.057745981961488724;0.5392083048820495;0.3762793272733688;-0.0986187506467104;0.48609695583581924;0.651019960641861;0.017457533278502524;0.5017132237553596;0.6731090098619461;-0.23782823607325554;0.4830304483572642;0.9247538844744364;0.19180595874786377;0.4904161791006724;0.9419027169545492;0.024906834432234366;;sentandose;lado
2.13;0.5388503074645996;0.4088204801082611;-0.11321023106575012;0.49708980321884155;0.4361721873283386;0.06512854248285294;0.5013781785964966;0.44723597168922424;-0.2321784496307373;0.47696563601493835;0.5473231673240662;0.08532891422510147;0.4799067974090576;0.5640438199043274;-0.26091673970222473;0.4576607048511505;0.6258878707885742;0.09390667825937271;0.4529012143611908;0.6357999444007874;-0.09391932189464569;0.49284228682518005;0.7637518048286438;0.12672609090805054;0.49839621782302856;0.7690936326980591;-0.054338086396455765;0.5396094501018525;0.3859410762786865;-0.0960813757032156;0.48352130502462387;0.6575736254453659;0.01621343375882134;0.5000254660844803;0.6803883463144302;-0.22544631734490395;0.48262078563372296;0.9263827006022135;0.19210725526014963;0.4853745798269908;0.9425660769144694;0.021780571900308132;;sentandose;lado
2.17;0.5389037132263184;0.4190714657306671;-0.11269097775220871;0.4956040680408478;0.446571946144104;0.06753765046596527;0.5014409422874451;0.45876428484916687;-0.23580585420131683;0.47191232442855835;0.5547847747802734;0.08980947732925415;0.47989094257354736;0.5727198719978333;-0.26527535915374756;0.45292210578918457;0.6307386159896851;0.09712271392345428;0.45141157507896423;0.6406484246253967;-0.09716363996267319;0.4921392798423767;0.7641270756721497;0.14129120111465454;0.49557605385780334;0.771889865398407;-0.05271206796169281;0.5403688490390778;0.39708143174648286;-0.09561652112752199;0.48114603757858276;0.6696893274784088;0.02071968768723309;0.4985857531428337;0.6880752742290497;-0.23324935138225555;0.4833566943804423;0.9271695216496786;0.22655675311883292;0.4808783531188965;0.9454566240310669;0.029290540299067896;;sentandose;lado
2.2;0.5389322638511658;0.4305231273174286;-0.11188853532075882;0.4947504699230194;0.4554778039455414;0.06830109655857086;0.5015053749084473;0.4677814841270447;-0.23499497771263123;0.468517005443573;0.5596457123756409;0.09346743673086166;0.47813913226127625;0.5783045291900635;-0.26542916893959045;0.4501892924308777;0.6348665952682495;0.09681016206741333;0.44938400387763977;0.645654022693634;-0.09684260934591293;0.4892250597476959;0.7649558782577515;0.15215563774108887;0.49351418018341064;0.7749763131141663;-0.0442214198410511;0.5406895518302918;0.4086413621902466;-0.09433908611536027;0.47901761531829834;0.6769312769174576;0.02951987972483039;0.49670282006263733;0.6941679865121841;-0.23391909524798393;0.4813922941684723;0.9274699687957764;0.24414409200350443;0.48232755064964294;0.9468341668446859;0.04660733789205551;;sentandose;lado
2.23;0.539122462272644;0.44220206141471863;-0.09974907338619232;0.49422264099121094;0.46618780493736267;0.07691474258899689;0.5015889406204224;0.4810192286968231;-0.2275463342666626;0.4662463366985321;0.5655280351638794;0.10071348398923874;0.47560638189315796;0.5875089764595032;-0.25314846634864807;0.44593164324760437;0.6401011347770691;0.09649716317653656;0.4456934332847595;0.6520318388938904;-0.09652752429246902;0.48961639404296875;0.7649511694908142;0.15353897213935852;0.493693470954895;0.7788618803024292;-0.0424523763358593;0.5411491632461548;0.4208589643239975;-0.08258361462503672;0.47555433213710785;0.679400160908699;0.03367050690576434;0.4960342049598694;0.7002454549074173;-0.21019771695137024;0.4825129608313243;0.9265631238619486;0.24790900945663452;0.4815505047639211;0.9471346735954285;0.05650228882829348;;sentandose;lado
2.27;0.5391653776168823;0.4571143686771393;-0.09885416179895401;0.4931352734565735;0.4798339903354645;0.07653182744979858;0.5015983581542969;0.494653582572937;-0.22558829188346863;0.46075454354286194;0.5751153230667114;0.09957942366600037;0.4725683927536011;0.598782479763031;-0.2518554925918579;0.44080033898353577;0.644732654094696;0.09635929763317108;0.44135937094688416;0.6568487882614136;-0.09639336168766022;0.48934170603752136;0.7674894332885742;0.15284337103366852;0.49393516778945923;0.7824915051460266;-0.043936681002378464;0.5419464468955993;0.43614594638347626;-0.08183910455554724;0.46886682510375977;0.6848566681146622;0.035226089879870415;0.49663442373275757;0.7120158076286316;-0.21232154220342636;0.48223601778348285;0.9265639980634054;0.2438760648171107;0.4818439284960429;0.9474212129910787;0.04889657783011595;;sentandose;lado
2.3;0.5389651656150818;0.4720195531845093;-0.08781836926937103;0.4911152124404907;0.49375709891319275;0.08877170085906982;0.5008759498596191;0.5066168308258057;-0.217331200838089;0.4569859504699707;0.5838216543197632;0.11426826566457748;0.46956148743629456;0.6074318289756775;-0.24590420722961426;0.43548181653022766;0.6518457531929016;0.09770982712507248;0.4385301470756531;0.6640313267707825;-0.09772007167339325;0.4896102845668793;0.7683523297309875;0.15315362811088562;0.4933256208896637;0.7843076586723328;-0.053452275693416595;0.541879415512085;0.4517985790967941;-0.07082923334091902;0.46690525114536285;0.6904411613941193;0.05096393823623657;0.49703722447156906;0.7193832546472549;-0.20807013660669327;0.48151955008506775;0.924384077390035;0.24149914582570395;0.4809906880060832;0.9475241303443909;0.045384577165047325;;sentandose;lado
2.33;0.5382891893386841;0.4834252595901489;-0.08013834804296494;0.48983487486839294;0.5058706998825073;0.09886472672224045;0.49944666028022766;0.5210691094398499;-0.2108573317527771;0.45989954471588135;0.5996242761611938;0.12404672056436539;0.46669134497642517;0.6195232272148132;-0.24081264436244965;0.43274927139282227;0.6596421003341675;0.10015326738357544;0.4352087676525116;0.6731659173965454;-0.10016681253910065;0.489372581243515;0.7725417613983154;0.15410570800304413;0.49275028705596924;0.7902900576591492;-0.06720295548439026;0.5414213299751282;0.4645337700843811;-0.06340481590013951;0.4772035554051399;0.7005996108055115;0.06293211039155722;0.4970865696668625;0.7314764708280563;-0.20794879272580147;0.4805154303709666;0.9237817128499349;0.24072728057702383;0.47886403401692706;0.9498729904492696;0.029659004881978035;;sentandose;lado
2.37;0.5369449257850647;0.49814939498901367;-0.0704626739025116;0.48805251717567444;0.5177215337753296;0.10101526975631714;0.49836647510528564;0.5361871719360352;-0.1992761343717575;0.456114798784256;0.6026915907859802;0.1278289258480072;0.46338242292404175;0.6292291283607483;-0.22470897436141968;0.42638057470321655;0.6677011847496033;0.0995551198720932;0.433062881231308;0.6815066933631897;-0.0995664969086647;0.4868469834327698;0.7707125544548035;0.1560276448726654;0.49279025197029114;0.7894790768623352;-0.06196257472038269;0.5407234847545623;0.4800893008708954;-0.05439298111014068;0.4839882329106331;0.7072119116783142;0.06649932824075222;0.49739934504032135;0.7346169501543045;-0.1845066100358963;0.47991539041201275;0.9234564900398254;0.23953945934772491;0.48066699504852295;0.9487731655438741;0.04506164292494456;;sentandose;lado
2.4;0.5364342927932739;0.512682318687439;-0.07020512223243713;0.4862552285194397;0.5324689149856567;0.10481113195419312;0.49583935737609863;0.5492798089981079;-0.19793573021888733;0.45210298895835876;0.6157422661781311;0.12974302470684052;0.45961102843284607;0.6400396227836609;-0.21947632730007172;0.42523717880249023;0.677575945854187;0.09952133148908615;0.4288506805896759;0.6907268762588501;-0.09950706362724304;0.487142950296402;0.7712070941925049;0.15565939247608185;0.49339812994003296;0.7896807789802551;-0.07101910561323166;0.5400421261787415;0.4946649193763733;-0.05368026094511151;0.48403995484113693;0.7213544249534607;0.05691953934729099;0.4972741827368736;0.7344348281621933;-0.16930554807186127;0.4792882402737935;0.9251696268717448;0.2254827916622162;0.48100220163663227;0.9492444197336832;0.03924275065461794;;sentandose;lado
2.43;0.5343018174171448;0.5231731534004211;-0.07009134441614151;0.4837825298309326;0.5433228611946106;0.10344921052455902;0.49390286207199097;0.5614777207374573;-0.19543777406215668;0.4510406255722046;0.631795346736908;0.1284853219985962;0.455562561750412;0.6508648991584778;-0.2145496904850006;0.42308422923088074;0.6853506565093994;0.09930039942264557;0.4273872971534729;0.7014952301979065;-0.09930479526519775;0.4887075126171112;0.7717761993408203;0.15777292847633362;0.4937594532966614;0.7931503653526306;-0.07107700407505035;0.5371104598045349;0.5042637914419175;-0.05399998286738992;0.4858265742659569;0.7310457825660706;0.05450511258095503;0.4968515932559967;0.741242066025734;-0.1593812219798565;0.4799663722515106;0.9202762047449747;0.23521227141221365;0.480597585439682;0.949654777844747;0.036784457663695015;;sentandose;lado
2.47;0.5324325561523438;0.5359063744544983;-0.06542644649744034;0.4831003248691559;0.5560494065284729;0.10712306946516037;0.49162933230400085;0.5717431306838989;-0.19012197852134705;0.4502951204776764;0.644252359867096;0.13051097095012665;0.4519188702106476;0.6606104373931885;-0.20328842103481293;0.42097970843315125;0.6952016949653625;0.0989135280251503;0.42336180806159973;0.711696207523346;-0.09885627776384354;0.4870457053184509;0.7743536829948425;0.15788725018501282;0.4909352660179138;0.7859722971916199;-0.0680084377527237;0.5349613547325134;0.5167743742465973;-0.0493598653934896;0.4873664304614067;0.7272129207849503;0.051466270349919796;0.4962572678923607;0.741717979311943;-0.13080434687435627;0.4800501863161723;0.9233289957046509;0.23473564783732095;0.481378714243571;0.9501478473345438;0.049302698423465095;;sentandose;lado
2.5;0.5303782224655151;0.5474932789802551;-0.0654355064034462;0.4806261956691742;0.5630167722702026;0.10370863974094391;0.48910343647003174;0.5800267457962036;-0.18754445016384125;0.4461299180984497;0.6440370082855225;0.13118721544742584;0.44785845279693604;0.6665434241294861;-0.19347120821475983;0.41836702823638916;0.7018424868583679;0.09746703505516052;0.42051300406455994;0.7211810946464539;-0.09736846387386322;0.48880815505981445;0.7739379405975342;0.177933931350708;0.4915742576122284;0.7922695279121399;-0.0535581074655056;0.5326642870903016;0.5283497393131256;-0.050194569397717714;0.4876962974667549;0.7254939526319504;0.049355028197169304;0.49496743083000183;0.7437002658843994;-0.10902421362698078;0.48015745480855304;0.9202432632446289;0.27603394786516827;0.48161237438519794;0.9502420624097189;0.06199647610386213;;sentandose;lado
2.53;0.5260440111160278;0.5528961420059204;-0.06255712360143661;0.47786951065063477;0.5673354268074036;0.10566134750843048;0.4856051206588745;0.5880383849143982;-0.18460705876350403;0.44328275322914124;0.648222804069519;0.13879556953907013;0.4447082579135895;0.6722410321235657;-0.18850794434547424;0.4164291322231293;0.7085664868354797;0.09704354405403137;0.4179772436618805;0.7296035885810852;-0.09693848341703415;0.49060365557670593;0.7733246684074402;0.17721933126449585;0.4918113350868225;0.7918468713760376;-0.053373903036117554;0.5290108501911164;0.5341722428798675;-0.04791787778958678;0.48751386255025864;0.7242696136236191;0.04924255143851042;0.494234599173069;0.7448589205741882;-0.10503925755620003;0.48013368248939514;0.9170149763425192;0.27034854888916016;0.4813319444656372;0.948932945728302;0.06634621322154999;;sentandose;lado
2.57;0.5222454071044922;0.5586377382278442;-0.062480464577674866;0.47491517663002014;0.5744590163230896;0.10587110370397568;0.47957339882850647;0.5925616025924683;-0.17994409799575806;0.43735623359680176;0.6547425985336304;0.13488395512104034;0.4400532841682434;0.6807064414024353;-0.18026787042617798;0.41366711258888245;0.7195039391517639;0.0958133116364479;0.4137616455554962;0.7396680116653442;-0.0956745445728302;0.4929297864437103;0.7726527452468872;0.17212608456611633;0.4919740557670593;0.791901707649231;-0.06203360855579376;0.5246981143951416;0.5389966249465943;-0.0474161765538156;0.485968641936779;0.724377453327179;0.043008238077163696;0.49267032742500305;0.7476414889097214;-0.09193664416670799;0.4798734386761983;0.9189983010292053;0.2595903327067693;0.4802293578783671;0.9485705892244974;0.06144979347785314;;sentandose;lado
2.6;0.518130898475647;0.5631122589111328;-0.055709730833768845;0.47146642208099365;0.5790541768074036;0.1089535653591156;0.47610896825790405;0.597377359867096;-0.17082472145557404;0.43158361315727234;0.6604022979736328;0.1381787210702896;0.4358445405960083;0.6874462962150574;-0.16861730813980103;0.41094183921813965;0.726633608341217;0.09410245716571808;0.41195452213287354;0.7474974393844604;-0.0939708799123764;0.4901401698589325;0.7727002501487732;0.16939404606819153;0.492411345243454;0.7917161583900452;-0.06392302364110947;0.519825917482376;0.5430413544178009;-0.04067385178059339;0.4798467233777046;0.7262135744094849;0.04790113354101777;0.49063079059123993;0.74974025785923;-0.07601279206573963;0.4790566066900889;0.9191738963127136;0.2561528831720352;0.47997183601061505;0.9484593272209167;0.06031491607427597;;sentandose;lado
2.63;0.5123913288116455;0.562458336353302;-0.050834763795137405;0.4671213626861572;0.5788699388504028;0.11153215169906616;0.4709986448287964;0.5990842580795288;-0.16684910655021667;0.4305170476436615;0.6638298630714417;0.16094715893268585;0.4321691393852234;0.6932773590087891;-0.17339611053466797;0.40972402691841125;0.7283498644828796;0.09286949783563614;0.4093877673149109;0.7500381469726562;-0.09275122731924057;0.4903434216976166;0.7631552219390869;0.16502663493156433;0.49268028140068054;0.7916518449783325;-0.08459337055683136;0.5145800471305847;0.5422328472137451;-0.03586812261492014;0.47806500643491745;0.7266030311584473;0.1044019628316164;0.4890022426843643;0.7509732842445374;-0.10073689557611942;0.4790892203648885;0.9194091161092123;0.24518957237402597;0.4801267087459564;0.9473838011423746;0.04610337565342585;;sentandose;lado
2.67;0.5064887404441833;0.5583365559577942;-0.05506693199276924;0.46169525384902954;0.5800804495811462;0.10888057202100754;0.46524930000305176;0.5999014377593994;-0.16927765309810638;0.42725783586502075;0.6686626076698303;0.15231569111347198;0.4282459020614624;0.6976824998855591;-0.17441004514694214;0.40668174624443054;0.7329448461532593;0.0914347767829895;0.406310498714447;0.7548263072967529;-0.09132429957389832;0.490438848733902;0.7569226026535034;0.1591556817293167;0.49286821484565735;0.7917489409446716;-0.1016460731625557;0.5088441640138626;0.5395781338214874;-0.03990046959370375;0.477129302918911;0.7263475060462952;0.09264736995100975;0.4873683750629425;0.7498182952404022;-0.10013012029230595;0.47891733050346375;0.9200741847356161;0.2321727822224299;0.47860076030095416;0.9472884933153788;0.025593106945355732;;sentandose;lado
2.7;0.4995424151420593;0.5561256408691406;-0.05478068068623543;0.45549213886260986;0.5810859203338623;0.10792696475982666;0.45949339866638184;0.6000509858131409;-0.16862797737121582;0.4223092496395111;0.6761098504066467;0.15191347897052765;0.42432162165641785;0.7018792033195496;-0.1741659790277481;0.4043298661708832;0.7373420000076294;0.09058236330747604;0.4034305810928345;0.7586668729782104;-0.09046374261379242;0.49056705832481384;0.7578266263008118;0.15403048694133759;0.49292823672294617;0.7913859486579895;-0.10301605612039566;0.5010219126939773;0.5378517925739288;-0.0389860475435853;0.4746875986456871;0.7300888746976852;0.07684690970927477;0.48543481528759;0.7489761859178543;-0.09455821849405766;0.4790458182493846;0.9204808672269186;0.2230620483557383;0.47759200135866803;0.9474306702613831;0.0026543326675891876;;sentandose;lado
2.73;0.4939838945865631;0.551301121711731;-0.05607375130057335;0.4496540129184723;0.5787315368652344;0.10720821470022202;0.4531530439853668;0.5979293584823608;-0.16893208026885986;0.4276881217956543;0.6765019297599792;0.14864251017570496;0.42075419425964355;0.7019289135932922;-0.17764750123023987;0.4031376242637634;0.7398723363876343;0.09027473628520966;0.4036150276660919;0.7606127262115479;-0.0901574194431305;0.48838791251182556;0.7606942653656006;0.15151607990264893;0.49290427565574646;0.7926126718521118;-0.10147897899150848;0.49498808681964873;0.5330531418323516;-0.040068505331873894;0.4724851921200752;0.7311177104711533;0.07072367053478956;0.4830651581287384;0.748023271560669;-0.10259471647441387;0.4780884285767873;0.9219131867090861;0.22097187240918478;0.4778055151303609;0.9480753342310587;0.0051600621663965285;;sentandose;lado
2.77;0.4887298345565796;0.5486062169075012;-0.05696872994303703;0.4445916712284088;0.5779684782028198;0.10676649957895279;0.4469206929206848;0.596575915813446;-0.17215114831924438;0.4287775456905365;0.6787723302841187;0.14568938314914703;0.41894859075546265;0.7023141980171204;-0.17842969298362732;0.4031594693660736;0.7403799891471863;0.09047771990299225;0.40238556265830994;0.7619577646255493;-0.0903608426451683;0.488450288772583;0.7561378479003906;0.13548702001571655;0.4926653206348419;0.789827287197113;-0.11296001821756363;0.4885781049728394;0.5302648723125458;-0.04119288194924593;0.4734678491950035;0.7303008884191513;0.06994901318103075;0.48231136053800583;0.7474589794874191;-0.11827947199344635;0.47810137271881104;0.921700100104014;0.19006888568401337;0.47789345184961957;0.9471865296363831;-0.004999393752465646;;sentandose;lado
2.8;0.47999221086502075;0.5463510751724243;-0.057946812361478806;0.4377670884132385;0.5767921805381775;0.106681689620018;0.44136321544647217;0.5944442749023438;-0.17284798622131348;0.43084391951560974;0.6795364022254944;0.1438649445772171;0.41612178087234497;0.7018619775772095;-0.1842823624610901;0.4026385247707367;0.7408729195594788;0.090706966817379;0.40184175968170166;0.7631117105484009;-0.09057340770959854;0.4882780611515045;0.757041335105896;0.1384667307138443;0.49245917797088623;0.789680540561676;-0.11351948976516724;0.47980222702026365;0.5271033883094788;-0.04200069084763527;0.4741872102022171;0.7270017266273499;0.06822282169014215;0.4812202528119087;0.7463578581809998;-0.12723836861550808;0.47844959298769635;0.9213940103848776;0.19764656821886697;0.47804003953933716;0.9467158118883768;0.0028686472214758396;;sentandose;lado
2.83;0.47336146235466003;0.5406209230422974;-0.06288472563028336;0.4320227801799774;0.5756000876426697;0.10359358042478561;0.435055673122406;0.5928747653961182;-0.17509107291698456;0.4310494065284729;0.6790450215339661;0.12825578451156616;0.41406768560409546;0.6995590329170227;-0.19182828068733215;0.40238523483276367;0.7450170516967773;0.0908687636256218;0.40204983949661255;0.7646819949150085;-0.0907403826713562;0.4883717894554138;0.7584088444709778;0.14290346205234528;0.49247807264328003;0.7892398238182068;-0.10386259108781815;0.47323651015758517;0.5215120911598206;-0.046829653158783915;0.47437983751296997;0.7284021973609924;0.03440858330577612;0.48047009855508804;0.7441888302564621;-0.13394304178655148;0.47874270876248676;0.9209552605946859;0.20833729207515717;0.47852758566538495;0.9465663234392802;0.012817256928731998;;sentandose;lado
2.87;0.4663902223110199;0.5341642498970032;-0.06288298964500427;0.4251915216445923;0.5747262835502625;0.10301905125379562;0.4292454123497009;0.5913545489311218;-0.17567364871501923;0.43021345138549805;0.6780250072479248;0.12194348871707916;0.4129234254360199;0.7010565400123596;-0.19218140840530396;0.4021838903427124;0.7482584714889526;0.09096405655145645;0.40248069167137146;0.7674387097358704;-0.09083931148052216;0.4885770082473755;0.7615859508514404;0.1453535407781601;0.49272170662879944;0.7896145582199097;-0.09220463037490845;0.4656165987253189;0.5138945579528809;-0.046875362284481525;0.4744565784931183;0.7275976538658142;0.0185177537441632;0.4798799306154251;0.7423554062843323;-0.134039843454957;0.47835896412531537;0.9207293391227722;0.21544164915879568;0.4795170823733012;0.9472271402676901;0.027441404139002163;;sentandose;lado
2.9;0.45818471908569336;0.5265527367591858;-0.06313847005367279;0.42049169540405273;0.5748663544654846;0.10050401836633682;0.42365285754203796;0.5909680724143982;-0.1756981909275055;0.4287475347518921;0.679711639881134;0.11476685851812363;0.41135045886039734;0.7030815482139587;-0.19039995968341827;0.40325620770454407;0.7486832737922668;0.09055145829916;0.40310928225517273;0.76820969581604;-0.09043069928884506;0.4899929463863373;0.7607392072677612;0.13833442330360413;0.493308961391449;0.7896340489387512;-0.09172967076301575;0.4574607878923416;0.5067071676254272;-0.04735951740294695;0.4733973443508148;0.725909024477005;0.0040942487539723516;0.47931788116693497;0.7364706844091415;-0.13234168104827404;0.47657986481984455;0.9202059904734293;0.2022776554028193;0.4786899785200755;0.9471909999847412;0.03146342560648918;;sentandose;lado
2.93;0.4537559151649475;0.5224921107292175;-0.06309586018323898;0.4154585599899292;0.5753094553947449;0.09815201908349991;0.41780513525009155;0.5890369415283203;-0.17461884021759033;0.426124632358551;0.6794326305389404;0.11622831225395203;0.4105561375617981;0.7046303153038025;-0.1877230405807495;0.40387654304504395;0.7485799789428711;0.08938701450824738;0.4034040868282318;0.7684175372123718;-0.08927306532859802;0.49036893248558044;0.7607900500297546;0.1362462192773819;0.49344295263290405;0.7885326743125916;-0.09054950624704361;0.45193972289562223;0.5019503176212311;-0.047358244843781;0.4723823145031929;0.7232934087514877;0.015153968764934689;0.4792739078402519;0.7310730665922165;-0.13063433580100536;0.47630836566289264;0.9192867080370585;0.20276291171709696;0.4781828721364339;0.9407075842221578;0.0432257242500782;;sentandose;lado
2.97;0.447285920381546;0.5186113119125366;-0.05104969069361687;0.4123961925506592;0.5760694146156311;0.09872101992368698;0.4137309491634369;0.5871257781982422;-0.15995760262012482;0.4209870994091034;0.6789897680282593;0.11860418319702148;0.4061999022960663;0.7034703493118286;-0.1653631329536438;0.40426337718963623;0.7472255229949951;0.08556300401687622;0.40318426489830017;0.7673221230506897;-0.08545148372650146;0.4903600513935089;0.7594159841537476;0.11504256725311279;0.4938525855541229;0.7858117818832397;-0.0888843983411789;0.4452082753181458;0.49829126000404356;-0.03641102146357298;0.46982482820749283;0.7120461612939835;0.037117769941687584;0.4734930098056793;0.7244798690080643;-0.1050001960247755;0.4754468500614166;0.9192062616348267;0.16191073258717856;0.4785388807455699;0.9400729338328043;0.0479595847427845;;sentandose;lado
3.0;0.4413619637489319;0.5179002285003662;-0.045132461935281754;0.4069587290287018;0.5756849646568298;0.10134871304035187;0.4107166826725006;0.5843687057495117;-0.15620337426662445;0.41862764954566956;0.6782211065292358;0.1207217201590538;0.40514034032821655;0.7025622725486755;-0.15759596228599548;0.40452489256858826;0.747458815574646;0.08507468551397324;0.40302982926368713;0.7664632797241211;-0.0849543958902359;0.4903992712497711;0.7526530623435974;0.10781867802143097;0.49482640624046326;0.7809038162231445;-0.08793600648641586;0.44028754234313966;0.49653850197792054;-0.030225613340735435;0.4675788879394531;0.7076456397771835;0.03617991367354989;0.471773624420166;0.7189385890960693;-0.08484206162393093;0.47538429498672485;0.9264249602953593;0.14890392621358237;0.4793149431546529;0.9393086234728495;0.04335400772591432;;sentandose;lado
3.03;0.4376761317253113;0.5166572332382202;-0.038772933185100555;0.4068257212638855;0.5755931735038757;0.10682956129312515;0.40760213136672974;0.5808913111686707;-0.1504247486591339;0.41288554668426514;0.6775756478309631;0.1310083121061325;0.4019889235496521;0.7018059492111206;-0.15263031423091888;0.4054303765296936;0.7471510767936707;0.08510276675224304;0.4031764566898346;0.7658815383911133;-0.0849689170718193;0.49039822816848755;0.7535746693611145;0.09831910580396652;0.49616125226020813;0.7750507593154907;-0.08809158205986023;0.4367717832326889;0.49551819264888763;-0.02384275293443352;0.4649756923317909;0.7026720494031906;0.05375869385898113;0.46584316343069077;0.7134159356355667;-0.08449852280318737;0.4752003848552704;0.9277870456377665;0.13509775201479593;0.48194360733032227;0.939609150091807;0.013953905940676728;;sentandose;lado
3.07;0.4344352185726166;0.5160555243492126;-0.03976535424590111;0.4045243263244629;0.5744408965110779;0.10685157775878906;0.403873473405838;0.5793585181236267;-0.15061670541763306;0.4098401367664337;0.6774784922599792;0.13387230038642883;0.39973241090774536;0.7013771533966064;-0.15670263767242432;0.4055146872997284;0.7464991807937622;0.0847807303071022;0.4018005132675171;0.7654300928115845;-0.08464447408914566;0.4888646900653839;0.765030026435852;0.09464401006698608;0.4963108003139496;0.7724202871322632;-0.0843147411942482;0.4331106275320053;0.49489783942699433;-0.02500338261015713;0.4621223285794258;0.7009211778640747;0.05640655569732189;0.4632667601108551;0.7120329886674881;-0.09491657838225365;0.47567354639371234;0.9325035413106283;0.1311265379190445;0.4819064239660899;0.9387941360473633;0.013534269761294127;;sentandose;lado
3.1;0.42977961897850037;0.5150862336158752;-0.041081566363573074;0.4025539755821228;0.5738216042518616;0.104654960334301;0.40040603280067444;0.5790157914161682;-0.15210525691509247;0.41019999980926514;0.6771419048309326;0.13402783870697021;0.39865049719810486;0.7010666728019714;-0.16084547340869904;0.4069893956184387;0.7459551095962524;0.08494709432125092;0.40175437927246094;0.7648060917854309;-0.0848187804222107;0.4888995587825775;0.7645267248153687;0.0996466651558876;0.49629443883895874;0.7722671627998352;-0.08951310068368912;0.428344139456749;0.4938914179801941;-0.026555506512522697;0.4632621705532074;0.703069880604744;0.057434817776083946;0.46200768649578094;0.712500661611557;-0.11425244063138962;0.4737161596616109;0.9320022861162821;0.14224135875701904;0.4821491738160451;0.9405906399091085;0.0001894816911468903;;sentandose;lado
3.13;0.4261051416397095;0.5129936337471008;-0.04373163729906082;0.3966682255268097;0.5725418925285339;0.10443057864904404;0.3982767164707184;0.5785531401634216;-0.16498878598213196;0.40711623430252075;0.677025556564331;0.13575536012649536;0.3977799415588379;0.7008617520332336;-0.17440995573997498;0.4069962501525879;0.7456898093223572;0.08829884231090546;0.4019445478916168;0.7644364833831787;-0.0882025808095932;0.48890092968940735;0.7630783319473267;0.10666196793317795;0.4964129328727722;0.7733939290046692;-0.09164844453334808;0.42469980716705324;0.4919045180082321;-0.029129558056592942;0.4619213491678238;0.7032396644353867;0.05609544552862644;0.46174972504377365;0.7131313234567642;-0.12473282217979431;0.4733055333296458;0.931669016679128;0.1553727090358734;0.48228923479715985;0.9434862931569418;0.003512655384838581;;sentandose;lado
3.17;0.4225428104400635;0.5130440592765808;-0.04594568535685539;0.3932884931564331;0.5716835260391235;0.10458314418792725;0.3958190381526947;0.5771903395652771;-0.16702385246753693;0.4078517556190491;0.6763412952423096;0.13827230036258698;0.3967503607273102;0.7005784511566162;-0.17692133784294128;0.4070124626159668;0.7454036474227905;0.08962203562259674;0.4020949900150299;0.7642676830291748;-0.08954222500324249;0.4887634217739105;0.763293445110321;0.10438715666532516;0.49660658836364746;0.773151695728302;-0.09793588519096375;0.420611298084259;0.4914188712835312;-0.03140747211873531;0.46195555478334427;0.7030714601278305;0.06042197998613119;0.46070917695760727;0.7134532034397125;-0.12725579366087914;0.47264565030733746;0.9316398104031881;0.15118966499964395;0.4823423425356547;0.9465474685033163;-0.01221663597971201;;sentandose;lado
3.2;0.4203944802284241;0.5123124718666077;-0.06411948800086975;0.39125990867614746;0.5707387924194336;0.08599188923835754;0.39382725954055786;0.5772982239723206;-0.17508192360401154;0.4047563076019287;0.673008382320404;0.12011586129665375;0.3952411711215973;0.7002602219581604;-0.18403619527816772;0.40707218647003174;0.7448196411132812;0.0894225686788559;0.4021943509578705;0.7642883062362671;-0.08934901654720306;0.4887738823890686;0.7620915174484253;0.1072733923792839;0.49660879373550415;0.7741320729255676;-0.09646528959274292;0.4175747364759445;0.4907593816518784;-0.05081787118688226;0.45874612778425217;0.7018992453813553;0.046943931840360165;0.4583261013031006;0.7142521888017654;-0.14062435552477837;0.4726485311985016;0.9293561577796936;0.15606768429279327;0.48103004693984985;0.9495255748430887;-0.0035005045356228948;;sentandose;lado
3.23;0.4177094101905823;0.5107247829437256;-0.0742955356836319;0.3900975286960602;0.5700039267539978;0.07995186746120453;0.39151856303215027;0.5773223638534546;-0.18286114931106567;0.40398359298706055;0.6707289814949036;0.11699940264225006;0.3939669132232666;0.6996654272079468;-0.19813962280750275;0.40732866525650024;0.7435324788093567;0.0895058736205101;0.40226975083351135;0.7641220092773438;-0.08943895995616913;0.4888361096382141;0.7597494721412659;0.11213602870702744;0.4965950846672058;0.7751075029373169;-0.09560411423444748;0.4143869191408157;0.4892511606216431;-0.061189888324588534;0.4582388326525688;0.7010279446840286;0.04450154397636652;0.45653456449508667;0.7148640751838684;-0.16940879449248314;0.47274066011110943;0.9247679313023885;0.17774125933647156;0.48037073016166687;0.9497411449750265;0.0010075225339581568;;sentandose;lado
3.27;0.4158207178115845;0.5093387961387634;-0.07063168287277222;0.38703662157058716;0.5695719122886658;0.08403492718935013;0.39000269770622253;0.5772503018379211;-0.18087223172187805;0.4013318717479706;0.6704504489898682;0.11962349712848663;0.3934563398361206;0.6987497806549072;-0.19299612939357758;0.4072642922401428;0.7434700131416321;0.0897616446018219;0.4025513529777527;0.7638050317764282;-0.08970216661691666;0.4877801835536957;0.7610245943069458;0.1258537769317627;0.4962915778160095;0.7751423120498657;-0.09381505101919174;0.41190761923789976;0.48822047710418703;-0.05718608610332012;0.45354173332452774;0.6992630660533905;0.04800756275653839;0.4556554779410362;0.7142882794141769;-0.15191496536135674;0.4728681445121765;0.9243432482083639;0.20008190969626108;0.48034454385439557;0.9486395319302877;0.0022583920508623123;;sentandose;lado
3.3;0.41416114568710327;0.5076141953468323;-0.07311424612998962;0.38745546340942383;0.5694552659988403;0.08387182652950287;0.3872966468334198;0.5770670175552368;-0.1816205233335495;0.4017985761165619;0.6690671443939209;0.11736802011728287;0.3934440612792969;0.6981815099716187;-0.19161701202392578;0.40726396441459656;0.7434425354003906;0.0897623673081398;0.40256085991859436;0.7634758353233337;-0.0897035002708435;0.48723191022872925;0.7626920938491821;0.13329796493053436;0.4962214231491089;0.7736625075340271;-0.09179119765758514;0.4096400558948517;0.48712064921855924;-0.0595441829515039;0.4536758065223694;0.6993136554956436;0.044317739084362984;0.45604485273361206;0.7136942446231842;-0.14613546431064606;0.4724002281824748;0.9234756032625834;0.21134822567303976;0.480318546295166;0.9467209974924723;0.007783352397382259;;sentandose;lado
3.33;0.4120098054409027;0.5064073801040649;-0.07002607733011246;0.3855753242969513;0.5693238973617554;0.08637771010398865;0.38685524463653564;0.5765570998191833;-0.18039797246456146;0.40019625425338745;0.669049859046936;0.11902094632387161;0.39363622665405273;0.697404146194458;-0.18962140381336212;0.40708720684051514;0.7436550855636597;0.09016995877027512;0.4027961790561676;0.7632349133491516;-0.09011680632829666;0.48655885457992554;0.766364336013794;0.1340797245502472;0.49625125527381897;0.772847056388855;-0.09178587794303894;0.4074070602655411;0.48624248504638673;-0.05618148189969361;0.4519250690937042;0.6994063854217529;0.045716490130871534;0.45535894483327866;0.713556095957756;-0.14461451396346092;0.4716864923636119;0.9234873453776041;0.21119917432467142;0.4803378979365031;0.946692685286204;0.012996084988117218;;sentandose;lado
3.37;0.4105617105960846;0.5057200789451599;-0.06967439502477646;0.38471710681915283;0.5692949295043945;0.08767496049404144;0.3862101137638092;0.5765994787216187;-0.18138988316059113;0.4000074565410614;0.6691148281097412;0.11803454905748367;0.3938286304473877;0.6973505616188049;-0.18856510519981384;0.40710118412971497;0.7436263561248779;0.09090249240398407;0.4031219184398651;0.763081967830658;-0.09084975719451904;0.48658832907676697;0.7679170370101929;0.13209612667560577;0.4964037239551544;0.7724360227584839;-0.09391042590141296;0.40595909357070925;0.4856564164161682;-0.055664411187171935;0.44995561242103577;0.6998506337404251;0.04310753056779504;0.45396672934293747;0.7139318287372589;-0.13265353627502918;0.47110597292582196;0.9236977299054464;0.20701501766840616;0.48039373755455017;0.9468909899393717;0.012917526997625828;;sentandose;lado
3.4;0.4094768762588501;0.5053236484527588;-0.06932263821363449;0.3841845393180847;0.5692945122718811;0.08828534930944443;0.3855109214782715;0.5766363739967346;-0.1829526275396347;0.39987263083457947;0.6691659688949585;0.11705143749713898;0.39411237835884094;0.6973153352737427;-0.18887165188789368;0.407266765832901;0.7436134815216064;0.09166393429040909;0.4033365547657013;0.7630385756492615;-0.09160827845335007;0.4873912036418915;0.7675892114639282;0.12989605963230133;0.4963974058628082;0.7718087434768677;-0.09638737142086029;0.4049143582582474;0.48535263240337373;-0.055141495727002623;0.44915052503347397;0.7009600400924683;0.04023797996342182;0.4542015343904495;0.714240625500679;-0.12939633429050446;0.4709659814834595;0.9235126972198486;0.20255301396052042;0.48041202624638873;0.947038729985555;0.011373952846042812;;sentandose;lado
3.43;0.40833261609077454;0.5054096579551697;-0.06892325729131699;0.3843729496002197;0.5693821310997009;0.08900265395641327;0.3838185667991638;0.5767417550086975;-0.1845312863588333;0.40052348375320435;0.6692042946815491;0.11793851107358932;0.39447686076164246;0.6973675489425659;-0.19074636697769165;0.40748995542526245;0.7435863614082336;0.09223980456590652;0.40334877371788025;0.7629803419113159;-0.09217529743909836;0.4881138205528259;0.7672950625419617;0.12110691517591476;0.4963781237602234;0.7710081338882446;-0.09957726299762726;0.4037140041589737;0.4854184865951538;-0.05464598839171231;0.4495765417814255;0.7028993964195251;0.04102924931794405;0.45486801117658615;0.7145946025848389;-0.12972013466060162;0.47103212277094525;0.9237207770347595;0.18848106761773428;0.48030651609102887;0.9473690787951151;0.004010362240175406;;sentandose;lado
3.47;0.4071008265018463;0.505605161190033;-0.07159045338630676;0.38376665115356445;0.569442093372345;0.08879194408655167;0.38354453444480896;0.5767777562141418;-0.18854175508022308;0.4009813964366913;0.6692438125610352;0.11746778339147568;0.39457613229751587;0.6973476409912109;-0.19716617465019226;0.40753722190856934;0.7435657382011414;0.09256717562675476;0.4033859670162201;0.76296466588974;-0.09250322729349136;0.48873797059059143;0.7671311497688293;0.11992037296295166;0.4963739514350891;0.7708866596221924;-0.10089675337076187;0.40257029235363007;0.4855567455291748;-0.0571115572238341;0.4502505883574486;0.7043275982141495;0.04147865856066346;0.45533136278390884;0.7149297893047333;-0.1386353000998497;0.47099759181340534;0.9238575100898743;0.18837977945804596;0.48000388344128925;0.9474481542905172;0.0006088887651761373;;sentandose;lado
3.5;0.4062785506248474;0.5058165788650513;-0.07541592419147491;0.3833312392234802;0.569464921951294;0.08640938997268677;0.38279086351394653;0.5769302845001221;-0.1931982934474945;0.40127766132354736;0.6692740321159363;0.1154937669634819;0.39465612173080444;0.6973459124565125;-0.20323915779590607;0.40802380442619324;0.7432870268821716;0.0927223414182663;0.4034748077392578;0.7629113793373108;-0.0926596075296402;0.48997795581817627;0.7655729651451111;0.11960569769144058;0.4963742792606354;0.7708913087844849;-0.1024051234126091;0.40182374119758607;0.485731714963913;-0.06082043485803297;0.45070551335811615;0.705061599612236;0.040273838210850954;0.4556072801351547;0.7153276056051254;-0.14754916727542877;0.47107137242952984;0.9235411286354065;0.18925844132900238;0.47902559240659076;0.946027676264445;0.0014899557766815026;;sentandose;lado
3.53;0.4056661128997803;0.5057111978530884;-0.0759725496172905;0.3826861083507538;0.5694782733917236;0.08515369892120361;0.3823024034500122;0.577121376991272;-0.19243627786636353;0.40037965774536133;0.6692883372306824;0.11280838400125504;0.39485180377960205;0.6974102258682251;-0.20209623873233795;0.408332884311676;0.7432655692100525;0.09264744818210602;0.40369999408721924;0.7628739476203918;-0.09258395433425903;0.4905749559402466;0.7649560570716858;0.11830809712409973;0.49659985303878784;0.7704436182975769;-0.10173425823450089;0.40094260275363924;0.48576278388500216;-0.06131836609856691;0.4502941220998764;0.7065362185239792;0.03643753379583359;0.4558184817433357;0.7154226154088974;-0.14534400030970573;0.47112266222635907;0.9233879248301188;0.18771223227183023;0.4791904091835022;0.9447725812594095;0.010082651628181338;;sentandose;lado
3.57;0.40510717034339905;0.5057085752487183;-0.0765741840004921;0.3821900188922882;0.5694855451583862;0.08534131199121475;0.3818819522857666;0.5771356225013733;-0.1931731402873993;0.39942166209220886;0.6705805659294128;0.11052007228136063;0.3949615955352783;0.6973999738693237;-0.20304830372333527;0.408407062292099;0.7433109283447266;0.09281674027442932;0.4040783941745758;0.7628009915351868;-0.09275241196155548;0.4905370771884918;0.7650167346000671;0.11866752803325653;0.49674057960510254;0.7698189616203308;-0.10103611648082733;0.4004094392061234;0.48582638502120973;-0.061797306410153394;0.4480274096131325;0.7087936103343964;0.032709105871617794;0.4559658169746399;0.7155622392892838;-0.14461828768253326;0.47065384189287823;0.9241353670756022;0.18805173536141714;0.47928736607233685;0.9446296294530233;0.009845462394878268;;sentandose;lado
3.6;0.40455836057662964;0.5057319402694702;-0.07546817511320114;0.3814462125301361;0.56951504945755;0.08552924543619156;0.3817983567714691;0.577170729637146;-0.19183824956417084;0.3977399170398712;0.670593798160553;0.11135677248239517;0.3948763310909271;0.6973528265953064;-0.2015303075313568;0.4084242284297943;0.7433499097824097;0.09299463778734207;0.40456387400627136;0.7625779509544373;-0.09292782843112946;0.4904893934726715;0.7650695443153381;0.1171569675207138;0.496849000453949;0.7696956992149353;-0.10054964572191238;0.40001396238803866;0.4858355849981308;-0.060982764640721145;0.4460059106349945;0.710052877664566;0.03406666172668338;0.45575100928545;0.7157296985387802;-0.143849678337574;0.47049275040626526;0.9244978427886963;0.18575661381085715;0.47932159900665283;0.9443594018618265;0.006618822691962123;;sentandose;lado
3.63;0.40408554673194885;0.5056914687156677;-0.07647532224655151;0.38081929087638855;0.5697037577629089;0.08507584035396576;0.38170740008354187;0.5772168040275574;-0.1928626149892807;0.39696189761161804;0.6711762547492981;0.10844988375902176;0.39476069808006287;0.6973153352737427;-0.20202721655368805;0.4084101617336273;0.7435320019721985;0.09300601482391357;0.4049760699272156;0.7624614238739014;-0.09293922036886215;0.48925405740737915;0.7654744386672974;0.12063056975603104;0.4968588054180145;0.7695274949073792;-0.09773553162813187;0.39949322640895846;0.4857860833406448;-0.061775163491256536;0.44450072944164276;0.7102884203195572;0.029440808575600386;0.45563018321990967;0.715628057718277;-0.14291410520672798;0.4704328676064809;0.924686054388682;0.19367787738641104;0.47938645879427594;0.9435702363650004;0.011067907170703014;;sentandose;lado
3.67;0.4037626087665558;0.5055382251739502;-0.0777074545621872;0.38025230169296265;0.569807767868042;0.08334661275148392;0.38153839111328125;0.5773668885231018;-0.19342772662639618;0.39699602127075195;0.6714053750038147;0.10643348097801208;0.39471435546875;0.6973066329956055;-0.20205608010292053;0.4083557724952698;0.7436599135398865;0.0929231345653534;0.4053277373313904;0.7623916268348694;-0.09285560995340347;0.4884934723377228;0.7658392786979675;0.12446363270282745;0.4968869686126709;0.7694999575614929;-0.0957002341747284;0.3990728914737701;0.48570515513420104;-0.06302782050333917;0.444856196641922;0.7102058976888657;0.028430979466065764;0.4556555226445198;0.7154052257537842;-0.14231712371110916;0.4705448051293691;0.9246472716331482;0.20083534717559814;0.479867289463679;0.9430761337280273;0.013919171877205372;;sentandose;lado
3.7;0.40341031551361084;0.5054328441619873;-0.07741729170084;0.3796060085296631;0.5699875950813293;0.0835699513554573;0.38132739067077637;0.577540397644043;-0.1928335726261139;0.39698439836502075;0.6715017557144165;0.10787297785282135;0.3947218060493469;0.6972998380661011;-0.20129477977752686;0.40823590755462646;0.7437404990196228;0.09285934269428253;0.40555065870285034;0.7623435258865356;-0.09279137849807739;0.4878202974796295;0.7658647894859314;0.1250983327627182;0.4969797730445862;0.7691186666488647;-0.09515086561441422;0.39868772625923155;0.4856863260269165;-0.06245839783223346;0.44464269280433655;0.7101247608661652;0.03016553958877921;0.4556068778038025;0.7153766602277756;-0.1383911333978176;0.47069206833839417;0.9245770374933878;0.2011305789152781;0.4800455868244171;0.942593495051066;0.014264483625690142;;sentandose;lado
3.73;0.4030660092830658;0.5054245591163635;-0.07595664262771606;0.37934422492980957;0.5700312852859497;0.08437971025705338;0.38105520606040955;0.577644944190979;-0.19217386841773987;0.39670366048812866;0.6715126037597656;0.10867255926132202;0.3947526812553406;0.6972203850746155;-0.20081689953804016;0.40805280208587646;0.7438594102859497;0.0927375853061676;0.4056861400604248;0.7622374296188354;-0.0926688089966774;0.48753228783607483;0.7655973434448242;0.12660206854343414;0.49698108434677124;0.7686554789543152;-0.0941050574183464;0.398406845331192;0.4857275187969208;-0.0609502662322484;0.4434458687901497;0.7101815938949585;0.031146912835538387;0.45534320920705795;0.7155049294233322;-0.13763859122991562;0.4705512424310048;0.9244870146115621;0.204627255598704;0.48014283180236816;0.9421855807304382;0.014195925245682398;;sentandose;lado
3.77;0.4029180407524109;0.5053350329399109;-0.07388947904109955;0.37883010506629944;0.5700450539588928;0.08527921140193939;0.3811623156070709;0.5776879191398621;-0.19027253985404968;0.3959122896194458;0.6715171933174133;0.10907839238643646;0.3949054181575775;0.69703209400177;-0.1986248940229416;0.40782976150512695;0.7443934082984924;0.09249033778905869;0.4061300456523895;0.7619746327400208;-0.09242022037506104;0.4863201975822449;0.7660266757011414;0.1268804669380188;0.4969612956047058;0.7684772610664368;-0.09253077208995819;0.39825616478919984;0.4857113242149353;-0.05878339713672176;0.44266676157712936;0.7117173373699188;0.03170713176950812;0.4552731215953827;0.7156298756599426;-0.13502083346247673;0.46970583995183307;0.9246992468833923;0.20560247202714285;0.4798089861869812;0.9412833650906881;0.019496442439655464;;sentandose;lado
3.8;0.40285220742225647;0.5051187872886658;-0.07065693289041519;0.37808430194854736;0.5700605511665344;0.0872492641210556;0.38133254647254944;0.5777086615562439;-0.18817612528800964;0.39203405380249023;0.67091304063797;0.1092967540025711;0.3952103853225708;0.6966426372528076;-0.19504687190055847;0.4075455963611603;0.7447006702423096;0.09243537485599518;0.406518816947937;0.7618262767791748;-0.09236399829387665;0.48547452688217163;0.7660199999809265;0.1290426105260849;0.4967958927154541;0.7684898376464844;-0.09129516035318375;0.39819633066654203;0.48561539351940153;-0.05549001870676875;0.4391007721424103;0.7135303467512131;0.03210598137229681;0.45526260137557983;0.7157008349895477;-0.12840635143220425;0.4697224001089732;0.9234334826469421;0.211014394958814;0.4795795977115631;0.9401249885559082;0.020197791357835133;;sentandose;lado
3.83;0.4026629626750946;0.5051279664039612;-0.06965230405330658;0.3776804506778717;0.5700771808624268;0.0875232070684433;0.3814527094364166;0.5777848958969116;-0.18683269619941711;0.390825480222702;0.6704998016357422;0.10951095074415207;0.39540207386016846;0.696463942527771;-0.19363614916801453;0.4073823392391205;0.7448367476463318;0.09227459132671356;0.406789094209671;0.7618204951286316;-0.09220258891582489;0.4855795204639435;0.7648889422416687;0.13215404748916626;0.4967087209224701;0.7686553597450256;-0.09082641452550888;0.3981402516365051;0.4856265366077423;-0.05465169916860759;0.43825558573007584;0.713759183883667;0.03235833486542106;0.45524340867996216;0.7157055288553238;-0.12831013835966587;0.46945321559906006;0.9220346212387085;0.2169201523065567;0.47960830728212994;0.9394940137863159;0.021045328738788765;;sentandose;lado
3.87;0.4024992287158966;0.5052240490913391;-0.069582998752594;0.3773091435432434;0.5700951814651489;0.08753985911607742;0.3815253973007202;0.5778030157089233;-0.18668679893016815;0.38991203904151917;0.6703380346298218;0.10921299457550049;0.3955199420452118;0.6961842775344849;-0.19346725940704346;0.40724021196365356;0.7451992630958557;0.09221857041120529;0.40707674622535706;0.7618139386177063;-0.09214652329683304;0.48566266894340515;0.7640207409858704;0.13417275249958038;0.4966112971305847;0.768737256526947;-0.0900408923625946;0.3981370687484741;0.48570007979869845;-0.054651252506300804;0.4368099197745323;0.7143513709306717;0.03226032806560397;0.45520568639039993;0.715714305639267;-0.12805622071027756;0.4696250359217326;0.9210827350616455;0.2207599381605784;0.4797089099884033;0.9390167196591696;0.022433185949921608;;sentandose;
3.9;0.4024440050125122;0.5052924752235413;-0.06969206780195236;0.37724030017852783;0.5701044201850891;0.0875340923666954;0.3815721571445465;0.5778149366378784;-0.1867084503173828;0.39021942019462585;0.6714194416999817;0.10754356533288956;0.39569365978240967;0.6958621740341187;-0.19335313141345978;0.40716153383255005;0.7454129457473755;0.09216853231191635;0.4071572422981262;0.7618924975395203;-0.09209789335727692;0.4857316315174103;0.7620214819908142;0.13548508286476135;0.4965217113494873;0.7688987255096436;-0.08850759267807007;0.39816550612449647;0.48579075634479524;-0.05477973772212863;0.435635469853878;0.715641587972641;0.029246783815324306;0.45519576221704483;0.7157164067029953;-0.12663521245121956;0.46984461943308514;0.9196243286132812;0.22299134731292725;0.4797666867574056;0.9381457169850668;0.027167359987894695;;sentandose;
3.93;0.40243828296661377;0.5053093433380127;-0.06971068680286407;0.3772946000099182;0.5701103210449219;0.0870690867304802;0.3815572261810303;0.577885091304779;-0.18668748438358307;0.39046236872673035;0.6718719005584717;0.10676838457584381;0.39580172300338745;0.6957070827484131;-0.19329766929149628;0.4071613550186157;0.7454437017440796;0.09187468886375427;0.4071432054042816;0.7619983553886414;-0.09180310368537903;0.4857642352581024;0.7619879245758057;0.1338397115468979;0.49641042947769165;0.7690268754959106;-0.08782828599214554;0.39823860824108126;0.48582065403461455;-0.05485652964562178;0.436075896024704;0.7162134945392609;0.02933061821386218;0.45520545542240143;0.7157375067472458;-0.12711621448397636;0.46989040573438007;0.9194466869036356;0.2219275881846746;0.4797191619873047;0.9376605351765951;0.028096899390220642;;sentandose;
3.97;0.4025014340877533;0.5053185224533081;-0.06948255747556686;0.3772341310977936;0.5701084733009338;0.08720418810844421;0.38157564401626587;0.577902615070343;-0.18654093146324158;0.39005017280578613;0.6715023517608643;0.10698755830526352;0.39582252502441406;0.6954677700996399;-0.19339613616466522;0.40710970759391785;0.7454436421394348;0.09178616106510162;0.4071318805217743;0.76198810338974;-0.09171190857887268;0.48551470041275024;0.7620367407798767;0.12851354479789734;0.4962882697582245;0.7691389322280884;-0.0883064791560173;0.398319673538208;0.4858264267444611;-0.054607342928647995;0.43592242896556854;0.7162125110626221;0.032058512326329947;0.4551473706960678;0.7157404571771622;-0.12748625688254833;0.46964232126871747;0.9195618430773417;0.21001404523849487;0.4794805943965912;0.9377777179082235;0.026748100916544598;;sentandose;
4.0;0.4025436043739319;0.5053120255470276;-0.06758030503988266;0.37697833776474;0.5701063871383667;0.08863101154565811;0.3816724419593811;0.5776959657669067;-0.18555283546447754;0.3873380720615387;0.6714379787445068;0.10969933122396469;0.395830899477005;0.6951062679290771;-0.1933831125497818;0.4068942070007324;0.7454872131347656;0.0917828381061554;0.407131552696228;0.7619308829307556;-0.09170815348625183;0.4850063920021057;0.7623472809791565;0.12617868185043335;0.4961667060852051;0.7694782614707947;-0.08861026167869568;0.3983737528324127;0.4858051210641861;-0.052580607449635865;0.43361910432577133;0.7162335366010666;0.03771951934322715;0.45509473979473114;0.7157111763954163;-0.12789574265480042;0.4695070783297221;0.9196509122848511;0.20516287287076315;0.47928497195243835;0.9378117124239603;0.024529306838909786;;sentandose;
4.03;0.402584046125412;0.5053179860115051;-0.06387265026569366;0.3768071234226227;0.5700022578239441;0.09080228209495544;0.381828248500824;0.5771347880363464;-0.18445707857608795;0.3858717083930969;0.670662522315979;0.1117464154958725;0.3960162103176117;0.6946025490760803;-0.19299140572547913;0.40677088499069214;0.7453439831733704;0.0917782336473465;0.4070707857608795;0.7614994049072266;-0.09170378744602203;0.4846500754356384;0.7623723745346069;0.12135019153356552;0.4960656762123108;0.7693948149681091;-0.08881259709596634;0.3984235912561417;0.4857923090457916;-0.04861106518656015;0.4317951276898384;0.7165146470069885;0.041661699302494526;0.455111488699913;0.7158051580190659;-0.12692436017096043;0.46885839104652405;0.9195890227953593;0.19548625747362772;0.4785856505235036;0.93729700644811;0.021705941607554752;;sentandose;
