segundo;landmark_10_x;landmark_10_y;landmark_10_z;landmark_11_x;landmark_11_y;landmark_11_z;landmark_12_x;landmark_12_y;landmark_12_z;landmark_13_x;landmark_13_y;landmark_13_z;landmark_14_x;landmark_14_y;landmark_14_z;landmark_23_x;landmark_23_y;landmark_23_z;landmark_24_x;landmark_24_y;landmark_24_z;landmark_25_x;landmark_25_y;landmark_25_z;landmark_26_x;landmark_26_y;landmark_26_z;cara_prom_x;cara_prom_y;cara_prom_z;mano_izquierda_prom_x;mano_izquierda_prom_y;mano_izquierda_prom_z;mano_derecha_prom_x;mano_derecha_prom_y;mano_derecha_prom_z;pie_izquierdo_prom_x;pie_izquierdo_prom_y;pie_izquierdo_prom_z;pie_derecho_prom_x;pie_derecho_prom_y;pie_derecho_prom_z;Etiqueta;Vista
0.03;0.4909219443798065;0.2817659080028534;-0.10749705880880356;0.472124308347702;0.3293708562850952;0.06542746722698212;0.46511125564575195;0.32175377011299133;-0.21404284238815308;0.47675856947898865;0.4342225193977356;0.09085240215063095;0.4640001356601715;0.4325605034828186;-0.252866268157959;0.47157490253448486;0.5103395581245422;0.08903390914201736;0.4711308479309082;0.5115609765052795;-0.08906771242618561;0.47458788752555847;0.6525394916534424;0.12886343896389008;0.476921409368515;0.6581984162330627;-0.04958298057317734;0.49015911519527433;0.2606965363025665;-0.09610008969902992;0.48455046862363815;0.53729148209095;0.029851591680198908;0.48640280216932297;0.5517574697732925;-0.2532009668648243;0.4776416023572286;0.7976576685905457;0.19866415858268738;0.48221756021181744;0.8181988000869751;-0.005985793968041738;vertical ;lado
0.07;0.4911181628704071;0.2810693681240082;-0.09874659031629562;0.47246262431144714;0.3312886953353882;0.06879463791847229;0.4659649431705475;0.32570818066596985;-0.20070189237594604;0.47393620014190674;0.43687692284584045;0.09085237979888916;0.46448880434036255;0.437566876411438;-0.2334524244070053;0.4713812470436096;0.5120173096656799;0.08790583908557892;0.4711220860481262;0.5133385062217712;-0.0879422128200531;0.47514358162879944;0.652560830116272;0.12206665426492691;0.47692251205444336;0.6578882336616516;-0.049534160643815994;0.48990210592746736;0.26021488606929777;-0.08701605424284935;0.48257458209991455;0.5374846458435059;0.02615290111862123;0.4860966056585312;0.5514955073595047;-0.2328634411096573;0.47915007670720416;0.7977872888247172;0.17834393680095673;0.4819046159585317;0.8161475857098898;-0.007971765163044134;vertical ;lado
0.1;0.4913446307182312;0.2807365357875824;-0.0960746705532074;0.4726221263408661;0.33211109042167664;0.07087235897779465;0.4664590358734131;0.32728803157806396;-0.19807961583137512;0.4722764492034912;0.4384322464466095;0.09119529277086258;0.4648466408252716;0.4396224021911621;-0.23092129826545715;0.47121936082839966;0.5130968689918518;0.08758905529975891;0.4711327850818634;0.5143147706985474;-0.0876331627368927;0.47534871101379395;0.6528944373130798;0.12056830525398254;0.47690409421920776;0.6578778624534607;-0.04948282986879349;0.4898501098155975;0.26006359457969663;-0.0842910723760724;0.4812696725130081;0.5380550026893616;0.026022672886028886;0.4858449846506119;0.5513831973075867;-0.23332533240318298;0.47939685980478924;0.7985348105430603;0.17617027461528778;0.4814613064130147;0.8152807354927063;-0.007832466624677181;vertical ;lado
0.13;0.4914133548736572;0.28085121512413025;-0.09207507222890854;0.47261953353881836;0.33272531628608704;0.07186364382505417;0.46687859296798706;0.3283653259277344;-0.1925659477710724;0.47155192494392395;0.4396584928035736;0.08979629725217819;0.4651683568954468;0.4410897195339203;-0.2248941957950592;0.4709961712360382;0.5150095224380493;0.08627615123987198;0.4712112843990326;0.5159052014350891;-0.08632352203130722;0.4754859209060669;0.6533376574516296;0.12091381847858429;0.4769064784049988;0.6578754186630249;-0.04612995684146881;0.48981721699237823;0.2601767748594284;-0.0801101230084896;0.48119761794805527;0.5388876050710678;0.022312152897939086;0.48576655238866806;0.5515254735946655;-0.22407254949212074;0.47976969679196674;0.7986171245574951;0.17793568968772888;0.4812958637873332;0.8139050801595052;-0.000855970506866773;vertical ;lado
0.17;0.4917055070400238;0.2805323898792267;-0.09431088715791702;0.47250187397003174;0.3329496383666992;0.0714622512459755;0.4671696722507477;0.32902762293815613;-0.19630666077136993;0.4715786278247833;0.44029462337493896;0.0887470692396164;0.46542659401893616;0.44248443841934204;-0.22854845225811005;0.4707808196544647;0.5166855454444885;0.08606157451868057;0.47125157713890076;0.5171896815299988;-0.08611571788787842;0.4755610227584839;0.6540171504020691;0.12545491755008698;0.4768127202987671;0.657927930355072;-0.038749296218156815;0.4898289918899536;0.25972369611263274;-0.08234409801661968;0.4812881425023079;0.5388593822717667;0.01827290130313486;0.4857010692358017;0.5519090890884399;-0.22559970617294312;0.4798628290494283;0.7986433704694113;0.18818090359369913;0.48092187444369;0.8127087553342184;0.01635506997505824;vertical ;lado
0.2;0.49212390184402466;0.28024759888648987;-0.09375295788049698;0.47257739305496216;0.3329804539680481;0.07173027098178864;0.4674254059791565;0.3290584981441498;-0.19627444446086884;0.4717120826244354;0.4402279257774353;0.08847258239984512;0.4656904935836792;0.44248291850090027;-0.22842782735824585;0.47078830003738403;0.5168123841285706;0.08585653454065323;0.4712328612804413;0.5172555446624756;-0.08591403067111969;0.475827693939209;0.6540021896362305;0.12533167004585266;0.47663649916648865;0.6577470302581787;-0.039589982479810715;0.48986328542232516;0.2594502329826355;-0.0816723419353366;0.4812719151377678;0.538854330778122;0.019135354785248637;0.48567045480012894;0.5520230680704117;-0.22626224160194397;0.48024824261665344;0.7986587285995483;0.18799038728078207;0.480825275182724;0.8122583627700806;0.012259731690088907;vertical ;lado
0.23;0.4922929108142853;0.2801487147808075;-0.09479730576276779;0.472921758890152;0.33347079157829285;0.07158303260803223;0.46750205755233765;0.3292140066623688;-0.1978418380022049;0.471870481967926;0.44019386172294617;0.08854224532842636;0.4658944010734558;0.4421597421169281;-0.2307087630033493;0.4707929193973541;0.5174529552459717;0.08590260148048401;0.4711945056915283;0.5175273418426514;-0.0859600380063057;0.4761052429676056;0.6542105078697205;0.12543535232543945;0.4764446020126343;0.6576892733573914;-0.039525292813777924;0.4898604929447174;0.25920807123184203;-0.08275710437446833;0.48132818937301636;0.5390068292617798;0.019904204178601503;0.485653318464756;0.552124634385109;-0.22894316539168358;0.4806361297766368;0.7989042202631632;0.18821593622366586;0.48075981934865314;0.8120102286338806;0.013676783069968224;vertical ;lado
0.27;0.49243810772895813;0.28005900979042053;-0.09509564191102982;0.47330546379089355;0.3338203728199005;0.07208168506622314;0.46748438477516174;0.32916060090065;-0.198586568236351;0.47194331884384155;0.4401540458202362;0.08948937803506851;0.46600040793418884;0.44210681319236755;-0.23202253878116608;0.4709227979183197;0.517372190952301;0.08606525510549545;0.4711976945400238;0.5174292922019958;-0.086125448346138;0.4762134850025177;0.6542907357215881;0.12487024813890457;0.47640281915664673;0.6571828722953796;-0.03993721306324005;0.48984129428863527;0.25903861224651337;-0.08296340312808752;0.482484869658947;0.539042130112648;0.022439430933445692;0.48606933653354645;0.5520589202642441;-0.22960880398750305;0.48106272021929425;0.7992761532465616;0.18524585664272308;0.4807330171267192;0.8118816018104553;0.011159586409727732;vertical ;lado
0.3;0.49256452918052673;0.27949830889701843;-0.09328650683164597;0.4734540283679962;0.3339775800704956;0.07424689829349518;0.46746930480003357;0.3290972113609314;-0.19874905049800873;0.4720253348350525;0.4400724768638611;0.09058849513530731;0.4661606252193451;0.44151571393013;-0.23176254332065582;0.47106581926345825;0.5175970196723938;0.08609756082296371;0.4712802469730377;0.5176219344139099;-0.08615729212760925;0.4763375520706177;0.6552170515060425;0.1250917911529541;0.4763960838317871;0.6575058698654175;-0.040168389678001404;0.48981101512908937;0.25833687782287595;-0.08097314834594727;0.4834894388914108;0.5390418320894241;0.022617105394601822;0.48676640540361404;0.5516015738248825;-0.22801277786493301;0.48145240545272827;0.7994879881540934;0.18561933934688568;0.48082298040390015;0.811707059542338;0.012190252542495728;vertical ;lado
0.33;0.4926106333732605;0.27919453382492065;-0.09335958957672119;0.47346940636634827;0.3341178297996521;0.07456549257040024;0.46745678782463074;0.3290301263332367;-0.1991610825061798;0.4721203148365021;0.4401776194572449;0.09082242101430893;0.46628767251968384;0.4414142072200775;-0.23222054541110992;0.47106897830963135;0.5182849168777466;0.08618577569723129;0.4713505804538727;0.5180423855781555;-0.08624529093503952;0.4763334393501282;0.6557537913322449;0.12539339065551758;0.47638246417045593;0.6577418446540833;-0.04065079614520073;0.48978754281997683;0.25795150399208067;-0.08108166698366404;0.4848919212818146;0.5392400771379471;0.022914529545232654;0.48776327818632126;0.551362544298172;-0.22907596826553345;0.4816316068172455;0.7997777660687765;0.1860653112332026;0.4809146821498871;0.811951756477356;0.011230149616797766;vertical ;lado
0.37;0.49271026253700256;0.2790224850177765;-0.09275686740875244;0.473428875207901;0.33410388231277466;0.07595334202051163;0.4675884246826172;0.32897767424583435;-0.19942432641983032;0.47216394543647766;0.4401644170284271;0.0916486382484436;0.4665257930755615;0.4413882791996002;-0.23250682651996613;0.4710434675216675;0.5185273289680481;0.08666914701461792;0.47154155373573303;0.5181373953819275;-0.08673018217086792;0.47627201676368713;0.6558313369750977;0.1255396008491516;0.4763965308666229;0.6577433943748474;-0.04122885689139366;0.4898001492023468;0.2578736960887909;-0.08046171087771654;0.485781654715538;0.5392508208751678;0.024835627293214202;0.48941656947135925;0.5509915947914124;-0.22946543619036674;0.4817253152529399;0.799943725268046;0.18632090091705322;0.4810805420080821;0.812156061331431;0.010743127514918646;vertical ;lado
0.4;0.49284234642982483;0.2789513170719147;-0.09237190335988998;0.47339263558387756;0.3340913653373718;0.07725740224123001;0.46778157353401184;0.3289341628551483;-0.19956256449222565;0.47219687700271606;0.4400879442691803;0.09268222004175186;0.46668463945388794;0.44107386469841003;-0.2327599674463272;0.47104400396347046;0.5188292860984802;0.08718343079090118;0.4717426598072052;0.5182113647460938;-0.08724229782819748;0.47622188925743103;0.6559518575668335;0.12637443840503693;0.4764837324619293;0.6577349305152893;-0.04142751917243004;0.48983539640903473;0.2578366190195084;-0.08003593198955058;0.48687121272087097;0.5389699041843414;0.025561978109180927;0.491115927696228;0.5499724447727203;-0.22963090613484383;0.48178960879643756;0.8003213206926981;0.18834705154101053;0.4812104105949402;0.812281330426534;0.010080117111404737;vertical ;lado
0.43;0.4932860732078552;0.2786695659160614;-0.09271072596311569;0.47338974475860596;0.3340786397457123;0.07723457366228104;0.46794331073760986;0.32890453934669495;-0.2006412297487259;0.4721870720386505;0.440055251121521;0.09268178045749664;0.4668659269809723;0.44098520278930664;-0.23342855274677277;0.47106003761291504;0.5192140340805054;0.0875684842467308;0.47177231311798096;0.5183806419372559;-0.0876229777932167;0.47621411085128784;0.6559683680534363;0.12923604249954224;0.4765068292617798;0.6577246785163879;-0.040349654853343964;0.48997119069099426;0.2575338512659073;-0.08036462850868702;0.48780713230371475;0.5386548042297363;0.02512273727916181;0.492425337433815;0.5493529289960861;-0.230002261698246;0.481851190328598;0.8002412915229797;0.19472655157248178;0.4812857210636139;0.8122377991676331;0.014281459152698517;vertical ;lado
0.47;0.493663489818573;0.27815312147140503;-0.09579155594110489;0.4733905792236328;0.33406803011894226;0.07632096856832504;0.46807608008384705;0.3289850652217865;-0.20425856113433838;0.47211477160453796;0.44005903601646423;0.09090594202280045;0.4670649766921997;0.44083720445632935;-0.23571030795574188;0.4711371064186096;0.5200550556182861;0.08783437311649323;0.47182533144950867;0.5192398428916931;-0.08788548409938812;0.47619158029556274;0.6559715270996094;0.13880115747451782;0.4765027165412903;0.6577407717704773;-0.03289834409952164;0.49009979963302613;0.25703440606594086;-0.08331075236201287;0.4884643331170082;0.5384193509817123;0.018360827350988984;0.493760384619236;0.5491821765899658;-0.23011503368616104;0.4818865855534871;0.8000095884005228;0.21379067997137705;0.48133400082588196;0.8121616840362549;0.03224628108243147;vertical ;lado
0.5;0.4938661456108093;0.2773251235485077;-0.09625156968832016;0.47348520159721375;0.33406922221183777;0.07613767683506012;0.46843528747558594;0.3290179371833801;-0.20511235296726227;0.4718664884567261;0.4397701323032379;0.09067968279123306;0.4671541154384613;0.4403354525566101;-0.23570291697978973;0.47125741839408875;0.520338773727417;0.08846452832221985;0.4718497395515442;0.5194321870803833;-0.08850838243961334;0.4761885106563568;0.6560326218605042;0.14044973254203796;0.4764977991580963;0.6578781008720398;-0.03222081437706947;0.49010059237480164;0.25655479431152345;-0.08369470555335283;0.4887153431773186;0.5381437540054321;0.01601645545451902;0.49483534693717957;0.5481427758932114;-0.22485065460205078;0.4820600748062134;0.7995876471201578;0.21409236391385397;0.4813566903273265;0.8120391368865967;0.032193160926302276;vertical ;lado
0.53;0.4940563440322876;0.2765654921531677;-0.09446515142917633;0.4735313951969147;0.333916574716568;0.07812183350324631;0.46894264221191406;0.3290000259876251;-0.2042827308177948;0.47175487875938416;0.43845611810684204;0.09136147052049637;0.4673371911048889;0.43926090002059937;-0.2325209081172943;0.4712288975715637;0.5203128457069397;0.08886486291885376;0.47185367345809937;0.5192211270332336;-0.08890467137098312;0.47615480422973633;0.6560426354408264;0.13793860375881195;0.47649434208869934;0.6578590869903564;-0.03363843634724617;0.4901274234056473;0.25621235370635986;-0.08190796207636594;0.489056833088398;0.535354495048523;0.01729051908478141;0.49555422365665436;0.5463494956493378;-0.21721017360687256;0.48227153221766156;0.7995124856630961;0.20936417082945505;0.481487512588501;0.8119242986043295;0.026400451858838398;vertical ;lado
0.57;0.49430879950523376;0.27603527903556824;-0.09265023469924927;0.47357621788978577;0.3337843120098114;0.07959679514169693;0.46959149837493896;0.3288324773311615;-0.20288681983947754;0.47156956791877747;0.43770408630371094;0.09268821030855179;0.46776852011680603;0.43867096304893494;-0.23087310791015625;0.47090715169906616;0.5198209881782532;0.08919604867696762;0.47179967164993286;0.5182489156723022;-0.08923391997814178;0.4761463701725006;0.6557339429855347;0.13231807947158813;0.47651514410972595;0.6571685075759888;-0.04019095003604889;0.4902355223894119;0.25595495402812957;-0.0801858015358448;0.48888083547353745;0.5345720946788788;0.020727565861307085;0.49574151635169983;0.5453121215105057;-0.217815063893795;0.48233501116434735;0.7994050979614258;0.19289497037728628;0.481614887714386;0.8118187189102173;0.009953708698352179;vertical ;lado
0.6;0.49445757269859314;0.2756659686565399;-0.08933287858963013;0.4735298752784729;0.33358797430992126;0.08270255476236343;0.4706264138221741;0.3285110294818878;-0.20003372430801392;0.47038424015045166;0.4372665286064148;0.09619583934545517;0.4679924249649048;0.4384555518627167;-0.22822396457195282;0.46972569823265076;0.5191794037818909;0.08955083787441254;0.47173982858657837;0.5173065662384033;-0.08958802372217178;0.4760356545448303;0.6556130051612854;0.1272437572479248;0.476620078086853;0.656793475151062;-0.045489173382520676;0.49030388593673707;0.25576978623867036;-0.07682355241850018;0.4876934215426445;0.5343388319015503;0.028751735109835863;0.4957301393151283;0.5447736382484436;-0.21603072807192802;0.48219533761342365;0.7988965710004171;0.18340214093526205;0.4816981951395671;0.8113953669865926;-5,70E+10;vertical ;lado
0.63;0.49479854106903076;0.2750418782234192;-0.08731015026569366;0.4732993543148041;0.33268797397613525;0.08354764431715012;0.47149887681007385;0.3273187577724457;-0.19800232350826263;0.4689428210258484;0.4369675815105438;0.09652960300445557;0.4679979383945465;0.43792468309402466;-0.2265966534614563;0.4682729244232178;0.5172841548919678;0.08979357779026031;0.47152218222618103;0.5152250528335571;-0.0898343026638031;0.475847989320755;0.6549438834190369;0.12432439625263214;0.47677332162857056;0.655693769454956;-0.04837047681212425;0.49065281748771666;0.25540861785411834;-0.07483256561681628;0.4859163761138916;0.5345112383365631;0.030260554514825344;0.49548720568418503;0.5445862114429474;-0.2139659859240055;0.481954167286555;0.7983921964963278;0.17869861920674643;0.4819105863571167;0.810973048210144;-0.005460146814584732;vertical ;lado
0.67;0.4954491853713989;0.27428287267684937;-0.08733505010604858;0.4732838273048401;0.33224260807037354;0.08328992128372192;0.4720493257045746;0.3268508315086365;-0.1975550353527069;0.4681580662727356;0.43651893734931946;0.0963205024600029;0.4680024981498718;0.4377150535583496;-0.22575914859771729;0.4676145911216736;0.5161040425300598;0.08992613852024078;0.4713471829891205;0.5144371390342712;-0.08996712416410446;0.475101113319397;0.653924822807312;0.12464474886655807;0.4768633544445038;0.6551384329795837;-0.04799980670213699;0.4911579221487045;0.2549561336636543;-0.07485429737716913;0.4838312119245529;0.5347790271043777;0.03094310313463211;0.4953290522098541;0.5446562618017197;-0.21272191032767296;0.48120197653770447;0.7968994379043579;0.18146977325280508;0.4819759825865428;0.8105917175610861;-0.0040190064658721285;vertical ;lado
0.7;0.4961855113506317;0.2739313542842865;-0.08755910396575928;0.4732249677181244;0.33163100481033325;0.08267061412334442;0.4728170931339264;0.32666903734207153;-0.1976223587989807;0.4677813947200775;0.43613892793655396;0.09604986757040024;0.468252569437027;0.4377073049545288;-0.22638344764709473;0.46657776832580566;0.5147989392280579;0.09056159108877182;0.47105327248573303;0.5138460993766785;-0.09060542285442352;0.47457802295684814;0.6529626846313477;0.1308719664812088;0.4770573675632477;0.6548433303833008;-0.04670220613479614;0.49177333414554597;0.2547406792640686;-0.07512961020693183;0.482638955116272;0.5358764827251434;0.030332199297845364;0.4950506016612053;0.5447359681129456;-0.21231402456760406;0.4802004297574361;0.7932192087173462;0.19586083789666495;0.482022762298584;0.8098179896672567;-0.0003612382958332698;vertical ;lado
0.73;0.49672478437423706;0.27395859360694885;-0.0877111554145813;0.47307536005973816;0.33143889904022217;0.08282758295536041;0.47382107377052307;0.32657912373542786;-0.19732500612735748;0.4669268727302551;0.4361489713191986;0.09594372659921646;0.46847760677337646;0.4376968443393707;-0.22491686046123505;0.46565088629722595;0.5138176083564758;0.09073711931705475;0.47069355845451355;0.5131781101226807;-0.09078536182641983;0.47423750162124634;0.6527398228645325;0.13441123068332672;0.4770413637161255;0.6545464396476746;-0.042510777711868286;0.49243620336055755;0.2547422781586647;-0.07525366563349963;0.48175574094057083;0.5365656912326813;0.02933941688388586;0.4947672039270401;0.5448092520236969;-0.20727519318461418;0.48015096783638;0.792416512966156;0.20065651337305704;0.4819891353448232;0.808911144733429;0.00895910399655501;vertical ;lado
0.77;0.4977555274963379;0.2739805579185486;-0.08806890994310379;0.4731528162956238;0.33134302496910095;0.08188321441411972;0.4742821455001831;0.32645750045776367;-0.19665226340293884;0.4671432673931122;0.4361751675605774;0.09256797283887863;0.46867215633392334;0.4376903772354126;-0.22131067514419556;0.46454375982284546;0.5136888027191162;0.09044571965932846;0.4697805941104889;0.5130816698074341;-0.09049016982316971;0.4738711714744568;0.6525745391845703;0.13575226068496704;0.4767506420612335;0.6545463800430298;-0.0380709171295166;0.4935125261545181;0.25475057810544965;-0.07550992798060178;0.48227380961179733;0.5368086397647858;0.023486651945859194;0.49464836716651917;0.544974073767662;-0.19740833714604378;0.48025329907735187;0.7918419440587362;0.20197153588136038;0.4821769098440806;0.8083962996800741;0.015760894243915875;sentandose;lado
0.8;0.49908018112182617;0.27400580048561096;-0.09407240152359009;0.47379210591316223;0.3317253291606903;0.0748395249247551;0.47473007440567017;0.3270530700683594;-0.19776411354541779;0.4671800136566162;0.43675005435943604;0.08689719438552856;0.4692971110343933;0.4381851553916931;-0.22130842506885529;0.4638276696205139;0.5137354731559753;0.08973903208971024;0.46790868043899536;0.5131304860115051;-0.0897732749581337;0.4736056923866272;0.6525987386703491;0.1371835321187973;0.476040780544281;0.6545896530151367;-0.03259417787194252;0.49467287957668304;0.2546819195151329;-0.08198971357196569;0.48335030674934387;0.5366537570953369;0.017980061937123537;0.49462147802114487;0.5458661019802094;-0.19549870863556862;0.48052675525347394;0.7919247349103292;0.20474358399709067;0.48331404725710553;0.8096364339192709;0.024848998834689457;sentandose;lado
0.83;0.5006273984909058;0.2744681239128113;-0.09832695871591568;0.474727064371109;0.33252212405204773;0.07205362617969513;0.47568756341934204;0.32765647768974304;-0.20080697536468506;0.4674288332462311;0.43712568283081055;0.08712708950042725;0.47043490409851074;0.43831950426101685;-0.22189149260520935;0.46268007159233093;0.5142979025840759;0.08973001688718796;0.4667298197746277;0.513483464717865;-0.089764803647995;0.47328197956085205;0.6529515385627747;0.14225073158740997;0.4750056266784668;0.6548394560813904;-0.029855109751224518;0.496309432387352;0.2548832893371582;-0.08651004936546088;0.484339214861393;0.5370649546384811;0.0190767718013376;0.49463676661252975;0.5466217249631882;-0.1999303512275219;0.48056583603223163;0.7918959856033325;0.2148042619228363;0.4835350215435028;0.8087835510571798;0.03087751567363739;sentandose;lado
0.87;0.5027557015419006;0.2766004800796509;-0.10991181433200836;0.47657302021980286;0.3348877727985382;0.06444200128316879;0.4770827889442444;0.33076751232147217;-0.2125200480222702;0.4700416624546051;0.4394494593143463;0.08377260714769363;0.47159454226493835;0.44116687774658203;-0.23135533928871155;0.461378812789917;0.5149961113929749;0.08971387892961502;0.4643450975418091;0.514651894569397;-0.0897490382194519;0.47312721610069275;0.6529911756515503;0.1432192027568817;0.47475001215934753;0.6555596590042114;-0.029757175594568253;0.4985259175300598;0.2570320576429367;-0.09773910790681839;0.4879576489329338;0.5383120626211166;0.016471786191686988;0.49460314214229584;0.5494226664304733;-0.20346228033304214;0.48115774989128113;0.7916783293088278;0.21615436673164368;0.48479724923769635;0.8082818786303202;0.033329776798685394;sentandose;lado
0.9;0.5046238899230957;0.28193411231040955;-0.10918344557285309;0.47774431109428406;0.33886343240737915;0.0640653669834137;0.47959408164024353;0.3358583152294159;-0.213317409157753;0.47030767798423767;0.4431799054145813;0.08448049426078796;0.4723465144634247;0.4453508257865906;-0.23081451654434204;0.4579944312572479;0.5178130865097046;0.08956077694892883;0.4625045359134674;0.5185481309890747;-0.08959779143333435;0.4720670282840729;0.6532448530197144;0.15089237689971924;0.4747934639453888;0.6562262177467346;-0.02419530414044857;0.5008501082658767;0.2620063334703445;-0.09686038009822369;0.4889838993549347;0.541316032409668;0.018584512174129486;0.49463696777820587;0.5519913285970688;-0.19709614291787148;0.480442613363266;0.7899016340573629;0.23138627409934998;0.4850984911123912;0.8075544834136963;0.04824012083311876;sentandose;lado
0.93;0.5056923031806946;0.2906329035758972;-0.11228105425834656;0.47804197669029236;0.3443313539028168;0.05912700295448303;0.4815138280391693;0.3448958396911621;-0.21724475920200348;0.47208648920059204;0.452276349067688;0.08477257192134857;0.4755266308784485;0.457140177488327;-0.23260071873664856;0.45519089698791504;0.5214223265647888;0.08928586542606354;0.4589094817638397;0.5240257382392883;-0.08933639526367188;0.47258761525154114;0.6539037227630615;0.1489967256784439;0.4752044379711151;0.6575738787651062;-0.0232959296554327;0.5023107826709747;0.2707669734954834;-0.10015151612460613;0.4911665990948677;0.5446872860193253;0.02959603164345026;0.49728383123874664;0.5585129410028458;-0.19857974350452423;0.48039765159289044;0.7902450164159139;0.22915047903855643;0.48491933941841125;0.8083091179529825;0.04951476398855448;sentandose;lado
0.97;0.5085398554801941;0.2983250021934509;-0.12591233849525452;0.4789859354496002;0.3530113101005554;0.043654050678014755;0.48269909620285034;0.35369306802749634;-0.23002441227436066;0.47593581676483154;0.45994195342063904;0.0790078341960907;0.47809508442878723;0.465352326631546;-0.24763011932373047;0.4531750977039337;0.5275598764419556;0.08760260045528412;0.4548291265964508;0.5304349660873413;-0.08768945187330246;0.47337573766708374;0.6542066335678101;0.156866192817688;0.4759637415409088;0.6576114296913147;-0.009140152484178543;0.5050092577934265;0.2784399151802063;-0.11365501135587693;0.49119783192873;0.5503805577754974;0.029733394272625446;0.49861859530210495;0.566221758723259;-0.22006646171212196;0.48039798935254413;0.7901701132456461;0.2526068836450577;0.4838212728500366;0.8073704242706299;0.08255753045280774;sentandose;lado
1.0;0.5092334151268005;0.3092314302921295;-0.11893723160028458;0.4803059697151184;0.36489439010620117;0.04699812829494476;0.4846062958240509;0.36639881134033203;-0.22439272701740265;0.4771645665168762;0.46871551871299744;0.07963535189628601;0.47904932498931885;0.47811463475227356;-0.24488943815231323;0.450618714094162;0.5341163873672485;0.08644770830869675;0.4526534974575043;0.540776252746582;-0.08650906383991241;0.4780387878417969;0.6538118720054626;0.1531103551387787;0.4798535108566284;0.6594367623329163;-0.010832900181412697;0.505590307712555;0.2895789474248886;-0.10671403147280216;0.4930143356323242;0.5625566393136978;0.032169853802770376;0.5006424188613892;0.5793143808841705;-0.22390221431851387;0.48033565282821655;0.7871863842010498;0.24812899033228555;0.48357157905896503;0.8065260251363119;0.07590830574433009;sentandose;lado
1.03;0.5103999376296997;0.32196223735809326;-0.1281307488679886;0.4823223054409027;0.3766641616821289;0.03899208456277847;0.48634615540504456;0.3813490569591522;-0.23303687572479248;0.4778476655483246;0.48254987597465515;0.07620076090097427;0.48055893182754517;0.49362051486968994;-0.2575756907463074;0.44900038838386536;0.5400487780570984;0.08656960725784302;0.4506252706050873;0.5474441647529602;-0.08662822097539902;0.4807126522064209;0.6534688472747803;0.1549302637577057;0.4827488958835602;0.6593963503837585;-0.012484708800911903;0.5068820595741272;0.30326698422431947;-0.11565228626132011;0.4962507411837578;0.5758988112211227;0.03480267897248268;0.5024693012237549;0.5919053107500076;-0.24767206981778145;0.4803874691327413;0.7875547011693319;0.2557340810696284;0.48038266102472943;0.8058735529581705;0.08104107777277629;sentandose;lado
1.07;0.5116458535194397;0.3333556354045868;-0.12376802414655685;0.4826986789703369;0.38915377855300903;0.04498172178864479;0.48877590894699097;0.39373987913131714;-0.22998876869678497;0.4824667274951935;0.4908331036567688;0.08658121526241302;0.48328498005867004;0.499846875667572;-0.2578829228878021;0.44581881165504456;0.5459306836128235;0.08660224080085754;0.44944310188293457;0.5552039742469788;-0.08664917200803757;0.48141413927078247;0.6549985408782959;0.15758031606674194;0.48249316215515137;0.661682665348053;-0.01412033848464489;0.5079132169485092;0.3170979619026184;-0.11146916188299656;0.5089268833398819;0.5798892974853516;0.062024504877626896;0.5058486461639404;0.5986991971731186;-0.2586142234504223;0.4801391859849294;0.7883999546368917;0.2619183262189229;0.4747206469376882;0.8058420817057291;0.08630243812998135;sentandose;lado
1.1;0.5127578377723694;0.3478338420391083;-0.09577969461679459;0.48312801122665405;0.4010361433029175;0.07115194946527481;0.4897097051143646;0.40600472688674927;-0.20891788601875305;0.48473554849624634;0.504187285900116;0.11051876097917557;0.4865543842315674;0.514588475227356;-0.22918199002742767;0.4423133134841919;0.5526456832885742;0.0884217917919159;0.44405868649482727;0.562578558921814;-0.08848343044519424;0.4861200153827667;0.650836169719696;0.17247293889522552;0.4890093207359314;0.6615577340126038;-0.021032387390732765;0.5092547833919525;0.330352982878685;-0.08235494960099458;0.5118507742881775;0.5929486900568008;0.0765468180179596;0.5104356855154037;0.6105940341949463;-0.21250435709953308;0.4795131782690684;0.7855660319328308;0.29363654057184857;0.47341833511988324;0.8057041565577189;0.08434207985798518;sentandose;lado
1.13;0.5131614208221436;0.36471930146217346;-0.07538439333438873;0.48289769887924194;0.415428102016449;0.08513207733631134;0.48957377672195435;0.4180799126625061;-0.18652275204658508;0.49047258496284485;0.5130174160003662;0.11905146390199661;0.4905274510383606;0.5213882923126221;-0.20426543056964874;0.43844565749168396;0.5607805252075195;0.08842892944812775;0.4412270188331604;0.5684369802474976;-0.08849196881055832;0.4872038960456848;0.6492767930030823;0.1692231446504593;0.49331218004226685;0.6583227515220642;-0.04742646962404251;0.5098053932189941;0.34577620029449463;-0.062360167037695646;0.5140111297369003;0.6098229140043259;0.08731168136000633;0.5166439414024353;0.6210554838180542;-0.17761987820267677;0.478778342405955;0.7826031049092611;0.2782515486081441;0.4737168252468109;0.8001143137613932;0.05854017660021782;sentandose;lado
1.17;0.5136091709136963;0.37678056955337524;-0.08725975453853607;0.48357197642326355;0.42760103940963745;0.07648054510354996;0.48946046829223633;0.4337932765483856;-0.19213669002056122;0.4943525195121765;0.5276166796684265;0.11049576848745346;0.49629074335098267;0.5402806997299194;-0.21129833161830902;0.43730515241622925;0.569744348526001;0.08869163691997528;0.4394010007381439;0.5767457485198975;-0.08876602351665497;0.48909270763397217;0.6495035886764526;0.1770240068435669;0.4973107576370239;0.6583206057548523;-0.054592955857515335;0.509987872838974;0.3577767491340637;-0.07416967302560806;0.5207619667053223;0.6200571358203888;0.07939841784536839;0.5243744552135468;0.6396931409835815;-0.1930542066693306;0.4785657624403636;0.7828095157941183;0.291854461034139;0.47441649436950684;0.7989999651908875;0.05467299992839495;sentandose;lado
1.2;0.5147797465324402;0.3877407908439636;-0.11120636016130447;0.4853367209434509;0.4381789565086365;0.057932984083890915;0.48903754353523254;0.4467632472515106;-0.2107662707567215;0.5013001561164856;0.540297269821167;0.09068713337182999;0.5012401938438416;0.550430178642273;-0.22890159487724304;0.43711772561073303;0.5776522755622864;0.08884485810995102;0.43573468923568726;0.5871589779853821;-0.08891987055540085;0.49273738265037537;0.6496456265449524;0.1723007708787918;0.4979839026927948;0.6585304141044617;-0.0453282855451107;0.5107869505882263;0.36922847628593447;-0.09694225415587425;0.5333434045314789;0.627044677734375;0.0503076296299696;0.5342247188091278;0.6513630896806717;-0.21142525225877762;0.4783269166946411;0.7795340617497762;0.276240070660909;0.4739663004875183;0.7988119125366211;0.0813204695781072;sentandose;lado
1.23;0.5153757929801941;0.3956872522830963;-0.08870913833379745;0.4853678047657013;0.4484174847602844;0.06885126233100891;0.4900158941745758;0.4570801556110382;-0.18924972414970398;0.5021587014198303;0.5448945164680481;0.09312286227941513;0.5041545629501343;0.5583771467208862;-0.20284511148929596;0.4338652193546295;0.583824872970581;0.08822983503341675;0.4358599781990051;0.5930728316307068;-0.08829741179943085;0.49040788412094116;0.6519272923469543;0.16670754551887512;0.5001025795936584;0.6585363745689392;-0.0456862710416317;0.5110251128673553;0.3790513664484024;-0.07575892191380262;0.5352151542901993;0.6264418959617615;0.0508714634925127;0.541168600320816;0.6517674177885056;-0.17849066853523254;0.4782921572526296;0.7807779908180237;0.25772541761398315;0.4740767578283946;0.8006330132484436;0.07841074715058009;sentandose;lado
1.27;0.5159589052200317;0.40752604603767395;-0.08880441635847092;0.4859357476234436;0.4599081575870514;0.06866525113582611;0.4908917248249054;0.4689767062664032;-0.18583904206752777;0.5069774985313416;0.5551701188087463;0.09076716750860214;0.507175862789154;0.5692003965377808;-0.1967058777809143;0.4320518970489502;0.5902335047721863;0.08410578221082687;0.4330345094203949;0.6011918783187866;-0.08413606137037277;0.4934771955013275;0.6495304107666016;0.15555818378925323;0.4999780058860779;0.6585410833358765;-0.04255515709519386;0.5115207016468049;0.39092656672000886;-0.0763745054602623;0.5392701923847198;0.6300894618034363;0.04697932302951813;0.5436637252569199;0.6602611243724823;-0.1705000288784504;0.47746355334917706;0.7804002563158671;0.24820860723654428;0.47394529978434247;0.7991132338841757;0.08553384741147359;sentandose;lado
1.3;0.5164156556129456;0.41421011090278625;-0.09169493615627289;0.48636406660079956;0.4688538908958435;0.06688975542783737;0.4913143515586853;0.47962573170661926;-0.19034266471862793;0.5098971128463745;0.5645624995231628;0.0891694650053978;0.5095713138580322;0.5793415307998657;-0.1984604150056839;0.4321032464504242;0.5939229726791382;0.08192357420921326;0.4302980899810791;0.6059275269508362;-0.08191278576850891;0.4972705841064453;0.6469545364379883;0.15598297119140625;0.4999103844165802;0.6593837738037109;-0.03081781417131424;0.512036794424057;0.39840743839740755;-0.07908129394054413;0.5436637848615646;0.6284363865852356;0.04009492648765445;0.5469807088375092;0.6637319624423981;-0.16734014824032784;0.4776674707730611;0.7772321105003357;0.25600865483283997;0.47420117259025574;0.7990599075953165;0.10564839839935303;sentandose;lado
1.33;0.5164468288421631;0.4255257248878479;-0.10362807661294937;0.4861566424369812;0.47675198316574097;0.061679206788539886;0.491726815700531;0.4848530888557434;-0.20004256069660187;0.5094792246818542;0.5718293786048889;0.0791974887251854;0.5124184489250183;0.5842012763023376;-0.21276873350143433;0.43027812242507935;0.5981118083000183;0.08236756175756454;0.42912131547927856;0.6084117293357849;-0.08225198090076447;0.4988262951374054;0.6465781331062317;0.1541864573955536;0.5011842250823975;0.6591846942901611;-0.054696954786777496;0.5124986052513123;0.4073310703039169;-0.08975853063166142;0.5434528291225433;0.6342697292566299;0.02751149609684944;0.5494958460330963;0.6692744791507721;-0.17556940391659737;0.4777462879816691;0.7777152061462402;0.24635797242323557;0.47447295983632404;0.7992783586184183;0.07266515741745631;sentandose;lado
1.37;0.5162560939788818;0.43333420157432556;-0.12248528748750687;0.4860866367816925;0.4802047610282898;0.04702635481953621;0.49151796102523804;0.49048539996147156;-0.21805571019649506;0.5110734105110168;0.5771713852882385;0.06471236795186996;0.5125263333320618;0.588432252407074;-0.23828253149986267;0.43007761240005493;0.6014629006385803;0.08313699811697006;0.4281434416770935;0.6134218573570251;-0.08297383040189743;0.5012089014053345;0.6454499363899231;0.15451501309871674;0.5022917985916138;0.6591775417327881;-0.0669553130865097;0.5127383947372437;0.4134755313396454;-0.10801017098128796;0.5443846732378006;0.6423403769731522;0.01022818632191047;0.5489618480205536;0.6733096241950989;-0.20947573706507683;0.4789152542750041;0.7777671416600546;0.2493730733791987;0.4742368956406911;0.8012526035308838;0.049935231606165566;sentandose;lado
1.4;0.5160169005393982;0.43810519576072693;-0.12338559329509735;0.48567578196525574;0.4837270677089691;0.05023998022079468;0.491346538066864;0.49284297227859497;-0.21966326236724854;0.5090473890304565;0.5790574550628662;0.069930300116539;0.5132636427879333;0.5915051698684692;-0.23928463459014893;0.4287126958370209;0.606073796749115;0.08538287878036499;0.42703747749328613;0.6175277829170227;-0.0852225124835968;0.5002132058143616;0.6456476449966431;0.16714563965797424;0.502223551273346;0.6591274738311768;-0.05810026079416275;0.512519258260727;0.41819319427013396;-0.10843859277665616;0.5438027381896973;0.6471223384141922;0.010593269078526646;0.5490922182798386;0.6741119027137756;-0.20667878538370132;0.4793621897697449;0.7782109181086222;0.2714674770832062;0.4743260443210602;0.8016395370165507;0.05783538892865181;sentandose;lado
1.43;0.5156183838844299;0.4380520284175873;-0.13179676234722137;0.48436108231544495;0.4860644042491913;0.04324263334274292;0.489848792552948;0.4947604835033417;-0.22923393547534943;0.5072054862976074;0.5816619396209717;0.05980060622096062;0.5117502808570862;0.5935440063476562;-0.254942923784256;0.4274749159812927;0.6090133786201477;0.08635205030441284;0.4259728193283081;0.6200209856033325;-0.08622244745492935;0.5013092160224915;0.6459447741508484;0.15792788565158844;0.5030699968338013;0.6589751839637756;-0.0629408061504364;0.5119210004806518;0.41851734817028047;-0.11658320240676404;0.5430352687835693;0.6536150723695755;-0.003286670194938779;0.5484842360019684;0.6732258349657059;-0.22475889697670937;0.4804396728674571;0.7793794671694437;0.2520548899968465;0.47451919317245483;0.802385687828064;0.06319626669089;sentandose;lado
1.47;0.5138838291168213;0.43723538517951965;-0.12366898357868195;0.4827054440975189;0.4880235493183136;0.047682683914899826;0.48764270544052124;0.4954075217247009;-0.22323131561279297;0.5062700510025024;0.5829066634178162;0.0682179257273674;0.5099630355834961;0.5929970145225525;-0.24844813346862793;0.4261302649974823;0.6115346550941467;0.08745940029621124;0.42519962787628174;0.6217853426933289;-0.08736366778612137;0.5003039240837097;0.6461610198020935;0.15699151158332825;0.5033953785896301;0.6584807634353638;-0.06518250703811646;0.5100377917289733;0.41873049437999726;-0.10893184542655945;0.541135162115097;0.654830813407898;0.009973825770430267;0.5458689332008362;0.6733081191778183;-0.21641382947564125;0.4805154899756114;0.781350831190745;0.2513892849286397;0.47595662871996564;0.8029836614926656;0.06427919243772824;sentandose;lado
1.5;0.5107642412185669;0.4375304877758026;-0.12218648940324783;0.4804953932762146;0.49079838395118713;0.05102764815092087;0.48500409722328186;0.4933789074420929;-0.2203546017408371;0.5022780299186707;0.5853489637374878;0.07126199454069138;0.5077424645423889;0.5899460911750793;-0.2465592324733734;0.42528414726257324;0.6152889728546143;0.08797503262758255;0.4252811372280121;0.6220353245735168;-0.08789271861314774;0.5000814199447632;0.6462924480438232;0.14742089807987213;0.5038008689880371;0.6566174030303955;-0.07498972117900848;0.5068471401929855;0.4190910041332245;-0.10679311864078045;0.5400127023458481;0.6597874760627747;0.00849614554317668;0.5444490760564804;0.6722023338079453;-0.21740590780973434;0.4802314539750417;0.7829225858052572;0.2315447380145391;0.47637837131818134;0.8025176326433817;0.04638021563490232;sentandose;lado
1.53;0.5083688497543335;0.43365511298179626;-0.11690989881753922;0.4783746600151062;0.49025678634643555;0.05466762185096741;0.4827345609664917;0.4930749535560608;-0.21680474281311035;0.49671801924705505;0.5838812589645386;0.07275394350290298;0.5031682848930359;0.5886002779006958;-0.24337418377399445;0.424487829208374;0.6164305210113525;0.08809083700180054;0.42474988102912903;0.6231799721717834;-0.08801543712615967;0.5001150369644165;0.6444955468177795;0.14746412634849548;0.5047133564949036;0.6531795859336853;-0.07759851962327957;0.5039891690015793;0.4169347733259201;-0.10153769180178643;0.5378643572330475;0.658415824174881;0.010155341937206686;0.5441222786903381;0.6713153719902039;-0.21545957401394844;0.47978657484054565;0.7825424075126648;0.2330202410618464;0.4764506419499715;0.7993967533111572;0.041112009435892105;sentandose;lado
1.57;0.50654536485672;0.4322383999824524;-0.11058942973613739;0.47652941942214966;0.48892277479171753;0.05761217698454857;0.4799867272377014;0.49041396379470825;-0.2117118239402771;0.4910144507884979;0.5813441872596741;0.07385174185037613;0.4962731897830963;0.5864457488059998;-0.24229682981967926;0.42473217844963074;0.6163570880889893;0.08793491870164871;0.4251454174518585;0.6223113536834717;-0.08786427974700928;0.49973979592323303;0.6447373032569885;0.14773814380168915;0.5045905709266663;0.6532106995582581;-0.0796729177236557;0.5024077415466308;0.4157609730958939;-0.09627597127109766;0.5312507450580597;0.6548738181591034;0.01336849678773433;0.5392995774745941;0.6698454320430756;-0.2080998197197914;0.4797380069891612;0.7816770871480306;0.23375990490118662;0.47661423683166504;0.7977460424105326;0.03448319248855114;sentandose;lado
1.6;0.5029674172401428;0.4308151304721832;-0.11457269638776779;0.4748038649559021;0.4862329363822937;0.05416267365217209;0.47664883732795715;0.4886341691017151;-0.21623553335666656;0.4896288514137268;0.5800782442092896;0.07120045274496078;0.49247607588768005;0.5855613946914673;-0.2473631054162979;0.425234854221344;0.6162465214729309;0.08793181926012039;0.4248717427253723;0.6235777735710144;-0.08786331117153168;0.5003711581230164;0.6446966528892517;0.14417549967765808;0.5045247077941895;0.6534545421600342;-0.08129095286130905;0.49880254864692686;0.41378549933433534;-0.10040180869400502;0.5282498151063919;0.6522276550531387;0.007784228364471346;0.5336669087409973;0.6693469136953354;-0.22019416466355324;0.47971322139104206;0.7814050714174906;0.22862869997819266;0.47687776883443195;0.7967252731323242;0.035827758411566414;sentandose;lado
1.63;0.4999181032180786;0.42970141768455505;-0.11732452362775803;0.47239476442337036;0.48426398634910583;0.05239448323845863;0.473245233297348;0.4869159162044525;-0.21768467128276825;0.48766711354255676;0.5785360932350159;0.06900767236948013;0.48782840371131897;0.5852336287498474;-0.2475368231534958;0.4251077473163605;0.6163009405136108;0.0878366157412529;0.4235991835594177;0.6236106753349304;-0.08777173608541489;0.5009406805038452;0.6448038220405579;0.14660023152828217;0.5052388310432434;0.6536186933517456;-0.08174453675746918;0.4959742158651352;0.41195107996463776;-0.10289438478648663;0.5252619981765747;0.6508362293243408;0.0034374623937765136;0.5297705233097076;0.6685421466827393;-0.22365958616137505;0.4800014595190684;0.7802250583966573;0.2374611496925354;0.4770054320494334;0.7967198689778646;0.03462302125990391;sentandose;lado
1.67;0.4964987635612488;0.42868319153785706;-0.11423885822296143;0.46969741582870483;0.48283851146698;0.054828908294439316;0.46952110528945923;0.4863574206829071;-0.21354281902313232;0.48462536931037903;0.5776092410087585;0.07119621336460114;0.4844925105571747;0.586279034614563;-0.23803193867206573;0.42462262511253357;0.6171256303787231;0.08774615824222565;0.42332974076271057;0.6235320568084717;-0.08768143504858017;0.5008211135864258;0.6447598934173584;0.14487244188785553;0.5057930946350098;0.6530196070671082;-0.07728718221187592;0.49253037869930266;0.4112600326538086;-0.09973696433007717;0.521956279873848;0.6459521800279617;0.005604962803772651;0.5274087637662888;0.6679057478904724;-0.21243025735020638;0.4807684024175008;0.7795618375142416;0.23301580548286438;0.47831761837005615;0.7938245336214701;0.03985468360284964;sentandose;lado
1.7;0.49355611205101013;0.4270663559436798;-0.11451416462659836;0.4671311378479004;0.48200923204421997;0.0548800565302372;0.4654223322868347;0.48579081892967224;-0.21415285766124725;0.4819035828113556;0.5767937898635864;0.07147738337516785;0.47940975427627563;0.5877816081047058;-0.23933620750904083;0.4248274564743042;0.6180990934371948;0.08774323016405106;0.4236507713794708;0.6244375705718994;-0.08767891675233841;0.500637412071228;0.645696759223938;0.1456773430109024;0.5062262415885925;0.6533898115158081;-0.07534770667552948;0.4893680244684219;0.4087702512741089;-0.09979557804763317;0.5194009840488434;0.6454208642244339;0.0037271221008268185;0.5239289104938507;0.6675924509763718;-0.21497946232557297;0.4808936615784963;0.77854323387146;0.24190733333428702;0.47893128792444867;0.7932140429814657;0.04642464965581894;sentandose;lado
1.73;0.4912034869194031;0.42317941784858704;-0.11654576659202576;0.46539250016212463;0.48152002692222595;0.0515265166759491;0.46223342418670654;0.4855901896953583;-0.2146303951740265;0.4753721356391907;0.573919415473938;0.06977177411317825;0.47255539894104004;0.5878492593765259;-0.2392737865447998;0.4249216914176941;0.6181027889251709;0.08694934099912643;0.42380547523498535;0.6252092123031616;-0.08690105378627777;0.5002213716506958;0.6465688943862915;0.148408904671669;0.5060532093048096;0.6541829705238342;-0.07710104435682297;0.4864442706108093;0.4049226105213165;-0.1015911664813757;0.5136256963014603;0.6451735496520996;0.0013549464056268334;0.5183662921190262;0.6643868833780289;-0.21335067972540855;0.481002281109492;0.7782226999600729;0.24576211472352347;0.4788394371668498;0.7928629120190939;0.04314221069216728;sentandose;lado
1.77;0.48824816942214966;0.4202738404273987;-0.12168408930301666;0.46370887756347656;0.4806458652019501;0.04840215668082237;0.45921823382377625;0.48519933223724365;-0.21824778616428375;0.4727632403373718;0.5725024938583374;0.07039232552051544;0.4659191071987152;0.5878341197967529;-0.24156534671783447;0.42502355575561523;0.6174183487892151;0.08694833517074585;0.4237672686576843;0.6255356073379517;-0.08690326660871506;0.49894019961357117;0.6460769772529602;0.16654272377490997;0.5051750540733337;0.6576584577560425;-0.07703235745429993;0.4832429468631744;0.4023356199264526;-0.10618430115282536;0.509109690785408;0.6421199440956116;0.0037304777943063527;0.5129510313272476;0.662501871585846;-0.21654660254716873;0.4808596571286519;0.7768488923708597;0.27504319945971173;0.4786211947600047;0.7935143907864889;0.04176570847630501;sentandose;lado
1.8;0.4845251739025116;0.41929420828819275;-0.1205032542347908;0.4593143165111542;0.479670912027359;0.04912567511200905;0.4569879174232483;0.4840405285358429;-0.21799694001674652;0.4626391530036926;0.5721967220306396;0.07125081866979599;0.4589031934738159;0.587434709072113;-0.23979704082012177;0.4244166314601898;0.6172266006469727;0.0869441032409668;0.4237303137779236;0.6254918575286865;-0.08690319210290909;0.49626749753952026;0.6366531252861023;0.1653575599193573;0.5051584243774414;0.6562249064445496;-0.07827812433242798;0.47996428310871125;0.4012382596731186;-0.10531863011419773;0.5026205629110336;0.6400980651378632;0.006224340642802417;0.5076165348291397;0.6603613197803497;-0.21305789798498154;0.48004357020060223;0.7761305769284567;0.26880889137585956;0.4790441393852234;0.7920159896214803;0.033504163225491844;sentandose;lado
1.83;0.48075833916664124;0.41736212372779846;-0.11160308867692947;0.4558321535587311;0.47697150707244873;0.059745725244283676;0.45371031761169434;0.4804163873195648;-0.20981566607952118;0.459593802690506;0.5664445757865906;0.08772917836904526;0.45419150590896606;0.5866267085075378;-0.22988438606262207;0.4235159456729889;0.6167907118797302;0.08713003993034363;0.423462837934494;0.6252194046974182;-0.08710716664791107;0.4952312111854553;0.6343817114830017;0.15746085345745087;0.5051372647285461;0.6536585092544556;-0.07750392705202103;0.4765146940946579;0.399104967713356;-0.09596782270818949;0.49596210569143295;0.6328204870223999;0.02830250491388142;0.5018822774291039;0.6599610298871994;-0.2005760334432125;0.4799243708451589;0.7760798533757528;0.2542915989955266;0.4798106253147125;0.7906462351481119;0.04069323092699051;sentandose;lado
1.87;0.4765578806400299;0.41541147232055664;-0.11452890932559967;0.452480673789978;0.47369593381881714;0.05093343183398247;0.4496991038322449;0.4755938649177551;-0.2112860530614853;0.4541379511356354;0.5662006735801697;0.08196714520454407;0.4492145776748657;0.5863580703735352;-0.2361655980348587;0.42353832721710205;0.6165174245834351;0.08628254383802414;0.4229252338409424;0.6248815655708313;-0.08630715310573578;0.49536824226379395;0.6332660913467407;0.1464303880929947;0.5050747394561768;0.6522175073623657;-0.07711344212293625;0.47251124680042267;0.39707021713256835;-0.09965994060039521;0.491088904440403;0.6347801238298416;0.0225962963886559;0.4944845363497734;0.6604160368442535;-0.2181662805378437;0.4802149335543315;0.7749035358428955;0.2381236950556437;0.48053033153216046;0.7906793157259623;0.04417926259338856;sentandose;lado
1.9;0.4732680022716522;0.41383588314056396;-0.11664734035730362;0.4490438997745514;0.470539927482605;0.05111207440495491;0.44569796323776245;0.4706234633922577;-0.21620723605155945;0.4498092234134674;0.5663724541664124;0.08037502318620682;0.44504526257514954;0.5836114287376404;-0.24997471272945404;0.42345619201660156;0.6163206696510315;0.08636753261089325;0.4225878417491913;0.6247471570968628;-0.08640854060649872;0.495371013879776;0.6307859420776367;0.14791899919509888;0.5050826668739319;0.6501813530921936;-0.07760708034038544;0.4697995752096176;0.39539279639720915;-0.10182386301457882;0.48270072042942047;0.6358584463596344;0.02091447392012924;0.4878896400332451;0.6630577594041824;-0.24134135991334915;0.4806366562843323;0.7697912653287252;0.24173381427923837;0.4812176525592804;0.7904880245526632;0.04446328803896904;sentandose;lado
1.93;0.47061291337013245;0.411761075258255;-0.11559177935123444;0.4461725056171417;0.468555748462677;0.05556406080722809;0.4420073926448822;0.46988916397094727;-0.21717394888401031;0.4450361728668213;0.5661571621894836;0.08371452987194061;0.44029274582862854;0.5828208327293396;-0.2507152855396271;0.4231666326522827;0.61629718542099;0.08689425140619278;0.42257124185562134;0.6265040040016174;-0.08693473786115646;0.49549418687820435;0.6295399069786072;0.1428406983613968;0.5050862431526184;0.6480118036270142;-0.07897850126028061;0.4665526866912842;0.39388023018836976;-0.10055530294775963;0.4746147394180298;0.6363432705402374;0.02465530624613166;0.4823387339711189;0.6681430339813232;-0.24080679565668106;0.48118091622988385;0.7688836455345154;0.22984000543753305;0.4825731118520101;0.785229484240214;0.056656102339426674;sentandose;lado
1.97;0.46805381774902344;0.4081646800041199;-0.12251447886228561;0.44447675347328186;0.46754196286201477;0.05531579256057739;0.43838220834732056;0.4693622291088104;-0.22225503623485565;0.441265732049942;0.5650256276130676;0.08313313126564026;0.4368646442890167;0.5818284749984741;-0.2575439512729645;0.42319950461387634;0.6163368225097656;0.08878308534622192;0.42237475514411926;0.6282336711883545;-0.08883767575025558;0.49537521600723267;0.6275423169136047;0.144040048122406;0.504219651222229;0.6480486392974854;-0.08281398564577103;0.4643721431493759;0.39102824628353117;-0.10754503980278969;0.46576549857854843;0.6374884396791458;0.023762800032272935;0.4758034124970436;0.6722516864538193;-0.2509797029197216;0.48008739948272705;0.768725574016571;0.23228280246257782;0.48286332686742145;0.7857369780540466;0.06161924575765928;sentandose;lado
2.0;0.4651927351951599;0.40674692392349243;-0.10259488224983215;0.44304269552230835;0.4667198359966278;0.0748654380440712;0.43454667925834656;0.467862069606781;-0.20704405009746552;0.4398479163646698;0.565010130405426;0.10359040647745132;0.4336618483066559;0.5795923471450806;-0.24774523079395294;0.423295795917511;0.6165497899055481;0.08954627811908722;0.42149436473846436;0.6279151439666748;-0.0895688459277153;0.49555322527885437;0.6286091208457947;0.1338927447795868;0.5033743977546692;0.6458760499954224;-0.09022068232297897;0.461574986577034;0.3899862259626389;-0.08708622623234988;0.4610768333077431;0.6420460343360901;0.040747977793216705;0.4705877974629402;0.6727531850337982;-0.24135732278227806;0.48128312826156616;0.7695008118947347;0.2090907245874405;0.48250920573870343;0.7862751682599386;0.039604503040512405;sentandose;lado
2.03;0.4618043601512909;0.4050072133541107;-0.09687480330467224;0.440990149974823;0.4657498598098755;0.07451660931110382;0.4308739900588989;0.46715670824050903;-0.20620986819267273;0.4385956823825836;0.5644755959510803;0.10773114114999771;0.4289630949497223;0.5781533718109131;-0.24729016423225403;0.42573708295822144;0.616523027420044;0.08992453664541245;0.420893132686615;0.6276468634605408;-0.08993040770292282;0.496421754360199;0.6268823146820068;0.133097305893898;0.502617597579956;0.6447893977165222;-0.09350427240133286;0.45806415379047394;0.3884743213653564;-0.08168842997401952;0.4602757692337036;0.6423079371452332;0.05675188917666674;0.46521928906440735;0.6739305406808853;-0.24323512241244316;0.48261864980061847;0.768943190574646;0.20943700770537058;0.4837948779265086;0.789380411307017;0.032473184168338776;sentandose;lado
2.07;0.45951128005981445;0.4059416353702545;-0.08998067677021027;0.43704453110694885;0.46605774760246277;0.0794847384095192;0.428180068731308;0.46783560514450073;-0.20068860054016113;0.4354068338871002;0.5645453333854675;0.10963980853557587;0.427138090133667;0.5780280232429504;-0.24406960606575012;0.42554956674575806;0.6180205941200256;0.08997411280870438;0.4203740358352661;0.6281641125679016;-0.08997935056686401;0.4959987699985504;0.6256454586982727;0.13609661161899567;0.5023282766342163;0.6422375440597534;-0.0900571271777153;0.45530615746974945;0.3888405829668045;-0.07444083485752344;0.45769865810871124;0.645661398768425;0.05642925575375557;0.4625628888607025;0.6758068203926086;-0.2439991682767868;0.4829781750837962;0.7696094512939453;0.21484553317228952;0.4842572907606761;0.7853242754936218;0.03726563788950443;sentandose;lado
2.1;0.4578254222869873;0.4065108299255371;-0.08960262686014175;0.43363115191459656;0.4661615192890167;0.07530990988016129;0.4263817071914673;0.46829864382743835;-0.20025433599948883;0.4314422905445099;0.5646519064903259;0.10529591888189316;0.42513206601142883;0.5780366063117981;-0.24406759440898895;0.4251233637332916;0.618867814540863;0.08940175920724869;0.4202916622161865;0.6289319396018982;-0.0894283726811409;0.49600812792778015;0.6253843307495117;0.13752944767475128;0.5019551515579224;0.6415042281150818;-0.08951178938150406;0.4539021462202072;0.38881162703037264;-0.07468258664011955;0.4555946961045265;0.6484502702951431;0.05161157436668873;0.45912593603134155;0.6759463399648666;-0.24654316902160645;0.4827852745850881;0.7685069441795349;0.21732461949189505;0.48458274205525714;0.7826235890388489;0.0420037346581618;sentandose;lado
2.13;0.4560539722442627;0.40661489963531494;-0.07534167170524597;0.4313184916973114;0.4663626551628113;0.08774407207965851;0.4241551160812378;0.4684353470802307;-0.189886674284935;0.43001729249954224;0.5646933317184448;0.11685658991336823;0.4221891462802887;0.5775890946388245;-0.23622696101665497;0.4244126081466675;0.619701087474823;0.08942486345767975;0.42010927200317383;0.6296645998954773;-0.08944889903068542;0.49627235531806946;0.6258406043052673;0.13854816555976868;0.5020015835762024;0.641984224319458;-0.08843895047903061;0.4519904851913452;0.3884372144937515;-0.06023905673064291;0.45568864792585373;0.6494994610548019;0.06009480729699135;0.4579547494649887;0.6762892305850983;-0.243270393460989;0.48271973927815753;0.7693665226300558;0.22015613814194998;0.4844465951124827;0.7829107046127319;0.03920459126432737;sentandose;lado
2.17;0.45379066467285156;0.4066043198108673;-0.06593221426010132;0.42856284976005554;0.4665003716945648;0.09611403942108154;0.4219444692134857;0.4682173728942871;-0.18402566015720367;0.4277699887752533;0.5647908449172974;0.12708310782909393;0.42090925574302673;0.5768460631370544;-0.2296399474143982;0.4227343201637268;0.6213743090629578;0.08950633555650711;0.419536292552948;0.6300089359283447;-0.08952546864748001;0.496133953332901;0.6284810900688171;0.13227564096450806;0.5020239353179932;0.6414552927017212;-0.08811772614717484;0.44952539503574374;0.3884309232234955;-0.05062747383490205;0.45377015322446823;0.6496846079826355;0.07397734094411135;0.45754194259643555;0.6760544329881668;-0.23917997255921364;0.4829171697298686;0.772290031115214;0.20665796597798666;0.48434505860010785;0.7833065390586853;0.035355317716797195;sentandose;lado
2.2;0.45098721981048584;0.40577563643455505;-0.07220951467752457;0.42752644419670105;0.4665745198726654;0.09081112593412399;0.420783132314682;0.46824905276298523;-0.1882304549217224;0.42736151814460754;0.5648921728134155;0.12227154523134232;0.420179545879364;0.5768758654594421;-0.2324560284614563;0.42183002829551697;0.6220265030860901;0.08956316858530045;0.4194351136684418;0.6304821372032166;-0.08957789838314056;0.49582430720329285;0.628674328327179;0.13332858681678772;0.5020509958267212;0.6385248303413391;-0.08789002895355225;0.44693374037742617;0.3876597911119461;-0.057161789201200006;0.45267529785633087;0.6479263454675674;0.06880575604736805;0.4588528871536255;0.6759835481643677;-0.24289100617170334;0.48313098152478534;0.7719258467356364;0.21152818202972412;0.4842044810454051;0.7828388214111328;0.037755424777666725;sentandose;lado
2.23;0.4494394361972809;0.4054352641105652;-0.06803794205188751;0.4268016219139099;0.46651217341423035;0.0961637943983078;0.41938579082489014;0.46834415197372437;-0.18613390624523163;0.4280035197734833;0.564955472946167;0.12748266756534576;0.4203868806362152;0.576752781867981;-0.23032879829406738;0.42187437415122986;0.6223403215408325;0.08986169099807739;0.41920799016952515;0.6305217742919922;-0.08986087888479233;0.4956319332122803;0.6288013458251953;0.12877847254276276;0.5020604729652405;0.6349050998687744;-0.08890428394079208;0.4452082276344299;0.38756046295166013;-0.053139833454042676;0.4543296843767166;0.6481389701366425;0.07352286856621504;0.4598373547196388;0.6757555454969406;-0.2419775351881981;0.4831400513648987;0.7730588714281718;0.2041801412900289;0.4840925633907318;0.7819759448369344;0.03200350080927213;sentandose;lado
2.27;0.44857367873191833;0.4055590033531189;-0.05467214062809944;0.4268665015697479;0.4665338695049286;0.10862857848405838;0.4183870851993561;0.4683059751987457;-0.17537865042686462;0.4282275438308716;0.5650218725204468;0.1413317322731018;0.4208812415599823;0.5763750076293945;-0.21752208471298218;0.4222434461116791;0.6223611235618591;0.08991232514381409;0.4192473590373993;0.6307344436645508;-0.0899009257555008;0.4954650402069092;0.6285737156867981;0.12355528026819229;0.502091646194458;0.6336675882339478;-0.09278101474046707;0.44456661939620973;0.3876757025718689;-0.039769499003887175;0.4549708887934685;0.6444274932146072;0.08975725062191486;0.4600968137383461;0.6753638386726379;-0.22564755007624626;0.48421670993169147;0.7744933366775513;0.19150459269682565;0.48412148157755536;0.7809864083925883;0.02215875033289194;sentandose;lado
2.3;0.4478406608104706;0.4057229161262512;-0.05461270362138748;0.4266118109226227;0.46645575761795044;0.10815229266881943;0.4175404906272888;0.46799442172050476;-0.17471906542778015;0.42830419540405273;0.5650730729103088;0.14221636950969696;0.42161768674850464;0.5757131576538086;-0.21525904536247253;0.42300623655319214;0.6222043633460999;0.0898544043302536;0.4193004369735718;0.6308237314224243;-0.08983767777681351;0.495307058095932;0.6282829642295837;0.12127882242202759;0.5021872520446777;0.6343234181404114;-0.09306205064058304;0.4439158827066422;0.38782252073287965;-0.039757657982409;0.45532044768333435;0.6451277881860733;0.09603120386600494;0.4606746807694435;0.6752893030643463;-0.21918906643986702;0.48566832145055133;0.774470865726471;0.19019909699757895;0.48421525955200195;0.7821186979611715;0.022630452178418636;sentandose;lado
2.33;0.44721874594688416;0.4057616591453552;-0.04702989012002945;0.4256345331668854;0.4664958417415619;0.1130843311548233;0.4177713096141815;0.467700332403183;-0.16850674152374268;0.42670488357543945;0.5652127861976624;0.1446959227323532;0.4222058057785034;0.575244665145874;-0.20847761631011963;0.4228590726852417;0.6226610541343689;0.0897316113114357;0.4196823537349701;0.6310842037200928;-0.08971208333969116;0.49510088562965393;0.6283285021781921;0.11854834854602814;0.50247722864151;0.6344042420387268;-0.09332159161567688;0.44317069053649905;0.38791818022727964;-0.03219298887997866;0.45456431061029434;0.6463481783866882;0.0972706526517868;0.46098592877388;0.6751602441072464;-0.21107995882630348;0.4857643445332845;0.7751908302307129;0.18581762413183847;0.4842294255892436;0.7829616665840149;0.019621545914560556;sentandose;lado
2.37;0.44632306694984436;0.4058387577533722;-0.04823361337184906;0.4254553020000458;0.46655356884002686;0.11217000335454941;0.4173192083835602;0.46773967146873474;-0.1701977699995041;0.4265064597129822;0.5652359127998352;0.143513023853302;0.42283156514167786;0.5751048922538757;-0.20957955718040466;0.4228687882423401;0.6229347586631775;0.08972760289907455;0.42011749744415283;0.631273090839386;-0.0897066667675972;0.49485552310943604;0.6285143494606018;0.11857648938894272;0.5026442408561707;0.6346359848976135;-0.09337808191776276;0.44213995337486267;0.3879619002342224;-0.033497173618525264;0.4541097581386566;0.6472455412149429;0.09595083817839622;0.461457759141922;0.6752735823392868;-0.2117583565413952;0.4854452610015869;0.7756209572156271;0.1852760761976242;0.48426249623298645;0.7835464477539062;0.018666137165079515;sentandose;lado
2.4;0.4460165500640869;0.4059050679206848;-0.0502639040350914;0.4249831438064575;0.46658089756965637;0.11272004246711731;0.4175311326980591;0.4676249623298645;-0.17292816936969757;0.4264952838420868;0.5652461647987366;0.14404265582561493;0.4234004616737366;0.5749919414520264;-0.21299190819263458;0.4226687550544739;0.6229326128959656;0.0900692418217659;0.42081278562545776;0.6312445998191833;-0.09003931283950806;0.49475252628326416;0.6285766959190369;0.11973973363637924;0.5029146671295166;0.6346386075019836;-0.09425356984138489;0.4415860027074814;0.38804075717926023;-0.03540487959980965;0.4538331925868988;0.6475530117750168;0.09551281109452248;0.4617421329021454;0.6753052324056625;-0.21591591835021973;0.4851188560326894;0.7757617433865865;0.18839445213476816;0.4842505057652791;0.7850320736567179;0.018078331059465807;sentandose;lado
2.43;0.44558456540107727;0.405945748090744;-0.053797271102666855;0.4250267446041107;0.4666684865951538;0.10853169858455658;0.4178889989852905;0.4676426649093628;-0.1745915710926056;0.42679452896118164;0.5660240650177002;0.13934354484081268;0.4237162172794342;0.5752600431442261;-0.21409380435943604;0.42265477776527405;0.6228757500648499;0.09006118029356003;0.4215966761112213;0.631228506565094;-0.09003143757581711;0.4946393668651581;0.6285540461540222;0.1207926943898201;0.5032083988189697;0.6347531676292419;-0.09366289526224136;0.44114104807376864;0.38806122839450835;-0.039178657718002795;0.45378759503364563;0.6477058827877045;0.08988923206925392;0.46195898205041885;0.6755181849002838;-0.21715539321303368;0.48484867811203003;0.7756427129109701;0.19026062389214835;0.48427340388298035;0.7849427064259847;0.019742812340458233;sentandose;lado
2.47;0.4454316198825836;0.40574830770492554;-0.05643606558442116;0.4253302812576294;0.466695100069046;0.10668083280324936;0.41783520579338074;0.4676622748374939;-0.17597927153110504;0.42737266421318054;0.5667287707328796;0.13730557262897491;0.42395734786987305;0.57566899061203;-0.2153686136007309;0.4228675663471222;0.6228595972061157;0.08999552577733994;0.4220787286758423;0.6312140226364136;-0.08996547013521194;0.4946867823600769;0.6285865306854248;0.12146806716918945;0.5035316348075867;0.6349225640296936;-0.09329552203416824;0.4408600181341171;0.3877933233976364;-0.041728674061596395;0.4542663246393204;0.6477088034152985;0.0879024900496006;0.46210087835788727;0.6756462454795837;-0.21756873279809952;0.48571452498435974;0.7753334045410156;0.19192751745382944;0.48440762360890705;0.7848027944564819;0.02111465639124314;sentandose;lado
2.5;0.4453069865703583;0.40516433119773865;-0.057206422090530396;0.4256027936935425;0.46690672636032104;0.1054084524512291;0.4176938831806183;0.46794670820236206;-0.17612792551517487;0.42772433161735535;0.5674148201942444;0.13624179363250732;0.4241395592689514;0.5763245820999146;-0.21511603891849518;0.4233561158180237;0.622808575630188;0.08988737314939499;0.42235884070396423;0.6311943531036377;-0.08985649049282074;0.49475207924842834;0.6286046504974365;0.12114798277616501;0.5037685632705688;0.6350511908531189;-0.0930851474404335;0.4406915783882141;0.3872211128473282;-0.04262852314859629;0.4546067416667938;0.6478132903575897;0.08683759905397892;0.46219342201948166;0.6757553368806839;-0.21663730219006538;0.4856746196746826;0.775146464506785;0.19063215454419455;0.4844375749429067;0.7844978968302408;0.02163336208711068;sentandose;lado
2.53;0.44515475630760193;0.40443354845046997;-0.057468097656965256;0.42579981684684753;0.4673801362514496;0.10461370646953583;0.4175311028957367;0.4681978225708008;-0.17553040385246277;0.4280407130718231;0.5679625272750854;0.13546821475028992;0.42426785826683044;0.5768546462059021;-0.21370747685432434;0.4240640103816986;0.6227417588233948;0.08978479355573654;0.42246001958847046;0.6311785578727722;-0.08975370973348618;0.494987428188324;0.6286239624023438;0.11966965347528458;0.5040008425712585;0.6351343989372253;-0.09308037906885147;0.4404968053102493;0.386362886428833;-0.04303114283829927;0.4547949880361557;0.6482539623975754;0.08652724884450436;0.46226688474416733;0.675890788435936;-0.21471576020121574;0.48577333490053815;0.7751395106315613;0.1870806167523066;0.48400651415189105;0.7821115255355835;0.02051463567962249;sentandose;lado
2.57;0.4449797570705414;0.40430203080177307;-0.05778011679649353;0.42585355043411255;0.46769285202026367;0.1041354387998581;0.41763103008270264;0.46857941150665283;-0.1752443015575409;0.4286344051361084;0.5682896971702576;0.13497871160507202;0.42432665824890137;0.5772605538368225;-0.21316945552825928;0.4244675934314728;0.6227113008499146;0.08967452496290207;0.42265209555625916;0.6311802268028259;-0.08964520692825317;0.4953332245349884;0.6287013292312622;0.11941414326429367;0.5042176246643066;0.6351253390312195;-0.09294666349887848;0.440349617600441;0.3861657351255417;-0.043380981869995595;0.4550047665834427;0.6489358842372894;0.08629950508475304;0.4623039439320564;0.6759394109249115;-0.21371309086680412;0.485805610815684;0.7751412391662598;0.18720815579096475;0.48395341634750366;0.7815151611963908;0.02098820110162099;sentandose;lado
2.6;0.4450780153274536;0.40384727716445923;-0.05732749402523041;0.4259965717792511;0.4677760899066925;0.10381676256656647;0.4177703261375427;0.4686587154865265;-0.17403626441955566;0.4287262260913849;0.5684813857078552;0.13477110862731934;0.42439448833465576;0.5774558782577515;-0.211618572473526;0.4246627986431122;0.6226806044578552;0.08948823809623718;0.4227921962738037;0.6311268210411072;-0.0894622728228569;0.4956442713737488;0.6289197206497192;0.11932634562253952;0.5044481754302979;0.6351490020751953;-0.09228052198886871;0.4404611736536026;0.3856414943933487;-0.04304319117218256;0.4551076889038086;0.6496821492910385;0.08605565503239632;0.4622596204280853;0.6759128272533417;-0.21154427155852318;0.48572330673535663;0.7752045591672262;0.18726407488187155;0.48401858409245807;0.7812626957893372;0.021391250814000767;sentandose;lado
2.63;0.44528618454933167;0.4038301706314087;-0.05741219222545624;0.4263984262943268;0.4678364396095276;0.1035432443022728;0.4179013669490814;0.46880683302879333;-0.17455990612506866;0.42886245250701904;0.5687255263328552;0.13341495394706726;0.4244094789028168;0.5775564312934875;-0.21252043545246124;0.42512115836143494;0.6226660013198853;0.08948342502117157;0.4231131672859192;0.6311181783676147;-0.08945764601230621;0.4958260655403137;0.6289481520652771;0.119679756462574;0.5047728419303894;0.6349958181381226;-0.0922408252954483;0.44067759811878204;0.38552058935165406;-0.04319946505129337;0.45516978949308395;0.6497495323419571;0.08390545658767223;0.4622897356748581;0.6759051978588104;-0.2127775177359581;0.48573145270347595;0.7752201358477274;0.1877959022919337;0.4841344356536865;0.7809987664222717;0.02101864976187547;sentandose;lado
2.67;0.44545868039131165;0.4038347005844116;-0.05721137300133705;0.42681947350502014;0.46787235140800476;0.10306427627801895;0.41800832748413086;0.46892601251602173;-0.1739354431629181;0.42918238043785095;0.5688892602920532;0.131705641746521;0.4244558811187744;0.5776084065437317;-0.21151795983314514;0.4255453646183014;0.6226537823677063;0.08930012583732605;0.4233885407447815;0.6311123967170715;-0.0892777368426323;0.4959127902984619;0.628955066204071;0.11946991831064224;0.5050616264343262;0.6349489688873291;-0.09203221648931503;0.44083442687988283;0.3854278951883316;-0.04305089153349399;0.4554091989994049;0.6498988121747971;0.08324449509382248;0.46231500804424286;0.6758836358785629;-0.20956454798579216;0.48572154839833576;0.775140643119812;0.1866078625122706;0.48441415031750995;0.7806191841761271;0.021026670311888058;sentandose;lado
2.7;0.445561021566391;0.4038565456867218;-0.05729623883962631;0.42719566822052;0.467899888753891;0.10146565735340118;0.41805964708328247;0.46905598044395447;-0.17374634742736816;0.43005478382110596;0.5689859986305237;0.12962356209754944;0.42469826340675354;0.5776318311691284;-0.2108936905860901;0.4261123239994049;0.6226416826248169;0.08885302394628525;0.42351293563842773;0.6311042904853821;-0.08883611112833023;0.49598655104637146;0.629016637802124;0.11860691756010056;0.5051979422569275;0.6349052786827087;-0.0915120393037796;0.44096390902996063;0.3854523658752441;-0.04315448757261038;0.45574092864990234;0.6499682366847992;0.08275402896106243;0.46232835203409195;0.675876572728157;-0.2071656957268715;0.4864381055037181;0.7756812771161398;0.18465086817741394;0.4846172034740448;0.7805067499478658;0.02089403538654248;sentandose;lado
2.73;0.44564390182495117;0.40387123823165894;-0.05776600167155266;0.4273858368396759;0.4679085910320282;0.09932337701320648;0.418114572763443;0.4690619111061096;-0.17401009798049927;0.43027952313423157;0.5690138339996338;0.1276274025440216;0.42490363121032715;0.5777097940444946;-0.21127605438232422;0.426188588142395;0.6226344704627991;0.08847279101610184;0.4236111044883728;0.6310963034629822;-0.08845870196819305;0.49615010619163513;0.6291266679763794;0.11876226216554642;0.5053445100784302;0.6349172592163086;-0.0906936302781105;0.4410542368888855;0.3854768961668015;-0.04382791928946972;0.4565904960036278;0.6469717025756836;0.08127900958061218;0.462340272963047;0.6758213043212891;-0.20799190178513527;0.4868774215380351;0.7757448752721151;0.18550551931063333;0.48467567563056946;0.7805371681849161;0.021135985230406124;sentandose;lado
2.77;0.4457126557826996;0.4039454758167267;-0.057851266115903854;0.4274311661720276;0.46782633662223816;0.09929443150758743;0.4181262254714966;0.4690674841403961;-0.1742955893278122;0.43036943674087524;0.5690090656280518;0.1280001699924469;0.4251594841480255;0.5777170658111572;-0.2115825116634369;0.42621615529060364;0.6225672364234924;0.08842631429433823;0.42367854714393616;0.6310709714889526;-0.0884127989411354;0.4961627423763275;0.6291797161102295;0.11893187463283539;0.5055365562438965;0.634926438331604;-0.09069851785898209;0.44109885692596434;0.38549911975860596;-0.04394930610433221;0.45664607733488083;0.6473944038152695;0.08210564032196999;0.46246083080768585;0.6758162677288055;-0.20819426700472832;0.4870672325293223;0.7757348616917928;0.18604866663614908;0.4852016468842824;0.7816371321678162;0.021315341504911583;sentandose;lado
2.8;0.44583767652511597;0.4040559232234955;-0.057306334376335144;0.4274936318397522;0.4677712619304657;0.09986928105354309;0.41822537779808044;0.469073623418808;-0.174338698387146;0.4304780066013336;0.5688198804855347;0.12881597876548767;0.42521896958351135;0.5775880217552185;-0.21145403385162354;0.4265768229961395;0.6223782896995544;0.08842906355857849;0.4238113462924957;0.6310468316078186;-0.08841553330421448;0.4961869716644287;0.6292075514793396;0.11865810304880142;0.5056682229042053;0.6349366307258606;-0.09080933779478073;0.4411692649126053;0.38555855453014376;-0.04332346739247441;0.45689959079027176;0.6455768942832947;0.08401757851243019;0.4625333175063133;0.6758124083280563;-0.20769880712032318;0.48718224962552387;0.7756768862406412;0.18617509305477142;0.4853812058766683;0.7823488116264343;0.02092034773280223;sentandose;lado
2.83;0.4460213780403137;0.40407246351242065;-0.05571720749139786;0.42794451117515564;0.467771977186203;0.1009611040353775;0.41843661665916443;0.46907004714012146;-0.17279678583145142;0.4306127727031708;0.5686593651771545;0.129434272646904;0.4252576529979706;0.5774444937705994;-0.20949062705039978;0.42682966589927673;0.6223662495613098;0.08840625733137131;0.42389529943466187;0.631043553352356;-0.08838977664709091;0.49622711539268494;0.6292529702186584;0.11766286939382553;0.505821943283081;0.6349688768386841;-0.09091800451278687;0.4412693798542023;0.38557555079460143;-0.041797416657209395;0.45698966085910797;0.644726350903511;0.08412012457847595;0.46256978064775467;0.6757687330245972;-0.20639732852578163;0.4871888856093089;0.7756489117940267;0.1849434276421865;0.4853462179501851;0.7827755014101664;0.019702040900786717;sentandose;lado
2.87;0.44621044397354126;0.4040873348712921;-0.05579805374145508;0.42823028564453125;0.4676665961742401;0.1007380560040474;0.4185980260372162;0.4689316153526306;-0.17299462854862213;0.4309116303920746;0.5684956908226013;0.12914450466632843;0.4253940284252167;0.5772618651390076;-0.20973676443099976;0.42705434560775757;0.6223355531692505;0.0883660688996315;0.4239615797996521;0.6310368180274963;-0.08834762126207352;0.49623045325279236;0.6293220520019531;0.11695792526006699;0.5059245824813843;0.6350374817848206;-0.0909542590379715;0.44140143096446993;0.38558787405490874;-0.042078785691410305;0.4570448398590088;0.6444336622953415;0.08359326049685478;0.4626027122139931;0.6757314056158066;-0.2066318690776825;0.48718568682670593;0.7757188677787781;0.18424445390701294;0.48526886105537415;0.7832174897193909;0.01898229479168852;sentandose;lado
2.9;0.446477472782135;0.403912752866745;-0.0562618263065815;0.42866966128349304;0.4675411283969879;0.10044357180595398;0.4187083840370178;0.468770295381546;-0.17315976321697235;0.43134406208992004;0.5684377551078796;0.12879006564617157;0.4254615008831024;0.577202558517456;-0.21001878380775452;0.42754417657852173;0.6222505569458008;0.08835025876760483;0.4239727854728699;0.6310456395149231;-0.08833079785108566;0.49623405933380127;0.62932288646698;0.11708290129899979;0.5059640407562256;0.6351549625396729;-0.09095784276723862;0.44153325259685516;0.38550885617733;-0.04256188357248902;0.45720044523477554;0.6441192775964737;0.08290020748972893;0.46263323724269867;0.6757233738899231;-0.20702629536390305;0.48730677366256714;0.7756312092145284;0.18460744122664133;0.4852245847384135;0.7835089763005575;0.019205447907249134;sentandose;lado
2.93;0.4468201994895935;0.40383052825927734;-0.0585700199007988;0.4289105236530304;0.4672842025756836;0.09915097057819366;0.4187977612018585;0.4685909152030945;-0.17406868934631348;0.4317151606082916;0.5683125853538513;0.127658873796463;0.4255676865577698;0.5771457552909851;-0.21078966557979584;0.42776545882225037;0.6221783757209778;0.08831625431776047;0.423976868391037;0.6310564875602722;-0.08829674869775772;0.4962398111820221;0.6293813586235046;0.11716105043888092;0.5061037540435791;0.6352794766426086;-0.09087681025266647;0.44181843400001525;0.3854685455560684;-0.044717233162373304;0.45741891115903854;0.6440325379371643;0.08228009939193726;0.4627637267112732;0.6757386773824692;-0.20724818855524063;0.48739702502886456;0.7756287058194479;0.18537279466787973;0.48522748549779254;0.7836854060490926;0.020398575191696484;sentandose;lado
2.97;0.447282075881958;0.40381065011024475;-0.05994228646159172;0.42911282181739807;0.4670230746269226;0.09791728854179382;0.41893330216407776;0.46842053532600403;-0.17469680309295654;0.4321330189704895;0.5681573152542114;0.12664107978343964;0.4257240891456604;0.5769346356391907;-0.21124877035617828;0.4281276762485504;0.622093141078949;0.08822239935398102;0.4239974021911621;0.6310790777206421;-0.08820313215255737;0.49638500809669495;0.6293893456459045;0.11724244058132172;0.5061730742454529;0.6354032754898071;-0.0908789113163948;0.44229161739349365;0.3854450315237045;-0.046032732166349885;0.4577571526169777;0.6440851241350174;0.08224630914628506;0.4628778249025345;0.6758320778608322;-0.20744282007217407;0.4874841272830963;0.7756158312161764;0.18549622098604837;0.48521647850672406;0.7841336528460184;0.02081071554372708;sentandose;lado
3.0;0.4476318657398224;0.40377917885780334;-0.06296378374099731;0.4292382001876831;0.4666498601436615;0.09445985406637192;0.4190780222415924;0.46817275881767273;-0.1762857586145401;0.43236762285232544;0.5679997801780701;0.1232348307967186;0.42579662799835205;0.576772153377533;-0.21272055804729462;0.42834383249282837;0.6219547390937805;0.08790991455316544;0.4240247309207916;0.6310775279998779;-0.08789417892694473;0.4964536130428314;0.6295214891433716;0.11753794550895691;0.5061984658241272;0.6355458498001099;-0.09052836149930954;0.442629474401474;0.3853827178478241;-0.049205709528177974;0.45808978378772736;0.6440750062465668;0.07959600165486336;0.4629287123680115;0.6758300215005875;-0.20846007764339447;0.48667121926943463;0.7752953767776489;0.18626790245374045;0.48568544785181683;0.7839832901954651;0.02344897824029128;sentandose;lado
3.03;0.4477417469024658;0.403780072927475;-0.05959218367934227;0.4294624924659729;0.4664399027824402;0.09799892455339432;0.41949936747550964;0.4679187536239624;-0.17124588787555695;0.43257537484169006;0.5677900910377502;0.1239529550075531;0.42600739002227783;0.5765120983123779;-0.20830529928207397;0.4285219609737396;0.6218584775924683;0.08772419393062592;0.4240342378616333;0.6310483813285828;-0.08770802617073059;0.4976521134376526;0.6297827959060669;0.11758783459663391;0.5064451694488525;0.6354034543037415;-0.09047428518533707;0.44278034567832947;0.3853989392518997;-0.04584569418802857;0.4585646763443947;0.6438684463500977;0.07963886298239231;0.4629470705986023;0.6757463961839676;-0.20626924559473991;0.4867255588372548;0.7747080127398173;0.1862435688575109;0.486194650332133;0.781932016213735;0.024196927746136982;sentandose;lado
3.07;0.4479370713233948;0.403788685798645;-0.05598737671971321;0.4296521544456482;0.4663343131542206;0.10145775973796844;0.4197663366794586;0.46773573756217957;-0.16835010051727295;0.43271753191947937;0.5677632689476013;0.12593652307987213;0.426225870847702;0.576345682144165;-0.2058459222316742;0.42863157391548157;0.6217719912528992;0.08764517307281494;0.4240362048149109;0.6309636235237122;-0.0876249372959137;0.4982908070087433;0.6301177144050598;0.11746665090322495;0.5066201686859131;0.63521808385849;-0.09041274338960648;0.4430058538913727;0.38542844355106354;-0.042116341181099415;0.4586988687515259;0.6438809633255005;0.07962839305400848;0.4629506766796112;0.6756798923015594;-0.2053620032966137;0.48676743110020954;0.7744915088017782;0.1859688013792038;0.4864373405774434;0.7812397281328837;0.02398423043390115;sentandose;lado
3.1;0.4479686915874481;0.4038209617137909;-0.05561082437634468;0.4300360679626465;0.4663318991661072;0.10145782679319382;0.4199390411376953;0.4676044285297394;-0.16665971279144287;0.4331914186477661;0.5677208304405212;0.1261463314294815;0.426469087600708;0.5760891437530518;-0.20323152840137482;0.4288439154624939;0.6217203140258789;0.0872238352894783;0.4240390360355377;0.6308473944664001;-0.08719722926616669;0.4987286627292633;0.6303330063819885;0.11507532000541687;0.506773054599762;0.6348873972892761;-0.09026086330413818;0.443088299036026;0.3854613095521927;-0.04191998299211264;0.4592136964201927;0.6439792662858963;0.07952028699219227;0.46303142607212067;0.6756670475006104;-0.20239130035042763;0.48678667346636456;0.7749196092287699;0.1817869891722997;0.4865270256996155;0.7811185320218405;0.02263175944487254;sentandose;lado
3.13;0.4481011629104614;0.4038286507129669;-0.05450112372636795;0.4306095540523529;0.4663683772087097;0.10183355212211609;0.420051634311676;0.4675288498401642;-0.1650385558605194;0.4339406490325928;0.5676919221878052;0.12621518969535828;0.42683759331703186;0.5759032964706421;-0.20120489597320557;0.42903998494148254;0.6216696500778198;0.0868404284119606;0.4240286350250244;0.6306821703910828;-0.08680771291255951;0.4990016222000122;0.6309629678726196;0.1132180392742157;0.5068830251693726;0.6346287131309509;-0.09026145190000534;0.4432324141263962;0.3854766577482224;-0.04100877922028303;0.4597715809941292;0.6442479938268661;0.07959672436118126;0.46311841160058975;0.6756541132926941;-0.20043744146823883;0.48694918553034466;0.7751541137695312;0.17870432138442993;0.48657913009325665;0.7809539635976156;0.020970952697098255;sentandose;lado
3.17;0.44813093543052673;0.4038642644882202;-0.054693661630153656;0.4308433532714844;0.4663655459880829;0.10148979723453522;0.4202301800251007;0.46727943420410156;-0.16615130007266998;0.4342544972896576;0.5676652193069458;0.12612462043762207;0.4270710349082947;0.5757926106452942;-0.2025812417268753;0.4291372001171112;0.6215285062789917;0.08662242442369461;0.4240080416202545;0.6305195689201355;-0.08658772706985474;0.49895405769348145;0.6314135193824768;0.11375835537910461;0.5069676637649536;0.6345755457878113;-0.09008461236953735;0.44329985678195954;0.38550797402858733;-0.0417220888659358;0.4601723551750183;0.6444003134965897;0.07878094539046288;0.4631776288151741;0.6755956560373306;-0.20137301832437515;0.487033873796463;0.7751265168190002;0.17992297808329263;0.48759449521700543;0.7808234691619873;0.021756588481366634;sentandose;lado
3.2;0.44817671179771423;0.404136598110199;-0.05502732843160629;0.43104055523872375;0.4663659632205963;0.10238329321146011;0.42047563195228577;0.46700409054756165;-0.1668592095375061;0.4344364404678345;0.5675906538963318;0.12846608459949493;0.4271770119667053;0.5755189657211304;-0.20329032838344574;0.4291984736919403;0.6215126514434814;0.08665037900209427;0.42400097846984863;0.6304888129234314;-0.0866130068898201;0.4992597699165344;0.6315755248069763;0.11378709971904755;0.5070440769195557;0.63447505235672;-0.09048774093389511;0.44342022836208345;0.3857236564159393;-0.04186950512230396;0.46038831025362015;0.6447069495916367;0.07972129434347153;0.46331728994846344;0.675584003329277;-0.20459136366844177;0.4872998396555583;0.7750664154688517;0.18008523186047873;0.4874755839506785;0.780567447344462;0.021723895023266476;sentandose;lado
3.23;0.448244571685791;0.4041442275047302;-0.05458175390958786;0.43119069933891296;0.46633008122444153;0.10328526794910431;0.42086854577064514;0.4667886793613434;-0.16630308330059052;0.4344027042388916;0.5674036741256714;0.12949107587337494;0.4273354113101959;0.5752652287483215;-0.20342212915420532;0.4291883111000061;0.6214883923530579;0.08665340393781662;0.42402127385139465;0.6304522156715393;-0.08661466091871262;0.4992104768753052;0.6315661072731018;0.1144583448767662;0.5071930885314941;0.634471595287323;-0.09031751751899719;0.4435183942317963;0.38574583530426027;-0.04115463234484196;0.4597913324832916;0.6474474221467972;0.07975996099412441;0.4634544178843498;0.6755469143390656;-0.20551485195755959;0.4874863127867381;0.7748856544494629;0.1829034686088562;0.4873180588086446;0.7806642055511475;0.022450563497841358;sentandose;lado
3.27;0.448300302028656;0.40414515137672424;-0.05470416322350502;0.4313006103038788;0.46626654267311096;0.10322734713554382;0.4211125373840332;0.4666084349155426;-0.16662746667861938;0.43439123034477234;0.5673185586929321;0.12970130145549774;0.42741528153419495;0.5751039385795593;-0.2038130909204483;0.42917951941490173;0.6213659644126892;0.08665381371974945;0.4240214228630066;0.6303824782371521;-0.08661387115716934;0.49950525164604187;0.631550669670105;0.1146164983510971;0.50728839635849;0.6344731450080872;-0.09033606201410294;0.44360387325286865;0.38575566112995147;-0.041278140246868135;0.45962560176849365;0.6482513844966888;0.07988715171813965;0.46364105492830276;0.6755427420139313;-0.20675602182745934;0.48758506774902344;0.7748088041941324;0.1832985778649648;0.48698635896046955;0.780939777692159;0.02245552061746518;sentandose;lado
3.3;0.4483453035354614;0.40420106053352356;-0.05512215569615364;0.4313289225101471;0.4660823941230774;0.10312125086784363;0.4213036000728607;0.4662408232688904;-0.16655981540679932;0.4343738853931427;0.5671414136886597;0.12968187034130096;0.42744025588035583;0.5749767422676086;-0.20379142463207245;0.4291730523109436;0.6213522553443909;0.08639601618051529;0.4240748882293701;0.6301857829093933;-0.08635708689689636;0.4994785487651825;0.6316484808921814;0.11385949701070786;0.5073712468147278;0.6344747543334961;-0.09030798822641373;0.443755629658699;0.3858209431171417;-0.041842371225357056;0.45947836339473724;0.6487957239151001;0.08048010803759098;0.46376339346170425;0.6755028516054153;-0.20578066632151604;0.48761210838953656;0.7751580476760864;0.18102536102135977;0.4868410627047221;0.7814212640126547;0.021386627107858658;sentandose;lado
3.33;0.44835928082466125;0.4042900800704956;-0.05668601021170616;0.43138986825942993;0.4658747613430023;0.10291416198015213;0.42142483592033386;0.46604105830192566;-0.16659705340862274;0.43443089723587036;0.5670931935310364;0.12965720891952515;0.42748361825942993;0.5748869776725769;-0.2038877010345459;0.4292234480381012;0.6212949752807617;0.08639191836118698;0.42416101694107056;0.6299750804901123;-0.08635330945253372;0.4997711777687073;0.6316907405853271;0.11391617357730865;0.5075055360794067;0.6344545483589172;-0.09033706784248352;0.4438637584447861;0.38587538003921507;-0.04327447023242712;0.4595397338271141;0.6491405665874481;0.0810957532376051;0.4638966768980026;0.6754810959100723;-0.20572300627827644;0.4878403643767039;0.7754922310511271;0.18089111149311066;0.48659275968869525;0.7818299333254496;0.020570692606270313;sentandose;lado
3.37;0.44841623306274414;0.40436267852783203;-0.0566730871796608;0.43141838908195496;0.4656391739845276;0.1028340607881546;0.4215978682041168;0.4658707082271576;-0.166774719953537;0.4344169795513153;0.5668668746948242;0.12967368960380554;0.42749783396720886;0.574776828289032;-0.20405542850494385;0.4292263090610504;0.6211814880371094;0.08637445420026779;0.424180805683136;0.6298949718475342;-0.08633486181497574;0.5001250505447388;0.63154536485672;0.11404810845851898;0.5075965523719788;0.6343984007835388;-0.09023429453372955;0.44402595460414884;0.3858904927968979;-0.043234121054410934;0.4597485885024071;0.6491656303405762;0.08180000446736813;0.4639482796192169;0.6753198951482773;-0.20589004829525948;0.48830531040827435;0.7753608624140421;0.18115061024824777;0.4868321319421132;0.7833200295766195;0.02052555326372385;sentandose;lado
3.4;0.4484958052635193;0.4043654501438141;-0.06092437729239464;0.4315067529678345;0.4653966724872589;0.09763197600841522;0.4216923117637634;0.46577179431915283;-0.16981106996536255;0.4344768524169922;0.5667598247528076;0.1265888512134552;0.42750686407089233;0.5747252106666565;-0.20766393840312958;0.42945846915245056;0.6208685636520386;0.08609378337860107;0.42420756816864014;0.6298829913139343;-0.08605371415615082;0.5006492137908936;0.6314019560813904;0.11439696699380875;0.5076380968093872;0.6344254612922668;-0.08939122408628464;0.44415023922920227;0.3858966529369354;-0.04731312170624733;0.4599231854081154;0.649353876709938;0.0816198643296957;0.4639652371406555;0.6752818077802658;-0.20937661454081535;0.48868728677431744;0.7742486198743185;0.18512321015199026;0.4868960877259572;0.784298300743103;0.022529810667037964;sentandose;lado
3.43;0.44859713315963745;0.4043736457824707;-0.0662238746881485;0.4316605031490326;0.4652751386165619;0.09461917728185654;0.4217450022697449;0.46572989225387573;-0.1731850802898407;0.4346608817577362;0.5665013790130615;0.12448842823505402;0.427521675825119;0.5746833682060242;-0.2115297019481659;0.42958831787109375;0.620655357837677;0.08602006733417511;0.4242025911808014;0.6298678517341614;-0.08598019927740097;0.5007989406585693;0.6313745379447937;0.11600940674543381;0.5076412558555603;0.6345325112342834;-0.0891154557466507;0.44428692758083344;0.3859035313129425;-0.052526773512363435;0.4606799781322479;0.6470420658588409;0.0799193773418665;0.4639843627810478;0.6752291768789291;-0.21432578191161156;0.48884521921475727;0.7724412480990092;0.1891834040482839;0.48709041873613995;0.7843266924222311;0.02543715884288152;sentandose;lado
3.47;0.4486501216888428;0.4043865203857422;-0.07404714822769165;0.4318262040615082;0.46508491039276123;0.09045945107936859;0.42174506187438965;0.4656820297241211;-0.17668978869915009;0.435151070356369;0.5659999847412109;0.12120416760444641;0.42756423354148865;0.574657678604126;-0.21441899240016937;0.42978212237358093;0.6204261183738708;0.08588308840990067;0.4242328703403473;0.6297715306282043;-0.08584470301866531;0.500973105430603;0.6314027905464172;0.11702603846788406;0.5076887011528015;0.6346284747123718;-0.08911235630512238;0.4443770468235016;0.38592767119407656;-0.060417679022066295;0.4614139571785927;0.6461983323097229;0.07715674117207527;0.4640214592218399;0.6751476377248764;-0.2168009765446186;0.48938432335853577;0.7718435525894165;0.19119522472222647;0.4872325360774994;0.7843496004740397;0.025971069931983948;sentandose;lado
3.5;0.44878441095352173;0.4043901562690735;-0.07197940349578857;0.4319019913673401;0.46490031480789185;0.09066309779882431;0.4218156933784485;0.4655889868736267;-0.17789344489574432;0.43527114391326904;0.5655847787857056;0.1216086894273758;0.42766955494880676;0.574580729007721;-0.2161083072423935;0.42985185980796814;0.6201534271240234;0.08587057143449783;0.4243355393409729;0.6297231316566467;-0.0858321338891983;0.5010794997215271;0.6314014196395874;0.11911466717720032;0.5077450275421143;0.6348583698272705;-0.08880358934402466;0.44451325833797456;0.3859314739704132;-0.058292539021931586;0.46166667342185974;0.6457516849040985;0.07753164321184158;0.46408821642398834;0.6751282960176468;-0.21945685893297195;0.48946385582288104;0.7709693511327108;0.19545353949069977;0.4874095320701599;0.7840063770612081;0.027916640043258667;sentandose;lado
3.53;0.4490644037723541;0.4043612480163574;-0.06975357234477997;0.43194323778152466;0.46475228667259216;0.09170804917812347;0.4219398498535156;0.4653175473213196;-0.17669592797756195;0.4352532625198364;0.5654526948928833;0.12184987962245941;0.4277736246585846;0.5744107365608215;-0.2147061824798584;0.42984896898269653;0.6200124025344849;0.08578445017337799;0.42443081736564636;0.6295334100723267;-0.08574632555246353;0.5010834336280823;0.6314477324485779;0.11887988448143005;0.5078317523002625;0.6349121332168579;-0.08820275217294693;0.4447108507156372;0.38591896295547484;-0.056071165949106216;0.461609311401844;0.6478187590837479;0.07774354331195354;0.4641832113265991;0.6751220673322678;-0.2174418643116951;0.4894951780637105;0.7708625992139181;0.19343383610248566;0.48759861787160236;0.7838576436042786;0.028103474527597427;sentandose;lado
3.57;0.44936031103134155;0.4042884409427643;-0.06913970410823822;0.4320428967475891;0.46469035744667053;0.09225139021873474;0.4219614863395691;0.46517249941825867;-0.17620199918746948;0.43539589643478394;0.565433144569397;0.12203345447778702;0.4278903901576996;0.574228048324585;-0.21445447206497192;0.4298458397388458;0.6199967265129089;0.08577956259250641;0.424475759267807;0.6293700337409973;-0.08574075251817703;0.5009646415710449;0.6315920352935791;0.11884568631649017;0.5078897476196289;0.634920060634613;-0.08821015805006027;0.44488048553466797;0.385879710316658;-0.05531330639496446;0.4618649408221245;0.6467638462781906;0.07807101868093014;0.4642467573285103;0.6750620603561401;-0.21660857647657394;0.48949209849039715;0.7709358135859171;0.19255341589450836;0.4877185622851054;0.7837707201639811;0.027752241119742393;sentandose;lado
3.6;0.4497906267642975;0.4042806923389435;-0.06746692210435867;0.432119756937027;0.46466076374053955;0.09338890016078949;0.42196124792099;0.4649847447872162;-0.17609940469264984;0.43564245104789734;0.5654358267784119;0.12306607514619827;0.4279724359512329;0.5739976167678833;-0.2143569439649582;0.42984265089035034;0.6199914813041687;0.0857810378074646;0.4244922399520874;0.6291487812995911;-0.0857422724366188;0.501037061214447;0.6317517161369324;0.1183471828699112;0.507992148399353;0.6348603963851929;-0.08823049068450928;0.44516462087631226;0.38587887585163116;-0.053538427921012044;0.462399922311306;0.6462895572185516;0.07906912826001644;0.46437205374240875;0.6750230342149734;-0.21595248952507973;0.4894907573858897;0.7714307506879171;0.19233392675717673;0.48773573835690814;0.7838489810625712;0.026697355943421524;sentandose;lado
3.63;0.4501935839653015;0.40422794222831726;-0.06592240184545517;0.4323083460330963;0.4646459221839905;0.09421955049037933;0.421963095664978;0.46482986211776733;-0.17576676607131958;0.4360920190811157;0.5654525756835938;0.12419207394123077;0.4280514717102051;0.5738341212272644;-0.21431370079517365;0.42986077070236206;0.6199750900268555;0.08580972254276276;0.42450523376464844;0.6288070678710938;-0.08576921373605728;0.5010385513305664;0.6323419809341431;0.11781973391771317;0.5081459879875183;0.6346176266670227;-0.08839257061481476;0.44545731842517855;0.3858613073825836;-0.05202830014750361;0.46340155601501465;0.645876869559288;0.08076895587146282;0.4646516367793083;0.675042986869812;-0.21572282537817955;0.48947109778722125;0.7721549868583679;0.1902047743399938;0.487482210000356;0.7828143239021301;0.024506389784316223;sentandose;lado
3.67;0.45073264837265015;0.40406331419944763;-0.06303659081459045;0.43242400884628296;0.46460333466529846;0.09599696099758148;0.42196938395500183;0.46466702222824097;-0.17413493990898132;0.4363672137260437;0.5654577016830444;0.12484824657440186;0.42818349599838257;0.5736324191093445;-0.21182231605052948;0.42992734909057617;0.6199722290039062;0.08585236966609955;0.4246349334716797;0.6283225417137146;-0.08580991625785828;0.5010977983474731;0.6325599551200867;0.11692315340042114;0.508489191532135;0.6329306364059448;-0.08898714184761047;0.4458467155694962;0.3857517778873444;-0.04922232143580914;0.46401653438806534;0.6457859575748444;0.08082426153123379;0.46487925946712494;0.6750432550907135;-0.21282795071601868;0.4893607199192047;0.7726948857307434;0.18627439439296722;0.48811959226926166;0.7816071112950643;0.02247258306791385;sentandose;lado
3.7;0.4512246549129486;0.4039935767650604;-0.05971131846308708;0.43251192569732666;0.46459484100341797;0.09965844452381134;0.4219822883605957;0.4644189476966858;-0.17307890951633453;0.4367207884788513;0.5654584169387817;0.128873810172081;0.4282841086387634;0.5732808709144592;-0.21088051795959473;0.4299345314502716;0.619940996170044;0.08613802492618561;0.42474445700645447;0.6279650330543518;-0.08609320223331451;0.5011183023452759;0.6325738430023193;0.11630141735076904;0.5087924599647522;0.6322671175003052;-0.08974206447601318;0.44627448320388796;0.3856794506311417;-0.04575984850525856;0.46445510536432266;0.6452909111976624;0.08463545143604279;0.46510183811187744;0.6750301718711853;-0.21182889491319656;0.48956984281539917;0.774375299612681;0.18396030366420746;0.4884742299715678;0.7812698086102804;0.02085078942279021;sentandose;lado
3.73;0.4519212245941162;0.40371736884117126;-0.05446625128388405;0.4326969087123871;0.46459242701530457;0.10457037389278412;0.4220392107963562;0.46395930647850037;-0.17026881873607635;0.4368036985397339;0.5654593110084534;0.1331872195005417;0.42839881777763367;0.5727499127388;-0.2081858068704605;0.4299321472644806;0.619911253452301;0.08658715337514877;0.42482396960258484;0.6274562478065491;-0.08654226362705231;0.5011132955551147;0.6325709223747253;0.11548679322004318;0.5089980959892273;0.6317675113677979;-0.09045952558517456;0.44683584570884705;0.38541457056999207;-0.04045385513454676;0.464326411485672;0.6451698392629623;0.0880572721362114;0.4652906581759453;0.674940213561058;-0.20875217020511627;0.4897143046061198;0.7757251461346945;0.18071621159712473;0.48803500334421795;0.7806811531384786;0.017187256831675768;sentandose;lado
3.77;0.45225974917411804;0.40324729681015015;-0.05421682074666023;0.43292364478111267;0.4646216034889221;0.10530658066272736;0.4221031963825226;0.46381011605262756;-0.17027106881141663;0.4370076656341553;0.5654631853103638;0.1344870626926422;0.4284983277320862;0.5724401473999023;-0.20817984640598297;0.43003952503204346;0.6198174357414246;0.08713159710168839;0.4249808192253113;0.6271745562553406;-0.08708643168210983;0.5012134909629822;0.6324872374534607;0.1153363361954689;0.509235143661499;0.631456196308136;-0.09165021777153015;0.4471226423978806;0.38493952453136443;-0.0401482468470931;0.4644237533211708;0.6449968218803406;0.08924435824155807;0.465584360063076;0.6749467104673386;-0.2086353302001953;0.48967742919921875;0.7762123346328735;0.1806183656056722;0.48804765939712524;0.7808070580164591;0.014807333859304586;sentandose;lado
3.8;0.45248788595199585;0.4029647707939148;-0.05498838052153587;0.43322575092315674;0.4646695852279663;0.10408773273229599;0.4222067594528198;0.463810533285141;-0.17144204676151276;0.4374362528324127;0.5654560923576355;0.1336134821176529;0.42859548330307007;0.5723589062690735;-0.20949670672416687;0.43030616641044617;0.6196607947349548;0.08747200667858124;0.42515742778778076;0.6270421147346497;-0.08742593973875046;0.501444935798645;0.6322759985923767;0.11649458110332489;0.5094938278198242;0.6313387155532837;-0.09297081083059311;0.44726744294166565;0.38473290503025054;-0.04130859952419996;0.46502623707056046;0.6424635648727417;0.08836052007973194;0.46577026695013046;0.6749453693628311;-0.20991263911128044;0.4896149734656016;0.7761245171229044;0.1830140401919683;0.48775636156400043;0.7806952198346456;0.013693364259476462;sentandose;lado
3.83;0.4526597559452057;0.40286576747894287;-0.05532231554389;0.43335220217704773;0.4646691381931305;0.10361017286777496;0.422299861907959;0.4638054072856903;-0.17294278740882874;0.43764975666999817;0.5654247999191284;0.13380317389965057;0.4288075864315033;0.5723055005073547;-0.21176622807979584;0.43039247393608093;0.6195203065872192;0.0878867655992508;0.4252825677394867;0.6269861459732056;-0.08783958852291107;0.5015300512313843;0.6319096088409424;0.11901253461837769;0.50980144739151;0.6309677958488464;-0.09369198977947235;0.44743589460849764;0.3846317112445831;-0.04183943383395672;0.465020127594471;0.6425310522317886;0.0880347304046154;0.46599145978689194;0.6749414056539536;-0.21390117704868317;0.4895286560058594;0.7759973406791687;0.1891952951749166;0.4876479208469391;0.7806021173795065;0.014133547510330876;sentandose;lado
3.87;0.45309728384017944;0.40267208218574524;-0.056052323430776596;0.4334152936935425;0.46463534235954285;0.10364659875631332;0.422567754983902;0.46378692984580994;-0.1733328104019165;0.4378521740436554;0.5653594136238098;0.13428907096385956;0.429043173789978;0.5721961259841919;-0.2120257467031479;0.4304426610469818;0.6193139553070068;0.08810039609670639;0.42534133791923523;0.6269403100013733;-0.08805187791585922;0.5016154050827026;0.6313858032226562;0.11989379674196243;0.5099999308586121;0.6306121945381165;-0.09410355240106583;0.44785673916339874;0.384525740146637;-0.04255859646946192;0.4655916541814804;0.6414506584405899;0.08835126832127571;0.4662358984351158;0.6749116033315659;-0.2143639363348484;0.48914124568303424;0.7752085328102112;0.19040784736474356;0.48801345626513165;0.7806616425514221;0.01365275556842486;sentandose;lado
3.9;0.4532439410686493;0.4025965631008148;-0.05641718953847885;0.43344396352767944;0.46456584334373474;0.10360614955425262;0.4227138161659241;0.46372467279434204;-0.17368479073047638;0.43793976306915283;0.5652533769607544;0.13459733128547668;0.4292074739933014;0.5721463561058044;-0.21227703988552094;0.43045616149902344;0.6191904544830322;0.08819209039211273;0.4253862500190735;0.626928448677063;-0.08814249187707901;0.5017110109329224;0.6311810612678528;0.11995112895965576;0.5100790858268738;0.6302614808082581;-0.093912772834301;0.44807980954647064;0.38449608981609346;-0.0429782647639513;0.4659474417567253;0.6409889757633209;0.08940358646214008;0.4663773775100708;0.6748619824647903;-0.21482788398861885;0.4889289637406667;0.7747140725453695;0.19055644671122232;0.4877697030703227;0.7804801066716512;0.014210726134479046;sentandose;lado
3.93;0.45349472761154175;0.4024558961391449;-0.05682121217250824;0.4335334300994873;0.46452105045318604;0.10356312990188599;0.42281702160835266;0.4637032449245453;-0.1736716479063034;0.43804723024368286;0.5652418732643127;0.13423989713191986;0.4293524920940399;0.5720437169075012;-0.21214696764945984;0.4305606782436371;0.6191251873970032;0.0882139578461647;0.42540618777275085;0.6269083619117737;-0.08816314488649368;0.5018933415412903;0.6311581134796143;0.11985979974269867;0.5101562738418579;0.6301674246788025;-0.09375850111246109;0.44834521412849426;0.38440718948841096;-0.04308824222534895;0.4661192372441292;0.6419654786586761;0.08900959603488445;0.46650969237089157;0.6748547554016113;-0.21430447325110435;0.48888052503267926;0.7746123671531677;0.18991597493489584;0.4877513249715169;0.780373215675354;0.015096925819913546;sentandose;lado
3.97;0.4535555839538574;0.40246453881263733;-0.05701178312301636;0.43358972668647766;0.46451622247695923;0.1039075031876564;0.42300888895988464;0.4636552631855011;-0.17365047335624695;0.43805521726608276;0.5653114318847656;0.1343558132648468;0.4295262098312378;0.5720321536064148;-0.21213069558143616;0.4305650591850281;0.6191221475601196;0.08825632929801941;0.4255713224411011;0.6268499493598938;-0.08820439130067825;0.5086150765419006;0.628925085067749;0.11936049908399582;0.5102508664131165;0.629953145980835;-0.09365008771419525;0.44851453602313995;0.3844332069158554;-0.04311386458575726;0.46635040640830994;0.6416861116886139;0.08892141655087471;0.4666008874773979;0.6748280227184296;-0.21418055891990662;0.48897509773572284;0.7746727267901102;0.18729949494202933;0.4885793725649516;0.7795003255208334;0.016001778654754162;sentandose;lado
4.0;0.453846275806427;0.4024958610534668;-0.05865892022848129;0.4336102306842804;0.4643038213253021;0.10379635542631149;0.4234159588813782;0.46355098485946655;-0.17569176852703094;0.43808621168136597;0.565311849117279;0.13426582515239716;0.4299682080745697;0.5719624757766724;-0.2143172025680542;0.4305359423160553;0.61896812915802;0.08837616443634033;0.4256836473941803;0.6266689300537109;-0.08832172304391861;0.506306529045105;0.6291701793670654;0.12022539228200912;0.510286808013916;0.6298909783363342;-0.0943031832575798;0.44889138638973236;0.38449805676937104;-0.044431614503264424;0.46639109402894974;0.6422666758298874;0.08912868052721024;0.46673494577407837;0.6747757792472839;-0.21741971001029015;0.4892365634441376;0.7746402621269226;0.18975109855333963;0.48919211824735004;0.7790022691090902;0.015524310059845448;sentandose;lado
4.03;0.4546169340610504;0.4021439552307129;-0.06548692286014557;0.43348437547683716;0.46353307366371155;0.09972438216209412;0.4243762791156769;0.463463693857193;-0.18391861021518707;0.4380838871002197;0.5645883083343506;0.132779061794281;0.4326843321323395;0.5714238286018372;-0.2228112816810608;0.4301943778991699;0.618232786655426;0.08849495649337769;0.42605695128440857;0.6260917782783508;-0.08844242990016937;0.5047993659973145;0.6277559995651245;0.12569281458854675;0.5102155208587646;0.6292428970336914;-0.0953715369105339;0.4496743768453598;0.38444569408893586;-0.05094111235812306;0.4659912809729576;0.640944167971611;0.08925081044435501;0.46786605566740036;0.6746744066476822;-0.22566432878375053;0.4894198775291443;0.7733022371927897;0.20016740759213766;0.4904970626036326;0.7773630619049072;0.015549456390241781;sentandose;lado
4.07;0.4552707374095917;0.4023313820362091;-0.08172044157981873;0.43340787291526794;0.4629436433315277;0.08145608007907867;0.4259509742259979;0.463455468416214;-0.19514769315719604;0.4383513033390045;0.5632002949714661;0.11346820741891861;0.4369649291038513;0.5710071325302124;-0.23379836976528168;0.4288640320301056;0.6177403330802917;0.08832480013370514;0.42652252316474915;0.6249958276748657;-0.08829347789287567;0.5061870217323303;0.6236173510551453;0.12716160714626312;0.5102094411849976;0.6274402141571045;-0.09413792937994003;0.4505055844783783;0.3846768200397491;-0.06777396341785788;0.46383892744779587;0.6439168453216553;0.07673016749322414;0.4701587110757828;0.6747044324874878;-0.23237277567386627;0.4892556269963582;0.7765470941861471;0.20529689888159433;0.49146078030268353;0.7759470343589783;0.026110122290750343;sentandose;lado
4.1;0.4561939239501953;0.40233829617500305;-0.08851666003465652;0.43397319316864014;0.4628312885761261;0.0765005573630333;0.4277425706386566;0.46347305178642273;-0.20289473235607147;0.44166842103004456;0.5607055425643921;0.11345480382442474;0.4408852159976959;0.5708697438240051;-0.24005615711212158;0.42895856499671936;0.61532062292099;0.08831983059644699;0.4269183576107025;0.622651994228363;-0.08828910440206528;0.5064685940742493;0.6207162141799927;0.12586358189582825;0.509811282157898;0.627509355545044;-0.09414120763540268;0.4518133133649826;0.3847864270210266;-0.07480678372085095;0.4681394174695015;0.6394443064928055;0.07917124964296818;0.4733141288161278;0.6740990430116653;-0.2368975393474102;0.4897901614507039;0.77129598458608;0.20046857992808023;0.49148324131965637;0.7749292254447937;0.02432526834309101;sentandose;lado
4.13;0.4573591947555542;0.4024108350276947;-0.09906657785177231;0.43501266837120056;0.4622533619403839;0.07040856778621674;0.429447203874588;0.4634411036968231;-0.20632492005825043;0.4457758367061615;0.5579420328140259;0.10631135106086731;0.4438972771167755;0.5708144903182983;-0.24023403227329254;0.4289059042930603;0.6141401529312134;0.08827392756938934;0.4267910420894623;0.6218386888504028;-0.08825372904539108;0.506324827671051;0.6198712587356567;0.12012547254562378;0.5088337659835815;0.6275902986526489;-0.09430056065320969;0.45359517335891725;0.38487679064273833;-0.08597170617431402;0.4740935042500496;0.632496178150177;0.07388194277882576;0.4775743708014488;0.6736844629049301;-0.23392530158162117;0.49048898617426556;0.7697949409484863;0.18473418056964874;0.4915793041388194;0.7733165423075358;0.027989106252789497;sentandose;lado
4.17;0.45999059081077576;0.4031905233860016;-0.09219525754451752;0.4359450340270996;0.4614718556404114;0.07042785733938217;0.4348437488079071;0.46400898694992065;-0.20136457681655884;0.4470798075199127;0.5558193922042847;0.10623542219400406;0.45025041699409485;0.5722503662109375;-0.23461920022964478;0.42886295914649963;0.6128107309341431;0.08617866039276123;0.4271301329135895;0.6219722032546997;-0.08618351072072983;0.5061543583869934;0.6180531978607178;0.11750224232673645;0.5087457895278931;0.6281917691230774;-0.08733788877725601;0.4568987190723419;0.38526988625526426;-0.0791621370241046;0.4795846939086914;0.6103434711694717;0.07407086994498968;0.4837883561849594;0.6732263416051865;-0.23089120537042618;0.4913712541262309;0.769528845945994;0.18091165522734323;0.49250052372614544;0.7733203371365865;0.04202888843913873;sentandose;lado
4.2;0.46409639716148376;0.40508660674095154;-0.11858852207660675;0.4383535087108612;0.46052056550979614;0.053044747561216354;0.43994593620300293;0.46523746848106384;-0.22495053708553314;0.4506915509700775;0.5559106469154358;0.08390198647975922;0.45457524061203003;0.573567271232605;-0.25950661301612854;0.42841264605522156;0.6126344799995422;0.08652479201555252;0.4288460314273834;0.6221958994865417;-0.08658647537231445;0.5005320906639099;0.6178817749023438;0.13174405694007874;0.508878231048584;0.6292589902877808;-0.0866101086139679;0.461572128534317;0.3868147850036621;-0.10497754216194152;0.48746033757925034;0.6079485416412354;0.036299269646406174;0.4901087060570717;0.673194631934166;-0.25832657888531685;0.49005643526713055;0.7697239319483439;0.2109688917795817;0.49473931392033893;0.7740107973416647;0.06638732676704724;sentandose;lado
4.23;0.4686068296432495;0.4073379635810852;-0.13787010312080383;0.44237419962882996;0.46038368344306946;0.03674253076314926;0.44508591294288635;0.46664851903915405;-0.23852185904979706;0.4537131190299988;0.5565763711929321;0.06528197973966599;0.4591953456401825;0.5766603350639343;-0.27452385425567627;0.428472638130188;0.6120123267173767;0.08674266189336777;0.4307389259338379;0.6222562193870544;-0.08685515075922012;0.5008000135421753;0.6179884076118469;0.13924996554851532;0.5094513893127441;0.632380485534668;-0.08694731444120407;0.4661604821681976;0.3889447957277298;-0.1241701990365982;0.49272821843624115;0.6205079853534698;0.015452838299097493;0.495609775185585;0.6735754460096359;-0.27124112844467163;0.49054916699727374;0.7693021893501282;0.22855833172798157;0.4948114554087321;0.7776097655296326;0.06183572361866633;sentandose;lado
4.27;0.4743461310863495;0.4082607924938202;-0.1419162154197693;0.4467201232910156;0.4597933888435364;0.028388746082782745;0.45076388120651245;0.4674202501773834;-0.23994795978069305;0.45619770884513855;0.5588438510894775;0.05241651087999344;0.46347352862358093;0.5779697895050049;-0.2768843173980713;0.4285091757774353;0.6120270490646362;0.08635923266410828;0.4315989911556244;0.6223421096801758;-0.08648629486560822;0.5007930994033813;0.6185857057571411;0.14003127813339233;0.5099033713340759;0.6351068615913391;-0.07812105119228363;0.47187922298908236;0.39014419317245486;-0.12876320108771325;0.49500077217817307;0.6389224529266357;-0.0015776542713865638;0.500671312212944;0.6733455657958984;-0.2772836834192276;0.49015773336092633;0.7665864626566569;0.2335906128088633;0.4951280852158864;0.7794051766395569;0.07099659616748492;sentandose;lado
4.3;0.4802408814430237;0.410495787858963;-0.15139451622962952;0.45272040367126465;0.45935195684432983;0.0228839460760355;0.45621946454048157;0.4673771858215332;-0.2426472306251526;0.4628799855709076;0.5603726506233215;0.04690876975655556;0.46702662110328674;0.5787600874900818;-0.27942928671836853;0.42991170287132263;0.6119584441184998;0.08549739420413971;0.4318268895149231;0.6225216388702393;-0.08564295619726181;0.5008797645568848;0.6146364212036133;0.13952849805355072;0.5103610157966614;0.6354318857192993;-0.07632923126220703;0.47848480343818667;0.3926598966121674;-0.13824213519692422;0.5010036677122116;0.6414963155984879;-0.005315829475875944;0.5041540563106537;0.6744120419025421;-0.27878788858652115;0.49060972531636554;0.7612717350323995;0.23487834632396698;0.49581727385520935;0.7797495722770691;0.07123978435993195;sentandose;lado
4.33;0.4887426793575287;0.41040733456611633;-0.14554056525230408;0.46050864458084106;0.4594065546989441;0.02926228567957878;0.46219873428344727;0.4678088128566742;-0.24396586418151855;0.4704284965991974;0.5608710050582886;0.05973459780216217;0.47144901752471924;0.5795891284942627;-0.2770228981971741;0.4313308000564575;0.6119012832641602;0.08603064715862274;0.43346765637397766;0.622467577457428;-0.0861806571483612;0.5022820234298706;0.6154758334159851;0.15020433068275452;0.5113784074783325;0.6356085538864136;-0.06084909662604332;0.48573859632015226;0.39265541434288026;-0.13105679228901862;0.5054666697978973;0.6423888951539993;0.014541206299327314;0.506749615073204;0.6751637011766434;-0.2732066139578819;0.4907512664794922;0.7612251440684;0.2572869857152303;0.4959108332792918;0.7812172373135885;0.08492117871840794;sentandose;lado
