segundo;landmark_10_x;landmark_10_y;landmark_10_z;landmark_11_x;landmark_11_y;landmark_11_z;landmark_12_x;landmark_12_y;landmark_12_z;landmark_13_x;landmark_13_y;landmark_13_z;landmark_14_x;landmark_14_y;landmark_14_z;landmark_23_x;landmark_23_y;landmark_23_z;landmark_24_x;landmark_24_y;landmark_24_z;landmark_25_x;landmark_25_y;landmark_25_z;landmark_26_x;landmark_26_y;landmark_26_z;cara_prom_x;cara_prom_y;cara_prom_z;mano_izquierda_prom_x;mano_izquierda_prom_y;mano_izquierda_prom_z;mano_derecha_prom_x;mano_derecha_prom_y;mano_derecha_prom_z;pie_izquierdo_prom_x;pie_izquierdo_prom_y;pie_izquierdo_prom_z;pie_derecho_prom_x;pie_derecho_prom_y;pie_derecho_prom_z;Etiqueta;Vista
0.03;0.5118692517280579;0.3882962465286255;-0.2258141189813614;0.5512345433235168;0.4499463438987732;-0.0944095104932785;0.4836222231388092;0.44598498940467834;-0.09379354864358902;0.5590986609458923;0.5471436977386475;-0.04557891562581062;0.47209399938583374;0.5432445406913757;-0.057902991771698;0.535426914691925;0.622741162776947;-0.0007174194324761629;0.49645859003067017;0.6230366230010986;0.0006397959659807384;0.5296876430511475;0.7718164324760437;-0.009853239171206951;0.4948118329048157;0.7703254222869873;-0.007084803190082312;0.5185843169689178;0.36684125661849976;-0.2276409760117531;0.556740403175354;0.6541630178689957;-0.12537464499473572;0.4719935208559036;0.6556128710508347;-0.14346178993582726;0.525160034497579;0.9186024268468221;0.07424120511859655;0.4964589675267537;0.9187703132629395;0.07155184866860509;vertical;frontal
0.07;0.511775016784668;0.38835060596466064;-0.23499929904937744;0.5512366890907288;0.44891971349716187;-0.09626844525337219;0.4833323061466217;0.4463641941547394;-0.10296595096588135;0.5590571761131287;0.5472525954246521;-0.04564880579710007;0.47208815813064575;0.5448142886161804;-0.06416518986225128;0.5353912711143494;0.6233707666397095;0.0001581705582793802;0.49643033742904663;0.6233805418014526;-0.00022707122843712568;0.5296069383621216;0.7724505662918091;0.005305796395987272;0.4956584572792053;0.7709540128707886;-0.005104705225676298;0.5183678686618804;0.36743510961532594;-0.23768221586942673;0.5572556257247925;0.6537750065326691;-0.13159701973199844;0.472492054104805;0.6556806117296219;-0.15048132091760635;0.5254615942637125;0.9196106394131979;0.0683394349180162;0.496592511733373;0.9192541837692261;0.06008172671621045;vertical;frontal
0.1;0.5116816759109497;0.3884470760822296;-0.23628650605678558;0.5512508749961853;0.4484221339225769;-0.09751242399215698;0.48307177424430847;0.4466151297092438;-0.10411128401756287;0.5590465068817139;0.5472946166992188;-0.045720767229795456;0.472087562084198;0.5456180572509766;-0.0644405409693718;0.5353730916976929;0.6240971684455872;0.00027029539342038333;0.49641597270965576;0.6240031719207764;-0.0003368111210875213;0.5295470952987671;0.7732192277908325;0.00863451138138771;0.4962136149406433;0.7717000246047974;-0.002410994842648506;0.518190336227417;0.36788893640041354;-0.2391551285982132;0.5576420277357101;0.6536131948232651;-0.13243486173450947;0.4729277715086937;0.6559991389513016;-0.15075629577040672;0.525656004746755;0.9201629956563314;0.06805403592685859;0.49676310022672016;0.9195519685745239;0.061235271549473204;vertical;frontal
0.13;0.5116294026374817;0.3886276185512543;-0.23863327503204346;0.5512924790382385;0.4482317268848419;-0.09949193894863129;0.4828816056251526;0.44686251878738403;-0.10598931461572647;0.559036374092102;0.5475729703903198;-0.047446075826883316;0.4720861613750458;0.5460774898529053;-0.06600873917341232;0.5353624820709229;0.6247568726539612;0.0004298277199268341;0.4963984489440918;0.6246210932731628;-0.0004930380382575095;0.5294961929321289;0.7737770676612854;0.009565983898937702;0.4965098798274994;0.7723075151443481;-0.0013061566278338432;0.5180701196193696;0.3683421671390533;-0.2416030213236809;0.5577916353940964;0.6535981446504593;-0.13571461290121078;0.47322795540094376;0.6561209410429001;-0.15269751101732254;0.5257647434870402;0.9205825527509054;0.06819986458867788;0.4968955119450887;0.919755736986796;0.06162121255571643;vertical;frontal
0.17;0.5115870833396912;0.3889250159263611;-0.24177929759025574;0.5513123869895935;0.44818735122680664;-0.10130582004785538;0.48275884985923767;0.4471375048160553;-0.10786475241184235;0.5590155124664307;0.5476942658424377;-0.04914718121290207;0.4720939099788666;0.5464164614677429;-0.06736885011196136;0.5353635549545288;0.6251350045204163;0.0005800614017061889;0.49643027782440186;0.6251108646392822;-0.0006406306056305766;0.529487133026123;0.7740561962127686;0.010715245269238949;0.4965825080871582;0.7728996276855469;-0.0007135589839890599;0.517995285987854;0.3688546448945999;-0.2448357492685318;0.5579754114151001;0.653580978512764;-0.13902775570750237;0.4737657606601715;0.6560765355825424;-0.15454188361763954;0.5258845090866089;0.9208491245905558;0.0685628626185159;0.49696774284044903;0.9200805226961771;0.06199973829401036;vertical;frontal
0.2;0.5115146040916443;0.38907429575920105;-0.2424526959657669;0.551353931427002;0.44818809628486633;-0.10252969712018967;0.4826813340187073;0.4473496079444885;-0.10718674957752228;0.558966338634491;0.5481166243553162;-0.0501616895198822;0.4721025824546814;0.5464208722114563;-0.0666666179895401;0.5353729724884033;0.6252902746200562;0.00030010988120920956;0.49651774764060974;0.625302255153656;-0.00035726375062949955;0.5294831991195679;0.7742692232131958;0.009625928476452827;0.4966021776199341;0.7731756567955017;0.0018237369367852807;0.5179030120372772;0.3691528856754303;-0.2455379530787468;0.5581182986497879;0.6535976678133011;-0.13970009982585907;0.47424470633268356;0.6553793698549271;-0.15383843705058098;0.5259536306063334;0.9209049940109253;0.06871527293697;0.4971024692058563;0.9202585617701212;0.062494894256815314;vertical;frontal
0.23;0.5114282369613647;0.3892320990562439;-0.24253876507282257;0.5513674020767212;0.4481922686100006;-0.10277283191680908;0.48260483145713806;0.44747740030288696;-0.10715688019990921;0.5589219331741333;0.5485741496086121;-0.05033434182405472;0.47210657596588135;0.5464792251586914;-0.06685634702444077;0.5354118347167969;0.625437319278717;0.00022639453527517617;0.4966582953929901;0.6255293488502502;-0.00028214562917128205;0.5294857621192932;0.7743045091629028;0.009059100411832333;0.4966413676738739;0.7736331820487976;0.002289489610120654;0.5178195297718048;0.3694291114807129;-0.24561061561107636;0.5581893920898438;0.653627023100853;-0.13913820125162601;0.4748147279024124;0.6549988985061646;-0.15401790663599968;0.5260592103004456;0.9209823409716288;0.06834383184711139;0.4972058832645416;0.9203266700108846;0.06302575604058802;vertical;frontal
0.27;0.5113412141799927;0.3893502652645111;-0.24583740532398224;0.5514163374900818;0.4483509659767151;-0.10582270473241806;0.48254096508026123;0.44768720865249634;-0.11009048670530319;0.5588921308517456;0.5496416687965393;-0.05289387330412865;0.4721209406852722;0.5465207695960999;-0.06968376040458679;0.5354714393615723;0.6255160570144653;0.0001552839094074443;0.49679094552993774;0.6257358193397522;-0.00021115045819897205;0.5294836759567261;0.7742096185684204;0.009324233047664165;0.49668699502944946;0.7738317251205444;0.0032653789967298508;0.5177386403083801;0.369640588760376;-0.24885903298854828;0.5582365542650223;0.6541588604450226;-0.1399997677654028;0.4751126542687416;0.6549287587404251;-0.1563236452639103;0.5260989864667257;0.9209595322608948;0.06860374147072434;0.4972856044769287;0.9203248818715414;0.06453948283645634;vertical;frontal
0.3;0.5113314986228943;0.3894537687301636;-0.24482174217700958;0.5514182448387146;0.4483690857887268;-0.10530626773834229;0.4825001060962677;0.44781726598739624;-0.10949176549911499;0.5588130950927734;0.5499622821807861;-0.05255478248000145;0.4721427857875824;0.5465840101242065;-0.0696186050772667;0.5355114936828613;0.6255501508712769;8,31E+10;0.4969998896121979;0.625832736492157;-0.0001386943768011406;0.529450535774231;0.7739613056182861;0.009792014956474304;0.49668288230895996;0.773819625377655;0.003912827465683222;0.5177060604095459;0.3698281317949295;-0.2476809650659561;0.5582267045974731;0.6544133275747299;-0.1392783485352993;0.4753168225288391;0.6548178791999817;-0.15606188401579857;0.5260999202728271;0.9206836422284445;0.06927221609900396;0.4973652760187785;0.9202906092007955;0.06581014718782778;vertical;frontal
0.33;0.5113082528114319;0.3896183967590332;-0.24381262063980103;0.551430881023407;0.44844767451286316;-0.10495433956384659;0.4824688136577606;0.44811347126960754;-0.10883456468582153;0.5586947202682495;0.5501725077629089;-0.05314283072948456;0.47215011715888977;0.546617865562439;-0.06931325793266296;0.5355144739151001;0.6257270574569702;-3,62E+08;0.4971042275428772;0.6259592771530151;-5,46E+10;0.5293710827827454;0.7738790512084961;0.010062621906399727;0.4966793358325958;0.7738099694252014;0.0041047860868275166;0.5176740705966949;0.37006770372390746;-0.2466185599565506;0.5581215471029282;0.6544159799814224;-0.14052330143749714;0.4755551889538765;0.6547808349132538;-0.15567301958799362;0.5260987877845764;0.9204739729563395;0.0696336217224598;0.4974096616109212;0.9202542503674825;0.06632999404488753;vertical;frontal
0.37;0.511271595954895;0.3896888792514801;-0.24260501563549042;0.5514388680458069;0.448548823595047;-0.10469790548086166;0.4824485182762146;0.44834640622138977;-0.10749830305576324;0.5585861802101135;0.550686240196228;-0.05294580012559891;0.4721532464027405;0.5467045903205872;-0.06853602081537247;0.5355273485183716;0.6260602474212646;-0.00011631105735432357;0.49721261858940125;0.6261863112449646;6,39E+10;0.5293394923210144;0.7738088965415955;0.010413989424705505;0.49664363265037537;0.7738006711006165;0.004431352950632572;0.5176392555236816;0.3702276200056076;-0.2452342540025711;0.5580395460128784;0.6544417291879654;-0.14090187661349773;0.475734606385231;0.6547430455684662;-0.15542418882250786;0.5261067152023315;0.9203242262204488;0.07111956117053826;0.4974645177523295;0.9202234347661337;0.06770740177792807;vertical;frontal
0.4;0.5112354159355164;0.38977983593940735;-0.24247778952121735;0.5514205098152161;0.44861164689064026;-0.104533851146698;0.4824032783508301;0.4485318958759308;-0.10738015919923782;0.5584878921508789;0.5508124232292175;-0.052738334983587265;0.4721549153327942;0.5467342138290405;-0.06828516721725464;0.5355318784713745;0.6262341737747192;-0.0001518766803201288;0.49727436900138855;0.6262996792793274;0.00010076900070998818;0.5293044447898865;0.7736443877220154;0.010400505736470222;0.49661996960639954;0.7737934589385986;0.004374793265014887;0.5176043748855591;0.37039740681648253;-0.24497165083885192;0.5579800009727478;0.6543871462345123;-0.14053650200366974;0.47591713815927505;0.6546854674816132;-0.15512130036950111;0.5261080463727316;0.9202158649762472;0.07116810325533152;0.4975212315718333;0.9201423724492391;0.06772327027283609;vertical;frontal
0.43;0.5112003087997437;0.38980942964553833;-0.22729536890983582;0.5512703061103821;0.44849446415901184;-0.09247151017189026;0.4823973774909973;0.44859880208969116;-0.09405377507209778;0.5583597421646118;0.5499828457832336;-0.04336157068610191;0.4721427857875824;0.5467309355735779;-0.057210687547922134;0.5355321168899536;0.6265347599983215;-0.0005346364341676235;0.49731796979904175;0.6263469457626343;0.0004905220703221858;0.5292534232139587;0.773673951625824;0.010048141703009605;0.4966145157814026;0.7738006711006165;0.004227562807500362;0.5175784587860107;0.37050858736038206;-0.22949964553117752;0.5577307194471359;0.6541128009557724;-0.13237922824919224;0.47603393346071243;0.6544485986232758;-0.14507994428277016;0.5260593493779501;0.9201855460802714;0.0714263344804446;0.49753423531850177;0.920138935248057;0.06823373927424352;vertical;frontal
0.47;0.5111777186393738;0.38984155654907227;-0.2243429571390152;0.5510324239730835;0.4483882486820221;-0.09008361399173737;0.48238158226013184;0.448794960975647;-0.09066222608089447;0.5582708120346069;0.5487419366836548;-0.042545951902866364;0.4721428155899048;0.5469132661819458;-0.05375077575445175;0.5354810357093811;0.6268250346183777;-0.0009015924297273159;0.49731725454330444;0.6263656616210938;0.0008618560968898237;0.5290816426277161;0.7738280892372131;0.009816392324864864;0.4965974688529968;0.7737954258918762;0.004393037874251604;0.5175559103488923;0.3706184446811676;-0.22654818296432494;0.5574692338705063;0.653747484087944;-0.13247930072247982;0.4760284945368767;0.6544670015573502;-0.1414883378893137;0.5260464151700338;0.9201970895131429;0.07138782429198424;0.49750303228696185;0.9201366901397705;0.06875799254824717;vertical;frontal
0.5;0.511131227016449;0.3899082839488983;-0.22732622921466827;0.5509411692619324;0.44839054346084595;-0.09205951541662216;0.4822758734226227;0.4493684768676758;-0.0930958092212677;0.5580769181251526;0.5484123826026917;-0.043631039559841156;0.4721404016017914;0.5487078428268433;-0.0542849600315094;0.5354185700416565;0.627075731754303;-0.0009656283655203879;0.4972991347312927;0.6264554858207703;0.0009240607614628971;0.5289068222045898;0.7740593552589417;0.00987729337066412;0.4965954124927521;0.7737948298454285;0.004520381800830364;0.5175116121768951;0.3707760006189346;-0.22966072857379913;0.5573405921459198;0.6537232249975204;-0.13288964703679085;0.4759988635778427;0.6551587730646133;-0.1430147886276245;0.5260382095972697;0.9203229347864786;0.07139414828270674;0.4974854687849681;0.9201518694559733;0.06879701061795156;vertical;frontal
0.53;0.5110040903091431;0.39001408219337463;-0.24226370453834534;0.5508532524108887;0.44848015904426575;-0.10415032505989075;0.48211047053337097;0.45001113414764404;-0.10854000598192215;0.5579553842544556;0.5484668612480164;-0.052572257816791534;0.472170352935791;0.5500568151473999;-0.06920678913593292;0.5352377891540527;0.6272239685058594;-0.000990615924820304;0.49712052941322327;0.6265102624893188;0.0009454746032133698;0.5287126898765564;0.7740572690963745;0.009799771942198277;0.4965979754924774;0.7737942934036255;0.004746111109852791;0.5174168705940246;0.3709493398666382;-0.24490374624729155;0.5573845505714417;0.6541546732187271;-0.1370416171848774;0.4755578562617302;0.6570681035518646;-0.15298739075660706;0.526032547156016;0.920448919137319;0.07145901210606098;0.4974832733472188;0.9203148682912191;0.06903867066527407;vertical;frontal
0.57;0.5108471512794495;0.3904699385166168;-0.24486492574214935;0.5506277084350586;0.44868895411491394;-0.10814099758863449;0.4816907048225403;0.4510131776332855;-0.112406887114048;0.5578632354736328;0.549058198928833;-0.05692693963646889;0.4721944332122803;0.55227130651474;-0.07262157648801804;0.535083532333374;0.6276757121086121;-0.0010552455205470324;0.4969192147254944;0.6270433068275452;0.0010053045116364956;0.5285598039627075;0.7740590572357178;0.009841489605605602;0.4965941309928894;0.7737293243408203;0.005409511271864176;0.5173012495040894;0.3713101834058762;-0.24755748212337494;0.5575500130653381;0.6543695628643036;-0.139854796230793;0.47430163621902466;0.6595853269100189;-0.15443788841366768;0.5260491967201233;0.9207066893577576;0.07122419960796833;0.49749091267585754;0.9203976194063822;0.0700923300658663;vertical;frontal
0.6;0.5104845762252808;0.3917156457901001;-0.2439260333776474;0.5503896474838257;0.44953256845474243;-0.10860628634691238;0.48115089535713196;0.45285433530807495;-0.11128118634223938;0.5578324794769287;0.5502404570579529;-0.059421926736831665;0.472423791885376;0.5547817349433899;-0.07116064429283142;0.534924328327179;0.6291845440864563;-0.001150840544141829;0.49646830558776855;0.6284787058830261;0.0010965531691908836;0.5283724665641785;0.7752894759178162;0.010207323357462883;0.49659159779548645;0.7737154364585876;0.007352853659540415;0.517138135433197;0.37227443754673006;-0.24675909727811812;0.5578342378139496;0.6546329259872437;-0.1452091634273529;0.47323621064424515;0.6619216948747635;-0.1540633663535118;0.5260466535886129;0.9211937189102173;0.07206426716099183;0.4974713722864787;0.9203952550888062;0.07596515864133835;vertical;frontal
0.63;0.5098512768745422;0.3941846489906311;-0.25660645961761475;0.5503260493278503;0.451022207736969;-0.12319459021091461;0.4807935655117035;0.4554957151412964;-0.1203547865152359;0.5578035712242126;0.5523935556411743;-0.07696247100830078;0.4726127088069916;0.5585851669311523;-0.07629351317882538;0.5348706245422363;0.6298906803131104;-0.001315407338552177;0.496172696352005;0.6294793486595154;0.0012551785912364721;0.5283146500587463;0.7762662172317505;0.010192696005105972;0.4966077506542206;0.7737184762954712;0.008183274418115616;0.5167461514472962;0.37442034780979155;-0.2605870351195335;0.558156743645668;0.6552847176790237;-0.16374476626515388;0.4719923585653305;0.6656973212957382;-0.15806810185313225;0.5261238018671671;0.9221426645914713;0.0719429108624657;0.49740734696388245;0.9204286138216654;0.07725750965376695;vertical;frontal
0.67;0.5096346139907837;0.39837485551834106;-0.2711280584335327;0.550218939781189;0.4526081383228302;-0.1349838674068451;0.48057493567466736;0.4580622613430023;-0.13223126530647278;0.5577907562255859;0.553485631942749;-0.0868518278002739;0.4726344048976898;0.5617137551307678;-0.08685405552387238;0.5346969962120056;0.6308066844940186;-0.0013963787350803614;0.495746374130249;0.6302464604377747;0.0013322036247700453;0.5281605124473572;0.7768084406852722;0.010557997040450573;0.49662089347839355;0.7737166285514832;0.009775159880518913;0.5165406227111816;0.3787113308906555;-0.2763268932700157;0.5584674179553986;0.6570532023906708;-0.17131686210632324;0.4710465893149376;0.6712994873523712;-0.16847949475049973;0.5261115233103434;0.9226513504981995;0.07350811858971913;0.4972201883792877;0.9204962650934855;0.08022863293687503;vertical;frontal
0.7;0.5093865990638733;0.4032896161079407;-0.3043026030063629;0.5501806735992432;0.45598599314689636;-0.16503050923347473;0.48055338859558105;0.46111640334129333;-0.15860019624233246;0.5577449202537537;0.557288408279419;-0.12060486525297165;0.47260403633117676;0.5642622113227844;-0.11297282576560974;0.5344077944755554;0.6312371492385864;-0.00169076188467443;0.49523666501045227;0.6307611465454102;0.0016190566821023822;0.5279484987258911;0.7768331170082092;0.010501288808882236;0.4966975748538971;0.7737247347831726;0.009847711771726608;0.5162754416465759;0.38362619280815125;-0.31029335856437684;0.5590685904026031;0.6604517996311188;-0.20391088351607323;0.469988077878952;0.6746494024991989;-0.19260606169700623;0.5260371367136637;0.923196812470754;0.07490480815370877;0.4966875910758972;0.9206799864768982;0.08329564208785693;sentandose;frontal
0.73;0.5093915462493896;0.4123291075229645;-0.3457697033882141;0.55019211769104;0.4621032178401947;-0.20173633098602295;0.4805574119091034;0.46505609154701233;-0.18806342780590057;0.5576960444450378;0.5637174844741821;-0.1630922555923462;0.4725882411003113;0.5669469237327576;-0.14076755940914154;0.5342229604721069;0.6311896443367004;-0.0022750161588191986;0.49480167031288147;0.6314682364463806;0.002212390536442399;0.5278005599975586;0.7755928039550781;0.0015652540605515242;0.4968380033969879;0.7738656401634216;0.00026329257525503635;0.5161561191082;0.3916946440935135;-0.35321231484413146;0.5595840811729431;0.6662168353796005;-0.2486007958650589;0.4698939621448517;0.6775035113096237;-0.220683965831995;0.5258796811103821;0.9231793085734049;0.06681085195547591;0.496644526720047;0.9214597344398499;0.0739443354929487;sentandose;frontal
0.77;0.509394109249115;0.4233248829841614;-0.34989872574806213;0.5502408742904663;0.46875250339508057;-0.20573511719703674;0.48074832558631897;0.46907323598861694;-0.18958380818367004;0.5576937198638916;0.568518340587616;-0.16515818238258362;0.4725334346294403;0.569907546043396;-0.14074960350990295;0.5338326692581177;0.6323519945144653;-0.0026871790178120136;0.49449729919433594;0.6326579451560974;0.0026301948819309473;0.5275484323501587;0.7750383615493774;-0.004420558921992779;0.4969536066055298;0.7743822932243347;-0.005163116846233606;0.5159783661365509;0.4006479412317276;-0.35879715383052824;0.5597558915615082;0.6713060736656189;-0.24874935671687126;0.4698214530944824;0.6802783608436584;-0.22162670269608498;0.5258238315582275;0.9231606721878052;0.058542645536363125;0.49667224287986755;0.9224109848340353;0.06477206122751038;sentandose;frontal
0.8;0.5089338421821594;0.43585652112960815;-0.3813866674900055;0.5501624345779419;0.47619539499282837;-0.23105525970458984;0.48090967535972595;0.4747670292854309;-0.211948424577713;0.5578315854072571;0.5745648145675659;-0.1881503164768219;0.4724157750606537;0.573764443397522;-0.15823994576931;0.5333735346794128;0.6330531239509583;-0.002686070278286934;0.4942638874053955;0.63312828540802;0.0026289094239473343;0.5274459719657898;0.7749845385551453;-0.009188448078930378;0.4969554543495178;0.7754772305488586;-0.011082851327955723;0.515533584356308;0.41345158517360686;-0.39299879372119906;0.5595142245292664;0.6761685162782669;-0.2691773846745491;0.46964558959007263;0.6836195737123489;-0.24124084413051605;0.5259079535802206;0.9231281081835429;0.05236827830473582;0.49668407440185547;0.9225788712501526;0.057651043869554996;sentandose;frontal
0.83;0.5084410905838013;0.444425106048584;-0.38741376996040344;0.5497874021530151;0.4842662811279297;-0.23564007878303528;0.4811457395553589;0.483041912317276;-0.217951700091362;0.5579327344894409;0.5769556760787964;-0.18924450874328613;0.47235870361328125;0.5768718123435974;-0.16027691960334778;0.5331995487213135;0.6339285373687744;-0.002588155446574092;0.4942755103111267;0.6341291069984436;0.0025242792908102274;0.5273763537406921;0.7750615477561951;-0.009635807015001774;0.4969850182533264;0.7764223217964172;-0.01422670017927885;0.5150965631008149;0.4238049924373627;-0.39856867492198944;0.5592401325702667;0.6794703155755997;-0.26745446771383286;0.4697295054793358;0.6873530149459839;-0.2395125851035118;0.5259008804957072;0.9233183662096659;0.05078123261531194;0.4965882698694865;0.9229028224945068;0.05132878695925077;sentandose;frontal
0.87;0.5076335072517395;0.4564165771007538;-0.4100682735443115;0.5490304827690125;0.4911642074584961;-0.2502173185348511;0.48112156987190247;0.49309274554252625;-0.2334664762020111;0.5580946803092957;0.5785566568374634;-0.20070356130599976;0.47212496399879456;0.5799428224563599;-0.1719510555267334;0.5331418514251709;0.6338360905647278;-0.002615062752738595;0.49429064989089966;0.634020209312439;0.0025493477005511522;0.527066707611084;0.7750889658927917;-0.009904183447360992;0.497063010931015;0.7765804529190063;-0.012358746491372585;0.5144289612770081;0.4356513530015945;-0.4220140427350998;0.5591272860765457;0.6820816397666931;-0.27640450745821;0.46973441541194916;0.6924614012241364;-0.25087956339120865;0.5258717139561971;0.9234843452771505;0.050083285197615623;0.4965076247851054;0.9230611522992452;0.05086931151648363;sentandose;frontal
0.9;0.5068027377128601;0.4691028594970703;-0.4231259226799011;0.5486341714859009;0.5005897879600525;-0.26287952065467834;0.48089927434921265;0.502655565738678;-0.2401973456144333;0.5581095218658447;0.5833292007446289;-0.21225762367248535;0.47180503606796265;0.5855139493942261;-0.1729024350643158;0.5331646203994751;0.633942723274231;-0.003700201166793704;0.49457353353500366;0.6341923475265503;0.0036334905307739973;0.5268763899803162;0.7755525708198547;-0.00973274651914835;0.49736347794532776;0.7768269777297974;-0.010121412575244904;0.5136260032653809;0.4470080226659775;-0.43543137013912203;0.559102937579155;0.6873579919338226;-0.2845490947365761;0.4697830155491829;0.6979570090770721;-0.2480272427201271;0.5257819692293803;0.9236211975415548;0.05153300426900387;0.49657097458839417;0.9231141408284506;0.05476305137077967;sentandose;frontal
0.93;0.5068846344947815;0.48110273480415344;-0.42197343707084656;0.548406720161438;0.5103604793548584;-0.2607870101928711;0.48083966970443726;0.5126689076423645;-0.23772750794887543;0.5581567287445068;0.5891973972320557;-0.20885741710662842;0.47167345881462097;0.5913284420967102;-0.16852246224880219;0.5333206653594971;0.6348001956939697;-0.0041494350880384445;0.4951043128967285;0.6346778869628906;0.004093036521226168;0.5267492532730103;0.7759554386138916;-0.017749523743987083;0.4973553717136383;0.7768083214759827;-0.016909422352910042;0.5136075973510742;0.45927306115627287;-0.4343445152044296;0.5590419471263885;0.6921080946922302;-0.2787894159555435;0.46984580904245377;0.7001795917749405;-0.2431911639869213;0.5255300005276998;0.9242010911305746;0.03710288181900978;0.49650641282399494;0.9234376549720764;0.03735574707388878;sentandose;frontal
0.97;0.5066494941711426;0.4981336295604706;-0.42879238724708557;0.5477508306503296;0.5193926095962524;-0.2591503858566284;0.4809330403804779;0.5238017439842224;-0.2444179654121399;0.5584666132926941;0.5963416695594788;-0.20983009040355682;0.4715375006198883;0.6009840369224548;-0.18288646638393402;0.5335133671760559;0.636033833026886;-0.0037659730296581984;0.4958012104034424;0.63578861951828;0.003742627101019025;0.52674400806427;0.7763544321060181;-0.026998212561011314;0.4973905384540558;0.7766916751861572;-0.03449361398816109;0.5132731080055237;0.47739907205104826;-0.442442187666893;0.5590775907039642;0.6990242451429367;-0.2829955741763115;0.4698743149638176;0.7050661444664001;-0.26788726076483727;0.5254918535550436;0.9247098763783773;0.02027072384953499;0.4967281222343445;0.924047609170278;0.012785103172063828;sentandose;frontal
1.0;0.5065726637840271;0.5132007002830505;-0.44338420033454895;0.5471294522285461;0.5334253311157227;-0.2689146101474762;0.48065274953842163;0.5384685397148132;-0.2519995868206024;0.5592721104621887;0.6074113249778748;-0.1985524594783783;0.47118327021598816;0.6143608093261719;-0.17251965403556824;0.5340397953987122;0.6382519006729126;-0.003641789546236396;0.49646735191345215;0.6390302777290344;0.0036343461833894253;0.5267407298088074;0.7773718237876892;-0.02908988483250141;0.49735352396965027;0.7766575217247009;-0.039712175726890564;0.5131911993026733;0.49298550486564635;-0.4570458739995956;0.559225007891655;0.7063728719949722;-0.2483537755906582;0.47007666528224945;0.7131628394126892;-0.2566728703677654;0.5255666176478068;0.92567378282547;0.01647793377439181;0.49666844805081684;0.9253689249356588;0.006206964453061421;sentandose;frontal
1.03;0.5065379738807678;0.5305665135383606;-0.4446865916252136;0.5471773147583008;0.5496995449066162;-0.27179551124572754;0.48039859533309937;0.5518130660057068;-0.25823354721069336;0.5602846145629883;0.6257963180541992;-0.22018113732337952;0.47077494859695435;0.6279155611991882;-0.19508616626262665;0.5342956781387329;0.6452518701553345;-0.002068757778033614;0.49680107831954956;0.6461742520332336;0.0020862992387264967;0.5268732309341431;0.7785896062850952;-0.02946391887962818;0.4972549378871918;0.7792312502861023;-0.03927520662546158;0.5129473090171814;0.5086981236934662;-0.4587307095527649;0.5592768490314484;0.7207008004188538;-0.28285128623247147;0.47018884867429733;0.7221711277961731;-0.27302031219005585;0.5256472229957581;0.9273054202397665;0.01643422245979309;0.49663159251213074;0.9277018507321676;0.009584865222374598;sentandose;frontal
1.07;0.5065542459487915;0.5456247329711914;-0.4443570673465729;0.5472244024276733;0.562516450881958;-0.2724907100200653;0.48053741455078125;0.5628693699836731;-0.25463080406188965;0.5607147812843323;0.6354750394821167;-0.20853646099567413;0.4708670973777771;0.6315092444419861;-0.18098343908786774;0.5348612666130066;0.6511334776878357;-0.0019083137158304453;0.49723273515701294;0.6519606113433838;0.0019330078503116965;0.5270022749900818;0.7807126641273499;-0.02841678261756897;0.4972382187843323;0.781947135925293;-0.044479310512542725;0.5128045588731766;0.5236829817295074;-0.4586952567100525;0.5589496195316315;0.7306374758481979;-0.2576594464480877;0.4703245535492897;0.7288817912340164;-0.21622997894883156;0.5256829659144083;0.9280457297960917;0.017043951898813248;0.49670174717903137;0.9292860428492228;0.005970552563667297;sentandose;frontal
1.1;0.5065509080886841;0.5597639679908752;-0.43003326654434204;0.5472634434700012;0.5760844349861145;-0.2612060010433197;0.4807353913784027;0.573996901512146;-0.2459949404001236;0.561130940914154;0.6447418332099915;-0.19739653170108795;0.47086989879608154;0.6401840448379517;-0.17558060586452484;0.5350648164749146;0.6592312455177307;-0.0019347319612279534;0.49738559126853943;0.6590245366096497;0.001966105541214347;0.5282580256462097;0.7819289565086365;-0.04744189605116844;0.49723705649375916;0.7836716175079346;-0.05790003389120102;0.512679398059845;0.538296914100647;-0.443326810002327;0.558627188205719;0.73895063996315;-0.2108476385474205;0.4705800339579582;0.7357156872749329;-0.1991252638399601;0.5258426268895467;0.930122454961141;-0.013687596345941225;0.4967427651087443;0.9294605255126953;-0.01399481234451135;sentandose;frontal
1.13;0.5065597891807556;0.5714952945709229;-0.423513263463974;0.547077476978302;0.5872474908828735;-0.2566583454608917;0.48073652386665344;0.5847609043121338;-0.24386270344257355;0.561287522315979;0.6552764177322388;-0.19875475764274597;0.46974286437034607;0.6552917957305908;-0.1722511202096939;0.5350753664970398;0.6670844554901123;-0.0019165831618010998;0.4974345862865448;0.6659268736839294;0.0019521970534697175;0.5288077592849731;0.7852824330329895;-0.05210312455892563;0.497236967086792;0.7861905694007874;-0.06369797140359879;0.5126559227705002;0.5498200237751008;-0.4363091826438904;0.5585304498672485;0.7460017502307892;-0.22556254640221596;0.47108303755521774;0.7448587566614151;-0.21023550257086754;0.5258264144261678;0.9304832021395365;-0.020921239629387856;0.4969065686066945;0.9296562274297079;-0.022295517846941948;sentandose;frontal
1.17;0.5065620541572571;0.5804327726364136;-0.42607492208480835;0.5471090078353882;0.5963414907455444;-0.2575252056121826;0.48084238171577454;0.5931524634361267;-0.2437996119260788;0.5612462162971497;0.6648356914520264;-0.20473851263523102;0.4694312810897827;0.666029691696167;-0.1726919710636139;0.5360205173492432;0.6733414530754089;-0.001974784769117832;0.49807968735694885;0.6703479886054993;0.002027614274993539;0.529024600982666;0.7858912944793701;-0.07388948649168015;0.49723562598228455;0.7870878577232361;-0.08206137269735336;0.5126144289970398;0.5582783162593842;-0.4380729764699936;0.5577272176742554;0.7525031566619873;-0.23024970293045044;0.47257185727357864;0.7555219531059265;-0.20851733162999153;0.5256762703259786;0.9308076500892639;-0.04885082753996054;0.49704281489054364;0.9306464393933614;-0.048546040120224156;sentandose;frontal
1.2;0.5065057277679443;0.58771812915802;-0.42288336157798767;0.5471956133842468;0.6028972268104553;-0.25628596544265747;0.48067766427993774;0.6008284687995911;-0.24349871277809143;0.5612083077430725;0.6711483597755432;-0.2019525021314621;0.46947479248046875;0.6807790994644165;-0.18497417867183685;0.5362610816955566;0.6773419976234436;-0.001690328004769981;0.49806803464889526;0.6742271184921265;0.0017519816756248474;0.5301657915115356;0.785540759563446;-0.10323835164308548;0.4972008168697357;0.7876078486442566;-0.09184911847114563;0.5125344067811965;0.565830284357071;-0.4358669489622116;0.5572354197502136;0.7559363842010498;-0.23494985327124596;0.4731141924858093;0.7660931497812271;-0.2335503287613392;0.5256160100301107;0.9308956662813822;-0.08590423067410786;0.4971140921115875;0.9307305415471395;-0.07051334033409755;sentandose;frontal
1.23;0.506432056427002;0.5911300182342529;-0.40679556131362915;0.5471693873405457;0.607779324054718;-0.24643568694591522;0.4806680977344513;0.6045267581939697;-0.23408453166484833;0.5607303977012634;0.6764203906059265;-0.1955474317073822;0.4694457948207855;0.6790278553962708;-0.17922168970108032;0.5362293720245361;0.681379497051239;-0.0014936939114704728;0.49789920449256897;0.6782022714614868;0.0015641937498003244;0.5307008028030396;0.7852609753608704;-0.1211136132478714;0.4972323179244995;0.7883124947547913;-0.10797565430402756;0.5123797535896302;0.5695819020271301;-0.4180490255355835;0.5563832670450211;0.7589534372091293;-0.2299949750304222;0.4734697639942169;0.7679447680711746;-0.23087043315172195;0.525659441947937;0.9312024911244711;-0.09859701246023178;0.49731696645418805;0.9306625326474508;-0.08112735425432523;sentandose;frontal
1.27;0.5063040852546692;0.5926963686943054;-0.4001636505126953;0.5471457242965698;0.6105367541313171;-0.24392125010490417;0.480654776096344;0.6093931198120117;-0.23113544285297394;0.5604925155639648;0.678980827331543;-0.20520389080047607;0.4693070650100708;0.6838018298149109;-0.1895475685596466;0.53621506690979;0.6877459287643433;-0.0012670173309743404;0.49788469076156616;0.685270369052887;0.0013428182573989034;0.5313188433647156;0.785525918006897;-0.15110619366168976;0.49748292565345764;0.7915670275688171;-0.12148212641477585;0.5122980058193207;0.5718446135520935;-0.4104523450136185;0.5556010007858276;0.759808823466301;-0.25681768357753754;0.47401823103427887;0.7727023363113403;-0.25438497588038445;0.5255628824234009;0.9313337008158366;-0.13293984284003577;0.4976987938086192;0.9296612938245138;-0.1036220242579778;sentandose;frontal
1.3;0.5060109496116638;0.5919907689094543;-0.3844335675239563;0.5471320152282715;0.6122050881385803;-0.23397159576416016;0.4806472063064575;0.6132485270500183;-0.22217446565628052;0.5604053139686584;0.6802451610565186;-0.2032492607831955;0.46956154704093933;0.6889746785163879;-0.18761083483695984;0.5359490513801575;0.6922204494476318;-0.0012482425663620234;0.4978468418121338;0.6904780268669128;0.0013243269640952349;0.5313317775726318;0.7862555384635925;-0.1660875827074051;0.4978835880756378;0.7927536368370056;-0.14202459156513214;0.5121437788009644;0.5729364693164826;-0.3948833912611008;0.5551679134368896;0.7612953782081604;-0.2547439709305763;0.4759606346487999;0.7740653604269028;-0.25321299582719803;0.5253958503405253;0.9310819307963053;-0.1414282297094663;0.49782970547676086;0.9282461007436117;-0.11639497677485149;sentandose;frontal
1.33;0.5059678554534912;0.5887729525566101;-0.37065884470939636;0.546919584274292;0.6109476685523987;-0.22219640016555786;0.4805378317832947;0.61214280128479;-0.2063937783241272;0.5604655146598816;0.6804030537605286;-0.19627425074577332;0.4702514410018921;0.6854714751243591;-0.1712968349456787;0.5359413027763367;0.6934067606925964;-0.0010310522047802806;0.4980291724205017;0.6923287510871887;0.0011200489243492484;0.5314845442771912;0.7868515253067017;-0.18318122625350952;0.498722642660141;0.79229336977005;-0.16020767390727997;0.5121372699737549;0.5702466487884521;-0.3800768733024597;0.5548263043165207;0.7619873732328415;-0.2532210946083069;0.47663960605859756;0.7709234654903412;-0.2419552206993103;0.525278627872467;0.9297818938891093;-0.16990349193414053;0.4977685610453288;0.9274202783902487;-0.14870092769463858;sentandose;frontal
1.37;0.5061386823654175;0.5859469771385193;-0.3375886082649231;0.5468130111694336;0.6107712388038635;-0.19862334430217743;0.48049235343933105;0.6101791858673096;-0.1808679699897766;0.5605847835540771;0.6819514632225037;-0.16738386452198029;0.4702660143375397;0.6806368231773376;-0.13582560420036316;0.5356844663619995;0.6982345581054688;-0.0012779899407178164;0.49808624386787415;0.697997510433197;0.0013867175439372659;0.5314441919326782;0.7880604863166809;-0.18651825189590454;0.49897828698158264;0.7919961214065552;-0.1564827859401703;0.5122131496667862;0.5666902363300323;-0.3466335624456406;0.5544774532318115;0.7622588276863098;-0.22071966156363487;0.47673943638801575;0.7689207494258881;-0.19142525643110275;0.5252503355344137;0.9288373986879984;-0.15142970283826193;0.49769464135169983;0.9242822130521139;-0.12146166960398357;sentandose;frontal
1.4;0.5065383315086365;0.5818185210227966;-0.339668333530426;0.546690046787262;0.6082977056503296;-0.19993989169597626;0.4805377721786499;0.6063058972358704;-0.18297256529331207;0.5605822801589966;0.6783467531204224;-0.16862589120864868;0.4703080952167511;0.6779544353485107;-0.14248935878276825;0.5356659889221191;0.6974396109580994;-0.00149830081500113;0.4981476366519928;0.6973773837089539;0.0016152291791513562;0.5307148098945618;0.7879758477210999;-0.19103527069091797;0.49894779920578003;0.7916800379753113;-0.1548868715763092;0.512436318397522;0.5626331984996795;-0.3478425472974777;0.5542197525501251;0.7598328143358231;-0.2231147512793541;0.47723469138145447;0.7679845839738846;-0.20377395302057266;0.5250910917917887;0.9290263851483663;-0.163420503338178;0.49772606293360394;0.9232838153839111;-0.1266200765967369;sentandose;frontal
1.43;0.5066758394241333;0.5755141377449036;-0.32542699575424194;0.5461319088935852;0.6048096418380737;-0.18891577422618866;0.4805923402309418;0.603630781173706;-0.17397400736808777;0.5605337023735046;0.6758703589439392;-0.16047431528568268;0.4706030786037445;0.6769065856933594;-0.13821116089820862;0.5356594324111938;0.6972118020057678;-0.0013442992931231856;0.4982624053955078;0.6968749165534973;0.0014596416149288416;0.5306715965270996;0.7893335223197937;-0.1939087063074112;0.49868008494377136;0.7915209531784058;-0.15998604893684387;0.5125118792057037;0.5591914534568787;-0.3320249021053314;0.553844228386879;0.7581312656402588;-0.21716096997261047;0.4775763973593712;0.766545444726944;-0.20217837020754814;0.5250694950421652;0.9290327231089274;-0.16599943737188974;0.49719653526941937;0.9216110308965048;-0.13690206905206045;sentandose;frontal
1.47;0.5068830251693726;0.5649091601371765;-0.3058471977710724;0.5457977652549744;0.6002651453018188;-0.17362748086452484;0.480971097946167;0.6003707051277161;-0.16005700826644897;0.5600792765617371;0.6731775403022766;-0.1462036669254303;0.4715888500213623;0.6759564876556396;-0.12596602737903595;0.5356562733650208;0.6977558135986328;-0.0007106818375177681;0.49898117780685425;0.6967759728431702;0.0008226078352890909;0.5306435227394104;0.7909038066864014;-0.18817149102687836;0.498358815908432;0.7909650206565857;-0.17134328186511993;0.5126529216766358;0.5482521712779999;-0.3122448205947876;0.5535798668861389;0.7554627805948257;-0.20256343483924866;0.47740262001752853;0.7638746500015259;-0.1922549083828926;0.5250751972198486;0.9294802149136862;-0.16031264265378317;0.49646411339441937;0.9213440219561259;-0.1462858815987905;sentandose;frontal
1.5;0.5072623491287231;0.5531345009803772;-0.2864607274532318;0.5457457304000854;0.5930371880531311;-0.15987056493759155;0.4813820719718933;0.5918365716934204;-0.1417725831270218;0.5591313242912292;0.6672443747520447;-0.13395535945892334;0.4723430275917053;0.6658492684364319;-0.10403566807508469;0.5356534719467163;0.698893666267395;-0.0008260298636741936;0.4995327293872833;0.6973188519477844;0.0009381258860230446;0.5304925441741943;0.7909200191497803;-0.20042316615581512;0.4981263279914856;0.789143979549408;-0.1810273975133896;0.5127976596355438;0.5361014068126678;-0.29232999980449675;0.5530237704515457;0.7508781552314758;-0.18920761719346046;0.477292463183403;0.7565898448228836;-0.16705471649765968;0.525007426738739;0.9295129776000977;-0.17112171153227487;0.49596937497456867;0.9219555854797363;-0.15485052267710367;sentandose;frontal
1.53;0.5072828531265259;0.5449631214141846;-0.2792777717113495;0.545775830745697;0.5863503217697144;-0.15394799411296844;0.48187705874443054;0.5847207903862;-0.13979852199554443;0.5581967830657959;0.6611550450325012;-0.12477532774209976;0.47295939922332764;0.660147488117218;-0.10494980961084366;0.5353032946586609;0.6977602243423462;-0.0005781562649644911;0.49948015809059143;0.6960925459861755;0.0006842143484391272;0.5304633378982544;0.7906558513641357;-0.19961661100387573;0.4979320168495178;0.7887458205223083;-0.1817825436592102;0.5128728806972503;0.5276991188526153;-0.28534320890903475;0.5527581125497818;0.746472641825676;-0.17705640569329262;0.47734950482845306;0.7514449208974838;-0.16884855926036835;0.5249493519465128;0.930429220199585;-0.1659917930761973;0.49598949154218036;0.9226350585619608;-0.15058053781588873;sentandose;frontal
1.57;0.5076355338096619;0.5363777875900269;-0.26825544238090515;0.5457879900932312;0.5781413912773132;-0.1422993540763855;0.4823620319366455;0.5785486698150635;-0.13408803939819336;0.5575610995292664;0.6557900309562683;-0.112183578312397;0.4733283519744873;0.6585806012153625;-0.1036612018942833;0.5346771478652954;0.6969373822212219;0.00045545032480731606;0.49942904710769653;0.6956345438957214;-0.00035519475932233036;0.530406653881073;0.790505588054657;-0.20014458894729614;0.4978591501712799;0.7887582182884216;-0.18234190344810486;0.5130862355232239;0.5189753293991088;-0.2738561749458313;0.5518876314163208;0.7389000505208969;-0.16331935673952103;0.47742415964603424;0.7518073916435242;-0.16856693848967552;0.5247966647148132;0.9311882058779398;-0.16514363884925842;0.4972732762495677;0.9270103176434835;-0.1517204170425733;sentandose;frontal
1.6;0.5078068375587463;0.5289427638053894;-0.2230655401945114;0.5458001494407654;0.5719537734985352;-0.10822712630033493;0.48284831643104553;0.5731936693191528;-0.09686579555273056;0.5571544766426086;0.6512348651885986;-0.0812600702047348;0.4736923575401306;0.655718207359314;-0.06806521862745285;0.5341169834136963;0.6981927752494812;0.0006325468420982361;0.4994055926799774;0.6978517174720764;-0.0005397883942350745;0.5304018259048462;0.7901610136032104;-0.19983525574207306;0.4973737299442291;0.788709819316864;-0.18181228637695312;0.5131055116653442;0.5119214475154876;-0.22842877805233003;0.5512229204177856;0.7311772406101227;-0.13487720675766468;0.4775880202651024;0.746051087975502;-0.13244271837174892;0.5246010224024454;0.9314333200454712;-0.1653877447048823;0.49711573123931885;0.9281594554583231;-0.15536363671223322;sentandose;frontal
1.63;0.5078918933868408;0.524690568447113;-0.2042854130268097;0.5458089113235474;0.5686776638031006;-0.09351661056280136;0.4831525385379791;0.5700589418411255;-0.07823594659566879;0.556422233581543;0.6478134989738464;-0.06874726712703705;0.47394871711730957;0.6516386270523071;-0.04813721776008606;0.5337575674057007;0.6985066533088684;0.0006734423222951591;0.4994053840637207;0.6982437968254089;-0.0005831526941619813;0.5307546854019165;0.7881402373313904;-0.19959314167499542;0.49725279211997986;0.7872112989425659;-0.18167947232723236;0.5131808996200562;0.5073941767215728;-0.20886192619800567;0.5502320379018784;0.7263270616531372;-0.12525947019457817;0.47771448642015457;0.7385196387767792;-0.11332718469202518;0.5245232780774435;0.9315183758735657;-0.1709663768609365;0.49705644448598224;0.9284325838088989;-0.16182778775691986;sentandose;frontal
1.67;0.5080642104148865;0.5230640769004822;-0.19794140756130219;0.5459784865379333;0.5670962929725647;-0.08507336676120758;0.4834013879299164;0.5684302449226379;-0.07410947233438492;0.5562361478805542;0.6466087698936462;-0.05732918158173561;0.4743547737598419;0.6506283283233643;-0.04519129544496536;0.5336118936538696;0.698688268661499;0.0008446888532489538;0.4994066655635834;0.6983861327171326;-0.0007612949702888727;0.531082034111023;0.7877672910690308;-0.194072887301445;0.49718400835990906;0.7870903611183167;-0.17362402379512787;0.5133828759193421;0.5057435750961303;-0.2025844469666481;0.5490832179784775;0.7229935973882675;-0.11658071912825108;0.47856079041957855;0.7347183674573898;-0.11378071084618568;0.5245973666508993;0.9317251245180765;-0.16374641160170236;0.4967811206976573;0.9292027354240417;-0.1526526634891828;sentandose;frontal
1.7;0.5082969665527344;0.5217653512954712;-0.2019413262605667;0.5460886359214783;0.5662024617195129;-0.08811637759208679;0.48373714089393616;0.5674364566802979;-0.07493936270475388;0.5560219883918762;0.6453403234481812;-0.06087465584278107;0.4744884967803955;0.647251546382904;-0.04268654063344002;0.5333881378173828;0.6983499526977539;0.0008145769243128598;0.49940744042396545;0.6979917883872986;-0.0007330552907660604;0.5316328406333923;0.7875006794929504;-0.19154034554958344;0.49699243903160095;0.7873669862747192;-0.16501589119434357;0.5135886788368225;0.5043910801410675;-0.2067205861210823;0.5481308847665787;0.7209904789924622;-0.1256422996520996;0.47896724939346313;0.7288589477539062;-0.11187317222356796;0.5246986349423727;0.9325210253397623;-0.1631970355908076;0.4963591396808624;0.9308312137921652;-0.1464862103263537;sentandose;frontal
1.73;0.508570671081543;0.5208587050437927;-0.19217737019062042;0.5460973978042603;0.5639566779136658;-0.07942064106464386;0.48417526483535767;0.566371738910675;-0.06866993755102158;0.5560034513473511;0.6437591314315796;-0.05462732911109924;0.4745355248451233;0.6446741819381714;-0.03995173051953316;0.5333816409111023;0.6980940103530884;0.0008359545026905835;0.49950891733169556;0.6976153254508972;-0.0007560538942925632;0.5322325229644775;0.7872714996337891;-0.19180981814861298;0.49671539664268494;0.7869827151298523;-0.16582618653774261;0.5137928307056427;0.5033868014812469;-0.1967157319188118;0.5476868748664856;0.719303622841835;-0.12432428635656834;0.47944940626621246;0.7252910286188126;-0.1123820748180151;0.5247645974159241;0.9329972068468729;-0.16420743862787882;0.49623088041941327;0.9315134684244791;-0.1502403865257899;sentandose;frontal
1.77;0.5090334415435791;0.5200930833816528;-0.17678512632846832;0.5461025834083557;0.5627310276031494;-0.06688608229160309;0.4848114252090454;0.5655495524406433;-0.055191099643707275;0.555854082107544;0.6425620913505554;-0.04368067532777786;0.47484150528907776;0.6427819132804871;-0.026557616889476776;0.5333725810050964;0.6981335282325745;0.0008144495077431202;0.499548077583313;0.6975307464599609;-0.0007347519276663661;0.5329842567443848;0.7864920496940613;-0.1926371157169342;0.49641379714012146;0.7870912551879883;-0.16552944481372833;0.5141418814659119;0.5025982439517975;-0.18111250102519988;0.5475671738386154;0.7177625894546509;-0.11832763068377972;0.47945457696914673;0.7221238315105438;-0.1019762884825468;0.5249649484952291;0.93337615331014;-0.16464040676752725;0.49608586231867474;0.9324391682942709;-0.14800389359394708;sentandose;frontal
1.8;0.5092149972915649;0.5195866823196411;-0.16735881567001343;0.5461122989654541;0.5622735619544983;-0.05859562009572983;0.4855394959449768;0.5653337836265564;-0.04505690932273865;0.5557722449302673;0.6418011784553528;-0.04401455447077751;0.4755382537841797;0.6420002579689026;-0.016418620944023132;0.5333815217018127;0.6979734301567078;0.000765806355047971;0.4996320903301239;0.6973773241043091;-0.000684458005707711;0.534108579158783;0.7850881218910217;-0.19742780923843384;0.49608704447746277;0.7862914204597473;-0.16710351407527924;0.5142885744571686;0.5020495027303695;-0.17164101749658583;0.5474883615970612;0.7154305577278137;-0.12950495816767216;0.4796065092086792;0.719626396894455;-0.09332998655736446;0.5254787007967631;0.933676560719808;-0.17314146955808005;0.49610122044881183;0.9325838883717855;-0.1528065800666809;sentandose;frontal
1.83;0.5093855857849121;0.5188843011856079;-0.15958893299102783;0.5461226105690002;0.5624164342880249;-0.05247293412685394;0.4858338236808777;0.5651327967643738;-0.04021625965833664;0.5557302832603455;0.641967236995697;-0.0399785079061985;0.47576001286506653;0.642498254776001;-0.014366666786372662;0.5333890914916992;0.6980908513069153;0.0007250025519169867;0.49967536330223083;0.6973832845687866;-0.0006417815457098186;0.534945011138916;0.7846249938011169;-0.20119009912014008;0.49569955468177795;0.7847913503646851;-0.1745370477437973;0.5145837485790252;0.5015648603439331;-0.16347329914569855;0.547698125243187;0.7153316140174866;-0.1280004419386387;0.48099731653928757;0.7198507189750671;-0.09181315824389458;0.5258139173189799;0.9337575833002726;-0.17747647066911063;0.49613049626350403;0.9328686793645223;-0.1606623182694117;sentandose;frontal
1.87;0.5097578167915344;0.5183149576187134;-0.15078827738761902;0.5461365580558777;0.5621259212493896;-0.04326198622584343;0.48650893568992615;0.564388632774353;-0.033383648842573166;0.555414617061615;0.6417093276977539;-0.031465157866477966;0.4760659337043762;0.6417176723480225;-0.00853123888373375;0.5333978533744812;0.6986846327781677;0.0007182684494182467;0.49970051646232605;0.6976234316825867;-0.000634404132142663;0.5360134840011597;0.7840096354484558;-0.20499327778816223;0.4955349564552307;0.782743513584137;-0.1785389930009842;0.5149372279644012;0.5012389898300171;-0.15438473746180534;0.5477688759565353;0.7152324467897415;-0.12089961022138596;0.48197561502456665;0.7194271832704544;-0.08505079336464405;0.5260304808616638;0.9342955350875854;-0.18558356165885925;0.49615533153216046;0.9331110914548238;-0.1664070983727773;sentandose;frontal
1.9;0.5101102590560913;0.5177753567695618;-0.1478194147348404;0.5462170839309692;0.5621817708015442;-0.04001199081540108;0.48705124855041504;0.5639909505844116;-0.031823087483644485;0.5550182461738586;0.6423746943473816;-0.03347613289952278;0.4762144684791565;0.6416650414466858;-0.010212940163910389;0.5334046483039856;0.6991101503372192;0.0007435138104483485;0.4997219145298004;0.6976525187492371;-0.0006576632149517536;0.5367394685745239;0.7833746075630188;-0.2129323035478592;0.4954124689102173;0.7804514765739441;-0.18793736398220062;0.5152438282966614;0.5008243799209595;-0.15102921351790427;0.5478623062372208;0.7159996628761292;-0.12650839239358902;0.48294420540332794;0.7194852083921432;-0.0874480102211237;0.5264381368954977;0.9345394174257914;-0.19387892385323843;0.49617374936739606;0.9332684477170309;-0.17824122806390127;sentandose;frontal
1.93;0.5106656551361084;0.5172842741012573;-0.14143338799476624;0.5463131666183472;0.5621001720428467;-0.033049076795578;0.48743936419487;0.5641209483146667;-0.028131047263741493;0.5545006394386292;0.642667829990387;-0.030684232711791992;0.47676101326942444;0.6418905258178711;-0.012836013920605183;0.5333997011184692;0.699292004108429;0.0010771468514576554;0.49972209334373474;0.6976348161697388;-0.0009901223238557577;0.5371612310409546;0.7823911905288696;-0.20684383809566498;0.4954005479812622;0.7769506573677063;-0.19960914552211761;0.5157353043556213;0.5004636526107789;-0.1438449278473854;0.5480427592992783;0.7153927683830261;-0.12846459820866585;0.48361310362815857;0.7178327888250351;-0.09620923548936844;0.5270212093989054;0.9343840877215067;-0.18387102087338766;0.4962197442849477;0.9331623117129008;-0.19085292021433511;sentandose;frontal
1.97;0.5120076537132263;0.5169717073440552;-0.13202166557312012;0.5463801622390747;0.561748743057251;-0.021275164559483528;0.4879327416419983;0.5642470717430115;-0.020225781947374344;0.5542803406715393;0.6417444944381714;-0.027251197025179863;0.4771049916744232;0.6417114734649658;-0.009399473667144775;0.5334267616271973;0.6998847126960754;0.0013537565246224403;0.4997776448726654;0.6979296803474426;-0.001264637685380876;0.5374205112457275;0.7814054489135742;-0.20638445019721985;0.4953356683254242;0.7744196057319641;-0.20285119116306305;0.5167082071304321;0.5003176510334015;-0.13372640758752824;0.548455610871315;0.712671160697937;-0.13211672566831112;0.48410632461309433;0.7174572050571442;-0.09663218259811401;0.5275216698646545;0.934354325135549;-0.18779323995113373;0.4964994291464488;0.9331340988477071;-0.2035088191429774;sentandose;frontal
2.0;0.5128563642501831;0.5169797539710999;-0.12600979208946228;0.5465545058250427;0.5616609454154968;-0.014412559568881989;0.48821139335632324;0.5644129514694214;-0.014543646015226841;0.5542949438095093;0.6413075923919678;-0.0243989247828722;0.47727903723716736;0.6416603326797485;-0.012063734233379364;0.5336058139801025;0.7004373669624329;0.00147446827031672;0.49995550513267517;0.6983726024627686;-0.0013794765109196305;0.5376700162887573;0.7802324295043945;-0.2112577259540558;0.49529463052749634;0.7711614966392517;-0.20888754725456238;0.5173714876174926;0.5003206729888916;-0.12751090303063392;0.5489651709794998;0.7122051119804382;-0.13459046557545662;0.48422061651945114;0.7161808758974075;-0.10609972290694714;0.5279203255971273;0.9345148205757141;-0.20036368072032928;0.49692543347676593;0.9331049720446268;-0.21423748135566711;sentandose;frontal
2.03;0.5139849185943604;0.5174644589424133;-0.13310858607292175;0.5465834140777588;0.5611535310745239;-0.019497845321893692;0.4883410930633545;0.5646654367446899;-0.020638076588511467;0.554259181022644;0.6406203508377075;-0.01988285966217518;0.47736772894859314;0.6418965458869934;-0.005618507973849773;0.5338561534881592;0.7004226446151733;0.0014637444401159883;0.5003582239151001;0.6983783841133118;-0.0013681325362995267;0.5375270843505859;0.7801991105079651;-0.20884323120117188;0.4952037036418915;0.7715845704078674;-0.19848830997943878;0.5183399200439454;0.5008807510137558;-0.13520007953047752;0.5498873740434647;0.7116836905479431;-0.12904569692909718;0.48447461426258087;0.7173246741294861;-0.08710718341171741;0.5283156633377075;0.9346463878949484;-0.19879299402236938;0.49719079335530597;0.9335842728614807;-0.1981087177991867;sentandose;frontal
2.07;0.514683723449707;0.517842173576355;-0.13801740109920502;0.5466578602790833;0.5607718229293823;-0.021614141762256622;0.4885658621788025;0.5647709369659424;-0.02506505511701107;0.5542488098144531;0.6394818425178528;-0.01811733841896057;0.47749072313308716;0.6421419978141785;-0.007901059463620186;0.5342239141464233;0.7003986835479736;0.00145978934597224;0.5008673071861267;0.6982748508453369;-0.0013646680163219571;0.537418782711029;0.7803049087524414;-0.20737653970718384;0.49504145979881287;0.7722226977348328;-0.19471298158168793;0.518975168466568;0.5012639671564102;-0.14015666246414185;0.5511923581361771;0.7109438925981522;-0.12481255829334259;0.4847540184855461;0.7179542034864426;-0.08608393743634224;0.528492271900177;0.9350777864456177;-0.20285568137963614;0.4973527689774831;0.9338474273681641;-0.20300869643688202;sentandose;frontal
2.1;0.5155774354934692;0.51791912317276;-0.1410759538412094;0.5468741059303284;0.5608534216880798;-0.024519961327314377;0.4889588952064514;0.5647533535957336;-0.02931872569024563;0.5542537569999695;0.6397809982299805;-0.013443808071315289;0.47769129276275635;0.6423160433769226;-0.012452817521989346;0.5345877408981323;0.7003461122512817;0.0015544655034318566;0.5012860298156738;0.6982471942901611;-0.0014596651308238506;0.5374084711074829;0.7803934216499329;-0.2095542550086975;0.4949866831302643;0.7733358144760132;-0.19368405640125275;0.5196200430393219;0.5014301687479019;-0.14305308908224107;0.5529008507728577;0.7113230228424072;-0.10683154314756393;0.48499689996242523;0.7182531207799911;-0.08950033038854599;0.5285621484120687;0.9355762203534445;-0.21631007889906564;0.49750686685244244;0.934043268362681;-0.20571424067020416;sentandose;frontal
2.13;0.5161328911781311;0.5175646543502808;-0.13961313664913177;0.5470527410507202;0.5607529282569885;-0.023921433836221695;0.4894791841506958;0.5644656419754028;-0.029108641669154167;0.5542649626731873;0.6399399042129517;-0.005628871265798807;0.47799354791641235;0.6422910094261169;-0.012797572650015354;0.5348071455955505;0.7003250122070312;0.001609192811883986;0.5015524625778198;0.6981070637702942;-0.0015147898811846972;0.5373407602310181;0.7804598212242126;-0.21170778572559357;0.49498188495635986;0.774005115032196;-0.19183838367462158;0.5200542688369751;0.50127032995224;-0.14145567938685416;0.5549119710922241;0.7121224850416183;-0.08826859667897224;0.48508886992931366;0.7183663696050644;-0.08759291470050812;0.528693417708079;0.9360050757726034;-0.22861062486966452;0.4976354241371155;0.9343025088310242;-0.20666051904360452;sentandose;frontal
2.17;0.5164825916290283;0.5171457529067993;-0.13651177287101746;0.5472084283828735;0.5608819723129272;-0.020500974729657173;0.48985928297042847;0.56432044506073;-0.026242192834615707;0.5542910099029541;0.6413666009902954;-0.0015425581950694323;0.4785591959953308;0.6423814296722412;-0.01100749708712101;0.535038411617279;0.7002851963043213;0.0017156859394162893;0.5017525553703308;0.6980928182601929;-0.0016198100056499243;0.5373280048370361;0.7797943353652954;-0.22204363346099854;0.49503660202026367;0.7745147347450256;-0.18876931071281433;0.520376843214035;0.5008775383234024;-0.13779906556010246;0.5567221492528915;0.7161616086959839;-0.0821471568197012;0.4850875064730644;0.7185252457857132;-0.08516202308237553;0.5286455949147543;0.9360150496164957;-0.253911887605985;0.4976680775483449;0.9344509840011597;-0.21127407252788544;sentandose;frontal
2.2;0.5167349576950073;0.5168820023536682;-0.12857167422771454;0.5473546385765076;0.5609747767448425;-0.010607430711388588;0.4900347888469696;0.5641463994979858;-0.01765221357345581;0.5543014407157898;0.6415541768074036;0.004882987588644028;0.4788872301578522;0.6424227952957153;-0.0030777808278799057;0.5353063344955444;0.7002657651901245;0.001768524874933064;0.5018473267555237;0.6980790495872498;-0.0016705840826034546;0.5372883677482605;0.7776437401771545;-0.22864991426467896;0.49510735273361206;0.7745894193649292;-0.18926233053207397;0.5206045508384705;0.5005643963813782;-0.1292335070669651;0.5588721483945847;0.7171023637056351;-0.08300323970615864;0.48500917106866837;0.7179699540138245;-0.07827329635620117;0.5286401311556498;0.9360144138336182;-0.2673710783322652;0.49773375193277997;0.9344735344250997;-0.21958168844381967;sentandose;frontal
2.23;0.5172387361526489;0.5169637203216553;-0.12970910966396332;0.5474525690078735;0.5610494017601013;-0.008778736926615238;0.49011877179145813;0.5639446377754211;-0.016641179099678993;0.5543551445007324;0.6423817873001099;0.0075483922846615314;0.4792667627334595;0.6418743133544922;-0.004646411631256342;0.5354219675064087;0.7002779245376587;0.001993746729567647;0.5019324421882629;0.6981812715530396;-0.0018886986654251814;0.5372520089149475;0.7774196267127991;-0.22767052054405212;0.4951092600822449;0.7748964428901672;-0.18957288563251495;0.5210066318511963;0.5005805641412735;-0.13045925870537758;0.5606236308813095;0.7190328538417816;-0.08152715303003788;0.48463232070207596;0.7147087007761002;-0.08121030032634735;0.528608520825704;0.9363941351572672;-0.2791268875201543;0.49779456853866577;0.9344674150149027;-0.22726736962795258;sentandose;frontal
2.27;0.5174852609634399;0.5169785022735596;-0.13238556683063507;0.5475859642028809;0.5612941980361938;-0.01157141849398613;0.4902374744415283;0.5638889670372009;-0.019946519285440445;0.554592490196228;0.6445894241333008;0.007280984427779913;0.4797341823577881;0.6413471102714539;-0.007105737458914518;0.5354960560798645;0.7002586722373962;0.0021677883341908455;0.5019330382347107;0.6981975436210632;-0.002059008926153183;0.5372115969657898;0.7772709727287292;-0.22557459771633148;0.49514609575271606;0.7743956446647644;-0.19252130389213562;0.5212984144687652;0.5005685180425644;-0.13315667435526848;0.5625545233488083;0.723483681678772;-0.07597689796239138;0.48368413001298904;0.7134303897619247;-0.08294415287673473;0.5285757184028625;0.9366893172264099;-0.26945043603579205;0.4978346029917399;0.9344334204991659;-0.22541503111521402;sentandose;frontal
2.3;0.5180308222770691;0.5171376466751099;-0.13577744364738464;0.5478233695030212;0.5615607500076294;-0.01610714942216873;0.49041661620140076;0.5638760328292847;-0.024881534278392792;0.5549182295799255;0.6454184055328369;0.004668325651437044;0.479961633682251;0.6410128474235535;-0.009221099317073822;0.5355872511863708;0.7002493739128113;0.002274539787322283;0.5019498467445374;0.6981926560401917;-0.002166151534765959;0.5371977686882019;0.7773967385292053;-0.22283384203910828;0.49515166878700256;0.7745805382728577;-0.19277335703372955;0.5217161297798156;0.5006192356348038;-0.1363380581140518;0.563253864645958;0.7262077629566193;-0.07435168232768774;0.48324351012706757;0.7128785401582718;-0.08430597372353077;0.5285100738207499;0.9370583494504293;-0.25359102586905163;0.4978541036446889;0.9344472885131836;-0.2182426154613495;sentandose;frontal
2.33;0.5186031460762024;0.5176289677619934;-0.13646188378334045;0.5479879379272461;0.5618875622749329;-0.015102969482541084;0.4906565845012665;0.5638837814331055;-0.02420024573802948;0.5552133321762085;0.6468018889427185;0.006623103749006987;0.4801357090473175;0.6408084034919739;-0.009474127553403378;0.5356072187423706;0.7003591656684875;0.0022839319426566362;0.501961886882782;0.6983935236930847;-0.002175064291805029;0.5371766090393066;0.7771562337875366;-0.22294160723686218;0.4951559901237488;0.7745180726051331;-0.19615206122398376;0.5222282826900482;0.5009230464696884;-0.13740428686141967;0.5640259981155396;0.7296703159809113;-0.0735091594979167;0.48282261192798615;0.7128594070672989;-0.08591325394809246;0.528459370136261;0.9370728532473246;-0.25749118129412335;0.4978695809841156;0.9343905250231425;-0.22433654963970184;sentandose;frontal
2.37;0.5190003514289856;0.5185881853103638;-0.1411731243133545;0.5482320785522461;0.562574028968811;-0.018304768949747086;0.4909748136997223;0.563913106918335;-0.02849152870476246;0.5554912090301514;0.6480379104614258;0.0028351128567010164;0.480234831571579;0.6408361196517944;-0.011538861319422722;0.5356475114822388;0.7003903985023499;0.0023149806074798107;0.5019659996032715;0.6984221935272217;-0.0022058680187910795;0.5371555685997009;0.7768827080726624;-0.22195182740688324;0.4952692687511444;0.7744975686073303;-0.1958746612071991;0.5226443707942963;0.501906332373619;-0.14278339296579362;0.564864844083786;0.7327751964330673;-0.07556636724621058;0.4826613888144493;0.7130063325166702;-0.08639492467045784;0.5284522970517477;0.9370734095573425;-0.25234460830688477;0.4978605608145396;0.9343764384587606;-0.21976907551288605;sentandose;frontal
2.4;0.5190954208374023;0.5192067623138428;-0.1398896872997284;0.5483484268188477;0.562710165977478;-0.01822497323155403;0.49132397770881653;0.5641337633132935;-0.0263065192848444;0.555675745010376;0.6478477120399475;0.0041553303599357605;0.48059165477752686;0.6409142017364502;-0.009370695799589157;0.5357180833816528;0.7004629969596863;0.002258324297145009;0.5020145773887634;0.6985426545143127;-0.002148244995623827;0.5369156002998352;0.7756692171096802;-0.22702321410179138;0.4953058660030365;0.7743273377418518;-0.195455864071846;0.5228179156780243;0.5025822192430496;-0.14152129366993904;0.5641269534826279;0.7319859117269516;-0.0725922342389822;0.4825900048017502;0.7129939496517181;-0.08578919991850853;0.5284561514854431;0.936748206615448;-0.2635969320933024;0.497819721698761;0.9344300826390585;-0.21964536607265472;sentandose;frontal
2.43;0.5191881656646729;0.5205811858177185;-0.14677292108535767;0.5484671592712402;0.5629059076309204;-0.022328559309244156;0.49157294631004333;0.5645179748535156;-0.030958330258727074;0.5558661818504333;0.6477506160736084;0.002699361415579915;0.48095637559890747;0.6418001055717468;-0.011854610405862331;0.535779595375061;0.7005617618560791;0.0022762352600693703;0.5020161867141724;0.6986353397369385;-0.0021655824966728687;0.5368797779083252;0.7756334543228149;-0.22717277705669403;0.49533775448799133;0.7743601202964783;-0.19564583897590637;0.5230747520923614;0.5039216220378876;-0.1487307369709015;0.5635826140642166;0.7317094504833221;-0.07557667698711157;0.4824143052101135;0.7131942510604858;-0.08652136102318764;0.5284457206726074;0.9361231525739034;-0.25772321224212646;0.4978278577327728;0.9344861706097921;-0.21928347647190094;sentandose;frontal
2.47;0.5191612243652344;0.5217824578285217;-0.14590008556842804;0.5485816597938538;0.5630913376808167;-0.022144891321659088;0.49190396070480347;0.5647023916244507;-0.030738918110728264;0.5559216141700745;0.6476704478263855;0.0029849952552467585;0.48143884539604187;0.6418067216873169;-0.009982104413211346;0.5358237624168396;0.7007278203964233;0.002284375252202153;0.5020591020584106;0.6988525986671448;-0.0021733150351792574;0.5368860960006714;0.7755369544029236;-0.22829756140708923;0.49533313512802124;0.774394690990448;-0.19515521824359894;0.5231823861598969;0.5051946729421616;-0.14770742133259773;0.5632584989070892;0.7312217950820923;-0.0737156830728054;0.4822583720088005;0.7133111357688904;-0.08336642198264599;0.5283779700597128;0.9344454805056254;-0.25548448661963147;0.49787889917691547;0.9343607227007548;-0.21833524604638418;sentandose;frontal
2.5;0.5191011428833008;0.5223761796951294;-0.14336417615413666;0.5487242341041565;0.5632012486457825;-0.020673157647252083;0.49209800362586975;0.5649015307426453;-0.02840283140540123;0.5559507608413696;0.6476021409034729;0.00393432704731822;0.4818798303604126;0.6419119238853455;-0.007083563134074211;0.5359585285186768;0.7010389566421509;0.0022575743496418;0.5021650195121765;0.6992553472518921;-0.002145454753190279;0.5368939638137817;0.7754295468330383;-0.22864606976509094;0.49533113837242126;0.7743927836418152;-0.19743163883686066;0.5232208728790283;0.5058752477169037;-0.14548977315425873;0.563047468662262;0.7309523075819016;-0.07295137271285057;0.4822598472237587;0.713496208190918;-0.08104094117879868;0.5282768805821737;0.9340497255325317;-0.2547049820423126;0.49800639351209003;0.9343010981877645;-0.21964032451311746;sentandose;frontal
2.53;0.5190483927726746;0.5224648714065552;-0.13424953818321228;0.548798680305481;0.563236653804779;-0.015131831169128418;0.4922434985637665;0.5649051666259766;-0.020168956369161606;0.5559754371643066;0.6474584937095642;0.0073121702298521996;0.4821224808692932;0.6419028639793396;-0.0016316694673150778;0.5361290574073792;0.7012395858764648;0.002150792395696044;0.5022830367088318;0.6995365619659424;-0.002036740304902196;0.5368982553482056;0.7751425504684448;-0.2305791974067688;0.49530187249183655;0.7743906378746033;-0.19892257452011108;0.5232208728790283;0.5060113668441772;-0.13619278147816657;0.5629061907529831;0.7301027923822403;-0.07013051398098469;0.4823147803544998;0.713414877653122;-0.07936903648078442;0.5282284617424011;0.9337186415990194;-0.25606754422187805;0.49805381894111633;0.9342805743217468;-0.22154398759206137;sentandose;frontal
2.57;0.519003689289093;0.5224937200546265;-0.1348237842321396;0.5488681197166443;0.5632870197296143;-0.015402056276798248;0.4922894239425659;0.5649080872535706;-0.02067907340824604;0.5560513138771057;0.6473239660263062;0.007267502602189779;0.48237788677215576;0.64173424243927;-0.0026309925597161055;0.5361952781677246;0.7012374997138977;0.002133062342181802;0.5023101568222046;0.6995421648025513;-0.0020189168862998486;0.5369240045547485;0.7747018337249756;-0.23180539906024933;0.4952978193759918;0.7744058966636658;-0.19852395355701447;0.5232426881790161;0.5060669839382171;-0.13663394376635551;0.562798023223877;0.7290464639663696;-0.07012028433382511;0.4823658913373947;0.7127600610256195;-0.08103886060416698;0.5282214681307474;0.9334379434585571;-0.25521694123744965;0.498128741979599;0.9343019723892212;-0.22044236461321512;sentandose;frontal
2.6;0.5189722180366516;0.5224624872207642;-0.13530519604682922;0.5489150285720825;0.5632942318916321;-0.01564912497997284;0.49238452315330505;0.5649129748344421;-0.02125859260559082;0.5561389327049255;0.646999180316925;0.006935648620128632;0.4826032519340515;0.6417068243026733;-0.003408353542909026;0.5362502932548523;0.7012366056442261;0.0021304425317794085;0.5023539066314697;0.6995359659194946;-0.002016212325543165;0.5369393825531006;0.7744646072387695;-0.2308652698993683;0.4953109920024872;0.7744216322898865;-0.19804392755031586;0.5232606947422027;0.5060520887374877;-0.13704868853092195;0.5627017170190811;0.728437751531601;-0.0707337660714984;0.48240120708942413;0.7124384194612503;-0.08192291669547558;0.5282179117202759;0.9335078001022339;-0.254668727517128;0.4982625941435496;0.9343463977177938;-0.2190962384144465;sentandose;frontal
2.63;0.5189597606658936;0.5224471688270569;-0.13996367156505585;0.5489917993545532;0.5633670091629028;-0.01852874830365181;0.49247175455093384;0.5649100542068481;-0.02377074770629406;0.5561997890472412;0.6468032598495483;0.004006687551736832;0.48270541429519653;0.6416175961494446;-0.004468122031539679;0.5363004803657532;0.7012290954589844;0.002155319321900606;0.50243079662323;0.6994155645370483;-0.002041504718363285;0.536964476108551;0.7744935750961304;-0.2301521897315979;0.49545931816101074;0.7745948433876038;-0.196689635515213;0.5232849299907685;0.5060229420661926;-0.14154962822794914;0.5626290291547775;0.7276229858398438;-0.0751026626676321;0.48241838067770004;0.7124485224485397;-0.08375915326178074;0.5282227794329325;0.9335473577181498;-0.2544476240873337;0.49833550055821735;0.9343486428260803;-0.21640799442927042;sentandose;frontal
2.67;0.5189419388771057;0.5224298238754272;-0.1445768177509308;0.5490429997444153;0.5634300112724304;-0.02244587056338787;0.49254733324050903;0.5649347305297852;-0.027553677558898926;0.5562458038330078;0.6466739177703857;-0.0012924120528623462;0.4827268719673157;0.6416348218917847;-0.007172315381467342;0.5363417863845825;0.7011235952377319;0.00220972066745162;0.5025269985198975;0.6992293000221252;-0.0020972145721316338;0.5368763208389282;0.7747079133987427;-0.22956277430057526;0.49594494700431824;0.7747843861579895;-0.190381720662117;0.5232864022254944;0.5060001194477082;-0.1462416924536228;0.5625846683979034;0.7269725352525711;-0.082834767177701;0.48246050626039505;0.7126403599977493;-0.08510944992303848;0.528237779935201;0.9337757627169291;-0.25593993564446765;0.49832503994305927;0.9344202677408854;-0.21446368594964346;sentandose;frontal
2.7;0.5189294815063477;0.5224059820175171;-0.1545562893152237;0.5491194128990173;0.5636126399040222;-0.03060051240026951;0.49256670475006104;0.5649402737617493;-0.0346258170902729;0.5563136339187622;0.6466905474662781;-0.010143028572201729;0.4827612042427063;0.6416361927986145;-0.014126081950962543;0.5363976955413818;0.7007429003715515;0.0022059434559196234;0.5025860667228699;0.6987951993942261;-0.002093605464324355;0.5363126993179321;0.7749374508857727;-0.22969916462898254;0.49628639221191406;0.7748475670814514;-0.1833489090204239;0.5232778012752533;0.5060011804103851;-0.15669180303812028;0.56254543364048;0.7267967015504837;-0.09257357381284237;0.4825509339570999;0.7126609981060028;-0.09180842712521553;0.5283830364545187;0.9343442519505819;-0.26812135179837543;0.4983285963535309;0.9346712629000345;-0.21198825041453043;sentandose;frontal
2.73;0.5189058780670166;0.5223870277404785;-0.1611556112766266;0.5491992235183716;0.5637108087539673;-0.03593909367918968;0.4925672709941864;0.5649405121803284;-0.03854867070913315;0.5563311576843262;0.6466884016990662;-0.016623221337795258;0.4827696979045868;0.6415871977806091;-0.019149867817759514;0.5364182591438293;0.699955403804779;0.0021772528998553753;0.5026058554649353;0.6980864405632019;-0.0020636403933167458;0.535222589969635;0.7740799188613892;-0.23021239042282104;0.49685901403427124;0.7743380069732666;-0.18071721494197845;0.5232689380645752;0.5059983193874359;-0.16361439153552054;0.5625182837247849;0.7266352623701096;-0.10055016726255417;0.48259586095809937;0.7127031534910202;-0.09965615533292294;0.5284659465154012;0.9346709251403809;-0.27449845770994824;0.4981904625892639;0.9347056746482849;-0.2114312748114268;sentandose;frontal
2.77;0.5188412070274353;0.5223783850669861;-0.16044388711452484;0.5492866635322571;0.563790500164032;-0.03592120483517647;0.4925674796104431;0.5649749040603638;-0.039409391582012177;0.5563334822654724;0.6467403769493103;-0.015515956096351147;0.48279374837875366;0.6415680050849915;-0.020373597741127014;0.5364192128181458;0.6993348002433777;0.002162840450182557;0.5026328563690186;0.6977536678314209;-0.002049077767878771;0.534290075302124;0.7734382152557373;-0.23029281198978424;0.49730148911476135;0.7742968797683716;-0.177703857421875;0.5232417941093445;0.505994337797165;-0.1627724952995777;0.5624782890081406;0.7267634272575378;-0.09771116822957993;0.48264826089143753;0.7126820087432861;-0.10051393322646618;0.5285459558169047;0.934883733590444;-0.2723415543635686;0.4981027642885844;0.9347437818845113;-0.2070427934328715;sentandose;frontal
2.8;0.5187817811965942;0.5223348140716553;-0.16347293555736542;0.5493186116218567;0.5637951493263245;-0.0367417149245739;0.49256032705307007;0.5650381445884705;-0.04150524362921715;0.5563294887542725;0.6467349529266357;-0.01520504616200924;0.48280462622642517;0.6415731906890869;-0.0224328450858593;0.5364159941673279;0.6989198923110962;0.0021946229971945286;0.5026451349258423;0.6975110173225403;-0.0020811385475099087;0.5337395668029785;0.7733365297317505;-0.23298965394496918;0.49736157059669495;0.7744527459144592;-0.17860649526119232;0.5232236802577972;0.5059755384922028;-0.16563635393977166;0.5624636560678482;0.7277412265539169;-0.09684642031788826;0.4826636239886284;0.7126511484384537;-0.10247034765779972;0.5286351442337036;0.9349196155865988;-0.2764597187439601;0.4981742600599925;0.9346898992856344;-0.20783773561318716;sentandose;frontal
2.83;0.5187726020812988;0.5223116278648376;-0.17264270782470703;0.5493530035018921;0.5638951659202576;-0.04289431497454643;0.4925398528575897;0.5651537179946899;-0.04805958643555641;0.5563256144523621;0.6470787525177002;-0.020651591941714287;0.48283419013023376;0.6415911912918091;-0.027575675398111343;0.536360502243042;0.6986517310142517;0.0022578034549951553;0.5026455521583557;0.6973840594291687;-0.002144652884453535;0.533344030380249;0.7734050750732422;-0.23530329763889313;0.4974178671836853;0.7756017446517944;-0.1768205165863037;0.5232239782810211;0.5059619903564453;-0.17462895289063454;0.5624582320451736;0.7289294898509979;-0.10173238255083561;0.482683964073658;0.7126658260822296;-0.1057934109121561;0.528672476609548;0.9348499576250712;-0.2809778501590093;0.4981738825639089;0.9346452951431274;-0.2061560203631719;sentandose;frontal
2.87;0.5187587141990662;0.5222960710525513;-0.17906665802001953;0.5493841171264648;0.5640144348144531;-0.04737814888358116;0.49251607060432434;0.5654508471488953;-0.05264826491475105;0.5563265681266785;0.6473625302314758;-0.02544880285859108;0.48283830285072327;0.6417645812034607;-0.03177306428551674;0.5363395810127258;0.6985254883766174;0.0023089617025107145;0.5026446580886841;0.6972976922988892;-0.0021952923852950335;0.5331180691719055;0.7734187245368958;-0.23792406916618347;0.4975155293941498;0.7762244939804077;-0.17479713261127472;0.5232201814651489;0.5059581220149993;-0.18098427280783652;0.5624466240406036;0.7293981164693832;-0.10688287578523159;0.4827325940132141;0.7126834094524384;-0.10928772203624249;0.5286905169487;0.9349509874979655;-0.2900775025288264;0.49816444516181946;0.9346117973327637;-0.2056709180275599;sentandose;frontal
2.9;0.5186324715614319;0.5223225355148315;-0.18047767877578735;0.5494006276130676;0.5644524097442627;-0.049579065293073654;0.4924936890602112;0.565879762172699;-0.05452810972929001;0.5563265085220337;0.6479143500328064;-0.02862383797764778;0.4828417897224426;0.6421127915382385;-0.03387800604104996;0.5363075137138367;0.6985275149345398;0.0023840349167585373;0.5026448369026184;0.6972932815551758;-0.0022719036787748337;0.5330508351325989;0.7734505534172058;-0.23824012279510498;0.4975244700908661;0.7768996953964233;-0.17664316296577454;0.5232012331485748;0.5060178995132446;-0.18238022029399872;0.5624302923679352;0.7299873530864716;-0.10969427414238453;0.48274512588977814;0.7131894081830978;-0.11080260388553143;0.5287264784177145;0.9350071350733439;-0.2870287448167801;0.498168687025706;0.9345510204633077;-0.2061776022116343;sentandose;frontal
2.93;0.5185174942016602;0.5223565697669983;-0.18500719964504242;0.5494144558906555;0.5647916197776794;-0.0526692196726799;0.4924769997596741;0.5661845803260803;-0.0582902692258358;0.556329071521759;0.6483672857284546;-0.030779480934143066;0.4828404486179352;0.6423135995864868;-0.03809171915054321;0.5362890958786011;0.6984903216362;0.00256292219273746;0.5026418566703796;0.6971739530563354;-0.002452683402225375;0.5330404043197632;0.7735759019851685;-0.23716102540493011;0.4975307285785675;0.7771602869033813;-0.1775296926498413;0.5231726229190826;0.5060622155666351;-0.18705514147877694;0.5624140352010727;0.730481892824173;-0.11120825633406639;0.48275499045848846;0.7132212221622467;-0.11597147956490517;0.5287622610727946;0.9351573387781779;-0.2835739056269328;0.49815812706947327;0.9344664414723715;-0.20644694566726685;sentandose;frontal
2.97;0.5184309482574463;0.5223793387413025;-0.1816125214099884;0.5494202971458435;0.565065324306488;-0.050367385149002075;0.49244433641433716;0.5664238333702087;-0.05667128786444664;0.5563349723815918;0.6485809683799744;-0.02820001170039177;0.4828314185142517;0.6423693299293518;-0.036496929824352264;0.5362629294395447;0.6984293460845947;0.0027843182906508446;0.5026313662528992;0.6970651745796204;-0.002676668344065547;0.5330925583839417;0.7734935879707336;-0.23654943704605103;0.49755561351776123;0.7771278619766235;-0.18007978796958923;0.523142957687378;0.5060928344726563;-0.1835309959948063;0.5623911619186401;0.7306190133094788;-0.10856448672711849;0.4827583432197571;0.7133100479841232;-0.11402453295886517;0.5287835200627645;0.9351698160171509;-0.280813530087471;0.49811263879140216;0.9343973596890768;-0.2067574510971705;sentandose;frontal
3.0;0.5183597207069397;0.5224319100379944;-0.18647827208042145;0.5494287014007568;0.5653476715087891;-0.05302470177412033;0.49238553643226624;0.5665439963340759;-0.05896587669849396;0.5563528537750244;0.6489625573158264;-0.030956031754612923;0.48282408714294434;0.6423875689506531;-0.03977857902646065;0.5362063050270081;0.6984177231788635;0.0029491903260350227;0.5025845766067505;0.6970160603523254;-0.002842869143933058;0.5331255793571472;0.7735109925270081;-0.23650501668453217;0.4975651502609253;0.7771325707435608;-0.18215923011302948;0.5231091380119324;0.5061429977416992;-0.1885479897260666;0.5623777806758881;0.7307055294513702;-0.11236549355089664;0.48277096450328827;0.7132019102573395;-0.12024164199829102;0.5288133025169373;0.9352068106333414;-0.2795431613922119;0.49803245067596436;0.9343890945116679;-0.2084385802348455;sentandose;frontal
3.03;0.5182486772537231;0.5223584771156311;-0.18281705677509308;0.5494459867477417;0.5653499364852905;-0.0541299432516098;0.4923809766769409;0.566696047782898;-0.06036321073770523;0.5563987493515015;0.648804783821106;-0.03148965165019035;0.48285403847694397;0.6426374912261963;-0.03874721750617027;0.5362215042114258;0.6984413266181946;0.003222212428227067;0.5026690363883972;0.6969282031059265;-0.0031261686235666275;0.5334686040878296;0.7747069597244263;-0.22859428822994232;0.4975302815437317;0.7772285342216492;-0.18254971504211426;0.5230396687984467;0.5060988306999207;-0.1848517306149006;0.5623782277107239;0.7307264059782028;-0.10996896401047707;0.4827945902943611;0.7158966362476349;-0.11658554151654243;0.5288134415944418;0.9352310299873352;-0.25907724102338153;0.49794796109199524;0.9344544410705566;-0.20750307540098825;sentandose;frontal
3.07;0.5181850790977478;0.5223045945167542;-0.18199817836284637;0.5494629740715027;0.5653594732284546;-0.05464635416865349;0.49237707257270813;0.5668308734893799;-0.061140403151512146;0.5564454793930054;0.6487083435058594;-0.03163163736462593;0.48288777470588684;0.6428229808807373;-0.038924843072891235;0.536243736743927;0.6984853148460388;0.003423606511205435;0.5027244687080383;0.6968672871589661;-0.0033337771892547607;0.5337371230125427;0.7755283117294312;-0.2254316508769989;0.49751612544059753;0.7773162126541138;-0.18292175233364105;0.5229958534240723;0.5060644328594208;-0.1840008094906807;0.5623732656240463;0.7307446599006653;-0.10921716876327991;0.4828149080276489;0.7171590477228165;-0.11414724588394165;0.5288115739822388;0.9352770646413168;-0.25238684316476184;0.4978822072347005;0.934510072072347;-0.20599657793839773;sentandose;frontal
3.1;0.5181372165679932;0.5222523808479309;-0.18164917826652527;0.5494860410690308;0.5653828978538513;-0.05465661734342575;0.4923744797706604;0.5669428706169128;-0.06099753826856613;0.5564811825752258;0.6486846208572388;-0.0316377691924572;0.48292216658592224;0.6429010629653931;-0.03852766379714012;0.5362725257873535;0.69854336977005;0.003523780032992363;0.5027642250061035;0.6968270540237427;-0.003437296487390995;0.5339317917823792;0.7761028409004211;-0.22423876821994781;0.49750396609306335;0.7774472832679749;-0.1829279214143753;0.5229622900485993;0.5060311496257782;-0.18358227536082267;0.562369093298912;0.7307581901550293;-0.10891865007579327;0.4828174114227295;0.7176131308078766;-0.11298460140824318;0.5288158853848776;0.9353036284446716;-0.2513066381216049;0.4978420635064443;0.934565265973409;-0.20485409597555795;sentandose;frontal
3.13;0.518101155757904;0.5222134590148926;-0.18313777446746826;0.5495052933692932;0.5654071569442749;-0.05500386282801628;0.4923718571662903;0.5669993162155151;-0.06090361997485161;0.5565068125724792;0.6486740112304688;-0.03213375061750412;0.48295095562934875;0.642914891242981;-0.03819840028882027;0.5362896919250488;0.6985817551612854;0.0035619407426565886;0.502779483795166;0.6967684030532837;-0.0034762124996632338;0.5341746807098389;0.7764168381690979;-0.22483541071414948;0.49748218059539795;0.7775756120681763;-0.1829220950603485;0.5229414701461792;0.5060077548027039;-0.18509281277656556;0.5623638480901718;0.7307415753602982;-0.11003088764846325;0.48281945288181305;0.7175462394952774;-0.11222430691123009;0.5288184285163879;0.9353329737981161;-0.2559228291114171;0.497804194688797;0.9346019625663757;-0.20500677824020386;sentandose;frontal
3.17;0.5180911421775818;0.5222142338752747;-0.18533995747566223;0.5495095252990723;0.5655925869941711;-0.056041233241558075;0.4923624098300934;0.5670179128646851;-0.061861712485551834;0.5565348863601685;0.6488997936248779;-0.03343111276626587;0.4829796254634857;0.6429235935211182;-0.03896356374025345;0.5363010764122009;0.6985870003700256;0.0035924925468862057;0.5027804970741272;0.6967164278030396;-0.0035063419491052628;0.5342657566070557;0.7764080762863159;-0.22552916407585144;0.4974622428417206;0.7775753736495972;-0.18443654477596283;0.5229222178459167;0.5060108482837677;-0.18736591562628746;0.5623452961444855;0.7308042347431183;-0.11237335950136185;0.4828212112188339;0.7174543738365173;-0.11266480199992657;0.5288166801134745;0.935352603594462;-0.25839437047640484;0.49778321385383606;0.9346237381299337;-0.20653351147969565;sentandose;frontal
3.2;0.5180681943893433;0.5222285389900208;-0.18670350313186646;0.5495073795318604;0.5657740831375122;-0.05741824582219124;0.4923444390296936;0.5670507550239563;-0.06313374638557434;0.5565372109413147;0.649041473865509;-0.0339745357632637;0.4829845428466797;0.6429532170295715;-0.03996816277503967;0.5363022685050964;0.6985763311386108;0.0035930511076003313;0.5027803778648376;0.6965406537055969;-0.0035068895667791367;0.5342961549758911;0.7764129638671875;-0.22558295726776123;0.497420072555542;0.7776890397071838;-0.18395303189754486;0.5228801310062409;0.5060332298278809;-0.18882691264152526;0.5623314529657364;0.7308929562568665;-0.1126670390367508;0.4828156381845474;0.7174112498760223;-0.11353527382016182;0.5287895401318868;0.935370147228241;-0.25444944202899933;0.4977681835492452;0.9346363345781962;-0.20235147575537363;sentandose;frontal
3.23;0.5180333852767944;0.5222817063331604;-0.18814601004123688;0.5495096445083618;0.5659154057502747;-0.05899965390563011;0.4923279583454132;0.5670531392097473;-0.0644143745303154;0.5565393567085266;0.6490768194198608;-0.03441184014081955;0.48299717903137207;0.6429539322853088;-0.04052509367465973;0.5363008975982666;0.6985087990760803;0.003593766363337636;0.5027762651443481;0.6963286995887756;-0.003507694462314248;0.534320592880249;0.7764161825180054;-0.2240956574678421;0.49740052223205566;0.7778263092041016;-0.18171848356723785;0.5228237867355346;0.506096088886261;-0.19051136076450348;0.5623214840888977;0.7309173345565796;-0.1126190759241581;0.48281288146972656;0.7172364145517349;-0.11397329345345497;0.5287768244743347;0.9353813926378886;-0.2496509999036789;0.4977193872133891;0.9346522490183512;-0.19783570369084677;sentandose;frontal
3.27;0.5180279016494751;0.5223503708839417;-0.18754099309444427;0.5495330095291138;0.5661343932151794;-0.05848531424999237;0.49232545495033264;0.5670726895332336;-0.06404273211956024;0.5565524697303772;0.6492006778717041;-0.03383062407374382;0.48305201530456543;0.6429547071456909;-0.04018761217594147;0.5363012552261353;0.6984215974807739;0.0035968138836324215;0.5027743577957153;0.6961733102798462;-0.0035106742288917303;0.53434818983078;0.7764123678207397;-0.22378264367580414;0.49739763140678406;0.7778323888778687;-0.1800634115934372;0.5227982580661774;0.5061441004276276;-0.1898569330573082;0.5623157471418381;0.7309418767690659;-0.11232596635818481;0.4828132092952728;0.7166459411382675;-0.11405221931636333;0.5287666519482931;0.935418426990509;-0.24902633825937906;0.4976482590039571;0.9346043070157369;-0.19623694320519766;sentandose;frontal
3.3;0.5180113911628723;0.5224598050117493;-0.18983164429664612;0.5495426058769226;0.5662936568260193;-0.060308363288640976;0.4923078119754791;0.5670661926269531;-0.06548638641834259;0.5565723776817322;0.6493264436721802;-0.03443291410803795;0.4830833971500397;0.6428636908531189;-0.04101412743330002;0.5363001823425293;0.6982036828994751;0.0035973461344838142;0.5027564764022827;0.6959279775619507;-0.003511257702484727;0.5343545079231262;0.7763978838920593;-0.22354088723659515;0.4973793625831604;0.777848482131958;-0.17792144417762756;0.5227175414562225;0.5062675237655639;-0.1923275336623192;0.5623055994510651;0.7310245633125305;-0.112803615629673;0.4828043803572655;0.7149816155433655;-0.11545936390757561;0.528744101524353;0.9354819258054098;-0.24651881555716196;0.49752405285835266;0.9344415068626404;-0.19214793046315512;sentandose;frontal
3.33;0.5179977416992188;0.5224941968917847;-0.19056157767772675;0.5495444536209106;0.5664401650428772;-0.06132880598306656;0.49229952692985535;0.5670678019523621;-0.06623584032058716;0.556578516960144;0.6494207978248596;-0.03531906381249428;0.4831368327140808;0.6427716612815857;-0.04178989306092262;0.536293625831604;0.6980093717575073;0.0036010402254760265;0.5027267932891846;0.695694088935852;-0.0035150819458067417;0.5343577265739441;0.7763788104057312;-0.2235463559627533;0.49736493825912476;0.777853786945343;-0.17692513763904572;0.522674560546875;0.5063604354858399;-0.19304246306419373;0.5623001009225845;0.7310894429683685;-0.11384313739836216;0.4827994182705879;0.7140298932790756;-0.11680539511144161;0.5286970535914103;0.9355368812878927;-0.2441861480474472;0.49742958943049115;0.9343149662017822;-0.1906003604332606;sentandose;frontal
3.37;0.5179915428161621;0.5225929021835327;-0.19121354818344116;0.5495474338531494;0.566593587398529;-0.06172992289066315;0.49228835105895996;0.5670708417892456;-0.06624207645654678;0.5565983653068542;0.6494666934013367;-0.035639796406030655;0.4832013249397278;0.6426753401756287;-0.041698504239320755;0.5362879633903503;0.6979228854179382;0.0036004194989800453;0.502704381942749;0.6955863833427429;-0.0035145115107297897;0.5343629121780396;0.7763283848762512;-0.2236490249633789;0.4973001182079315;0.7778542041778564;-0.17685970664024353;0.5226477384567261;0.506531584262848;-0.19371041357517244;0.5622944831848145;0.73109070956707;-0.11452885158360004;0.4827999100089073;0.7133584022521973;-0.11719024367630482;0.5286351243654887;0.9355512857437134;-0.24374214311440787;0.49734577536582947;0.9342372218767802;-0.1899319291114807;sentandose;frontal
3.4;0.5179818868637085;0.5226903557777405;-0.19040599465370178;0.5495461225509644;0.5667048692703247;-0.061147768050432205;0.49226611852645874;0.567069411277771;-0.0656820684671402;0.5566073060035706;0.6494731903076172;-0.035604286938905716;0.4832628071308136;0.6425243020057678;-0.04158513993024826;0.5362724661827087;0.6976800560951233;0.0035883605014532804;0.5026689171791077;0.6953174471855164;-0.0035030951257795095;0.5343672633171082;0.7761569619178772;-0.22377771139144897;0.49720752239227295;0.777858316898346;-0.1761275976896286;0.5226088643074036;0.5066670298576355;-0.19284922480583191;0.562278151512146;0.7310800552368164;-0.11431673914194107;0.482801616191864;0.7128431499004364;-0.11680190451443195;0.528609573841095;0.9350247979164124;-0.2389869193236033;0.4972702960173289;0.9342381755510966;-0.1867245485385259;sentandose;frontal
3.43;0.5179711580276489;0.5228426456451416;-0.1900452822446823;0.5495474338531494;0.5668753981590271;-0.06076367571949959;0.4922475218772888;0.5670449733734131;-0.06522997468709946;0.5566148161888123;0.6495047211647034;-0.03382762148976326;0.4833550751209259;0.6423224210739136;-0.03980787843465805;0.5362458229064941;0.6975648403167725;0.0035766861401498318;0.5026232600212097;0.6952195763587952;-0.003492015413939953;0.5343700051307678;0.7759975790977478;-0.22600148618221283;0.4970286786556244;0.7779070734977722;-0.17620918154716492;0.5225452840328216;0.5068307995796204;-0.1923469126224518;0.5622656941413879;0.7310493290424347;-0.11316047981381416;0.4828035831451416;0.7123845964670181;-0.11658570729196072;0.5285705129305521;0.9343375762303671;-0.23883970578511557;0.4972030123074849;0.9342211882273356;-0.18649435540040335;sentandose;frontal
3.47;0.5179564356803894;0.5229197144508362;-0.18692846596240997;0.5495490431785583;0.566961944103241;-0.05870313569903374;0.49224382638931274;0.566999077796936;-0.06185504049062729;0.5566174983978271;0.6494995951652527;-0.031004110351204872;0.48340603709220886;0.6418788433074951;-0.035968780517578125;0.5362246632575989;0.6974812746047974;0.0035390446428209543;0.5025765895843506;0.6951323747634888;-0.003455056808888912;0.5343726873397827;0.7758546471595764;-0.228631392121315;0.4968758225440979;0.7779383063316345;-0.1762983202934265;0.5224906384944916;0.5069151043891906;-0.1894876703619957;0.5622600317001343;0.7310076951980591;-0.11070684902369976;0.4827948734164238;0.711818665266037;-0.11336905509233475;0.5285417834917704;0.9339162309964498;-0.24057651062806448;0.497184952100118;0.934190571308136;-0.18813811242580414;sentandose;frontal
3.5;0.5179531574249268;0.5229991674423218;-0.1857386827468872;0.5495505332946777;0.5669967532157898;-0.0570799857378006;0.492228239774704;0.5669994354248047;-0.06049685925245285;0.5566245317459106;0.6494748592376709;-0.029607253149151802;0.4834946393966675;0.6417238712310791;-0.035398297011852264;0.5362036228179932;0.6973487138748169;0.00352226453833282;0.5025136470794678;0.6949819326400757;-0.0034382380545139313;0.5343748331069946;0.7754928469657898;-0.23052674531936646;0.4968108832836151;0.7779121994972229;-0.1787349432706833;0.5224074721336365;0.5069729268550873;-0.18838996514678003;0.5622518360614777;0.7309334725141525;-0.11018579825758934;0.48276950418949127;0.7115884125232697;-0.1133885569870472;0.5285136500994364;0.9338367382685343;-0.24144664903481802;0.4971814254919688;0.9342239499092102;-0.18888888756434122;sentandose;frontal
3.53;0.5178495645523071;0.5230014324188232;-0.17805452644824982;0.5495498776435852;0.5670017004013062;-0.05035162344574928;0.49215805530548096;0.5670091509819031;-0.0550636351108551;0.5566278696060181;0.6494287252426147;-0.02499435842037201;0.48349305987358093;0.6417251825332642;-0.032652176916599274;0.5361791849136353;0.6973575949668884;0.0034782590810209513;0.5024555325508118;0.6949823498725891;-0.0033943247981369495;0.5343771576881409;0.7749690413475037;-0.23426967859268188;0.49672263860702515;0.7771674394607544;-0.18389500677585602;0.5222185254096985;0.5069502890110016;-0.18046222627162933;0.5622389912605286;0.7308149635791779;-0.10702492669224739;0.48269926756620407;0.7116249948740005;-0.11273758485913277;0.5284726421038309;0.9337131381034851;-0.2447374165058136;0.49717965722084045;0.9342536926269531;-0.19491784274578094;sentandose;frontal
3.57;0.5177115201950073;0.5229982137680054;-0.16946916282176971;0.5495460629463196;0.5670045018196106;-0.044044431298971176;0.4921189844608307;0.5670074820518494;-0.04890736937522888;0.5566297173500061;0.6493948101997375;-0.019388461485505104;0.4834837019443512;0.641708493232727;-0.027825800701975822;0.5361465215682983;0.6973683834075928;0.0034164569806307554;0.5024081468582153;0.6949893832206726;-0.0033326579723507166;0.5343798398971558;0.7745930552482605;-0.23539841175079346;0.4966273009777069;0.7765661478042603;-0.18548838794231415;0.5220254004001618;0.5069148480892182;-0.1719022199511528;0.5622235983610153;0.7306989431381226;-0.10137195512652397;0.48265551775693893;0.7116409093141556;-0.10919971019029617;0.5284446477890015;0.933564563592275;-0.2457710603872935;0.4971803327401479;0.9342896938323975;-0.19700182477633157;sentandose;frontal
3.6;0.5176073908805847;0.5229995250701904;-0.16433151066303253;0.5495400428771973;0.5670073628425598;-0.0402984619140625;0.4920797646045685;0.566991925239563;-0.045247405767440796;0.5566269755363464;0.6493479609489441;-0.01523657701909542;0.4834354817867279;0.6416828036308289;-0.024466848000884056;0.5360992550849915;0.6973809003829956;0.0033318630885332823;0.502345085144043;0.6950088143348694;-0.00324829644523561;0.5343855619430542;0.7742554545402527;-0.23515070974826813;0.49642014503479004;0.7762105464935303;-0.18670058250427246;0.521891051530838;0.5068968832492828;-0.16676808819174765;0.5622051507234573;0.7303594350814819;-0.09630152210593224;0.48257455229759216;0.7115299105644226;-0.10560837388038635;0.5284368793169657;0.9332894484202067;-0.2446396549542745;0.4971768260002136;0.934307336807251;-0.1972802331050237;sentandose;frontal
3.63;0.5175381302833557;0.5230007171630859;-0.16177673637866974;0.5495356321334839;0.5670093297958374;-0.037833161652088165;0.49206098914146423;0.566964328289032;-0.042652253061532974;0.5566222667694092;0.6492801308631897;-0.01334241684526205;0.4834018349647522;0.6416532397270203;-0.022551149129867554;0.5360628366470337;0.6974107027053833;0.0032564399298280478;0.5022907853126526;0.6950343251228333;-0.003171987133100629;0.5343888998031616;0.7739519476890564;-0.23672115802764893;0.4962688982486725;0.7757896184921265;-0.18834076821804047;0.5218115389347077;0.5068833827972412;-0.1641899436712265;0.5621880441904068;0.7300268560647964;-0.094724265858531;0.4825281947851181;0.7114451080560684;-0.10448449850082397;0.5284156799316406;0.9331432580947876;-0.24546344578266144;0.4971642295519511;0.9343405564626058;-0.1990163971980413;sentandose;frontal
3.67;0.5174946784973145;0.5230042934417725;-0.16275103390216827;0.5495332479476929;0.5670055747032166;-0.0388253852725029;0.49201756715774536;0.5668947100639343;-0.04353984072804451;0.5566171407699585;0.6492455005645752;-0.01348185446113348;0.4833782911300659;0.6416217684745789;-0.022653138265013695;0.5359554290771484;0.6973893642425537;0.0031941102351993322;0.5021997094154358;0.6950352191925049;-0.003110054414719343;0.5343923568725586;0.7738949656486511;-0.23583033680915833;0.4961847960948944;0.7756499648094177;-0.18747743964195251;0.5217447519302368;0.5068699419498444;-0.16525572240352632;0.5621624290943146;0.7297569364309311;-0.09440416470170021;0.4824807271361351;0.7113995850086212;-0.1038908064365387;0.5283629496892294;0.9329403440157572;-0.24254227677981058;0.4971468349297841;0.9343942999839783;-0.19841218491395315;sentandose;frontal
3.7;0.5174739956855774;0.5230051279067993;-0.16330687701702118;0.5495219230651855;0.5669968724250793;-0.03902784734964371;0.49196988344192505;0.5668852925300598;-0.044051963835954666;0.5565831065177917;0.649132490158081;-0.013906986452639103;0.48333242535591125;0.6416178345680237;-0.02332593873143196;0.5358707308769226;0.6973846554756165;0.003159678541123867;0.5021467208862305;0.6950379610061646;-0.00307629001326859;0.5343946218490601;0.773882269859314;-0.23572607338428497;0.4960949122905731;0.7755706906318665;-0.18775828182697296;0.5217087149620057;0.5068547666072846;-0.1656497187912464;0.5621448010206223;0.7295225709676743;-0.09510962292551994;0.4824439510703087;0.7114070802927017;-0.1042817234992981;0.5283349951108297;0.9328605532646179;-0.24189293881257376;0.49713607629140216;0.9344499707221985;-0.19819807012875876;sentandose;frontal
3.73;0.517443060874939;0.5230042934417725;-0.16285395622253418;0.5495110750198364;0.56695157289505;-0.038069747388362885;0.4919126629829407;0.5668032765388489;-0.04318835213780403;0.5565746426582336;0.6489706039428711;-0.013100373558700085;0.483319491147995;0.6415443420410156;-0.023444944992661476;0.5358480215072632;0.6973914504051208;0.003122301772236824;0.5021082162857056;0.6950616836547852;-0.003038827795535326;0.5343965888023376;0.7738322615623474;-0.23595628142356873;0.49598848819732666;0.7755433320999146;-0.188400536775589;0.5216662049293518;0.5068081140518188;-0.16523524448275567;0.562115877866745;0.7293475270271301;-0.09498580545186996;0.482431560754776;0.7112676948308945;-0.10472764261066914;0.5282719532648722;0.9329238732655843;-0.2422152062257131;0.49713531136512756;0.9344962437947592;-0.19808011253674826;sentandose;frontal
3.77;0.517397940158844;0.5230181217193604;-0.16405805945396423;0.5494938492774963;0.5669427514076233;-0.039021462202072144;0.491820365190506;0.5667919516563416;-0.0443006195127964;0.5565508008003235;0.6489402651786804;-0.013914004899561405;0.48331329226493835;0.6415616869926453;-0.024260109290480614;0.5358045101165771;0.6973526477813721;0.0031096357852220535;0.5020545721054077;0.6950419545173645;-0.003026543417945504;0.534400999546051;0.7738281488418579;-0.2357388585805893;0.4959443211555481;0.7753099799156189;-0.18863150477409363;0.5216113746166229;0.5067964851856231;-0.16645562052726745;0.5620904862880707;0.7291962653398514;-0.09576288238167763;0.4824042245745659;0.7112459093332291;-0.10615995898842812;0.5282328526178995;0.9329632123311361;-0.2403078724940618;0.49712327122688293;0.9345135688781738;-0.1978440284729004;sentandose;frontal
3.8;0.5173450112342834;0.5230209231376648;-0.16511619091033936;0.5494791269302368;0.5669504404067993;-0.03987312316894531;0.4917515218257904;0.5667645335197449;-0.044992659240961075;0.5565350651741028;0.6489385366439819;-0.014410511590540409;0.4833103120326996;0.6415393352508545;-0.024671390652656555;0.5357784628868103;0.6972075700759888;0.0030773142352700233;0.502018392086029;0.6949625015258789;-0.0029954444617033005;0.5344241857528687;0.7738191485404968;-0.2355184257030487;0.4958488941192627;0.7752389907836914;-0.18874160945415497;0.5215774774551392;0.5067869603633881;-0.1675282672047615;0.5620559900999069;0.7291439175605774;-0.09589842148125172;0.4823806956410408;0.7111954092979431;-0.10633946396410465;0.5281663537025452;0.9329353968302408;-0.23841379582881927;0.49710944294929504;0.9345535437266032;-0.19709024826685587;sentandose;frontal
3.83;0.517270565032959;0.5230221748352051;-0.16555945575237274;0.5494581460952759;0.5669614672660828;-0.04035205766558647;0.4916955530643463;0.5667557120323181;-0.0453321672976017;0.5565345883369446;0.6489353775978088;-0.014600910246372223;0.4833075702190399;0.641511857509613;-0.024615567177534103;0.5357380509376526;0.697119951248169;0.003063354641199112;0.5019795298576355;0.6949262619018555;-0.0029822050128132105;0.5344449877738953;0.7738031148910522;-0.23537355661392212;0.4957878887653351;0.7751937508583069;-0.18849755823612213;0.5215459287166595;0.5067805588245392;-0.1679855242371559;0.5620336979627609;0.729090616106987;-0.09572013281285763;0.4823695495724678;0.7111759781837463;-0.10620441846549511;0.5281410813331604;0.932900607585907;-0.23702610035737356;0.49710556864738464;0.9345593253771464;-0.19559298952420553;sentandose;frontal
3.87;0.5171685218811035;0.5230090022087097;-0.1649189293384552;0.549446165561676;0.5669714212417603;-0.04033125191926956;0.49165675044059753;0.566737949848175;-0.04516931623220444;0.5565431118011475;0.648926854133606;-0.014391406439244747;0.48330196738243103;0.64149409532547;-0.024256106466054916;0.5357102155685425;0.6970698833465576;0.0030484090093523264;0.5019336342811584;0.6949172616004944;-0.0029679792933166027;0.534458577632904;0.7738023400306702;-0.23526085913181305;0.49574020504951477;0.775164008140564;-0.1883196085691452;0.5214977920055389;0.5067465901374817;-0.1673929937183857;0.5619919151067734;0.7289500832557678;-0.09556048735976219;0.48236288130283356;0.7111898362636566;-0.10587879829108715;0.5281209150950114;0.9328524669011434;-0.2352132946252823;0.4971039990584056;0.9345776240030924;-0.1936594694852829;sentandose;frontal
3.9;0.5170686841011047;0.5230292081832886;-0.16754870116710663;0.5494381785392761;0.567050039768219;-0.042915452271699905;0.49159446358680725;0.5667349100112915;-0.04737979173660278;0.5565618872642517;0.649050772190094;-0.01708756387233734;0.4832902252674103;0.6414920091629028;-0.0262200478464365;0.5356950759887695;0.6969049572944641;0.0030290731228888035;0.5019047856330872;0.6947728395462036;-0.0029495724011212587;0.5344634652137756;0.7738039493560791;-0.23499828577041626;0.4956798553466797;0.7751111388206482;-0.1882018744945526;0.5214409232139587;0.5067448377609253;-0.17026045694947242;0.5619547516107559;0.7288064062595367;-0.10035275854170322;0.4823042079806328;0.7112469971179962;-0.10871778428554535;0.5280909736951193;0.9329311847686768;-0.23385668297608694;0.4971134066581726;0.9346380233764648;-0.19312209884325662;sentandose;frontal
3.93;0.5169857144355774;0.5230591893196106;-0.17150160670280457;0.5494248867034912;0.5670509934425354;-0.04474496468901634;0.4915658235549927;0.5667319893836975;-0.04996202141046524;0.5565627217292786;0.6489792466163635;-0.017691031098365784;0.48328688740730286;0.64149010181427;-0.028727199882268906;0.5356917977333069;0.6968107223510742;0.002994698006659746;0.5019017457962036;0.6945867538452148;-0.0029160913545638323;0.534466564655304;0.7737850546836853;-0.23490092158317566;0.4956360161304474;0.7750742435455322;-0.18810760974884033;0.5213711857795715;0.5067434132099151;-0.17414719238877296;0.5619996339082718;0.7287653535604477;-0.10049985535442829;0.4822358340024948;0.7112473398447037;-0.11157119460403919;0.528078556060791;0.9329971472422282;-0.2336673140525818;0.49711830417315167;0.9346576929092407;-0.19283442695935568;sentandose;frontal
3.97;0.5168876647949219;0.5230920910835266;-0.1712244302034378;0.5494190454483032;0.5670269727706909;-0.044670213013887405;0.4915437400341034;0.5667251944541931;-0.04981999471783638;0.5565159320831299;0.6487417221069336;-0.016997840255498886;0.48328396677970886;0.6414623856544495;-0.028686054050922394;0.5356862545013428;0.6967490315437317;0.0029548886232078075;0.5018961429595947;0.6944385170936584;-0.0028760097920894623;0.534467875957489;0.7737831473350525;-0.23434576392173767;0.49556964635849;0.7750552296638489;-0.18747961521148682;0.5212898671627044;0.5067441523075104;-0.1738789461553097;0.5620760321617126;0.728535532951355;-0.09969021193683147;0.4821658954024315;0.7112395316362381;-0.11143511720001698;0.5280574560165405;0.9330619970957438;-0.23453722894191742;0.49711788694063824;0.9346745411554972;-0.19292709728082022;sentandose;frontal
4.0;0.5167797207832336;0.5230972170829773;-0.16797274351119995;0.5494147539138794;0.5670004487037659;-0.04163510724902153;0.49153104424476624;0.5667150020599365;-0.04764649644494057;0.55644690990448;0.6481221914291382;-0.014152328483760357;0.4832790791988373;0.6413640379905701;-0.02667168341577053;0.5356772541999817;0.6967365145683289;0.002951576840132475;0.5018892288208008;0.6943656802177429;-0.0028730425983667374;0.5344698429107666;0.7736814618110657;-0.23335696756839752;0.49554237723350525;0.7750532031059265;-0.18689249455928802;0.52121302485466;0.5067409634590149;-0.17073585093021393;0.5621834844350815;0.7271984219551086;-0.0981091558933258;0.48212113976478577;0.7111714035272598;-0.11006491631269455;0.5280301968256632;0.9331098198890686;-0.2352205067873001;0.49711255232493085;0.9346826871236166;-0.19455323616663614;sentandose;frontal
4.03;0.5166870355606079;0.5226722955703735;-0.1599876880645752;0.549326479434967;0.5668119788169861;-0.03447349742054939;0.4914587438106537;0.5667020082473755;-0.04221354052424431;0.5564467310905457;0.6476500034332275;-0.006514760199934244;0.48325905203819275;0.64137202501297;-0.023105667904019356;0.5356746315956116;0.6965745687484741;0.002903664717450738;0.5018800497055054;0.6942456364631653;-0.0028238040395081043;0.5344778299331665;0.7731763124465942;-0.23335863649845123;0.4955270290374756;0.7749959230422974;-0.1857915222644806;0.521190744638443;0.5065301954746246;-0.1619771271944046;0.562204509973526;0.7259442359209061;-0.0881214328110218;0.4820569232106209;0.7111372202634811;-0.10583483427762985;0.5280213753382365;0.9327079057693481;-0.23669210573037466;0.4970864951610565;0.9345729947090149;-0.19455760220686594;sentandose;frontal
4.07;0.5165804624557495;0.5222747325897217;-0.16088227927684784;0.5492708683013916;0.5666149854660034;-0.03565993160009384;0.4913915991783142;0.5666705369949341;-0.042355120182037354;0.556466281414032;0.646891176700592;-0.008479699492454529;0.48321813344955444;0.6413535475730896;-0.022545337677001953;0.5356714725494385;0.6964980363845825;0.002846513641998172;0.5018760561943054;0.6941941976547241;-0.002767064142972231;0.5344968438148499;0.7730981707572937;-0.23330220580101013;0.49551859498023987;0.7750013470649719;-0.18579940497875214;0.5211631476879119;0.5062934219837188;-0.16287383660674096;0.5621704757213593;0.7244440019130707;-0.09036985784769058;0.48198430240154266;0.7111600935459137;-0.10456692427396774;0.5280297795931498;0.9325014154116312;-0.2367903341849645;0.4970731933911641;0.9345580140749613;-0.19470407565434775;sentandose;frontal
